Date,Close,High,Low,Open,Volume,MA5,MA20,MA60,RSI,MACD,MACD_signal,MACD_hist,BB_upper,BB_mid,BB_lower,Volume_MA20,Volume_ratio,ATR,pct_change,usdtwd_pct,twii_pct,murata_pct,tdk_pct
2023-12-13,125.51861572265625,127.88689149100826,125.04496056898586,126.93958118366746,3878423,125.89753570556641,121.89514541625977,109.24539604187012,57.81000153992178,4.504653899257775,5.036229002988984,-0.5315751037312086,138.0309890291535,121.89514541625977,105.75930180336606,9048550.25,0.42862369029779107,5.005095457248678,0.3787944423306655,0.46316889472772793,0.10486055359522073,-0.32981212659791703,-1.3329450981172108
2023-12-14,126.93956756591797,131.2024634916391,126.46591246306006,128.36053287449167,8565516,126.08699645996094,122.70035858154297,109.65589701334635,59.664702210619566,4.310696381418921,4.891122478674972,-0.5804260972560504,138.10298738533965,122.70035858154297,107.29772977774631,9377742.95,0.9133877997796901,5.0955957654799,1.1320646225110087,-1.0043531382914583,1.054327258708887,-2.211764988013021,-2.6118244078858655
2023-12-15,123.62398529052734,127.41322621897262,123.62398529052734,127.41322621897262,12688016,125.70807037353515,123.22137908935547,110.04271545410157,53.729417153622954,3.8451197243183515,4.681921927803648,-0.8368022034852967,137.96215368789078,123.22137908935547,108.48060449082016,9885748.7,1.2834653585721838,4.921415120541951,-2.6119375849211757,0.08762037854230798,0.11759835156519571,0.5164760924605938,1.3409399783831377
2023-12-18,121.72936248779297,124.57129312953133,120.7820522738802,123.62398291561854,5303923,124.57129669189453,123.81344757080078,110.43742802937825,50.630002463953865,3.2853946585733667,4.402616473957592,-1.1172218153842257,137.18714991467405,123.81344757080078,110.4397452269275,9934370.95,0.533896210106791,4.770458551889842,-1.532568941441137,0.524301763827939,-0.1235713786054915,-0.07088020635188652,0.5475196571579577
2023-12-19,118.41378021240234,122.67667630004883,117.46646997070312,121.72936605834961,6381917,123.24506225585938,124.2160545349121,110.83845596313476,45.665481679462545,2.5449323354249316,4.03107964625106,-1.4861473108261283,136.30806191386895,124.2160545349121,112.12404715595524,10127267.65,0.6301716534567939,4.829091588883958,-2.7237325552601277,0.08677068074613992,-0.42759115315066376,0.2836945980871697,0.665562738576031
2023-12-20,117.94012451171875,119.83474498580259,116.99281427467683,119.36108986728162,4054892,121.72936401367187,124.42919960021973,111.17001457214356,44.986836941401435,1.89801145842587,3.604466008686022,-1.706454550260152,135.87187841007218,124.42919960021973,112.98652079036728,10063329.8,0.40293740546990714,4.564136805182864,-0.40000048966766233,-0.33465989557395215,0.33367432683415466,0.1767973106314713,2.253936700068282
2023-12-21,116.99281311035156,118.41377845177284,115.5718477689303,116.51915799654448,2292238,119.7400131225586,124.50024757385253,111.49367879231771,43.59152539310154,1.2939658565833412,3.1423659782654862,-1.848400121682145,135.7269739315606,124.50024757385253,113.27352121614447,9829243.2,0.2332059501793587,4.334509322204155,-0.8032138386228849,0.12791495872452874,-0.5186161111112364,-0.7059592939427706,-1.396030157610939
2023-12-22,115.57185363769531,117.94012932699235,115.0981984998359,117.94012932699235,2874454,118.12958679199218,124.40551681518555,111.81734313964844,41.511686394023215,0.6926118133713715,2.6524151452866636,-1.959803331915292,135.9106623335019,124.40551681518555,112.9003712968692,9040958.5,0.3179368647693715,4.135498856197794,-1.2145698824388096,-0.3736782960108931,0.30147861455658287,1.013151230289644,-0.044694441593606804
2023-12-25,117.46646881103516,118.4137790433822,116.51915857868809,116.51915857868809,1958708,117.27700805664062,124.59497909545898,112.16469027201335,45.26178174797737,0.36470986384642856,2.1948740889986165,-1.830164225152188,135.46343618787043,124.59497909545898,113.72652200304753,8867192.2,0.22089382476676214,3.963022396129674,1.6393396088283385,-0.36226354270691985,0.04665088698287967,0.8094200739831026,-0.7306045007081985
2023-12-26,116.0455093383789,118.8874401793188,115.09819905806562,117.9401298990055,3852165,116.80335388183593,124.3818344116211,112.48046035766602,43.03323099215825,-0.009702503131109097,1.7539587705726714,-1.7636612737037805,135.7595230443926,124.3818344116211,113.00414577884959,8589263.2,0.4484860820192354,3.939851559479475,-1.209672417191754,0.127733444468503,0.8343763777672208,1.0124157837348102,0.7509993074272581
2023-12-27,115.57185363769531,116.99281905127353,115.0981984998359,116.04550877555471,2649946,116.32969970703125,123.55293807983398,112.77254778544108,42.28583366371544,-0.3407194561950604,1.3350231252191251,-1.6757425814141855,134.96326986349894,123.55293807983398,112.14260629616903,7147905.45,0.37073042145514107,3.6671540917405623,-0.4081637483295042,-0.5678033131921834,0.7873572184754041,1.831688899843087,1.0584315830352242
2023-12-28,116.51915740966797,117.94012274393222,115.57184718682515,116.51915740966797,3306327,116.23496856689454,122.91350440979004,113.12778905232747,44.366928195663036,-0.5206119879687776,0.9638961025815447,-1.4845080905503223,134.3990304135504,122.91350440979004,111.42797840602965,6315823.75,0.5234989339276607,3.4939702871227634,0.8196665036993789,-0.31445393355279405,0.1054642742363665,2.1890338704401158,-1.062095775736449
2023-12-29,116.51915740966797,116.51915740966797,114.62453696398232,116.51915740966797,2142501,116.42442932128907,122.10829010009766,113.5019765218099,44.366928195663036,-0.6556205300938416,0.6399927760464674,-1.295613306140309,132.9685950656807,122.10829010009766,111.24798513451464,5550107.85,0.3860287147393001,3.2807236415978145,0.0,-0.4788328985291246,0.11413168589380351,-0.5978198733492479,0.1490797197870597
2024-01-02,114.62454223632812,118.88743843519984,114.62454223632812,118.41378330199187,2979204,115.85604400634766,121.18466262817383,113.83353525797526,40.94252338600461,-0.9050623871238344,0.33098174341240705,-1.2360441305362415,131.22076096466122,121.18466262817383,111.14856429168643,5277014.7,0.5645623841070596,3.411679982567668,-1.6260117352879577,-0.044000291677548375,-0.4297116466016604,-0.5978198733492479,0.1490797197870597
2024-01-03,111.78260040283203,114.6245309215481,111.30894531637936,114.6245309215481,3662465,115.00346221923829,120.30840110778809,114.11930707295735,36.40363646170042,-1.3168875508635693,0.001407884557211747,-1.3182954354207812,130.418237478698,120.30840110778809,110.19856473687817,4820534.9,0.7597631955740015,3.398868907551814,-2.4793484694025647,0.6860424901047546,-1.649228076412912,-0.5978198733492479,0.1490797197870597
2024-01-04,109.88799285888672,112.7299237086855,109.41433771725357,111.78261342541924,2586780,113.86669006347657,119.45582237243653,114.34034627278646,33.719843161667825,-1.7756721122750747,-0.3540081148092456,-1.4216639974658292,130.07424220581638,119.45582237243653,108.83740253905668,4615619.15,0.5604405207479044,3.3877645187358296,-1.6949038017703089,0.5275459898703483,-0.055014439343803456,-2.8399482831121037,-2.3969043641204
2024-01-05,109.88799285888672,110.83530314215298,109.41433771725357,110.83530314215298,1814301,112.54045715332032,118.65060882568359,114.46665433247884,33.719843161667825,-2.1148831263464984,-0.7061831171166961,-1.4087000092298023,129.61867161943204,118.65060882568359,107.68254603193513,4511938.1,0.402111234637727,3.12552463955764,0.0,0.03898027981255048,-0.17384828156632448,-0.017191588772247357,-1.0372076397662577
2024-01-08,107.99337005615234,111.30895597892895,107.99337005615234,110.36164571527848,2543688,110.83529968261719,117.7743465423584,114.56138534545899,31.06381908072808,-2.5076835105083575,-1.0664831957950285,-1.441200314713329,129.22187364416666,117.7743465423584,106.32681944055015,4343328.75,0.5856540332112783,3.1508661439868355,-1.7241399660173684,-0.3284639253521182,0.3054917612432817,-0.017191588772247357,-1.0372076397662577
2024-01-09,107.04605102539062,109.41432649055413,106.57239593235792,109.41432649055413,1609542,109.3196014404297,116.75598754882813,114.63243344624837,29.79989948578401,-2.8624251186673604,-1.425671580369495,-1.4367535382978653,128.21681370504183,116.75598754882813,105.29516139261442,3952496.85,0.4072215769128317,3.1096747325480854,-0.8772011006501157,-0.7463136321570363,-0.21152131518220596,-0.6534987320127694,-0.32367415238965247
2024-01-10,105.6250991821289,107.51971979526127,105.15144402884582,107.51971979526127,1701953,108.08810119628906,115.78499488830566,114.70348192850749,27.962083963282055,-3.2210886325715933,-1.7847549908099147,-1.4363336417616785,127.57480538260205,115.78499488830566,103.99518439400927,3842347.95,0.4429460897730514,3.0108215370637343,-1.3274210768640882,1.1070581272880409,-0.3983884913753566,2.5272726674406165,4.499769164126133
2024-01-11,106.57240295410156,107.04605807834201,104.67778245713976,106.57240295410156,1981113,107.42498321533203,114.83768424987792,114.81400146484376,31.016491516660423,-3.3898168553013193,-2.1057673637081957,-1.2840494915931235,126.37644069359213,114.83768424987792,103.29892780616372,3747482.45,0.528651708562371,2.9251487482822043,0.896854799955471,0.18254264271539977,0.45626438441657147,0.8779258447818794,1.3317522618890187
2024-01-12,104.20413208007812,106.5724078091708,103.25682178844104,106.5724078091708,3129654,106.28821105957032,113.70091247558594,114.87715568542481,27.83859370713813,-3.6723028333700682,-2.4190744576405705,-1.2532283757294977,124.68607593302116,113.70091247558594,102.71574901815072,3475689.35,0.90044123189548,2.977207051275211,-2.222217767805612,-0.7192046382251016,-0.18517891834584077,-0.3012483334686289,3.212623831000694
2024-01-15,108.4670181274414,108.9406732284346,103.73046711750946,104.67777731949586,4466400,106.38294067382813,112.94306411743165,115.0034636179606,39.795831197764684,-3.5117148655901786,-2.6376025392304925,-0.8741123263596862,123.1063646605258,112.94306411743165,102.7797635743375,3064608.55,1.4574128888337143,3.2749402592285355,4.090899240048729,0.587818268824547,0.19408761589856383,0.8897083227818126,-0.18393208362291746
2024-01-16,105.15143585205078,107.0460563178535,105.15143585205078,106.57240120140283,2497617,106.00401763916015,112.11416778564453,115.07451184590657,34.945632394126406,-3.610369432852579,-2.8321559179549096,-0.7782135148976694,121.9593832366012,112.11416778564453,102.26895233468785,2924293.25,0.8540925230395413,3.280359194716814,-3.0567653952605522,0.38422436149399,-1.1395293752028635,-1.0981644624668219,1.091417405518924
2024-01-17,101.36219024658203,109.88798194956556,100.88853515197184,106.57239628729418,10782083,105.15143585205078,111.26158828735352,115.05082893371582,30.387430398586957,-3.948795088746806,-3.055483752113289,-0.8933113366335168,121.7425619043904,111.26158828735352,100.78061467031664,3144301.55,3.429086818978924,4.042904208433735,-3.60360804849138,0.8430854010390787,-1.066936498019444,-2.6581497121823894,-1.0095271700461428
2024-01-18,101.36219024658203,102.78315553041261,100.41488005736163,101.83584534119223,3266050,104.10939331054688,110.43269157409668,115.04293454488119,30.387430398586957,-4.168942880814967,-3.278175577853625,-0.8907673029613421,121.30462722763164,110.43269157409668,99.56075592056172,3104859.45,1.0519155706065857,3.8196203770493686,0.0,0.2686100789593082,0.3845752896719512,0.19011464244167442,2.2804539524310607
2024-01-19,101.83585357666016,102.78316384248956,99.94123304500137,101.83585357666016,4255337,103.63573760986328,109.6748435974121,115.10608863830566,31.67936033501681,-4.2561289151548465,-3.4737662453138696,-0.7823626698409769,120.73286222575604,109.6748435974121,98.61682496906818,3203014.4,1.3285413265703707,3.6892617664412115,0.46729784441896793,0.12079320549103212,2.6337127016353046,2.553049148908282,1.7449177115524739
2024-01-22,102.30950927734375,103.25681954843027,101.36219900625724,102.783164412887,2316671,102.40423583984375,109.01172637939453,115.18503112792969,33.01807073398993,-4.238149667758023,-3.6266429298027,-0.611506737955323,120.17093658784053,109.01172637939453,97.85251617094853,3175125.25,0.7296313743843649,3.449976269872121,0.4651168366031744,-0.6231681074182815,0.7554784976987472,2.6408754565575343,1.7558031763021953
2024-01-23,104.20413208007812,104.67778722589665,102.7831666426225,102.7831666426225,1893471,102.21477508544922,108.34860954284667,115.27186800638835,38.23175414237664,-4.024627359547978,-3.706239815751756,-0.3183875437962218,118.95490046500103,108.34860954284667,97.74231862069232,3171863.4,0.5969585575469613,3.305749827029558,1.8518540613838397,-0.05034596135321534,0.3339315281947419,1.9993396833865251,-0.240766591428343
2024-01-24,103.2568130493164,105.15143347223965,103.2568130493164,104.20412326077803,1857271,102.5936996459961,107.70917472839355,115.34291623433431,36.69381871948466,-3.8870427118709756,-3.7424003949756,-0.14464231689537543,117.89533945549063,107.70917472839355,97.52301000129647,3072118.7,0.6045570439709897,3.117599239815383,-0.909099295634197,0.0860763428329081,0.006938533336109387,-0.6748054763399569,-0.8447296668785964
2024-01-25,102.78316497802734,104.67778553061771,102.30950983987975,104.20413039247012,1279471,102.87789459228516,107.06974029541016,115.30344505310059,35.915881412969114,-3.772735580923495,-3.748467432165179,-0.024268148758316066,116.77179212206948,107.06974029541016,97.36768846875083,3003594.95,0.4259798745499955,3.017689433271727,-0.45870878376116364,-0.328079755907984,0.709276503221834,-0.970559571110674,-0.392160575404088
2024-01-26,102.30950927734375,103.73047468397353,101.36219900625724,102.30950927734375,1481000,102.97262573242188,106.35925788879395,115.13766568501791,35.114156088731235,-3.6779690746126477,-3.734367760654673,0.05639868604202514,115.18969813970153,106.35925788879395,97.52881763788636,2912328.6,0.5085277808280289,2.931100932531001,-0.46083004039119135,0.07350350663963834,-0.04215966405062277,-2.515516935478046,-1.561226605837529
2024-01-29,104.67778015136719,105.15143526517429,101.36219435471754,102.30950458233173,1851762,103.44627990722657,105.7671890258789,114.9560977935791,42.07638101493524,-3.372885741260532,-3.662071356775845,0.28918561551531274,113.20793183976754,105.7671890258789,98.32644621199027,2897791.65,0.6390252384087034,3.045519596254433,2.3148101195593185,-0.13380371723147322,0.6924221152651233,1.3404795269971403,0.6481862573032515
2024-01-30,102.30950927734375,104.67778495506005,101.8358541418005,104.67778495506005,1865829,103.06735534667969,105.15143737792968,114.71137606302896,37.71794388488563,-3.284344786376735,-3.5865260426960233,0.30218125631928805,111.45769068574873,105.15143737792968,98.84518407011063,2842122.9,0.656491314995562,3.0183744251884486,-2.2624389537099887,-0.2817131452696353,-0.46910447933337096,0.26455646756926576,0.17813539353872532
2024-01-31,102.30950927734375,102.783164412887,101.36219900625724,102.30950927734375,1327862,102.87789459228516,104.67778282165527,114.45086580912272,37.71794388488563,-3.1775466617654757,-3.5047301665099138,0.327183504744438,110.26949107601257,104.67778282165527,99.08607456729797,2725392.75,0.4872185852846347,2.8053865560472904,0.0,-0.0830523890604784,-0.804398568682585,-0.5606853591159533,1.791827881728758
2024-02-01,102.30950927734375,102.783164412887,101.36219900625724,102.783164412887,854282,102.78316345214844,104.29885864257812,114.20614407857259,37.71794388488563,-3.0576615594430763,-3.4153164450965465,0.35765488565347026,109.41045466457831,104.29885864257812,99.18726262057794,2638767.85,0.3237427650181504,2.6207970694582867,0.0,0.2756859522162314,0.43907634242430493,-0.5140938259149852,5.482385246594235
2024-02-02,103.2568130493164,103.73046815504722,102.3095028378548,103.2568130493164,1104205,102.97262420654297,103.96729965209961,113.96931648254395,40.78241170817044,-2.8533209469312055,-3.3029173454634786,0.44959639853227307,108.36248305489028,103.96729965209961,99.57211624930895,2603263.05,0.4241618994284884,2.460819502489505,0.9259195735214387,-0.035210710893140984,0.5110182189104195,2.2170231805390683,-0.7770643035669988
2024-02-05,102.30950927734375,103.73047468397353,101.8358541418005,103.73047468397353,2030520,102.49897003173828,103.68310661315918,113.75617179870605,38.730180316364844,-2.7362769394860464,-3.189589264267992,0.4533123247819457,107.7010267034125,103.68310661315918,99.66518652290587,2577604.65,0.7877546310292387,2.385326307780642,-0.9174249562788783,0.29391269736438463,0.2001149817599579,-0.4892283787484186,-1.450766321172181
2024-02-15,105.6250991821289,106.098754335412,102.78316826243037,104.20413372227964,4191506,103.1620880126953,103.6120590209961,113.59828694661458,48.49868266259407,-2.348901648490738,-3.0214517411125414,0.6725500926218033,107.42459992276868,103.6120590209961,99.79951811922352,2706702.85,1.548565259019844,2.5725154744856558,3.2407446074217416,-0.3927712441166409,3.0310448098840537,1.9932389623239288,-0.051093976089322535
2024-02-16,106.57240295410156,106.57240295410156,103.73047220865885,106.09874782986111,3150862,104.01466674804688,103.65942420959473,113.53513298034667,50.9070020303521,-1.943065986858528,-2.805774590261739,0.862708603403211,107.59869771719919,103.65942420959473,99.72015070199028,2779148.3,1.1337509408907758,2.608437510613263,0.896854799955471,-0.26288406984117385,-0.20016719009597894,0.7949668635454987,0.16613014289714734
2024-02-19,107.99337005615234,108.9406803198028,105.62509439702619,106.57240466067665,4061983,105.1514389038086,103.73047256469727,113.48776741027832,54.35501026458234,-1.489606870751075,-2.5425410463596063,1.0529341756085313,107.93339370315205,103.73047256469727,99.52755142624248,2883191.8,1.4088493869884064,2.7027239655683752,1.3333349560136654,0.2255126060222823,0.15343901570623597,-2.0374538412053056,-0.7527403769207353
2024-02-20,106.57240295410156,107.99336832682292,106.09874782986111,107.99336832682292,2571721,105.81455688476562,103.84888610839843,113.41671905517578,50.53286372044617,-1.2307105586281892,-2.280174948813323,1.049464390185134,108.23734881996634,103.84888610839843,99.46042339683052,2855295.15,0.9006848206217841,2.59497706699809,-1.3157910539433382,0.21989185165642855,0.6297522514733034,-0.7883385598524084,0.2185349193192243
2024-02-21,107.04605102539062,108.46701630448872,106.09874083932522,106.57239593235792,3183189,106.761865234375,103.7778377532959,113.314093653361,51.7507719216959,-0.976062484370658,-2.0193524559247904,1.0432899715541324,107.88872538691841,103.7778377532959,99.66695011967339,2791134.6,1.1404641682275014,2.5647501867534785,0.44443782645404717,-0.07738215560203487,-0.40979551571411754,0.6255294398066491,-1.0646490456006519
2024-02-22,107.04605102539062,107.99336121145602,105.62508574629251,107.51970611842333,2418248,107.04605560302734,103.8725685119629,113.26672795613607,51.7507719216959,-0.7654286656860307,-1.7685676978770386,1.0031390321910079,108.1984296509252,103.8725685119629,99.54670737300059,2787166.15,0.8676368288987724,2.538553557208149,0.0,0.15456807377836057,0.9448801440578247,1.6465127441044558,2.230009331107774
2024-02-23,105.6250991821289,107.99337494854436,105.6250991821289,107.99337494854436,2452175,106.85659484863281,104.08571395874023,113.18778559366862,47.66745832688389,-0.7050316195615522,-1.5558604822139415,0.8508288626523892,108.30965199169037,104.08571395874023,99.86177592579008,2370670.75,1.0343802487123106,2.5158498517691226,-1.3274210768640882,0.08814408362198822,0.19312885212652287,1.6465127441044558,2.230009331107774
2024-02-26,105.6250991821289,105.6250991821289,102.78316826243037,104.67778887556273,3560599,106.38294067382813,104.29885940551758,113.05358352661133,47.66745832688389,-0.649677448158485,-1.3746238754028504,0.7249464272443653,108.37165374511513,104.29885940551758,100.22606506592003,2385398.2,1.4926644113339231,2.5593273274930453,0.0,0.4705245996972307,0.31161383748661287,0.03305331715770521,0.012680757293859202
2024-02-27,102.78316497802734,107.04606122135567,102.78316497802734,105.1514406687653,3319936,105.62509307861328,104.34622497558594,112.84043871561686,40.29300851819744,-0.82561206578346,-1.2648215134789722,0.4392094476955122,108.31922376796341,104.34622497558594,100.37322618320847,2338628.15,1.4196083289256567,2.7864698496044165,-2.690586069132328,-0.16865689324997435,-0.494196611994846,0.33045791479562325,-1.3187929611108484
2024-02-29,106.09874725341797,108.4670228617532,103.73047164508274,104.20412676674978,6221478,105.43563232421874,104.53568687438965,112.65097668965657,50.00980175022699,-0.6895529998939907,-1.149767810761976,0.4602148108679853,108.46084525394909,104.53568687438965,100.61052849483022,2533868.5,2.4553278909304095,3.172788254153941,3.2258028599327693,0.2277027285789046,0.5959315304422619,0.365198401407274,0.7505081668660152
2024-03-01,104.67778015136719,107.04605572040265,104.2041250375601,106.57240060659555,2856575,104.96197814941407,104.5593692779541,112.50098597208658,46.5159193799283,-0.6884493638206095,-1.0575041213737026,0.36905475755309314,108.48181935116442,104.5593692779541,100.63691920474379,2582023.7,1.1063318280153662,3.128673911312422,-1.3392873514866177,-0.10426928511686473,-0.16259934881998062,0.19848511901245924,2.209093032207732
2024-03-04,103.2568130493164,106.57239878943207,103.2568130493164,106.57239878943207,2917554,104.48832092285156,104.5593692779541,112.21679280598958,43.26104079103927,-0.7930926159059624,-1.0046218202801547,0.21152920437419231,108.48181935116442,104.5593692779541,100.63691920474379,2635037.85,1.1072152151438734,3.1535954884861876,-1.357467745299934,-0.17586998206308158,1.9506877426717306,-0.23110160438692962,1.7089791967814572
2024-03-05,102.30950927734375,104.67778495506005,102.30950927734375,103.73047468397353,1966562,103.82520294189453,104.53568649291992,111.71945495605469,41.19169633369857,-0.9416083693962349,-0.9920191301033708,0.050410760707135904,108.50868536189216,104.53568649291992,100.56268762394768,2669392.4,0.7367077241997093,3.0488861803835356,-0.9174249562788783,-0.1584294895698446,0.4227301850537213,-0.5625407360235979,1.2848946889294721
2024-03-06,101.36219024658203,102.78315553041261,100.41488005736163,101.36219024658203,2542323,103.54100799560547,104.48832054138184,111.25369427998861,39.17369238410297,-1.1228058953038271,-1.018176483143462,-0.10462941216036503,108.59345885751118,104.48832054138184,100.3831822252525,2722458.55,0.9338335013401766,2.958138086072529,-0.9259344878624121,0.09901968214427459,0.5804392720889506,-1.3311032580483495,-3.54963948973932
2024-03-07,98.9939193725586,102.30950518886438,98.52026425594349,101.83585007224927,3290912,102.12004241943359,104.20412750244141,110.69320220947266,34.608910249382575,-1.4408961531842408,-1.1027204171516178,-0.33817573603262296,108.9853407027348,104.20412750244141,99.42291430214802,2794416.05,1.177674312312943,3.068951798985644,-2.3364440609088932,-0.2425451004595569,0.9952604831186207,-3.726821197217245,-3.895281297833064
2024-03-08,97.09930419921875,100.88854533870045,96.62564905678353,98.9939247689596,3095395,100.6043472290039,103.94361724853516,110.09323908487956,31.451432509556383,-1.8248290909560296,-1.2471421519125003,-0.5776869390435293,109.63972159633695,103.94361724853516,98.24751290073337,2855894.35,1.083861873251719,3.2281443967098147,-1.9138702511712458,-0.09280926429229286,0.4661471561968833,1.2261369975154812,1.118557083975702
2024-03-11,98.520263671875,99.46757389948918,96.62564321664664,96.62564321664664,1514080,99.65703735351562,103.75415496826172,109.58011296590169,36.1559810564398,-1.9914825846570068,-1.3960102384614017,-0.5954723461956051,109.91243836822933,103.75415496826172,97.5958715682941,2865205.25,0.5284368371166429,3.1766492348608457,1.4634085016107523,0.05789736572445747,-0.2994150887593805,-1.4189404432656372,-3.0583020563422325
2024-03-12,99.94123077392578,100.41488589607708,98.52026540747185,98.99392052962317,1297585,99.18338165283203,103.63574104309082,109.13014068603516,40.549967215871746,-1.9860031019553617,-1.5140088111601937,-0.47199429079516797,109.9986617751046,103.63574104309082,97.27282031107704,2887370.4,0.4494002570643517,3.0057123001063437,1.4423094793811764,-0.28868258741585606,0.9554392072756546,-0.6143553836521654,1.087398128250383
2024-03-13,98.0466079711914,100.41488352605111,97.57295286021947,99.94122841507917,2057086,98.5202651977539,103.37523078918457,108.66437975565593,36.903063424121164,-2.110215547327954,-1.6332501583937458,-0.47696538893420803,110.21242968273137,103.37523078918457,96.53803189563777,2935014.45,0.7008776396313824,2.9838747488697166,-1.8957369126463397,0.11670135758301559,0.07009439745004897,0.5121888737534608,-1.3545767096754369
2024-03-14,101.83585357666016,102.78316384248956,97.09930224751318,98.99392277917197,4833288,99.08865203857422,103.35154800415039,108.26966705322266,47.14208595021092,-1.8812089471428521,-1.682841916143567,-0.1983670309992851,110.20754535948379,103.35154800415039,96.49555064881699,3075152.85,1.5717228494837256,3.3438729950172714,3.8647391112011986,0.02484507667166458,0.047219568149703406,-0.6501414518781501,0.39040975287500945
2024-03-15,100.88854217529297,102.30950755804358,100.41488704770943,100.88854217529297,2474760,99.84649963378907,103.11472015380859,107.8275889078776,45.168697929104155,-1.755918543720668,-1.6974572416589873,-0.05846130206168065,109.96727154784779,103.11472015380859,96.2621687597694,2989315.55,0.8278684396500062,3.1506393303928553,-0.9302336732063266,0.38016886083072077,-1.2810760745144978,0.371412935831561,-0.2816143110426883
2024-03-18,101.83585357666016,102.78316384248956,100.88854331083076,101.83585357666016,1361048,100.50961761474609,102.87789268493653,107.44077059427897,47.533894308053924,-1.5621770783238986,-1.6704012089919695,0.1082241306680709,109.55237074081181,102.87789268493653,96.20341462906124,2899824.85,0.4693552439899948,2.983170308633353,0.9389682722555692,0.24646821955720544,1.0026653594563673,2.3436077560430757,0.9682554301048363
2024-03-19,102.30950927734375,102.783164412887,101.36219900625724,101.8358541418005,1782190,100.98327331542968,102.5936996459961,107.05395215352377,48.7248625135098,-1.3547982438038133,-1.6072806159543382,0.25248237215052494,108.82005719498301,102.5936996459961,96.36734209700919,2785835.2,0.639732745138693,2.7748763216995407,0.4651168366031744,0.11802450064548609,-0.1139364284441946,0.2582644353931185,0.0
2024-03-20,101.36219024658203,105.1514310034636,101.36219024658203,103.25681062502281,3873335,101.64638977050781,102.33318901062012,106.62766253153482,46.45364209429979,-1.2524522620177407,-1.5363149451670188,0.2838626831492781,108.28872564950473,102.33318901062012,96.37765237173551,2850915.9,1.3586282920516877,2.9101249130571443,-0.9259344878624121,0.2825426998389391,-0.36636586659868353,0.2582644353931185,0.0
2024-03-21,103.2568130493164,103.73046815504722,101.36219262639317,102.3095028378548,2520881,101.93058166503906,102.1437271118164,106.28820966084798,51.33904586503954,-1.0068557021436533,-1.4304230965623457,0.4235673944186924,107.69538074680776,102.1437271118164,96.59207347682505,2817800.5,0.8946272101236408,2.837878645778217,1.8691612702185667,0.10021719335595591,2.0957905899499973,0.5151982968137903,0.0
2024-03-22,103.73046875,103.73046875,101.36219320776256,102.30950342465754,2057467,102.49896697998047,101.97794799804687,105.98822809855143,52.505685803262246,-0.7651781055821516,-1.297374098366307,0.5321959927841553,107.09416351705237,101.97794799804687,96.86173247904138,2799761.45,0.7348722513484139,2.7752648986394473,0.4587161725177147,0.3803263646266597,0.14525329595025394,-0.37587675020849254,0.4262277933242853
2024-03-25,103.73046875,106.09874429223744,103.25681364155251,104.67777896689498,4466133,102.87789001464844,101.88321647644042,105.74350624084472,52.505685803262246,-0.567109582856375,-1.1513211952643208,0.5842116124079457,106.78057402125005,101.88321647644042,96.9858589316308,2900459.35,1.5398019627477282,2.784153665578845,0.0,0.16309646746559547,-0.17885564059555437,-2.212318575848715,-1.5119455575683838
2024-03-26,103.2568130493164,105.15143347223965,101.83584773212398,104.20412326077803,3268441,103.06735076904297,101.76480216979981,105.49878438313802,51.085251594812995,-0.4432494049023319,-1.0097068371919231,0.5664574322895912,106.3880652981116,101.76480216979981,97.14153904148802,2885851.45,1.1325742355865198,2.8550112755170876,-0.45662157550366844,-0.6294041552667218,-0.3256683411952621,-0.05260590723428216,-0.1212066983028004
2024-03-27,103.2568130493164,103.73046815504722,102.78315794358559,103.73046815504722,1484172,103.44627532958984,101.78848457336426,105.26985104878743,51.085251594812995,-0.34115667966879926,-0.8759968056872984,0.5348401260184992,106.43848708180225,101.78848457336426,97.13848206492627,2794063.25,0.5311876887540037,2.6006511336430265,0.0,0.4767770651749492,0.36583082987935445,0.894897345104817,2.8448118295486324
2024-03-28,105.6250991821289,107.51971979526127,103.73047856899655,103.73047856899655,6807982,103.91993255615235,101.76480216979981,105.10407180786133,57.71823176574412,-0.06835856606011248,-0.7144691577618614,0.6461105917017489,106.32635813634475,101.76480216979981,97.20324620325486,2823388.45,2.4112806723424827,2.822285215283271,2.2935882513451133,0.29512331100887135,-0.2651883338017913,-0.4740222865892263,-2.351370886949089
2024-03-29,106.57240295410156,111.30895419650606,106.09874782986111,107.04605807834201,10910000,104.48831939697266,101.85953330993652,104.9225040435791,60.05172569893821,0.22171955679419852,-0.5272314148506494,0.7489509716448479,106.74312820611742,101.85953330993652,96.97593841375563,3226059.7,3.381834502318726,3.2038278551624564,0.896854799955471,0.12101572572218444,0.7341129462103524,-0.6350339608045874,1.285182784456751
2024-04-01,117.46646881103516,117.46646881103516,107.04605625521752,107.51971137139105,24393617,107.23551940917969,102.57001609802246,104.94618670145671,76.270710852977,1.3155043133523208,-0.15868426921005535,1.4741885825623762,111.09012790843983,102.57001609802246,94.0499042876051,4299862.85,5.673115132032642,4.229192922065275,10.222220345003796,-0.26266618358599114,-0.35536387239506473,1.3847062555789602,-0.9349697131161183
2024-04-02,114.15088653564453,119.3610929750308,114.15088653564453,118.4137827133242,18963047,109.41433410644531,103.1620849609375,104.92250391642253,67.31332663338786,1.8929757865407453,0.25164774194010475,1.6413280446006406,113.12888495962011,103.1620849609375,93.1952849622549,5149687.1,3.6823687792603947,4.359994724374741,-2.8225776333877017,0.25364619011380984,1.207774937069206,-1.3132562827380512,0.44493578968864966
2024-04-03,112.72991943359375,115.57185017561712,111.78260918625261,112.72991943359375,5653086,111.30895538330078,103.73047142028808,104.85934995015462,63.85227043608491,2.210484826777872,0.6434151589076582,1.5670696678702138,114.5270966989299,103.73047142028808,92.93384614164627,5305225.25,1.0655694590912987,4.283894226373376,-1.2448147755795724,0.07497134359799595,-0.6301529819396801,-1.7743096094048005,-0.10738388407491861
2024-04-08,111.78260040283203,116.51915126735882,111.78260040283203,115.09818600800078,5040683,112.5404556274414,104.36990547180176,104.78040733337403,61.57907043408088,2.358485151270088,0.9864291573801443,1.3720559938899437,115.49520282239831,104.36990547180176,93.2446081212052,5392713.8,0.9347210304392568,4.344248444793831,-0.8403439260149193,0.19719823058421682,0.39384986878232553,0.6434993186945626,2.4673208764710575
2024-04-09,111.30895233154297,113.20357279676072,110.3616420989341,112.25626256415185,2658197,113.48776550292969,105.08038787841797,104.7251475016276,60.42084710629554,2.4097786060683433,1.271099047117784,1.1386795589505592,116.06469408860262,105.08038787841797,94.09608166823331,5370853.9,0.4949300519978769,4.143939411864871,-0.42372253783877767,-0.1195805343893186,1.85378379779646,0.47496631292918146,1.4342095869778637
2024-04-10,111.30895233154297,113.20357279676072,111.30895233154297,111.78260744784741,1949563,112.25626220703126,105.71982231140137,104.71725336710612,60.42084710629554,2.422503921296965,1.5013800219536202,0.9211238993433446,116.58447699407715,105.71982231140137,94.8551676287256,5392628.05,0.36152372867622495,3.8440302189785887,0.0,-0.33236826467953895,-0.1570956381565347,0.1272724748865306,-1.2453049428506335
2024-04-11,107.51971435546875,110.36164513138422,107.51971435546875,110.36164513138422,3463440,110.93002777099609,106.09874649047852,104.67778205871582,51.4433742494223,2.10259162121892,1.6216223418066802,0.48096927941224,116.63858816580017,106.09874649047852,95.55890481515686,5500920.8,0.629610955314972,3.8367245865913393,-3.4042526649497695,0.6782125595073074,-0.04964759893468784,0.03632262364319239,0.30211234723058755
2024-04-12,108.4670181274414,110.36163853141419,107.51970792545502,107.99336302644821,2075387,110.07744750976562,106.61976699829101,104.65409914652507,53.31105821506589,1.9035553152613574,1.6780089364976156,0.22554637876374173,116.49276873338397,106.61976699829101,96.74676526319806,5501835.85,0.3772171792439064,3.704085389173716,0.8810512357211087,0.1289503566611172,-0.08023039345643745,2.7591105500343494,1.0476654789187245
2024-04-15,104.20413208007812,107.99337324662642,104.20413208007812,107.04606295498934,3496212,108.56175384521484,106.73818092346191,104.59094518025717,44.9350147931056,1.385862965615928,1.6195797423212783,-0.2337167767053503,116.42464247684333,106.73818092346191,97.05171937008049,5434982.05,0.6432794014471492,3.7785921435989915,-3.930121912593443,0.09155415847534876,-1.3830675802599668,-1.607486745735065,-0.33696228386493887
2024-04-16,98.9939193725586,103.73047053870972,98.9939193725586,102.7831603054795,4323881,106.09874725341797,106.6434497833252,104.4567429860433,37.23473805595929,0.5488407324948383,1.4054319403559905,-0.8565912078611522,116.60396801625903,106.6434497833252,96.68293155039136,5527438.1,0.7822576972865604,3.9694748854550634,-5.000005857268331,0.4179325060941874,-2.678800819309357,1.4003589351833323,-3.771116973743005
2024-04-17,99.46758270263672,100.88854816981724,98.99392754690987,100.41489301409041,2684260,103.73047332763672,106.52503623962403,104.35411771138509,38.270390343242916,-0.07541540367635946,1.1092624715495205,-1.18467787522588,116.77821328976822,106.52503623962403,96.27185918947984,5593598.7,0.47988068933153893,3.692828740362208,0.4784771964584156,0.33683409634026606,1.5645148817386545,-1.0623221547829242,-0.5810904065883138
2024-04-18,100.88854217529297,101.83585243046004,98.04661140979175,98.99392166495883,1914251,102.40423889160157,106.45398788452148,104.25938669840495,41.394522812130624,-0.4502926418473123,0.797351448870154,-1.2476440907174662,116.84887254345868,106.45398788452148,96.05910322558428,5600201.75,0.34181822110248083,3.705683711069685,1.4285654019604355,-0.4920221304314132,0.4347088791672782,-0.21474936571196368,-0.434956740850756
2024-04-19,98.520263671875,102.78315969613882,97.09929833045373,99.94122901329628,3928673,100.41488800048828,106.31189155578613,104.16465555826822,37.94742224208559,-0.9277908413496618,0.4523229908261908,-1.3801138321758526,117.07115662517676,106.31189155578613,95.55262648639551,5602968.65,0.7011770447796455,3.969440731685072,-2.3474206806389453,0.2408928500440055,-3.8129771043774907,-3.9813448653195915,-3.3720232587938326
2024-04-22,100.88854217529297,103.25681781321065,98.52026653737529,98.99392166495883,2763090,99.75177001953125,106.19347801208497,104.03834762573243,43.05431327961369,-1.1024035006147557,0.1413776925380015,-1.2437811931527571,117.14473130670847,106.19347801208497,95.24222471746147,5615079.1,0.4920838960220525,4.071722519638482,2.4038491323019606,0.2717815335421703,-0.59352553064973,2.5588308354487665,0.19779400564139404
2024-04-23,101.83585357666016,102.78316384248956,99.46757791208667,101.83585357666016,1940317,100.32015686035156,106.09874725341797,103.98308792114258,45.00403342168462,-1.1510762871023843,-0.11711310339007568,-1.0339631837123087,117.17180848751315,106.09874725341797,95.02568601932279,5609221.6,0.34591555448620537,3.970904307740403,0.9389682722555692,0.2430425847365969,0.9688138454874373,0.12748108662865576,0.5640228751219611
2024-04-24,104.67778015136719,104.67778015136719,102.30950458233173,102.30950458233173,3788092,101.36219635009766,106.14611282348633,104.038347752889,50.48154497389513,-0.949386164720309,-0.2835677156561224,-0.6658184490641866,117.184569892321,106.14611282348633,95.10765575465167,5575319.55,0.679439441278303,3.8203739433359534,2.7906935277639544,-0.24398701951591217,2.716737332198216,3.655881029659258,3.1547970446698548
2024-04-25,101.83585357666016,103.25681897540426,101.83585357666016,103.25681897540426,1397403,101.5516586303711,106.07506484985352,104.04624214172364,45.59141687850455,-1.0072540159392531,-0.42830497571274856,-0.5789490402265045,117.20969659037692,106.07506484985352,94.94043310933012,5481767.65,0.254918320005774,3.6899142941854306,-2.7149282021432963,0.3808770229507319,-1.3626259295338894,-0.9650771206997866,-1.9165466514134644
2024-04-26,101.36219024658203,102.78315553041261,101.36219024658203,101.83584534119223,1332298,102.1200439453125,105.9803337097168,104.038347752889,44.812258007624315,-1.0788985067188435,-0.5584236819139675,-0.520474824804876,117.24737253073233,105.9803337097168,94.71329488870127,5474173.95,0.24337882065293157,3.387387759471451,-0.4651243284582107,-0.2951578331521709,1.3248943960749937,1.5946079266868418,1.33038483922705
2024-04-29,108.4670181274414,108.4670181274414,102.78315691552308,102.78315691552308,6132830,103.63573913574218,106.12242965698242,104.14097290039062,56.75162291705669,-0.555968194107578,-0.5579325843526897,0.0019643902451116357,117.44216427059058,106.12242965698242,94.80269504337426,5440416.35,1.1272721801889298,3.883046442323174,7.009347236455321,0.08607137638918516,1.863818412124374,1.5946079266868418,1.33038483922705
2024-04-30,105.6250991821289,107.99337494854436,105.15144402884582,107.99337494854436,3226143,104.39358825683594,106.07506446838379,104.1646556854248,51.913654667969304,-0.3666349226666341,-0.5196730520154786,0.15303812934884453,117.3947990114238,106.07506446838379,94.75532992534377,5056223.5,0.638053875585207,3.8073834631594963,-2.62007658583685,-0.3839184473235724,-0.48264169017123715,1.2731128681464199,-3.1181661596084487
2024-05-02,106.57240295410156,106.57240295410156,104.67778245713976,105.62509270562066,1090674,104.77251281738282,105.53036117553711,104.21991551717123,53.34148914658925,-0.13855032166331682,-0.4434485059450463,0.3048981842817295,115.51136494554238,105.53036117553711,95.54935740553184,3891076.35,0.2803013618583968,3.5523484009998043,0.896854799955471,-0.4225153435658102,-0.8538685839082238,-2.6951806932485,-3.044274616864795
2024-05-03,110.8353042602539,114.62454543154465,109.41433882101988,110.36164911384256,18005236,106.57240295410156,105.36458206176758,104.35411783854167,59.21097562376957,0.3817878639059842,-0.27840123197484024,0.6601890958808244,114.84005046098466,105.36458206176758,95.8891136625505,3843185.8,4.684976719054281,4.1523209445255755,4.000004868041018,-0.4002988704028487,0.5334710464831138,-2.6951806932485,-3.044274616864795
2024-05-06,109.88799285888672,112.7299237086855,109.41433771725357,112.25626856705237,4466627,108.2775634765625,105.22248573303223,104.48042589823405,57.480513718611604,0.7095403719904851,-0.08081291118177517,0.7903532831722603,114.31019408735162,105.22248573303223,96.13477737871284,3783862.85,1.1804410405625563,4.0407562841130895,-0.8547018548735963,-0.21362587285993495,0.9492729647566867,-2.6951806932485,-3.044274616864795
2024-05-07,108.94068145751953,111.30895714137864,107.04606091043223,110.83530200460682,2671329,108.37229614257812,105.0803897857666,104.5514742533366,55.726604577067164,0.8826715942041261,0.1118839898954051,0.770787604308721,113.81834877523352,105.0803897857666,96.34243079629968,3665395.15,0.7287970029643325,4.070374943690865,-0.8620699830086842,-0.043067197592394635,0.6344919339527744,2.0550430244476336,4.104857488837488
2024-05-08,108.94068145751953,110.36164686783499,107.51971604720406,109.41433659429136,2218409,109.03541259765625,104.96197624206543,104.66199378967285,55.726604577067164,1.0082567786256078,0.29115854764144566,0.7170982309841621,113.40370317614395,104.96197624206543,96.52024930798692,3643405.75,0.6088833229732922,3.9065823939495417,0.0,0.31243083104899316,0.22746944638225575,-1.1031409813425541,-1.867727149911369
2024-05-09,107.04605102539062,109.41432649055413,107.04605102539062,108.94067139752143,1327100,109.13014221191406,104.74883117675782,104.74093615214029,52.04318312114843,0.944021013673435,0.4217310408478435,0.5222899728255915,112.71783330124174,104.74883117675782,96.7798290522739,3612282.6,0.3673854310291227,3.701474803444737,-1.7391395085661343,-0.09516764309563941,-0.6750569718193655,-1.3987276249359248,0.6626177564390101
2024-05-10,107.04605102539062,108.46701630448872,106.09874083932522,107.99336121145602,1185053,108.3722915649414,104.7251480102539,104.81987851460775,52.04318312114843,0.8829357731704732,0.5139719873123695,0.36896378585810374,112.66222865055452,104.7251480102539,96.78806736995328,3498363.25,0.33874498310031126,3.5237148916739063,0.0,0.01793319460277054,0.720159390313424,-2.1368247450193167,-3.361342233337794
2024-05-13,108.4670181274414,108.9406732284346,107.04605282446182,107.99336302644821,1535086,108.08809661865234,104.7251480102539,104.90671526590982,54.65047955960885,0.9383685213939259,0.5988512941286808,0.33951722726524514,112.66222865055452,104.7251480102539,96.78806736995328,3471348.2,0.4422160819245963,3.306502533189916,1.327435331279747,0.26346452966479195,0.7188770345091466,2.1651400102767004,-0.07246238176232822
2024-05-14,108.94068145751953,109.88799173106318,107.99337118397588,107.99337118397588,1024329,108.08809661865234,104.96197547912598,105.0172348022461,55.51861755162954,1.0088901878271344,0.6808590728683716,0.3280311149587628,113.11336480630963,104.96197547912598,96.81058615194233,3347754.05,0.30597498642410725,3.118251601709567,0.43668880942371313,-0.16192227613095467,0.6143467624945442,0.46695700765049253,0.31907117867810975
2024-05-15,105.6250991821289,109.88799556167672,105.15144402884582,109.41434040839363,2846973,107.42498016357422,105.2935344696045,105.0172348022461,48.51719235635344,0.7881539878467549,0.7023180558640483,0.08583593198270667,112.94705605184696,105.2935344696045,97.64001288736203,3273908.65,0.8695945135793572,3.334024925859078,-3.0434748810374446,-0.17854125279843647,0.768905386860852,0.33964373665795744,0.30359218949806976
2024-05-16,107.51971435546875,108.46702461410725,106.57240409683025,106.57240409683025,2253042,107.51971282958985,105.69614105224609,105.03302332560222,52.22481932920081,0.7573681015434204,0.7133280649999227,0.04404003654349764,112.89278042266362,105.69614105224609,98.49950168182856,3252347.75,0.6927432652304785,3.2684116600083133,1.7937168229995804,-0.8739389928487662,0.7426455838037249,0.37413074381913436,4.727600860525483
2024-05-17,106.09874725341797,107.99336774008614,105.15143701008388,107.99336774008614,1430082,107.33025207519532,105.95665130615234,105.00144627888997,49.35401249197621,0.6112636286174649,0.6929151777234313,-0.08165154910596639,112.78849562099985,105.95665130615234,99.12480699130482,3228139.3,0.44300504628161497,3.2115475360075068,-1.3215874972964947,0.28877622974334827,-0.21492914094993765,1.5264487422874007,-0.05506029684924085
2024-05-20,104.67778015136719,107.51971083420973,104.2041250375601,107.51971083420973,2192062,106.57240447998046,106.26452713012695,104.96986923217773,46.59561555173721,0.3764748439264878,0.6296271109640426,-0.2531522670375548,112.17868248557073,106.26452713012695,100.35037177468317,3141308.75,0.6978180670715669,3.225419304093123,-1.3392873514866177,0.12515050063168776,0.06190547021835968,0.5069945439602819,2.5612794107337855
2024-05-21,104.20413208007812,105.15144237171519,102.7831666426225,105.15144237171519,1898005,105.62509460449219,106.43030662536621,104.92250391642253,45.67916531346782,0.15044931355093638,0.5337915514814214,-0.38334223793048505,111.87739597186213,106.43030662536621,100.9832172788703,3098054.5,0.6126441610371929,3.1111334940930653,-0.4524819599767582,0.12995161060771476,-0.16397830333553243,2.052524243780418,0.9264326297231618
2024-05-22,107.04605102539062,107.04605102539062,104.67777556022712,105.62508574629251,1258664,105.90928497314454,106.69081649780273,104.92250391642253,51.804263486063086,0.19835504677391214,0.4667042505399196,-0.26834920376600746,111.69290133963099,106.69081649780273,101.68873165597446,3063971.85,0.41079489682648357,3.0752382209223237,2.7272612789755346,0.09004381018689056,1.4836548818675244,0.74996089616024,-0.6518617581521391
2024-05-23,103.73046875,107.5197096175799,103.25681364155251,107.04605450913242,4112381,105.15143585205078,106.64345092773438,104.89092674255372,45.37584488199584,-0.03086332149307225,0.36719073613332126,-0.3980540576263935,111.74279090864461,106.64345092773438,101.54411094682415,3080186.3,1.3351078796759794,3.2335925882696666,-3.0973419791115786,-0.033810014699131585,0.25798091936253265,0.9981358681645736,2.7316467352821894
2024-05-24,105.15143585205078,105.62509096850147,102.3095051533467,102.78316026979739,2143761,104.96197357177735,106.80923004150391,104.88303235371907,48.33484691563274,-0.09674514237633502,0.27440356043139,-0.37114870280772505,111.4449945909286,106.80923004150391,102.17346549207922,3117504.2,0.6876529629053908,3.2445250185210126,1.3698647265110164,-0.0096243747411906,-0.19479338523243905,0.3852637572002049,-0.8081312360340931
2024-05-27,110.36164093017578,111.78260626404071,106.57240003986931,106.57240003986931,5721903,106.09874572753907,107.25920257568359,105.00934028625488,57.43879761779055,0.26836945025644354,0.27319673839640074,-0.004827288139957198,111.3881469167001,107.25920257568359,103.13025823466708,3336984.45,1.7146927370308842,3.6960777376502016,4.954953811050022,-0.09869189434805747,1.105615256831216,-0.33371958993613227,1.182656725193465
2024-05-28,109.88799285888672,111.30895828378611,108.94068257562044,110.83530314215298,2050312,107.23551788330079,107.33025131225585,105.07249437967936,56.464716846824025,0.5135856587376253,0.32127452246464566,0.19231113627297963,111.59342588921837,107.33025131225585,103.06707673529334,3132858.55,0.6544540608129276,3.5190374670522644,-0.42917817032888106,-0.36968990725814166,0.25060173618918213,-0.20090731676889462,1.4415538575457187
2024-05-29,108.4670181274414,110.83529363240737,108.4670181274414,110.83529363240737,1593510,107.51971130371093,107.47234725952148,105.13564834594726,53.53169120725464,0.5864996821476183,0.3743195544012402,0.21218012774637807,111.68537199717862,107.47234725952148,103.25932252186435,3051226.9,0.5222522127082716,3.365602538774091,-1.293111917395806,0.3236723675793307,-0.8962690097293446,-1.1910754088758413,-1.4082677946286148
2024-05-30,106.09874725341797,107.99336774008614,106.09874725341797,107.04605749675206,1629372,107.99336700439453,107.4486644744873,105.18301391601562,48.96641829145882,0.44802040361913953,0.3890597242448201,0.058960679374319425,111.68823129889152,107.4486644744873,103.20909765008308,3078161.8,0.5293327985552937,3.232624983474004,-2.1834018440894942,0.6315619238836723,-1.3757393248701622,-0.9507707702690715,-0.9089719085309755
2024-05-31,108.4670181274414,112.72991403638015,107.04605282446182,107.04605282446182,5797838,108.65648345947265,107.33025016784669,105.28563906351725,53.2591800918761,0.5233414898380744,0.415916077363471,0.10742541247460335,111.29492122321085,107.33025016784669,103.36557911248252,2467791.9,2.3494031243071998,3.685763890072428,2.232138394967853,-0.0636234547158887,-0.8905424398374384,1.6969569012485808,2.8829719168688372
2024-06-03,108.94068145751953,110.83530200460682,108.4670263207477,110.36164686783499,2337446,108.3722915649414,107.28288459777832,105.41194725036621,54.09094796110366,0.6141748402456102,0.45556782993989886,0.15860701030571134,111.14007201220437,107.28288459777832,103.42569718335227,2361332.85,0.9898841664782667,3.5100998883514922,0.43668880942371313,0.3356387546574968,1.7121719263391677,3.0844392735388526,3.8084415532174676
2024-06-04,106.57240295410156,108.94067857530382,105.62509270562066,108.94067857530382,2166862,107.70917358398438,107.16447067260742,105.53825531005859,49.36118791229693,0.4894189254461452,0.46233804904114817,0.027080876404997012,110.95215310932886,107.16447067260742,103.37678823588598,2336109.5,0.9275515552674222,3.4841650701578097,-2.1739156316379904,-0.46419102039185756,-0.8364332748305281,0.06540328502750992,1.8404943159233245
2024-06-05,106.57240295410156,108.46702345106337,106.09874782986111,107.04605807834201,1099560,107.3302505493164,107.04605674743652,105.69614028930664,49.36118791229693,0.38609826370358746,0.4470900919736361,-0.06099182827004862,110.74701647856315,107.04605674743652,103.3450970163099,2280167.05,0.48222782624632704,3.3353798102970695,0.0,0.04487073545036413,0.6005712697569221,-1.372546328927593,-0.759047462211615
2024-06-06,104.67778015136719,107.51971083420973,103.730469923753,107.51971083420973,3317183,107.04605712890626,106.92764320373536,105.79876556396485,45.657092844673215,0.1496110457247113,0.38759428272385116,-0.23798323699913987,110.77716915166765,106.92764320373536,103.07811725580306,2379671.2,1.393966948038872,3.3958946236516905,-1.777779941351565,-0.23756310030170757,1.944708756402913,0.36448147273990816,0.7648530599528414
2024-06-07,107.51971435546875,108.94067974342649,105.62509383819176,105.62509383819176,2412995,106.85659637451172,106.95132637023926,105.92507362365723,51.53232040533465,0.1893310701912725,0.3479416402173355,-0.158610570026063,110.80973748587637,106.95132637023926,103.09291525460215,2441068.3,0.9884995843827885,3.5114952861060384,2.714935490599868,-0.13363032114330764,-0.20234199872982694,0.6272672684177749,0.6626455047070046
2024-06-11,105.15143585205078,107.99336655075486,104.67778073560011,107.51971143430418,1991455,106.09874725341797,106.78554725646973,106.04348742167154,46.97459356400375,0.029370626749198436,0.28422743752370805,-0.2548568107745096,110.6546550738085,106.78554725646973,102.91643943913095,2463886.75,0.8082575223881536,3.485374023312533,-2.2026458288274986,-0.2190993617724568,-0.3031410202626317,-1.4920526326737682,-1.0526353534517474
2024-06-12,105.15143585205078,106.09874608495214,103.73047050269875,105.62509096850147,2421726,105.8145538330078,106.5960849761963,106.09874712626139,46.97459356400375,-0.09628921499884768,0.2081241070191969,-0.3044133220180446,110.39124186859154,106.5960849761963,102.80092808380105,2533756.6,0.955784782168895,3.3364275645046475,0.0,-0.0562872544702997,1.1785994524791121,2.634187659181597,4.350953364301802
2024-06-13,106.57240295410156,107.04605807834201,105.15143758138021,105.62509270562066,2205987,105.8145538330078,106.64345016479493,106.19347813924153,50.048814071663735,-0.08028984395410532,0.1504413168245365,-0.2307311607786418,110.41112859095638,106.64345016479493,102.87577173863347,2501707.3,0.8817926061933785,3.144186852742859,1.351353018184276,-0.3552426383712781,1.193154297591259,2.694885244627443,0.16036492443964878
2024-06-14,111.78260040283203,114.6245309215481,107.51970462475794,107.51970462475794,12908334,107.23551788330079,106.85659446716309,106.35925725301107,59.353975744947846,0.34878854629538125,0.19011076271870544,0.1586777835766758,111.26143796874275,106.85659446716309,102.45175096558343,3034471.9,4.253898017641884,3.7985790013700163,4.888880520949113,0.3043370457556316,0.863577013670791,0.9684511801242301,1.9213124521174407
2024-06-17,113.20357513427734,113.6772302603622,109.88798925168345,111.30895462993797,4411005,108.3722900390625,107.21183586120605,106.5408250172933,61.46249959840292,0.7943403856512106,0.3109566873052065,0.4833836983460041,112.43019357881072,107.21183586120605,101.9934781436014,3183518.05,1.3855756212847608,3.797333935677847,1.2711949143467072,0.15480119319866148,-0.03639861324233884,0.18564657559745346,-0.5498255532274565
2024-06-18,112.72991943359375,114.15088480460543,111.30895406258206,114.15088480460543,3141434,109.88798675537109,107.61444282531738,106.73028717041015,60.338881314820284,1.0965826496429685,0.46808187977275895,0.6285007698702095,113.2364752850613,107.61444282531738,101.99241036557346,3230986.65,0.9722831878615159,3.669946843190583,-0.4184105494210444,-0.14838275415750557,1.159736185000071,2.2235915153949293,6.318410218691062
2024-06-19,110.8353042602539,113.67723513872195,110.8353042602539,113.20357999231062,2909372,111.02476043701172,107.94600143432618,106.85659535725911,55.934064200950786,1.1697480831063416,0.6084151204394755,0.561332962666866,113.50297030569136,107.94600143432618,102.38903256296099,3281555.0,0.8865833423483683,3.559544714560912,-1.680667548472714,0.14396198742181454,1.986645158123146,-0.21147226057504076,0.8171446202132282
2024-06-20,111.78260040283203,112.25625548928471,110.83529022992668,111.78260040283203,1890262,112.06679992675781,108.18282890319824,106.99079755147298,57.60069279555666,1.2893087493803819,0.7445938462276569,0.544714903152725,113.97697068758752,108.18282890319824,102.38868711880896,3313134.9,0.5705357786669055,3.2744007872005274,0.8546880877899454,0.10293992607994795,0.8468955214737006,1.6651528026696116,1.7473603433141083
2024-06-21,114.62454223632812,116.51916276916,112.25626657028829,113.20357683670423,13763593,112.63518829345703,108.72753257751465,107.17236544291178,62.21748941739953,1.5949962695106734,0.9146743308842602,0.6803219386264132,114.80086502284762,108.72753257751465,102.65420013218169,3795695.5,3.6261056768120623,3.4693556644175203,2.5423830034858375,-0.12290844763791497,-0.6524324296809936,-0.6551548732524504,-2.5139539956279267
2024-06-24,113.20357513427734,116.99281614295609,113.20357513427734,115.09819563861672,7046702,112.63518829345703,109.13013954162598,107.33814481099446,58.77158738764558,1.7029649421613016,1.0723324531396685,0.630632489021633,115.27248839868889,109.13013954162598,102.98779068456307,4040842.55,1.7438694808833866,3.5120070436523503,-1.2396709067078238,0.06802312668354737,-1.8908700814464607,0.2697847214805593,2.217976417507095
2024-06-25,113.20357513427734,115.09819563861672,110.83529950385314,114.15088538644703,3981395,112.72991943359375,109.27223625183106,107.50392417907715,58.77158738764558,1.7681487746692,1.211495717445575,0.556653057223625,115.66108488206667,109.27223625183106,102.88338762159545,3953817.15,1.0069749937727899,3.6121255891338473,0.0,-0.12823314551579923,0.27295654149688264,-1.3452942091674802,-0.7475045040307049
2024-06-26,112.25627136230469,115.09820228286937,111.3089610554498,113.67723682258703,2383503,113.01411285400391,109.39065017700196,107.61444371541342,56.35822595980791,1.723500493261099,1.3138966726086798,0.4096038206524193,115.91392768036951,109.39065017700196,102.8673726736344,3970476.7,0.6003065072765695,3.635741007571943,-0.8368143593071142,0.4702765421042532,0.4839958550256096,0.0,2.541834586641034
2024-06-27,110.36164093017578,112.256261375329,109.88798581888747,111.3089511527524,2455868,112.72992095947265,109.48538131713867,107.67759768168132,51.778646821534466,1.5177400047714258,1.354665339041229,0.1630746657301967,116.00721035805175,109.48538131713867,102.9635522762256,4013594.6,0.6118874088578852,3.4667469456846463,-1.6877724595127819,0.3350392876177333,-0.3511118229512111,0.0,0.7242722902996324
2024-06-28,111.78260040283203,113.67722074864275,110.361635143474,110.361635143474,1879959,112.16153259277344,109.76957397460937,107.58286654154459,54.748552112993316,1.4525883548586904,1.3742499422047214,0.07833841265396901,116.16414934999676,109.76957397460937,103.37499859922198,4026123.95,0.46694016958916523,3.4465921002825266,1.2875483371575402,-0.1850665019445641,0.5512513704543975,0.6666620395862077,-0.09115440238022243
2024-07-01,110.36164093017578,112.72991648661731,109.88798581888747,112.256261375329,1939085,111.59314575195313,109.86430511474609,107.51971244812012,51.34313530039532,1.271637009047268,1.3537273555732308,-0.08209034652596281,116.23371778479125,109.86430511474609,103.49489244470092,3833186.3,0.5058676641936241,3.3659705759421685,-1.2711812639315312,-0.055340206795018165,0.11427590660921805,-1.5653168742047696,-0.020270747007122836
2024-07-02,109.4143295288086,110.83529484736455,108.94067442262327,110.36163974117923,1618613,110.83529663085938,109.88798751831055,107.46445261637369,49.14830020463296,1.0398054210910885,1.2909429686768024,-0.2511375475857138,116.24645331488205,109.88798751831055,103.52952172173906,3797244.65,0.42625986713813663,3.1697905557820496,-0.8583701668286481,0.05445543450566248,-0.7771564734776915,2.8746175751640735,1.59180680610167
2024-07-03,112.25627136230469,114.15089197601448,110.36165074859491,110.36165074859491,3174793,110.83529663085938,110.1721809387207,107.4723471323649,55.31918827147654,1.0730289623035674,1.2473601674021553,-0.1743312050985879,116.41369330552344,110.1721809387207,103.93066857191796,3847641.2,0.8251270934514372,3.378693474638561,2.5974128304170785,0.15711929888313492,1.2808943510362658,6.420925506315944,5.239528044908304
2024-07-04,112.72991943359375,113.2035745572643,111.30895406258206,113.2035745572643,1895492,111.30895233154297,110.48005676269531,107.49602991739908,56.27161356054527,1.1246144437289587,1.222811022667516,-0.09819657893855727,116.57977441238792,110.48005676269531,104.3803391130027,3887437.8,0.4875941680661746,3.180817077311052,0.4219346193678364,0.14950641568265421,1.5108454922353465,0.6424507417229552,2.797540653089725
2024-07-05,115.09819030761719,115.57184541176376,112.72991478688432,113.67722499517747,5054028,111.9720703125,111.0010772705078,107.55918388366699,60.77401305939087,1.3411361932723196,1.2464760567884767,0.09466013648384286,116.78604207232051,111.0010772705078,105.2161124686951,3974280.05,1.2716839116558987,3.135632216986837,2.1008361275539844,-0.3522176733286364,0.14479967883183065,-0.6105910271951287,-0.9225264473391448
2024-07-08,113.20357513427734,116.0455058907864,112.25626488210766,116.0455058907864,3229352,112.54045715332032,111.28527030944824,107.65391489664714,55.82222510140461,1.3443547445481698,1.2660517943404155,0.07830295020775435,116.9062541112875,111.28527030944824,105.66428650760898,4015097.9,0.8043021815233945,3.2227800558790913,-1.64608597952427,-0.34946094601715494,1.365055591695996,-0.19547573104767846,-0.18620442896249978
2024-07-09,111.78260040283203,114.6245309215481,110.361635143474,114.15087583509543,3332330,113.014111328125,111.6168285369873,107.70917460123698,52.37538318815943,1.2182020099105557,1.2564818374544438,-0.038279827543888034,116.44008851085326,111.6168285369873,106.79356856312134,4082141.65,0.8163190515449164,3.3614621521717587,-1.2552383877980966,0.24079002019752327,0.09183997563149138,0.867371708210718,1.958941164478678
2024-07-10,114.82640838623047,116.75626398936039,112.41408888231807,112.41408888231807,4318009,113.52813873291015,112.10057716369629,107.88621253967285,58.313218733112315,1.3482926465776899,1.274843999279093,0.0734486472985969,116.05620128092994,112.10057716369629,108.14495304646263,4176955.8,1.0337693781677078,3.5764223434193054,2.7229711712104088,0.11240498501070562,0.44769724473825434,-0.22191760359484558,0.6861832844776483
2024-07-11,122.54583740234375,125.44062096302903,113.8614867202879,115.79134242741142,14256373,115.49132232666015,112.8992488861084,108.27874450683593,68.9026504771188,2.0506452589660853,1.4300042512164914,0.6206410077495939,118.33031529690543,112.8992488861084,107.46818247531137,4779475.1,2.9828323616541073,4.643450596662216,6.722694826566533,0.2442485876554823,1.5951511700039722,2.7800972139738978,-0.18172063302280828
2024-07-12,119.16858673095703,122.06337021430012,118.203658903176,120.61597847262857,6299028,116.30540161132812,113.26854820251465,108.6070945739746,61.53757090852132,2.308142035524824,1.605631808078158,0.7025102274466661,119.34591509561636,113.26854820251465,107.19118130941294,4449009.8,1.4158269554722043,4.603280983662953,-2.755908109957661,-0.6140502852808205,-1.9397254657484875,-3.2458725834690227,-3.3227179773256177
2024-07-15,119.65104675292969,120.61597454932428,116.7562633637459,120.61597454932428,4290275,117.59489593505859,113.59092178344727,108.91980298360188,62.15983854535457,2.522067750700856,1.7889189966026977,0.7331487540981583,120.30448882358148,113.59092178344727,106.87735474331306,4442973.3,0.965631506270812,4.504138343918342,0.40485503370271125,0.49773822276901747,-0.1570866870910903,-3.2458725834690227,-3.3227179773256177
2024-07-16,122.54583740234375,127.85294059693344,121.09844562200111,125.44062096302903,20265305,119.74754333496094,114.08171768188477,109.32022921244304,65.74123740266995,2.891855325784036,2.0095062624389652,0.8823490633450706,121.87812026428982,114.08171768188477,106.28531509947972,5299166.85,3.8242436167111817,4.997172410596397,2.4193609065465083,0.07988501995308539,0.49369257838391967,5.535361934899363,5.414292193616399
2024-07-17,123.51075744628906,125.44061303138733,122.54582965373993,122.54582965373993,5720119,121.48441314697266,114.71549034118652,109.6972661336263,66.86693107300772,3.22559299836297,2.252723609623766,0.9728693887392037,123.40980461067419,114.71549034118652,106.02117607169886,5439704.2,1.0515496412470369,4.716853872869864,0.7873952019906483,-0.03284897586730562,-0.9477322922418208,0.39734732353298163,-1.2952078112146825
2024-07-18,121.58090209960938,123.51075768849206,118.20365481906467,120.61597430516802,5407619,121.29142608642579,115.2054054260254,110.02635027567545,62.44735405859632,3.2963609136299965,2.4614510704250123,0.8349098432049842,124.29894769621929,115.2054054260254,106.1118631558315,5615572.05,0.96296850113427,4.795553739077535,-1.562499806965334,-0.2226498352794204,-1.5622735237073582,-2.3218971778061315,-3.3031615185724283
2024-07-19,115.79133605957031,120.6159750620524,115.79133605957031,119.65104726155599,4558282,120.61597595214843,115.2637451171875,110.21157620747884,51.45891762589952,2.852394770959961,2.539639810532002,0.3127549604279589,124.35656784624663,115.2637451171875,106.17092238812836,5155306.5,0.8841922395884706,4.928088712539072,-4.761904164270603,0.45613217759497005,-2.2617330175741857,-1.4856834570801336,0.8890916588558895
2024-07-22,110.9666976928711,116.7562645290209,110.00176988684613,115.79133672299594,4431461,118.87910614013671,115.15190124511719,110.36375694274902,44.44098810660091,2.0871806895193004,2.449147986329462,-0.3619672968101617,124.40503618800797,115.15190124511719,105.8987663022264,5024544.45,0.8819627419158368,5.171609503157164,-4.16666611759029,0.4350571135180781,-2.677259944243182,-1.8097010785411483,-3.571424804810064
2024-07-23,111.44915771484375,112.89654937347808,110.9666938286323,111.9316216010552,1815115,116.65977020263672,115.06418037414551,110.53187306722005,45.24516589240144,1.5023552919722079,2.259789447458011,-0.7574341554858033,124.42769119548772,115.06418037414551,105.70066955280329,4916230.45,0.36920868914922406,4.73937564204898,0.43477911121405644,0.08389052827177945,2.7625011418902057,0.41888062747810206,-1.1063042364600761
2024-07-26,110.48423767089844,111.44916551081894,105.65959847129588,106.6245263112164,2022765,114.0544662475586,114.9755786895752,110.56549339294433,43.877273693173755,0.9500642186850143,1.997844401703412,-1.0477801830183977,124.4833855400998,114.9755786895752,105.4677718390506,4898193.55,0.4129614273817334,4.879401161712192,-0.865793931268799,-0.2194732292683632,-3.2906356086419675,-0.46782896405239693,0.45068716237686157
2024-07-29,107.10698699951172,112.8965538643502,107.10698699951172,111.44916214814057,2080830,111.15968322753906,114.81284599304199,110.59019152323405,39.38870345408852,0.2371202847033942,1.6456995783034085,-1.4085792936000143,124.7546665685026,114.81284599304199,104.87102541758138,4879441.65,0.4264483826750956,5.000756588795697,-3.056771483952858,0.47483004597199674,0.20470575104574174,4.171562946281648,4.079715934415118
2024-07-30,109.0368423461914,109.0368423461914,105.17713111269791,106.62452282525797,1591686,109.80878448486328,114.67555809020996,110.6312655131022,42.97837042702042,-0.17020767334996378,1.2825181279727342,-1.452725801322698,124.8662855897895,114.67555809020996,104.48483059063042,4865028.0,0.3271689289352497,4.848617208088737,1.8018015451116032,0.15641212361443557,0.2665528397010952,-0.9024326632927071,1.7042597216616606
2024-07-31,110.00177764892578,112.89656127126594,108.55438583775572,108.55438583775572,4885154,109.61580047607421,114.65756492614746,110.61737340291342,44.74060938493085,-0.4104246798876119,0.943929566400665,-1.354354246288277,124.88157969408626,114.65756492614746,104.43355015820866,5012331.45,0.9746270869616972,4.781091638144935,0.88496262544977,-0.2672783628201558,-0.1089865524954714,-4.638580467508824,3.844259488822943
2024-08-01,112.89655303955078,112.89655303955078,110.48423353015868,111.44916133391551,1507427,109.90527954101563,114.83167610168456,110.66751607259114,49.7571128948375,-0.36302942957649975,0.6825377672052322,-1.045567196781732,124.79501016408592,114.83167610168456,104.8683420392832,5006772.15,0.30107761145072276,4.529582805142278,2.631571464111948,-0.5775112476597344,1.9944277998713122,-4.774702826085542,-3.3222615463413985
2024-08-02,109.0368423461914,112.41408967549823,108.55437844200472,110.96669796293816,2792912,109.61580047607421,114.6707046508789,110.669118754069,44.01910896879089,-0.6296564605172392,0.4200989216607379,-1.049755382177977,124.90945739469726,114.6707046508789,104.43195190706055,4987678.1,0.5599623600408374,4.504595044129449,-3.418802956727307,0.4427055244088818,-4.434260881041652,-6.345966382352552,-8.384888249448064
2024-08-05,98.42263793945312,104.69466878853592,98.42263793945312,104.69466878853592,4927211,107.8789306640625,113.95534057617188,110.4938180287679,32.8127279754394,-1.678093870931221,0.00046036314234615405,-1.678554234073567,126.50377628257861,113.95534057617188,101.40690486976514,5139264.05,0.9587386349607782,5.319209625810626,-9.734511912073017,-0.3900105801548759,-8.351980222953914,-13.602142054058708,-16.07543971754105
2024-08-06,97.45771026611328,101.79988547598963,91.76463462969019,100.83495765157265,4220159,105.56310424804687,113.07331657409668,110.33401234944661,32.01479419965281,-2.557369902935889,-0.511105690073301,-2.0462642128625883,127.60644937110575,113.07331657409668,98.5401837770876,5097570.6,0.8278765182771575,5.948015121875801,-0.9803920048692905,0.2764724507885674,3.379268306975858,7.70720509609637,14.851242221095905
2024-08-07,101.31742095947266,101.79988486880347,96.97524577549525,97.45770968482609,2734355,103.82623291015625,112.47900886535645,110.23853518168131,38.46120762868917,-2.909220415116735,-0.9907286350819878,-1.9184917800347474,127.93268728020034,112.47900886535645,97.02533045051256,5072820.75,0.5390206227964984,5.7982316514001235,3.9603954195314373,0.3029438503285631,3.8742452023632135,3.52390512129519,2.1013971344929328
2024-08-08,98.90509796142578,101.31741742389958,98.42263406893102,99.38756185392054,1811824,101.02794189453125,111.83513374328614,110.07916984558105,36.15380622909748,-3.3441692844460107,-1.4614167649547924,-1.8827525194912182,128.44110228116247,111.83513374328614,95.2291652054098,4996795.45,0.3625971921664314,5.411105683285659,-2.3809557874670095,-0.3905008009258193,-1.9965912706408795,-2.744013067621265,-2.1561608506449392
2024-08-09,100.83495330810547,104.21220054808985,100.35248941667912,102.28234498238449,2669404,99.38756408691407,111.13556098937988,109.94407437642415,39.29159044678021,-3.4928824246760257,-1.867709896899039,-1.6251725277769866,128.3776124761333,111.13556098937988,93.89350950262647,4914365.2,0.5431838887350089,5.397238603736114,1.9512192864237887,-0.7344664716750882,2.86965755714923,-1.3214182587632295,-1.4913755215698377
2024-08-12,102.76480865478516,104.21220032597931,102.2823447643871,102.2823447643871,1341380,100.25599822998046,110.14650955200196,109.89640286763509,42.34316206344456,-3.41564206615044,-2.177296330749319,-1.2383457354011207,126.89499098765906,110.14650955200196,93.39802811634486,4268615.55,0.3142424011457298,5.127906392287811,1.9138753808740638,0.07652887976525857,1.417205112604214,-1.3214182587632295,-1.4913755215698377
2024-08-13,103.24727630615234,104.69466803007037,102.282348490207,104.69466803007037,1789697,101.41391143798828,109.35044403076172,109.82519556681315,43.11302896307358,-3.277713971855789,-2.3973798589706132,-0.8803341128851758,125.8042542174189,109.35044403076172,92.89663384410454,4043149.0,0.4426492815377321,4.765828145297887,0.46948722785824515,-0.604294595055821,0.10706043617687566,4.650745742414153,8.541414359390886
2024-08-14,105.17713165283203,106.14205946616076,103.72973993283892,104.2122038395033,2104249,102.18585357666015,108.62674827575684,109.80983530680338,46.20710501989834,-2.9783492096749313,-2.513573729111477,-0.4647754805634543,124.43345431249088,108.62674827575684,92.8200422390228,3933847.7,0.5349086086886383,4.516355480592624,1.869158602263954,0.20472686912957894,1.0583302060494848,1.954001622606505,0.30185217790239527
2024-08-15,103.24727630615234,105.17713193804305,103.24727630615234,105.17713193804305,1388530,103.05428924560547,107.66182022094726,109.7859935760498,43.65034181788842,-2.8638114412093927,-2.5836212715310607,-0.280190169678332,122.195793077776,107.66182022094726,93.12784736411852,2990008.95,0.46438991428437026,4.171488834099034,-1.8348621191246584,-0.9596021142668665,-0.5996212787569899,-1.8147995606690892,-0.4358545742575104
2024-08-16,105.17713165283203,107.1069872794895,104.69466774616767,105.17713165283203,2034958,103.92272491455078,106.74513893127441,109.80221023559571,46.81932735267176,-2.5874892708393276,-2.584394871392714,-0.003094399446613494,119.23978214250185,106.74513893127441,94.25049572004697,2805750.9,0.7252810646875316,4.129918452664118,1.869158602263954,1.398656718686797,2.0742481463743134,6.546906724631696,6.524903499203916
2024-08-19,105.65959930419922,106.14206322796268,104.21220753290882,105.65959930419922,872399,104.50168304443359,105.9490737915039,109.77910270690919,47.61253066004172,-2.3030230367270548,-2.528120504459582,0.22509746773252726,116.31049668703596,105.9490737915039,95.58765089597185,2578989.9,0.33827158454556183,3.8365767516494165,0.4587191567076765,-0.9462871123850913,0.2698102405719105,-4.588195024715347,-3.796475448736092
2024-08-20,104.69466400146484,106.62451955909553,104.69466400146484,105.6595917802802,1497912,104.7911605834961,105.39424018859863,109.79517262776693,46.13057821535594,-2.1308802502563395,-2.4486724536189337,0.31779220336259417,114.66788435762271,105.39424018859863,96.12059601957455,2425971.4,0.6174483343043533,3.582347259113586,-0.9132490650057057,-0.7001673407422859,0.08687670993854368,0.5097658636851854,1.3425588064488014
2024-08-21,103.24727630615234,105.17713193804305,102.282348490207,104.2122041220977,1700916,104.40518951416016,105.00826911926269,109.76343663533528,43.92222422226318,-2.087188136832637,-2.3763755902616746,0.2891874534290375,113.94170671744904,105.00826911926269,96.07483152107635,2289444.15,0.7429384114917151,3.490672084276581,-1.38248468450336,-0.0485705808362491,-0.8525040581436327,-0.9974608710138333,-0.9333701081062906
2024-08-22,102.76480865478516,104.21220032597931,102.2823447643871,103.72973643558126,1317202,104.30869598388672,104.57405166625976,109.63682276407877,43.18017586746587,-2.0676582522156366,-2.314632122652467,0.24697387043683028,113.02025458514794,104.57405166625976,96.12784874737159,2264548.5,0.581662084075479,3.282563214585331,-0.46729334528550215,-0.6270599155635659,-0.40049008413989284,-0.3756934793170852,0.010135611798389732
2024-08-23,103.72974395751953,103.72974395751953,101.31742433060047,102.2823521813681,1095733,104.01921844482422,104.23632698059082,109.53418528238932,45.17516216304225,-1.9518191076141989,-2.2420695196448133,0.2902504120306144,112.21469946242637,104.23632698059082,96.25795449875527,2218196.9,0.4939746331806703,3.1665307362298276,0.9389744557165125,1.0727248962346891,0.041630655400193284,0.017143358170113032,1.1750423825896528
2024-08-26,105.17713165283203,106.62452337282514,104.2122038395033,104.69466774616767,1271219,103.92272491455078,104.13983421325683,109.47935384114584,48.11775488618779,-1.7233578635555062,-2.138327188426952,0.4149693248714459,112.01807523833679,104.13983421325683,96.26159318817687,2177716.35,0.5837394755290329,3.130297226773265,1.395344903102469,-0.8756060974664415,0.3703771608125628,-2.6563725289228235,-3.5542730349078178
2024-08-27,105.17713165283203,105.6595955594964,103.72973993283892,105.17713165283203,868573,104.01921844482422,103.94684867858886,109.46399358113607,48.11775488618779,-1.5247246055202766,-2.0156066718456174,0.4908820663253408,111.50249720105207,103.94684867858886,96.39120015612566,2141560.7,0.4055794449347151,2.9702383467578257,0.0,0.17163104694757347,-0.24783653485163093,0.8098498154055722,-0.4256174048878347
2024-08-28,104.21220397949219,106.14205960874204,103.72974007217972,106.14205960874204,850220,104.21220397949219,103.6573699951172,109.39308001200358,46.20050476601106,-1.428698766408445,-1.898225090758183,0.46952632434973807,110.65961711206707,103.6573699951172,96.65512287816732,1939814.0,0.43829975451254605,2.8958491720650916,-0.9174310595623347,-0.35839014234928523,0.8368724645030357,0.4191475608481321,-1.0946610981550253
2024-08-29,106.14205932617188,106.14205932617188,103.72973979603161,103.72973979603161,953396,104.88765411376953,103.31964530944825,109.34643630981445,50.45265395950443,-1.1832348047890235,-1.7552270335643514,0.5719922287753278,108.96587322101729,103.31964530944825,97.6734173978792,1912112.45,0.4986087507562644,2.831378553141781,1.8518515807030234,0.9086610177773791,-0.7546069078691819,1.2869640342281663,0.2319025066735536
2024-08-30,106.62452697753906,107.10699090051436,105.1771352086132,106.14206305456378,1310747,105.46661071777343,103.19902954101562,109.34730504353841,51.48502131634774,-0.938948129852335,-1.5919712528219483,0.6530231229696133,108.41791051304114,103.19902954101562,97.9801485689901,1838004.2,0.7131360200373862,2.711175504976366,0.4545489831552896,-0.39083263225860865,0.29835457649001196,4.155212313371526,3.5545283251600557
2024-09-02,105.65959930419922,106.62452715172616,105.17713538043576,106.62452715172616,563310,105.56310424804687,103.56087760925293,109.33209164937337,49.27375635718022,-0.8138294595575104,-1.4363428941690608,0.6225134346115504,108.37305995013652,103.56087760925293,98.74869526836933,1619809.15,0.3477631917315691,2.5426710071515704,-0.9049772136790923,0.4331737370221411,-0.14815026617228666,2.3079412528011156,2.721636446894493
2024-09-03,103.24727630615234,106.14205975398839,103.24727630615234,106.14205975398839,938848,105.17713317871093,103.85035591125488,109.3082499186198,44.166599159503136,-0.8989636241615244,-1.3288670401675535,0.4299034160060291,107.72116325534165,103.85035591125488,99.97954856716811,1455743.6,0.6449267577065082,2.5896193325761674,-2.2831082210539866,-0.203152061097156,-0.642626632600074,-0.6445397829794919,-2.3727121647090343
2024-09-04,98.42263793945312,99.87002967385685,96.49278229358148,98.90510185092103,2895352,104.01921997070312,103.7056167602539,109.15663197835286,36.106157811873786,-1.340291017429422,-1.3311518356199274,-0.009139181809494579,108.14930736903567,103.7056167602539,99.26192615147214,1463793.45,1.9779785187589138,3.14493595657546,-4.6728965056599066,0.15659122730726782,-4.5240421627673495,-4.508590235860444,-6.45063491087825
2024-09-05,96.97525024414062,100.35249776508084,96.97525024414062,99.87003383351797,1463820,102.18585815429688,103.60912437438965,109.02036221822102,34.09581233170799,-1.7862474976223126,-1.4221709680204047,-0.36407652960190795,108.54794954193397,103.60912437438965,98.67029920684533,1446393.25,1.0120484176761748,3.175910831824094,-1.4705841314707424,-0.08130132213054475,0.4502065283094936,-1.6983710861986911,-0.3896927644905679
2024-09-06,97.45771026611328,98.90510200273873,96.97524635390481,97.94017417832177,862965,100.35249481201171,103.44026222229004,108.8921334584554,35.387236406109224,-2.0768006641389007,-1.5530969072441039,-0.5237037568947969,108.9736166549383,103.44026222229004,97.90690778964179,1356071.3,0.636371406134766,3.0097701407587376,0.49750840627689197,0.16272898106874933,1.1680285631374687,-2.1769134126565337,-0.6520334260308847
2024-09-09,96.97525024414062,97.45771417570352,95.14188583183858,95.23837714578808,1317277,98.615625,103.15078430175781,108.73218091328938,34.655899111510465,-2.319261629240728,-1.7063298516434289,-0.6129317775972991,109.39324917581892,103.15078430175781,96.9083194276967,1354866.15,0.9722561892922044,2.917244567839564,-0.49504551323366064,0.05905528468521659,-1.3564144167506398,-1.571892359339766,-0.0875023861931834
2024-09-10,94.56291961669922,98.42263062146245,94.0804557411038,98.42263062146245,1589331,96.87875366210938,102.71656646728516,108.4451862335205,31.185467329878264,-2.6752302231278975,-1.9001099259403227,-0.7751202971875748,110.04453672090133,102.71656646728516,95.38859621366899,1344847.85,1.1817924235815969,3.107235276175441,-2.4875735008347277,0.2563547314850423,-0.3800496824621358,-3.0863042946564834,-2.145834661597845
2024-09-11,96.01031494140625,97.45770662394001,94.65941456534512,94.65941456534512,1261274,96.3962890625,102.25822563171387,108.15863189697265,35.36754425340267,-2.8081743067024405,-2.0817228020927465,-0.726451504609694,110.06899896420565,102.25822563171387,94.44745229922209,1302699.1,0.9682005614343326,3.0789088403174882,1.5306161554379916,0.1557220455938646,-0.15704496945657676,-2.018142113188559,-2.573275842574674
2024-09-12,98.42263793945312,100.83495749679265,98.42263793945312,99.38756576238893,2380897,96.6857666015625,102.01699371337891,107.92017720540365,41.7242577905418,-2.6878947677020903,-2.2029571952146156,-0.4849375724874747,109.99536592811145,102.01699371337891,94.03862149864636,1352317.45,1.760605100525768,3.3116733356600103,2.512566487797785,-0.1585997292772645,2.9587275926014067,5.328792919000325,4.788699601139346
2024-09-13,98.90509796142578,99.8700257464153,98.42263406893102,99.38756185392054,711513,96.975244140625,101.7033920288086,107.72134043375651,42.93311964406519,-2.52454054288404,-2.2672738647485007,-0.2572666781355393,109.65176509276557,101.7033920288086,93.75501896485162,1286145.2,0.5532135873927765,3.063102447903246,0.49019212660146305,-0.5730778859112329,0.4913830054379842,-2.1707939093109974,-1.7095964089926863
2024-09-16,99.38756561279297,100.3524934342764,98.90510170205125,98.90510170205125,540150,97.45770721435547,101.38979034423828,107.51475652058919,44.18012767302081,-2.329299322841919,-2.2796789563671847,-0.049620366474734556,109.1741683423111,101.38979034423828,93.60541234616545,1269532.75,0.42547149728906164,2.8476748512295615,0.4878086785327751,0.04698615258813543,0.41558428502583844,-2.1707939093109974,-1.7095964089926863
2024-09-18,97.45771026611328,99.87002982715569,96.97524635390481,99.38756591494722,1105235,98.03666534423829,101.0279426574707,107.22864265441895,40.37924428607124,-2.303736408038745,-2.284490446701497,-0.019245961337247763,108.83824567419984,101.0279426574707,93.21763964074157,1249898.9,0.8842595189098895,2.8539560008324045,-1.941747274702621,0.24009018886061995,-0.7837052942722855,0.3795128173826212,1.1862720492998857
2024-09-19,99.87003326416016,100.83496112178489,97.94017754891068,98.42264147772305,1258421,98.80860900878906,100.8590805053711,107.00641695658366,46.567374917632215,-2.0650190543397713,-2.240596168229152,0.1755771138893807,108.61318273448789,100.8590805053711,93.1049782762543,1227774.15,1.0249613090485739,2.923728648144298,2.4752510514149284,-0.5025171841719578,1.6783629197754113,0.7750429865840402,3.2849670457804736
2024-09-20,100.35249328613281,101.79988501622127,99.87002937610333,101.31742110619179,1320154,99.194580078125,100.73846473693848,106.79223225911458,47.735736819663686,-1.8159699685853212,-2.1556709283003856,0.3397009597150644,108.44263789333007,100.73846473693848,93.03429158054689,1227921.75,1.075112481719621,2.7912122470741165,0.48308787551569754,-0.03461304571514834,0.5295654552418982,3.132621316657991,1.1463358296689874
2024-09-23,101.79988861083984,102.76481646497102,100.83496075670865,101.31742468377425,1070328,99.7735382080078,100.6419719696045,106.61795921325684,51.18432022402487,-1.484689491238825,-2.0214746408880737,0.5367851496492486,108.23595159745597,100.6419719696045,93.04799234175303,1226651.5,0.8725607884554007,2.7406937046426623,1.44231127429999,0.6956707184216482,0.5691005244930158,3.132621316657991,1.1463358296689874
2024-09-24,103.72974395751953,104.21220788290334,100.83496040521666,102.2823521813681,1484798,100.64197387695313,100.56960258483886,106.5074275970459,55.40910301832623,-1.0542711466739547,-1.82803394204525,0.7737627953712953,108.00759067209123,100.56960258483886,93.1316144975865,1237330.45,1.2000011799596462,2.8255675410485317,1.89573424196674,-0.17505941198043828,0.6562554474329074,2.000727641681843,4.2111090314436606
2024-09-25,105.17713165283203,105.6595955594964,101.31742039951709,102.7648121195102,3077494,102.18585815429688,100.56960258483886,106.39733645121257,58.3224488416467,-0.5895731842500567,-1.5803417904862114,0.9907686062361547,108.00759067209123,100.56960258483886,93.1316144975865,1347776.5,2.2833860065077554,3.0277818902393014,1.395344903102469,-0.7296520762731573,1.4703261303304016,-0.10698721444701853,0.7889896752783399
2024-09-26,105.65959930419922,109.03684677054349,105.17713538043576,108.07191892301655,3997370,103.3437713623047,100.64197235107422,106.31896909077962,59.277546487215545,-0.1802873533615923,-1.3003309030612877,1.1200435496996954,108.25528743585178,100.64197235107422,93.02865726629665,1505134.0,2.6558233353309406,3.1387063205689225,0.4587191567076765,0.5141959081656822,0.4270830660774827,4.0164174302636635,1.4810164853980012
2024-09-27,105.65959930419922,106.62452715172616,104.69467145667228,106.62452715172616,1525671,104.40519256591797,100.61784934997559,106.2563902537028,59.27754648721554,0.14243274039274922,-1.0117781743704803,1.1542109147632296,108.16051642509501,100.61784934997559,93.07518227485616,1533747.75,0.9947339776048572,2.9775262371669164,0.0,-1.264795450138878,-0.1575824966969841,3.169941822499056,3.4600374718658067
2024-09-30,104.21220397949219,106.14205960874204,103.72974007217972,105.65959570142958,837168,104.88765563964844,100.49723320007324,106.12232246398926,54.9002287920621,0.2781912182533688,-0.7537842958457106,1.0319755140990794,107.7051881673349,100.49723320007324,93.28927823281158,1510068.8,0.5543906343869895,2.9021653437529706,-1.369866376778417,0.36554889324060813,-2.6212834827579523,-5.75890755647972,-7.485402937969776
2024-10-01,103.24727630615234,105.17713193804305,102.76481239817967,104.2122041220977,652189,104.791162109375,100.37661705017089,105.96427841186524,52.13615806003979,0.3044101404332622,-0.5421454085899161,0.8465555490231783,107.29579206226228,100.37661705017089,93.4574420380795,1514512.75,0.43062628558260735,2.836852569901025,-0.9259257903515117,0.015832654460190554,0.7462542284165874,3.0643196006294726,6.829399729879615
2024-10-04,101.79988861083984,103.72974431910221,101.31742468377425,102.76481646497102,877611,104.11571350097657,100.30424766540527,105.74264005025228,48.21485289111707,0.20602184290902414,-0.3925119582901281,0.5985338011991522,107.12660162468681,100.30424766540527,93.48189370612373,1511450.9,0.5806414220931689,2.7802481786246163,-1.4018652569784518,0.6475584055064321,-0.3915951667323836,-1.0086757878815633,-0.9136064725488557
2024-10-07,102.76480865478516,103.72973643558126,102.2823447643871,103.24727254518321,698329,103.53675537109375,100.52135620117187,105.5686606089274,50.86791807048238,0.20356284587101925,-0.27329699745789865,0.4768598433289179,107.36790926765487,100.52135620117187,93.67480313468887,1401599.75,0.49823710370952906,2.666861464773523,0.9478596264815176,1.005679869258036,1.792829627283954,1.9306458466707976,3.398321380698466
2024-10-08,101.31742095947266,102.76481268746512,100.352493140811,102.2823487781343,996020,102.66831970214844,100.73846473693848,105.39424095153808,46.979860723286535,0.0838553500371404,-0.20186652795889085,0.2857218779960312,107.38398165165005,100.73846473693848,94.09294782222692,1378209.75,0.7226911578589543,2.6329225423576026,-1.4084468353117496,-0.6747083567230305,-0.4015843133057917,-2.051909629379778,-2.1401256335448426
2024-10-09,100.83495330810547,103.24727276523717,100.83495330810547,102.28234498238449,836501,101.9928695678711,100.90732688903809,105.16105003356934,45.72523931724211,-0.049375638546166556,-0.17136835007634602,0.12199271153017946,107.37098111329283,100.90732688903809,94.44367266478335,1376886.55,0.6075308092740103,2.6035087976608158,-0.47619416956948823,0.1500498127376071,0.2109089790889307,2.757378816173328,-0.2863911321917767
2024-10-11,100.35249328613281,101.79988501622127,100.35249328613281,101.79988501622127,723405,101.41391296386719,101.0761890411377,104.79116096496583,44.44697406464749,-0.19168304572981754,-0.17543128920704032,-0.016251756522777216,107.27849333666968,101.0761890411377,94.87388474560571,1347192.95,0.5369720796119072,2.449359855317834,-0.4784650621084574,-0.09929871833751491,1.070478351454196,-1.0234201509584762,-0.6319109899102338
2024-10-14,101.31742095947266,101.79988486880347,99.87002923148019,100.83495705014184,1485043,101.31741943359376,101.41391410827637,104.49364153544109,47.601964959514035,-0.22401874356192764,-0.18514878007801777,-0.038869963483909864,106.80552744073222,101.41391410827637,96.02230077582053,1341978.55,1.106607106350545,2.380092626251894,0.9615383153346979,-0.20343946585824613,0.3215858580000841,-1.0234201509584762,-0.6319109899102338
2024-10-15,102.2823486328125,104.21220426739387,102.2823486328125,102.76481254145784,1336396,101.22092742919922,101.72751579284667,104.20416323343913,50.621977636605685,-0.16982577226866624,-0.18208417851614747,0.01225840624748123,106.48850800008995,101.72751579284667,96.9665235856034,1345734.65,0.9930605561802247,2.4487180504744708,0.9523808089487495,0.06846983628858716,1.3786551243744505,0.508238887300605,0.1324797741563799
2024-10-16,100.83495330810547,101.79988109095815,100.35248941667912,100.83495330810547,1034606,101.12443389892579,101.8481315612793,103.84231516520182,46.31028035327764,-0.24089329049395758,-0.1938460009117095,-0.047047289582248075,106.37296268180854,101.8481315612793,97.32330044075006,1278420.1,0.8092848352431254,2.3795368725623254,-1.4150978580899531,0.05909743352694452,-1.2066723441250926,-2.1447183716248652,-1.9317253044048743
2024-10-17,102.2823486328125,103.24727645010319,101.31742081552181,101.31742081552181,768348,101.41391296386719,102.01699409484863,103.48850835164389,50.821263500363955,-0.17836601202724012,-0.19075000313481563,0.012383991107575515,106.32631729899924,102.01699409484863,97.70767089069801,1281261.85,0.5996806975873042,2.383908375153711,1.4354103187656175,-0.11191169434519033,0.1862561878152258,0.017809110950661733,-1.5110596237851937
2024-10-18,101.31742095947266,103.72974050612677,101.31742095947266,103.24727659679594,775292,101.60689849853516,102.11348686218261,103.15078366597494,47.93004957934299,-0.20431902976815763,-0.19346380846148406,-0.010855221306673574,106.25818689237298,102.11348686218261,97.96878683199225,1293018.95,0.599598327619251,2.3876965313537655,-0.9433960856764068,-0.20848772856875142,1.8800759024857339,-0.8195224252875999,-0.1917795097714392
2024-10-21,102.76480865478516,103.24727254518321,101.79988087398905,101.79988087398905,779400,101.89637603759766,102.37884178161622,102.93367487589518,52.31247328943615,-0.10686304199302299,-0.17614365516779187,0.06928061317476888,105.90133362736208,102.37884178161622,98.85634993587036,1276727.2,0.6104671381638929,2.326650538601337,1.428567448328022,-0.08108075314693375,0.23527539270360442,1.6346351120187341,-1.2627036443613626
2024-10-22,103.72974395751953,103.72974395751953,102.2823521813681,103.72974395751953,813262,102.18585510253907,102.57182731628419,102.813058980306,55.02984817326608,0.047684072772511854,-0.13137810957973114,0.179062182352243,105.9348993766628,102.57182731628419,99.20875525590557,1254469.25,0.648291697863459,2.20941603694135,0.9389744557165125,0.028084610514422792,-0.030156527726787896,-0.5302237709548852,0.16680553763983585
2024-10-23,101.79988861083984,103.72974431910221,101.79988861083984,103.24728039203661,867370,102.37884216308593,102.64419708251953,102.6522378285726,49.01425559548613,0.014276011696736646,-0.1022472853244376,0.11652329702117424,105.86548819869434,102.64419708251953,99.42290596634471,1231830.05,0.7041312232965903,2.172141326450819,-1.860464774182824,-0.11543711676430535,-0.852629098085167,-0.7285009475968884,0.27754858718704867
2024-10-24,100.83495330810547,102.28234498238449,100.83495330810547,101.3174171995318,845701,102.08936309814453,102.59595031738282,102.49141642252604,46.28954053774331,-0.08903598066565621,-0.09960502439268132,0.010569043727025107,105.89836902891851,102.59595031738282,99.29353160584712,1220598.7,0.6928575296696613,2.075508039494579,-0.9478746154852113,-0.03123109124840706,-0.6095637401184573,-0.39377025633786644,1.4669180033243912
2024-10-25,102.2823486328125,102.2823486328125,100.83495690687647,101.31742081552181,747189,102.2823486328125,102.52358055114746,102.41100578308105,50.715268624034934,-0.053502034469630644,-0.09038442640807118,0.036882391938440534,105.7845608600595,102.52358055114746,99.26260024223542,1183718.25,0.6312219989849781,1.9917596775229058,1.4354103187656175,-0.06311938616798685,0.6723275032274767,-0.9703487581335435,0.190949365408577
2024-10-28,101.31742095947266,102.2823487781343,100.352493140811,101.79988486880347,805523,101.99287109375,102.33059501647949,102.28234875996908,47.88259943324265,-0.10202662567112952,-0.09271286626068286,-0.009313759410446668,105.38036062995138,102.33059501647949,99.2808294030076,1070119.7,0.7527410251395241,1.9835058054962917,-0.9433960856764068,0.25012638112038577,-0.6440637870254728,0.7802656493707261,1.1979344309869466
2024-10-29,98.90509796142578,100.83495353140482,98.42263406893102,100.83495353140482,1287342,101.02794189453125,101.99286994934081,102.09740409851074,41.623384078694805,-0.33131779382794946,-0.1404338517741362,-0.19088394205381326,104.98586809477958,101.99286994934081,98.99987180390205,934618.3,1.377398666386053,2.1050099501690047,-2.3809557874670095,-0.15593671303683054,-1.170271773009135,0.25206743782251184,0.6187724400655181
2024-10-30,97.45771026611328,100.35249373936418,96.97524635390481,99.38756591494722,1862164,100.15950622558594,101.58277549743653,101.84009005228678,38.38149491111996,-0.6226472967811247,-0.2368765407755339,-0.38577075600559085,104.7051868469611,101.58277549743653,98.46036414791196,951442.95,1.9571998510262756,2.27464160820772,-1.4634106078910136,-0.033745516386241015,-0.4630438149480831,-1.1135061342367525,0.8288819451965468
2024-11-01,98.42263793945312,98.42263793945312,94.9488992492472,95.04539055917778,1770269,99.67704315185547,101.29329719543458,101.6631866455078,41.644637965882715,-0.7668269243352057,-0.3428666174874683,-0.42396030684773744,104.46244190873777,101.29329719543458,98.12415248213138,998098.0,1.7736424679740868,2.4345212191408137,0.9900988548828593,-0.008469656393517155,-0.17681353912938347,-2.899888706551057,0.2985083566209523
2024-11-04,97.45771026611328,98.42263809053026,96.97524635390481,97.94017417832177,782400,98.71211547851563,101.00381889343262,101.64710451761881,39.39775175768801,-0.94802368995785,-0.46389803198154467,-0.48412565797630536,104.4656182581222,101.00381889343262,97.54201952874304,1004608.55,0.7788108114349613,2.3029039548054318,-0.9803920048692905,0.18830568818823945,0.8134762750590552,-2.899888706551057,0.2985083566209523
2024-11-05,96.29979705810547,97.94017136781585,96.29979705810547,96.97524357108861,1544869,97.70859069824219,100.7288143157959,101.62780596415202,36.82979769645121,-1.1715524238912138,-0.6054289103634786,-0.5661235135277353,104.75258067330944,100.7288143157959,96.70504795828236,1037971.45,1.4883540390248693,2.2145666687927585,-1.1881186258594356,-0.03382976410999383,0.6157022965944003,6.581708534230013,6.0606056493433424
2024-11-06,96.49278259277344,97.94017433166505,96.29979997231392,96.49278259277344,1145121,97.22612762451172,100.41521301269532,101.54739532470703,37.56028081699572,-1.3179358915989212,-0.7479303066105671,-0.5700055849883541,104.73743419698798,100.41521301269532,96.09299182840266,1060311.05,1.0799859154537716,2.1380080827616683,0.20040076984952915,-0.2810876692411757,0.47861170401419795,-1.517042985209549,5.892861964262153
2024-11-07,99.87003326416016,101.31742505059725,96.97524969128594,96.97524969128594,1708595,97.70859222412109,100.34284362792968,101.5634775797526,48.733003403612,-1.1481942712410955,-0.8279830995366728,-0.3202111717044227,104.64990212007736,100.34284362792968,96.035785135782,1095939.8,1.5590226762455381,2.496225999436621,3.5000033998808577,1.6098729025626257,0.8245523226092066,0.6524152487077162,-1.469523150712937
2024-11-08,98.90509796142578,101.79988131639433,98.42263406893102,101.31741742389958,1110134,97.80508422851562,100.2463508605957,101.53131332397462,46.18989633933269,-1.079095883187506,-0.8782056562668394,-0.2008902269206665,104.59327474915692,100.2463508605957,95.89942697203448,1109621.45,1.000461914286174,2.613695499173514,-0.966191029677621,-0.9296486058043341,0.6197250034959412,-2.7007705384617386,-0.07335263485093169
2024-11-11,97.45771026611328,97.94017417832177,96.49278244169632,97.45771026611328,855440,97.80508422851562,100.10161170959472,101.44286168416342,42.59892857385018,-1.1281227071797133,-0.9281890664494142,-0.19993364073029907,104.622931064211,100.10161170959472,95.58029235497844,1116223.2,0.7663700234863422,2.5868448352476405,-1.4634106078910136,0.627458984621776,-0.1029553901989333,-0.38859158412376527,-0.7585070390935811
2024-11-12,95.43135833740234,96.49277741662226,95.04538575537292,96.10680483459284,1958051,97.631396484375,99.80730857849122,101.31259638468424,38.12960768624383,-1.315324244994656,-1.0056161021584626,-0.3097081428361934,104.74271981021077,99.80730857849122,94.87189734677166,1139873.6,1.7177790590114552,2.56357545864667,-2.079211509461776,0.4336932611868294,-2.3284295008224376,-1.7276711600911487,2.1203118162355095
2024-11-13,95.14188385009766,95.91382906924532,93.79098339749683,95.43136514773184,1446910,97.36121673583985,99.45028533935547,101.14534225463868,37.52394412699266,-1.4700946483099244,-1.098511811388755,-0.37158283692116933,104.6574242018772,99.45028533935547,94.24314647683374,1145399.3,1.2632363229137646,2.504811487060247,-0.3033326700446204,0.1235439255507842,-0.5288498883201043,-1.7769279992892684,-2.6557178182045393
2024-11-14,92.15060424804688,95.72083413806203,92.15060424804688,95.2383702414754,2770152,95.81733093261718,99.01606788635254,100.96039772033691,31.88732604627988,-1.813220890976254,-1.2414536273062549,-0.5717672636699991,105.1098964228968,99.01606788635254,92.9222393498083,1232176.6,2.248177736860122,2.646867274120902,-3.144019732427983,-0.020971256315938103,-0.6336314481737659,0.5581140134859996,-1.7609123111836489
2024-11-15,92.53657531738281,94.94889476068364,92.24709403946083,93.11553051141206,1581614,94.54362640380859,98.52877922058106,100.74972178141276,33.27999729885954,-2.0305987919105206,-1.399282660227108,-0.6313161316834126,105.06541723889401,98.52877922058106,91.9921412022681,1272839.9,1.2425867542335844,2.667057039256351,0.41884811552292955,0.3986669276656585,0.12057324525860391,0.8229653195100939,0.4039401817746757
2024-11-18,90.5102310180664,92.63306924350407,90.22074973195448,92.53657793540508,1817259,93.15413055419921,97.98841972351075,100.4972323099772,29.83143557549829,-2.3394140852727503,-1.5873089452362366,-0.7521051400365137,105.29576424188245,97.98841972351075,90.68107520513904,1324938.25,1.3715801472257292,2.633092035562115,-2.189776628718354,-0.23173876056459264,-0.8628257366824488,-0.9870824486651553,-1.7601213346177258
2024-11-19,92.15060424804688,92.24709555500124,90.51022994437825,90.8961951721957,1111638,92.49797973632812,97.45770950317383,100.28816464742025,35.64510612302608,-2.4238474154552705,-1.7546166392800433,-0.6692307761752272,104.84575432845469,97.45770950317383,90.06966467789297,1341550.15,0.8286220235598349,2.5135951789035644,1.8123622175409526,-0.06007286302424086,1.3406124900682936,-1.1503090393315651,-2.1499854312588162
2024-11-20,90.70321655273438,90.70321655273438,90.70321655273438,90.70321655273438,1455341,91.61024627685546,96.80638313293457,100.07909698486328,33.043615458731665,-2.5778378188943663,-1.919260875202908,-0.6585769436914584,104.16301949426975,96.80638313293457,89.4497467715994,1373654.1,1.0594668628732662,2.3714341810914226,-1.570676293577511,-0.36001887929690835,-0.7021874267539641,-0.6594331081660632,0.36620205628161706
2024-11-21,91.5716552734375,92.2471018298784,90.5102361011095,90.70321872814539,857250,91.4944564819336,96.29497146606445,99.89254442850749,36.05898717534585,-2.5998313388103043,-2.0553749679243873,-0.5444563708859169,103.61195832177111,96.29497146606445,88.9779846103578,1373148.1,0.624295369159379,2.286825054115087,0.9574508531328796,0.45165552347810056,-0.5848779832719808,0.35142792700151304,-1.902525372789754
2024-11-22,93.11553955078125,94.27345005124614,92.1506116797887,92.1506116797887,1159576,91.61024932861328,95.90900077819825,99.71564102172852,41.134392610952666,-2.4642761617619016,-2.13715520669189,-0.3271209550700114,103.0293909776081,95.90900077819825,88.7886105787884,1388841.85,0.8349229971720682,2.3421543506075615,1.6859848964547286,0.10408579018676978,1.5457767754733176,-0.31128861222278204,-0.345375856193364
2024-11-25,94.85240936279297,95.04539198555025,93.59800022942512,94.17695545951214,1339145,92.47868499755859,95.53750381469726,99.54356231689454,46.29871247440183,-2.1914353267998337,-2.148011230713479,-0.04342409608635478,102.002981636852,95.53750381469726,89.07202599254252,1418439.65,0.9440972691365473,2.287180761829087,1.8652845920143157,0.194435698150075,0.19231667879251457,0.05855502149658687,1.1996690263859522
2024-11-26,93.79098510742188,95.72084082865949,93.59800248002425,95.23837689835008,1708822,92.8067611694336,95.16118202209472,99.35379320780436,43.77145818182587,-2.037369538277389,-2.125882892226261,0.08851335394887228,101.06161804593539,95.16118202209472,89.26074599825405,1463604.6,1.1675434745149065,2.265268440069908,-1.1190271944609642,-0.7261611146034852,-1.1748520051593436,-1.4823553039917114,-2.6080031735091325
2024-11-27,90.7997055053711,93.79098024587712,90.7997055053711,93.79098024587712,1230241,92.82605895996093,94.75591239929199,99.13025156656902,37.55060867463136,-2.1320654324672432,-2.1271194002744576,-0.004946032192785665,100.68696611842056,94.75591239929199,88.82485868016342,1460749.55,0.8421984453118606,2.3620699283340243,-3.189303959889933,0.22577646053867362,-1.5167516755981714,-0.6731214740465785,1.271301165009464
2024-11-28,89.64179992675781,91.18568303487947,88.67687206395486,90.89620173131244,1424326,92.440087890625,94.36511688232422,98.85524724324544,35.450316941618084,-2.274328866579822,-2.1565612935355305,-0.11776757304429131,100.57025318411529,94.36511688232422,88.15998058053314,1438857.65,0.9899005645207503,2.3816354006794365,-1.2752305441616096,0.030242115860379393,-0.16064141835966383,-0.7574383168564514,2.4305591840923624
2024-11-29,90.89619445800781,91.089184432215,88.29089238163625,89.35231147342412,808783,91.99621887207032,93.98879470825196,98.59310836791992,39.4044310531239,-2.259804883786771,-2.1772100115857786,-0.08259487220099215,100.06948427390914,93.98879470825196,87.90810514259478,1390783.35,0.5815305453577654,2.437189620666012,1.399341080026173,0.24526484448965657,-0.1632385004971093,0.8234693838280016,0.5997398304352641
2024-12-02,90.7997055053711,92.44008720048502,90.7997055053711,91.764633315974,1171250,91.18567810058593,93.65589447021485,98.34544347127279,39.20548741057523,-2.230370057207267,-2.187842020710076,-0.042528036497190946,99.6655480200443,93.65589447021485,87.6462409203854,1410225.85,0.8305407250902399,2.330948563925735,-0.10615290685386247,-0.170188817196526,2.131071027512643,-0.6175401616571596,4.173144264827666
2024-12-03,93.30851745605469,94.17695396834223,91.7646344129963,92.05411570436382,1701759,91.0891845703125,93.5063304901123,98.17979749043782,46.735535809421634,-1.981758113739076,-2.1466252393158762,0.16486712557680017,99.38642639356355,93.5063304901123,87.62623458666106,1418070.35,1.2000525925952827,2.470455217131789,2.763017717645777,0.4701136177487131,1.2777945571064597,2.3451673368766857,1.8661374415923193
2024-12-04,98.42263793945312,99.38756576238893,93.01904360337556,93.30851753316728,5019676,92.6137710571289,93.60282325744629,98.17979749043782,58.122370296654324,-1.3564285113348973,-1.9885858937196805,0.6321573823847833,99.74669008204589,93.60282325744629,87.45895643284669,1611798.1,3.1143329924511014,2.9901974760493326,5.4808720820229695,-0.39120209053116195,0.9895539123634611,-1.135912937471506,-0.8060539073974082
2024-12-05,96.97525024414062,102.2823534913324,96.97525024414062,99.87003383351797,6590444,94.08046112060546,93.45808410644531,98.17979749043782,54.56692861731789,-0.9665011630792293,-1.7841689475915905,0.8176677845123612,99.09583425453125,93.45808410644531,87.82033395835937,1855890.55,3.5510951871596093,3.2991182455349914,-1.4705841314707424,-0.4651336042930887,0.054221440666024634,0.0,1.8714544768006824
2024-12-06,95.72084045410156,97.45771354114513,95.72084045410156,96.4927856843021,1884648,95.04539031982422,93.2988712310791,98.15084966023763,51.61975691116397,-0.7500551479751607,-1.5773461876683046,0.8272910396931439,98.44756975926163,93.2988712310791,88.15017270289658,1894616.25,0.9947386443032988,3.0908188910694676,-1.2935360175725386,0.03032821885522452,-0.3209133409747267,-0.5348793372351057,-1.9821130406072807
2024-12-09,94.17695617675781,96.97524839894105,94.17695617675781,95.7208392560197,1708133,95.72084045410156,93.13483352661133,98.10421142578124,48.171303811515244,-0.6950861594284419,-1.4008941820203322,0.7058080225918903,97.92199029665827,93.13483352661133,88.3476767565644,1937250.9,0.8817303943438612,3.05181533521797,-1.6129029686947294,0.20171769247800952,0.3448434410777468,-0.21906928145114524,-0.9124519868723202
2024-12-10,93.5979995727539,96.97524698001823,93.5979995727539,93.88748086667404,1694029,95.7787368774414,93.04316558837891,98.08812942504883,46.905835722714556,-0.6902826506650399,-1.2587718757492736,0.5684892250842337,97.7139610482214,93.04316558837891,88.37237012853642,1924049.8,0.8804496640367624,3.0952062781574834,-0.6147539987566342,-0.05310753893845721,-0.6366533332259117,0.9580676437808577,0.1742210845651071
2024-12-11,92.72956085205078,94.36994254230835,92.24709694817766,93.11553344751226,1089108,94.64012145996094,92.92254943847657,98.03345019022623,44.996343598367055,-0.7479299118248548,-1.1566034829643899,0.40867357113953506,97.4885642402539,92.92254943847657,88.35653463669924,1906159.7,0.5713624099806538,2.9655581869539116,-0.9278389759047045,0.472647811741278,-0.957614927178041,-0.5931111296767155,-0.39752348526578274
2024-12-12,91.66814422607422,93.98397249993806,91.66814422607422,93.21202728804508,952175,93.57870025634766,92.89842643737794,97.92087529500326,42.707948073216635,-0.8692431388874979,-1.0991314141490116,0.22988827526151367,97.48665686645509,92.89842643737794,88.31019600830078,1815260.85,0.5245389388527825,2.878927531875236,-1.1446367439074234,-0.1168319802240636,0.6250970544977807,0.5966499267977543,2.070341111587415
2024-12-13,89.73828887939453,91.18568063551379,89.15933364930986,91.08918932413555,1572059,92.38218994140625,92.75851211547851,97.76809514363607,38.84019433678318,-1.1083317844536538,-1.10097148820994,-0.007360296243713815,97.55895815915875,92.75851211547851,87.95806607179827,1814783.1,0.8662517300276821,2.829578604527119,-2.105262807459296,-0.06095614844506825,-0.11420375760532453,-1.423478674737788,-1.026392144058852
2024-12-16,88.38739013671875,90.70321846346823,88.29089882348238,89.93127323394664,1319068,91.22427673339844,92.65237007141113,97.5847588857015,36.358015854695736,-1.390785388977278,-1.1589342683634076,-0.23185112061387048,97.7469896755507,92.65237007141113,87.55775046727156,1789873.55,0.7369615579826854,2.773944075921617,-1.5053760881170164,0.09948574552680611,0.08435932473851437,-0.9225790870207029,0.12345772285153878
2024-12-17,88.96634674072266,90.99270115880235,88.86985542600824,88.86985542600824,1504380,90.29794616699219,92.49315719604492,97.44323616027832,38.18140204509384,-1.5500469695356287,-1.237156808597852,-0.3128901609377768,97.84626709563022,92.49315719604492,87.14004729645961,1809510.65,0.8313739407944353,2.7514596687432147,0.655021720981197,-0.2501633362811728,-0.0950118039959369,-0.3441333195324803,1.2083826953210197
2024-12-18,90.12425994873047,90.89619778839834,88.6768682173113,89.06284081805275,1118281,89.77688598632812,92.46420936584472,97.28080660502116,41.774451677617726,-1.5647910634136508,-1.3026836595610116,-0.2621074038526392,97.86413156236463,92.46420936584472,87.06428716932481,1792657.65,0.623811802549137,2.6805089890557254,1.3015182149519466,0.03948023999278405,0.6545316375484278,0.24375226690018792,0.14620482548035607
2024-12-19,88.67686462402344,89.73828371169125,88.48387465056537,88.67686462402344,1236010,89.17863006591797,92.31946983337403,97.08621279398601,38.74311326710627,-1.6739720624295984,-1.376941340134729,-0.2970307222948694,97.96951585927984,92.31946983337403,86.66942380746822,1811595.65,0.6822769749971525,2.5418258302703087,-1.6059996781448427,0.7653556048109023,-1.0204294103727585,-1.9047618074468975,-2.87104581001264
2024-12-20,87.80843353271484,89.35231660598195,87.711942220976,88.67687006199485,1564002,88.79265899658203,92.0541145324707,96.85302187601725,37.007907143714476,-1.8097126807666513,-1.4634956082611135,-0.3462170725055378,98.03552077879773,92.0541145324707,86.07270828614368,1831816.95,0.8537981920082135,2.421632304235062,-0.9793209254641666,-0.14688883539788478,-1.840203207273594,0.8056318186964839,1.1523057140378157
2024-12-23,89.73828887939453,90.51023409405087,88.96634366473819,88.96634366473819,1057104,89.06283874511719,91.79840850830078,96.6198309580485,43.10603890803537,-1.741490087070332,-1.5190945040229573,-0.22239558304737472,97.71300563973757,91.79840850830078,85.88381137686399,1817714.9,0.5815565466289571,2.458988071848524,2.197801815882161,-0.042905113412716744,2.640082018191703,1.6393371476068896,0.9162933636882586
2024-12-24,89.44880676269531,90.79970719504097,89.35231545220243,90.79970719504097,779910,89.15933074951172,91.58129959106445,96.35769220987956,42.4423089290321,-1.691285886650988,-1.5535327805485637,-0.1377531061024242,97.50669937859678,91.58129959106445,85.65589980353212,1771269.3,0.44031136315635344,2.324108561313859,-0.3225848412245491,-0.024526060488960777,0.06795708770699349,-0.584679624845319,-2.159509415414518
2024-12-25,89.93126678466797,90.31723937174935,89.54530155940137,89.73828417203467,535782,89.12073211669922,91.53787765502929,96.09555333455404,43.99020423298774,-1.5941913587958396,-1.561664496198019,-0.03252686259782056,97.500007832579,91.53787765502929,85.57574747747958,1736546.35,0.3085330834964468,2.130018434345883,0.5393699921035333,0.018390283940372676,0.4320483869864056,0.5881182323196787,0.476547330423438
2024-12-26,90.9926986694336,92.34359176210857,90.51023474724532,90.51023474724532,1152112,89.58389892578126,91.60542259216308,95.85110499064128,47.34519775066299,-1.415280095636902,-1.5323876160857957,0.11710752044889361,97.50741325028713,91.60542259216308,85.70343193403903,1722935.65,0.6686912537911675,2.1676593067585124,1.1802701359774348,0.2879211150416561,0.11545410278845925,0.2822545718063063,2.0968592282673004
2024-12-27,90.7997055053711,91.18567810197524,90.41373290876693,90.99269548458065,555764,90.1821533203125,91.60059814453125,95.62756334940592,46.79632218346688,-1.2743743715414553,-1.4807849671769278,0.20641059563547248,97.50518699661185,91.60059814453125,85.69600929245064,1710284.7,0.3249540851298032,1.9815640916184853,-0.2120974175781054,0.041578320025936755,0.12363018552592475,3.156412780761886,2.616123377635571
2024-12-30,89.35231018066406,90.89619314291068,89.15932757106374,90.89619314291068,800042,90.1049575805664,91.52822837829589,95.39598058064779,42.789795010585046,-1.264917099402922,-1.4376113936221266,0.17269429421920468,97.50913532008735,91.52822837829589,85.54732143650443,1691724.3,0.47291511979818457,1.9489376223156119,-1.5940528844792468,0.26587407296438936,-0.3672522989560889,-0.23387105888642568,-1.238969338809004
2024-12-31,89.25582122802734,89.25582122802734,88.09791081628158,88.58037471481146,1053040,90.06636047363281,91.32559356689453,95.18691279093424,42.52839208515204,-1.2507896704517094,-1.4002470489880432,0.14945737853633378,97.3271129357601,91.32559356689453,85.32407419802895,1659288.35,0.6346335162300151,1.856332521257861,-0.10798708219365016,-0.14782773801352844,-0.6688153383762052,-0.23387105888642568,-1.238969338809004
2025-01-02,88.38739013671875,89.83478192071027,88.09791619700964,89.25582667947673,961278,89.75758514404296,90.8238311767578,94.94728914896648,40.15095738299394,-1.2947437129395922,-1.3791463817783531,0.08440266883876091,95.93967458900576,90.8238311767578,85.70798776450985,1456368.45,0.6600513764219488,1.8404036149168972,-0.9729685743296912,0.1251537494249222,-0.8814334035584737,-0.23387105888642568,-1.238969338809004
2025-01-03,89.73828887939453,92.05411716154839,89.64179756801627,89.64179756801627,1933969,89.50670318603515,90.46198310852051,94.75430361429851,45.275806908712276,-1.2066617244424265,-1.344649450311168,0.13798772586874142,94.6930976981593,90.46198310852051,86.23086851888172,1223544.7,1.5806279901339118,2.083913402905263,1.528384015622808,0.20975544231986998,0.3339174500631481,-0.23387105888642568,-1.238969338809004
2025-01-06,91.378662109375,91.6681434016853,89.93127037145366,90.51023295607426,1315014,89.62249450683593,90.24487419128418,94.59669876098633,50.78657415018065,-0.993044504573632,-1.274328461163661,0.2812839565900289,93.71741504341547,90.24487419128418,86.7723333391529,1195063.0,1.1003721142734735,2.0633722188233303,1.8279524275140568,0.12929662335154912,2.79117234558639,-1.250242822023373,-3.5464475319510913
2025-01-07,90.31724548339844,92.63307380078102,90.31724548339844,92.24710118758138,825717,89.81548156738282,90.05188865661621,94.42944463094075,47.45648281210201,-0.8990352511409441,-1.1992698191591176,0.3002345680181735,92.99260698589664,90.05188865661621,87.11117032733578,1150942.2,0.7174269915552667,2.097033031964564,-1.1615585099135184,-0.5362688493261603,0.43978199844929566,3.6003910399968087,2.3761872514421523
2025-01-08,90.70321655273438,91.08918915936435,89.9312713394744,90.02777001249326,536864,90.10496063232422,89.90714950561524,94.25254122416179,48.771916283544044,-0.7843461467536059,-1.1162850846780152,0.3319389379244093,92.3569616294471,89.90714950561524,87.45733738178338,1093083.95,0.4911461740884586,1.9718176703546149,0.427350355151046,-0.034527787352645056,-1.031401095838369,-0.5919325966183719,-2.736379074684092
2025-01-09,87.51895141601562,91.1856801222722,87.32596879434533,91.1856801222722,1892324,89.9312728881836,89.64661903381348,94.00648460388183,39.89758714619222,-0.9395670457125505,-1.0809414768849224,0.14137443117237192,91.9356070483959,89.64661903381348,87.35763101923106,1133244.75,1.6698281637748598,2.223536824697583,-3.510641912977186,0.5983308797275377,-1.3935772156041248,-1.2293493276538836,-1.6327553532515693
2025-01-10,86.55401611328125,88.19439770315269,86.45752481077457,87.03647998762912,1212119,89.29441833496094,89.39091262817382,93.7684689839681,37.6612654459817,-1.1274464403205968,-1.0902424695720572,-0.03720397074853965,91.86423885754364,89.39091262817382,86.917586398804,1146241.95,1.0574722029672705,2.158648300388321,-1.1025444056654843,-0.27125588031043923,-0.3001217089277253,-1.8864321943144469,-3.21756640634282
2025-01-13,83.56275177001953,85.49260750309996,82.69431521777027,85.49260750309996,2173708,87.73123626708984,89.08213577270507,93.45647570292155,31.724801422545113,-1.5004163815378604,-1.1722772519652178,-0.3281391295726426,92.66564488277754,89.08213577270507,85.4986266626326,1176324.4,1.8478814177449692,2.3854553130713425,-3.4559509513074183,0.8080683673291622,-2.2750412660863084,-1.8864321943144469,-3.21756640634282
2025-01-14,86.36104583740234,86.84350978062805,83.56275349433011,83.56275349433011,2048594,86.93999633789062,88.98081855773925,93.20720278422037,41.08122512506251,-1.552304798694223,-1.248282761311019,-0.3040220373832041,92.75646513744992,88.98081855773925,85.20517197802859,1212800.7,1.6891431543533906,2.5048290060763,3.348733745729482,-0.12629097569892833,1.3748884512583492,-0.9910823082587283,-2.348290764294503
2025-01-15,88.09791564941406,88.96634482495878,86.8435064996924,87.13298779941748,2739798,86.41893615722657,88.93739700317383,92.96275456746419,46.025411641467,-1.436714316605574,-1.2859690723699302,-0.15074524423564384,92.73366270805327,88.93739700317383,85.14113129829438,1274571.6,2.149583436505254,2.518225003606985,2.011172740174816,-0.308884934043574,-1.2411403721450665,-1.141136436047463,1.567151864786509
2025-01-16,89.73828887939453,90.22075279810095,88.09791450051875,88.77336104198169,2971897,86.86280364990235,88.91809844970703,92.72956364949545,50.269856899592355,-1.1989231762059944,-1.2685598931371431,0.0696367169311487,92.69282307953107,88.91809844970703,85.143373819883,1367252.4,2.173627195680915,2.4655067761370124,1.8619886950655529,-0.47462027715259314,2.2675507006747475,-4.495744102033717,-0.31924024464743406
2025-01-17,90.70321655273438,91.28217178177178,88.58037825899218,89.73828871706698,1799593,87.69264373779296,89.01941604614258,92.54461911519368,52.62965536419524,-0.9219823466668942,-1.1992443838430933,0.2772620371761991,92.8747948294558,89.01941604614258,85.16403726282937,1395431.55,1.2896318705134622,2.4970116756893566,1.0752686343693085,0.14330122044485805,0.5341148174661026,-0.19085183603871902,-1.8948421762492118
2025-01-20,89.1593246459961,90.22074368760504,89.1593246459961,90.22074368760504,895053,88.81195831298828,89.08696060180664,92.35002530415854,48.651698883452426,-0.817658460281578,-1.1229271991307903,0.30526873884921235,92.90011213307288,89.08696060180664,85.2738090705404,1361984.1,0.6571684647419892,2.369929039829213,-1.70213578461208,0.2040049502909147,0.5129593209210137,2.783093818670479,2.203476780153868
2025-01-21,89.83477783203125,90.51023171757433,89.54530390549705,89.64179521434178,725108,89.50670471191407,89.09178504943847,92.14256579081217,50.41741826949849,-0.6727228710904853,-1.0328863335227294,0.36016346243224406,92.90864869524222,89.09178504943847,85.27492140363472,1345384.3,0.5389597604193835,2.234059444062416,0.7575799712671971,-1.8049163113836197,0.14264713733647127,0.14469131303875837,-0.3992510712928832
2025-01-22,89.64179992675781,90.51023647564355,89.06284468143912,90.51023647564355,584698,89.81548156738282,89.1014347076416,91.94797210693359,49.88957808044833,-0.5668972381438948,-0.9396885144469626,0.37279127630306774,92.92307166674404,89.1014347076416,85.27979774853917,1335623.7,0.4377715070494781,2.1291704240813516,-0.2148142511514406,0.8293035215003464,0.9673832452960607,2.7451004881298147,-0.6146384816611783
2025-02-03,87.42245483398438,89.06283646653445,86.65051703203258,87.90491872088474,952500,89.35231475830078,88.97599411010742,91.75659472147623,44.16314982113124,-0.6545668238554896,-0.882664176328668,0.22809735247317842,92.84731819323818,88.97599411010742,85.10467002697666,1356459.6,0.7021956274997058,2.2441187535005356,-2.4757926487272264,-0.3354747105550504,-3.5310722033439546,-4.110138831841626,-8.922423332822692
2025-02-04,89.25582122802734,91.28216812948986,87.90492083978071,88.29089343096759,1597399,89.06283569335938,88.8891502380371,91.61989657084148,49.33656937157476,-0.5695429199867164,-0.8200399250602777,0.2504970050735613,92.64623006762416,88.8891502380371,85.13207040845005,1378723.95,1.1586068407675083,2.4595313591011956,2.097134423329261,0.4843438559004598,0.4373265659709302,5.553206615500117,-0.3488369125826174
2025-02-05,92.15060424804688,94.27344244830213,90.02776604779162,90.12425735474598,4100271,89.66109161376953,88.95669517517089,91.5153626759847,56.23204842395029,-0.2655153706864013,-0.7091350141855024,0.4436196434991011,92.90224420579955,88.95669517517089,85.01114614454224,1555949.3,2.6352214689771705,2.800610007257675,3.243242827405113,-0.2891986256126744,1.6127918339116087,-1.94039499885863,-2.62544264827258
2025-02-06,92.05411529541016,94.46643484003927,91.6681426959065,93.59799833160979,2547311,90.1049591064453,89.0917854309082,91.42530275980631,55.95865793702132,-0.031988456536822696,-0.5737057026557665,0.5417172461189438,93.27237866763248,89.0917854309082,84.91119219418393,1643312.75,1.5501072452580922,2.8003009588410217,-0.10470788924725749,-0.21221627178528157,0.669296009715703,2.1623913089992675,-0.8388199627429871
2025-02-07,92.44009399414062,92.53658530992932,91.28217611922985,91.47516611262273,893561,90.66461791992188,89.25099906921386,91.3609743754069,56.86215830809384,0.18212908984986598,-0.42253874415464004,0.604667834004506,93.69230617746159,89.25099906921386,84.80969196096613,1635338.8,0.5464072643540286,2.594182056422149,0.41929543018455195,-0.07860262820782449,0.6933683495169651,0.8985590572072599,4.1087527494722
2025-02-10,92.63307189941406,93.79098235343068,91.86112668885956,92.2470992941368,1208770,91.70674133300781,89.46328315734863,91.29664586385091,57.33344406208077,0.36320370593136886,-0.2653902541374383,0.6285939600688071,94.13088814447795,89.46328315734863,84.7956781702193,1647713.4,0.7336045212717212,2.5056052041753456,0.20875996219309467,0.09726337705842081,-0.9631412824059216,5.0069237481567885,1.915277143670413
2025-02-11,91.76463317871094,93.50150617992412,91.76463317871094,92.82605229642346,905718,92.20850372314453,89.56460037231446,91.16155586242675,54.4504506334482,0.43165504615643613,-0.1259811940786634,0.5576362402350995,94.34397112396216,89.56460037231446,84.78522962066675,1596300.85,0.5673855276090343,2.4031075771137242,-0.9375039636449922,0.11422745347031693,0.5673032792007815,5.0069237481567885,1.915277143670413
2025-02-12,90.9926986694336,92.82605568429683,90.89619999554377,92.536581748073,770089,91.97692260742187,89.54530220031738,91.02968254089356,51.949841520827924,0.4187870464911896,-0.017027545964692803,0.4358145924558824,94.2968675730655,89.54530220031738,84.79373682756926,1569054.6,0.49079808949924364,2.3400073253323033,-0.841211349664539,-0.18895087172872138,-0.40326965645153257,1.1307976473220238,-0.7118504097210376
2025-02-13,93.8874740600586,94.27343927488373,91.76462856944741,91.76462856944741,2106213,92.34359436035156,89.72381362915038,90.97017860412598,59.4672697194332,0.6348550318005692,0.1133489695883596,0.5215060622122096,94.85090899043027,89.72381362915038,84.5967182678705,1633079.4,1.2897186750380907,2.4654384293480143,3.1813271097073326,0.16004999541816556,0.4708515817043901,1.2299727110229863,1.204465541971378
2025-02-14,93.5979995727539,93.98397217737572,93.01904434672876,93.88748086667404,1004204,92.57517547607422,89.86855278015136,90.93962262471517,58.48195169610134,0.77381226880442,0.24544162943157172,0.5283706393728482,95.26825756174264,89.86855278015136,84.46884799856008,1656446.4,0.606239960435786,2.2653703495212065,-0.3083206681218309,-0.7319906963362488,-1.0547307799725902,-0.8836560257359238,-2.465282165335936
2025-02-17,93.5979995727539,94.36994478199752,93.11553565743044,94.08046348807738,750301,92.76816101074219,90.17250518798828,90.91389122009278,58.48195169610135,0.8738635255019602,0.37112600864564943,0.5027375168563109,95.69823945581513,90.17250518798828,84.64677092016143,1599345.25,0.46913010183385984,2.1305755195273224,0.0,0.15391983887540484,1.523459828704521,2.117375975567648,-1.7141194967384865
2025-02-18,94.08045959472656,94.17695090143512,93.30851441742853,94.17695090143512,779583,93.23132629394532,90.54882736206055,90.94605547587076,59.770392955126354,0.9807795428952772,0.493056715495575,0.48772282739970224,96.06209438626624,90.54882736206055,85.03556033785486,1577718.45,0.4941204813824672,1.9622903147912254,0.5154597578740372,0.12581943498035653,0.6840120787098725,-0.49108227496846846,-1.5666641657886449
2025-02-19,93.40501403808594,95.14187966198924,93.40501403808594,94.08046055374585,1755671,93.71378936767579,91.04094047546387,90.96052945454916,57.09881125139405,0.9994869817147674,0.5943427687394135,0.40514421297535386,95.60373237018064,91.04094047546387,86.4781485807471,1556816.6,1.1277314232132416,1.9322336893395018,-0.7179445758983993,0.04493902906270719,-0.26210179244977594,0.694574634559797,1.1411528344483335
2025-02-20,93.40501403808594,94.56292445402147,93.30851536857891,93.50150534577809,697151,93.61729736328125,91.39313888549805,91.00877583821615,57.09881125139405,1.002753641966919,0.6760249433849146,0.3267286985820044,95.49954306201525,91.39313888549805,87.28673470898084,1489244.45,0.46812395372700566,1.8418570754865764,0.0,0.07610438798688612,-0.49406348495265595,-1.2524993418689623,0.3859841717670953
2025-02-21,95.33486938476562,95.52785199963489,93.9839689952361,94.56292420165879,1991028,93.9646713256836,91.75498657226562,91.06184692382813,62.6332263102394,1.147834173899966,0.7703867894879248,0.3774473844120412,95.91386308235205,91.75498657226562,87.59611006217919,1451805.95,1.3714146852752602,1.8793211936282268,2.0661153649554453,-0.16155224353523456,1.0336965036197743,-0.05514439042784147,-0.8873181074285696
2025-02-24,94.85240936279297,96.010319822967,94.17695545951214,95.04539198555025,934500,94.2155532836914,92.01069259643555,91.1310001373291,60.530896893012574,1.2099336866371573,0.8582961689177714,0.3516375177193859,96.27502329895447,92.01069259643555,87.74636189391663,1349936.1,0.6922549889583662,1.8731936162717784,-0.5060687921283891,0.24378228572174976,-0.6950599050789652,-0.05514439042784147,-0.8873181074285696
2025-02-25,93.79098510742188,94.56293034064306,93.50151116632544,94.08046641033366,764510,94.15765838623047,92.16508102416992,91.16798896789551,56.07174358536112,1.1601267125795829,0.9186622776501338,0.24146443492944913,96.4536137067297,92.16508102416992,87.87654834161015,1298181.95,0.5889082035072203,1.8035542269645448,-1.1190271944609642,-0.2236579215236012,-1.1864466763289783,-0.75409292054891,-1.8800305905109282
2025-02-26,93.21202087402344,93.88747472840487,92.82604829463614,93.6944847578039,535307,94.11905975341797,92.36771583557129,91.16959698994954,53.7459639567904,1.0616981563080543,0.9472694533817179,0.11442870292633645,96.43556096570346,92.36771583557129,88.29987070543912,1280194.65,0.41814500630822043,1.704603854538436,-0.6172919846564429,0.2403748003681816,0.5017241236141778,-1.4269792891849264,0.6386817815506873
2025-02-27,92.53657531738281,94.27344089947059,92.05411142872265,93.88747567799422,1077800,93.94537200927735,92.50280570983887,91.13099975585938,51.083822167536376,0.9186009449523738,0.9415357516958491,-0.022934806743475367,96.39200078622116,92.50280570983887,88.61361063345657,1297829.25,0.8304636376472483,1.773233936699703,-0.7246335293529249,-0.0854219922061139,-1.4928761271182256,-0.41361998496789454,1.3297108548157466
2025-03-03,91.378662109375,92.44008860663605,90.7032155764044,91.47516078135516,765513,93.15413055419921,92.58964881896972,91.09079437255859,46.80388338610663,0.703650213536875,0.8939586440640543,-0.19030843052717938,96.28246524112639,92.58964881896972,88.89683239681305,1306870.0,0.5857606341870271,1.7812507106035305,-1.2513032863345042,0.010029005274558855,-1.288020531332612,0.7057592836216653,2.1752859087822873
2025-03-04,92.24710083007812,92.34359214255026,89.35231728502244,89.93127252167054,863612,92.63306884765625,92.83088111877441,91.11491762797037,50.17554938117661,0.5964998778852362,0.8344668908282908,-0.23796701294305467,95.62293101101658,92.83088111877441,90.03883122653225,1302425.6,0.6630797183347747,1.9425872635267702,0.9503736437546539,-0.048922726206168665,-0.7003312963471564,-1.7130771907591602,-1.3267563392547754
2025-03-05,93.21202087402344,93.21202087402344,91.28216533890156,91.5716466138957,670300,92.51727600097657,93.02869110107422,91.1744213104248,53.687885420546614,0.582726144024079,0.7841187414674485,-0.20139259744336957,95.25818081669634,93.02869110107422,90.7992013854521,1256070.65,0.5336483262306941,1.9408896997394507,1.046016660970972,-0.28611765666530786,1.2170685545562776,1.4854407688832838,-1.1257026818902949
2025-03-06,92.8260498046875,93.40501236409406,92.34358591305853,92.8260498046875,364661,92.44008178710938,93.06246337890624,91.2065855662028,52.10559567014079,0.5345042883849658,0.7341958508509521,-0.1996915624659863,95.25612321440107,93.06246337890624,90.86880354341142,1069290.15,0.3410309166319357,1.8236279332455945,-0.41407864105593717,0.019216094991714172,-0.6841176310348751,2.2248349461879258,-0.6957563360846519
2025-03-07,91.5716552734375,92.6330744457655,91.5716552734375,91.95762788932458,459616,92.24709777832031,93.03834037780761,91.21945139567057,47.233417439411866,0.3905667546832632,0.6654700316174142,-0.27490327693415106,95.28857012360089,93.03834037780761,90.78811063201434,964905.4,0.476332705776131,1.7477301463128485,-1.351338911748734,0.17315585352613017,-0.6135009415062398,-1.6800358355274048,-0.31847372871297575
2025-03-10,91.18567657470703,91.76463177900887,90.9926939605447,91.57164916484653,417340,92.20850067138672,92.97561950683594,91.18407071431479,45.81387082618172,0.24255395596205176,0.5808868164863418,-0.33833286052429,95.36187719555852,92.97561950683594,90.58936181811336,941094.35,0.44346244348401415,1.617624502599691,-0.42150455572514955,-0.09403841713142569,-0.5178931508299844,2.4660176340925766,-0.4153337838732285
2025-03-11,90.22074890136719,90.31724020857787,87.42245682136823,89.44880372005201,1473324,91.80323028564453,92.8550033569336,91.04737256368001,42.38443416473837,0.04685107754124829,0.4740796686973231,-0.4272285911560748,95.53940588470972,92.8550033569336,90.17060082915746,954322.05,1.5438436112840523,1.903703869364906,-1.058200925393471,0.12063354165599005,-1.7278505202805272,-1.3833522045387014,-1.1870364754322238
2025-03-12,92.05411529541016,92.63307051375814,90.12425965970687,90.799706187477,1065500,91.57164916992187,92.86947746276856,90.96535364786784,50.03709810217285,0.03924014636551476,0.38711176423096144,-0.3478716178654467,95.5321593316096,92.86947746276856,90.20679559392751,962311.15,1.1072302342127076,1.9843848006564222,2.032089531918291,0.006697012528866786,0.9390996671090779,0.0384301133949938,0.1948050255999645
2025-03-13,90.12425994873047,93.11553472130042,90.02776863899886,92.24709821008591,642147,91.03129119873047,92.8260555267334,90.87207730611165,43.489036310044,-0.12111858971942979,0.28546569344088324,-0.40658428316031303,95.64154337860971,92.8260555267334,90.01056767485709,955914.05,0.6717622782090084,2.1315023048757733,-2.0964357111972753,0.11408531144070366,-1.4214677219695382,-3.8033037201285813,0.09720094597001072
2025-03-14,91.86112213134766,92.24709471747562,90.12425653649395,90.7032117347785,794083,91.0891845703125,92.72473793029785,90.83348007202149,49.8499214944242,-0.10682239869721855,0.20700807501326288,-0.31383047371048145,95.52520023450087,92.72473793029785,89.92427562609483,890307.55,0.8919198764516822,2.13034708835656,1.9271860691064235,0.18871601352579148,0.029010047686051088,-0.3194834133745217,1.5862794604935004
2025-03-17,92.24710083007812,93.40501866518954,92.15060951760599,92.15060951760599,570300,91.30146942138671,92.65719299316406,90.81096509297689,51.165433576280726,-0.0636140064170263,0.15288365872720505,-0.21649766514423135,95.43403721636604,92.65719299316406,89.88034876996208,868612.35,0.656564461695715,2.052153681087937,0.4201763376878498,-0.12860909638311435,0.685450337057314,0.1602385385453431,2.7724683195517352
2025-03-18,93.11553955078125,93.88748479230146,92.72956693002115,93.11553955078125,752766,91.88042755126953,92.63306999206543,90.81739807128906,54.083862344731166,0.040240831424597445,0.13035509326668354,-0.0901142618420861,95.38376098286865,92.63306999206543,89.88237900126221,868735.6,0.8665076002410861,1.9972510519059905,0.9414265737226923,0.09233778296404704,0.691901155514496,0.23999849124787254,0.1240334987657743
2025-03-19,92.05411529541016,93.88747962169128,91.957623985988,93.59799833160979,859391,91.88042755126953,92.53175277709961,90.82383092244466,50.13984125637729,0.03647797652531892,0.11157966991841062,-0.0751016933930917,95.20618838782605,92.53175277709961,89.85731716637318,872726.0,0.98472029021709,1.9882649964122971,-1.1399002362996957,0.0691720867479928,-1.3956737184071533,0.5387213314128614,0.5264718702882032
2025-03-20,94.27344512939453,94.27344512939453,92.92255206998506,93.30851730877917,1003596,92.71026458740235,92.57517433166504,90.89941685994467,57.1723920138759,0.21015472395598067,0.13129468072592465,0.07886004323005602,95.33610766404277,92.57517433166504,89.8142409992873,835122.25,1.2017354345426672,2.0190736414219077,2.4108969239043043,0.07308017918177256,1.8962383754100642,0.5387213314128614,0.5264718702882032
2025-03-21,94.27344512939453,94.27344512939453,93.21202599908065,93.98397120029895,902674,93.19272918701172,92.61859588623047,90.99751777648926,57.1723920138759,0.3438313240916244,0.1738020093990646,0.17002931469255983,95.46060619210324,92.61859588623047,89.77658558035769,845398.4,1.0677498325050059,1.8913863732741705,0.0,-0.04847648711218122,-0.7514778753577311,-0.7938098761100632,-2.064075983710223
2025-03-24,93.01904296875,94.85240729218286,92.72956167911822,94.27344471291933,518165,93.3471176147461,92.50280456542968,91.06506271362305,52.33373071815242,0.34457912820241177,0.20795743315973403,0.13662169504267774,95.05251748203989,92.50280456542968,89.95309164881948,771755.25,0.6714110464425088,1.9222476052462332,-1.330599681514566,-0.0372943476917964,-0.4613378578019911,-1.1602363928692405,0.6920435972160854
2025-03-25,92.44009399414062,94.5629323887538,92.44009399414062,94.27345107957223,431241,93.21202850341797,92.38218879699707,91.10365994771321,50.22114822334329,0.29505422315567387,0.225376791158922,0.06967743199675186,94.67965868392784,92.38218879699707,90.0847189100663,746592.3,0.5776124398818471,1.9489930438284913,-0.6223983349343598,0.1100854006351959,0.753388228226104,0.5262042254117638,1.8119348917580158
2025-03-26,93.40501403808594,93.40501403808594,92.4400862375347,92.4400862375347,376942,93.48220825195312,92.36289024353027,91.18246243794759,53.584199928815096,0.3298638968023795,0.24627421228761354,0.08358968451476595,94.616601250206,92.36289024353027,90.10917923685454,727213.9,0.5183371769984044,1.8177843447248574,1.0438328243223882,0.10299623953369252,-0.05791891930048143,1.0670518293484532,0.7671122479613324
2025-03-27,92.24710083007812,93.30851999090216,91.47516296848576,93.30851999090216,620244,93.07693939208984,92.31464424133301,91.25644022623698,49.281491874266244,0.2610081556098294,0.2492210009520567,0.011787154657772664,94.53285091428775,92.31464424133301,90.09643756837828,731460.75,0.8479525388067644,1.832726574708233,-1.2396692189732716,0.1307340140583202,-1.3860075941006245,-0.35857851148682895,-0.7612724338806887
2025-03-28,88.8698501586914,92.15060619723882,88.67686754070067,92.15060619723882,1008431,91.99622039794922,92.13130798339844,91.2419662475586,39.355342663623915,-0.06532341205176806,0.18631211835129177,-0.25163553040305986,94.82700448390624,92.13130798339844,89.43561148289065,727992.3,1.3852220689696855,2.0643941366641294,-3.6610913958236124,0.06920720797163327,-1.5892536377484667,-2.1853339576962227,-0.867680294273121
2025-03-31,83.46625518798828,86.1680559885104,83.08028259336871,85.49260210747241,2519052,90.08566284179688,91.73568763732911,91.1422570546468,29.215790569015766,-0.7513078754090827,-0.0012118804007831274,-0.7500959950082996,96.45749724091876,91.73568763732911,87.01387803373946,815669.25,3.0883253230399452,2.5610839271519388,-6.080346665437308,0.22469010496022346,-4.198467002028805,-4.613162229950674,-3.344797114670184
2025-04-01,85.10663604736328,85.49260867161794,83.94872553641478,84.43118947627924,898115,88.61897125244141,91.37866439819337,91.0618465423584,34.714705813552726,-1.1493415844094415,-0.2308378212025148,-0.9185037632069266,96.9424008905474,91.37866439819337,85.81492790583933,817394.4,1.0987535515291027,2.489786534682302,1.9653222199563558,0.1606192017939545,2.823117236854644,1.2144800170112102,-2.166878798668115
2025-04-02,87.90492248535156,88.67686768217604,84.23820120497277,85.01013903998226,1361211,87.51895294189453,91.11330947875976,91.01038360595703,42.868314007778146,-1.2248683176680828,-0.42964392049562844,-0.7952243971724544,96.81343782610305,91.11330947875976,85.41318113141647,851939.95,1.5977781063090186,2.749637193685098,3.2879767876514254,-0.10711050560909818,0.08482442253172628,2.014150454450192,1.388423675570527
2025-04-07,79.12407684326172,79.12407684326172,79.12407684326172,79.12407684326172,367297,84.89434814453125,90.42821083068847,90.81578979492187,30.145445516996872,-1.9705493899016346,-0.7378250143768297,-1.232724375524805,98.18443707937871,90.42821083068847,82.67198458199823,852071.75,0.431063463845621,3.553798320139064,-9.989026090721008,0.39779856690886906,-9.69973559080869,-11.346345580602769,-11.194582080429171
2025-04-08,71.21167755126953,73.72048846341886,71.21167755126953,71.40466017458287,2792490,81.36271362304687,89.41021194458008,90.5134459177653,23.404696166766172,-3.1635045963985107,-1.222960930781166,-1.9405436656173447,100.95414831729515,89.41021194458008,77.86627557186502,968715.45,2.8826731317230463,4.134945116386147,-9.999989393450992,-0.5500181172965579,-4.016151985134908,7.459090562138915,11.46362202123763
2025-04-09,64.1677017211914,68.70285964999313,64.1677017211914,67.83443047855701,3130843,77.5030029296875,88.0593132019043,90.09531059265137,19.272986203297293,-4.624017378857872,-1.9031722203965074,-2.720845158461364,104.15462286592192,88.0593132019043,71.96400353788668,1104390.6,2.8349055125967206,4.522815878211744,-9.891602153322044,0.3050360677505859,-5.786524331497223,-6.59176631917584,-5.42694245708163
2025-04-10,70.53622436523438,70.53622436523438,69.66778782783935,70.53622436523438,944005,74.58892059326172,87.07508697509766,89.79779116312663,31.113404959302855,-5.207568124235905,-2.564051401164387,-2.643516723071518,104.92559503445834,87.07508697509766,69.22457891573698,1077924.65,0.8757615850050373,4.768910113655908,9.924810260018656,-1.489084234874749,9.247307649849002,11.708099988660026,11.396467228199514
2025-04-11,71.4046630859375,71.4046630859375,64.93964923774773,67.73793419896046,1701476,71.2888687133789,86.04261436462403,89.49223073323567,32.56589426044596,-5.536143333074449,-3.1584697875464,-2.377673545528049,105.03288610357447,86.04261436462403,67.05234262567359,1109723.45,1.5332432598409993,4.995057278260423,1.2311953588646452,0.6081981557515048,2.7828390478427556,-4.498685200822649,-4.466860413832641
2025-04-14,73.33451080322266,75.55384762751974,72.5625656395155,73.1415281932032,1567494,70.13095550537109,85.20312690734863,89.19149487813314,35.805162211175244,-5.576536133685025,-3.6420830567741254,-1.9344530769108994,104.90477407359606,85.20312690734863,65.5014797411012,1155990.8,1.355974459312306,4.882274246703332,2.702691440421101,-1.2941415741642648,-0.08029019685500405,1.6537287448687765,4.374055959313905
2025-04-15,77.09773254394531,77.09773254394531,74.29944045696921,74.68541304858917,1345531,71.30816650390625,84.46495742797852,88.97116966247559,41.687505224064445,-5.244432620559479,-3.9625529695311963,-1.2818796510282828,104.2224685317733,84.46495742797852,64.70744632418373,1183563.2,1.1368476140522112,4.733067245905909,5.131583615278279,-0.01606647441906306,1.76589192631309,0.9366459216967549,-1.4450838010078626
2025-04-16,74.49242401123047,76.4222796318511,74.49242401123047,76.4222796318511,1012942,73.37311096191407,83.57722358703613,88.70098978678385,39.02163078038045,-5.132302826611479,-4.196502940947253,-0.9357998856642258,103.45757438982344,83.57722358703613,63.696872784248825,1205695.3,0.8401310015888757,4.4493660841471,-3.3792284763106806,0.45493231013253865,-1.9623144276647686,-0.3662993412938409,-0.8064554304743066
2025-04-17,74.29944610595703,74.8784013564975,73.04503692827315,73.43100954923861,611011,74.1257553100586,82.63641891479492,88.48066469828288,38.823586389479054,-5.001358315800985,-4.357474015917999,-0.6438842998829859,102.39671972295132,82.63641891479492,62.876118106638515,1198607.55,0.5097673546274591,4.100565863357401,-0.2590570891401578,-0.3851900465324021,-0.6640103310560974,2.1568668633551003,3.4368084790834974
2025-04-18,74.20294952392578,77.4837055265269,74.10645821598763,77.19422424089758,1187335,74.68541259765625,81.74386062622071,88.27481358846029,38.71776913643906,-4.849468659278983,-4.455872944590196,-0.3935957146887876,101.32487862575631,81.74386062622071,62.162842626685105,1215004.75,0.9772266322415611,4.004123389648318,-0.12987523741918583,-0.3851900465324021,0.2911195655576959,0.9356979101278418,-1.7506279081900056
2025-04-21,72.56256866455078,74.87839689040133,72.56256866455078,74.78190558136902,612118,74.53102416992188,80.65831680297852,88.09147720336914,36.877667861907234,-4.8060587842984575,-4.525910112531848,-0.28014867176660907,99.71482440501538,80.65831680297852,61.60180920094166,1195430.85,0.5120480201761566,3.779017367808616,-2.2106679989130074,-0.3851900465324021,-1.4891964002938463,-3.0900890957481497,-2.1090903311317577
2025-04-22,71.4046630859375,72.94854622083791,71.01869046175852,71.69414439452561,800072,73.39241027832031,79.51487770080567,87.84220415751139,35.591805294800196,-4.809646833997419,-4.582657456824963,-0.22698937717245649,97.86282534222579,79.51487770080567,61.16693005938555,1190300.75,0.6721595361508426,3.532462486644719,-1.5957339988419639,0.19087153159529358,-1.6370054958029567,-0.4905513298122721,-1.040120488218621
2025-04-23,73.81697845458984,74.39593367598832,73.23802323319137,73.4310058530525,706027,73.25732116699218,78.55477447509766,87.60418853759765,40.264917348948785,-4.565211779891882,-4.579168321438347,0.013956541546464862,95.91014209469608,78.55477447509766,61.19940685549924,1199693.85,0.58850597592044,3.4603035670988653,3.378372314072897,0.40997828226332356,4.500035126970481,2.267687170921495,3.566073001682657
2025-04-24,73.52749633789062,74.49242414999846,73.33451372019505,74.49242414999846,445469,73.10293121337891,77.60914459228516,87.33400866190593,39.89088336657031,-4.344770219404666,-4.532288701031611,0.1875184816269453,93.80094784397457,77.60914459228516,61.417341340595755,1200405.25,0.37109884349472816,3.1533178154594714,-0.39216196972530204,-0.12526095055448438,-0.8163803151391757,3.205586473238875,3.5157602985790515
2025-04-25,74.78190612792969,76.0363152399629,74.492424836902,75.65034263919769,617035,73.21872253417969,76.67798919677735,87.06865348815919,42.38833482560697,-4.022479666320066,-4.430326894089302,0.40784722776923577,91.08903479926485,76.67798919677735,62.26694359428985,1212409.9,0.5089326637797993,3.0673846270078453,1.7060417565076813,-0.2987707483269153,2.022299672390404,3.689873494306739,2.801123590229726
2025-04-28,75.26436614990234,75.74683003547865,74.87839356907838,75.26436614990234,660020,73.75908203125,75.82885246276855,86.83707084655762,43.36301783517248,-3.6856457592580085,-4.281390667123044,0.5957449078650354,88.23981575845993,75.82885246276855,63.41788916707718,1214398.7,0.5434953117127019,2.7870565310799944,0.6451560904950915,0.25712712450653985,0.8135756068057276,-0.8783926472697101,-0.5790187537825342
2025-04-29,76.32579040527344,76.61527170098927,75.07138863474019,75.36086256864087,731461,74.7433074951172,75.20164947509765,86.61192105611165,45.5457338559678,-3.2950708685757064,-4.084126707413576,0.7890558388378697,86.00090580243715,75.20164947509765,64.40239314775816,1200550.2,0.6092714823586719,2.6213000691025394,1.4102613356991256,-0.2862987748134538,0.9894012430566201,-0.8783926472697101,-0.5790187537825342
2025-04-30,75.3608627319336,77.29071840938037,75.2643714204243,76.42228188216629,884459,75.05208435058594,74.79637985229492,86.37390543619792,43.88976992411968,-3.028488522255415,-3.872999070381944,0.8445105481265287,84.87397849838318,74.79637985229492,64.71878120620666,1118820.55,0.7905280252494468,2.541972991749678,-1.2642223136063002,-0.32134330087744134,0.011854303657643506,0.6135008912030449,4.248031791155338
2025-05-02,76.5187759399414,76.90474116269752,75.93981338217777,76.5187759399414,595196,75.6503402709961,74.36698684692382,86.19217745463054,46.40785411071772,-2.6927458751006554,-3.636948431325686,0.9442025562250307,83.25669908137425,74.36698684692382,65.4772746124734,1103674.6,0.5392857641192431,2.4088937169515776,1.5364914440093802,0.248493598366184,2.730963815359244,3.133904990423808,-2.088609614380188
2025-05-05,74.10646057128906,77.19422669433646,72.56257014795023,76.51878015548708,1143243,75.51525115966797,73.6770637512207,85.93968811035157,42.16264752584925,-2.5914484929191843,-3.4278484436443857,0.8363999507252013,79.8780902737834,73.6770637512207,67.476037228658,1092776.2,1.046182191742463,2.705262094209533,-3.1525796629911285,-4.382525588739094,-1.2250086251671455,3.133904990423808,-2.088609614380188
2025-05-06,76.22930145263672,77.38721194769745,73.91347310069986,74.10646309108691,1259180,75.70823822021484,73.53232498168946,85.6743330637614,46.77664772986962,-2.3132088383627405,-3.204920522588057,0.8917116842253163,79.31934215019606,73.53232498168946,67.74530781318285,1137370.35,1.1070976133675368,2.807725661247941,2.8645827435052285,-5.0295889599485495,-0.05065209940824378,3.133904990423808,-2.088609614380188
2025-05-07,79.31706237792969,80.57147146522806,76.22929635632356,76.90474287298274,3208216,76.30649261474609,73.93759422302246,85.46204884847005,52.688781425772,-1.8225363418821843,-2.9284436864468826,1.1059073445646983,80.15926036817979,73.93759422302246,67.71592807786513,1158156.65,2.7701054084523022,3.0123189209354817,4.050622092098632,2.8038417507629143,0.11645894015797076,2.7373142811993656,0.0
2025-05-08,79.89602661132812,82.40483747632219,79.41356270029792,80.5714731420444,3269305,77.213525390625,74.7240104675293,85.2529810587565,53.72670458492702,-1.371151497338488,-2.6169852486252037,1.2458337512867157,79.57009347699979,74.7240104675293,69.8779274580588,1165079.75,2.806078296356966,3.0223797445964173,0.7299365559452875,1.3780265518076762,-0.015038304424519477,-1.9555086123559384,-0.9373017188480159
2025-05-09,79.41355895996094,80.28198806946072,78.93109507165454,79.60654157055762,884414,77.7924819946289,75.16787719726562,85.03265584309896,52.6893550910839,-1.0403641924934846,-2.3016610373988597,1.2612968449053752,80.02511123123747,75.16787719726562,70.31064316329378,1162100.2,0.7610479715948762,2.7995148450243867,-0.6038693935485173,-0.40045240590582676,1.809041662083355,1.221641138979468,3.327901953190193
2025-05-12,80.18550109863281,80.7644563235333,79.41356325270387,79.41356325270387,746364,79.00829010009765,75.60691909790039,84.839670308431,54.21264201143203,-0.707764917606994,-1.9828818134404869,1.2751168958334929,80.61691006430236,75.60691909790039,70.59692813149842,1114344.6,0.669778450938785,2.60636584749745,0.9720533228602335,-0.07465812307537734,1.0255778120184855,2.044325031414429,2.0524152554168396
2025-05-13,80.57147216796875,81.82588126620801,80.18549957144782,81.82588126620801,950303,79.87672424316406,75.9687671661377,84.66598320007324,54.99293591972399,-0.4083260281323078,-1.667970656378851,1.2596446282465432,81.32137228267186,75.9687671661377,70.61616204960353,1083485.05,0.8770799375588985,2.477567960465816,0.4813477050684911,0.48501607250679424,0.9493892029855955,2.8240447648846034,2.784647773787041
2025-05-14,81.5363998413086,81.5363998413086,80.57147203253571,81.15042724543645,865538,80.32059173583984,76.19070053100586,84.46013196309407,56.967337722667736,-0.09209533419615923,-1.3527955919423127,1.2607002577461535,82.0814282082763,76.19070053100586,70.29997285373543,1059485.4,0.8169418851831276,2.2758826069067584,1.197604620315551,0.10495309053717428,2.1224825639188705,-2.1830983115246116,-1.745935701446777
2025-05-15,81.05393981933594,82.01886767432804,80.76445851811219,82.01886767432804,546069,80.5521743774414,76.51877632141114,84.25106430053711,55.65274063694363,0.11822643661294308,-1.0585911862312616,1.1768176228442047,82.73323270107088,76.51877632141114,70.3043199417514,1036141.75,0.5270215199802537,2.139686146814636,-0.5917112147600934,-0.2803567472373425,-0.2415620287910758,-2.2798132016848105,-2.42033602991667
2025-05-16,81.34341430664062,81.72937952685396,80.76445175269126,81.15042433471928,482076,80.93814544677734,76.87097473144532,84.04682121276855,56.3042779700574,0.3047531228538958,-0.7859223244142302,1.090675447268126,83.34868232031009,76.87097473144532,70.39326714258054,1029695.0,0.46817358538207915,1.983051697127712,0.3571380835402982,-0.5692240792755765,0.5220347355644694,-0.5402775850749442,-2.0408160082762916
2025-05-19,79.22057342529297,80.86095515451377,79.12408211458941,80.571473860588,742201,80.74515991210937,77.12185592651367,83.799156443278,50.45057751944295,0.27807586230437664,-0.5731226870705088,0.8511985493748855,83.5529765158759,77.12185592651367,70.69073533715145,1007438.3,0.7367210478299266,2.014555763117512,-2.6097267977284178,0.1180119416830605,-1.4643102104449635,2.765434525666466,-0.32052011687984105
2025-05-20,78.93109893798828,79.99251807189164,78.73810895612354,79.41356284992754,547365,80.41708526611328,77.44028244018554,83.55792452494303,49.69190856488715,0.2309139371053135,-0.41231536223534443,0.6432292993406579,83.54317361372222,77.44028244018554,71.33739126664886,1004200.65,0.5450753293179007,1.9132028768042568,-0.3654031709044214,-0.18806606512049573,0.010217599479345196,-0.7688669112684177,0.19293204808856768
2025-05-21,80.28199768066406,80.28199768066406,79.12408715483178,79.70304241774792,764566,80.16620483398438,77.88414916992187,83.33920758565267,53.22683300350391,0.2990962152157408,-0.2700330467451274,0.5691292619608682,83.40199341438827,77.88414916992187,72.36630492545547,1002425.35,0.7627161463943425,1.8382289922537933,1.7114911116809628,0.0016576947628355043,1.2909062583843056,0.6295522660473729,-1.0911498105995232
2025-05-22,79.70304107666016,79.70304107666016,78.73811320076399,79.60654976143363,439034,79.89602508544922,78.17845230102539,83.07867711385092,51.554895266298345,0.3029223027011909,-0.15544197685586375,0.45836427955705467,83.40300119085619,78.17845230102539,72.95390341119459,989075.7,0.44388311228351884,1.7989830572732972,-0.7211537090878184,-0.41198726278828257,-0.6097494339192711,0.048113065163679636,0.0
2025-05-23,79.02759552001953,79.70304209706815,78.93110420355767,79.70304209706815,384298,79.432861328125,78.45345726013184,82.81493021647135,49.59750109894297,0.24858614675176227,-0.07463635213433854,0.32322249888610083,83.20480446011595,78.45345726013184,73.70211006014773,986017.15,0.38974778481287065,1.662043702104922,-0.8474526787390246,0.08260363716483532,-0.08638612371177912,-1.250601723197442,-0.2595663574668672
2025-05-26,78.93109893798828,79.41356284992754,78.44863502604903,78.44863502604903,524069,79.37496643066406,78.66091690063476,82.5672654469808,49.30946630815601,0.19548446079743087,-0.02061218954798466,0.21609665034541553,83.0885749444741,78.66091690063476,74.23325885679542,981368.85,0.5340183764748596,1.5690949183414005,-0.12210491967556969,-0.25093902970623194,-0.5342168783596057,0.26790190245054024,-0.9108747779647319
2025-05-27,78.4486312866211,79.70303298078028,78.35213261938102,78.93109517556265,612019,79.27847290039062,78.8201301574707,82.32120895385742,47.81431867846186,0.11316538467519877,0.006143325296652027,0.10702205937854674,82.95270348051626,78.8201301574707,74.68755683442514,978968.8,0.6251670124727161,1.5400023107491143,-0.6112516585461858,-0.1885106866633124,-0.9287980727548772,1.0930318688923357,3.118858716814654
2025-05-28,78.64161682128906,79.99251723291346,77.86967162555655,79.41356201702158,536000,78.95039672851563,78.93592147827148,82.08962631225586,48.48715671868129,0.0627756054683033,0.01746978133098228,0.04530582413732102,82.90058790471232,78.93592147827148,74.97125505183064,969195.75,0.5530358547280052,1.61771475029682,0.24600242413774787,0.16646820635146664,0.09927402266578511,1.3214802776898793,-0.22286719580363323
2025-05-29,78.93109893798828,80.37849067380606,78.54512633607386,79.41356284992754,674120,78.79600830078125,79.11443328857422,81.88216692606608,49.53815965640003,0.045673632715633516,0.02311055160791253,0.022563081107720987,82.70520811436484,79.11443328857422,75.5236584627836,958678.8,0.7031760794126249,1.6464680286215363,0.36810295667886184,-0.049388342657963324,-0.04878761184228253,2.5136320470837026,2.2335707900574153
2025-06-02,75.74683380126953,77.86967205861731,75.36086120125674,77.86967205861731,970565,78.13985595703124,79.07583618164062,81.60716247558594,39.89572086554825,-0.22226129852646181,-0.025963818418962344,-0.19629748010749948,82.79826882674575,79.07583618164062,75.3534035365355,977447.25,0.9929589550740462,1.9029706563695372,-4.034233881908134,0.07001895010041448,-1.6142080316433494,-2.9784252837181113,-4.000002793845403
2025-06-03,75.5538558959961,76.80825772203133,75.36086590304149,76.80825772203133,429170,77.46440734863282,79.14820594787598,81.31285972595215,39.395255539499885,-0.44504318526470854,-0.10977969178811159,-0.33526349347659695,82.50186228095166,79.14820594787598,75.7945496148003,941743.6,0.4557185204125624,1.842226811385578,-0.2547669593421342,0.38934277980975374,0.5914415066209822,0.0,-1.8229114246696043
2025-06-04,77.86966705322266,78.44862959693414,75.74682893232907,75.74682893232907,912265,77.34861450195312,79.23022422790527,81.0635866800944,47.8496941340357,-0.42977860893881825,-0.17377947521825293,-0.2559991337205653,82.35578673187095,79.23022422790527,76.10466172393959,924397.85,0.9868748612948418,1.9825663966592404,3.065113129916752,-0.0713650479945871,2.324806129025947,0.4592787383701946,2.2877995005497143
2025-06-05,77.29071807861328,78.44863589721513,77.00124414532418,77.48370806262116,508510,77.07843475341797,79.12890701293945,80.82557106018066,46.11761849871891,-0.45910538490375075,-0.2308446571553525,-0.22826072774839826,82.37178615174595,79.12890701293945,75.88602787413295,789412.55,0.6441625484672114,1.9112097773568013,-0.7434845897230757,-0.07976061250243305,0.26061434732305155,-1.0827807253798283,-2.301464411653309
2025-06-06,78.35214233398438,78.44864101318898,77.38721443646331,77.48371311566791,553437,76.96264343261718,79.05171279907226,80.61167882283529,49.71170094246597,-0.39217821310987233,-0.2631113683462565,-0.12906684476361585,82.29120500172425,79.05171279907226,75.81222059642027,653619.15,0.8467270275052375,1.8107715316526536,1.373288127937311,0.011020349999935064,-0.06352892070761174,1.2649055736691395,0.43131882030549296
2025-06-09,78.35214233398438,79.51006022809902,77.67669575044587,79.31707023150544,623947,77.48370513916015,78.99864196777344,80.4138687133789,49.71170094246597,-0.3352731273669889,-0.27754372015040296,-0.057729407216585926,82.24793685974561,78.99864196777344,75.74934707580127,640595.8,0.974010444651682,1.8137839244527196,0.0,-0.09216583404251244,0.5984531649308789,1.1770303926861292,1.519659984190458
2025-06-10,79.6065444946289,80.08900840065697,79.02758927975825,79.3170632062861,825610,78.29424285888672,78.96969413757324,80.20640920003255,53.92412421730704,-0.1868023251253561,-0.2593954411453936,0.07259311602003748,82.18460212510554,78.96969413757324,75.75478615004094,644558.1,1.2808930645662508,1.8035282100820358,1.600980041231681,-0.013037526208137251,2.073637303314224,0.7122605187238173,0.4230377157919074
2025-06-11,79.99251556396484,80.08900687096448,79.12407907733841,79.70303428115109,611195,78.71881256103515,78.94074630737305,80.0375467936198,55.168498382740694,-0.037560530657103186,-0.21502845904773552,0.17746792839063233,82.10495302673564,78.94074630737305,75.77653958801045,627602.7,0.9738565496929826,1.691714821221241,0.48484841514755406,-0.08323425859342315,1.0248967858730973,2.003763964828642,2.462736454848913
2025-06-12,79.31706237792969,79.99251625640377,79.22057107009479,79.99251625640377,342186,79.12408142089843,78.8297794342041,79.82847913106282,52.496519140410356,0.025912535987941965,-0.16684026004060004,0.192752796028542,81.75753745381,78.8297794342041,75.9020214145982,601435.1,0.5689491684140151,1.5690788698996068,-0.8443954803434628,-0.2723416236173337,-0.8112082280176014,-1.1093219543732435,-2.4667992046464526
2025-06-13,77.86966705322266,79.02758477883107,77.29071187132573,78.64161220362827,620736,79.0275863647461,78.67056579589844,79.5888552347819,47.21894010856686,-0.04011488825240406,-0.14149518568296085,0.10138029743055679,81.43057495165615,78.67056579589844,75.91055664014073,605168.45,1.0257243251858223,1.6300484214601874,-1.8248221521499186,-0.9470802353383045,-0.9640740581055907,-2.734276123599755,-3.1776802859828535
2025-06-16,78.64161682128906,78.73810813030188,76.80825250278558,77.19422510065183,491025,79.08548126220703,78.53547592163086,79.34762318929036,50.10024495952614,-0.029808587988085833,-0.11915786614398585,0.08934927815590002,80.99249908685067,78.53547592163086,76.07845275641105,605615.9,0.8107861765188134,1.670022715601003,0.9913356474720691,-0.06841860324496851,-0.10442115322505385,0.14416104954702025,1.2391058331131521
2025-06-17,82.50132751464844,82.69431013136024,79.60654409308182,79.70303540143773,2514318,79.66443786621093,78.69951362609864,79.188410059611,61.43586122830648,0.28650299702246684,-0.03802569351069531,0.32452869053316213,81.72209622214397,78.69951362609864,75.6769310300533,694221.75,3.6217793522026644,1.9877121281970263,4.907974745903898,-1.694628077349214,0.7332888142830063,1.1276319585431072,1.1247182022647628
2025-06-18,80.4749755859375,81.72937724016353,79.12407526754338,80.86094815716646,2195117,79.76092987060547,78.77670745849609,78.95843556722005,54.443304421223296,0.3694141647885658,0.043462278149156916,0.3259518866394089,81.90132893522771,78.77670745849609,75.65208598176447,776609.35,2.82653949504986,2.1729841440514313,-2.456144633977131,2.213760753044025,0.6534454580739535,0.8778247307904552,1.3411838698542677
2025-06-19,78.1591567993164,80.18550383656525,78.1591567993164,80.08901252275632,1183298,79.52934875488282,78.67056541442871,78.68986409505209,47.753767228785435,0.24542552789721128,0.0838549280987678,0.1615705997984435,81.72328222044963,78.67056541442871,75.61784860840778,797545.95,1.4836737619945284,2.1920287630607196,-2.8776880884518907,-0.3555156620861588,-1.579973732043427,-2.0931286284358697,-0.9683647164807074
2025-06-20,75.84332275390625,78.1591509202011,75.84332275390625,78.1591509202011,2451061,79.12407989501953,78.47757949829102,78.40360209147136,42.173230050736755,-0.03925233685546914,0.05923347510792041,-0.09848581196338954,81.73651226858644,78.47757949829102,75.2186467279956,898147.3,2.7290189482282026,2.2085361340406444,-2.9629721458694247,0.1001978324495223,0.19197052457564645,-0.8647704562750547,2.9009042539542618
2025-06-23,75.07138061523438,75.7468270839965,73.62398901490323,74.39592678465789,806417,78.4100326538086,78.27976875305175,78.11412353515625,40.475297571662544,-0.3234226597682408,-0.017297751867311834,-0.30612490790092894,81.86233310056471,78.27976875305175,74.6972044055388,919253.25,0.8772522697091362,2.2099758147022945,-1.0178116024487038,-0.1295159830334014,-1.423044541892171,-0.6299917910087438,-1.2986932279929753
2025-06-24,77.09773254394531,77.67668775046782,75.36085956256295,75.36085956256295,921125,77.32931365966797,78.1881004333496,77.8423355102539,46.55780498717788,-0.38073119013300527,-0.08998443952045053,-0.2907467506125547,81.79423735655868,78.1881004333496,74.58196351014053,939106.05,0.9808530144172748,2.2626866574397813,2.699233598881934,0.4770922482972173,2.101692545040379,1.2435955717936098,0.44928666685848384
2025-06-25,77.77317810058594,78.15915068745484,77.09773159492644,78.15915068745484,509284,76.78895416259766,78.15432777404786,77.60110346476237,48.44877466558056,-0.36741052205276503,-0.14546965602691345,-0.22194086602585159,81.76284209244362,78.15432777404786,74.5458134556521,933969.3,0.5452898719476111,2.10251764878493,0.8760900409822359,-0.727242575527054,1.0899645222608445,0.8670555778443667,1.5654976563831413
2025-06-26,78.35214233398438,79.41356891071004,77.77318706783485,77.77318706783485,719141,76.82755126953126,78.13985404968261,77.42580833435059,50.07929804575579,-0.306601905684019,-0.17769610595833457,-0.12890579972568444,81.74245615735397,78.13985404968261,74.53725194201125,943126.35,0.7625075897837018,2.0409007369634864,0.7444266102250019,-0.3944568587657682,0.27520638301874456,1.1461285328474569,0.0943683278643137
2025-06-27,79.41355895996094,81.05393323547685,78.73810509924314,78.93109507165454,1293313,77.54159851074219,78.16397705078126,77.3582633972168,53.013436193696066,-0.1707943767624016,-0.17631576011914799,0.005521383356746373,81.79523438228209,78.16397705078126,74.53271971928042,974086.0,1.3277195237381505,2.129019425567351,1.3546746704795387,-1.7820919230510768,0.39008940370151013,2.148256806151494,5.311127734872079
2025-06-30,78.4486312866211,79.41355906450418,77.86966873043947,79.41355906450418,602100,78.21704864501953,78.29906692504883,77.24729665120442,50.12886473113284,-0.1394203793066282,-0.16893668395664402,0.029516304650015812,81.74815841942443,78.29906692504883,74.84997543067324,955662.75,0.6300339738050897,2.0510022133669996,-1.215066653575303,0.957698278482022,-1.4351611940869091,-0.4391116443399512,1.1936711152533475
2025-07-01,78.83460235595703,79.99252019239526,78.73811104337433,78.73811104337433,729351,78.56442260742188,78.46310424804688,77.09612464904785,51.27102564205626,-0.08246106090500405,-0.151641559346316,0.06918049844131197,81.66572003372563,78.46310424804688,75.26048846236812,970671.8,0.7513878532373146,1.9833871056879555,0.49200484827549573,0.3835740796985343,1.3376209140048223,-1.717725824914318,-3.5092874054519663
2025-07-02,79.02759552001953,79.60655078060628,78.64162289235651,79.31706946940513,434200,78.8153060913086,78.52100067138672,77.09451662699381,51.864653127014655,-0.021499621025199644,-0.12561317168209274,0.1041135506568931,81.72030964812218,78.52100067138672,75.32169169465125,946768.55,0.45861261445577167,1.847592543362865,0.24480768380246154,0.06608253165516498,0.10649919614669212,-0.7557921709203441,-1.8643016915857236
2025-07-03,80.57147216796875,81.05393607316617,79.60654435757391,79.89602564541835,945114,79.25917205810546,78.68503837585449,77.25051320393881,56.43662551588752,0.14966545189112423,-0.07055744696744935,0.2202228988585736,81.95440708657134,78.68503837585449,75.41566966513764,968598.75,0.9757538918979608,1.871425611334035,1.9535918280066067,-0.8820979000624507,0.5989548437806524,2.64160961084583,1.6817172167155503
2025-07-04,78.73810577392578,81.63288912856875,78.73810577392578,81.63288912856875,702034,79.12408142089843,78.70433654785157,77.49335327148438,50.32389698145296,0.13581210206554317,-0.029283537160850845,0.16509563922639403,81.96998595942155,78.70433654785157,75.43868713628159,976028.6,0.7192760540008767,2.0078733104418927,-2.275453513150305,-0.17605120273233021,-0.7285295494271593,-1.2056576605923408,-0.8269516205805627
2025-07-07,78.25564575195312,79.31706489545628,77.4837079029577,79.12408227366122,515516,79.08548431396484,78.69951171875,77.62201029459635,48.82519658982711,0.084923782334684,-0.006442073261743876,0.09136585559642788,81.96763627229798,78.69951171875,75.43138716520203,970607.05,0.5311274011454996,1.9846044680494508,-0.6127401938750054,-0.05568275052999505,-0.526795861514584,-2.0887191463797583,-2.038297252571064
2025-07-08,77.48371124267578,78.64162174698497,77.09773862063425,78.64162174698497,1106710,78.8153060913086,78.59337005615234,77.72332776387533,46.44202396289811,-0.01749259748038412,-0.008652178105471926,-0.008840419374912194,81.87531980571038,78.59337005615234,75.3114203065943,984662.05,1.1239490747104552,1.9258416224896202,-0.9864266045725878,0.57887679791917,-0.2962771383824059,1.7018188488238994,3.02648191246373
2025-07-09,78.2844009399414,78.5828197467739,77.48863010356396,77.58810050947295,647250,78.66666717529297,78.50796432495117,77.80582593282064,49.21118400996121,-0.03366132265355759,-0.01365400701508906,-0.020007315638468533,81.72486519503568,78.50796432495117,75.29106345486667,986464.8,0.6561308624494254,1.8156105400374192,1.0333651865976012,0.13347628020465852,0.7366883497436749,1.4848119494173195,0.5201955547422754
2025-07-10,78.7817611694336,79.08017997857989,77.78704192442001,79.08017997857989,601088,78.30872497558593,78.48119926452637,77.83389307657878,50.90910073382657,-0.00627006255734841,-0.012177218123540931,0.005907155566192521,81.67860416361131,78.48119926452637,75.28379436544142,999409.9,0.6014429114620538,1.7459475419204145,0.6353248201691697,0.3384095530795994,0.7379596142790046,-1.0218347230120495,-1.6133902279271362
2025-07-11,79.17964935302734,79.47806815828328,78.284400526365,79.08017894764386,501074,78.39703369140625,78.5466983795166,77.91201349894206,52.28343427813294,0.04700214803328606,-0.0003413448921755335,0.0473434929254616,81.74502686140123,78.5466983795166,75.34836989763197,993426.8,0.5043894527508217,1.6723102205867957,0.5050511408827507,0.12805520532523929,0.25461005750608834,1.7831991301958006,3.0012322579103357
2025-07-14,78.7817611694336,79.47806919440644,78.08546073356631,79.37859878772619,493150,78.50225677490235,78.55370559692383,77.98671875,50.75326380228175,0.056463630026641454,0.011019650091587865,0.045443979935053586,81.75352342408583,78.55370559692383,75.35388776976184,993533.05,0.4963599348808779,1.6350166526205747,-0.5025131922720916,-0.10259100165578294,-0.5980326954644122,-2.097744442073457,-0.0901162268067246
2025-07-15,79.97542572021484,80.2738369287009,77.98598730721997,78.18492811287734,745444,79.00059967041015,78.42741050720215,78.08292668660482,55.007501577047215,0.15845411563901735,0.04050654320107376,0.11794757243794358,81.13229974175806,78.42741050720215,75.72252127264625,905089.35,0.8236137128339871,1.7220610484686223,1.5151534226482521,0.45562082851131613,0.9770905870307711,0.7534669933970006,1.4732434091044633
2025-07-16,82.0643310546875,83.3574690039185,80.37331151102077,80.67172270684758,2353831,79.75658569335937,78.50687828063965,78.2412893931071,61.30689876044405,0.4031917693315705,0.11304358842717313,0.2901481809043974,81.53868816879279,78.50687828063965,75.47506839248652,913025.05,2.578057414744535,1.9433920131666262,2.611933998051419,0.14311890542244576,0.9062948249833447,-0.30380651764122524,-2.103709012563515
2025-07-17,83.55641174316406,83.55641174316406,81.76591417016849,82.06433296203613,1165942,80.71151580810547,78.77674102783203,78.44381853739421,65.06898166954365,0.7093693960138125,0.23230874994450101,0.47706064606931153,82.54870821260236,78.77674102783203,75.0047738430617,912157.25,1.2782247797734436,1.9230060878104864,1.8181841846517166,0.04389327295191148,0.3054255543222917,0.8438794912337899,0.48426656067541707
2025-07-18,83.45693969726562,84.2527104780524,83.05905051231974,83.95429928117173,821100,81.56697387695313,79.157421875,78.60448455810547,64.61791453533169,0.933233078259974,0.37249361560759564,0.5607394626523784,83.20926243849,79.157421875,75.10558131151,830659.2,0.9884920313890463,1.8257599382001102,-0.11904777122813126,0.007486413359902855,1.1675174216255968,0.650862116387585,0.9036126328488381
2025-07-21,86.14268493652344,86.838992960172,83.4569460157369,83.4569460157369,1923317,83.03915863037109,79.71098709106445,78.81473770141602,70.55333781934686,1.3122372007781422,0.560442332641705,0.7517948681364373,84.38909252551399,79.71098709106445,75.03288165661492,886504.2,2.1695520449874914,2.033265714827613,3.2181209243954623,-0.08570458320372731,-0.182055656943525,0.650862116387585,0.9036126328488381
2025-07-22,83.75535583496094,88.72895196741956,83.05905541205891,86.34163189512377,3903753,83.7951446533203,80.04386825561524,78.9642951965332,60.79127337570428,1.4037812749822223,0.7291101211098084,0.6746711538724138,84.88369875459344,80.04386825561524,75.20403775663704,1035635.6,3.7694272000692135,2.518149826898685,-2.7713660229207737,-0.15113747849135883,-1.5108489973571504,-0.946881483677009,-1.1343290530570815
2025-07-23,86.34162902832031,87.03792942810307,84.05377184771096,84.15324224923633,1627680,84.65060424804688,80.47229080200195,79.14891624450684,66.24084605771935,1.6658187243276643,0.9164518417533797,0.7493668825742846,85.94179758019864,80.47229080200195,75.00278402380526,1091555.4,1.4911565642934845,2.6200729957311446,3.0878899236672197,0.22295619800545285,1.4387991654924104,4.103516858753897,9.601448120741507
2025-07-24,85.64532470703125,86.64004394309225,84.75007587675525,86.34163272573726,789338,85.06838684082031,80.83694992065429,79.3042418162028,63.67484413654434,1.7965893872239462,1.092479350847493,0.7041100363764532,86.67159004727971,80.83694992065429,75.00230979402887,1095065.25,0.7208136684092569,2.522725671811926,-0.8064526105485803,-0.5605654715466812,0.23612215902308886,1.1646253123178463,1.5151587711526693
2025-07-25,84.65060424804688,85.8442718675388,84.55113384369889,85.34691225669351,726955,85.30711975097657,81.09880218505859,79.45907084147136,60.09350627339802,1.799220161856482,1.2338275130492908,0.5653926488071912,87.1311876958916,81.09880218505859,75.06641667422558,1066747.35,0.6814687657766386,2.3587806520823227,-1.161441634306415,0.5363622959012604,-0.040000501364123586,-2.0146148448369483,-1.4654053463913241
2025-07-28,85.54585266113281,86.2421530773836,84.25271464340378,85.54585266113281,893185,85.18775329589843,81.45366325378419,79.60952212015788,62.15649092309976,1.8521932044289144,1.3575006513252157,0.49469255310369875,87.66206639795475,81.45366325378419,75.24526010961362,1081301.6,0.8260276318836483,2.3095350230019904,1.0575806528948517,0.27559243417745183,0.20800726399519132,1.1070894088022643,1.679976652722992
2025-07-29,85.04849243164062,87.23687165739744,85.04849243164062,85.34691123020079,1150863,85.44638061523438,81.76435775756836,79.79188931783041,60.29173337692026,1.8329132256936589,1.4525831661989044,0.3803300594947545,88.04243952864267,81.76435775756836,75.48627598649405,1102377.2,1.0439829488490873,2.293380916702634,-0.5813960747604541,0.6277126261405197,-0.9031782082688844,-0.5586557970433614,-2.4377050148500556
2025-07-30,85.84426879882812,86.14268000120464,84.65060122200673,85.9437391996203,729607,85.34690856933594,82.10519142150879,79.95213877360025,62.243518772141826,1.860400665084768,1.5341466659760772,0.3262539991086908,88.49680485377293,82.10519142150879,75.71357798924465,1117147.55,0.6530981516273298,2.1865406317020044,0.9356736897213391,0.10959038727660353,1.1214833214890696,-3.0786448194715654,0.36090920410511984
2025-07-31,84.45166015625,86.2421501322236,84.15324136570185,85.54584973975138,903534,85.1081756591797,82.29920082092285,80.03771540323893,56.96644701020328,1.7496439732899631,1.5772461274388543,0.17239784585110884,88.73023181960973,82.29920082092285,75.86816982223597,1115068.55,0.810294577853532,2.1735230496779714,-1.6222499906681453,0.46648917126204115,0.34438577266941994,5.14721434318266,2.738588658616825
2025-08-04,84.55113220214844,85.14796220575431,83.05905339858111,83.95430219854255,679800,85.08828125,82.58985214233398,80.11530049641927,57.24527708015157,1.650864916732786,1.5919698852976407,0.058895031435145295,88.86681909013657,82.58985214233398,76.31288519453139,1113956.85,0.610257031051068,2.162241150677335,0.11778577912429089,-0.30428543721531254,-0.23658148505263377,-1.6244429900783564,-5.063962582458492
2025-08-05,86.24214935302734,87.73422811407698,85.24743017899425,85.24743017899425,1810938,85.2275405883789,82.98917732238769,80.2291103363037,61.779103773953736,1.689556597657159,1.6114872277695445,0.07806936988761448,89.11962265171522,82.98917732238769,76.85873199306016,1178727.95,1.5363494180315314,2.2983551188441633,1.9999935031454807,0.23176060718361757,1.204718422705664,1.276981621170048,1.824817365577136
2025-08-06,85.34690856933594,86.73950934825203,85.34690856933594,86.54056854815117,859371,85.28722381591797,83.3823371887207,80.31513379414876,58.256974630123885,1.6292011672304056,1.6150300156617168,0.014171151568688867,89.01445291651414,83.3823371887207,77.75022146092725,1166361.0,0.7367967550355335,2.1775878735204204,-1.0380548147365776,0.1783585840453794,-0.9012052115274116,0.5869602630479642,-0.24813640929360892
2025-08-07,84.55113220214844,86.4411002044881,84.55113220214844,86.4411002044881,892410,85.02859649658203,83.69567375183105,80.38146146138509,55.242096993575885,1.4998670181776248,1.5919974161648986,-0.09213039798727385,88.80679656007739,83.69567375183105,78.58455094358472,1178619.0,0.757165801671278,2.1392385573629853,-0.9324020992992454,-0.07582910609321702,2.3730184169192814,1.9667096183160648,3.758980768953557
2025-08-08,80.77119445800781,83.1585220101239,80.6717240577332,83.1585220101239,3560989,84.2925033569336,83.79514541625977,80.36870803833008,43.679030013189674,1.0799108475275858,1.489580102437436,-0.4096692549098502,88.56997278148754,83.79514541625977,79.020318051032,1326614.05,2.684269023081732,2.3712611689699523,-4.47059388288662,-0.3563459079548914,0.07286453218204869,2.077152526035553,1.4917444537545066
2025-08-11,80.07489776611328,80.97014658815179,79.47806774778942,80.5722573795674,877490,83.39725646972656,83.83990783691407,80.35239067077637,41.93762001413844,0.6830336461261055,1.32827081117517,-0.6452371650490645,88.44636789870961,83.83990783691407,79.23344777511852,1345434.85,0.6521980607236388,2.254036858488941,-0.8620606598266023,0.1439209000700048,0.4755796968586967,2.077152526035553,1.4917444537545066
2025-08-12,79.8759536743164,80.67172446968198,79.77647568442873,80.07489447588152,753516,82.12401733398437,83.89461746215821,80.32793299357097,41.42939268706704,0.34843592663828815,1.1323038342677938,-0.7838679076295056,88.26823995112309,83.89461746215821,79.52099497319332,1358453.15,0.5546867773835263,2.072865115390848,-0.24844751269987864,0.3249476487076741,0.09471266391829491,-0.9136255757229428,0.6824120156242897
2025-08-13,80.57225799560547,81.66644763574938,79.97542797271838,80.4727875899752,1114544,81.16908721923828,83.92445907592773,80.35046106974283,43.98791213146721,0.1378615802861134,0.9334153834714577,-0.7955538031853443,88.19235447832406,83.92445907592773,79.6565636735314,1376908.15,0.8094541382444429,2.0352156281964646,0.8717320911474147,-0.23340628022624488,0.8761363011638768,1.6974124435986448,3.9624633540440213
2025-08-14,80.3733139038086,81.26855510704611,80.3733139038086,80.67172510851938,757400,80.33352355957031,83.83990821838378,80.37449798583984,43.40451996781145,-0.0445595768030671,0.7378203914165528,-0.7823799682196199,88.32446656348343,83.83990821838378,79.35534987328414,1297086.6,0.5839240032238402,1.8832190382019385,-0.24691388419041393,0.20617018015440802,-0.541320542258239,-1.7308933714739072,-3.1594770424557383
2025-08-15,80.3733139038086,80.67172510851938,79.47806511146591,80.3733139038086,1073373,80.25394744873047,83.68075332641601,80.37601992289225,43.40451996781145,-0.18697433433101196,0.5528614462670398,-0.7398357805980518,88.42602914143794,83.68075332641601,78.93547751139408,1292458.15,0.8304895597586661,1.7912778327154764,0.0,0.4652728781409321,0.39764198071750023,0.6500278671424109,-0.6991252799552372
2025-08-18,81.16908264160156,82.06433141118089,79.77647428771203,80.17436347298118,1178865,80.47278442382813,83.56636047363281,80.40045394897462,46.68474705563349,-0.23294195918757055,0.39570076517611774,-0.6286427243636883,88.44284507361837,83.56636047363281,78.68987587364725,1310346.4,0.899659051988085,1.8574884048159266,0.9900907392537572,-0.2992125774545329,0.6083510296844397,1.8125001102816007,0.3129106989349095
2025-08-19,80.47278594970703,81.5669755675482,80.47278594970703,80.97014555682622,632500,80.59215087890625,83.28286552429199,80.42454045613607,44.26708692980006,-0.321846906115951,0.252191230917704,-0.574038137033655,88.187875908464,83.28286552429199,78.37785514011999,1245805.55,0.5077036299926582,1.755715233219292,-0.8578348667176661,0.12037876283805815,-0.5269863303297595,-0.7571068801660807,1.7416204487505027
2025-08-20,78.88123321533203,80.77119356701665,78.58281442869499,80.37331197030726,1293120,80.25394592285156,83.03915939331054,80.42370936075847,39.26207751817184,-0.5147954797436967,0.09879388878542389,-0.6135893685291205,88.31560394884049,83.03915939331054,77.76271483778059,1115273.9,1.1594640563183627,1.8134037538996084,-1.977752746586492,0.2737679299698925,-2.989552002278928,-1.4432982913029635,-1.5074106616678518
2025-08-21,80.77119445800781,81.46750243814026,79.57753447650231,79.67700487677692,976232,80.33352203369141,82.76063766479493,80.46241874694825,46.93481263635363,-0.5093332604665761,-0.02283154106497612,-0.48650171940160003,87.88909267259741,82.76063766479493,77.63218265699244,1082701.5,0.9016631084375518,1.9164524830874243,2.39595803163537,0.5739473988298771,1.4251223005524505,0.02091870534581819,-0.7263305452053004
2025-08-22,81.36803436279297,81.36803436279297,80.07489635495897,81.06961556433734,763485,80.53246612548828,82.54677314758301,80.50785903930664,49.12066746579689,-0.4516382158025891,-0.10859287601249873,-0.3430453397900904,87.52320507870465,82.54677314758301,77.57034121646137,1081408.85,0.7060095726052177,1.8333438863869682,0.7389266789850968,0.7790624202977492,-0.8248855555042067,-0.020914330338672737,0.07838957698960147
2025-08-25,81.4675064086914,82.86011484772395,81.26855800934078,81.4675064086914,1143709,80.59215087890625,82.38761825561524,80.5501324971517,49.49407393139071,-0.3933535792471474,-0.16554501665942847,-0.22780856258771895,87.28370178035465,82.38761825561524,77.49153473087583,1102246.55,1.0376163118859387,1.8011056133197951,0.12224953776678316,-0.4872876866823028,2.158306669891674,1.6108758089712572,-1.3054804045987467
2025-08-26,80.67172241210938,81.46750077628333,80.67172241210938,81.16908199244186,696710,80.63193817138672,82.14391174316407,80.63221397399903,46.55069975030003,-0.40668766054218963,-0.2137735454359807,-0.19291411510620893,86.86000418538919,82.14391174316407,77.42781930093895,1092422.8,0.637765890642341,1.6670627310880934,-0.9768115309555236,0.2525750082704059,0.11417520761634048,-0.16471710058513223,0.8465564944438064
2025-08-27,81.16908264160156,81.56697182687071,80.67172305729137,80.67172305729137,761900,81.08950805664062,81.9499412536621,80.72580108642578,48.60777523700499,-0.3728245132150789,-0.24558373899180036,-0.12724077422327856,86.47841187786071,81.9499412536621,77.4214706294635,1072974.65,0.7100820135871804,1.5641542889111926,0.6165236276367558,0.3370125372272659,0.8837683642618943,0.10312574683200015,0.9706243288598149
2025-08-28,81.36803436279297,82.26327557994927,81.06961556433734,81.6664455721433,999219,81.20887603759766,81.72612953186035,80.78410720825195,49.44593273852567,-0.32617405235703245,-0.2617018016648468,-0.06447225069218565,85.87035733211398,81.72612953186035,77.58190173160672,1086455.25,0.9197056206410711,1.5147550524712905,0.24510776112853794,0.09297408164834486,-1.1560045814190012,0.5562355438341049,1.1171703615763695
2025-08-29,81.9648666381836,82.4622262566324,81.26855861889197,82.36275585076373,649202,81.32824249267578,81.60178985595704,80.8620096842448,51.97624220967863,-0.2382969108860209,-0.2570208235090816,0.018723912623060723,85.54610583049563,81.60178985595704,77.65747388141844,1073738.65,0.6046182653479039,1.471943397173843,0.7334972266007433,-0.2688503744142423,-0.01382054501782859,-0.34829000854138537,-0.5138735784472992
2025-09-01,79.67700958251953,82.06433727563174,79.17964996266721,81.96486686948238,1566500,80.9701431274414,81.35808372497559,80.88409080505372,43.07579022750924,-0.3492387798618637,-0.27546441477963807,-0.07377436508222562,85.13382459110252,81.35808372497559,77.58234285884865,1118073.65,1.4010704929858602,1.6603092526126013,-2.791265513507535,0.2220177645487098,-0.6659038390721239,-0.5756596973476857,-1.1105407117019683
2025-09-02,79.0801773071289,81.06961572994976,78.78175850806366,80.97014532662978,738047,80.6518341064453,80.99998512268067,80.89622472127279,41.09862669360117,-0.4797896703457667,-0.3163294658928638,-0.16346020445290288,84.12836486402348,80.99998512268067,77.87160538133786,1064429.1,0.6933735652285342,1.743982315182401,-0.749064602848204,0.2120392800051274,-0.2282809370366512,0.7237383308513756,-0.235045901727593
2025-09-03,78.58281707763672,79.57753628115111,78.58281707763672,79.08017667939392,1012436,80.13458099365235,80.6617805480957,80.87916259765625,39.47266890164264,-0.616280902902659,-0.3763197532948229,-0.2399611496078361,83.2224720788805,80.6617805480957,78.10108901731091,1072082.35,0.9443640220361803,1.64408056696,-0.6289316064132744,0.38758813655075386,0.3477630507512153,-0.47217246793883616,-0.8115186394509144
2025-09-04,79.27912139892578,80.0748998366716,78.78176177261105,79.08018058404214,913610,79.7167984008789,80.39818000793457,80.8672726949056,42.879767064010366,-0.6606496902116135,-0.43318574067818105,-0.2274639495334324,82.26429928198365,80.39818000793457,78.53206073388549,1073142.35,0.8513409241560543,1.6238141925699852,0.886077067714619,-0.07155659478953469,0.33007400549494026,1.1963593433285569,1.5835346427000907
2025-09-05,80.07489776611328,80.27383857585276,78.9807081343353,80.27383857585276,698302,79.33880462646485,80.36336517333984,80.87990328470866,46.580673935779984,-0.6244020533679162,-0.47142900321612813,-0.15297305015178808,82.22616078675192,80.36336517333984,78.50056955992777,930008.0,0.7508559066158571,1.579723025762982,1.0037653711917782,-0.09113950204554522,1.3016229374229527,1.8956378100669857,5.637823573437939
2025-09-08,80.87067413330078,81.86539333499401,80.07489573630411,80.07489573630411,850277,79.5775375366211,80.40315399169921,80.92992006937662,50.064918516661535,-0.5254064789327515,-0.4822244983594528,-0.043181980573298695,82.27398389743315,80.40315399169921,78.53232408596527,928647.35,0.9156080615531828,1.6078263021532373,0.9937900507994923,-0.7004631226877445,0.215561079559623,1.0002039096841608,2.3610490578921617
2025-09-09,81.2685546875,82.06433307416425,80.67172469205438,81.36803267766189,654415,80.01521301269531,80.4727840423584,80.97370236714681,51.75914544857207,-0.4101185461607315,-0.4678033079197086,0.05768476175897708,82.36454083419548,80.4727840423584,78.58102725052132,923692.3,0.7084772710566062,1.5791305794807884,0.49199608939005657,-0.4852509178164821,1.2538968205540568,-2.6539900039598496,-4.132635525885542
2025-09-10,81.16908264160156,81.46750142782966,80.17436347298118,81.06961224256052,898184,80.53246612548828,80.5026252746582,80.95149828592936,51.29061614974097,-0.32305461906160815,-0.4388535701480885,0.11579895108648036,82.41964925915924,80.5026252746582,78.58560129015716,912874.3,0.983907642048856,1.5409982295298135,-0.12239918167725738,0.06758799645232294,1.3575043934189956,1.0986845546368196,1.0275687429142533
2025-09-11,79.5775375366211,81.06961636543274,79.5775375366211,81.06961636543274,827900,80.59214935302734,80.46283645629883,80.93654098510743,44.37004262881601,-0.3781214695201527,-0.42670715002250137,0.04858568050234868,82.42369354267069,80.46283645629883,78.50197936992697,916399.3,0.9034271414218671,1.5477378129232342,-1.96077749456387,-0.3782383940657219,0.09177735950691712,0.30187574446240983,-1.215574993561963
2025-09-12,83.6558837890625,85.04849219665331,80.0748961617613,80.97014496586293,6240801,81.30834655761718,80.62696495056153,81.0281531016032,59.46379156410959,-0.09161777416305483,-0.3596892748506121,0.26807150068755725,83.05106917651543,80.62696495056153,78.20286072460763,1174770.7,5.31235670075871,2.0708333925377658,5.12499680021461,0.17595008979807147,1.026858565050115,1.4847435181293944,-0.5524888065323696
2025-09-15,81.86539459228516,83.25799542475907,81.16908658694284,82.66116541239806,1918710,81.50729064941406,80.6617805480957,81.12852096557617,52.70302099063891,-0.008936036812386305,-0.289538627242967,0.28060259043058067,83.13810677593675,80.6617805480957,78.18545432025466,1211762.95,1.583403750708833,2.126295233815352,-2.140302768532154,-0.0168380656651812,-0.4611663437352198,1.4847435181293944,-0.5524888065323696
2025-09-16,83.8548355102539,83.95430591707645,82.26327864467076,82.66116786106655,2302564,82.02454681396485,80.83088302612305,81.27491188049316,58.36704243854879,0.21464677692496537,-0.18870154640938053,0.4033483233343459,83.68582806600097,80.83088302612305,77.97593798624513,1295266.15,1.7776763486021774,2.1213107126121447,2.4301366015234915,-0.29982346654272574,1.0745701295846288,4.171615473886758,2.095961033914717
2025-09-17,84.15324401855469,86.44110124726613,83.95430321132122,84.4516628185102,4506081,82.62137908935547,81.09448356628418,81.39250373840332,59.157125276946324,0.411177047302445,-0.06872582766701542,0.4799028749694604,84.15744124911248,81.09448356628418,78.03152588345588,1455914.2,3.095018236651583,2.183304715865489,0.35586320870464316,-0.48651948491017505,-0.7467550083917751,0.28467844299508993,3.5122461138007433
2025-09-18,86.54057312011719,86.54057312011719,84.15324544725839,84.75007546819671,2782014,84.01398620605468,81.38295249938965,81.53862698872884,64.89657925649529,0.7509101840783643,0.09520137468206055,0.6557088093963037,85.2885277441899,81.38295249938965,77.47737725458938,1546203.3,1.7992549880083686,2.210507967291757,2.836883033333959,0.1304608418786879,1.3016200996530891,0.3595734788724547,3.2257968804946024
2025-09-19,95.19462585449219,95.19462585449219,86.1426825144217,87.3363501260684,9504267,86.32173461914063,82.07428207397462,81.81933504740397,77.33198010970594,1.6988772736497708,0.4159365544756026,1.2829407191741682,89.38192158297464,82.07428207397462,74.76664256497459,1983242.4,4.792287115281521,3.122699350328922,9.999994710415528,0.08010681923562579,-0.7411524345470877,-1.7160033765390659,-3.2870225642696593
2025-09-22,104.44551849365234,104.44551849365234,99.0740331675863,99.471922374907,21660545,90.83775939941407,83.22318267822266,82.2365343729655,83.89839484442238,3.16018905266408,0.9647870541132981,2.195401998550782,95.59770801680621,83.22318267822266,70.8486573396391,3009084.2,7.198384478573248,3.9397917888397536,9.717872785487302,0.35037367829144905,1.1815861562103347,7.674597135005956,4.1646645174620245
2025-09-23,99.37245178222656,104.44551829592169,98.27826215599512,104.44551829592169,26488868,93.9412826538086,84.15821914672851,82.58526471455892,71.64220970266783,3.8643888107790474,1.544707405446448,2.3196814053325996,98.40539982142364,84.15821914672851,69.91103847203338,4298692.1,6.162076134738751,4.236787062015416,-4.857141584044222,0.005624330335418648,1.417160099788184,7.674597135005956,4.1646645174620245
2025-09-24,108.9217529296875,108.9217529296875,95.39357326172089,99.3724500810702,37891163,98.89498443603516,85.54585266113281,83.08671722412109,78.12124061972577,5.133841261968243,2.2625341767508074,2.8713070852174356,103.49286460747487,85.54585266113281,67.59884071479075,6155155.25,6.1560044322196426,5.475639409475576,9.60960605901937,0.18631834557791827,-0.19292856211109433,-0.21383577000940734,-2.251841649683517
2025-09-25,99.96928405761719,108.42439763462959,98.27826437785693,107.42967839027519,29009280,101.58072662353516,86.47591514587403,83.4357453664144,63.47855847398323,5.3557641412024,2.881180169641126,2.4745839715612736,105.41200301263964,86.47591514587403,67.53982727910841,7555658.3,3.8394113190640184,6.1646859617895755,-8.219174436027865,0.2976129160905838,-0.6599329621733818,0.0,0.7522293552873593
2025-09-26,104.94287872314453,109.91647487116087,102.953440263938,103.94815949354127,72837923,103.53037719726562,87.62481575012207,83.84193547566731,67.1611358663358,5.865354984106517,3.478015132534204,2.387339851572313,108.13162076043147,87.62481575012207,67.11801073981266,11165094.35,6.523717643281716,6.669019942023457,4.975122821386635,0.6501132916399088,-1.7043185521454118,0.2321407203542014,-0.6066238780146782
2025-09-30,103.94815826416016,105.44023709091844,100.46664100172417,103.45079865524073,22107210,103.43090515136718,88.8383731842041,84.26210301717123,65.73353660143744,6.118414496957371,4.006095005418838,2.112319491538533,110.21884854083213,88.8383731842041,67.45789782757608,12192129.85,1.8132361016479823,6.4429634283129,-0.9478684700546469,0.046643707979932,0.9390763957033643,2.4563311042782088,2.2851718986223624
2025-10-01,100.46663665771484,107.42967088151687,99.47191748288598,104.44551335703028,22929176,103.64974212646484,89.9076961517334,84.63228619893393,60.85762305419418,5.969226756403756,4.398721355615822,1.5705054007879342,111.37231841949665,89.9076961517334,68.44307388397016,13301686.3,1.7237796383756245,6.644935424355298,-3.3492864756659135,-0.05285909728485194,0.6288447090782023,-2.7526169612526075,-1.3497748788239283
2025-10-02,101.46135711669922,102.45607630411783,99.47191874186197,101.46135711669922,9566332,102.15766296386718,91.05162315368652,85.03191363016764,61.731061005833446,5.863667318152196,4.691710548123097,1.171956770029099,112.41332207660565,91.05162315368652,69.68992423076739,13729381.1,0.69677809438912,6.156831709408706,0.9901002880919885,0.01609605957935134,1.5220791911750853,1.1687359817073473,1.6041486635447466
2025-10-03,101.9587173461914,105.44023452386624,100.46663855575935,101.46135774938072,20186334,102.55554962158203,92.1856029510498,85.42648557027181,62.18541969287637,5.753817094887225,4.904131857475923,0.8496852374113022,113.32267470806443,92.1856029510498,71.04853119403518,14693017.3,1.3738726081810302,5.999066943901798,0.4901967050570111,0.055177608565615266,1.4506947270404247,1.9314078330345819,2.623636754652292
2025-10-07,102.95343780517578,105.44023581979356,99.96928018763445,100.46663979055802,15538778,102.15766143798828,93.32952995300293,85.82934684753418,63.12830781087632,5.681532459770835,5.059611977934906,0.6219204818359296,114.18134178564692,93.32952995300293,72.47771812035894,15435041.1,1.0067208696969392,5.928652102336105,0.9756109971518212,0.29750124162626346,1.684868471805201,-1.5281633164298092,-1.3507654566701555
2025-10-08,103.45079803466797,104.44551724653977,101.95871921686025,102.95343842873206,8029493,102.05818939208984,94.45853614807129,86.23386599222819,63.616798707979164,5.5998278498839085,5.1676551523247065,0.43217269755920196,114.91138126642875,94.45853614807129,74.00569102971383,15794001.9,0.5083887573801039,5.469738225981894,0.4830923960337907,0.0858699164537402,-0.5448692045472381,0.575419506715269,0.17668129194534643
2025-10-09,102.95343780517578,105.44023581979356,102.45607820225223,104.44551661394645,7678900,102.55554962158203,95.54278030395508,86.63672726949056,62.72191338074355,5.4323231047436735,5.2205887428085,0.21173436193517325,115.34012560318789,95.54278030395508,75.74543500472228,16145226.15,0.47561427313918425,5.138327478189819,-0.4807698335256072,-0.03831349420129193,0.8802950564221979,0.5547806000514077,0.5952381599259704
2025-10-13,98.77561950683594,99.96927951012067,97.08459231489316,98.47720071146215,8438274,102.01840209960938,96.4231071472168,86.95006383260092,55.64151492753363,4.905907122732131,5.1576524187932264,-0.2517452960610953,115.06115110413236,96.4231071472168,77.78506319030123,16522230.65,0.5107224429166288,5.235729879802193,-4.0579687161547255,0.2671434399057038,-1.3863493889187506,-2.0000022094964653,-3.068157645892322
2025-10-14,94.19990539550781,100.46663940386632,93.60307539211777,99.47192020184784,12036152,100.46663970947266,97.15422554016114,87.15232340494792,49.103513830591346,4.072550944209922,4.940632123876567,-0.8680811796666443,114.07831594095684,97.15422554016114,80.23013513936543,17082643.25,0.7045837007689076,5.452774430728374,-4.632432713835277,0.0847841788281345,-0.4838520946744862,-4.204781131940328,-3.2331029692624025
2025-10-15,94.59779357910156,95.29410156650626,93.80202277948854,94.59779357910156,3921680,98.7955108642578,97.70132102966309,87.33634643554687,49.65746056341636,3.4049660902788332,4.63349891715702,-1.2285328268781868,113.455096285454,97.70132102966309,81.94754577387218,16966687.2,0.23113999531976992,4.92468167823362,0.42238703098818053,-0.02313105345168598,1.8010593746521364,3.030304127529093,4.018693041938404
2025-10-16,97.78089904785156,99.17349983737208,94.99568229060029,94.99568229060029,4945775,97.66153106689453,98.49709625244141,87.57507909138998,53.97329486153166,3.097049434816796,4.326209020688975,-1.2291595858721793,112.37950782645937,98.49709625244141,84.61468467842344,17118040.45,0.288921796536589,4.87815162223854,3.364883416745146,-0.24149632990847492,1.364430807973327,-0.07130617162119934,2.3135668392111786
2025-10-17,102.95343780517578,104.44551661394645,98.0793121787039,98.4772013788638,23817713,97.66153106689453,99.4520263671875,87.85525830586751,59.97768925599343,3.2331343556537036,4.107594087681921,-0.8744597320282175,111.614537947198,99.4520263671875,87.289514787177,18193797.9,1.3091116616173912,5.116347081419386,5.289927590860977,0.006860517943563238,-1.2496442248141726,0.4994642066477706,-0.9659707899298708
2025-10-20,112.90062713623047,112.90062713623047,103.94815449987739,105.44023327260291,39545389,100.48653259277344,100.88939552307129,88.34101282755533,68.49064154087807,4.09641674048865,4.105358618243267,-0.008941877754617522,112.20443709263482,100.88939552307129,89.57435395350775,19945763.3,1.9826460589753414,5.76045938137076,9.661833099617589,0.03266778205262,1.4147553157768167,3.7806252622347936,5.475500984593995
2025-10-21,112.90062713623047,120.36102099985804,112.40326754532197,114.89006549986449,58521097,104.22667694091797,102.20739822387695,88.78366279602051,68.49064154087807,4.726094771450619,4.229505848884737,0.4965889225658815,112.5873550770611,102.20739822387695,91.8274413706928,22732717.45,2.574311545846447,6.053431924459469,0.0,-0.08033787001248127,0.23034471151326397,-0.1026238111519584,2.7112190353087984
2025-10-22,114.39270782470703,115.8847866224206,112.4032694277556,112.90062902699346,21490027,108.18565979003907,103.1673023223877,89.26278584798177,69.61498447300232,5.284600009929491,4.440524681093688,0.8440753288358032,114.3373385707184,103.1673023223877,91.997266074057,23332005.45,0.9210535736438379,5.710509960486874,1.321587599930818,0.2614607328592866,-0.37294058215946446,1.0101033114862767,1.39145407429897
2025-10-23,122.3504638671875,125.83198113170097,111.9059120736471,112.90063129207952,76549180,113.09957275390624,104.06254959106445,89.89111684163412,74.78311689974043,6.296758727113044,4.811771490297559,1.4849872368154848,118.15238630394887,104.06254959106445,89.97271287818003,26076437.2,2.935568974123505,6.805917840162473,6.956523884961929,0.22101202829689637,-0.42189869317011963,-1.694915395830987,-2.7648824698371155
2025-10-27,134.28709411621094,134.28709411621094,131.30293646918403,133.78973450837313,37487705,119.36630401611328,105.80828170776367,90.70347086588542,80.21829417324528,7.970212457283054,5.443459683694659,2.5267527735883952,125.131358068265,105.80828170776367,86.48520534726234,26626379.05,1.407915996749096,7.490012828010602,9.756097256795648,0.1894395419437922,1.6757472785653427,0.7620977547480479,2.3927262525623716
2025-10-28,137.27125549316406,137.7686151145161,132.29765927964363,135.28181700775588,49547056,124.2404296875,107.2257568359375,91.57385025024413,81.30325382533718,9.42854705706172,6.240477158368072,3.188069898693649,131.1273153922616,107.2257568359375,83.3241982796134,27209173.7,1.8209687859797081,7.22080522892552,2.222224999798317,-0.7530777372024122,-0.15904147839432836,-0.9207484955256806,-0.6373160221708751
2025-10-29,130.80557250976562,143.73692188335463,129.81085332718186,140.7527643356033,41785505,127.82141876220703,108.76757125854492,92.3232053120931,72.07892201340934,9.947888091750428,6.981959345044543,2.9659287467058855,134.59863724508872,108.76757125854492,82.93650527200113,27847984.95,1.5004857649493955,8.114840339225154,-4.710150686805969,-0.18953750952860338,1.2366435536016018,1.1948149462903013,0.7385858935814227
2025-10-30,127.32405853271484,133.78973338007927,124.83726051449776,130.30821615457535,27108872,130.4076889038086,109.88663024902344,93.03774528503418,67.62951935243058,9.963685359029526,7.57830454784154,2.3853808111879857,136.93075771347162,109.88663024902344,82.84250278457526,25561532.4,1.060533913843131,8.22652467607267,-2.6615945408524966,0.3997594261948789,-0.025485081114973163,-0.5903578786495611,-0.7717567318997531
2025-10-31,123.34518432617188,128.31878046835624,122.84782471195345,127.32406123991936,13424273,130.60663299560548,110.85648155212402,93.68431282043457,62.85417895695799,9.545112792882605,7.971666196849754,1.5734465960328512,138.39070118522508,110.85648155212402,83.32226191902296,25127385.55,0.5342486974336254,7.859115486783352,-3.1249979402130257,0.21359802296341268,-0.19153205969807408,11.910262568798569,3.9471103847868116
2025-11-03,122.84782409667969,127.32406060222672,120.8583856497699,125.33462215531694,16345536,128.31877899169922,111.97554092407226,94.29440739949544,62.262359637420325,9.06871964961276,8.191076887402357,0.877642762210403,139.5510085981151,111.97554092407226,84.40007325002944,24798203.55,0.6591419401426761,7.673323415539816,-0.4032263052742957,0.16628250572858772,0.3585838583650913,11.910262568798569,3.9471103847868116
2025-11-04,117.87422943115234,124.33990446324087,116.87951019544641,124.33990446324087,13952689,124.43937377929687,112.79618453979492,94.83652941385905,56.53018510464339,8.195375935560278,8.191936697033942,0.003439238526336652,140.02893505877643,112.79618453979492,85.56343402081342,25017521.4,0.5577166809178786,7.644932862507101,-4.048581814207131,0.3940632008074152,-0.7694810409372921,1.945758379689888,-2.9180660246786116
2025-11-05,115.8847885131836,116.38214812053631,112.40327126171455,112.40327126171455,11450667,121.45521697998046,113.49248809814453,95.35875701904297,54.37378790424169,7.259035847783068,8.005356527183768,-0.7463206794007,140.26678777590016,113.49248809814453,86.71818842038891,24580738.05,0.4658390230882429,7.355069570097861,-1.687765788645712,0.051456216481238215,-1.4208708043573326,-3.499131780813225,-3.15992163667127
2025-11-06,119.86366271972656,119.86366271972656,114.39270715990502,116.87950514164208,8536872,119.96313781738282,114.33799934387207,96.01029815673829,57.83784468303983,6.760115079274058,7.756308237601826,-0.9961931583277677,140.77689547104242,114.33799934387207,87.89910321670172,24230642.75,0.3523171914207682,7.103854368727686,3.433474106129397,-0.08441462583944626,0.6580375706382924,0.3895688311258638,1.711102861449998
2025-11-07,116.87950897216797,117.87422819746301,115.3874301342254,117.3768685848155,7224937,118.67000274658203,115.00943489074707,96.62370834350585,54.49603900080334,6.054132239989983,7.415873038079458,-1.3617407980894756,140.9617553020914,115.00943489074707,89.05711447940274,24190414.95,0.2986694116216473,6.753504797630817,-2.4896233602808793,0.2780553192774038,-0.8890464487496197,-2.9253692298762624,-2.4647922636517605
2025-11-10,112.40326690673828,116.8795031994845,110.91118814248955,116.8795031994845,9271143,116.58109130859376,115.4819263458252,97.16583023071288,49.84384632153203,5.0749396827389575,6.947686367011359,-1.8727466842724017,140.84752269958238,115.4819263458252,90.11632999206803,24270027.1,0.38199969706667525,6.64881360190383,-3.8297919838930827,-0.038733360616827195,0.7887467877500054,-0.707260430571921,0.5014058445047764
2025-11-11,116.87950897216797,119.86366664805311,114.39271090893035,114.39271090893035,14230615,116.38214721679688,116.38712081909179,97.77095108032226,54.06669157693572,4.607011095437073,6.479551312696502,-1.872540217259429,140.50385024134187,116.38712081909179,92.2703913968417,24559644.15,0.5794308302304942,6.757025087158631,3.982306020645865,0.0,-0.30341598250608337,-1.5794386011026895,-2.274999714715076
2025-11-12,118.37158203125,120.3610203847164,115.38742450105042,117.87422244288341,12071696,116.87950592041015,117.5957046508789,98.40425554911296,55.4142217621606,4.306924599039718,6.045025969965146,-1.7381013709254285,139.3364308824157,117.5957046508789,95.8549784193421,24561421.35,0.49149012298508526,6.519234526692944,1.2765908003919968,-0.008074886659015235,0.5835555923585645,-0.5349258144336844,4.921383255271583
2025-11-13,129.81085205078125,129.81085205078125,120.85837949555496,121.85309866835787,39807669,118.86894378662109,119.35635757446289,99.22821451822917,64.10788368660718,4.935266694884291,5.823074114948976,-0.8878074200646848,138.84151537587928,119.35635757446289,99.8711997730465,26355720.8,1.5103995562132377,7.175239259071386,9.66386511292152,0.3223070095614844,-0.1557560988223461,0.2530863562269614,-0.622810891433645
2025-11-14,123.84254455566406,133.78973688945234,123.34518493897465,128.8161407225582,69878592,120.26155090332031,120.65943984985351,99.93943888346354,57.77785900944157,4.895210853614913,5.637501462682163,-0.7422906090672505,137.3555095024583,120.65943984985351,103.96337019724874,29602361.65,2.3605749036580668,7.61114761792556,-4.59769533966422,0.1957261013469047,-1.8136056365454567,-1.8933402929671939,-0.6854706974093072
2025-11-17,117.87422943115234,127.32406217035864,117.37686981329938,125.83198331679975,26414327,121.35574340820312,121.40547943115234,100.56279627482097,52.22452610133096,4.331937283102462,5.376388626766223,-1.044451343663761,135.96734318762623,121.40547943115234,106.84361567467846,29732192.35,0.8884083181306339,7.922620249810055,-4.81927688576288,-1.8326170463155322,0.18180690528333265,0.16081866593591343,-1.2226315741891924
2025-11-18,117.87422943115234,124.33990446324087,115.88479095974049,115.88479095974049,24699587,121.5546875,121.65415954589844,101.21267954508464,52.22452610133096,3.8412592744889764,5.069362756310774,-1.2281034818217975,135.7674439882033,121.65415954589844,107.54087510359358,28989902.25,0.8520065637682515,7.993619350302099,0.0,2.0307929943259806,-2.518248208944085,-3.9498995666181425,-3.5935353819261273
2025-11-19,117.37686920166016,122.84782496953416,113.89535189483126,118.86894804744398,27097593,121.35574493408203,121.87797164916992,101.82277412414551,51.7438640919111,3.3733744428865435,4.730165093625929,-1.3567906507393852,135.54157551375974,121.87797164916992,108.21436778458009,27418727.05,0.98828778413329,8.12146651355554,-0.42194144716143356,-0.23030738201144096,-0.6577934530601293,1.1033037150315117,-0.8904487431288799
2025-11-20,120.85838317871094,123.84254078806183,118.37158517091854,121.35574278026942,15147159,119.56525115966797,122.20125541687011,102.4809466044108,54.874746229525734,3.2460826049811544,4.433348595896974,-1.1872659909158196,135.41780782534377,122.20125541687011,108.98470300839645,27101583.65,0.5589030956868087,7.90069385660169,2.9660988580887615,0.2565641148130293,3.183733789520926,1.785715449942571,4.074378378556531
2025-11-21,117.87422943115234,121.85310637397605,116.87951019544641,116.87951019544641,12008965,118.37158813476563,121.97744369506836,103.08772532145183,51.77401747332672,2.871307987387013,4.120940474194982,-1.2496324868079691,135.33421631518635,121.97744369506836,108.62067107495035,23874572.9,0.5030022966400375,7.510414166192083,-2.469132607165514,0.5422820276357987,-3.614843327615369,-1.4619852372294129,-3.0917466003484773
2025-11-24,118.37158203125,120.3610203847164,116.87950326615021,119.3663012079832,6829500,118.47105865478515,121.18166809082031,103.71605631510417,52.25820972354839,2.584634542984716,3.813679287952929,-1.229044744968213,133.28843522001682,121.18166809082031,109.07490096162378,22341662.65,0.30568450105927997,6.973227893175298,0.4219349746741319,-0.04305999745704003,0.2621560052100236,-1.4619852372294129,-3.0917466003484773
2025-11-25,116.38214874267578,120.8583852327787,114.39271030263005,119.86366601275583,7312835,118.17264251708984,120.1372127532959,104.30294075012208,50.09174040939687,2.171877085826182,3.4853188475275796,-1.3134417617013976,129.74607295380832,120.1372127532959,110.52835255278349,20229951.6,0.3614855410726736,6.905554164771745,-1.6806679901000265,0.27920716971145954,1.5391110399419539,0.7583205872659704,1.86450899023336
2025-11-26,116.38214874267578,117.87422757271008,115.38742952265291,117.37686796269865,4851085,117.97369842529297,119.41604156494141,104.88650932312012,50.09174040939687,1.8237408776726056,3.153003253556585,-1.3292623758839794,127.73157264395695,119.41604156494141,111.10051048592587,18383230.6,0.26388642483764524,6.316386682809803,0.0,-0.12091894024681693,1.8481197988450715,3.697649533792924,0.40675364235596145
2025-11-27,118.86894226074219,119.3663018517913,116.38214430549652,117.37686348759479,5784309,117.57581024169922,118.99328575134277,105.50157725016275,52.921197640627625,1.7285779083077557,2.8681181845068195,-1.1395402761990638,126.42920720100409,118.99328575134277,111.55736430168145,17317002.45,0.3340248415799006,5.8720894646078,2.136748242692077,-0.44348084794223475,0.5289772806627235,1.8933402929671939,3.5446662859105693
2025-11-28,118.86894226074219,123.34517858018435,117.87422307864392,121.85309980703697,10509029,117.77475280761719,118.76947364807128,106.15477612813314,52.921197640627625,1.6343211327847627,2.6213587741624087,-0.987037641377646,125.91776766645405,118.76947364807128,111.62117962968851,17171240.25,0.6120133925678432,5.818604936198818,0.0,0.2105664976116417,0.261122848805706,-0.4955131423863057,0.13693129636136447
2025-12-01,114.39270782470703,119.3663038170856,114.39270782470703,118.86894421784774,5518754,116.97897796630859,118.34671783447266,106.74331830342611,47.320726357485825,1.184769958970108,2.334041011123949,-1.149271052153841,125.47951380438957,118.34671783447266,111.21392186455574,16629901.15,0.33185729429305716,5.705937077022783,-3.765688792129085,0.19863050869839416,-1.027822462568817,0.342359815218507,-3.2037494063189564
2025-12-02,112.90062713623047,115.387425090773,112.40326754532197,114.39270590895599,3917940,116.28267364501953,118.09803771972656,107.31528180440267,45.58884679935454,0.7000294691916196,2.007238702737483,-1.3072092335458634,125.63551628414407,118.09803771972656,110.56055915530905,16128163.7,0.24292536167648152,5.343033139479882,-1.3043494789571675,0.0608734112671927,0.8109719183892139,1.4888372559487495,0.5449042075077015
2025-12-03,117.37686920166016,117.37686920166016,114.39271151009252,114.39271151009252,5726042,116.4816177368164,118.17264175415039,107.95024426778157,51.34224329512384,0.6693486294941238,1.7396606880888112,-1.0703120585946875,125.64715728515228,118.17264175415039,110.6981262231485,15841932.45,0.36144845447816565,5.22746099627319,3.964762799792476,0.01911236723253218,0.8299495511413513,1.3141813135169933,-2.42874671979183
2025-12-04,117.37686920166016,120.36102689322779,116.38214997113762,117.87422881692143,6860069,116.183203125,118.04830207824708,108.57194379170735,51.34224329512384,0.6376830299648049,1.51926515646401,-0.8815821264992052,125.48702454155881,118.04830207824708,110.60957961493534,15758092.3,0.43533626211847987,5.060983119715454,0.0,-0.2780117606670518,0.009613468300440076,3.9819003919386198,2.0777636153460177
2025-12-05,119.36630249023438,120.36102167765299,116.87950452168782,117.37686411539713,4604364,116.28267517089844,118.17264175415039,109.21353759765626,53.857172479267184,0.7643079874852106,1.3682737226682504,-0.6039657351830399,125.61223925487093,118.17264175415039,110.73304425342985,15627063.65,0.29464038178407237,4.850387657882082,1.6949108475165175,0.16062935130458644,0.6662167696174004,-1.9727303145215203,-1.9347051299564155
2025-12-08,119.86366271972656,120.36102231607397,117.3768647379895,119.36630312337914,5405708,117.37686614990234,118.5456615447998,109.85678939819336,54.490462231045655,0.894480972653156,1.2735151726652316,-0.37903420001207566,125.49952669663705,118.5456615447998,111.59179639296255,15433791.9,0.350251450520076,4.601556980575735,0.4166671992984705,-0.2901310503285237,1.1539613810094718,0.5918882126695779,0.5343157267708953
2025-12-09,118.37158203125,120.85837997308299,118.37158203125,120.85837997308299,5199148,118.47105712890625,118.62026519775391,110.4768310546875,52.17689346278769,0.8672484591295841,1.192261829958102,-0.3250133708285179,125.53074644831612,118.62026519775391,111.7097839471917,14982218.55,0.347021236050518,4.319589108743369,-1.2448148626706401,-0.3494935499670837,-0.42813960011827135,0.05884490126983888,-2.616508695748121
2025-12-10,126.32933807373047,128.81613606730784,118.86894409299836,119.36630369171384,27240628,120.26155090332031,119.01815299987793,111.25602773030599,61.552736881022675,1.4708360207647786,1.2479766681194375,0.22285935264534107,126.73739396367469,119.01815299987793,111.29891203608116,15740665.15,1.7305893836385942,5.1362510990519645,6.722691296277206,-0.043961550810267536,0.7739912655269743,0.14701124359208784,-0.8396337249982233
2025-12-11,120.36102294921875,127.82141693367446,119.86366335025504,127.32405733471074,15956277,120.85838165283204,118.5456615447998,111.86778004964192,53.13828379065053,1.450865684241407,1.2885544713438315,0.16231121289757544,124.41964913356394,118.5456615447998,112.67167395603566,14548095.55,1.0967948997283015,5.512451430300958,-4.724409401265439,-0.23755066327988406,-1.3238408398111412,-2.906633601032893,-3.683318602493768
2025-12-12,119.36630249023438,121.85310045878092,118.37158330281575,121.35574086507161,6183775,120.85838165283204,118.32184944152831,112.49279518127442,51.86568178095956,1.3393344075107478,1.298710458577215,0.04062394893353294,123.66299781392247,118.32184944152831,112.98070106913416,11363354.7,0.544185688404147,5.2416601937228515,-0.8264473287204033,0.33175603858714986,0.618273245078016,2.812217026474406,2.835160418175553
2025-12-15,116.38214874267578,118.37158718272153,114.89006991264148,116.87950835268722,5330571,120.16207885742188,118.24724540710449,113.03491706848145,48.140873893201494,0.9986371321186738,1.2386957932855067,-0.24005866116683294,123.65597369588978,118.24724540710449,112.83851711831919,10309166.9,0.51707097689921,5.139603178238858,-2.499996804209237,0.449008499969894,-1.1741252883312847,-3.794118791871437,-4.103433464502926
2025-12-16,112.90062713623047,115.8847846816815,110.41382918168796,115.387425090773,5437403,119.06788787841796,117.99856529235839,113.51404012044271,44.156576348366116,0.44260036789714263,1.079476708207834,-0.6368763403106914,123.91319431237096,117.99856529235839,112.08393627234582,9346057.7,0.5817857298270265,5.2500986959387195,-2.9914567174241236,0.027453065033000712,-1.1852011859090683,-2.598592414668166,-0.802325216038946
2025-12-17,112.90062713623047,114.39270590895599,112.40326754532197,112.90062713623047,3603216,116.38214569091797,117.77475318908691,113.9533743540446,44.156576348366116,0.0019151495709053279,0.8639643964804483,-0.862049246909543,124.11209620487548,117.77475318908691,111.43741017329833,8171338.85,0.440957848663931,4.81534398496476,0.0,0.4478345884427748,-0.04172704427407581,0.12555021525160193,-0.11233473736065314
2025-12-18,113.89534759521484,115.88478598115746,112.40326880575789,112.40326880575789,3528230,115.0890106201172,117.42660140991211,114.2650530497233,45.647176717172286,-0.264021952384752,0.6383671267074083,-0.9023890790921603,123.81550501399722,117.42660140991211,111.037697805827,7590392.4,0.4648284059727926,4.637500410356068,0.8810583999538935,0.518285581531619,-0.20577756708046735,-0.9717844217523863,-0.20242549135331966
2025-12-19,114.39270782470703,116.87950582089631,113.39798862623132,115.8847866224206,3512585,114.09429168701172,117.25252532958984,114.43083953857422,46.417314363090426,-0.4296929746140705,0.42475510644311254,-0.8544480810571831,123.77832858810507,117.25252532958984,110.72672207107462,7165573.4,0.49020291942023786,4.4833693149305915,0.4366817784865251,-0.37303888670811025,0.8293866411184903,1.329532840336456,-0.9691180757758322
2025-12-22,115.8847885131836,116.38214812053631,114.89006929847815,115.38742890583087,2271605,113.99481964111328,117.12818565368653,114.70604515075684,48.76282475798681,-0.4355690428113945,0.25269027659221116,-0.6882593194036057,123.65897464123378,117.12818565368653,110.59739666613928,6937678.65,0.3274301267903205,4.150845445717084,1.3043494789571675,-0.032362001212404845,1.6366453414191628,0.09371948563838828,1.5020471446272943
2025-12-23,115.3874282836914,117.87422630704683,114.89006867902032,116.87950709770466,2490260,114.49217987060547,117.07844963073731,114.8138064066569,48.008438285677414,-0.47488451007293975,0.10717531925918099,-0.5820598293321207,123.64819551236295,117.07844963073731,110.50870374911167,6696549.9,0.37187208893941043,3.9952870700250074,-0.4291850862165658,0.08982802507242482,0.571339720700248,-0.15605801860081314,1.7488766537401057
2025-12-24,114.89006805419922,118.86894486992905,114.39270845223298,115.88478725813167,4234726,114.89006805419922,117.00384559631348,115.06248613993327,47.22169812484124,-0.5399508972023028,-0.02224992403311578,-0.5177009731691871,123.64043124775188,117.00384559631348,110.36725994487509,6665731.95,0.6352979735406252,4.059413649714482,-0.43103502425704265,-0.13541653938790033,0.21726860803557013,-1.094090470851028,-3.0189494568178654
2025-12-26,115.8847885131836,116.38214812053631,114.39270969112543,115.8847885131836,2890708,115.28795623779297,116.85463790893554,115.24485130310059,49.02106283028043,-0.5054246294536,-0.11888486511721263,-0.38653976433638737,123.44871376334906,116.85463790893554,110.26056205452203,6521051.9,0.44328860501784995,3.7834169536740028,0.8658019581946119,0.2562756491433227,0.6486648427758146,1.2310600756632262,-0.15696010465627852
2025-12-29,113.39798736572266,117.87422370910645,113.39798736572266,116.87950452168782,3431623,115.0890121459961,116.58109016418457,115.4023484547933,44.89977765289451,-0.6709916094541768,-0.2293062139846055,-0.4416853954695713,123.27646431525456,116.58109016418457,109.88571601311459,6167181.6,0.5564329417508964,3.8757928723019743,-2.145925431082807,-0.602469435943731,0.8925301842964695,-0.31181638635569,-0.9207245043102108
2025-12-30,114.89006805419922,115.38742765616544,111.90591044240183,113.39798924830052,2580134,114.89006805419922,116.60595817565918,115.64273897806804,47.73877795445591,-0.6740363210923306,-0.31825223540615055,-0.35578408568618003,123.27073339611493,116.60595817565918,109.94118295520343,6020250.6,0.4285758469921502,3.8232227844968594,1.3157911556793467,-0.1982110917127744,-0.360140777928486,1.5326848348009126,0.22665544450712893
2025-12-31,116.38214874267578,117.37686796269865,113.8953506926186,114.39271030263005,3750020,115.0890121459961,116.78003425598145,115.89141883850098,50.486185915143324,-0.5497140736244717,-0.36454460304981484,-0.18516947057465682,123.21523186758652,116.78003425598145,110.34483664437637,6011854.6,0.623770907566527,3.7776620492412842,1.2987029372919068,-0.23692492856227654,0.893397362684345,1.5326848348009126,0.22665544450712893
2026-01-02,123.84254455566406,125.3346234057323,116.87950992201228,117.37686953870168,17508174,116.87950744628907,117.10331802368164,116.25614929199219,61.40996693798683,0.1490852343864617,-0.2618186355625595,0.4109038699490212,124.2725283790615,117.10331802368164,109.93410766830178,6600961.2,2.652367355226993,4.46763706441665,6.410257839012257,0.1917140625415037,1.3334355629436079,1.5326848348009126,0.22665544450712893
2026-01-05,123.34518432617188,127.32406123991936,121.35574586929813,125.83198239726406,17088255,118.37158660888672,117.40173377990723,116.59601173400878,60.452432823625706,0.655203132790092,-0.07841428189202923,0.7336174146821213,125.09648273088773,117.40173377990723,109.70698482892674,7112370.5,2.402610353327347,4.667727505243927,-0.40160692052692015,0.1763399560895884,2.5731972423427285,2.5878045376946046,1.7639055408126714
2026-01-06,128.81613159179688,129.81085075466788,122.84781661457076,123.34517619600628,19017413,121.45521545410156,117.87422523498535,117.01876729329427,66.6183699163808,1.4806963891072797,0.23340785230783256,1.2472885367994473,127.08757367968587,117.87422523498535,108.66087679028482,7833022.95,2.4278510507874866,4.97376838989102,4.4354769872147815,0.3695945317161664,1.5653914873574148,0.060056806412167596,-0.24443880896056758
2026-01-07,131.3029327392578,133.29237111409503,127.32405598958333,129.31349436442056,21521227,124.73778839111328,118.44618873596191,117.49125887552897,68.98542500394902,2.30895363144262,0.64851700813479,1.6604366233078298,129.42978396010446,118.44618873596191,107.46259351181935,8638798.9,2.4912290758383087,5.106374621173778,1.9305044459348553,0.055600146772261105,-0.46058572988449953,0.27011191005656965,-3.1855679624033795
2026-01-08,121.85310363769531,131.80029577138473,121.35574403101084,131.30293616470024,11449873,125.83197937011718,118.62026481628418,117.87588361104329,53.46958709090828,2.1777277404816573,0.9543591546041635,1.2233685858774939,129.70873614160828,118.62026481628418,107.53179349096006,8951335.15,1.2791246007585806,5.818131570400459,-7.196967275916089,-0.13653985571981941,-0.2461598922053443,-4.609399445682117,-2.6000928738279305
2026-01-09,123.34518432617188,125.33462278304562,119.3663074124244,122.84782471195345,8939163,125.73250732421874,118.47105712890625,118.3616382598877,55.18357646058073,2.1691244023082987,1.1973122041449906,0.9718121981633081,129.19714169226302,118.47105712890625,107.74497256554947,8036261.9,1.1123533691703102,5.838156077096559,1.224491329258992,0.304299038122946,-0.23579889662018738,0.21964199838957477,1.181199881542283
2026-01-12,124.33989715576172,129.3134930419922,123.34517797851562,124.33989715576172,8560087,125.93144989013672,118.6700008392334,118.85733998616537,56.33825838181031,2.217014839976713,1.4012527313113352,0.8157621086653777,129.68732660366013,118.6700008392334,107.65267507480667,7666452.4,1.1165642925011834,5.855510608613894,0.806446425147378,0.15374978232687297,0.918909452108041,0.21964199838957477,1.181199881542283
2026-01-13,130.30821228027344,130.30821228027344,122.84781844743335,125.33461639171338,14652249,126.22986602783203,119.21709632873535,119.3994618733724,62.56968348484936,2.7053756219859224,1.6620773094462526,1.0432983125396698,131.40456900238573,119.21709632873535,107.02962365508496,8089876.1,1.8111833628700444,6.06949503851072,4.8000000490873385,-0.07406428934867426,0.4577823055845309,3.5691918054417737,-1.821151064613169
2026-01-14,133.78973388671875,140.25540875856763,131.30293585908458,135.28181270329927,50946393,126.72722625732422,120.0874755859375,119.91340014139811,65.649477717971,3.334892196188349,1.996640286794672,1.338251909393677,133.81192526230106,120.0874755859375,106.36302590957395,10370667.2,4.912547285289417,6.586521897148515,2.6717591666111318,0.1488727455515093,0.7638548470983331,4.141470678138481,-2.8299702552017636
2026-01-15,133.29237365722656,137.27125048281542,132.29765445082936,134.28709286362377,17458358,129.01508026123048,121.1070629119873,120.25326258341471,64.8288369735775,3.750423257997852,2.347396881035308,1.403026376962544,135.59219024635246,121.1070629119873,106.62193557762215,10971714.95,1.5912150543065287,6.371465115126855,-0.3717476782735152,-0.335893987830016,-0.4240196321329548,-1.306238198237275,0.04895143197567453
2026-01-16,132.79501342773438,135.28181143199907,127.82141741920499,134.28709223029318,14994319,130.90504608154296,122.1017822265625,120.58483568827312,63.967709815838944,3.9935664561170654,2.6766307960516595,1.3169356600654059,136.94207666123435,122.1017822265625,107.26148779189067,11541270.1,1.299191412217274,6.5166556348158196,-0.37313479822274065,0.16978112646923726,1.9412784151040752,0.41176415586063886,2.152634327339986
2026-01-19,145.7263641357422,145.7263641357422,130.80557599897676,133.292374021771,40700609,135.18233947753907,123.69333305358887,121.10706329345703,73.73598182693728,5.1701132751556145,3.1753272918724504,1.994785983283164,141.38203137906814,123.69333305358887,106.00463472810961,13399889.05,3.0373840296834396,7.637206635075767,9.737828533030669,0.13876592712758207,0.7341591644532297,0.5565342807055895,-3.568004867199648
2026-01-20,147.21844482421875,147.71580443511138,140.75276988261456,145.22900638064823,37921483,138.56438598632812,125.33461990356446,121.52152964274089,74.59189794718236,6.15201692590297,3.7706652186785545,2.3813517072244155,145.33083288097896,125.33461990356446,105.33840692614996,15120333.95,2.5079791971129053,7.547317024065241,1.0238920715037514,-0.1866616541035815,0.3814914160573224,-3.699392512012789,-1.6389360888739657
2026-01-21,142.74220275878906,151.69467540568175,139.2606856183308,145.22900071625924,36742225,140.3548797607422,126.67749061584473,121.66244812011719,67.48643379125528,6.494127063851337,4.315357587713112,2.1787694761382257,147.58802246937404,126.67749061584473,105.76695876231544,16843864.95,2.181341699726701,8.198873392503335,-3.0405443222650486,0.4225198331249791,-1.617195376823788,-0.18148583570365417,-0.12623123052488694
2026-01-22,156.66827392578125,156.66827392578125,149.70523952907988,149.70523952907988,15339543,145.03005981445312,128.7415328979492,121.98573176066081,75.35271697518054,7.799066586233636,5.012099387417217,2.786967198816419,152.86278490185782,128.7415328979492,104.6202808940406,17486329.1,0.8772306018191091,8.962499762435183,9.756099386055418,-0.13351674979606987,1.5992608141158327,1.0303069906034024,0.8088984688186862
2026-01-23,152.68939208984375,164.6260220903527,147.2184366729438,162.63658375693456,52579329,149.008935546875,130.63149909973146,122.35046208699545,70.13190871671901,8.415173170005545,5.692714143934882,2.7224590260706627,156.0704362187928,130.63149909973146,105.19256198067013,19903559.25,2.641704849849908,10.088511183098348,-2.539685755280885,-0.1769903822365304,0.6786024824792181,-0.05999214395631114,0.3009013815283179
2026-01-26,148.7105255126953,154.6788409178871,147.21844666139737,153.68412168368846,18117850,149.60576782226562,132.27278594970704,122.70690320332845,65.26240273067096,8.484575887091268,6.251086492566159,2.233489394525108,157.94038584463942,132.27278594970704,106.60518605477466,20664916.35,0.8767444151788206,9.738095592883868,-2.6058565842001946,-0.6750241196508577,0.32229317820207104,-4.5918359044999075,-4.050000683971855
2026-01-27,151.69467163085938,152.68939078909452,147.21843541880122,149.7052333143891,15388760,150.50101318359376,134.18762016296387,123.17939465840658,67.10706660394266,8.680312453925495,6.736931684838027,1.9433807690874678,159.63950178622213,134.18762016296387,108.7357385397056,21262773.2,0.7237419058770753,9.169143563205125,2.0066811732901257,0.22218190498228818,0.7902828245345717,1.5413631437085407,0.7556060524520625
2026-01-28,145.7263641357422,154.67883701780144,144.23428532206563,154.1814774132426,17875129,151.09784545898438,135.72943496704102,123.56070365905762,60.21943468263445,8.258642072730112,7.041273762416445,1.2173683103136668,159.9661841782702,135.72943496704102,111.49268575581185,22027522.95,0.8114906537868345,9.339197980875884,-3.93442131549665,-1.050238363220013,1.5035014375913036,-1.2701324498204714,0.02585866280819804
2026-01-29,139.75804138183594,146.72107547203416,137.76860307035074,146.22371589416286,15353770,147.7157989501953,136.89822959899902,123.92543385823568,54.22576063380029,7.358052442448013,7.104629498422759,0.253422944025254,159.3989225760329,136.89822959899902,114.39753662196514,22607710.45,0.6791386520079923,9.28763457031689,-4.095568286015039,0.5120485824171128,-0.8156086050381428,-1.6316329018517206,0.3619468062261433
2026-01-30,135.7791748046875,141.25013056604854,134.28709596067995,138.7633324927026,11446484,144.33375549316406,137.49506111145018,124.25700696309407,50.60934045829611,6.251207364791242,6.933945071696456,-0.6827377069052147,159.15517648616765,137.49506111145018,115.83494573673273,22304625.95,0.5131887898797065,8.977687908323784,-2.846967900957975,0.29453572698179276,-1.4522855203057627,0.03190013073708364,2.0607884791807196
2026-02-02,125.83197784423828,132.297652595128,125.334618248016,131.30293340268344,9570388,139.75804595947267,137.61940078735353,124.35647888183594,42.90542567342989,4.519273630582234,6.451010783473612,-1.9317371528913787,158.9637560469538,137.61940078735353,116.27504552775325,21928732.6,0.4364314242219361,9.173270394770146,-7.326010763254254,0.7056381660207167,-1.3713951210479136,-1.6262778281728507,0.22716011288641536
2026-02-03,128.3187713623047,131.8002884147703,124.33989473091539,131.30292883584664,6124250,135.0828659057617,137.59453277587892,124.54713325500488,45.153215278434345,3.3092204883487852,5.8226527244486475,-2.513432236099862,158.98318654464578,137.59453277587892,116.20587900711206,21284074.45,0.2877386101231196,8.944886833314783,1.976281038151284,-0.018679128920895405,1.8066327752278566,7.5526768713854775,11.43288966351108
2026-02-04,130.30821228027344,130.80557186912944,125.8319759805694,126.82669515828141,6193200,131.99923553466797,137.5447967529297,124.84554901123047,46.95250741760573,2.4821630799030174,5.154554795539522,-2.672391715636505,158.9995750679427,137.5447967529297,116.09001843791671,20517673.1,0.30184709395725773,8.415381374014151,1.5503896248753923,-0.012352394174863779,0.2933689007004636,0.12055545082807484,-2.7344669499464236
2026-02-05,124.33989715576172,129.81085263061522,124.33989715576172,128.31877386474608,5151677,128.9156066894531,137.669136428833,124.96988881429037,42.45300650062962,1.3297919598786905,4.389602228407356,-3.0598102685286657,158.76686201362776,137.669136428833,116.57141084403827,20202763.3,0.2549986317960771,8.089105874080493,-4.580152716449493,0.26573312511892766,-1.5129881759937458,-1.1137896154563731,0.16263773669660253
2026-02-06,121.35574340820312,123.34518182473104,118.37158578341123,123.34518182473104,5212494,126.03092041015626,137.56966438293458,125.01962483723959,40.36987314978246,0.17373061863128214,3.546427906452142,-3.3726972878208596,158.9683604194081,137.56966438293458,116.17096834646105,20016429.85,0.26041077450182754,7.806333273849826,-2.399996956584516,-0.026220914336294587,-0.057700870579924235,-2.070015707137396,0.3247587464799473
2026-02-09,121.35574340820312,126.32933944952292,120.85838380407114,126.32933944952292,4570636,125.13567352294922,137.42045669555665,124.87870635986329,40.36987314978246,-0.7339952825583396,2.6903432686500457,-3.4243385512083853,159.24494388963726,137.42045669555665,115.59596950147605,19816957.3,0.23064267287894896,7.49494959006342,0.0,-0.2331814588317105,1.9560796184812101,1.6164172504865348,4.9942202013252945
2026-02-10,122.84782409667969,126.32934137877183,122.35046448495224,125.33462215531694,4490510,124.04148406982422,137.04743728637695,124.86212768554688,42.01966746598564,-1.317785545861966,1.8887175057476433,-3.2065030516096096,159.62576353429804,137.04743728637695,114.46911103845585,19308870.35,0.23256202556665878,7.1587693741307925,1.2295097426560764,-0.043710449322398315,2.0625133919167205,1.5295198092137197,2.1581143741346676
2026-02-11,122.84782409667969,123.84254332013458,121.35574526149735,122.84782409667969,3492334,122.54940643310547,136.500341796875,124.94502092997233,42.019667465985634,-1.760153580691167,1.1589432884598814,-2.9190968691510486,159.92542502675641,136.500341796875,113.0752585669936,16936167.4,0.2062056850004919,6.5358398653983185,0.0,-0.2613923188501621,1.6108084869157713,1.5295198092137197,2.1581143741346676
2026-02-23,134.78445434570312,134.78445434570312,130.3082178545174,130.3082178545174,7484341,124.63831787109375,136.57494583129883,125.2268580118815,53.8629630365923,-1.1344696726644088,0.7002606962350234,-1.8347303688994323,159.96649124715,136.57494583129883,113.18340041544766,16437466.55,0.45532205204700477,7.255945249881668,9.716598838274471,-0.21533548382927092,0.49857829689010646,0.24549596349081604,-0.14684137481167925
2026-02-24,148.21316528320312,148.21316528320312,137.2712537522284,138.265972982317,19589437,130.00980224609376,137.34585342407226,125.74079627990723,63.01562491267617,0.4399031468456087,0.6481891863571405,-0.2082860395115318,161.22407595413392,137.34585342407226,113.46763089401061,16667222.45,1.1753270263696518,8.078980674897446,9.963100717132601,-0.24182185904723097,2.7464288213389976,10.068025203659836,-0.42016967721644205
2026-02-25,155.1761932373047,158.65771039326984,150.20259730021158,152.19203567504883,46804867,136.77389221191407,137.8183448791504,126.3127597808838,66.70402445610834,2.223828205229438,0.9633169901316001,1.260511215097838,162.7457268758367,137.8183448791504,112.8909628824641,16972435.35,2.75769894153699,8.394389266253349,4.697982086002095,-0.18355200278042938,2.052545137509143,4.400493838112052,0.3375582014381484
2026-02-26,155.1761932373047,156.1709124247233,146.2237205505371,155.67355283101398,17620710,143.23956604003905,138.2162322998047,126.934459177653,66.70402445610836,3.5961475164392027,1.4898830953931208,2.106264421046082,164.01421265893777,138.2162322998047,112.4182519406716,15957396.7,1.1042346274439616,8.601429613977727,0.0,-0.3441994373834856,0.004004083061670549,-3.196778664487987,2.207735604895733
2026-03-02,147.21844482421875,153.1867601549303,143.73692754797034,143.73692754797034,10435865,148.1136901855469,138.44004440307617,127.41524022420248,58.916205044932234,3.995538584674307,1.9910141932493581,2.004524391424949,164.4798867099244,138.44004440307617,112.40020209622796,14642078.7,0.712731109688681,8.97980775735861,-5.128201850471015,0.4102837192432096,-0.901886354995296,-1.0467383597435598,-3.6296118879569073
2026-03-03,139.2606964111328,151.19732753208706,138.76333678109305,148.21316975184848,12980071,149.00893859863282,137.56966552734374,127.79654935201009,52.33587053980729,3.6281124703140506,2.3184338486622966,1.309678621651754,162.16792186445974,137.56966552734374,112.97140919022776,14524105.1,0.8936916189073846,9.44036548984333,-5.405401763744766,0.5099596730266498,-2.1981462640061733,-8.241081598006039,-10.378779215858202
2026-03-04,127.32405853271484,136.77389100193977,125.83197972178459,134.7844525873661,10461283,144.83111724853515,136.3013988494873,127.97891451517741,44.33657340574702,2.34668656739089,2.3240843924080155,0.022602174982874423,160.22363622269793,136.3013988494873,112.37916147627666,12418202.8,0.8424152164756078,9.972145649777318,-8.571433423812557,0.6310429867452783,-4.35492612031565,-1.9571075423372997,0.5014393089057378
2026-03-05,130.80557250976562,135.2818088313926,128.3187745533062,132.79501087493315,7306182,139.95699310302734,135.40615119934083,128.17785835266113,46.886502389501544,1.593705147972031,2.1780085435208187,-0.5843033955487877,158.70506538220442,135.40615119934083,112.10723701647723,11877619.4,0.6151217473764145,9.703559602964043,2.7343724486729615,-0.32772450369655814,2.5710975461891383,4.129069717996692,4.252791378188636
2026-03-06,133.29237365722656,136.2765312764182,129.3134968316377,130.80557564123353,5219773,135.58022918701172,134.48603630065918,128.41824887593586,48.69442689073119,1.1839778579345364,1.9792024064035623,-0.7952245484690259,156.49420267537292,134.48603630065918,112.47786992594544,11369170.05,0.4591164506330873,9.338156248539573,1.9011431239103205,0.8722728245506239,-0.21798613570590541,-0.656512637332729,2.0054680899083577
2026-03-09,122.3504638671875,124.33990230405234,120.36102543032267,122.3504638671875,6499660,130.60663299560548,133.31724128723144,128.55087814331054,41.93126064792695,-0.02338507743056084,1.5786849096367377,-1.6020699870672985,155.2948021014167,133.31724128723144,111.33968047304616,10800396.6,0.6017982710005297,9.817248512321482,-8.20895411329171,-0.3247034292450657,-4.431963003584727,-8.194553689120132,-6.166214701597883
2026-03-10,126.32933807373047,127.8214168698769,124.83725927758405,126.82669767244595,4993825,128.020361328125,132.64580612182618,128.7746899922689,44.926720512323065,-0.6516551319390089,1.1326169013215885,-1.7842720332605975,154.6153687205744,132.64580612182618,110.67624352307797,10282399.35,0.4856672873729613,9.237742444370538,3.25203034036885,-0.0009416103239789919,2.0599268819414984,5.729914739519226,5.142857679404256
2026-03-11,130.30821228027344,130.80557186912944,127.82141433599341,127.82141433599341,4296787,128.61719207763673,132.37225799560548,128.99021237691244,47.82517693626937,-0.8190601652121359,0.7422814880148437,-1.5613416532269797,154.31377239819116,132.37225799560548,110.43074359301981,9924914.5,0.4329293718348909,8.602874624507663,3.1496042544137737,-0.0883622645329818,4.095952619427945,2.342048599233282,-2.377726309472461
2026-03-12,124.33989715576172,129.3134930419922,123.34517797851562,128.31877386474608,4980138,127.32405700683594,132.29765396118165,129.10626284281412,44.077843043422654,-1.416988846054295,0.31042742120101596,-1.727416267255311,154.3427035250022,132.29765396118165,110.25260439736111,9695402.0,0.5136597739835852,8.384229248141017,-4.580152716449493,0.11834075149077528,-1.560441591332784,-1.0111804049482642,0.7886785768886684
2026-03-13,128.81613159179688,129.81085075466788,121.85309745169975,121.85309745169975,6050760,126.42880859375,132.32252197265626,129.26375999450684,47.406316917535534,-1.5122249361921547,-0.054103050277618164,-1.4581218859145366,154.34978795538862,132.32252197265626,110.2952559899239,9691727.5,0.6243221345214256,8.327365788784633,3.5999985028359216,0.26499563387061276,-0.5405866913823942,-1.8817179546989804,-0.8515431802177176
2026-03-16,129.81085205078125,130.3082116371827,126.82669453237249,128.81613287797833,3733657,127.92088623046875,132.29765396118165,129.42954648335774,48.144944047502754,-1.4902558541168673,-0.341333611045468,-1.1489222430713992,154.33561544681825,132.29765396118165,110.25969247554505,9568750.35,0.39019274862782893,7.681252630921376,0.7722017783739377,0.8380462709563163,-0.1730779621546441,-1.178082541399017,-3.8765096388950204
2026-03-17,142.74220275878906,142.74220275878906,130.30821297143808,131.80029174592022,23217541,131.20345916748047,133.217769241333,129.8357234954834,56.66525490169483,-0.42449989738926774,-0.35796686831422797,-0.06653302907503977,155.39301033887688,133.217769241333,111.04252814378911,10472043.55,2.2170974451304684,8.381265707866234,9.961686949677473,-0.6781109201310698,1.481767774178122,5.406152350388882,1.8594469478302234
2026-03-18,140.7527618408203,145.7263576655843,137.27124476348556,143.23955975320231,27589790,133.29236907958983,134.18762016296387,130.07611389160155,55.16353727422454,0.25662985186008314,-0.23504752427936576,0.4916773761394489,155.86966463658874,134.18762016296387,112.505575689339,11590908.35,2.3802957599953762,8.391112000430567,-1.3937300108297856,-0.18782115046350745,1.5131788114791656,1.1046867758443657,3.935522535698177
2026-03-19,136.2765350341797,141.7474908202234,135.77917541726663,137.7686138849189,8739239,135.67969665527343,134.93365974426268,130.34137242635092,51.83495080349988,0.43027603718829255,-0.10198281198583412,0.5322588491741267,155.76684431925568,134.93365974426268,114.10047516926969,11799338.5,0.7406549951931627,8.068072454100728,-3.1802053104313943,0.45852337777712027,-1.9182699065508957,-2.497397882724406,-2.9425248013993377
2026-03-20,130.80557250976562,141.7474835181871,129.81085332718186,138.2659663791439,10529795,136.07758483886718,135.331547164917,130.53202692667642,48.02099846039426,0.12499012873502124,-0.056588223841663045,0.18157835257668428,155.4857416909606,135.331547164917,115.17735263887339,12101302.75,0.8701373081505626,8.583880152354663,-4.014603484775925,-0.7152438188559485,-0.432775801380203,-2.497397882724406,-2.9425248013993377
2026-03-23,122.84782409667969,125.83198176704438,122.35046448495224,124.83726254358949,5889265,134.6849792480469,135.331547164917,130.6397881825765,43.058272222210135,-0.750424517720802,-0.19535548261749083,-0.5550690351033112,155.4857416909606,135.331547164917,115.17735263887339,12221149.3,0.48189125715042197,8.56671053534916,-6.083646331269133,0.6905285819817086,-2.448670019784016,-6.403416705603648,-3.995297544157206
2026-03-24,123.34518432617188,127.32406123991936,119.86366702664283,127.32406123991936,5400548,130.80557556152343,134.75958366394042,130.8138641357422,43.45161832082182,-1.3880633874606474,-0.4338970635861221,-0.9541663238745253,155.61619001018175,134.75958366394042,113.90297731769907,12116959.65,0.4457015749821367,8.419201692406142,0.4048588024650579,-0.49873146018064585,-0.3369539785315956,0.9977181465204099,-0.24479897214841895
2026-03-25,127.82141876220703,129.3134975804429,126.32933994397115,126.82669955004977,4024903,128.21930694580078,133.73999633789063,131.06254399617512,47.00012405896096,-1.5147410838128792,-0.6500658676314737,-0.8646752161814055,153.8061434877994,133.73999633789063,113.67384918798187,11338732.95,0.35496937953724367,8.092416567321461,3.6290305620674035,0.20024107948439784,2.535456425815963,3.3022847492585328,2.552146077061379
2026-03-26,125.83197784423828,130.80557380646113,125.334618248016,128.31877582534972,4075255,126.1303955078125,132.2727855682373,131.26148783365886,45.629636045699854,-1.7554298241682602,-0.871138658938831,-0.8842911652294292,149.87996599335318,132.2727855682373,114.66560514312143,9202252.35,0.4428540801752736,7.742888432804617,-1.5564221843522241,0.03163401045052083,-0.3035017473458024,1.7213159238943732,0.33500493719424984
2026-03-27,127.32405853271484,127.82141813635826,121.85310289263725,123.3451817035675,3863482,125.43409271240235,130.88017883300782,131.47701034545898,46.88068597269315,-1.8049723456033178,-1.0579053962717284,-0.7470669493315893,144.90044655339452,130.88017883300782,116.85991111262112,8514390.95,0.4537590560132784,7.506278674260136,1.1857722607869547,-0.018472719949447214,-0.6750069219611743,0.5909157615554328,0.6677845590941978
2026-03-30,123.84254455566406,124.33990417235349,120.36102723883816,123.84254455566406,3600608,125.63303680419922,129.71138381958008,131.60963961283366,44.318236060282956,-2.100945836684957,-1.2665134843543742,-0.834432352330583,141.75486017531173,129.71138381958008,117.66790746384844,8172628.1,0.4405691726018954,7.433845690209009,-2.7343724486729504,0.14719379020335932,-1.7951772733723503,-4.743935309973047,-4.3291078689308815
2026-03-31,116.38214874267578,125.33462172288161,115.88478913266435,123.8425428928473,6794489,124.2404296875,128.56745643615722,131.62621828715007,39.35424061938114,-2.904022786725932,-1.5940153448286858,-1.310007441897246,141.12698226165057,128.56745643615722,116.00793061066386,7863349.0,0.864070639621871,7.702643943543442,-6.0240976473436625,0.1938961860005195,-2.4453103067768933,-3.5370684776457217,-1.7000000000000015
2026-04-01,117.37686920166016,122.35046535427288,116.8795095863989,121.35574612375034,5625444,122.15151977539062,128.0700969696045,131.66766497294108,40.31418027828488,-3.420768932773811,-1.959366062417711,-1.4614028703561,141.58818542130564,128.0700969696045,114.55200851790336,7621557.05,0.7380964234860644,7.47140029928393,0.8547019192640448,-0.31555578204207624,4.5765864674125245,7.685538281020832,5.4425228891149535
2026-04-02,113.39798736572266,119.86366208394368,113.39798736572266,119.36630249023438,6377632,119.6647216796875,127.19971771240235,131.62621828715007,37.740826048712115,-4.104047581885823,-2.3883023663113336,-1.715745215574489,142.1427370005144,127.19971771240235,112.2566984242903,7575129.55,0.8419172184322578,7.337303555142209,-3.389834694859306,0.20069684313648306,-1.8158067453737603,-5.257423045491693,-6.150506512301012
2026-04-07,113.39798736572266,116.38214492797852,112.40326817830403,113.89534695943196,5768446,116.87950744628907,126.20499839782715,131.62621828715007,37.740826048712115,-4.592610083818201,-2.8291639098127073,-1.7634461740054936,142.06108568759097,126.20499839782715,110.34891110806333,7602563.2,0.7587501541585343,6.889513314413179,0.0,-0.15330159053532633,2.0182425176967334,-0.5516154452324673,2.7715911902994383
2026-04-08,120.36102294921875,121.85310174610989,116.38214615750904,116.87950575647275,7484165,116.183203125,126.10552635192872,131.71740086873373,44.88159992959258,-4.367593705921422,-3.1368498690344504,-1.2307438368869716,142.08788744161714,126.10552635192872,110.12316526224029,7651788.45,0.9780935592907041,7.0982601232097196,6.140351998523075,-0.06266985661774749,4.6089884909003676,5.652403592181732,5.947507825668197
2026-04-09,122.84782409667969,124.33990293186203,119.863666426315,120.8583856497699,5834926,117.47633819580078,125.93145065307617,131.82516212463378,47.21032409724814,-3.9431483757955164,-3.2981095703866634,-0.6450388054088529,141.9792532494906,125.93145065307617,109.88364805666176,7693843.5,0.7583889638514223,6.748656974188027,2.0661183218010137,-0.5443006460909006,0.28704629430582607,-0.24999999999999467,0.9090909090909038
2026-04-10,127.82141876220703,130.8055763986788,125.3346207318139,125.83198033789252,8574616,119.56524810791015,125.80711097717285,131.89147669474283,51.6134408395557,-3.1689155839932965,-3.2722707731079903,0.10335518911469377,141.7503232192869,125.80711097717285,109.86389873505878,7907734.95,1.084332751946877,6.909869684562837,4.048581814207131,0.01702281183058041,1.596814237549693,3.9097744360902187,4.054054054054057
2026-04-13,135.2818145751953,139.26069147446574,131.30293767592485,134.7844549627865,19431509,123.94201354980468,126.35420684814453,132.09042053222657,57.35879538483927,-1.9310786528102284,-3.0040323490484377,1.0729536962382094,142.82756392056308,126.35420684814453,109.88084977572598,8630303.5,2.251544108500935,7.513790088255621,5.836577222528927,0.1298647737427494,0.11141546387523071,0.5788712011577379,-1.904761904761909
2026-04-14,142.24484252929688,145.22900006487652,136.27652745813756,137.2712466366641,25497074,129.71138458251954,127.02564239501953,132.3142323811849,61.90529970239686,-0.3838015775924788,-2.479986194757246,2.0961846171647673,144.95209628396148,127.02564239501953,109.09918850607758,9602619.2,2.655220775598391,7.838242808445699,5.147053930320555,-0.39601185393721705,2.3657534273739955,3.812949640287777,0.3089143865842914
2026-04-15,143.73692321777344,150.2025979645937,140.75276564231794,146.2237211973197,23742087,134.38656463623047,127.72194595336914,132.52146555582684,62.820118332113374,0.9518527280274611,-1.7936184102003048,2.745471138227766,147.12494110418194,127.72194595336914,108.31895080255634,10603040.7,2.2391772013098095,8.053121410289709,1.0489523992191607,-0.3925227774549067,1.1737329455939083,4.412104412104423,-1.1658600967883848
2026-04-16,147.71580505371094,153.18676079644098,137.7686127942018,142.74220892395635,20626425,139.36016082763672,127.97062606811524,132.95251057942707,65.21877830084631,2.304861886259971,-0.9739223509082497,3.278784237168221,148.29003084669995,127.97062606811524,107.65122128953053,10473484.9,1.9693946376912235,9.03512495588297,2.7681696163129654,0.22210138777056798,1.1161628904905463,6.017699115044239,13.064767415980416
2026-04-17,146.22372436523438,153.18675885881697,145.22900515186544,148.21316279197225,17191058,143.04062194824218,128.24417419433593,133.3338195800781,63.56270704207302,3.2196191845265503,-0.13521404382128976,3.35483322834784,149.417481775375,128.24417419433593,107.07086661329686,9953548.3,1.727128605986671,8.891475456025447,-1.0101022622014177,-0.09180779659778704,-0.8824720325923185,-4.006677796327207,2.9921259842519587
2026-04-20,148.7105255126953,151.1973235981919,145.72636781009942,147.21844666139737,11388254,145.7263641357422,128.86587371826172,133.73999671936036,65.15099826471959,4.097995858071016,0.7114279365571714,3.3865679215138447,151.69747711904293,128.86587371826172,106.03427031748052,10085999.05,1.1291151172575213,8.435406166967718,1.70068240174861,-0.28518965390006423,0.41968131518117513,3.0000000000000027,-2.828746177370034
2026-04-21,148.21316528320312,150.69996335842467,145.7263672079816,148.71052489824743,8470605,146.92002868652344,129.7362533569336,134.0384126027425,64.54501391340095,4.699806443161208,1.5091036378779787,3.1907028052832294,154.1514948691701,129.7362533569336,105.32101184469707,9983039.55,0.8484995934930458,7.973831498097764,-0.33444857233708714,-0.15571306004650287,1.748727177527587,1.5196285352469419,1.337529504327306
2026-04-22,141.7474822998047,148.21315693102386,141.25012271278783,148.21315693102386,9484266,146.5221405029297,130.68123626708984,134.17104174296063,57.10850410791783,4.601970436300803,2.127676997562544,2.4742934387382594,155.43455989300352,130.68123626708984,105.92791264117618,10162789.6,0.933234512697183,7.839059641073435,-4.362421496797486,0.20051473340130244,0.7269208348100964,2.099792099792097,4.833074534161486
2026-04-23,129.31349182128906,142.74220058734602,127.82141306950496,142.24484100341797,13157482,142.8416778564453,130.9796516418457,134.104727045695,46.10695780769655,3.480988906300098,2.398339379310055,1.0826495269900431,155.50343355627203,130.9796516418457,106.45586972741935,10550636.3,1.2470794770927702,8.783290024642453,-8.77193039112819,-0.04828048118112882,-0.4338092798431781,-1.995520260639383,-1.4256619144602856
2026-04-24,129.31349182128906,132.29764932485728,126.32933431772085,130.30821098914512,4870653,139.45963134765626,131.05425529479982,134.04670168558758,46.10695780769655,2.5630576345753298,2.43128303036311,0.13177460421221987,155.54664193834387,131.05425529479982,106.56186865125576,10592923.8,0.45980251458053534,8.407960022308316,0.0,0.2008465924816294,3.230220091059155,2.555578641180145,1.0330578512396604
2026-04-27,128.81613159179688,129.81085075466788,123.34517619600628,129.3134911732324,7128025,135.48075256347656,131.20346298217774,133.7648644765218,45.698558181957274,1.774996618369073,2.3000257479643027,-0.5250291295952296,155.5980591217886,131.20346298217774,106.80886684256687,10745562.3,0.6633459283931563,8.148988627155422,-0.38461588383951195,-0.28544291350430795,1.757483474460031,-0.4051863857374438,1.059676519799213
2026-04-28,141.2501220703125,141.2501220703125,128.81613245144698,129.8108516209562,8710151,134.08814392089843,131.8997661590576,133.66539243062337,56.154595171086854,2.129227294916774,2.265866057354797,-0.13663876243802298,156.62093263442287,131.8997661590576,107.17859968369234,10987895.75,0.7927041899719517,8.720322207336782,9.65251038427195,0.04993443489185179,-0.23954193004298574,-1.5459723352318933,-1.5084621044885949
2026-04-29,133.78973388671875,140.75276836409444,133.2923742811919,139.26068954751395,12191276,132.49659423828126,132.39712562561036,133.51618461608888,49.9409286446044,1.7873630719262508,2.1701654602690876,-0.38280238834283686,156.83438006181453,132.39712562561036,107.9598711894062,11417429.15,1.0677776791809563,8.61864561824129,-5.281686184936585,0.18216274879112593,-0.5521784247846995,-1.5459723352318933,-1.5084621044885949
2026-04-30,130.80557250976562,135.77916842268448,130.30821291847374,133.78973005751692,9114122,132.79501037597657,133.11829681396483,133.08513959248862,47.66875252586232,1.261099162624845,1.9883522007402392,-0.7272530381153943,156.38903276191064,133.11829681396483,109.84756086601902,11533410.8,0.7902364840763323,8.198953603037216,-2.230486069641069,0.3601646494638011,-0.9588741301665205,6.528925619834713,7.975345536047818
2026-05-04,137.76861572265625,142.7422119581312,130.8055809929913,133.29237911072877,11002862,134.48603515625,134.13788414001465,132.83645998636882,53.037778205872556,1.3898690721762819,1.8686555750274478,-0.478786502851166,156.2633432849412,134.13788414001465,112.01242499508811,11802281.7,0.9322656652060762,8.697311715747666,5.323200746948897,-0.047513033458257414,4.5688819420590665,-0.3491078355314148,-3.9785504238021074
2026-05-05,147.71580505371094,148.71052427966185,136.27653395527543,137.27125318122634,18099291,138.2659698486328,135.85377502441406,132.81988131205242,59.439842145845304,2.2684261949896154,1.9486096990198816,0.3198164959697338,156.47888345213607,135.85377502441406,115.22866659669207,12388364.65,1.4609911405860982,9.195535530232835,7.220214327390417,0.13943942787038033,0.1575929637265494,-0.3491078355314148,-3.9785504238021074
2026-05-06,146.22372436523438,154.1814780721859,143.73692633181201,152.19203964544803,19160984,139.26069030761718,137.49506187438965,132.72869885762532,58.159088583085214,2.8118770346373765,2.1212631661433807,0.6906138684939958,155.67558189094362,137.49506187438965,119.31454185783568,13057991.55,1.4673760452846976,9.36207102491831,-1.0101022622014177,-0.16773054363118378,0.9064727604973788,-0.3491078355314148,-3.9785504238021074
2026-05-07,159.1550750732422,160.64715390205382,145.72636561393736,149.20788288116455,40694669,144.33375854492186,139.43476448059081,132.95251070658367,65.16466911033166,4.237174164519985,2.5444453658187016,1.6927287987012831,158.18719966964602,139.43476448059081,120.68232929153562,14718516.75,2.764862091147873,10.103233326678064,8.843538053857912,-0.4644147517347985,1.9323088936799904,9.92604126119112,4.3415600792650055
2026-05-08,155.1761932373047,163.63130633036295,151.6946760813395,158.65771039326984,39375348,149.2078826904297,141.05118293762206,133.2094799041748,61.73930633385439,4.988169385754702,3.0331901698059016,1.9549792159488004,159.3514014388043,141.05118293762206,122.75096443643984,16395537.85,2.401589283635486,10.347686249657448,-2.500003115895888,-0.020386521399129442,-0.7865731014896293,3.5764872521246494,0.9495856353591181
2026-05-11,170.59434509277344,170.59434509277344,150.6999608253946,157.6629953189772,29880600,155.7730285644531,143.1898292541504,133.78973274230958,68.62222300927309,6.749648759685385,3.7764818877817987,2.9731668719035866,164.69655327149601,143.1898292541504,121.68310523680478,17460837.05,1.7112925293578636,11.620579318686964,9.93590030391478,-0.29019653733958206,0.44735470056218585,1.8803418803418737,0.4275696938601081
2026-05-12,187.50457763671875,187.50457763671875,166.61547349681905,174.07586783249752,40948652,163.73078308105468,145.80096740722655,134.81760940551757,74.12103133680115,9.40177053752771,4.901539617730982,4.500230919796729,174.68170392743315,145.80096740722655,116.92023088701995,18536694.2,2.2090590457062187,12.856382628181995,9.91253991141916,0.16229616472482888,0.2590609403122279,1.9798657718120838,0.8514986376021882
2026-05-13,198.94384765625,203.91744384765624,180.54154174804688,183.52569946289063,56249025,174.27480773925782,148.63591766357422,135.99469401041668,77.0508840281439,12.28503540163996,6.378238774512777,5.906796627127182,185.9475253174536,148.63591766357422,111.32431000969484,20074291.75,2.8020428167783304,14.258985224372312,6.100795065224651,0.4762074815726436,-1.2502179290078241,0.18098058571898168,-1.5028706518068202
2026-05-14,218.83822631835938,218.83822631835938,214.3619898709384,218.83822631835938,28565781,186.21143798828126,152.3909828186035,137.47019424438477,81.06569376867643,15.991019158230785,8.300794851256379,7.690224306974406,201.02515971135279,152.3909828186035,103.75680592585421,20315476.45,1.4061093309972557,15.010371016070586,9.999996932041032,0.18380143583822672,0.9117934959939067,4.1057644933486515,5.331733241899528
2026-05-15,204.9121551513672,221.32502194747184,203.42007635172132,213.86462794924248,12339110,196.15863037109375,155.25080032348632,138.81306521097818,71.6203386188163,17.6014221888683,10.160920318778762,7.440501870089536,209.16718813103648,155.25080032348632,101.33441251593615,19901110.7,0.6200211729891036,15.396314293361243,-6.363637377837705,0.01710987032821354,-1.3877038088223825,-2.965767471209968,-2.571614583333337
2026-05-18,216.35142517089844,217.8435039651805,204.912154414736,208.89103119948817,8768821,205.31004638671874,158.75718536376954,140.39632657368978,74.27213028201955,19.57508231769083,12.043752718561176,7.531329599129652,218.95692952809898,158.75718536376954,98.55744119944009,19479998.85,0.45014484176933095,15.067652327639012,5.582523892289903,0.07160020197189976,-0.6813771830388338,0.32515038205169766,-0.5178750417641154
2026-05-19,218.83822631835938,220.82766473943536,211.8751918445934,211.8751918445934,8739247,211.57677612304687,162.26357040405273,142.0210346221924,74.8228941340308,21.096696671777295,13.854341509204403,7.242355162572892,227.92128743139227,162.26357040405273,96.6058533767132,19347548.5,0.4516978985735583,14.25229506993274,1.1494267465520958,-0.1041563196208406,-1.751601452995355,0.1458434613514914,0.26868178001679954
2026-05-20,240.7220458984375,240.7220458984375,222.81710033574382,222.81710033574382,9723757,219.9324157714844,166.88901443481444,143.985604985555,79.06922361290526,23.794144275563212,15.842302062476165,7.951842213087048,240.88384913094174,166.88901443481444,92.89417973868714,19410206.1,0.5009610382241124,15.26983167128546,9.99999860547316,0.5549209970649338,-0.38515527018477824,-0.25889967637540146,-1.4235471445319003
2026-05-21,264.5953063964844,264.5953063964844,258.1296316161192,258.1296316161192,6967023,229.08383178710938,173.03140563964843,146.3480630238851,82.53066878134995,27.540790451871402,18.181999740355213,9.358790711516189,257.84353532656996,173.03140563964843,88.21927595272692,19284343.95,0.3612787149028215,16.416955514853647,9.91735526712796,-0.434932134128041,3.3667241562741257,9.133679428942255,6.727828746177367
2026-05-22,290.95538330078125,290.95538330078125,279.0187521910056,279.0187521910056,10755860,246.2924774169922,181.11350021362304,148.95091183980307,85.4014575305047,32.26513999602406,20.998627791488985,11.266512204535076,278.29007941424345,181.11350021362304,83.93692101300262,19164262.85,0.5612456938305873,17.74270503344608,9.962412887550421,-0.12788229491633718,2.1749981256365514,5.990783410138256,7.2906717605857985
2026-05-25,319.8022155761719,319.8022155761719,304.3840683244435,304.3840683244435,5666758,266.9826354980469,190.6379364013672,151.81072934468588,87.77002913595396,37.90003135889819,24.378908504970827,13.521122853927363,302.6460536306849,190.6379364013672,78.62981917204951,19204068.1,0.2950811239833085,19.22325533237202,9.914520895999225,-0.354352809800873,3.256436796480777,11.192145862552593,10.237388724035611
2026-05-26,326.7652587890625,328.2573375963185,287.9712098004067,301.3999190657106,13534121,288.5680419921875,200.53539276123047,154.67054710388183,88.26496295493028,42.4383795335869,27.99080271069404,14.447576822892856,323.9449859630146,200.53539276123047,77.12579955944636,19524372.9,0.6931910729895966,22.031638327510656,2.177296739594392,0.029903373699946556,-0.27272077978219844,1.879414732593343,-2.3687752355316283
2026-05-27,359.0936279296875,359.0936279296875,343.1781208746321,343.1781208746321,5135181,312.2423583984375,211.4275680541992,158.06917101542155,90.23987015317249,48.08933841063123,32.01050985068148,16.07882855994975,350.2916345017617,211.4275680541992,72.56350160663678,19345624.4,0.26544405565942863,23.404535769259233,9.893453563707633,-0.007951228100844254,1.6804674357044913,-3.181874458338496,-0.5238489109456901
2026-05-28,387.94049072265625,394.90352517152445,353.1253184783153,353.1253184783153,5830471,336.91139526367186,224.1351058959961,162.08120511372883,91.59854681456329,54.269875435553644,36.46238296765591,17.80749246789773,378.7108483443311,224.1351058959961,69.5593634476611,19027584.15,0.30642203203710444,25.85435855911922,8.033242739305058,0.06360275198662446,-1.4017266590648503,9.18158567774936,5.210643015521055
2026-05-29,391.91937255859375,409.32695890320133,381.9721803616751,407.83488007366356,4340915,357.10419311523435,237.1907958984375,166.29218304951985,91.76875221343941,58.81112008375226,40.93213039087519,17.87898969287707,402.3236121324418,237.1907958984375,72.05797966443325,18788923.8,0.23103585102623067,26.054414556773487,1.0256423165639683,-0.1331620395565447,2.512808021606805,12.73131881002576,8.219178082191792
2026-06-01,413.8031921386719,430.71341874049256,405.8454384436974,405.8454384436974,4838510,375.9043884277344,250.99252471923828,171.06683527628581,92.65064340941281,63.44458089902801,45.43462049250575,18.00996040652226,426.9257880613526,250.99252471923828,75.05926137712393,18480706.2,0.2618141291591985,27.753032106790197,5.583755515123556,-0.03531969758715503,1.352401006913162,8.987012987012989,-0.09737098344693162
2026-06-02,453.5919494628906,453.5919494628906,372.5223356882731,388.9352022806803,8593432,401.2697265625,266.2863319396973,176.44660822550455,93.92506446595249,69.52580199783955,50.25285679357251,19.27294520426704,456.9786290044122,266.2863319396973,75.59403487498236,18005413.25,0.4772693567585848,34.86190966250051,9.615381920709032,-0.2623166699323165,0.48391828547871274,-2.4785510009532885,-6.21345029239766
2026-06-03,420.7662353515625,448.12101424557665,419.7715161190529,443.6447776992834,3231360,413.604248046875,280.01345748901366,181.2378392537435,81.38633328052116,70.8793991461718,54.378165264092374,16.501233882079433,473.8159636173748,280.01345748901366,86.2109513606525,17208932.05,0.18777225632662078,34.72304615334547,-7.236837900275317,0.47142964549633515,1.9795979840295574,1.8572825024437911,2.6240581969342758
2026-06-04,389.929931640625,402.8612814144212,389.929931640625,389.929931640625,2931732,414.00213623046875,291.5522003173828,185.69749704996744,71.70265913603546,68.67229121255485,57.23699045378487,11.435300758769984,482.5160905558747,291.5522003173828,100.58831007889094,15320785.2,0.1913565108921441,34.204813827691076,-7.328606984154251,0.08672630642823087,-1.682551333517468,-4.95201535508637,0.0
2026-06-05,413.8031921386719,419.7715074099027,351.6332413966839,372.02498524005597,4291608,418.3789001464844,304.48355026245116,190.4887279510498,74.25648154532533,68.06490502267002,59.40257336756191,8.662331655108112,491.5505118156178,304.48355026245116,117.41658870928447,13566598.2,0.3163363384639784,38.729274119094775,6.122448819868853,-0.007936817364084803,-1.3278310983176,-2.110258481421645,4.075949367088616
2026-06-08,397.8876953125,409.824326171875,372.5223547363281,372.5223547363281,3124498,415.19580078125,315.8482177734375,194.94838600158693,69.7378515814378,65.54375193594115,60.63080908123776,4.912942854703388,496.16176351578474,315.8482177734375,135.53467203109025,12228793.1,0.25550338242291465,39.06948255686131,-3.8461512933033015,0.2701335531519966,-3.4793152912322878,-10.149561629706039,-9.632692775480422
2026-06-09,437.67645263671875,437.67645263671875,408.33223592584784,408.33223592584784,3926164,412.0127014160156,328.3568115234375,200.17066192626953,73.9978254778715,65.99558412535401,61.703764090061014,4.291820035293,505.87025693897533,328.3568115234375,150.84336610789964,10377668.7,0.37832813067158333,39.165385859175636,9.999996932041032,-0.01931012262229581,2.7622605307562997,11.261623234990248,3.2301480484522305
2026-06-10,405.34808349609375,479.95202524384104,405.34808349609375,447.6236504864839,5016028,408.9290710449219,338.67702331542966,204.77952779134114,65.88284249114506,63.01859603318769,61.96673047868636,1.0518655545013331,508.3374681085194,338.67702331542966,169.01657852233993,7816018.85,0.6417625259437546,43.89052664431853,-7.386362447846439,-0.13014202626587812,-3.308177660269873,-10.751134956665286,-5.0847457627118615
2026-06-11,415.2952575683594,415.2952575683594,369.5381752973545,405.84542536021706,3986529,414.00213623046875,348.4998748779297,209.5376012166341,67.07914328127173,60.76154408032431,61.725693199013946,-0.9641491186896332,511.56680611722277,348.4998748779297,185.4329436386366,6587056.25,0.6052064607767695,44.139400727876705,2.453983249771907,0.3452662184263211,-0.17600272119220328,3.6647398843930645,-2.1703296703296737
2026-06-12,406.84014892578125,455.084029666369,406.84014892578125,455.084029666369,4031462,412.6095275878906,358.5962745666504,213.93923365275066,64.99302719275323,57.62627768331316,60.9058100958738,-3.279532412560634,508.7217118651191,358.5962745666504,208.47083726818164,6171673.85,0.6532201956848385,44.68666472957152,-2.0359270876543434,-0.22369454265829258,2.3628988702241616,-4.583472733355642,-1.6006739679865212
2026-06-15,447.12628173828125,447.12628173828125,442.6500453248836,442.6500453248836,2396556,422.4572448730469,370.13501739501953,219.045458984375,69.81058307963146,57.726871269748244,60.270022330648686,-2.543151060900442,509.3016620362155,370.13501739501953,230.96837275382362,5853060.6,0.4094534746488017,44.09992714062865,9.902201864509031,0.10766774191464101,2.7801130493521287,17.57830762038335,11.472602739726035
2026-06-16,491.39129638671875,491.39129638671875,457.5708427892523,457.5708427892523,6602140,433.20021362304686,383.7626708984375,224.96403834025065,74.03820914373468,60.67894010549429,60.351805885617814,0.32713421987647706,513.6152541675602,383.7626708984375,253.91008762931475,5746205.25,1.1489565222195988,44.1219388083365,9.899891027731478,-0.298612606480253,0.9079966328300548,4.671968190854869,-2.662570404505893
2026-06-17,539.1378173828125,539.1378173828125,484.9256198784522,484.9256198784522,5691251,459.9581604003906,398.68345947265624,231.76957575480142,77.67054335119143,66.10915593825445,61.50327589614515,4.605880042109298,527.9088933991056,398.68345947265624,269.4580255462069,5544579.95,1.026453049883427,45.46730663447301,9.716598838274471,0.143723164615861,0.14887671372583178,3.1813865147198417,0.7364544976328213
2026-06-18,558.0374755859375,586.8843326126615,498.35432311685327,534.1642145983038,66762941,488.50660400390626,413.3555679321289,239.02273661295573,78.92734655595915,71.1178828896605,63.42619729484822,7.691685594812284,545.0888830623157,413.3555679321289,281.62225280194207,8534375.85,7.822826434343175,51.20900034931771,3.5055337603419057,0.2360263790704975,1.2812598662263142,8.099401748734468,0.6527415143603221
2026-06-22,613.7417602539062,613.7417602539062,571.9635529108527,612.7470410314526,19771351,529.8869262695313,429.49488677978513,247.19601287841797,82.12139867887196,78.67528559843873,66.47601495556633,12.199270642872406,576.3160695446526,429.49488677978513,282.6737040149177,8985150.4,2.200447418220178,51.80837159180452,9.98217630625604,0.2089372068782236,2.746813790663727,4.255319148936176,3.9396265029419286
2026-06-23,573.9530029296875,641.5939114205346,566.9899682321003,641.5939114205346,37949953,555.2522705078125,442.2024261474609,254.6315392812093,73.54628348497177,80.52571123217695,69.28595421088845,11.239757021288497,592.9892870056227,442.2024261474609,291.41556528929914,10599310.15,3.580417259513818,54.84778113802183,-6.482980286001405,-0.04731370199756446,-1.3423606797903442,-10.16326530612245,-2.9534826482894405
2026-06-24,586.8843383789062,593.8473729020458,550.0797273280257,551.0744465456171,3467338,574.35087890625,455.2083801269531,262.31574529012045,74.47899861552563,82.08936250547447,71.84663586980565,10.242726635668816,608.915714490406,455.2083801269531,301.5010457635002,10095971.0,0.3434377931553092,53.370429729488265,2.2530303671575824,0.0476551235367495,-2.244229984227597,0.22716946842344932,-3.2208977935582084
2026-06-25,595.8367919921875,601.8051071039623,576.9371274715672,601.8051071039623,2173666,585.690673828125,467.0455383300781,270.1242908477783,75.13269257982905,83.09310994509497,74.09593068486352,8.997179260231448,625.9623821086584,467.0455383300781,308.1286945514978,9947895.25,0.21850511544137943,49.57010304987584,1.5254204325863885,0.3340466665395114,0.45969504788345716,7.207615593835004,2.4109014675052443
2026-06-26,537.1483764648438,581.9107411702474,537.1483764648438,575.9424258761936,3090395,581.5128540039062,474.5059326171875,277.01272137959796,63.62699027701938,78.2508947637549,74.92692350064179,3.3239712631131084,631.7873264863564,474.5059326171875,317.22453874801863,9810891.45,0.3149963503061692,50.78587804687157,-9.849746829348739,0.16348102632479655,-3.6395859356203264,-8.921775898520078,-8.52098259979529
2026-06-29,511.2856750488281,537.1483745649167,484.42825632058225,531.1800592919732,4081191,561.0216369628906,480.47424774169923,283.5944468180339,59.31613716227297,71.50226686184044,74.24199217288152,-2.7397253110410844,633.5635707667693,480.47424774169923,327.38492471662914,9797905.25,0.41653709602876593,51.04377699319022,-4.814815151490704,-0.04080504718203537,0.9605559714053191,-0.278551532033422,0.5034965034965033
2026-06-30,562.016357421875,562.016357421875,526.2064656215431,526.2064656215431,1922882,558.6343078613281,487.88490600585936,291.00510495503744,64.40983673377701,69.44693172215801,73.28298008273683,-3.8360483605788147,641.7326419370725,487.88490600585936,334.03717007464627,9652123.85,0.19921853779362766,51.002031043837775,9.922179487661587,0.05934599029766563,2.50225391133696,6.098696461824948,-0.6401335930976915
2026-07-01,599.815673828125,607.7734273780835,594.8420778594009,594.8420778594009,4103175,561.2205749511719,495.1960922241211,299.11206639607747,67.6589386780833,70.06053847165583,72.63849176052064,-2.577953288864805,655.9258548572428,495.1960922241211,334.4663295909994,9427611.0,0.43522956133849816,50.30270289882054,6.7256612564883245,-0.09885131953493165,1.9361745317864276,4.344010530934628,3.6414565826330625
2026-07-02,558.0374755859375,591.8579286517519,558.0374755859375,577.9318597422989,1512860,553.6607116699219,502.05965423583984,306.52272453308103,61.02747764538153,66.41014004272142,71.3928214169608,-4.982681374239377,661.1219293825035,502.05965423583984,342.9973790891762,9341686.0,0.16194721167035586,49.16610227793614,-6.965172813099729,0.1897318900919931,-0.5845045481542077,-8.536585365853655,-1.0810810810810811
2026-07-03,560.0269165039062,580.9160199614231,529.1906209237621,537.1483746218639,2027862,558.2364196777344,510.5645034790039,313.8504894256592,61.2223863090628,62.95203240048568,69.70466361366579,-6.752631213180109,662.4088244639504,510.5645034790039,358.72018249405744,9296492.5,0.218131946000064,49.50734184589945,0.3565066872757594,0.11318580885453233,0.07800105377469002,1.885057471264373,1.0655737704918122
2026-07-06,554.05859375,586.8843273114901,527.201175381508,586.8843273114901,1373359,566.7910034179688,517.5772735595704,321.03733558654784,60.24890476192923,59.0491812086733,67.57356713266729,-8.52438592399399,663.4429076603417,517.5772735595704,371.71163945879897,9150580.05,0.1500843654168131,50.86411652377713,-1.0657206962773946,-0.009085485277215977,-0.4793234110779254,-7.490974729241873,-5.3527980535279855
2026-07-07,499.3490295410156,562.0163380292307,499.3490295410156,554.0585845704098,1729488,554.2575378417969,522.6503402709961,327.22946243286134,52.074791550170026,50.954170951024764,64.2496878963388,-13.295516945314034,657.6409238623302,522.6503402709961,387.6597566796621,9080829.55,0.190454846716069,52.43787545236886,-9.874328243642438,0.3974618785651973,-2.31392776703252,-10.126829268292681,-4.113110539845755
2026-07-08,471.4969177246094,508.30152944572865,450.11045415693195,507.3068102100227,23378790,528.5937866210937,524.3413635253906,332.8330474853516,48.469506189706486,41.80943124869759,59.76163656681056,-17.952205318112966,655.6470284071152,524.3413635253906,393.03569864366614,10053460.85,2.3254469628734866,53.20496876389257,-5.577684178540798,0.25268356539331904,0.5613583571852931,-2.008250108554055,-1.7575215966636915
2026-07-09,465.5,505.0,462.0,481.0,13504817,510.08629150390624,527.3489593505859,338.2206334431966,47.703700101292235,33.68990179164962,54.54728961177837,-20.85738782012875,649.6235308423445,527.3489593505859,405.07438785882727,10477900.3,1.2888858085431485,51.844306262040234,-1.2718890620854628,-0.08308174762022835,-0.8304486270893752,4.9628891104464445,2.546998180715576
2026-07-10,465.5,465.5,465.5,465.5,0,491.180908203125,529.8591964721679,343.58335138956704,47.703700101292235,26.94451658408616,49.02673500623993,-22.082218422153773,644.2553892139413,529.8591964721679,415.4630037303945,10278573.85,0.0,44.931732093768204,0.0,-0.03737569847767075,-0.8304486270893752,4.0633245382585725,0.20697811945593614
2026-07-13,419.0,478.5,419.0,473.5,16394668,464.169189453125,530.467189025879,348.10475463867186,41.76900300270369,17.643208896290446,42.75002978425004,-25.106820887959593,642.2089068397157,530.467189025879,418.7254712120422,10896734.15,1.5045487734506213,46.87416781459912,-9.98925886143931,0.005918645015356994,0.057127944892587657,-8.052738336713993,-5.488344644437893
2026-07-14,390.0,422.5,377.5,406.0,24674906,442.29938354492185,527.6108749389648,352.16769256591795,38.54808938510532,7.841407045210758,35.76830523644218,-27.926898191231423,650.669832470872,527.6108749389648,404.55191740705754,12010651.65,2.0544185876875383,46.62427877265257,-6.921241050119331,0.19595735310091733,-1.4159606790255297,0.3750275755570298,0.9678426475179469
2026-07-15,379.0,395.0,370.5,395.0,22614545,423.8,521.9913101196289,356.00585047403973,37.37092218162839,-0.8049209810791922,28.453659992937908,-29.2585809740171,661.2172926398594,521.9913101196289,382.7653275993984,12811271.9,1.765206856627561,43.674374936298896,-2.8205128205128216,-0.08736726929839955,1.9975001997308173,0.0,0.37105751391466324
2026-07-16,341.5,375.0,341.5,364.0,4661494,399.0,512.1094192504883,359.22729771931967,33.60350946892429,-10.561389708445063,20.650650052661316,-31.21203976110638,672.6371525263885,512.1094192504883,351.581685974588,12759784.05,0.36532702918275484,42.85112494479238,-9.894459102902376,0.23962128796235493,-0.014484209344078902,-7.692307692307687,-4.959950708564387
2026-07-17,307.5,307.5,307.5,307.5,1092578,367.4,499.5825454711914,361.9898396809896,30.59221870453382,-20.797239683350597,12.361072105458934,-33.15831178880953,682.5525770808798,499.5825454711914,316.612513861503,9476265.9,0.11529625820229464,41.670974952153394,-9.956076134699854,0.16578843836740909,-6.473889757658291,-9.142857142857142,-3.792544570502432
2026-07-20,277.0,288.0,277.0,288.0,1153731,339.0,482.7454574584961,364.4512814839681,28.154820823321984,-31.01282311459164,3.6862930614488194,-34.69911617604046,682.6725845997955,482.7454574584961,282.8183303171966,8545384.9,0.13501217481730987,40.181511625199605,-9.918699186991875,0.15093593640875813,-0.5192494034838457,-9.142857142857142,-3.792544570502432
2026-07-21,273.0,276.0,250.0,260.0,12020831,315.6,467.6978073120117,366.84605662027997,27.841525924630048,-38.98215118049745,-4.847395786940435,-34.134755393557015,683.400952187262,467.6978073120117,251.99466243676142,7248928.8,1.6582906704780989,38.42397674183966,-1.4440433212996373,-0.11480806865203919,4.200670223388481,4.834905660377364,3.5377358490566113
2026-07-22,300.0,300.0,300.0,300.0,2927294,299.8,453.3535903930664,369.69912109375,33.24154494262913,-42.62783953776841,-12.403484537106031,-30.224355000662378,673.7882166143421,453.3535903930664,232.91896417179063,7221926.6,0.40533422203432534,36.900779842927705,9.8901098901099,0.15336368301654968,1.3404288294859956,3.9495063117110263,1.1064106736088597
2026-07-23,300.0,300.0,282.0,293.0,5290862,291.5,438.561750793457,372.34495239257814,33.24154494262913,-44.99836073463007,-18.922459776610843,-26.075900958019226,658.4416972958186,438.561750793457,218.6818042910955,7377786.4,0.7171340715421092,34.38067586387068,0.0,0.16612166048495247,0.055832476427841726,2.6572081279307547,0.2896684905053126
2026-07-24,274.0,293.0,272.5,291.5,3919675,284.8,425.40433197021486,374.6817901611328,30.677602263014293,-48.41687892892759,-24.821343607074194,-23.595535321853394,651.8403577035541,425.40433197021486,198.96830623687563,7419250.4,0.5283114585268613,33.46325241535459,-8.666666666666668,-0.2473849217723867,-2.6665489151664,-2.6587022721948905,-3.0487804878048808
2026-07-27,272.0,272.0,247.0,270.0,3157769,283.8,413.44004821777344,377.03503061930337,30.48283150773176,-50.70299000504184,-29.99767288666773,-20.70531711837411,645.9741215902275,413.44004821777344,180.90597484531946,7373079.3,0.4282836073660567,32.60148542664064,-0.7299270072992692,0.0721389858897803,-0.047299308791204364,-2.514739501864993,-0.2979145978152964
2026-07-28,245.0,247.0,245.0,247.0,1722542,278.2,397.5892303466797,378.82222035725914,27.906910465623668,-54.07013697344996,-34.81216570402418,-19.25797126942578,630.698472512292,397.5892303466797,164.47998818106743,7363062.3,0.2339436948672837,31.85462070308856,-9.926470588235292,-0.06281056383515837,-4.65422176004644,-11.71315724512466,-2.8054448871181914
2026-07-29,220.5,234.5,220.5,234.5,1570361,262.3,378.6234466552734,380.0352902730306,25.778198921070555,-58.04644713988421,-39.45902199119619,-18.58742514868802,604.0520005186413,378.6234466552734,153.1948927919055,7236421.6,0.2170079476850824,30.87400460934342,-9.999999999999998,0.1913253481581556,-3.759743710600294,-12.889696630784286,-6.199829205807006
2026-07-30,198.5,220.5,198.5,204.0,4685397,242.0,360.6465728759766,380.90656153361004,24.007315636435735,-62.25527764475572,-44.018273121908095,-18.237004522847627,583.1572982003131,360.6465728759766,138.1358475516401,7395048.45,0.6335857069334008,29.6908039947643,-9.977324263038545,-0.04603973420009844,-0.26443825042463676,2.9690258385491886,2.3852876911871768
2026-07-31,218.0,218.0,218.0,218.0,1428533,230.8,343.54522705078125,381.8873102823893,28.683827179346977,-63.28777701301965,-47.87217390013041,-15.415603112889237,553.7700497866886,343.54522705078125,133.32040431487394,7365082.0,0.1939602301780211,28.33203012879573,9.823677581863976,0.14251061606802562,7.979428588197601,15.586034912718194,6.989151698381657
2026-08-03,239.5,239.5,226.5,226.5,2196001,224.3,327.8172973632812,383.2927070617676,33.54005168287047,-61.66038732134018,-50.62981658437237,-11.03057073696781,517.8233569431313,327.8172973632812,137.81123778343118,7406214.1,0.2965079013851355,27.421092778289633,9.86238532110091,-0.3145609094511337,0.6184176769345795,-3.438511326860838,2.7925531914893664
2026-08-04,259.5,263.0,243.5,251.0,32687652,227.2,315.8248458862305,384.77446797688805,37.78417332112097,-58.087242835593145,-52.12130183461653,-5.965941000976613,489.85066238758986,315.8248458862305,141.79902938487112,8954122.3,3.650570196031385,26.898280407851015,8.350730688935283,0.3186484533235223,-0.059350381622413906,-0.446864962993998,-1.2936610608020649
2026-08-05,259.5,283.5,254.0,274.0,43161665,235.0,305.225,385.9743916829427,37.78417332112097,-54.62580777883301,-52.622203023459825,-2.003604755373182,464.5295659635723,305.225,145.92043403642774,9943266.05,4.340793536345132,27.24517635347088,0.0,-0.002778949738335701,2.88496854462601,9.819048954972654,3.2110091743119185
2026-08-06,256.5,259.5,236.5,256.0,25173552,246.6,294.775,386.93366088867185,37.36902790253564,-51.53065714713961,-52.403893848195786,0.8732367010561788,436.2315118219806,294.775,153.31848817801935,10526702.8,2.3913995178053282,26.679152839674764,-1.1560693641618491,-0.4022170511909673,-0.48171851317403425,-5.2113935368501725,-4.349206349206347
2026-08-07,251.0,259.0,243.5,254.5,11096586,253.2,284.05,387.46969045003254,36.57559922596797,-48.957184063651766,-51.71455189128699,2.757367827635221,401.4928864552783,284.05,166.6071135447217,11081532.1,1.0013584673909848,25.188599127718128,-2.1442495126705707,-0.17977012124817948,-0.38468864916847423,-2.1290931141355607,-0.8297378028543023
2026-08-10,273.5,273.5,255.0,255.0,27143266,260.0,276.775,388.6128211975098,42.00087759596526,-44.588141800934466,-50.28926987321649,5.701128072282025,375.56476880756753,276.775,177.98523119243242,11618962.0,2.33611797680378,24.830119244022377,8.964143426294813,0.08787349343861717,1.589230295129762,0.536968194960763,1.907630522088355
2026-08-11,300.5,300.5,270.0,271.0,53571548,268.2,272.3,390.0152974446615,47.77409075732263,-38.50312986517662,-47.93204187160852,9.4289120064319,356.5298859325509,272.3,188.07011406744914,13063794.1,4.100764876568286,25.586103344819396,9.872029250457048,-0.02481586909149902,0.4272475445720847,0.536968194960763,1.907630522088355
2026-08-12,288.0,312.0,288.0,298.0,65842796,273.9,267.75,391.1679936726888,45.515257828197385,-34.29403926177457,-45.20444134964173,10.910402087867162,336.0330795099959,267.75,199.4669204900041,15225206.65,4.32459128559677,25.374622898843477,-4.159733777038266,-0.055858442703549116,0.8806410303470624,3.231991235277998,2.266009852216744
2026-08-13,316.5,316.5,298.0,299.0,26307883,285.9,266.5,392.4309595743815,51.18267507843898,-28.33199916780694,-41.82995291327478,13.49795374546784,329.83453369130257,266.5,203.16546630869746,16307526.1,1.6132356826336767,25.791339845664346,9.895833333333325,-0.02110518697276964,1.1059567173957285,10.254709472008482,3.885677585099545
2026-08-14,302.5,322.0,301.0,321.0,48509700,296.2,266.25,393.0627044677734,48.51312893124914,-24.454822465492555,-38.354926823718344,13.90010435822579,328.9392922947855,266.25,203.5607077052145,18678382.2,2.597103939761978,25.152494532909103,-4.423380726698268,-0.24284380760136726,-0.45732720428869333,-0.9144507279509106,-0.7727975270479082
2026-08-17,291.5,299.5,288.0,298.0,26333732,299.8,266.975,393.0717814127604,46.46259370318078,-22.015953852961502,-35.087132229566976,13.071178376605474,330.5173398008637,266.975,203.43266019913636,19937382.25,1.3208219449170666,23.732161928521222,-3.6363636363636376,-0.4168200504919728,0.10097531306225704,0.6678809957498588,1.0591900311526459
2026-08-18,282.0,301.0,281.0,292.0,21794434,296.1,267.425,392.4417444864909,44.70515121982336,-20.612100052796563,-32.19212579421289,11.580025741416328,331.2737315951992,267.425,203.5762684048008,20426062.4,1.0669914530369788,23.234540338051726,-3.2590051457976,-0.4373220778009723,-1.1962985353416111,-9.577804583835947,-3.2367447595560983
2026-08-19,298.0,308.5,270.0,270.0,45934057,298.1,267.325,391.96232350667316,48.2551320993139,-18.00096559337618,-29.35389375404555,11.352928160669371,330.9648377383885,267.325,203.68516226161145,22576400.55,2.0346049804648776,25.26993495964483,5.673758865248235,0.09921712609282096,-1.3006958690137793,-2.2011739594450352,-4.237018158649253
2026-08-20,272.5,301.0,271.0,300.0,44519277,289.3,265.95,390.5190963745117,43.46561180970798,-17.784253802167882,-27.03996576367002,9.255711961502136,327.7799024914746,265.95,204.12009750852536,24537821.3,1.8143125445289634,25.900610298358853,-8.557046979865767,-0.20952662644722064,0.47940480185713064,-1.7187286864002171,0.1663339986693213
2026-08-21,266.0,277.0,262.5,274.0,24110287,282.0,265.55,388.4867548624674,42.312749050668806,-17.93031432128197,-25.218035475192412,7.287721153910443,327.2640263848631,265.55,203.83597361513694,25547351.9,0.9437489683617659,24.38052892524434,-2.3853211009174258,0.07292445718072305,0.6466205402973157,-1.582234559333795,0.996346728661579
2026-08-24,265.0,276.0,264.5,266.0,11289505,276.7,265.2,386.3714319864909,42.12762191393227,-17.920187214362443,-23.75846582302642,5.838278608663977,326.83935858131383,265.2,203.56064141868617,25953938.7,0.4349823404645708,22.6631250685451,-0.3759398496240629,-0.05119683229035665,-1.0215058314384073,-0.33845719926667295,0.03288391976323801
2026-08-25,268.0,268.0,251.0,262.5,11683880,273.9,266.35,383.9413787841797,42.93426276484752,-17.468717974304525,-22.500516253282044,5.031798278977519,327.2563992835253,266.35,205.44360071647475,26452005.6,0.4417011011066775,21.90804172607242,1.132075471698113,-0.03142551921185843,0.9095610374029395,0.8914673836139864,0.2301117685733045
2026-08-26,269.5,270.0,259.5,263.0,11127121,268.2,268.8,380.87317962646483,43.35936334492731,-16.796270928967942,-21.359667188419223,4.563396259451281,325.75464492863927,268.8,211.84535507136079,26929843.6,0.41318921733359043,20.386969495929428,0.5597014925373234,0.09398842232435367,1.4681604395669012,0.7713884992987419,-0.5903574942604184
2026-08-27,285.0,290.0,264.5,274.5,31706402,270.7,273.125,378.6104090372721,47.69529238843496,-14.841547221892597,-20.056043195113897,5.2144959732213,319.8142019523506,273.125,226.43579804764943,28280893.85,1.121124465448959,21.06870689647217,5.75139146567718,-0.11305637616038089,0.3111269939336747,1.7258176757132926,1.5176509402837324
2026-08-28,313.5,313.5,295.5,299.5,51410874,280.2,277.9,377.3365768432617,54.5801860418594,-10.867429819233678,-18.218320519937855,7.350890700704177,320.17678223078815,277.9,235.6232177692118,30780010.9,1.6702682194306826,22.05954597694255,10.000000000000009,-0.4558916903721677,0.774831481905669,1.2039950745656114,1.1374715632109123
2026-08-31,295.0,316.5,282.5,308.0,57051575,286.2,280.675,375.3565236409505,49.98107784317138,-9.105743195278876,-16.39580505500606,7.290061859727185,319.4825887858089,280.675,241.86741121419115,33522789.6,1.7018743273083692,23.65160651335021,-5.901116427432218,-0.11023270076141456,-0.4381051578845385,-2.7849128024874936,-1.0925449871465265
2026-09-01,302.5,317.0,294.0,295.5,35318283,293.1,282.825,373.7667287190755,51.755908674838054,-7.023444635823921,-14.521332971169635,7.4978883353457135,321.45724042169985,282.825,244.19275957830013,33654321.15,1.0494427399852635,23.564725644903515,2.5423728813559254,0.19604210375987474,1.7781860578235609,1.3767209011264159,0.032488628979865375
2026-09-02,293.0,302.5,291.0,296.0,17052969,297.8,284.5,371.35545450846354,49.3664393226712,-6.069809643250096,-12.831028305585729,6.761218662335633,321.7544592880118,284.5,247.2455407119882,32348886.35,0.5271578383099423,21.95609555891638,-3.1404958677686,-0.04102653494677533,-1.6699071260597553,-5.075445816186552,-6.333225073075677
2026-09-03,271.5,296.0,270.0,295.5,21440414,295.1,285.25,369.12465311686196,44.37341255556374,-6.96858781552703,-11.65854020757399,4.68995239204696,320.6908328285182,285.25,249.80916717148182,32162229.45,0.6666333263162514,22.495282817727528,-7.337883959044367,0.16164441336217195,-0.6651369315447186,-0.2745664739884357,-1.7857142857142905
2026-09-04,298.5,298.5,282.5,282.5,26586494,292.1,287.625,367.17806549072264,51.06679635141854,-5.439498488216657,-10.414731863702524,4.9752333754858675,319.5984676189333,287.625,255.65153238106672,32936724.85,0.8071990800870414,23.09591177536386,9.944751381215466,-0.09708022272419958,1.5122200906831251,4.202289523257496,2.6478375992939007
2026-09-07,323.0,328.0,309.5,310.0,46391158,297.7,290.1,365.78072967529295,56.215211610600285,-2.22508948832143,-8.776803388626305,6.551713900304875,324.9992534982752,290.1,255.20074650172484,33899119.45,1.3685062843129394,23.949790205315345,8.20770519262981,-0.23473421241366754,1.6651381893682204,5.965790571547758,2.510748065348234
2026-09-08,318.5,320.0,309.5,313.0,24951161,300.9,291.0,363.63695831298827,55.0691462785497,-0.040295092525241216,-7.0295017294060935,6.989206636880852,327.8995792302359,291.0,254.10042076976413,32468100.1,0.768482323362062,22.556484844606633,-1.393188854489169,-0.3671620448905233,-0.46588983968915976,-7.834645669291341,-6.894816305988927
2026-09-09,319.5,323.0,312.0,319.0,25719538,306.2,292.575,360.77210337320963,55.28729798305629,1.7516696915603802,-5.273267445212799,7.024937136773179,331.56524844347933,292.575,253.58475155652062,30461937.2,0.8443172156496994,21.015620198659082,0.31397174254317317,-0.0180897502252253,0.1646891802691508,1.495087569414788,1.3513513513513598
2026-09-10,334.0,344.0,303.0,316.5,41974523,318.7,293.45,357.35313975016277,58.43837585695269,4.292363813660984,-3.3601411934380425,7.652505007099027,335.37587443773185,293.45,251.52412556226813,31245269.2,1.3433881056144013,23.68020417217121,4.538341158059467,-0.11174924474647296,-0.5147388760934346,5.569584736251398,1.351111111111103
2026-09-11,311.5,340.0,310.0,320.5,56383250,321.3,293.9,353.24418182373046,52.28130895667373,4.439148509737947,-1.8002832528028447,6.239431762540792,336.4238013847605,293.9,251.37619861523945,31638946.7,1.7820836620961216,24.522843615881715,-6.736526946107779,0.5434767453688316,-1.6097760087677493,-2.299003322259141,-1.4734257147868801
2026-09-14,305.5,309.5,291.0,303.0,27879761,317.8,294.6,348.10681915283203,50.745879271727134,4.024929698861058,-0.6352406624700642,4.660170361331122,337.41735998154854,294.6,251.7826400184515,31716248.15,0.8790371694705006,23.986464467097488,-1.9261637239165297,0.13023751389060756,-0.6979172181896032,-2.5163220892274185,0.28484956382410775
2026-09-15,300.0,315.5,300.0,305.5,21574696,314.1,295.5,343.54093577067056,49.31610214116791,3.215784708016031,0.1349644116271549,3.0808202963888762,337.95740899945974,295.5,253.04259100054023,31705261.25,0.6804768404171405,22.85493587148449,-1.8003273322422242,0.4665917444771184,-0.7653989654031412,3.23705874145388,0.6035860110065627
