Date,Close,High,Low,Open,Volume,MA5,MA20,MA60,RSI,MACD,MACD_signal,MACD_hist,BB_upper,BB_mid,BB_lower,Volume_MA20,Volume_ratio,ATR,pct_change,usdtwd_pct,twii_pct,murata_pct,tdk_pct
2023-12-13,104.02384948730469,105.38660734085016,103.56959686945619,105.38660734085016,98000,103.93300323486328,100.34440727233887,99.34505157470703,60.5133272375995,1.8667536747279883,1.438920759043485,0.4278329156845033,108.23655144164579,100.34440727233887,92.45226310303195,210150.0,0.4663335712586248,2.5125230455232095,-0.43479133980884876,0.46316889472772793,0.10486055359522073,-0.32981212659791703,-1.3329450981172108
2023-12-14,104.47811126708984,106.29512189782184,104.02385860940684,104.02385860940684,268000,104.29640502929688,100.8667984008789,99.36776428222656,61.68271786807047,1.8775037409193516,1.5266373554186583,0.35086638550069327,108.37286301625706,100.8667984008789,93.36073378550076,220800.0,1.213768115942029,2.480356294189069,0.43669003024213726,-1.0043531382914583,1.054327258708887,-2.211764988013021,-2.6118244078858655
2023-12-15,104.02384948730469,104.93235472300167,104.02384948730469,104.93235472300167,81000,104.387255859375,101.34376335144043,99.40561866760254,59.77628008025094,1.8282926964890436,1.5869684236327355,0.2413242728563081,108.33704960937828,101.34376335144043,94.35047709350258,220600.0,0.3671804170444243,2.2707761530567905,-0.43479133980884876,0.08762037854230798,0.11759835156519571,0.5164760924605938,1.3409399783831377
2023-12-18,103.11534881591797,105.38661200569591,103.11534881591797,105.38661200569591,194000,104.0238540649414,101.79801635742187,99.42833137512207,56.04546800150311,1.6964288024630747,1.6088604993988034,0.08756830306427132,107.91664086596333,101.79801635742187,95.67939184888041,227200.0,0.8538732394366197,2.270841091286277,-0.8733580576611888,0.524301763827939,-0.1235713786054915,-0.07088020635188652,0.5475196571579577
2023-12-19,103.11534881591797,104.02385409182915,100.84408562614004,103.11534881591797,296000,103.75130157470703,102.07056770324706,99.46618576049805,56.04546800150311,1.573784112813513,1.6018452220817454,-0.028061109268232354,107.89231799396153,102.07056770324706,96.2488174125326,233850.0,1.2657686551208038,2.392031407873321,0.0,0.08677068074613992,-0.42759115315066376,0.2836945980871697,0.665562738576031
2023-12-20,104.47811126708984,104.47811126708984,103.56960595172384,104.47811126708984,117000,103.84215393066407,102.45668258666993,99.49646924336751,60.350500832817154,1.5684705017819596,1.5951702780217885,-0.026699776239828887,107.79884159986192,102.45668258666993,97.11452357347794,237050.0,0.49356675806791817,2.254795546979795,1.321590303306519,-0.33465989557395215,0.33367432683415466,0.1767973106314713,2.253936700068282
2023-12-21,109.0206298828125,109.0206298828125,102.66109313964844,102.66109313964844,960000,104.75065765380859,103.0699234008789,99.61003227233887,70.66450792013903,1.9087992658829052,1.657896075594012,0.2509031902888932,108.472122949876,103.0699234008789,97.66772385188182,280800.0,3.4188034188034186,2.8020943731376966,4.347818467075926,0.12791495872452874,-0.5186161111112364,-0.7059592939427706,-1.396030157610939
2023-12-22,109.0206298828125,111.74614562988282,106.7493667602539,110.83764038085938,977000,105.75001373291016,103.61502647399902,99.75387891133626,70.66450792013903,2.1536859127895553,1.7570540430331207,0.3966318697564346,109.11287493602468,103.61502647399902,98.11717801197337,319300.0,3.059818352646414,3.0947189726698587,0.0,-0.3736782960108931,0.30147861455658287,1.013151230289644,-0.044694441593606804
2023-12-25,106.7493667602539,109.92913513183595,106.7493667602539,108.11212463378907,300000,106.47681732177735,104.16012954711914,99.87501284281413,61.40230123440214,2.1398218581357895,1.8336076060536546,0.30621425208213493,108.44274934744821,104.16012954711914,99.87750974679007,329700.0,0.9099181073703366,3.1060588925248167,-2.083333333333337,-0.36226354270691985,0.04665088698287967,0.8094200739831026,-0.7306045007081985
2023-12-26,105.38661193847656,107.20362248913995,105.38661193847656,106.7493698514741,124000,106.93106994628906,104.43268127441407,99.97343419392904,56.60799406292437,1.995864486420416,1.866058982127007,0.12980550429340898,108.2520414564659,104.43268127441407,100.61332109236223,322050.0,0.38503337990995185,2.934185780276626,-1.2765928858743725,0.127733444468503,0.8343763777672208,1.0124157837348102,0.7509993074272581
2023-12-27,106.29511260986328,107.20361784584503,105.84085999187242,105.84085999187242,154000,107.29447021484376,104.56895713806152,100.049142964681,58.91132104437509,1.9328054654273217,1.87940827878707,0.053397186640251615,108.45260691019057,104.56895713806152,100.68530736593247,299000.0,0.5150501672240803,2.7852284638888714,0.8620645968930862,-0.5678033131921834,0.7873572184754041,1.831688899843087,1.0584315830352242
2023-12-28,103.11534881591797,107.20362255751824,102.66109617796239,106.74936991956267,468000,106.11341400146485,104.47810668945313,100.09456825256348,49.08956124270275,1.607717605412276,1.8250701441121113,-0.2173525386998354,108.4106653828598,104.47810668945313,100.54554799604645,303700.0,1.5409944023707607,3.019534852644469,-2.991448727860191,-0.31445393355279405,0.1054642742363665,2.1890338704401158,-1.062095775736449
2023-12-29,103.56959533691406,104.93235317029452,103.11534272578726,104.4781005591677,175000,105.02320709228516,104.47810668945313,100.1551352183024,50.36271255173757,1.3709337611447552,1.73424286751864,-0.3633091063738849,108.4106653828598,104.47810668945313,100.54554799604645,306050.0,0.5718019931383761,2.8591982648928416,0.4405227022089786,-0.4788328985291246,0.11413168589380351,-0.5978198733492479,0.1490797197870597
2024-01-02,104.02384948730469,104.47810210515318,103.56959686945619,104.47810210515318,75000,104.47810363769531,104.54624404907227,100.22327308654785,51.664474589406396,1.2060329747994416,1.6286008889748005,-0.4225679141753589,108.39252251167974,104.54624404907227,100.6999655864648,302650.0,0.2478110028085247,2.5991060653390123,0.43859797744012496,-0.044000291677548375,-0.4297116466016604,-0.5978198733492479,0.1490797197870597
2024-01-03,102.20684814453125,103.56960611979167,101.75259548611112,103.56960611979167,168000,103.84215087890625,104.54624404907227,100.2081314086914,46.420350009172274,0.9181472604352905,1.4865101632668984,-0.568362902831608,108.39252251167974,104.54624404907227,100.6999655864648,304750.0,0.5512715340442986,2.5553924567862865,-1.7467161153223665,0.6860424901047546,-1.649228076412912,-0.5978198733492479,0.1490797197870597
2024-01-04,99.93557739257812,102.20684051513672,99.93557739257812,101.75258789062501,215000,102.57024383544922,104.40996780395508,100.19298960367838,40.83995907060111,0.5009485665704148,1.2893978439276017,-0.788449277357187,108.7044903579218,104.40996780395508,100.11544524998837,308950.0,0.695905486324648,2.5175095628085313,-2.222229521001673,0.5275459898703483,-0.055014439343803456,-2.8399482831121037,-2.3969043641204
2024-01-05,100.84408569335938,100.84408569335938,99.93558041684263,99.93558041684263,58000,102.1159912109375,104.31911697387696,100.16270599365234,43.752704530484564,0.24084827409963339,1.0796879299620081,-0.8388396558623747,108.8403137421412,104.31911697387696,99.79792020561271,301000.0,0.19269102990033224,2.3029760612048937,0.9090939628160211,0.03898027981255048,-0.17384828156632448,-0.017191588772247357,-1.0372076397662577
2024-01-08,104.02384948730469,105.38660734085016,101.29833378021374,101.75258639806222,285000,102.20684204101562,104.34182968139649,100.19298934936523,52.557038409775025,0.2879776550244344,0.9213458749744935,-0.6333682199500591,108.85172240728065,104.34182968139649,99.83193695551233,306750.0,0.9290953545232273,2.601582139376346,3.153148518411042,-0.3284639253521182,0.3054917612432817,-0.017191588772247357,-1.0372076397662577
2024-01-09,100.38983154296875,101.7525894372172,100.38983154296875,101.29833680580104,268000,101.48003845214843,104.11470336914063,100.17784754435222,44.06740026660632,0.03172741768202059,0.7434221835159989,-0.7116947658339783,108.94549751769557,104.11470336914063,99.28390922058568,271450.0,0.9872904770676,2.739240246704292,-3.4934468991934753,-0.7463136321570363,-0.21152131518220596,-0.6534987320127694,-0.32367415238965247
2024-01-10,100.38983154296875,101.29833680580104,99.48132628013646,99.48132628013646,62000,101.11663513183593,103.91028938293456,100.13999303181966,44.06740026660632,-0.16940000379915432,0.5608577460529682,-0.7302577498521226,109.01458315372709,103.91028938293456,98.80599561214204,267150.0,0.23207935616694741,2.6162762838989977,0.0,1.1070581272880409,-0.3983884913753566,2.5272726674406165,4.499769164126133
2024-01-11,99.93557739257812,100.84408264160157,99.93557739257812,100.84408264160157,63000,101.11663513183593,103.70587577819825,100.11728032430013,43.05906695935494,-0.3612847818705518,0.3764292404682642,-0.737714022338816,109.10968265933738,103.70587577819825,98.30206889705912,265400.0,0.2373775433308214,2.3885734792489246,-0.45249020085883496,0.18254264271539977,0.45626438441657147,0.8779258447818794,1.3317522618890187
2024-01-12,100.84408569335938,100.84408569335938,99.93558041684263,100.38983305510101,67000,101.11663513183593,103.52417449951172,100.13242212931316,45.73350847924386,-0.43503105657219976,0.21413718106017143,-0.6491682376323712,109.0613892579853,103.52417449951172,97.98695974103813,255350.0,0.26238496181711374,2.1912314554532344,0.9090939628160211,-0.7192046382251016,-0.18517891834584077,-0.3012483334686289,3.212623831000694
2024-01-15,101.29833984375,101.29833984375,100.84408719871077,101.29833984375,38086,100.571533203125,103.38789901733398,100.1702766418457,47.07209942192187,-0.4516150597224282,0.0809867329036515,-0.5326017926260798,109.00688552020613,103.38789901733398,97.76891251446183,253204.3,0.15041608693059322,1.9596344814448865,0.45045194992583415,0.587818268824547,0.19408761589856383,0.8897083227818126,-0.18393208362291746
2024-01-16,99.48133087158203,100.844088828727,99.48133087158203,100.38983617634534,49000,100.38983306884765,103.2061981201172,100.19298934936523,42.55076753496714,-0.60440819889088,-0.0560922534552548,-0.5483159454356252,109.09103109653441,103.2061981201172,97.32136514369998,245954.3,0.1992240021825193,1.9406177468746308,-1.7937203857147699,0.38422436149399,-1.1395293752028635,-1.0981644624668219,1.091417405518924
2024-01-17,103.11534881591797,109.0206331093406,103.11534881591797,108.566380471385,3015000,100.9349365234375,103.2061981201172,100.26869824727376,52.39853560172312,-0.4273369112394505,-0.13034118501209396,-0.29699572622735654,109.09103109653441,103.2061981201172,97.32136514369998,381904.3,7.894647952379693,2.9537756789924883,3.6529647447388847,0.8430854010390787,-1.066936498019444,-2.6581497121823894,-1.0095271700461428
2024-01-18,99.02706909179688,103.11534258641235,99.02706909179688,103.11534258641235,566000,100.75323486328125,102.93364601135254,100.26112721761068,43.38781404075943,-0.609866485388423,-0.2262462450873598,-0.38362024030106323,109.06999404844605,102.93364601135254,96.79729797425902,404354.3,1.3997625349847893,3.1050428850096354,-3.9647635110263812,0.2686100789593082,0.3845752896719512,0.19011464244167442,2.2804539524310607
2024-01-19,101.7525863647461,102.20683898244584,99.4813232762473,99.93557589394705,266000,100.9349349975586,102.57024383544922,100.34440676371257,49.60916872987699,-0.5285037597668634,-0.28669774802326053,-0.24180601174360283,108.01010549704212,102.57024383544922,97.13038217385632,369654.3,0.7195912505278581,3.1150064857615467,2.7522952036707293,0.12079320549103212,2.6337127016353046,2.553049148908282,1.7449177115524739
2024-01-22,102.66110229492188,104.02386028998721,100.38983896981298,100.38983896981298,277000,101.20748748779297,102.25226745605468,100.46554094950358,51.52162444530663,-0.3862609944394819,-0.30661039730650486,-0.07965059713297706,106.76985988203617,102.25226745605468,97.73467503007319,334654.3,0.8277198290893021,3.1842084636832375,0.8928676534265989,-0.6231681074182815,0.7554784976987472,2.6408754565575343,1.7558031763021953
2024-01-23,101.7525863647461,103.56959683554513,101.29833374704633,103.11534421784536,238000,101.66173858642578,102.0024284362793,100.571533203125,49.49852690319359,-0.34288960299254256,-0.3138662384437124,-0.029023364548830144,105.99501194573097,102.0024284362793,98.00984492682764,331554.3,0.7178311365589287,3.0624824136586457,-0.8849660775761214,-0.05034596135321534,0.3339315281947419,1.9993396833865251,-0.240766591428343
2024-01-24,101.7525863647461,102.20683898244584,101.29833374704633,101.7525863647461,73000,101.38918609619141,101.82072715759277,100.73809229532877,49.49852690319359,-0.3050015942749411,-0.3120933096099582,0.007091715335017068,105.48184147229843,101.82072715759277,98.15961284288711,329004.3,0.22188159850798303,2.7752854565574285,0.0,0.0860763428329081,0.006938533336109387,-0.6748054763399569,-0.8447296668785964
2024-01-25,101.7525863647461,102.66109160014561,101.7525863647461,102.66109160014561,85000,101.93428955078124,101.59360084533691,100.88193893432617,49.49852690319359,-0.2718414553164479,-0.3040429387512561,0.03220148343480822,104.58905850751944,101.59360084533691,98.59814318315438,325554.3,0.2610931571169541,2.526381427069707,0.0,-0.328079755907984,0.709276503221834,-0.970559571110674,-0.392160575404088
2024-01-26,101.7525863647461,103.56959683554513,101.7525863647461,101.7525863647461,312000,101.93428955078124,101.52546272277831,100.98036028544108,49.49852690319359,-0.24276338114304963,-0.2917870272296148,0.049023646086565176,104.43596439097216,101.52546272277831,98.61496105458447,317754.3,0.9818907250035641,2.431798632900284,0.0,0.07350350663963834,-0.04215966405062277,-2.515516935478046,-1.561226605837529
2024-01-29,102.66110229492188,103.11535495994364,102.20684962990009,102.66110229492188,141000,101.93428955078124,101.48003807067872,101.09392356872559,52.03200732875092,-0.14474067468385954,-0.26237775672046376,0.11763708203660422,104.28256609958906,101.48003807067872,98.67751004176837,316054.3,0.4461258714088054,2.2892612945399193,0.8928676534265989,-0.13380371723147322,0.6924221152651233,1.3404795269971403,0.6481862573032515
2024-01-30,102.66110229492188,103.56960762496543,102.20684962990009,102.20684962990009,113000,102.11599273681641,101.41190071105957,101.17720324198405,52.03200732875092,-0.06629279156416601,-0.22316076368920423,0.15686797212503822,104.01304855925626,101.41190071105957,98.81075286286288,317954.3,0.35539698629645833,2.165727521276642,0.0,-0.2817131452696353,-0.46910447933337096,0.26455646756926576,0.17813539353872532
2024-01-31,102.20684814453125,103.11535346137153,101.75259548611112,102.6611008029514,88000,102.20684509277343,101.41190071105957,101.26805381774902,50.561164397275974,-0.0403120997885793,-0.18659103090907928,0.14627893112049997,104.01304855925626,101.41190071105957,98.81075286286288,313954.3,0.2802955716803369,2.058664915141144,-0.4424793229724555,-0.0830523890604784,-0.804398568682585,-0.5606853591159533,1.791827881728758
2024-02-01,102.66110229492188,104.02386028998721,102.20684962990009,102.20684962990009,272000,102.3885482788086,101.54817695617676,101.32862103780111,52.02174278067129,0.01673933852589471,-0.14592495702208447,0.16266429554797918,104.10892963605384,101.54817695617676,98.98742427629968,316804.3,0.858574204958708,2.0264445458497864,0.44444590420034125,0.2756859522162314,0.43907634242430493,-0.5140938259149852,5.482385246594235
2024-02-02,102.66110229492188,103.11535495994364,102.20684962990009,102.66110229492188,86000,102.57025146484375,101.63902778625489,101.4421843210856,52.02174278067129,0.06124699716514215,-0.10449056618463916,0.1657375633497813,104.2234217884124,101.63902778625489,99.05463378409738,318204.3,0.2702666180186754,1.8773859837422886,0.0,-0.035210710893140984,0.5110182189104195,2.2170231805390683,-0.7770643035669988
2024-02-05,100.84408569335938,102.66109624639289,100.38983305510101,102.66109624639289,229000,102.20684814453125,101.48003959655762,101.54060567220053,45.751411449344786,-0.0495274948765001,-0.09349795192301136,0.04397045704651126,103.82702880776938,101.48003959655762,99.13305038534585,315404.3,0.7260522446903863,1.9299037512194326,-1.7699172918897998,0.29391269736438463,0.2001149817599579,-0.4892283787484186,-1.450766321172181
2024-02-15,104.02384948730469,105.38660734085016,102.66109163375921,103.1153442516077,355000,102.47939758300781,101.66174049377442,101.69959398905436,55.79328002547115,0.11790416010505567,-0.051217529517397956,0.1691216896224536,104.20760661823667,101.66174049377442,99.11587436931217,319754.3,1.1102274465112745,2.2782528040556134,3.153148518411042,-0.3927712441166409,3.0310448098840537,1.9932389623239288,-0.051093976089322535
2024-02-16,105.38661193847656,106.29511721380825,104.02385402547901,104.9323593008107,407000,103.11535034179687,101.91157951354981,101.88886604309081,59.272809533537504,0.3564495649834498,0.030315889382771598,0.32613367560067824,104.87789344880676,101.91157951354981,98.94526557829286,337004.3,1.2076997237127243,2.277321460382007,1.3100480879033372,-0.26288406984117385,-0.20016719009597894,0.7949668635454987,0.16613014289714734
2024-02-19,106.29511260986328,108.56637569981763,104.47810213789981,105.38660737388155,374000,103.84215240478515,102.22955627441407,102.09327977498373,61.45118644137367,0.6117549976912926,0.1466037110444758,0.4651512866468168,105.63493687258112,102.22955627441407,98.82417567624701,352554.3,1.0608294949175205,2.518781740586782,0.8620645968930862,0.2255126060222823,0.15343901570623597,-2.0374538412053056,-0.7527403769207353
2024-02-20,105.38661193847656,108.11212776447164,104.9323593008107,106.7493698514741,405000,104.38725433349609,102.45668258666993,102.28255182902018,58.10429597331198,0.7323360666515839,0.2637501821658974,0.4685858844856865,106.07242813366479,102.45668258666993,98.84093703967507,369454.3,1.0962113582112862,2.606913303663336,-0.8546965604347201,0.21989185165642855,0.6297522514733034,-0.7883385598524084,0.2185349193192243
2024-02-21,107.20362854003906,108.56638652995481,104.93236522351282,104.93236522351282,474000,105.65916290283204,102.75194702148437,102.49453646341959,62.50301210640161,0.9634098972533423,0.4036821251833864,0.5597277720699558,106.8953702586975,102.75194702148437,98.60852378427124,391250.0,1.2115015974440895,2.743861037367157,1.7241436726547876,-0.07738215560203487,-0.40979551571411754,0.6255294398066491,-1.0646490456006519
2024-02-22,108.11212921142578,109.02063449891675,105.84086599269834,108.11212921142578,594000,106.47681884765625,103.18348693847656,102.72923380533854,64.50942591606855,1.205944605587547,0.5641346212642185,0.6418099843233284,107.6757699284127,103.18348693847656,98.69120394854042,418500.0,1.4193548387096775,2.8019820332139904,0.8474532847061234,0.15456807377836057,0.9448801440578247,1.6465127441044558,2.230009331107774
2024-02-23,105.38661193847656,109.47488567746917,105.38661193847656,108.56638040213748,537000,106.47681884765625,103.29705009460449,102.85793863932291,55.001103528977985,1.1648015364336146,0.6842680042980978,0.48053353213551686,107.89565550897719,103.29705009460449,98.69844468023179,294600.0,1.8228105906313645,2.9734875939844736,-2.5210097080033966,0.08814408362198822,0.19312885212652287,1.6465127441044558,2.230009331107774
2024-02-26,104.93235778808594,106.29511568143771,104.93235778808594,105.84086305032045,123000,106.20426788330079,103.59231452941894,102.9942143758138,53.583526514488604,1.0830560481886096,0.7640256130762002,0.31903043511240936,107.77616663521083,103.59231452941894,99.40846242362706,272450.0,0.45145898329968803,2.758723633900113,-0.43103591816370246,0.4705245996972307,0.31161383748661287,0.03305331715770521,0.012680757293859202
2024-02-27,104.93235778808594,106.74936831255496,101.75258937026516,105.84086305032045,366000,106.11341705322266,103.75130310058594,103.13049011230468,53.58352651448862,1.0066679186725764,0.8125540741954754,0.194113844477101,107.88212451768639,103.75130310058594,99.6204816834855,277450.0,1.3191566047936565,3.057131008352073,0.0,-0.16865689324997435,-0.494196611994846,0.33045791479562325,-1.3187929611108484
2024-02-29,106.7493667602539,108.11212463378907,104.93235626220704,104.93235626220704,325000,106.02256469726562,103.95571632385254,103.27433675130209,58.54060458406776,1.0802942546529266,0.8661021102869657,0.2141921443659609,108.26034441094087,103.95571632385254,99.65108823676421,279850.0,1.1613364302304807,3.0734826567827334,1.731600252266774,0.2277027285789046,0.5959315304422619,0.365198401407274,0.7505081668660152
2024-03-01,111.2918930053711,111.2918930053711,106.7493667602539,107.20361938476563,899000,106.65851745605468,104.43268165588378,103.53174654642741,67.79920378672401,1.4880344262747514,0.9904885734845229,0.49754585279022845,109.71288195561849,104.43268165588378,99.15248135614908,312900.0,2.8731224033237455,3.269355135227327,4.255319148936176,-0.10426928511686473,-0.16259934881998062,0.19848511901245924,2.209093032207732
2024-03-04,112.20040130615234,113.56315921675339,110.83764339555131,113.56315921675339,969000,108.02127532958984,104.9550724029541,103.73616027832031,69.27695951203691,1.8630049160547628,1.164991841998571,0.6980130740561918,111.11315076296835,104.9550724029541,98.79699404293986,357700.0,2.708974000559128,3.196843226690628,0.8163292727327409,-0.17586998206308158,1.9506877426717306,-0.23110160438692962,1.7089791967814572
2024-03-05,112.65465545654297,113.56316074248284,110.38339224169331,112.65465545654297,330000,109.56573486328125,105.50017585754395,103.8875779469808,70.01784913670949,2.171791187383036,1.3663517110754642,0.8054394763075718,112.35527875927751,105.50017585754395,98.64507295581039,369950.0,0.8920124341127179,3.1945665965704806,0.4048596485418443,-0.1584294895698446,0.4227301850537213,-0.5625407360235979,1.2848946889294721
2024-03-06,115.83441925048828,117.65142974853516,112.20039825439454,113.10890350341798,1199000,111.74614715576172,106.20426750183105,104.06927897135417,74.62988247744687,2.6426243671443075,1.621606242289233,1.0210181248550745,114.23121328850453,106.20426750183105,98.17732171515757,414300.0,2.8940381366159786,3.495428582913166,2.8225764670434916,0.09901968214427459,0.5804392720889506,-1.3311032580483495,-3.54963948973932
2024-03-07,113.56316375732422,117.19718499755858,111.74615313720703,116.74293234252929,857000,113.10890655517578,106.74937057495117,104.23583844502767,66.73348058578131,2.8002126097573523,1.857327515782857,0.9428850939744953,115.23102775978043,106.74937057495117,98.26771339012191,450100.0,1.9040213285936458,3.756175686571617,-1.9607777272595883,-0.2425451004595569,0.9952604831186207,-3.726821197217245,-3.895281297833064
2024-03-08,110.38339233398438,114.47166612413194,108.56638176058546,114.47166612413194,558000,112.92720642089844,107.1354850769043,104.36454327901204,57.55238686587518,2.6381109471534927,2.0134842020569845,0.6246267450965082,115.53621692845466,107.1354850769043,98.73475322535394,472350.0,1.1813274055255636,4.042723510168266,-2.8000024991684525,-0.09280926429229286,0.4661471561968833,1.2261369975154812,1.118557083975702
2024-03-11,107.65787506103516,110.8376435227535,107.65787506103516,107.65787506103516,399000,112.018701171875,107.4080364227295,104.45539372762045,51.067095114779015,2.2636240963066143,2.0635121809069106,0.20011191539970374,115.48287256393805,107.4080364227295,99.33320028152094,487900.0,0.8177905308464849,3.9276628370416096,-2.4691370824178716,0.05789736572445747,-0.2994150887593805,-1.4189404432656372,-3.0583020563422325
2024-03-12,107.20362854003906,109.02063919326007,106.29512321342857,108.56638652995481,235000,110.92849578857422,107.63516273498536,104.53110249837239,50.05472660769266,1.9081902417310914,2.032447793071747,-0.12425755134065541,115.39729511420313,107.63516273498536,99.87303035576758,486050.0,0.48348935294722767,3.767376589413595,-0.4219352469464588,-0.28868258741585606,0.9554392072756546,-0.6143553836521654,1.087398128250383
2024-03-13,107.20362854003906,107.20362854003906,107.20362854003906,107.20362854003906,0,109.20233764648438,107.8622890472412,104.60681126912435,50.05472660769266,1.6079706663031743,1.9475523677180324,-0.3395817014148581,115.26931327904491,107.8622890472412,100.4552648154375,481750.0,0.0,3.2650597108251156,0.0,0.11670135758301559,0.07009439745004897,0.5121888737534608,-1.3545767096754369
2024-03-14,103.11534881591797,106.29511728160708,102.2068435400068,102.66109617796239,403000,107.11277465820312,107.97585220336914,104.59924049377442,41.472891793087506,1.0283008709092343,1.763702068356273,-0.7354011974470387,114.98898828833558,107.97585220336914,100.96271611840271,490450.0,0.8216943623203181,3.495956416052735,-3.813564689738258,0.02484507667166458,0.047219568149703406,-0.6501414518781501,0.39040975287500945
2024-03-15,103.11534881591797,104.02385409182915,102.2068435400068,103.56960145387356,125000,105.65916595458984,107.9304271697998,104.56895701090495,41.472891793087506,0.5624250953623005,1.5234466737574786,-0.9610215783951781,115.06210990225466,107.9304271697998,100.79874443734494,478950.0,0.26098757699133524,3.2720969674886837,0.0,0.38016886083072077,-1.2810760745144978,0.371412935831561,-0.2816143110426883
2024-03-18,103.11534881591797,103.11534881591797,103.11534881591797,103.11534881591797,0,104.7506607055664,107.81686401367188,104.54624430338542,41.472891793087506,0.19101330431713848,1.2569599998694105,-1.065946695552272,115.18743594245075,107.81686401367188,100.446292084893,458600.0,0.0,2.835817371823526,0.0,0.24646821955720544,1.0026653594563673,2.3436077560430757,0.9682554301048363
2024-03-19,104.47811126708984,104.47811126708984,102.66110063635784,102.66110063635784,121000,104.20555725097657,107.7260139465332,104.5538153330485,45.37215650632851,0.006554765508369087,1.0068789529972022,-1.0003241874888331,115.21933431267857,107.7260139465332,100.23269358038783,445950.0,0.27133086668909073,2.6999764730113225,1.321590303306519,0.11802450064548609,-0.1139364284441946,0.2582644353931185,0.0
2024-03-20,104.47811126708984,104.47811126708984,104.47811126708984,104.47811126708984,0,103.66045379638672,107.68058891296387,104.5538153330485,45.37215650632851,-0.13803873088606622,0.7778954162205485,-0.9159341471066147,115.24430547932772,107.68058891296387,100.11687234660002,425700.0,0.0,2.3399796099431462,0.0,0.2825426998389391,-0.36636586659868353,0.2582644353931185,0.0
2024-03-21,106.7493667602539,107.20361938476563,104.0238510131836,104.0238510131836,448000,104.3872573852539,107.6578758239746,104.59924062093098,51.604429462994204,-0.06856836842547409,0.608602659291344,-0.6771710277168181,115.23034611853491,107.6578758239746,100.0854055294143,424400.0,1.055607917059378,2.451951444828331,2.173905582345159,0.10021719335595591,2.0957905899499973,0.5151982968137903,0.0
2024-03-22,107.65787506103516,110.8376435227535,103.56960132454014,104.93235923670515,865000,105.29576263427734,107.63516311645508,104.67494939168294,53.8714218921513,0.05911498078319255,0.49870512358971375,-0.4395901428065212,115.20462102289967,107.63516311645508,100.06570521001048,437950.0,1.9751113140769494,3.0940968786130005,0.8510666885937157,0.3803263646266597,0.14525329595025394,-0.37587675020849254,0.4262277933242853
2024-03-25,107.65787506103516,107.65787506103516,107.65787506103516,107.65787506103516,0,106.20426788330079,107.74872627258301,104.7506581624349,53.8714218921513,0.1584781178465704,0.43065972244108514,-0.27218160459451474,115.24393025999942,107.74872627258301,100.25352228516661,411100.0,0.0,2.681550628131267,0.0,0.16309646746559547,-0.17885564059555437,-2.212318575848715,-1.5119455575683838
2024-03-26,107.65787506103516,107.65787506103516,107.65787506103516,107.65787506103516,0,106.84022064208985,107.88500213623047,104.80365422566732,53.8714218921513,0.23452071106892447,0.39143192016665307,-0.1569112090977286,115.26278947595691,107.88500213623047,100.50721479650403,404950.0,0.0,2.3240105443804318,0.0,-0.6294041552667218,-0.3256683411952621,-0.05260590723428216,-0.1212066983028004
2024-03-27,110.83763885498047,111.29189147323859,109.47488100020612,109.92913361846423,440000,108.11212615966797,108.18026618957519,104.83393770853678,61.711686244650956,0.5450820117023767,0.4221619384737978,0.1229200732285789,115.53313360541568,108.18026618957519,100.8273987737347,408650.0,1.0767160161507403,2.498677993423499,2.9535821621433644,0.4767770651749492,0.36583082987935445,0.894897345104817,2.8448118295486324
2024-03-28,109.92913818359375,113.10890664344977,109.47488554647147,111.29189609496062,965000,108.74808044433594,108.3392547607422,104.84907951354981,58.6447492918566,0.7097145211854468,0.47967245501612765,0.2300420661693191,115.69935579158921,108.3392547607422,100.97915372989517,440650.0,2.1899466696924996,2.6500570738974725,-0.8196680123936928,0.29512331100887135,-0.2651883338017913,-0.4740222865892263,-2.351370886949089
2024-03-29,108.98553466796875,112.28812662760416,108.98553466796875,110.40093122209821,407000,109.01361236572265,108.22393684387207,104.88634897867838,55.556439753814445,0.7553389758452767,0.5348057591819575,0.22053321666331915,115.46048596040723,108.22393684387207,100.98738772733691,416050.0,0.9782478067539959,2.737061725329197,-0.8583743411588296,0.12101572572218444,0.7341129462103524,-0.6350339608045874,1.285182784456751
2024-04-01,114.17533111572266,116.06252667135443,109.4573422266432,109.4573422266432,1289000,110.31710357666016,108.32268333435059,105.03282763163249,66.12315683955845,1.1964776358600488,0.6671401345175758,0.529337501342473,115.83629360361982,108.32268333435059,100.80907306508135,432050.0,2.9834509894688113,3.3157190957367284,4.76191309568279,-0.26266618358599114,-0.35536387239506473,1.3847062555789602,-0.9349697131161183
2024-04-02,116.0625228881836,117.4779195087712,114.17532739406678,116.0625228881836,863000,111.99803314208984,108.49307670593262,105.19561780293783,69.00866262404391,1.6790092329812154,0.8695139542103038,0.8094952787709117,116.55489793680084,108.49307670593262,100.4312554750644,458700.0,1.881403967734903,3.313968831599086,1.65288924850866,0.25364619011380984,1.207774937069206,-1.3132562827380512,0.44493578968864966
2024-04-03,115.11892700195312,117.9497202888864,114.17532923964202,115.59072588310866,480000,112.85429077148437,108.45730209350586,105.39567743937174,65.98243199644345,1.9626544394254921,1.0881420512533415,0.8745123881721506,116.38722613553477,108.45730209350586,100.52737805147694,422750.0,1.1354228267297457,3.3753584606184575,-0.8130065267834552,0.07497134359799595,-0.6301529819396801,-1.7743096094048005,-0.10738388407491861
2024-04-08,111.34452819824219,116.53431552951619,110.40093050164693,116.06251668121855,477000,113.13736877441406,108.34637031555175,105.52525965372722,55.49846158701166,1.8614255149541776,1.2427987439935089,0.6186267709606688,116.03392261639257,108.34637031555175,100.65881801471093,403750.0,1.181424148606811,3.7430953362518986,-3.278695260638509,0.19719823058421682,0.39384986878232553,0.6434993186945626,2.4673208764710575
2024-04-09,111.34452819824219,115.59071783292092,110.87272934994455,113.23172359143274,414000,113.60916748046876,108.39442710876465,105.64727096557617,55.49846158701166,1.7609022776623675,1.3464194507272806,0.41448282693508687,116.14733474226787,108.39442710876465,100.64151947526142,396550.0,1.0440045391501702,3.873081089148495,0.0,-0.1195805343893186,1.85378379779646,0.47496631292918146,1.4342095869778637
2024-04-10,110.40093231201172,112.28812773614867,110.40093231201172,111.34453002408019,234000,112.85428771972656,108.53157997131348,105.78383903503418,53.05432280149026,1.5868048868351536,1.3944965379488552,0.19230834888629844,116.3265625104694,108.53157997131348,100.73659743215755,388300.0,0.6026268349214525,3.6082963338136222,-0.8474560012059595,-0.33236826467953895,-0.1570956381565347,0.1272724748865306,-1.2453049428506335
2024-04-11,109.45733642578125,110.40093415358972,108.98553756187702,110.40093415358972,187000,111.53325042724609,108.64426536560059,105.94253501892089,50.65202726967351,1.3570479442731056,1.3870068192137053,-0.029958874940599678,116.42356225954651,108.64426536560059,100.86496847165466,385900.0,0.4845814977973568,3.3159097015334984,-0.8546992008760412,0.6782125595073074,-0.04964759893468784,0.03632262364319239,0.30211234723058755
2024-04-12,110.87273406982422,112.28813067497092,108.9855385962953,110.400935201442,310000,110.68401184082032,108.82772064208984,106.10967915852865,54.0155456732294,1.2744832236222408,1.3645021000954123,-0.09001887647317153,116.63696559936356,108.82772064208984,101.01847568481612,401400.0,0.7722969606377678,3.314134018485781,1.293104409682666,0.1289503566611172,-0.08023039345643745,2.7591105500343494,1.0476654789187245
2024-04-15,108.98553466796875,111.81632777622768,108.98553466796875,110.40093122209821,179000,110.21221313476562,109.12122993469238,106.19237391153972,49.200322231657346,1.044725917851764,1.3005468636466828,-0.25582094579491876,116.4531531634272,109.12122993469238,101.78930670595756,390200.0,0.45873910814966684,3.249688563788868,-1.7021312026696878,0.09155415847534876,-1.3830675802599668,-1.607486745735065,-0.33696228386493887
2024-04-16,105.68294525146484,108.51373842784336,104.73934752600533,108.51373842784336,475000,109.07989654541015,109.24960975646972,106.28059247334798,42.12342581392001,0.5893564978506589,1.1583087904874783,-0.5689522926368193,116.21973823945928,109.24960975646972,102.27948127348017,407700.0,1.1650723571253372,3.382555040878808,-3.0303006968451784,0.4179325060941874,-2.678800819309357,1.4003589351833323,-3.771116973743005
2024-04-17,106.62654113769531,108.04193770147003,106.15474228310374,106.15474228310374,126000,108.32501831054688,109.4251693725586,106.3845376332601,44.57636096497925,0.30114187768754164,0.9868754079274911,-0.6857335302399494,115.90432933590603,109.4251693725586,102.94600940921117,414000.0,0.30434782608695654,3.2460800287623255,0.8928554025299462,0.33683409634026606,1.5645148817386545,-1.0623221547829242,-0.5810904065883138
2024-04-18,107.09834289550781,107.09834289550781,105.68294629336454,106.62654402812672,138000,107.85321960449218,109.55618095397949,106.50391705830891,45.81298219906715,0.10953749353693354,0.8114078250493796,-0.701870331512446,115.71205358974092,109.55618095397949,103.40030831821807,414850.0,0.33265035555019884,3.0019889052131186,0.4424805989000635,-0.4920221304314132,0.4347088791672782,-0.21474936571196368,-0.434956740850756
2024-04-19,103.7957534790039,106.62654675570401,101.90855796120384,106.62654675570401,396000,106.43782348632813,109.52206306457519,106.553111521403,39.21678848397221,-0.3052826183652684,0.58806973636645,-0.8933523547317184,115.80273684511901,109.52206306457519,103.24138928403137,434650.0,0.9110778787530197,3.2936950424252327,-3.0836979613457993,0.2408928500440055,-3.8129771043774907,-3.9813448653195915,-3.3720232587938326
2024-04-22,98.60596466064453,103.79575227436267,98.60596466064453,103.79575227436267,438000,104.36190948486328,109.11489295959473,106.50823860168457,31.533362582226033,-1.0408053739598557,0.26229471430118884,-1.3031000882610446,117.00266109945805,109.11489295959473,101.2271248197314,434150.0,1.0088679027985719,3.5465075458831183,-5.000001102558771,0.2717815335421703,-0.59352553064973,2.5588308354487665,0.19779400564139404
2024-04-23,99.54956817626953,101.43676378150687,97.19057366972287,99.0777692749602,268000,103.13523406982422,108.70947761535645,106.50937589009602,34.06287848022704,-1.529935396339269,-0.09615130782690276,-1.4337840885123663,117.6727419949878,108.70947761535645,99.7462132357251,404300.0,0.6628741033885729,3.639798554669903,0.9569436482594451,0.2430425847365969,0.9688138454874373,0.12748108662865576,0.5640228751219611
2024-04-24,107.57014465332031,108.98554129349557,100.9649603325024,100.9649603325024,908000,103.32395477294922,108.7050910949707,106.58362248738607,50.72659034401817,-1.2559036960873158,-0.3281017854789854,-0.9278019106083304,117.67060797555212,108.7050910949707,99.73957421438928,449700.0,2.0191238603513453,4.412621829677389,8.056867170783688,-0.24398701951591217,2.716737332198216,3.655881029659258,3.1547970446698548
2024-04-25,111.34452819824219,115.59071783292092,107.5701374118611,107.5701374118611,1490000,104.17319183349609,108.88942375183106,106.78891347249349,56.320832311363304,-0.7258037769663588,-0.4076421837764601,-0.3181615931898987,117.91567479710707,108.88942375183106,99.86317270655505,524200.0,2.8424265547500953,4.893682975195047,3.508764961770816,0.3808770229507319,-1.3626259295338894,-0.9650771206997866,-1.9165466514134644
2024-04-26,114.17533111572266,117.00612444917033,113.23173333790676,115.11892889353855,1488000,106.24910736083984,109.05630836486816,106.9959592183431,59.98982905014374,-0.07639302324675157,-0.34139235167051846,0.2649993284237669,118.35357454787258,109.05630836486816,99.75904218186373,576600.0,2.5806451612903225,4.996071411959459,2.542381707739061,-0.2951578331521709,1.3248943960749937,1.5946079266868418,1.33038483922705
2024-04-29,114.64713287353516,117.00612737710584,113.23173617139274,117.00612737710584,956000,109.45734100341797,109.29220809936524,107.19572639465332,60.584092614867366,0.4709117590456202,-0.17893152952729074,0.649843288572911,118.9163938160438,109.29220809936524,99.66802238268669,576150.0,1.6592901154213313,4.833180717793279,0.4132256532142664,0.08607137638918516,1.863818412124374,1.5946079266868418,1.33038483922705
2024-04-30,117.47792053222656,118.42151828750549,114.64712726638977,115.5907250216687,1321000,113.04301147460937,109.71682739257812,107.45781529744467,64.03563721040393,1.1201631053065455,0.08088739743947651,1.039275707867069,120.01014995395815,109.71682739257812,99.4235048311981,621850.0,2.124306504784112,4.692008758236271,2.4691307909234794,-0.3839184473235724,-0.48264169017123715,1.2731128681464199,-3.1181661596084487
2024-05-02,113.70352935791016,117.94971925094414,112.7599316039026,117.47792037394038,731000,114.26968841552734,109.6932373046875,107.65699768066406,56.88325524011944,1.3149793871289575,0.3277057953773727,0.9872735917515847,119.94561809818924,109.6932373046875,99.44085651118576,593950.0,1.2307433285630103,4.75837927674364,-3.2128515360305587,-0.4225153435658102,-0.8538685839082238,-2.6951806932485,-3.044274616864795
2024-05-03,122.19590759277344,124.55490194784628,116.06252226958404,116.06252226958404,3635000,116.4399642944336,109.99990653991699,107.99771970113119,66.06697537367211,2.1300823800885524,0.6881811123196087,1.4419012677689438,121.3613999256597,109.99990653991699,98.63841315417429,732550.0,4.9621186267149,5.570778385169304,7.468878303796012,-0.4002988704028487,0.5334710464831138,-2.6951806932485,-3.044274616864795
2024-05-06,122.66770935058594,131.63188811082105,122.1959104684683,128.3292959359976,4948000,118.13843994140625,110.37734565734863,108.34630508422852,66.49395849442357,2.7820580004939046,1.106956489954468,1.6751015105394367,122.8973627129508,110.37734565734863,97.85732860174646,955950.0,5.176002929023484,6.086138669553079,0.38610274853461135,-0.21362587285993495,0.9492729647566867,-2.6951806932485,-3.044274616864795
2024-05-07,124.55490112304688,125.97029772671787,117.94971697258228,123.61130338726622,2707000,120.1199935913086,111.03786430358886,108.71120173136393,68.21673073501813,3.411705958438091,1.5679063836511928,1.8437995747868983,125.07472081080341,111.03786430358886,97.00100779637431,1067450.0,2.535950161600075,6.344064280830748,1.5384584765232079,-0.043067197592394635,0.6344919339527744,2.0550430244476336,4.104857488837488
2024-05-08,125.02670288085938,125.49850175965507,122.1959096080852,125.49850175965507,775000,121.62975006103515,111.72197303771972,109.08396174112956,68.65070179574208,3.9037766530809677,2.035080437537148,1.8686962155438196,127.09208644800562,111.72197303771972,96.35185962743383,1085500.0,0.7139567019806541,5.938534663595965,0.37879019898736654,0.31243083104899316,0.22746944638225575,-1.1031409813425541,-1.867727149911369
2024-05-09,119.8369140625,125.49850055364172,119.8369140625,125.49850055364172,805000,122.85642700195312,112.19377212524414,109.3777961730957,59.0926290898024,3.8308143952473586,2.39422722907919,1.4365871661681684,127.96714786993957,112.19377212524414,96.42039638054871,1114050.0,0.7225887527489789,5.901608240602066,-4.15094431731503,-0.09516764309563941,-0.6750569718193655,-1.3987276249359248,0.6626177564390101
2024-05-10,118.89331817626953,121.25231258452885,117.00612264966207,121.25231258452885,575000,122.19590911865234,112.66557121276855,109.6483331044515,57.52443874805533,3.654721622313801,2.6463261077261127,1.0083955145876882,128.6572862762739,112.66557121276855,96.67385614926322,1133450.0,0.5073007190436278,5.680885799837361,-0.7874000207801934,0.01793319460277054,0.720159390313424,-2.1368247450193167,-3.361342233337794
2024-05-13,116.5343246459961,119.36511795723486,115.59072687558317,119.36511795723486,479000,120.96923217773437,112.94865074157715,109.8795534769694,53.68849618212118,3.2869261297392995,2.7744461121287505,0.5124800176105491,129.00703975042143,112.94865074157715,96.89026173273288,1141900.0,0.41947631141080655,5.426686504079271,-1.9841262456616993,0.26346452966479195,0.7188770345091466,2.1651400102767004,-0.07246238176232822
2024-05-14,117.47792053222656,118.42151828750549,115.5907250216687,116.53432277694763,411000,119.55383605957032,113.37327003479004,110.15678405761719,54.981658872516945,3.036582026712267,2.826873295045454,0.20970873166681336,129.4395360231877,113.37327003479004,97.30700404639235,1153500.0,0.3563068920676203,5.080567405646939,0.8097149823426575,-0.16192227613095467,0.6143467624945442,0.46695700765049253,0.31907117867810975
2024-05-15,117.94972229003906,118.89332006835939,116.06252673339844,117.47792340087891,575000,118.13843994140625,113.98660888671876,110.38888193766276,55.648512732865385,2.843475168534127,2.8301936697431884,0.013281498790938429,129.75047441168024,113.98660888671876,98.22274336175727,1158500.0,0.4963314630988347,4.7805975295554735,0.40160887737459294,-0.17854125279843647,0.768905386860852,0.33964373665795744,0.30359218949806976
2024-05-16,116.0625228881836,120.30871274994641,115.59072401465438,118.8933161293588,816000,117.38356170654296,114.45840797424316,110.56681378682454,52.31060849602005,2.509230524872919,2.7660010407691344,-0.25677051589621547,129.85532736170893,114.45840797424316,99.0614885867774,1193000.0,0.6839899413243923,4.772249690320347,-1.6000032600456904,-0.8739389928487662,0.7426455838037249,0.37413074381913436,4.727600860525483
2024-05-17,116.5343246459961,117.47792241640902,115.1189279903767,115.1189279903767,305000,116.91176300048828,114.93020706176758,110.73746732076009,53.068507136115876,2.2563993286120194,2.6640806983377114,-0.407681369725692,129.95121926362478,114.93020706176758,99.90919485991037,1201350.0,0.2538810504848712,4.450482321748609,0.40650655015230797,0.28877622974334827,-0.21492914094993765,1.5264487422874007,-0.05506029684924085
2024-05-20,114.17533111572266,116.53432556026237,113.70353222681472,116.53432556026237,311000,116.4399642944336,115.44918594360351,110.88394597371419,48.88521002481608,1.8444164364927929,2.5001478459687276,-0.6557314094759348,129.53877400273421,115.44918594360351,101.35959788447279,1197100.0,0.259794503383176,4.2345237899751496,-2.0242907293104517,0.12515050063168776,0.06190547021835968,0.5069945439602819,2.5612794107337855
2024-05-21,115.11892700195312,115.11892700195312,113.23173147733094,114.17532923964202,196000,115.96816558837891,116.27483406066895,111.0158676147461,50.56389819629832,1.575891432890785,2.3152965633531393,-0.7394051304623543,127.9343402971994,116.27483406066895,104.6153278241385,1185000.0,0.16540084388185655,3.9215466879280876,0.8264446242543189,0.12995161060771476,-0.16397830333553243,2.052524243780418,0.9264326297231618
2024-05-22,116.5343246459961,119.36511795723486,114.64712910517024,115.59072687558317,566000,115.68508605957031,117.12407188415527,111.1562375386556,53.05444681140583,1.4604589323525659,2.1443290371530246,-0.6838701048004587,125.72814834545837,117.12407188415527,108.51999542285218,1199900.0,0.4717059754979582,4.027738976479625,1.2295090658888341,0.09004381018689056,1.4836548818675244,0.74996089616024,-0.6518617581521391
2024-05-23,116.5343246459961,118.42152018682194,113.70353133475732,117.94972130161548,371000,115.77944641113281,117.57228088378906,111.34203275044759,53.05444681140583,1.353376956918325,1.9861386211060847,-0.6327616641877598,124.92355110625346,117.57228088378906,110.22101066132467,1173050.0,0.31626955372746257,4.119772293224292,0.0,-0.033810014699131585,0.25798091936253265,0.9981358681645736,2.7316467352821894
2024-05-24,115.59072875976562,116.53432654555964,114.17533208107461,115.59072875976562,309000,115.59072723388672,117.78459091186524,111.51967226664225,51.06535822379859,1.1787851167857326,1.8246679202420144,-0.6458828034562818,124.60461885277091,117.78459091186524,110.96456297095956,1114000.0,0.27737881508078993,3.885001916059056,-0.8097149823426575,-0.0096243747411906,-0.19479338523243905,0.3852637572002049,-0.8081312360340931
2024-05-27,120.78050994873047,125.49849861860275,115.59072241187096,115.59072241187096,1997000,116.91176300048828,118.11484985351562,111.78380813598633,59.957413429361154,1.4425628284307663,1.748246901879765,-0.3056840734489987,124.83799237568387,118.11484985351562,111.39170733134738,1139450.0,1.7525999385668525,4.688038488148755,4.489790180102471,-0.09869189434805747,1.105615256831216,-0.33371958993613227,1.182656725193465
2024-05-28,124.08309936523438,125.49849593594047,120.30870851001812,123.61130050833233,1331000,118.70459747314453,118.58664817810059,112.07270367940266,64.3917312458683,1.8962412416808263,1.7778457698399774,0.11839547184084886,125.60311202766036,118.58664817810059,111.57018432854082,1158200.0,1.1491970298739422,4.754938346518568,2.7343728039447734,-0.36968990725814166,0.25060173618918213,-0.20090731676889462,1.4415538575457187
2024-05-29,125.02670288085938,126.44209951724646,122.1959096080852,123.1395073656766,1054000,120.40307312011718,118.96408729553222,112.30161717732747,65.5650703438213,2.3053509200698414,1.8833467998859503,0.4220041201838911,126.52077767882207,118.96408729553222,111.40739691224238,1144850.0,0.9206446259335284,4.6871052215375935,0.7604609495186265,0.3236723675793307,-0.8962690097293446,-1.1910754088758413,-1.4082677946286148
2024-05-30,122.19590759277344,128.32929291596284,121.72410872175887,126.44209743190456,1589000,121.53538970947265,119.38870620727539,112.46820894877116,59.2567451465618,2.373788212976649,1.98143508250409,0.39235313047255893,126.64937347502605,119.38870620727539,112.12803893952473,1187750.0,1.337823616080825,4.942849084559777,-2.264152555301302,0.6315619238836723,-1.3757393248701622,-0.9507707702690715,-0.9089719085309755
2024-05-31,122.66770935058594,128.80109481811522,122.1959104684683,124.08310599693885,1329000,122.95078582763672,119.41229629516602,112.63509318033854,59.94841214439223,2.4379920645897926,2.0727464789212307,0.3652455856685619,126.71431441161988,119.41229629516602,112.11027817871215,1072450.0,1.239218611590284,5.164494169997377,0.38610274853461135,-0.0636234547158887,-0.8905424398374384,1.6969569012485808,2.8829719168688372
2024-06-03,124.55490112304688,125.49849885882755,123.61130338726622,125.02669999093722,412000,123.7056640625,119.50665588378907,112.78043454488119,62.67770909884495,2.6110560548010824,2.180408394097201,0.4306476607038814,127.03118519359191,119.50665588378907,111.98212657398622,845650.0,0.4871991958848223,4.8533335484299425,1.5384584765232079,0.3356387546574968,1.7121719263391677,3.0844392735388526,3.8084415532174676
2024-06-04,123.6113052368164,125.97029961156481,122.19590861196735,125.97029961156481,482000,123.6113052368164,119.45947608947753,112.94790356953939,60.45926444167312,2.6416192692582143,2.2726505691294037,0.36896870012881067,126.86156568054903,119.45947608947753,112.05738649840603,734400.0,0.656318082788671,4.7094745419189445,-0.7575742726480872,-0.46419102039185756,-0.8364332748305281,0.06540328502750992,1.8404943159233245
2024-06-05,120.78050994873047,124.5549008846283,120.78050994873047,123.13950428366661,344000,122.76206665039062,119.24716644287109,113.12118886311849,54.25510178005469,2.409642456814538,2.300048946666431,0.10959351014810714,126.20730146246969,119.24716644287109,112.2870314232725,712850.0,0.48256996563091814,4.584796727782796,-2.2900779849081454,0.04487073545036413,0.6005712697569221,-1.372546328927593,-0.759047462211615
2024-06-06,121.25231170654297,124.08310497595643,120.30871395007182,122.19590946301412,413000,122.57334747314454,119.31793632507325,113.34776280721029,55.08241972238625,2.238070536499663,2.2876532646330774,-0.049582728133414466,126.33189481896216,119.31793632507325,112.30397783118434,693250.0,0.5957446808510638,4.476742634196371,0.39062739345343545,-0.23756310030170757,1.944708756402913,0.36448147273990816,0.7648530599528414
2024-06-07,125.97029876708984,127.38569538245041,123.61130440815558,123.61130440815558,1128000,123.2338653564453,119.67178535461426,113.6605406443278,62.40468388304368,2.4545066546270817,2.321023942631878,0.13348271199520356,127.28408299662264,119.67178535461426,112.05948771260587,720900.0,1.5647107781939242,4.697628106424514,3.8910491636360955,-0.13363032114330764,-0.20234199872982694,0.6272672684177749,0.6626455047070046
2024-06-11,120.78050994873047,126.91389521956444,120.78050994873047,126.91389521956444,541000,122.47898712158204,119.88409461975098,113.88682200113932,52.30417957640527,2.182107278423288,2.29324060979016,-0.11113333136687187,127.36364870371838,119.88409461975098,112.40454053578358,724000.0,0.7472375690607734,4.8890623950124406,-4.119851162657739,-0.2190993617724568,-0.3031410202626317,-1.4920526326737682,-1.0526353534517474
2024-06-12,122.19590759277344,123.13950533480258,120.78051097972973,122.19590759277344,312000,122.19590759277344,120.11999397277832,114.20483131408692,54.468641473462846,2.0567308580912993,2.2459386594503883,-0.189207801359089,127.57758705900584,120.11999397277832,112.6624008865508,719050.0,0.4339058479938808,4.55172012715373,1.1718758636172222,-0.0562872544702997,1.1785994524791121,2.634187659181597,4.350953364301802
2024-06-13,123.1395034790039,124.5549000707166,121.72410688729121,122.19590575119545,463000,122.66770629882812,120.37948303222656,114.53856722513835,55.905283061431554,2.0103355469539395,2.1988180369510983,-0.1884824899971589,127.88015270872354,120.37948303222656,112.87881335572958,713450.0,0.6489592823603616,4.322263201323284,0.7721992534930555,-0.3552426383712781,1.193154297591259,2.694885244627443,0.16036492443964878
2024-06-14,131.6318817138672,132.10368057305666,123.61130110764589,124.08309996683538,2198000,124.74362030029297,121.15795097351074,115.0138427734375,66.23216142774532,2.6285308114142936,2.2847605918437375,0.3437702195705561,129.90101199443126,121.15795097351074,112.4148899525902,782550.0,2.8087662130215323,4.941185053687214,6.896550655908151,0.3043370457556316,0.863577013670791,0.9684511801242301,1.9213124521174407
2024-06-17,133.04727172851562,135.40626590809924,130.21647871301528,131.16007638484874,2150000,126.15901489257813,121.98359832763671,115.4899954477946,67.59434244306902,3.1958256686538817,2.4669736072057664,0.7288520614481153,131.92489399248015,121.98359832763671,112.04230266279329,874800.0,2.4577046181984454,4.974332005873447,1.0752638313908713,0.15480119319866148,-0.03639861324233884,0.18564657559745346,-0.5498255532274565
2024-06-18,127.85749053955078,134.93447341074364,127.85749053955078,134.93447341074364,1192000,127.57441101074218,122.66770629882812,115.87965176900228,58.30666055115202,3.189868146646077,2.6115525150938286,0.5783156315522486,132.2221261208658,122.66770629882812,113.11328647679045,918850.0,1.2972737661206943,5.2546854545827015,-3.900704705583624,-0.14838275415750557,1.159736185000071,2.2235915153949293,6.318410218691062
2024-06-19,124.08309936523438,129.2728867911567,123.13950165143031,128.8010879342547,791000,127.95184936523438,123.11591491699218,116.16854731241862,52.641552267130024,2.847757764823868,2.6587935650398364,0.18896419978403145,131.99657877904744,123.11591491699218,114.23525105493692,948600.0,0.8338604258907865,5.3718454126018615,-2.9520297625025393,0.14396198742181454,1.986645158123146,-0.21147226057504076,0.8171446202132282
2024-06-20,125.97029876708984,126.4420976388767,124.5549021517293,124.5549021517293,320000,128.51800842285155,123.58771362304688,116.4737543741862,54.996039539339,2.697815306680141,2.666597913367897,0.031217393312243935,131.98561689249266,123.58771362304688,115.1898103536011,936300.0,0.34177079995727866,4.970132460740591,1.5209157504202597,0.10293992607994795,0.8468955214737006,1.6651528026696116,1.7473603433141083
2024-06-21,129.74468994140625,132.57548317649147,125.0267012162642,125.49850008877841,1131000,128.14057006835938,124.24823188781738,116.84186795552571,59.34899276068016,2.850685721679028,2.7034154750301234,0.14727024664890465,132.3842476662196,124.24823188781738,116.11221610941516,974300.0,1.160833418864826,5.313952394005483,2.996254840432644,-0.12290844763791497,-0.6524324296809936,-0.6551548732524504,-2.5139539956279267
2024-06-24,134.46267700195312,136.3498724686472,129.74468833521792,132.10368266858552,2277000,128.42365112304688,125.19182929992675,117.28861465454102,64.03218363360848,3.3143331830274434,2.825599016629588,0.4887341663978555,133.47624818943663,125.19182929992675,116.90741041041687,1072700.0,2.122681085112333,5.486116625928656,3.6363623533861356,0.06802312668354737,-1.8908700814464607,0.2697847214805593,2.217976417507095
2024-06-25,134.46267700195312,134.93447586862663,126.44209626850329,133.51907926860608,1795000,129.74468841552735,125.8759376525879,117.68236529032389,64.03218363360848,3.6398195623399943,2.9884431257716693,0.651376436568325,134.85695712973717,125.8759376525879,116.89491817543863,1062600.0,1.689252776209298,5.886951689154614,0.0,-0.12823314551579923,0.27295654149688264,-1.3452942091674802,-0.7475045040307049
2024-06-26,133.04727172851562,137.29346125176613,132.10367405668217,132.10367405668217,2728000,131.5375228881836,126.32414627075195,118.06766751607259,61.56447348010694,3.7404410107882597,3.1388427027749874,0.6015983080132723,135.80903531128672,126.32414627075195,116.83925723021717,1132450.0,2.4089363768819814,5.793996423278528,-1.052638029374453,0.4702765421042532,0.4839958550256096,0.0,2.541834586641034
2024-06-27,135.40626525878906,136.3498629260977,131.1600757559002,133.5190699241718,1044000,133.42471618652343,126.84312438964844,118.5080130259196,64.05110805569527,3.964831190639458,3.3040404003478816,0.6607907902915766,137.13097701949138,126.84312438964844,116.55527175980548,1131950.0,0.9223022218295861,5.71343518953439,1.7730491573603846,0.3350392876177333,-0.3511118229512111,0.0,0.7242722902996324
2024-06-28,132.57546997070312,135.40626292381424,131.16007349414758,135.40626292381424,805000,133.99087219238282,127.36210250854492,118.81468200683594,59.109137503429714,3.86963377363125,3.4171590750045553,0.45247469862669476,137.70990651538725,127.36210250854492,117.01429850170258,1092750.0,0.7366735300846489,5.517802732882002,-2.0905940228657105,-0.1850665019445641,0.5512513704543975,0.6666620395862077,-0.09115440238022243
2024-07-01,128.80108642578125,134.4626726422991,128.32928757440476,134.4626726422991,565000,132.85855407714843,127.66877136230468,119.02699139912923,53.2136612288883,3.4498600869372638,3.4236992773910973,0.026160809546166508,137.79189142174081,127.66877136230468,117.54565130286855,1054550.0,0.5357735527002039,5.599880377550316,-2.846969764282903,-0.055340206795018165,0.11427590660921805,-1.5653168742047696,-0.020270747007122836
2024-07-02,131.6318817138672,131.6318817138672,128.80108855873024,128.80108855873024,356000,132.29239501953126,128.0226203918457,119.30220731099446,56.70170693020492,3.307481351546386,3.400455692222155,-0.09297434067576926,138.18213013791157,128.0226203918457,117.86311064577981,1051750.0,0.33848347991442834,5.230669032288398,2.1978038902001895,0.05445543450566248,-0.7771564734776915,2.8746175751640735,1.59180680610167
2024-07-03,134.93446350097656,138.70885408841647,132.10367056039664,132.57546938382663,1377000,132.66983337402343,128.58877830505372,119.69537289937337,60.41003402861593,3.421692782886524,3.4047031103550287,0.01698967253149508,138.97274833933886,128.58877830505372,118.2048082707686,1096500.0,1.255813953488372,5.476842811256517,2.5089528039174525,0.15711929888313492,1.2808943510362658,6.420925506315944,5.239528044908304
2024-07-04,129.74468994140625,136.82167302911932,128.80109219637785,136.34987415660513,1116000,131.5375183105469,129.0369873046875,120.00204226175944,52.76264276977086,3.0581819931971523,3.335398886923454,-0.27721689372630154,138.7543262385192,129.0369873046875,119.3196483708558,1135100.0,0.9831732886970311,5.816007880787844,-3.8461438426608874,0.14950641568265421,1.5108454922353465,0.6424507417229552,2.797540653089725
2024-07-05,131.1600799560547,133.5190741998686,129.74468340976634,131.1600799560547,413000,131.2544403076172,129.5323757171631,120.34802805582682,54.455997052601276,2.8514376207549503,3.2386066336897534,-0.3871690129348031,138.56477197717257,129.5323757171631,120.49997945715361,1135100.0,0.3638445951898511,5.543792268696436,1.0909040017650362,-0.3522176733286364,0.14479967883183065,-0.6105910271951287,-0.9225264473391448
2024-07-08,129.27288818359375,132.57548021748119,128.32929045962592,132.10368135549726,353000,131.3488006591797,129.69750518798827,120.67828725179037,51.79015718942465,2.5064181833374732,3.0921689436192974,-0.5857507602818242,138.57513469827205,129.69750518798827,120.81987567770447,1096350.0,0.3219774706982259,5.370778600584279,-1.4388461589023405,-0.34946094601715494,1.365055591695996,-0.19547573104767846,-0.18620442896249978
2024-07-09,127.38568878173828,129.74468301843714,125.97029223971896,129.27288417109736,642000,130.49956207275392,130.02776412963868,120.9535031636556,49.19652033273629,2.056994817881332,2.8851341184717048,-0.8281393005903728,137.9485392619268,130.02776412963868,122.10698899735054,1101400.0,0.5828944979117486,5.157926891002132,-1.45985707318248,0.24079002019752327,0.09183997563149138,0.867371708210718,1.958941164478678
2024-07-10,129.27288818359375,129.74468704557768,126.91389387367416,127.38569273565807,300000,129.36724700927735,130.3816131591797,121.29162572224935,51.796245788088676,1.8319867793628077,2.6745046506499257,-0.842517871287118,137.41142040326972,130.3816131591797,123.35180591508966,1100800.0,0.27252906976744184,4.847642395122318,1.4814846313615293,0.11240498501070562,0.44769724473825434,-0.22191760359484558,0.6861832844776483
2024-07-11,130.6882781982422,133.519071227807,127.85748516867737,130.21647935998138,714000,129.55596466064452,130.7590518951416,121.7083812713623,53.709484099698365,1.7477296930383375,2.4891496591276083,-0.7414199660892709,136.9069328790157,130.7590518951416,124.61117091126748,1113350.0,0.6413077648538196,4.956168216989958,1.0948854276685571,0.2442485876554823,1.5951511700039722,2.7800972139738978,-0.18172063302280828
2024-07-12,130.21649169921875,133.04728499702787,128.80109505031422,129.27289393328238,433000,129.36724700927735,130.68828239440919,122.10154711405436,52.95500145464853,1.6241637685823491,2.3161524810185568,-0.6919887124362076,136.82643685801244,130.68828239440919,124.55012793080593,1025100.0,0.42239781484733196,4.861504447619785,-0.3610013885926189,-0.6140502852808205,-1.9397254657484875,-3.2458725834690227,-3.3227179773256177
2024-07-15,134.93446350097656,135.87806114783655,128.32927997295673,131.16007291353665,1558000,130.49956207275392,130.78264198303222,122.56548245747884,59.1369275256031,1.8852062932247975,2.229963243459805,-0.3447569502350074,137.1280110314434,130.78264198303222,124.43727293462103,995500.0,1.5650426921145153,5.219808011254456,3.6231753291707802,0.49773822276901747,-0.1570866870910903,-3.2458725834690227,-3.3227179773256177
2024-07-16,137.76527404785156,144.37045842000882,135.40627962922397,135.8780785129495,4543000,132.57547912597656,131.27803115844728,123.1316411336263,62.33500112293945,2.294062602103054,2.2427831151884545,0.05127948691459938,138.18409326427732,131.27803115844728,124.37196905261723,1163050.0,3.9061089377068914,5.7819662656248285,2.097915145936402,0.07988501995308539,0.49369257838391967,5.535361934899363,5.414292193616399
2024-07-17,135.40626525878906,143.42684543091246,133.99086875782612,139.1806559280236,1794000,133.80215454101562,131.844189453125,123.7449794769287,58.244154309251506,2.4000654181696177,2.274239575784687,0.12582584238493055,138.09187727100664,131.844189453125,125.5965016352434,1213200.0,1.4787339268051434,6.269167653286364,-1.7123391982243108,-0.03284897586730562,-0.9477322922418208,0.39734732353298163,-1.2952078112146825
2024-07-18,132.1036834716797,134.93447668892998,128.8010913848877,133.51908008030483,1345000,134.08523559570312,132.1508586883545,124.28754806518555,53.0001059359588,2.1923110669062567,2.257853874009001,-0.0655428071027444,137.75336638887867,132.1508586883545,126.54835098783033,1264450.0,1.0637035865396023,6.3139684827016955,-2.4390169692646513,-0.2226498352794204,-1.5622735237073582,-2.3218971778061315,-3.3031615185724283
2024-07-19,128.80108642578125,133.04727608816964,127.85748872302827,133.04727608816964,680000,133.80215454101562,132.10367851257325,124.64139709472656,48.315357915414076,1.7411019268771781,2.1545034845826367,-0.4134015577054586,137.8064986151492,132.10367851257325,126.40085840999731,1241900.0,0.5475481117642322,6.1640776670269855,-2.500003753950164,0.45613217759497005,-2.2617330175741857,-1.4856834570801336,0.8890916588558895
2024-07-22,124.55490112304688,131.1600852735115,123.13950451937589,131.1600852735115,801000,131.7262420654297,131.60828971862793,124.86156997680663,43.04694428199098,1.0290218422844077,1.929407156122991,-0.9003853138385833,138.11320626231412,131.60828971862793,125.10337317494174,1168100.0,0.6857289615615102,6.4116114119748016,-3.296699911907297,0.4350571135180781,-2.677259944243182,-1.8097010785411483,-3.571424804810064
2024-07-23,123.1395034790039,127.38569325414197,123.1395034790039,125.97029666242929,458000,128.80108795166015,131.04213104248046,125.01097284952799,41.42541160451824,0.3464883816993449,1.6128234012382618,-1.266335019538917,138.41424510147226,131.04213104248046,123.67001698348867,1101250.0,0.41589103291713964,6.122888527063236,-1.1363644716354537,0.08389052827177945,2.7625011418902057,0.41888062747810206,-1.1063042364600761
2024-07-26,124.08309936523438,126.91389250664656,115.5907199409978,118.89331193931201,774000,126.53645477294921,130.59392242431642,125.16823895772298,42.96780693797774,-0.11693603531841745,1.266871513926926,-1.3838075492453434,138.5217949799257,130.59392242431642,122.66604986870715,1003550.0,0.7712620198296049,6.816259732207973,0.7662820293825146,-0.2194732292683632,-3.2906356086419675,-0.46782896405239693,0.45068716237686157
2024-07-29,120.3087158203125,125.49850356158089,118.42152027803309,125.49850356158089,535000,124.17746124267578,129.83904495239258,125.21541887919108,38.59045893082708,-0.77977566436806,0.8575420782679288,-1.6373177426359888,138.66213734324967,129.83904495239258,121.0159525615355,978100.0,0.5469788365197833,6.851022872386618,-3.041819203606533,0.47483004597199674,0.20470575104574174,4.171562946281648,4.079715934415118
2024-07-30,122.19590759277344,123.13950533480258,117.47791888262775,118.89331549567144,372000,122.85642547607422,129.3200668334961,125.35695851643881,41.783947238435466,-1.1396629170810968,0.4581010791981237,-1.5977639962792205,138.6707303946716,129.3200668334961,119.96940327232059,956450.0,0.3889382612786868,6.692431349691713,1.5686243175262238,0.15641212361443557,0.2665528397010952,-0.9024326632927071,1.7042597216616606
2024-07-31,122.66770935058594,125.9703015254094,120.78051382211538,120.78051382211538,404000,122.47898712158204,129.01339797973634,125.36482187906901,42.58777328253117,-1.3710016453119067,0.09228053429611766,-1.4632821796080244,138.82659448253878,129.01339797973634,119.2002014769339,948400.0,0.4259805989034163,6.492078863505353,0.38610274853461135,-0.2672783628201558,-0.1089865524954714,-4.638580467508824,3.844259488822943
2024-08-01,126.91389465332031,127.85749238308478,124.08310146402692,125.49849805867362,371000,123.2338653564453,128.777498626709,125.43559163411459,49.364204390628466,-1.1978989535901405,-0.165755363281134,-1.0321435903090066,138.5524172148095,128.777498626709,119.00258003860849,949150.0,0.3908760469894116,6.318439419371151,3.4615346819583337,-0.5775112476597344,1.9944277998713122,-4.774702826085542,-3.3222615463413985
2024-08-02,120.3087158203125,125.49850356158089,119.36511804917279,122.66771024816177,380000,122.47898864746094,128.04621124267578,125.36482187906901,41.21488953360078,-1.5755347692208375,-0.44771124446907473,-1.1278235247517627,138.0669723196336,128.04621124267578,118.02545016571796,899300.0,0.42255087290114535,6.482484377341334,-5.204456809910852,0.4427055244088818,-4.434260881041652,-6.345966382352552,-8.384888249448064
2024-08-05,109.45733642578125,116.06252052044047,108.5137386979728,116.06252052044047,1749000,120.30871276855468,127.03184356689454,125.10533243815104,31.89822391225941,-2.7190855762533914,-0.9019861108259382,-1.8170994654274533,140.00190586518048,127.03184356689454,114.0617812686086,930950.0,1.8787260325473978,7.190816743341116,-9.019612021076151,-0.3900105801548759,-8.351980222953914,-13.602142054058708,-16.07543971754105
2024-08-06,110.40093231201172,114.17532316028561,106.62654146373781,111.81632888011443,2299000,117.94971771240235,125.99388618469239,124.9480660756429,33.309958740224175,-3.508770604214888,-1.423343009503728,-2.08542759471116,140.76978914250913,125.99388618469239,111.21798322687566,1025250.0,2.2423799073396733,7.238545403768675,0.8620672830553344,0.2764724507885674,3.379268306975858,7.70720509609637,14.851242221095905
2024-08-07,119.3651123046875,121.252307756145,110.40093391026433,110.40093391026433,2532000,117.28919830322266,125.49849739074708,124.95592931111653,44.978938092313406,-3.372392428937488,-1.81315289339048,-1.559239535547008,140.47451542618583,125.49849739074708,110.52247935530833,1134200.0,2.232410509610298,7.720256075817289,8.119659684885171,0.3029438503285631,3.8742452023632135,3.52390512129519,2.1013971344929328
2024-08-08,117.94972229003906,122.66771118164063,117.47792340087891,118.42152117919923,2322000,115.49636383056641,125.02669906616211,124.97951927185059,43.67937158703945,-3.340020213818164,-2.118526357476017,-1.2214938563421471,140.34305388145472,125.02669906616211,109.7103442508695,1218200.0,1.9060909538663602,7.382860303143214,-1.1857652435625865,-0.3905008009258193,-1.9965912706408795,-2.744013067621265,-2.1561608506449392
2024-08-09,123.6113052368164,125.97029961156481,121.252310862068,121.252310862068,887000,116.1568817138672,124.74361991882324,125.08174235026041,49.91325340572024,-2.8249582123285677,-2.2598127284465273,-0.5651454838820404,139.93833149559228,124.74361991882324,109.5489083420542,1247550.0,0.7109935473528115,7.467889238927552,4.799996843447829,-0.7344664716750882,2.86965755714923,-1.3214182587632295,-1.4913755215698377
2024-08-12,126.44209289550781,127.38569060368324,122.66770206280609,125.02669633324466,567000,119.5538330078125,124.53131065368652,125.22328186035156,52.73050808857013,-2.163408532264995,-2.240531889210221,0.07712335694522565,139.49316269527196,124.53131065368652,109.56945861210106,1240200.0,0.45718432510885343,7.101235812520833,2.290071812823391,0.07652887976525857,1.417205112604214,-1.3214182587632295,-1.4913755215698377
2024-08-13,125.97029876708984,129.27289086959783,125.498499895303,129.27289086959783,827000,122.66770629882812,124.31900100708008,125.38841145833334,52.203481320239014,-1.6580821489292816,-2.124041941154033,0.46595979222475137,139.06005520056223,124.31900100708008,109.57794681359792,1259900.0,0.6564013016906104,6.657656500757366,-0.37313059094004064,-0.604294595055821,0.10706043617687566,4.650745742414153,8.541414359390886
2024-08-14,125.49849700927734,128.32929017490014,125.49849700927734,127.85749131396301,400000,123.89438323974609,123.84720268249512,125.53781433105469,51.64756138904573,-1.2809122492304539,-1.9554160027693173,0.6745037535388634,137.73714616819237,123.84720268249512,109.95725919679788,1202000.0,0.33277870216306155,6.147408056072757,-0.3745341262425872,0.20472686912957894,1.0583302060494848,1.954001622606505,0.30185217790239527
2024-08-15,125.97029876708984,128.3292931260241,124.5549021517293,125.498499895303,405000,125.49849853515624,123.25745391845703,125.73439712524414,52.19579238511503,-0.9331748685100933,-1.7509677759174727,0.8177929074073793,135.5714063988961,123.25745391845703,110.94350143801796,995100.0,0.4069942719324691,5.831005778502365,0.37594215791891816,-0.9596021142668665,-0.5996212787569899,-1.8147995606690892,-0.4358545742575104
2024-08-16,127.38568878173828,129.27288417109736,127.38568878173828,127.85748762907805,511000,126.25337524414063,122.85642509460449,125.93884315490723,53.8850211715725,-0.5371879751132269,-1.5082118157566236,0.9710238406433966,133.96821111601957,122.85642509460449,111.7446390731894,930950.0,0.5489016595950373,5.493883061903053,1.1235902657223962,1.398656718686797,2.0742481463743134,6.546906724631696,6.524903499203916
2024-08-19,129.27288818359375,130.21648590756158,127.38569273565807,128.32929045962592,731000,126.81953430175781,122.71488533020019,126.15115254720052,56.11189458082537,-0.0702742120461437,-1.2206242950145278,1.1503500829683841,133.39442343142784,122.71488533020019,112.03534722897254,900250.0,0.8119966675923355,5.138804937092419,1.4814846313615293,-0.9462871123850913,0.2698102405719105,-4.588195024715347,-3.796475448736092
2024-08-20,131.1600799560547,133.04727535110584,128.80108571224076,130.2164822585291,2100000,127.85749053955078,122.83283500671386,126.3949151357015,58.28142578515179,0.4468874726277363,-0.8871219414860751,1.3340094141138115,133.8424075184481,122.83283500671386,111.82326249497962,971250.0,2.1621621621621623,5.01978956399544,1.4598511714078333,-0.7001673407422859,0.08687670993854368,0.5097658636851854,1.3425588064488014
2024-08-21,129.74468994140625,133.9908797940341,129.74468994140625,131.16008655894888,865000,128.70672912597655,123.09232444763184,126.63081448872884,56.0437803780855,0.7340697888233194,-0.5628835954241963,1.2969533842475158,134.5098759803715,123.09232444763184,111.67477291489217,974450.0,0.8876802298732619,4.916642935813095,-1.0791317107481713,-0.0485705808362491,-0.8525040581436327,-0.9974608710138333,-0.9333701081062906
2024-08-22,131.1600799560547,131.1600799560547,129.27288456100354,130.2164822585291,687000,129.74468536376952,123.49335327148438,126.80380732218424,57.78908233551493,1.0636133164832984,-0.2375842130426974,1.3011975295259957,135.46773175217663,123.49335327148438,111.51897479079213,985900.0,0.6968252358251344,4.512716597044836,1.0909040017650362,-0.6270599155635659,-0.40049008413989284,-0.3756934793170852,0.010135611798389732
2024-08-23,131.6318817138672,132.57547943224617,126.44209426278282,129.27288741791975,1021000,130.59392395019532,123.87079238891602,126.92962036132812,58.382276233650835,1.3473183479913047,0.07939629916410304,1.2679220488272016,136.38706309631831,123.87079238891602,111.35452168151372,998250.0,1.0227898822940145,4.728805740033971,0.3597144481541692,1.0727248962346891,0.041630655400193284,0.017143358170113032,1.1750423825896528
2024-08-26,132.1036834716797,134.93447668892998,131.16008573259626,131.63188460213797,504000,131.1600830078125,124.46054077148438,127.0475700378418,59.00273292374336,1.5918769220411235,0.38189242373950716,1.2099844983016164,137.37529730080183,124.46054077148438,111.54578424216692,996700.0,0.5056687067322163,4.601550435540604,0.3584251411356876,-0.8756060974664415,0.3703771608125628,-2.6563725289228235,-3.5542730349078178
2024-08-27,133.99087524414062,134.93447295712753,132.1036798181668,132.1036798181668,582000,131.7262420654297,125.05028915405273,127.24415283203125,61.47672076208424,1.9158868075238615,0.6886913004963781,1.2271955070274836,138.59164565639375,125.05028915405273,111.50893265171172,1007200.0,0.5778395552025417,4.365449462663287,1.4285686234218442,0.17163104694757347,-0.24783653485163093,0.8098498154055722,-0.4256174048878347
2024-08-28,131.1600799560547,135.40626959491976,131.1600799560547,135.40626959491976,472000,132.0093200683594,125.47490768432617,127.3856923421224,56.01620747565777,1.9220888109747136,0.9353708025920452,0.9867180083826684,139.2325576889477,125.47490768432617,111.71725767970463,1010600.0,0.4670492776568375,4.349548152823526,-2.1126776602720443,-0.35839014234928523,0.8368724645030357,0.4191475608481321,-1.0946610981550253
2024-08-29,131.6318817138672,132.10368057305666,130.21648513629873,130.6882839954882,138000,132.1036804199219,125.71080703735352,127.50364201863607,56.70641876808883,1.9426803919543119,1.1368327204644986,0.8058476714898133,139.73162697316576,125.71080703735352,111.68998710154128,998950.0,0.13814505230492016,4.021234457348114,0.3597144481541692,0.9086610177773791,-0.7546069078691819,1.2869640342281663,0.2319025066735536
2024-08-30,132.1036834716797,133.51908008030483,131.63188460213797,132.1036834716797,165000,132.1980407714844,126.30055541992188,127.64518165588379,57.42590012418429,1.9743111965705964,1.3043284156857182,0.6699827808848782,140.35684322017414,126.30055541992188,112.24426761966961,988200.0,0.16697024893746204,3.7366963118933847,0.3584251411356876,-0.39083263225860865,0.29835457649001196,4.155212313371526,3.5545283251600557
2024-09-02,133.99087524414062,136.82166838310133,131.63188096167335,132.57547867466025,690000,132.57547912597656,127.52723236083985,127.86535441080729,60.2700667206905,2.127139105721909,1.4688905536929564,0.6582485520289527,139.5259480245951,127.52723236083985,115.52851669708461,935250.0,0.7377706495589414,3.9304417931646642,1.4285686234218442,0.4331737370221411,-0.14815026617228666,2.3079412528011156,2.721636446894493
2024-09-03,134.46267700195312,136.82167133532073,133.04728040193257,134.93447586862663,408000,132.66983947753906,128.7303195953369,128.08552716573078,60.97202893410212,2.2602717775523047,1.6271667984648261,0.6331049790874785,138.0174975660614,128.7303195953369,119.44314162461242,840700.0,0.4853098608302605,3.909635011861131,0.352114841367257,-0.203152061097156,-0.642626632600074,-0.6445397829794919,-2.3727121647090343
2024-09-04,126.44209289550781,130.21648372820954,125.49849518733238,128.32928831185868,676000,131.7262420654297,129.08416862487792,128.09339040120443,46.07000427726039,1.6990012438277518,1.6415336875374114,0.057467556290340394,137.35230843671502,129.08416862487792,120.81602881304082,747900.0,0.9038641529616259,4.583574585562413,-5.964914789201181,0.15659122730726782,-4.5240421627673495,-4.508590235860444,-6.45063491087825
2024-09-05,129.27288818359375,132.57548021748119,128.32929045962592,128.80108932160982,1322000,131.254443359375,129.65032691955565,128.23493003845215,50.65409205343616,1.4657159626791554,1.6063701425657602,-0.14065417988660478,136.04718735588966,129.65032691955565,123.25346648322163,697900.0,1.8942541911448632,4.790216283750541,2.2388076812563718,-0.08130132213054475,0.4502065283094936,-1.6983710861986911,-0.3896927644905679
2024-09-06,126.44209289550781,130.21648372820954,126.44209289550781,129.74468487412182,303000,130.12212524414062,129.79186630249023,128.30569979349772,46.406112560367205,1.040420850904269,1.493180284233462,-0.4527594333291931,135.73530985651152,129.79186630249023,123.84842274846895,668700.0,0.4531179901301032,4.654772890277366,-2.1897826588863967,0.16272898106874933,1.1680285631374687,-2.1769134126565337,-0.6520334260308847
2024-09-09,124.55490112304688,125.97029772671787,122.66770565148556,122.66770565148556,260000,128.23493041992188,129.6975067138672,128.32928975423178,43.77072855660403,0.5448105695064953,1.3035063412880687,-0.7586957717815734,135.91832446096697,129.6975067138672,123.47668896676741,653350.0,0.39794903191245123,4.537388137443351,-1.4925344315682265,0.05905528468521659,-1.3564144167506398,-1.571892359339766,-0.0875023861931834
2024-09-10,119.8369140625,126.91389717642716,118.89331631397637,125.97029942790354,504000,125.30977783203124,129.3908374786377,128.13270696004233,37.96591840208368,-0.22606039162661773,0.9975929947051314,-1.2236533863317491,136.86396846220603,129.3908374786377,121.91770649506937,637200.0,0.7909604519774012,5.001813834111009,-3.787877488567082,0.2563547314850423,-0.3800496824621358,-3.0863042946564834,-2.145834661597845
2024-09-11,119.3651123046875,120.78050889328063,117.94971571609436,120.30871003041625,147000,123.89438171386719,129.08416824340821,127.90467096964518,37.43132094159137,-0.8650795425207889,0.6250584872599474,-1.4901380297807363,137.65290508271187,129.08416824340821,120.51543140410458,624550.0,0.2353694660155312,4.71234441318771,-0.39370319363066786,0.1557220455938646,-0.15704496945657676,-2.018142113188559,-2.573275842574674
2024-09-12,122.66770935058594,122.66770935058594,120.78051382211538,120.78051382211538,120000,122.57334594726562,128.919038772583,127.81817461649577,43.43555018596675,-1.0924220810981495,0.28156237358832803,-1.3739844546864775,137.85965984032967,128.919038772583,119.97841770483635,610300.0,0.19662461084712438,4.52437809754914,2.7668026127000367,-0.1585997292772645,2.9587275926014067,5.328792919000325,4.788699601139346
2024-09-13,122.66770935058594,124.08310599693885,122.1959104684683,123.61130711482122,120000,121.81846923828125,128.6831398010254,127.79458478291829,43.43555018596675,-1.258090200141993,-0.02636814115773617,-1.2317220589842568,138.0336797794458,128.6831398010254,119.33259982260498,590750.0,0.20313161235717309,4.172753755005329,0.0,-0.5730778859112329,0.4913830054379842,-2.1707939093109974,-1.7095964089926863
2024-09-16,123.6113052368164,124.08310411176608,122.19590861196735,123.13950636186672,112000,121.62975006103515,128.40006065368652,127.75526822408041,45.178757234001274,-1.298277342939798,-0.28074998151414854,-1.0175273614256495,138.01450008598104,128.40006065368652,118.785621221392,559800.0,0.2000714540907467,3.8680126543111144,0.7692292382615928,0.04698615258813543,0.41558428502583844,-2.1707939093109974,-1.7095964089926863
2024-09-18,120.3087158203125,124.55490579044118,120.3087158203125,123.61130801930148,214000,121.72411041259765,127.85749244689941,127.59800198872884,40.47693452160273,-1.5784222391214229,-0.5402844330356035,-1.0381378060858193,138.0249577530381,127.85749244689941,117.69002714076073,465500.0,0.4597207303974221,3.918436296420124,-2.6717535343363297,0.24009018886061995,-0.7837052942722855,0.3795128173826212,1.1862720492998857
2024-09-19,123.6113052368164,124.08310411176608,121.72410973701768,122.66770748691704,168000,122.57334899902344,127.55082321166992,127.41714579264323,46.47577160903333,-1.516466836931528,-0.7355209138147885,-0.7809459231167395,137.84778328542967,127.55082321166992,117.25386313791017,430650.0,0.3901079763148729,3.8992298957579177,2.745095726428093,-0.5025171841719578,1.6783629197754113,0.7750429865840402,3.2849670457804736
2024-09-20,122.19590759277344,125.49849968987542,122.19590759277344,125.02670081886085,162000,122.47898864746094,127.10261459350586,127.21269963582357,44.410050842206786,-1.5635538200747305,-0.9011274950667769,-0.6624263250079536,137.51779233253092,127.10261459350586,116.6874368544808,404400.0,0.40059347181008903,3.819678189270459,-1.1450389924540727,-0.03461304571514834,0.5295654552418982,3.132621316657991,1.1463358296689874
2024-09-23,122.19590759277344,125.02670081886085,121.72410872175887,121.72410872175887,129000,122.38462829589844,126.63081588745118,127.03184356689454,44.410050842206786,-1.5826270539325265,-1.0374274068399267,-0.5451996470925997,137.0369910521897,126.63081588745118,116.22464072271265,359800.0,0.358532518065592,3.7507333769813282,0.0,0.6956707184216482,0.5691005244930158,3.132621316657991,1.1463358296689874
2024-09-24,123.1395034790039,124.08310120681237,122.19590575119545,122.19590575119545,174000,122.29026794433594,126.18260688781739,126.82739753723145,46.25695440044151,-1.5042622285214264,-1.1307943711762267,-0.3734678573451997,136.36607588623392,126.18260688781739,115.99913788940086,343300.0,0.5068453247888145,3.5022616541327407,0.7721992534930555,-0.17505941198043828,0.6562554474329074,2.000727641681843,4.2111090314436606
2024-09-25,125.02670288085938,125.49850175965507,123.61130624447229,123.61130624447229,250000,123.2338653564453,125.73439826965333,126.70158475240072,49.845930401012666,-1.27517687480605,-1.1596708719021915,-0.11550600290385837,135.23718106472683,125.73439826965333,116.23161547457984,326700.0,0.7652280379553107,3.3498265376685303,1.5325702544977782,-0.7296520762731573,1.4703261303304016,-0.10698721444701853,0.7889896752783399
2024-09-26,122.19590759277344,126.44209743190456,122.19590759277344,125.49849968987542,262000,122.95078582763672,125.28618965148925,126.59149843851725,44.99234912746678,-1.3069805451634977,-1.1891328065544529,-0.11784773860904485,134.55417369662717,125.28618965148925,116.01820560635133,316200.0,0.8285895003162556,3.469341644530209,-2.264152555301302,0.5141959081656822,0.4270830660774827,4.0164174302636635,1.4810164853980012
2024-09-27,123.1395034790039,124.08310120681237,122.19590575119545,122.66770461509968,120000,123.1395050048828,124.8615707397461,126.44995880126953,46.850140652239716,-1.2417309792181612,-1.1996524410871947,-0.042078538130966514,133.6723080720295,124.8615707397461,116.05083340746272,315300.0,0.38058991436726924,3.2583888193417705,0.7721992534930555,-1.264795450138878,-0.1575824966969841,3.169941822499056,3.4600374718658067
2024-09-30,122.19590759277344,122.66770646378801,121.2523098507443,121.72410872175887,160000,123.1395050048828,124.36618194580078,126.2376495361328,45.20594273905466,-1.251731350336712,-1.2100682229370983,-0.04166312739961375,132.55458903535958,124.36618194580078,116.17777485624197,315050.0,0.5078558958895414,3.075562793864149,-0.7662820293825146,0.36554889324060813,-2.6212834827579523,-5.75890755647972,-7.485402937969776
2024-10-01,122.66770935058594,122.66770935058594,120.30871493999774,122.66770935058594,123000,123.04514617919922,123.80002365112304,126.11969985961915,46.22220175204063,-1.207665046739848,-1.2095875876976483,0.0019225409578003116,130.6414906288151,123.80002365112304,116.95855667343098,286700.0,0.4290198814091385,2.980020342760689,0.38610274853461135,0.015832654460190554,0.7462542284165874,3.0643196006294726,6.829399729879615
2024-10-04,119.8369140625,123.13950618233267,119.8369140625,122.66770730807086,156000,122.00718841552734,123.0687355041504,125.9309804280599,41.275691620699,-1.3851960279088331,-1.2447092757398854,-0.14048675216894768,127.96008874465139,123.0687355041504,118.1773822636494,274100.0,0.5691353520612915,3.023029913036953,-2.3076939343470437,0.6475584055064321,-0.3915951667323836,-1.0086757878815633,-0.9136064725488557
2024-10-07,121.72410583496094,122.19590469478638,120.30870925548466,120.78050811531008,133000,121.91282806396484,122.83283615112305,125.80516738891602,45.46565860153514,-1.3579563301337032,-1.267358686618649,-0.09059764351505417,127.48858228383448,122.83283615112305,118.17709001841162,246950.0,0.5385705608422757,2.93449134227021,1.5748000415603869,1.005679869258036,1.792829627283954,1.9306458466707976,3.398321380698466
2024-10-08,124.08309936523438,124.5548982221364,121.72410508072421,123.13950165143031,343000,122.10154724121094,122.57334671020507,125.75012423197428,50.24456592114956,-1.1329575806853995,-1.2404784654319991,0.1075208847465996,126.17752731707333,122.57334671020507,118.96916610333682,198000.0,1.7323232323232323,2.92066491548914,1.937983864487669,-0.6747083567230305,-0.4015843133057917,-2.051909629379778,-2.1401256335448426
2024-10-09,122.19590759277344,125.97029856088999,121.72410872175887,125.97029856088999,271000,122.10154724121094,122.36103744506836,125.63217455546061,46.71751116799056,-1.0943105242975975,-1.211244877205119,0.11693435290752152,125.47219964228869,122.36103744506836,119.24987524784804,196400.0,1.379837067209776,3.0974015719747374,-1.5209096018032664,0.1500498127376071,0.2109089790889307,2.757378816173328,-0.2863911321917767
2024-10-11,123.1395034790039,123.1395034790039,120.30871029557854,123.1395034790039,189000,122.19590606689454,122.2902675628662,125.50636164347331,48.65816975033809,-0.9762881100004819,-1.1642535237641916,0.18796541376370968,125.25211700417321,122.2902675628662,119.3284181215592,192850.0,0.9800362976406534,3.061853786834822,0.7721992534930555,-0.09929871833751491,1.070478351454196,-1.0234201509584762,-0.6319109899102338
2024-10-14,123.6113052368164,123.6113052368164,121.72410973701768,123.6113052368164,123000,122.9507843017578,122.47898712158204,125.39627520243327,49.645720047210105,-0.8350580086031698,-1.0984144207319873,0.26335641212881744,125.25798801126234,122.47898712158204,119.69998623190173,173800.0,0.7077100115074798,2.9052326818966754,0.3831441125576207,-0.20343946585824613,0.3215858580000841,-1.0234201509584762,-0.6319109899102338
2024-10-15,125.02670288085938,125.02670288085938,123.1395073656766,123.61130624447229,205000,123.6113037109375,122.76206665039062,125.23114585876465,52.591802631161904,-0.6019820999083549,-0.9991279565672608,0.3971458566589059,125.35255439394611,122.76206665039062,120.17157890683514,176700.0,1.1601584606677986,2.76949439300149,1.1450389924540616,0.06846983628858716,1.3786551243744505,0.508238887300605,0.1324797741563799
2024-10-16,122.19590759277344,124.0831030768317,122.19590759277344,123.13950533480258,186000,123.2338653564453,122.7384765625,124.97165641784667,46.70611812033893,-0.638331002403234,-0.9269685657344555,0.2886375633312215,125.34114644648412,122.7384765625,120.13580667851588,180000.0,1.0333333333333334,2.7776678456794164,-2.264152555301302,0.05909743352694452,-1.2066723441250926,-2.1447183716248652,-1.9317253044048743
2024-10-17,123.1395034790039,125.02669893462082,122.66770461509968,123.61130234290813,240000,123.4225845336914,122.7620662689209,124.7672103881836,48.7644371616325,-0.5842624535770824,-0.858427343302981,0.2741648897258986,125.37058127692785,122.7620662689209,120.15355126091396,186000.0,1.2903225806451613,2.7847509785018127,0.7721992534930555,-0.11191169434519033,0.1862561878152258,0.017809110950661733,-1.5110596237851937
2024-10-18,120.78050994873047,124.08310201764107,120.78050994873047,123.13950428366661,303000,122.95078582763672,122.6205265045166,124.57849082946777,44.17138145303439,-0.7234246134236884,-0.8314267973271224,0.10800218390343408,125.33986673508649,122.6205265045166,119.90118627394672,195550.0,1.5494758373817439,2.8537964572229844,-1.915708171322672,-0.20848772856875142,1.8800759024857339,-0.8195224252875999,-0.1917795097714392
2024-10-21,121.72410583496094,121.72410583496094,120.78050811531008,121.25230697513551,101000,122.57334594726562,122.69129600524903,124.46054115295411,46.34822185576059,-0.7489380341919798,-0.814929044700094,0.06599101050811418,125.22462286130249,122.69129600524903,120.15796914919557,189900.0,0.5318588730911006,2.5991032922133672,0.7812484701637867,-0.08108075314693375,0.23527539270360442,1.6346351120187341,-1.2627036443613626
2024-10-22,121.72410583496094,122.19590469478638,121.25230697513551,121.25230697513551,77000,121.91282653808594,122.59693603515625,124.41336123148601,46.34822185576059,-0.7603922751449943,-0.804021690789074,0.04362941564407974,125.12656060968662,122.59693603515625,120.06731146062587,185350.0,0.41543026706231456,2.3783692158717007,0.0,0.028084610514422792,-0.030156527726787896,-0.5302237709548852,0.16680553763983585
2024-10-23,121.25231170654297,122.66770834124969,121.25231170654297,122.19590946301412,226000,121.72410736083984,122.54975624084473,124.38190803527831,45.323446910864305,-0.7983369553649453,-0.8028847437042483,0.004547788339303027,125.14521480217415,122.54975624084473,119.9542976795153,188550.0,1.1986210554229648,2.2499728717163703,-0.38759301223181275,-0.11543711676430535,-0.852629098085167,-0.7285009475968884,0.27754858718704867
2024-10-24,120.3087158203125,122.19591136259191,120.3087158203125,121.25231359145221,146000,121.15794982910157,122.45539665222168,124.31900164286296,43.263141224116254,-0.8942404426968125,-0.8211558835027613,-0.07308455919405121,125.23566180782377,122.45539665222168,119.67513149661958,189400.0,0.7708553326293559,2.2016025611247763,-0.7782085742943812,-0.03123109124840706,-0.6095637401184573,-0.39377025633786644,1.4669180033243912
2024-10-25,121.25231170654297,121.25231170654297,119.83691507183624,120.7805128283074,155000,121.25231018066407,122.36103706359863,124.3347282409668,45.91104386955122,-0.8839151219874708,-0.8337077311997032,-0.05020739078776759,125.1714777366746,122.36103706359863,119.55059639052266,188450.0,0.8224993366940833,2.096775104269036,0.7843121587631119,-0.06311938616798685,0.6723275032274767,-0.9703487581335435,0.190949365408577
2024-10-28,118.89331817626953,121.25231258452885,118.42151929461767,121.25231258452885,264000,120.68615264892578,122.05436782836914,124.27968508402506,40.78625528921296,-1.0539341965305908,-0.8777530242658808,-0.17618117226471008,124.97639377752014,122.05436782836914,119.13234187921813,189150.0,1.3957176843774781,2.194644195687989,-1.9455245818180478,0.25012638112038577,-0.6440637870254728,0.7802656493707261,1.1979344309869466
2024-10-29,116.5343246459961,118.8933190720284,116.06252576078963,118.42152018682194,189000,119.64819641113282,121.77128868103027,124.17746200561524,36.40944674729273,-1.363311198128585,-0.9748646590384217,-0.38844653909016336,125.5937923103804,121.77128868103027,117.94878505168015,185500.0,1.0188679245283019,2.279464077761428,-1.9841262456616993,-0.15593671303683054,-1.170271773009135,0.25206743782251184,0.6187724400655181
2024-10-30,116.0625228881836,117.94971838230039,116.0625228881836,117.00612063524198,240000,118.61023864746093,121.41743965148926,123.99660580952963,35.58691708091804,-1.627800884355608,-1.1054519041018591,-0.5223489802537489,125.9507920513879,121.41743965148926,116.88408725159063,191500.0,1.2532637075718016,2.2271615999421437,-0.40486076462512566,-0.033745516386241015,-0.4630438149480831,-1.1135061342367525,0.8288819451965468
2024-11-01,117.47792053222656,117.47792053222656,113.23173063347139,116.53432277694763,194000,118.04407958984375,121.18154029846191,123.94942588806153,39.968398906716736,-1.703562497295195,-1.2250740227405263,-0.4784884745546687,126.02475426774376,121.18154029846191,116.33832632918006,193200.0,1.0041407867494825,2.4963653731172144,1.2195130769357743,-0.008469656393517155,-0.17681353912938347,-2.899888706551057,0.2985083566209523
2024-11-04,117.94972229003906,117.94972229003906,116.06252673339844,117.47792340087891,110000,117.38356170654296,120.94564094543458,124.09096565246583,41.39931893345388,-1.7058694612566114,-1.3212331104437434,-0.38463635081286807,125.94126864354426,120.94564094543458,115.95001324732489,192550.0,0.5712801869644248,2.4151427309203353,0.40160887737459294,0.18830568818823945,0.8134762750590552,-2.899888706551057,0.2985083566209523
2024-11-05,118.89331817626953,118.89331817626953,116.53432376801022,116.53432376801022,95000,117.38356170654296,120.89846115112304,124.23250541687011,44.260903142508184,-1.6129641975241782,-1.3795793278598303,-0.2333848696643479,125.95562160368698,120.89846115112304,115.84130069855911,189500.0,0.5013192612137203,2.407656287898865,0.7999983958505208,-0.03382976410999383,0.6157022965944003,6.581708534230013,6.0606056493433424
2024-11-06,117.94972229003906,118.89332006835939,117.00612451171875,118.89332006835939,115000,117.66664123535156,120.70974197387696,124.20891558329264,42.049589666098534,-1.5970664211650245,-1.4230767465208691,-0.17398967464415538,125.91665467515253,120.70974197387696,115.50282927260139,188600.0,0.6097560975609756,2.338261523731101,-0.7936492148629459,-0.2810876692411757,0.47861170401419795,-1.517042985209549,5.892861964262153
2024-11-07,120.3087158203125,120.3087158203125,113.23173253676471,116.06252585018382,551000,118.51587982177735,120.52102279663086,124.24823214213053,48.92032976059972,-1.378228891161939,-1.414107175449083,0.035878284287144124,125.48087631213878,120.52102279663086,115.56116928112294,199000.0,2.7688442211055277,2.9700910917066596,1.9999992237986541,1.6098729025626257,0.8245523226092066,0.6524152487077162,-1.469523150712937
2024-11-08,116.0625228881836,121.2523104970048,116.0625228881836,120.7805116234756,221000,118.23280029296875,120.21435356140137,124.12241910298665,39.77815879330146,-1.5297963150483156,-1.4372450033689295,-0.09255131167938613,125.48677954269823,120.21435356140137,114.9419275801045,196500.0,1.1246819338422391,3.2660506273219325,-3.529414226705585,-0.9296486058043341,0.6197250034959412,-2.7007705384617386,-0.07335263485093169
2024-11-11,113.23173522949219,116.06252861022949,112.28813743591309,116.06252861022949,305000,117.28920288085938,119.71896514892578,123.90224647521973,35.07251426059577,-1.8569299639141548,-1.5211819954779746,-0.33574796843618016,125.65431904434851,119.71896514892578,113.78361125350304,202300.0,1.5076618882847257,3.333829366921196,-2.4390195803503545,0.627458984621776,-0.1029553901989333,-0.38859158412376527,-0.7585070390935811
2024-11-12,111.34452819824219,113.23172359143274,109.92913165334929,113.23172359143274,316000,115.77944488525391,119.10562629699707,123.6584836324056,32.32692381087668,-2.242616090573563,-1.6654688144970924,-0.5771472760764704,125.83016446997212,119.10562629699707,112.38108812402203,211950.0,1.4909176692616184,3.3296659281507566,-1.6666767734549892,0.4336932611868294,-2.3284295008224376,-1.7276711600911487,2.1203118162355095
2024-11-13,113.70352935791016,113.70352935791016,110.8727360958875,111.34453497289128,204000,114.93020629882812,118.5394676208496,123.46190083821615,38.7785037975884,-2.3310525236172595,-1.798585556321126,-0.5324669672961335,125.06883456501379,118.5394676208496,112.01010067668543,211900.0,0.9627182633317602,3.2631495726670092,2.118650281105783,0.1235439255507842,-0.5288498883201043,-1.7769279992892684,-2.6557178182045393
2024-11-14,111.81632995605469,114.17532425892503,110.87273223490654,114.17532425892503,223000,113.23172912597656,118.02048873901367,123.22600135803222,35.83520483093787,-2.5243214473907756,-1.9437327345350561,-0.5805887128557194,124.96309935796832,118.02048873901367,111.07787812005903,213750.0,1.0432748538011696,3.2684085661805407,-1.6597544618998095,-0.020971256315938103,-0.6336314481737659,0.5581140134859996,-1.7609123111836489
2024-11-15,111.81632995605469,113.2317265377769,111.34453109548062,111.81632995605469,60000,112.38249053955079,117.4543300628662,122.96651204427083,35.83520483093787,-2.646975772884076,-2.0843813422048605,-0.5625944306792157,124.48547598796104,117.4543300628662,110.42318413777137,204750.0,0.29304029304029305,3.0842468163293053,0.0,0.3986669276656585,0.12057324525860391,0.8229653195100939,0.4039401817746757
2024-11-18,109.45733642578125,110.87273301749394,108.98553756187702,110.87273301749394,151000,111.62761077880859,116.88817138671875,122.6362528483073,32.2830181170972,-2.901089320652673,-2.247722937894423,-0.6533663827582501,124.58374131550252,116.88817138671875,109.19260145793498,197150.0,0.7659142784681714,3.0504528933757533,-2.109703950398434,-0.23173876056459264,-0.8628257366824488,-0.9870824486651553,-1.7601213346177258
2024-11-19,110.87273406982422,111.81633180658868,109.92913633305976,110.400935201442,332000,111.533251953125,116.34560279846191,122.29813041687012,36.35923856692258,-2.954211070853688,-2.389020564486276,-0.5651905063674123,124.13513888597042,116.34560279846191,108.5560667109534,208700.0,1.5908001916626737,2.9582585583666434,1.293104409682666,-0.06007286302424086,1.3406124900682936,-1.1503090393315651,-2.1499854312588162
2024-11-20,110.87273406982422,112.75992954335314,110.400935201442,111.81633180658868,234379,110.96709289550782,115.80303421020508,121.98359781901041,36.35923856692258,-2.9621644526823587,-2.5036493421254926,-0.4585151105568661,123.52656664346725,115.80303421020508,108.07950177694292,216568.95,1.0822373198004607,2.878356662839243,0.0,-0.36001887929690835,-0.7021874267539641,-0.6594331081660632,0.36620205628161706
2024-11-21,112.75992584228516,114.17532240097493,110.40093157780221,110.40093157780221,260000,111.1558120727539,115.37841491699218,121.67692858378092,41.778617474967774,-2.784093662264283,-2.559738206153251,-0.2243554561110317,122.76704601803681,115.37841491699218,107.98978381594756,218268.95,1.1911909595936572,2.997827884217041,1.7021243214516923,0.45165552347810056,-0.5848779832719808,0.35142792700151304,-1.902525372789754
2024-11-22,114.17533111572266,115.11892889353855,112.75993444899882,113.23173333790676,254000,111.6276123046875,115.07174568176269,121.38598607381185,45.52539331440703,-2.499942124742091,-2.5477789898710195,0.04783686512892826,122.09906086255857,115.07174568176269,108.04443050096681,223668.95,1.1356068868745528,2.9126512398218884,1.2552378541089038,0.10408579018676978,1.5457767754733176,-0.31128861222278204,-0.345375856193364
2024-11-25,113.70352935791016,114.64712711191771,113.23173048090638,114.17532823491393,113000,112.47685089111329,114.69430656433106,121.07931683858236,44.4974393968281,-2.2864635147739705,-2.49551589485161,0.20905238007763938,121.10799943872505,114.69430656433106,108.28061368993707,221568.95,0.5099992575674525,2.713017291980481,-0.4132256532142664,0.194435698150075,0.19231667879251457,0.05855502149658687,1.1996690263859522
2024-11-26,113.23173522949219,116.06252861022949,113.23173522949219,114.17533302307129,846000,112.94865112304687,114.41122741699219,120.73333117167155,43.44111202408539,-2.1307876281510687,-2.422570241511502,0.2917826133604331,120.53792752789822,114.41122741699219,108.28452730608616,250668.95,3.37496925726142,2.7287207704813907,-0.4149335830490153,-0.7261611146034852,-1.1748520051593436,-1.4823553039917114,-2.6080031735091325
2024-11-27,109.92913818359375,113.70352919418924,109.45733930726931,113.2317303178648,461000,112.75993194580079,114.08096809387207,120.37948214213053,36.84703777497214,-2.247991895818487,-2.387654572372899,0.139662676554412,120.4337265552323,114.08096809387207,107.72820963251185,264268.95,1.744434978078204,2.9310499860065304,-2.9166708778284645,0.22577646053867362,-1.5167516755981714,-0.6731214740465785,1.271301165009464
2024-11-28,109.92913818359375,112.28813256521593,108.98554043094487,111.34453481256706,415000,112.1937744140625,113.77429885864258,120.01776974995931,36.84703777497214,-2.3142004599930175,-2.3729637498969227,0.058763289903905225,120.31371018140217,113.77429885864258,107.23488753588299,273018.95,1.5200410081424751,2.9805889391084683,0.0,0.030242115860379393,-0.16064141835966383,-0.7574383168564514,2.4305591840923624
2024-11-29,111.81632995605469,111.81632995605469,108.5137379320362,109.45733565318433,198000,111.7219741821289,113.49121932983398,119.67964719136556,42.619330214277966,-2.1891553992497705,-2.3362020797674923,0.14704668051772174,119.84305578966317,113.49121932983398,107.1393828700048,273218.95,0.7246935104611155,3.023522683763139,1.7167348017493866,0.24526484448965657,-0.1632385004971093,0.8234693838280016,0.5997398304352641
2024-12-02,111.34452819824219,114.17532128802802,111.34452819824219,112.7599247431351,197000,111.25017395019532,113.16095962524415,119.30220807393393,41.59572727377364,-2.103874589897501,-2.289736581793494,0.18586199189599295,119.21668819069976,113.16095962524415,107.10523105978854,277568.95,0.7097335634983668,2.9978254045661643,-0.42194351933919627,-0.170188817196526,2.131071027512643,-0.6175401616571596,4.173144264827666
2024-12-03,114.17533111572266,115.11892889353855,111.81633667118294,111.81633667118294,329000,111.4388931274414,112.9250602722168,118.96408564249674,49.44178345455368,-1.7872643260202494,-2.189242130638845,0.4019778046185958,118.37815837852324,112.9250602722168,107.47196216591036,289268.95,1.1373498607437817,3.1013687766635245,2.542381707739061,0.4701136177487131,1.2777945571064597,2.3451673368766857,1.8661374415923193
2024-12-04,116.0625228881836,117.94971838230039,113.70352852053757,113.70352852053757,537000,112.66557006835937,112.83070030212403,118.79109280904134,53.889132065536884,-1.3682949542275793,-2.0250526953565924,0.6567577411290131,117.97423364102617,112.83070030212403,107.68716696322188,310368.95,1.7301988488217006,3.254011588010097,1.65288924850866,-0.39120209053116195,0.9895539123634611,-1.135912937471506,-0.8060539073974082
2024-12-05,115.59072875976562,118.89332101004464,115.59072875976562,118.89332101004464,270000,113.79788818359376,112.59480094909668,118.5630568186442,52.6424191821823,-1.0620854913666307,-1.8324592545586003,0.7703737631919696,116.60136827212862,112.59480094909668,108.58823362606473,296318.95,0.9111803345685451,3.260489009645953,-0.40649997663113613,-0.4651336042930887,0.054221440666024634,0.0,1.8714544768006824
2024-12-06,113.70352935791016,116.53432261993282,113.70352935791016,116.06252374292905,137000,114.17532806396484,112.476851272583,118.3507474263509,47.87159813514862,-0.9606200754114411,-1.6580914187291687,0.6974713433177275,116.1810651988633,112.476851272583,108.77263734630272,292118.95,0.4689870342201353,3.2031962432961816,-1.6326563748704004,0.03032821885522452,-0.3209133409747267,-0.5348793372351057,-1.9821130406072807
2024-12-09,113.70352935791016,117.94971925094414,113.70352935791016,116.06252374292905,186000,114.64712829589844,112.50044097900391,118.16989123026529,47.87159813514862,-0.8701771418236319,-1.5005085633480615,0.6303314215244296,116.23081315479138,112.50044097900391,108.77006880321645,286168.95,0.6499656933430409,3.3422620632612223,0.0,0.20171769247800952,0.3448434410777468,-0.21906928145114524,-0.9124519868723202
2024-12-10,112.75992584228516,114.64712125387152,112.75992584228516,114.64712125387152,65000,114.36404724121094,112.57121086120605,118.05194142659505,45.481408702697294,-0.8646739598679432,-1.373341642652038,0.5086676827840948,116.26275152431194,112.57121086120605,108.87967019810017,273618.95,0.23755664583904001,3.1482531763712407,-0.829880585900522,-0.05310753893845721,-0.6366533332259117,0.9580676437808577,0.1742210845651071
2024-12-11,115.11892700195312,117.0061225265753,112.75993259617539,112.75993259617539,286000,114.17532806396484,112.6419807434082,117.98117167154948,51.94162114702838,-0.6623260870816523,-1.231138531537961,0.5688124444563087,116.47642406542307,112.6419807434082,108.80753742139332,277718.95,1.0298180948761329,3.2946456440937606,2.0920563241301204,0.472647811741278,-0.957614927178041,-0.5931111296767155,-0.39752348526578274
2024-12-12,115.11892700195312,117.0061225265753,114.17532923964202,115.59072588310866,378000,114.08096771240234,112.80711059570312,117.8553586324056,51.94162114702838,-0.4962435532794842,-1.0841595358862657,0.5879159826067815,116.7740063788716,112.80711059570312,108.84021481253464,285468.95,1.324137003341344,3.232798663139029,0.0,-0.1168319802240636,0.6250970544977807,0.5966499267977543,2.070341111587415
2024-12-13,112.28813171386719,116.06252269584591,110.87273509562516,115.11892495035123,418000,113.79788818359376,112.83070068359375,117.68236567179362,44.58845651250792,-0.5862851403384468,-0.9845846567767019,0.3982995164382551,116.7783531023818,112.83070068359375,108.8830482648057,303368.95,1.3778601930092054,3.4937305214165923,-2.4590181317776794,-0.06095614844506825,-0.11420375760532453,-1.423478674737788,-1.026392144058852
2024-12-16,109.45733642578125,113.70352620091931,108.98553756187702,113.23172733701509,474000,112.94864959716797,112.83070068359375,117.4464661916097,38.68995497202665,-0.8759676587038854,-0.9628612571621387,0.08689359845825328,116.7783531023818,112.83070068359375,108.8830482648057,319518.95,1.4834800878007393,3.656964937100019,-2.521010230448373,0.09948574552680611,0.08435932473851437,-0.9225790870207029,0.12345772285153878
2024-12-17,110.87273406982422,113.23172841173538,110.400935201442,110.87273406982422,314000,112.57121124267579,112.83070068359375,117.28919982910156,42.76678047228648,-0.9800351455485412,-0.9662960348394192,-0.013739110709122038,116.7783531023818,112.83070068359375,108.8830482648057,318618.95,0.985503216302734,3.6726218769472334,1.293104409682666,-0.2501633362811728,-0.0950118039959369,-0.3441333195324803,1.2083826953210197
2024-12-18,110.87273406982422,111.81633180658868,109.92913633305976,110.87273406982422,167000,111.72197265625,112.83070068359375,117.07689030965169,42.766780472286484,-1.0504010096513525,-0.9831170298018059,-0.0672839798495466,116.7783531023818,112.83070068359375,108.8830482648057,315250.0,0.5297383029341792,3.434565023158125,0.0,0.03948023999278405,0.6545316375484278,0.24375226690018792,0.14620482548035607
2024-12-19,109.92913818359375,111.34453481256706,109.45733930726931,109.92913818359375,86000,110.68401489257812,112.68916130065918,116.87244415283203,40.67555476133535,-1.1688331845918611,-1.020260260759817,-0.14857292383204412,116.84499920129561,112.68916130065918,108.53332340002275,306550.0,0.2805415103572011,3.228249087443409,-0.8510621607258462,0.7653556048109023,-1.0204294103727585,-1.9047618074468975,-2.87104581001264
2024-12-20,108.98553466796875,111.34452892485119,108.04193696521577,109.92913237072172,273000,110.02349548339843,112.42967147827149,116.65227127075195,38.64072619025525,-1.3235751042721517,-1.0809232294622841,-0.2426518748098676,116.83537702005901,112.42967147827149,108.02396593648396,307500.0,0.8878048780487805,3.238161470402344,-0.8583743411588296,-0.14688883539788478,-1.840203207273594,0.8056318186964839,1.1523057140378157
2024-12-23,110.40093231201172,110.87273116804596,109.45733459994324,109.45733459994324,150000,110.21221466064453,112.26454162597656,116.43996175130208,43.22846398251677,-1.3168189602886287,-1.1281023756275532,-0.18871658466107544,116.71653958358883,112.26454162597656,107.8125436683643,309350.0,0.48488766769031844,3.058032807692326,1.2987022987546615,-0.042905113412716744,2.640082018191703,1.6393371476068896,0.9162933636882586
2024-12-24,112.28813171386719,112.28813171386719,110.40093622287782,110.87273509562516,275000,110.49529418945312,112.21736145019531,116.22765223185222,48.73253725649464,-1.14597337997931,-1.1316765764979047,-0.014296803481405274,116.64614128132864,112.21736145019531,107.78858161906199,280800.0,0.9793447293447294,2.9019216869140787,1.7094053123771769,-0.024526060488960777,0.06795708770699349,-0.584679624845319,-2.159509415414518
2024-12-25,113.70352935791016,114.17532823491393,112.28813272689882,112.28813272689882,315000,111.06145324707032,112.40608100891113,116.08611259460449,52.45558361860351,-0.8861512656255144,-1.0825715143234267,0.1964202486979123,116.74506850080536,112.40608100891113,108.0670935170169,273500.0,1.1517367458866545,2.766624998131768,1.2605051152241975,0.018390283940372676,0.4320483869864056,0.5881182323196787,0.476547330423438
2024-12-26,114.17533111572266,115.11892889353855,113.70353222681472,113.70353222681472,91000,111.91069183349609,112.61839065551757,115.93670972188313,53.66352370494826,-0.6348517336353439,-0.9930275581858101,0.35817582455046626,116.86154865572864,112.61839065551757,108.3752326553065,257300.0,0.35367275553828215,2.5864616031313186,0.414940292950261,0.2879211150416561,0.11545410278845925,0.2822545718063063,2.0968592282673004
2024-12-27,114.64713287353516,115.11893177424929,112.28813836996447,114.64713287353516,163000,113.04301147460937,112.7599308013916,115.81089680989584,54.897567359202306,-0.39309325087012326,-0.8730406967226728,0.47994744585254956,117.07862146514728,112.7599308013916,108.44124013763593,255550.0,0.6378399530424574,2.619039176618452,0.4132256532142664,0.041578320025936755,0.12363018552592475,3.156412780761886,2.616123377635571
2024-12-30,116.0625228881836,116.53432176171279,114.64712626759598,115.11892514112519,253000,114.17532958984376,112.99583053588867,115.7008103688558,58.470807935968935,-0.08629303384998366,-0.7156911641481349,0.6293981302981513,117.50041181210706,112.99583053588867,108.49124925967028,258350.0,0.9792916586026708,2.521460018951567,1.2345620681240455,0.26587407296438936,-0.3672522989560889,-0.23387105888642568,-1.238969338809004
2024-12-31,116.0625228881836,116.53432176171279,114.64712626759598,116.0625228881836,345000,114.93020782470703,113.09019012451172,115.63790384928386,58.470807935968935,0.15506090294756802,-0.5415407507289943,0.6966016536765623,117.77428988025349,113.09019012451172,108.40609036876995,259150.0,1.331275323171908,2.436891415640266,0.0,-0.14782773801352844,-0.6688153383762052,-0.23387105888642568,-1.238969338809004
2025-01-02,115.59072875976562,117.00612543845664,115.11892986686863,116.06252765266262,118000,115.30764770507812,113.06660041809081,115.5356808980306,56.73322503745686,0.30475279300976865,-0.3722820419812417,0.6770348349910104,117.69205759382656,113.06660041809081,108.44114324235507,238200.0,0.49538203190596136,2.3635986364332986,-0.40649997663113613,0.1251537494249222,-0.8814334035584737,-0.23387105888642568,-1.238969338809004
2025-01-03,113.70352935791016,116.53432261993282,113.23173048090638,115.59072486592527,257000,115.21328735351562,112.97224044799805,115.3626880645752,50.294802332496296,0.26801397632347346,-0.24422283832029867,0.5122368146437721,117.45570563540319,112.97224044799805,108.4887752605929,237550.0,1.081877499473795,2.488797770112385,-1.6326563748704004,0.20975544231986998,0.3339174500631481,-0.23387105888642568,-1.238969338809004
2025-01-06,112.75992584228516,114.17532240097493,112.75992584228516,114.17532240097493,61000,114.83584594726562,112.9250602722168,115.20542170206706,47.398379568239164,0.16090249788608446,-0.16319777107902206,0.3241002689651065,117.39596528018964,112.9250602722168,108.45415526424395,233750.0,0.2609625668449198,2.345677608589371,-0.829880585900522,0.12929662335154912,2.79117234558639,-1.250242822023373,-3.5464475319510913
2025-01-07,113.23173522949219,113.70353412628174,112.75993633270264,113.23173522949219,109000,114.26968841552734,112.9014705657959,115.04029223124186,48.980490163173556,0.11278681777204724,-0.1080008533088082,0.22078767108085545,117.3600428173501,112.9014705657959,108.4428983142417,229900.0,0.4741191822531535,2.1587350319769993,0.4184193840876871,-0.5362688493261603,0.43978199844929566,3.6003910399968087,2.3761872514421523
2025-01-08,116.0625228881836,117.4779195087712,114.17532739406678,114.17532739406678,497000,114.26968841552734,113.06660041809081,114.91447919209799,57.282271120024035,0.29962184666351277,-0.026476313314344004,0.3260981599778568,117.7424392225431,113.06660041809081,108.39076161363853,251500.0,1.9761431411530814,2.4370615982839334,2.4999949466058435,-0.034527787352645056,-1.031401095838369,-0.5919325966183719,-2.736379074684092
2025-01-09,109.92913818359375,116.06252357581143,109.92913818359375,116.06252357581143,349000,113.13737030029297,112.80711097717285,114.66285311381021,41.518654740404536,-0.04668478060148118,-0.03051800677177144,-0.01616677382970974,117.57843772550503,112.80711097717285,108.03578422884068,254650.0,1.370508541134891,2.9299047708084327,-5.284552284374211,0.5983308797275377,-1.3935772156041248,-1.2293493276538836,-1.6327553532515693
2025-01-10,109.92913818359375,112.75993144154036,109.45733930726931,109.45733930726931,265000,112.38249206542969,112.54762153625488,114.45840695699056,41.51865474040454,-0.31747561642902156,-0.08790952870322147,-0.2295660877258001,117.3539319415254,112.54762153625488,107.74131113098436,249000.0,1.0642570281124497,2.9795964192701154,0.0,-0.27125588031043923,-0.3001217089277253,-1.8864321943144469,-3.21756640634282
2025-01-13,105.68294525146484,110.40093387876237,105.21114638873509,110.40093387876237,405000,110.96709594726562,112.21736221313476,114.1674643198649,34.00505586904221,-0.8647433642537123,-0.24327629581331967,-0.6214670684403927,117.92244701342683,112.21736221313476,106.51227741284269,248350.0,1.6307630360378498,3.274288562037738,-3.8626637143623355,0.8080683673291622,-2.2750412660863084,-1.8864321943144469,-3.21756640634282
2025-01-14,105.68294525146484,107.0983418396541,105.68294525146484,106.15474411419459,132000,109.45733795166015,112.02864265441895,113.91583824157715,34.00505586904221,-1.2836597665180278,-0.4513529899542613,-0.8323067765637665,118.3360572718731,112.02864265441895,105.72122803696479,231250.0,0.5708108108108109,3.02643629885794,0.0,-0.12629097569892833,1.3748884512583492,-0.9910823082587283,-2.348290764294503
2025-01-15,103.3239517211914,106.15474491903227,103.3239517211914,106.15474491903227,126000,106.90962371826171,111.65120353698731,113.60916900634766,30.45408813554795,-1.785423841743878,-0.7181671603121846,-1.0672566814316933,119.0575712074517,111.65120353698731,104.24483586652292,221850.0,0.5679513184584178,3.000350552055663,-2.232142115892388,-0.308884934043574,-1.2411403721450665,-1.141136436047463,1.567151864786509
2025-01-16,105.21115112304688,106.62654777492644,104.26755335512718,104.73935223908703,110000,105.96602630615234,111.36812438964844,113.33395309448242,36.19442748253518,-2.007651312023583,-0.9760639906544644,-1.0315873213691187,119.31297938342715,111.36812438964844,103.42326939586974,219000.0,0.502283105022831,3.040649952279579,1.8264878282509667,-0.47462027715259314,2.2675507006747475,-4.495744102033717,-0.31924024464743406
2025-01-17,105.21115112304688,106.15474889096659,104.73935223908703,105.68295000700672,45000,105.02242889404297,111.1322250366211,113.06660041809081,36.194427482535175,-2.1588819361797817,-1.2126275797595278,-0.9462543564202539,119.52455352038425,111.1322250366211,102.73989655285794,216950.0,0.20742106476146577,2.8239495122262435,0.0,0.14330122044485805,0.5341148174661026,-0.19085183603871902,-1.8948421762492118
2025-01-20,106.62654113769531,107.57013884687845,105.68294342851216,106.15474228310374,79000,105.21114807128906,111.01427536010742,112.83856417338053,40.46848718243306,-2.139856219621606,-1.3980733077319436,-0.7417829118896626,119.5977694086495,111.01427536010742,102.43078131156534,207250.0,0.38118214716525933,2.7619546071069543,1.3452851713342762,0.2040049502909147,0.5129593209210137,2.783093818670479,2.203476780153868
2025-01-21,106.15474700927734,107.09834476047092,106.15474700927734,107.09834476047092,53000,105.30550842285156,110.80196609497071,112.58693809509278,39.5182313129049,-2.1382002044185384,-1.5460986870692628,-0.5921015173492756,119.65515558271512,110.80196609497071,101.94877660722629,202400.0,0.2618577075098814,2.519507026318504,-0.4424734436510591,-1.8049163113836197,0.14264713733647127,0.14469131303875837,-0.3992510712928832
2025-01-22,107.57014465332031,108.98554129349557,105.2111502530282,107.09834577326188,254000,106.15474700927734,110.56606674194336,112.39821853637696,43.783058383222745,-1.999626588943542,-1.6368042674441186,-0.3628223214994235,119.50354655853373,110.56606674194336,101.62858692535299,201350.0,1.2614849764092377,2.6868248948716875,1.333334291606647,0.8293035215003464,0.9673832452960607,2.7451004881298147,-0.6146384816611783
2025-02-03,105.68294525146484,106.62654297692434,102.85215207508631,106.15474411419459,226012,106.24910583496094,110.1650375366211,112.21736221313476,39.75755145725184,-2.0188155708254527,-1.7132065281203854,-0.3056090427050673,119.22864674389746,110.1650375366211,101.10142832934474,196900.6,1.1478482036113653,2.95764725265333,-1.7543895733686865,-0.3354747105550504,-3.5310722033439546,-4.110138831841626,-8.922423332822692
2025-02-04,106.62654113769531,106.62654113769531,105.21114457392059,106.15474228310374,46012,106.53218383789063,109.78759803771973,112.06009585062662,42.59929350178727,-1.935570621878938,-1.7576793468720961,-0.17789127500684176,118.77644606430044,109.78759803771973,100.79875001113902,194651.2,0.23638179471793647,2.7520138274695154,0.8928554025299462,0.4843438559004598,0.4373265659709302,5.553206615500117,-0.3488369125826174
2025-02-05,110.40093231201172,110.40093231201172,107.09834031977205,107.57013917580629,233000,107.28706207275391,109.57528800964356,111.94214604695638,52.293367895964764,-1.547201401569339,-1.715583757811545,0.168382356242206,118.2768509202532,109.57528800964356,100.87372509903392,198151.2,1.175869739875408,2.8883308070491007,3.539823325453506,-0.2891986256126744,1.6127918339116087,-1.94039499885863,-2.62544264827258
2025-02-06,110.87273406982422,112.28813067497092,110.87273406982422,110.87273406982422,206000,108.23065948486328,109.31579856872558,111.82419624328614,53.353847375742845,-1.1876549901443667,-1.6099980042781095,0.42234301413374276,117.49676673528124,109.31579856872558,101.13483040216992,195801.2,1.0520875255105688,2.754846481170447,0.4273530557505678,-0.21221627178528157,0.669296009715703,2.1623913089992675,-0.8388199627429871
2025-02-07,113.70352935791016,115.11892598892149,111.34453497289128,111.34453497289128,306042,109.45733642578125,109.19784889221191,111.73769976298014,59.21234008126626,-0.6666061264154592,-1.4213196287055794,0.7547135022901201,117.0298317773504,109.19784889221191,101.36586600707342,193853.3,1.5787298952352116,2.95369253956069,2.553193363395545,-0.07860262820782449,0.6933683495169651,0.8985590572072599,4.1087527494722
2025-02-10,113.70352935791016,116.53432261993282,112.7599316039026,112.7599316039026,294466,111.06145324707032,109.10348892211914,111.666929880778,59.21234008126626,-0.2507803086630105,-1.1872117646970655,0.936431456034055,116.6514960898021,109.10348892211914,101.55548175443619,202676.6,1.4528860263098946,3.063119003089961,0.0,0.09726337705842081,-0.9631412824059216,5.0069237481567885,1.915277143670413
2025-02-11,117.47792053222656,120.78051267570281,116.53432277694763,116.53432277694763,717100,113.23172912597656,109.29220848083496,111.6197499593099,65.84556828886701,0.37895807879407073,-0.8739777959988382,1.252935874792909,117.48562547011083,109.29220848083496,101.09879149155908,225681.6,3.1774854485257107,3.5983009117169864,3.319502213898362,0.11422745347031693,0.5673032792007815,5.0069237481567885,1.915277143670413
2025-02-12,117.00611877441406,119.83691197056923,117.00611877441406,118.42151537249164,250000,114.55276641845703,109.5045181274414,111.63547655741374,64.43493262976094,0.8303876372464174,-0.533104709349787,1.3634923465962046,118.27594578424875,109.5045181274414,100.73309047063405,235131.6,1.0632343759834917,3.4959665496420778,-0.40160887737460405,-0.18895087172872138,-0.40326965645153257,1.1307976473220238,-0.7118504097210376
2025-02-13,117.00611877441406,118.8933142385175,116.5343199083882,117.00611877441406,142000,115.779443359375,109.6932373046875,111.6983829498291,64.43493262976092,1.1746086572618282,-0.191562036027464,1.366170693289292,118.95123295330906,109.6932373046875,100.43524165606594,236781.6,0.5997087611537383,3.3443702537070417,0.0,0.16004999541816556,0.4708515817043901,1.2299727110229863,1.204465541971378
2025-02-14,114.64713287353516,117.94972517853411,114.64713287353516,117.47792627781998,269210,115.9681640625,109.62246780395508,111.75342636108398,57.31476845786936,1.2427304254971148,0.09529645627745176,1.1474339692196631,118.69524852212805,109.62246780395508,100.5496870857821,225392.1,1.1944074348657294,3.3387998605459632,-2.016121828147288,-0.7319906963362488,-1.0547307799725902,-0.8836560257359238,-2.465282165335936
2025-02-17,114.17533111572266,115.59072778244649,114.17533111572266,115.59072778244649,136000,116.0625244140625,109.83477745056152,111.7612897237142,55.982355974665175,1.244303403685052,0.3250978457589718,0.9192055579260802,119.13368425901335,109.83477745056152,100.53587064210969,214742.1,0.6333178263600849,3.0823461013696796,-0.41152512582494083,0.15391983887540484,1.523459828704521,2.117375975567648,-1.7141194967384865
2025-02-18,114.64713287353516,115.59073067496342,114.64713287353516,115.59073067496342,71000,115.49636688232422,110.0706771850586,111.80846977233887,57.05744569072063,1.268992305695562,0.5138767377462898,0.7551155679492723,119.61578129551793,110.0706771850586,100.52557307459927,205042.1,0.34627035130834105,2.8600865624191583,0.4132256532142664,0.12581943498035653,0.6840120787098725,-0.49108227496846846,-1.5666641657886449
2025-02-19,115.59072875976562,117.94972322425063,115.59072875976562,115.59072875976562,182198,115.21328887939453,110.56606636047363,111.87137641906739,59.2035529491919,1.3491466180732345,0.6809307138116788,0.6682159042615557,120.18051139677888,110.56606636047363,100.95162132416837,193902.0,0.939639611762643,2.919087067525334,0.8230435969744931,0.04493902906270719,-0.26210179244977594,0.694574634559797,1.1411528344483335
2025-02-20,117.94972229003906,118.89332006835939,117.00612451171875,117.00612451171875,205070,115.40200958251953,111.17940521240234,112.01291618347167,64.04178868082553,1.5847525106066342,0.8616950731706698,0.7230574374359644,121.0440490490854,111.17940521240234,101.31476137571929,197555.5,1.0380374122714882,2.9702209663344576,2.0408155183242904,0.07610438798688612,-0.49406348495265595,-1.2524993418689623,0.3859841717670953
2025-02-21,116.5343246459961,119.36511795723486,116.5343246459961,119.36511795723486,126110,115.77944793701172,111.83992385864258,112.10727602640787,59.483541210767676,1.6383749504101957,1.0170310486185752,0.6213439017916205,121.24842511592075,111.83992385864258,102.4314226013644,197561.0,0.6383344890945075,2.951630612321699,-1.2000008279481111,-0.16155224353523456,1.0336965036197743,-0.05514439042784147,-0.8873181074285696
2025-02-24,116.0625228881836,117.00612063524198,116.0625228881836,116.0625228881836,38000,116.15688629150391,112.38249244689942,112.19377250671387,58.001569340132285,1.6240792863805353,1.1384406961709672,0.4856385902095681,121.42591525825873,112.38249244689942,103.33906963554011,193961.0,0.1959156737694691,2.6838928969532576,-0.40486076462512566,0.24378228572174976,-0.6950599050789652,-0.05514439042784147,-0.8873181074285696
2025-02-25,116.0625228881836,117.4779195087712,114.64712626759598,116.0625228881836,233000,116.4399642944336,112.92506103515625,112.24881579081217,58.001569340132285,1.594370953748978,1.2296267476865694,0.36474420606240865,121.44375232203134,112.92506103515625,104.40636974828115,203361.0,1.145745742792374,2.7034796095161853,0.0,-0.2236579215236012,-1.1864466763289783,-0.75409292054891,-1.8800305905109282
2025-02-26,118.42151641845703,119.36511415884314,115.59072319729869,115.59072319729869,264000,117.00612182617188,113.51480979919434,112.31958554585775,63.30318328332369,1.7411075450851143,1.3319229071662786,0.40918463791883575,121.82817351999894,113.51480979919434,105.20144607838974,212611.0,1.2417043332659177,2.8462677897866215,2.0325196037192184,0.2403748003681816,0.5017241236141778,-1.4269792891849264,0.6386817815506873
2025-02-27,118.42151641845703,121.72410850980842,118.42151641845703,118.89331528865009,385000,117.10048065185546,114.12814826965332,112.39821866353353,63.30318328332369,1.8362304295212937,1.4327844116372817,0.403446017884012,121.95070192017259,114.12814826965332,106.30559461913406,229211.0,1.6796750592249063,2.9071110299952565,0.0,-0.0854219922061139,-1.4928761271182256,-0.41361998496789454,1.3297108548157466
2025-03-03,116.5343246459961,118.8933190720284,116.06252576078963,118.8933190720284,165000,117.10048065185546,114.57635726928712,112.45326182047526,56.66637708556057,1.7392859904128954,1.4940847273924045,0.24520126302049094,121.82281685997692,114.57635726928712,107.3298976785973,224761.0,0.7341131246079169,2.8969353341610593,-1.5936223665573679,0.010029005274558855,-1.288020531332612,0.7057592836216653,2.1752859087822873
2025-03-04,119.3651123046875,119.3651123046875,114.64712367604372,115.1189225389081,195128,117.76099853515625,115.26046562194824,112.61052805582682,62.94242839142898,1.8693292659881138,1.5691336351115464,0.3001956308765674,121.48279217201373,115.26046562194824,109.03813907188275,223216.8,0.8741635934212838,3.139742440092089,2.4291449470279947,-0.048922726206168665,-0.7003312963471564,-1.7130771907591602,-1.3267563392547754
2025-03-05,117.47792053222656,119.83691492042388,117.47792053222656,119.83691492042388,133060,118.04407806396485,115.8030345916748,112.7363410949707,57.01403904021019,1.7993669129690915,1.6151802906830555,0.184186622286036,120.58000200880349,115.8030345916748,111.02606717454611,227569.2,0.58470126888876,3.035642699839453,-1.5810245858469574,-0.28611765666530786,1.2170685545562776,1.4854407688832838,-1.1257026818902949
2025-03-06,116.0625228881836,117.94971838230039,116.0625228881836,117.94971838230039,84000,117.57227935791016,116.0861141204834,112.80711097717285,52.98334602438453,1.6111382840080921,1.614371889348063,-0.0032336053399708575,120.12993146340767,116.0861141204834,112.04229677755913,220119.2,0.38161141781362096,2.8825164057430985,-1.204820137801721,0.019216094991714172,-0.6841176310348751,2.2248349461879258,-0.6957563360846519
2025-03-07,114.64713287353516,116.06252957567756,114.17533397282102,115.59073067496342,178313,116.81740264892578,116.27483406066895,112.86215438842774,49.23488351785033,1.3323965560580717,1.5579768226900648,-0.22558026663199304,119.57884151570471,116.27483406066895,112.97082660563319,218734.85,0.8152016013909077,2.749806965358224,-1.2195065034145802,0.17315585352613017,-0.6135009415062398,-1.6800358355274048,-0.31847372871297575
2025-03-10,115.11892700195312,117.47792140773085,114.17532923964202,117.0061225265753,200376,116.5343231201172,116.3456039428711,112.87788098653158,50.492211001076306,1.1364611548763435,1.4736736891273206,-0.3372125342509771,119.47366221828557,116.3456039428711,113.21754566745662,213451.55,0.9387423047525305,2.823511659055637,0.4115184711495523,-0.09403841713142569,-0.5178931508299844,2.4660176340925766,-0.4153337838732285
2025-03-11,112.75992584228516,115.11892010676812,111.34452928359539,115.11892010676812,197254,115.21328582763672,116.29842376708984,112.82283770243326,44.55068847987977,0.7818169599612901,1.3353023432941145,-0.5534853833328244,119.61693851657571,116.29842376708984,112.97990901760397,208590.95,0.9456498472249155,2.950296466962583,-2.0491861947496637,0.12063354165599005,-1.7278505202805272,-1.3833522045387014,-1.1870364754322238
2025-03-12,113.23173522949219,114.64713191986084,113.23173522949219,114.17533302307129,130200,114.36404876708984,116.08611450195312,112.78352114359538,45.92132564229213,0.532689442583262,1.1747797631519439,-0.6420903205686819,119.62303040987258,116.08611450195312,112.54919859403365,179245.95,0.7263762444841849,2.8085510817109967,0.4184193840876871,0.006697012528866786,0.9390996671090779,0.0384301133949938,0.1948050255999645
2025-03-13,112.75992584228516,115.5907189596647,112.75992584228516,114.64712125387152,116050,113.70352935791016,115.87380485534668,112.76779441833496,44.73058919607247,0.2937963146884215,0.9985830734592395,-0.704786758770818,119.6778758763523,115.87380485534668,112.06973383434105,172548.45,0.6725647202278549,2.811516686466803,-0.416675931222632,0.11408531144070366,-1.4214677219695382,-3.8033037201285813,0.09720094597001072
2025-03-14,113.70352935791016,113.70352935791016,111.81633384989506,112.7599316039026,140005,113.51480865478516,115.70867538452148,112.76779441833496,47.65401619053636,0.17855444291538447,0.8345773473504685,-0.656022904435084,119.59169235215238,115.70867538452148,111.82565841689059,172448.7,0.811864629887033,2.6882738626732423,0.8368252360726025,0.18871601352579148,0.029010047686051088,-0.3194834133745217,1.5862794604935004
2025-03-17,114.17533111572266,115.11892889353855,113.70353222681472,114.17533111572266,111202,113.32608947753906,115.68508529663086,112.79138450622558,49.10361895619202,0.12386702613333966,0.6924352831070428,-0.5685682569737032,119.60085075815508,115.68508529663086,111.76931983510664,164548.3,0.6758015731551162,2.5185572857339293,0.414940292950261,-0.12860909638311435,0.685450337057314,0.1602385385453431,2.7724683195517352
2025-03-18,116.0625228881836,116.0625228881836,114.64712626759598,114.64712626759598,183501,113.98660888671876,115.77944488525391,112.80711110432942,54.52800750218077,0.2301543820003218,0.5999791028856986,-0.36982472088537677,119.63247698643175,115.77944488525391,111.92641278407606,166923.35,1.099312948128587,2.4343752172975304,1.65288924850866,0.09233778296404704,0.691901155514496,0.23999849124787254,0.1240334987657743
2025-03-19,115.11892700195312,117.9497202888864,115.11892700195312,116.06252476426421,260501,114.36404724121094,115.8030345916748,112.80711110432942,51.56860550642448,0.23553250314269292,0.5270897829370974,-0.2915572797944045,119.63258291374692,115.8030345916748,111.97348626960269,176398.4,1.4767764333463342,2.487230959915629,-0.8130065267834552,0.0691720867479928,-1.3956737184071533,0.5387213314128614,0.5264718702882032
2025-03-20,117.47792053222656,117.47792053222656,115.5907250216687,115.5907250216687,327004,115.30764617919922,115.89739418029785,112.89360758463542,57.743173860919995,0.4252438198071786,0.5067205903111136,-0.08147677050393498,119.79727099821613,115.89739418029785,111.99751736237957,183638.7,1.780692196143841,2.470132635963337,2.04917956734727,0.07308017918177256,1.8962383754100642,0.5387213314128614,0.5264718702882032
2025-03-21,116.49484252929688,117.96946078916139,116.49484252929688,117.47792136920656,266106,115.86590881347657,115.82465019226075,113.01089935302734,54.618087456610745,0.490609781976616,0.5034984286442141,-0.012888646667598147,119.61610863348373,115.82465019226075,112.03319175103776,186690.5,1.425385865911763,2.337397385816827,-0.836819377186715,-0.04847648711218122,-0.7514778753577311,-0.7938098761100632,-2.064075983710223
2025-03-24,113.54560852050781,117.9694633979302,113.54560852050781,117.9694633979302,196015,115.73996429443359,115.67521438598632,113.05544726053874,46.48938674558861,0.3009649051179082,0.46299172393895294,-0.16202681882104475,119.58271778025605,115.67521438598632,111.7677109917166,190185.75,1.0306502984582178,2.6155917180309016,-2.5316434142115485,-0.0372943476917964,-0.4613378578019911,-1.1602363928692405,0.6920435972160854
2025-03-25,114.03714752197266,114.52868695094668,113.05406866402463,113.54560809299863,95246,115.3348892211914,115.57394561767578,113.10818748474121,47.88161058055531,0.18816402558628909,0.4080261842684202,-0.2198621586821311,119.54367094540027,115.57394561767578,111.60422028995129,193048.05,0.4933797570086826,2.4634619272163882,0.4329000547617534,0.1100854006351959,0.753388228226104,0.5262042254117638,1.8119348917580158
2025-03-26,114.03714752197266,114.52868695094668,113.54560809299863,114.03714752197266,40000,115.11853332519532,115.47267684936523,113.17665430704753,47.88161058055531,0.0976429487386099,0.34594953716245813,-0.24830658842384823,119.4929373662574,115.47267684936523,111.45241633247306,183398.05,0.21810482717782442,2.2660775179806087,0.0,0.10299623953369252,-0.05791891930048143,1.0670518293484532,0.7671122479613324
2025-03-27,112.56253051757812,113.54560938672728,112.07099108300355,113.54560938672728,129015,114.13545532226563,115.17972755432129,113.23627090454102,43.90700891251566,-0.09202412833010953,0.2583548040639446,-0.35037893239405415,119.1487857892,115.17972755432129,111.21066931944257,176648.8,0.7303474464587363,2.2260880407790755,-1.2931023236181893,0.1307340140583202,-1.3860075941006245,-0.35857851148682895,-0.7612724338806887
2025-03-28,109.12174987792969,112.56252577498152,108.63021046406514,112.56252577498152,175061,112.66083679199218,114.71473922729493,113.21495119730632,36.32920755455309,-0.5140532097851889,0.10387320129411794,-0.6179264110793068,119.22658039993664,114.71473922729493,110.20289805465322,166151.85,1.0536205284503302,2.45358564247693,-3.0567726434607034,0.06920720797163327,-1.5892536377484667,-2.1853339576962227,-0.867680294273121
2025-03-31,104.20635986328125,107.15559646318543,103.22328099664652,107.15559646318543,328000,110.79298706054688,114.09834098815918,113.08025499979655,28.706971109141392,-1.2309555031503123,-0.1630925395947681,-1.067862963555544,120.52543145081188,114.09834098815918,107.67125052550648,174301.85,1.8817929930175725,2.9129034076510942,-4.504500725242311,0.22469010496022346,-4.198467002028805,-4.613162229950674,-3.344797114670184
2025-04-01,106.17251586914062,106.66405529446072,104.69789759318034,105.18943701850043,56000,109.22006072998047,113.43871116638184,112.95473810831706,34.61633117271181,-1.6217587524344736,-0.4548257821627092,-1.1669329702717643,120.28419649849637,113.43871116638184,106.5932258342673,167345.45,0.3346371233875794,2.8522090107882114,1.8867907951481744,0.1606192017939545,2.823117236854644,1.2144800170112102,-2.166878798668115
2025-04-02,107.15559387207031,108.63021213636486,105.18943618634425,106.17251502920728,267250,107.84375,112.92259483337402,112.83774248758952,37.40986517234856,-1.8310398762560567,-0.7300686009813787,-1.100971275274678,120.03704283211025,112.92259483337402,105.8081468346378,174054.95,1.5354346429101844,2.9306846026858646,0.9259251274984726,-0.10711050560909818,0.08482442253172628,2.014150454450192,1.388423675570527
2025-04-07,96.44003295898438,96.44003295898438,96.44003295898438,96.44003295898438,26010,104.61925048828125,111.94147033691407,112.534290822347,24.9145093386242,-2.8289425973737963,-1.1498434002598623,-1.679099197113934,122.02518937989626,111.94147033691407,101.85775129393187,171155.45,0.15196711527444787,3.9686681107392077,-10.000001423984372,0.39779856690886906,-9.69973559080869,-11.346345580602769,-11.194582080429171
2025-04-08,88.47709655761719,93.19587804080867,86.80586551164743,91.32802672453302,638251,100.49031982421874,110.63296852111816,112.07453371683756,19.65945720278519,-4.21375654938565,-1.7626260300850198,-2.45113051930063,125.08433369653703,110.63296852111816,96.18160334569929,194152.35,3.2873720045108903,4.724068022285573,-8.25687855659879,-0.5500181172965579,-4.016151985134908,7.459090562138915,11.46362202123763
2025-04-09,79.62938690185547,89.85340844857274,79.62938690185547,88.87032959793254,797000,95.57492523193359,108.85849151611328,111.46731478373209,15.69758958881512,-5.956504928209142,-2.601401809709844,-3.355103118499298,128.70061664218048,108.85849151611328,89.01636639004607,223983.55,3.5582970267236145,5.457395158876466,-9.999999999999998,0.3050360677505859,-5.786524331497223,-6.59176631917584,-5.42694245708163
2025-04-10,87.59232330322266,87.59232330322266,87.49401691910316,87.59232330322266,119000,91.85888671875,107.60011138916016,111.00067469278972,29.473169000266267,-6.6188056838368965,-3.4048825845352546,-3.213923099301642,129.48728848103283,107.60011138916016,85.71293429728749,220070.85,0.5407349496764338,5.7914673245418955,9.999997125661197,-1.489084234874749,9.247307649849002,11.708099988660026,11.396467228199514
2025-04-11,90.24664306640625,90.24664306640625,82.57862489725666,87.00247980246684,240017,88.47709655761719,106.45085678100585,110.60972658793132,33.38097360822296,-6.850533694358674,-4.094012806499939,-2.756520887858735,129.47712291639675,106.45085678100585,83.42459064561497,225561.7,1.0640857911604673,6.041674103822922,3.030310948591919,0.6081981557515048,2.7828390478427556,-4.498685200822649,-4.466860413832641
2025-04-14,90.9347915649414,94.37556746199324,90.24663938564953,91.81956400995684,192015,87.3760482788086,105.35960006713867,110.24597434997558,34.395873571616875,-6.899123181985658,-4.655034881597083,-2.244088300388575,129.18183439918877,105.35960006713867,81.53736573508857,229359.95,0.8371775456002671,5.786641300159028,0.7625197737591183,-1.2941415741642648,-0.08029019685500405,1.6537287448687765,4.374055959313905
2025-04-15,94.473876953125,94.57218333907318,91.03310094286334,91.03310094286334,136100,88.57540435791016,104.39811744689942,109.9333433787028,39.50056865716001,-6.576249180562115,-5.03927774139009,-1.5369714391720253,128.35425440741824,104.39811744689942,80.44198048638061,229164.7,0.5938960057984497,5.500074696688727,3.8918936605865984,-0.01606647441906306,1.76589192631309,0.9366459216967549,-1.4450838010078626
2025-04-16,93.09756469726562,94.47387659623028,92.7043391549584,94.37557021065348,82000,91.26903991699218,103.34422912597657,109.55059407552083,38.25397242760932,-6.358133499793865,-5.303048893070845,-1.0550846067230202,127.34380517179247,103.34422912597657,79.34465308016067,227704.6,0.3601156937541007,5.002669776885776,-1.45681780005944,0.45493231013253865,-1.9623144276647686,-0.3662993412938409,-0.8064554304743066
2025-04-17,92.21279907226562,92.90095126671532,90.73818079819078,91.42633299264048,95001,92.19313507080078,102.15174293518066,109.2553217569987,37.43605680056352,-6.185367378111678,-5.479512590079012,-0.7058547880326662,125.85879989836255,102.15174293518066,78.44468597199878,223279.6,0.4254799811536746,4.6502316598443185,-0.9503638767319855,-0.3851900465324021,-0.6640103310560974,2.1568668633551003,3.4368084790834974
2025-04-18,91.42633056640625,92.6060221542414,91.42633056640625,92.21279662516048,59000,92.42907257080078,100.96711311340331,108.94694163004557,36.68519404266115,-6.042259016826804,-5.592061875428571,-0.45019714139823375,124.31093349879005,100.96711311340331,77.62329272801658,213204.55,0.27672955384863973,4.18749298357643,-0.8528843216688786,-0.3851900465324021,0.2911195655576959,0.9356979101278418,-1.7506279081900056
2025-04-21,88.47709655761719,91.13140645422713,88.18216990230657,91.13140645422713,156006,91.93753356933594,99.51707191467285,108.66017748514811,33.93636125911324,-6.096545959349456,-5.692958692212748,-0.40358726713670734,122.13414802409312,99.51707191467285,76.89999580525259,204654.65,0.7622890562222749,4.06171534097953,-3.225803759724255,-0.3851900465324021,-1.4891964002938463,-3.0900890957481497,-2.1090903311317577
2025-04-22,86.60924530029297,88.96863604349466,86.01939948956665,88.96863604349466,284025,90.36460723876954,98.02279205322266,108.34228248596192,32.28632367473509,-6.2186045364474865,-5.798087861059696,-0.42051667538779025,119.85221436416087,98.02279205322266,76.19336974228445,205550.6,1.3817765552618186,3.913384836039327,-2.1111127399030982,0.19087153159529358,-1.6370054958029567,-0.4905513298122721,-1.040120488218621
2025-04-23,90.24664306640625,90.34494945312939,88.87033115139266,88.87033115139266,123000,89.79442291259765,96.85784378051758,108.1243273417155,38.55202027024486,-5.9532044028434825,-5.8291111694164535,-0.12409323342702905,117.6619731528356,96.85784378051758,76.05371440819957,201899.85,0.6092129340363551,3.8896940782789393,4.199780004434439,0.40997828226332356,4.500035126970481,2.267687170921495,3.566073001682657
2025-04-24,90.83648681640625,93.09756366068295,89.65678770173042,93.09756366068295,45007,89.51916046142578,95.69781074523925,107.88474960327149,39.52918915491024,-5.630373977337854,-5.7893637310007335,0.1589897536628797,115.00186417698762,95.69781074523925,76.39375731349088,199387.9,0.22572583391469594,3.829838329035418,0.6535907929184459,-0.12526095055448438,-0.8163803151391757,3.205586473238875,3.5157602985790515
2025-04-25,91.5246353149414,92.50771412068792,91.22971617339509,92.40940774017248,92000,89.53882141113282,94.57218513488769,107.65664100646973,40.71371923881149,-5.2583853138553,-5.683168047571647,0.42478273371634767,111.8976409075699,94.57218513488769,77.24672936220549,201987.9,0.4554728278278055,3.5420235257349186,0.7575683765995933,-0.2987707483269153,2.022299672390404,3.689873494306739,2.801123590229726
2025-04-28,92.90094757080078,93.39248697593729,91.62294211732741,91.62294211732741,65000,90.42359161376953,93.58910598754883,107.42788111368814,43.113804587879144,-4.7972252942621765,-5.505979496909753,0.7087542026475768,108.70706916163257,93.58910598754883,78.4711428134651,198787.15,0.32698290608824565,3.3188006104363805,1.5037615294760887,0.25712712450653985,0.8135756068057276,-0.8783926472697101,-0.5790187537825342
2025-04-29,94.57218170166016,94.86710835469485,92.11448459402558,92.70433790009496,204200,92.01617889404297,92.86162757873535,107.23483835856119,45.97390362066882,-4.247930530076346,-5.254369703543071,1.0064391734667257,106.11816332498455,92.86162757873535,79.60509183248615,200244.1,1.0197553885482769,3.243310363800765,1.7989419640587645,-0.2862987748134538,0.9894012430566201,-0.8783926472697101,-0.5790187537825342
2025-04-30,93.58910369873047,97.32480633598796,93.58910369873047,94.8671092062913,243001,92.6846710205078,92.33076477050781,107.00182100931804,44.5548318628381,-3.84758409648839,-4.973012582132135,1.125428485643745,104.47840677200865,92.33076477050781,80.18312276900697,195994.15,1.2398380257778103,3.3089626669283283,-1.0395001841354667,-0.32134330087744134,0.011854303657643506,0.6135008912030449,4.248031791155338
2025-05-02,95.85018920898438,97.81634693634815,94.7688039589936,96.34172864082532,225276,93.68741149902344,91.8146484375,106.83794174194335,48.49282031229554,-3.3097037548651684,-4.640350816678742,1.3306470618135737,102.24132962670903,91.8146484375,81.38796724829096,204457.95,1.1018206922254674,3.431400076353576,2.4159708992752993,0.248493598366184,2.730963815359244,3.133904990423808,-2.088609614380188
2025-05-05,92.31110382080078,97.8163437796995,91.1314047222749,96.2434191486279,269100,93.8447052001953,91.07242393493652,106.59935111999512,43.307958535782085,-3.1328903129942063,-4.338858715941835,1.2059684029476285,98.6157500173084,91.07242393493652,83.52909785256465,204550.45,1.315567870909108,3.8652052738297127,-3.6923092352663445,-4.382525588739094,-1.2250086251671455,3.133904990423808,-2.088609614380188
2025-05-06,92.99925994873047,93.7857260477818,92.11448746237188,92.31110773728301,340006,93.86436767578125,90.90038528442383,106.30932324727377,44.549456945202394,-2.903763163853114,-4.051839605524091,1.1480764416709768,98.07626482739454,90.90038528442383,83.72450574145313,220250.25,1.5437258300501362,3.572676382040406,0.7454749206179612,-5.0295889599485495,-0.05065209940824378,3.133904990423808,-2.088609614380188
2025-05-07,92.21279907226562,95.65357504510693,91.42633299264048,93.68741734634047,332000,93.39249114990234,91.08717041015625,105.99832433064779,43.38025115289161,-2.7538938928326218,-3.792250462985797,1.0383565701531752,98.191583453884,91.08717041015625,83.9827573664285,204937.7,1.6200045184463374,3.6599518047638786,-0.8456635858160699,2.8038417507629143,0.11645894015797076,2.7373142811993656,0.0
2025-05-08,96.04679870605469,96.04679870605469,92.70433668376366,93.19587609884131,517293,93.88403015136718,91.90804100036621,105.7040454864502,50.236951202633854,-2.2992454174820125,-3.4936494538850402,1.1944040364030277,96.92560576298129,91.90804100036621,86.89047623775113,190952.35,2.7090161498405227,3.6831581819672365,4.157773836562995,1.3780265518076762,-0.015038304424519477,-1.9555086123559384,-0.9373017188480159
2025-05-09,98.3078842163086,102.73173900604247,98.11127144799451,101.74866016387939,426404,94.37556915283203,92.44381904602051,105.44745140075683,53.790999998257256,-1.736465626375292,-3.1422126883830908,1.4057470620077988,97.7981523302134,92.44381904602051,87.08948576182762,206322.55,2.066686360749225,4.08339579770331,2.354149790222393,-0.40045240590582676,1.809041662083355,1.221641138979468,3.327901953190193
2025-05-12,100.76557922363281,101.2571186344798,99.78250040193883,100.76557922363281,203250,96.06646423339843,92.96976585388184,105.16891237894694,57.35607946742783,-1.079697064366968,-2.7297095635798665,1.6500124992128984,99.37813066109129,92.96976585388184,86.56140104667239,204484.2,0.9939643258501145,3.9321742804323625,2.499997865803416,-0.07465812307537734,1.0255778120184855,2.044325031414429,2.0524152554168396
2025-05-13,103.22327423095703,104.20635303315662,102.73173482985723,102.73173482985723,189100,98.11126708984375,93.58418998718261,104.93919830322265,60.62738834091394,-0.35677511845575793,-2.2551226745550452,1.8983475560992873,101.37773503564264,93.58418998718261,85.79064493872258,204338.45,0.9254254399991778,3.866654217644555,2.439022358884846,0.48501607250679424,0.9493892029855955,2.8240447648846034,2.784647773787041
2025-05-14,103.22327423095703,105.18943183535622,102.73173482985723,105.18943183535622,255190,100.31336212158203,94.02165985107422,104.70948422749838,60.62738834091394,0.21368253282459193,-1.761361633079118,1.97504416590371,102.92824748437872,94.02165985107422,85.11507221776972,210292.95,1.2134976469729488,3.6787932560251457,0.0,0.10495309053717428,2.1224825639188705,-2.1830983115246116,-1.745935701446777
2025-05-15,103.7148208618164,104.20636029718047,102.73174199108828,103.22328142645235,92300,101.84696655273437,94.55252265930176,104.52727902730307,61.31573137211154,0.6973988565706293,-1.2696095351491687,1.967008391719798,104.43894932082452,94.55252265930176,84.666095997779,210807.95,0.4378392750368285,3.384903262700751,0.4761974801918756,-0.2803567472373425,-0.2415620287910758,-2.2798132016848105,-2.42033602991667
2025-05-16,104.6978988647461,105.18943829603597,104.2063594334562,104.6978988647461,100095,103.12496948242188,95.17677764892578,104.36932182312012,62.71951504838789,1.1468534938524328,-0.7863169293488484,1.9331704232012812,105.9757275850102,95.17677764892578,84.37782771284135,211062.65,0.47424307427202306,3.1301984855699265,0.9478664618622679,-0.5692240792755765,0.5220347355644694,-0.5402775850749442,-2.0408160082762916
2025-05-19,101.7486572265625,104.69789366791214,101.7486572265625,104.69789366791214,97001,103.32158508300782,95.6928939819336,104.1543472290039,56.13794687309706,1.2506536232197902,-0.37892281883512074,1.629576442054911,106.72135949680158,95.6928939819336,84.6644284670656,212962.7,0.4554835189448668,3.1060709059184157,-2.816906232276517,0.1180119416830605,-1.4643102104449635,2.765434525666466,-0.32052011687984105
2025-05-20,101.7486572265625,102.73173604034572,101.2571178196709,102.73173604034572,48005,103.0266616821289,96.35647201538086,103.92364603678385,56.13794687309706,1.3177260479581037,-0.03959304547647585,1.3573190934345796,107.15146417828731,96.35647201538086,85.5614798524744,207562.65,0.23127956787986664,2.8885438812192707,0.0,-0.18806606512049573,0.010217599479345196,-0.7688669112684177,0.19293204808856768
2025-05-21,102.73173522949219,103.22327463250411,101.74865642346833,102.73173522949219,152000,102.92835388183593,97.16259651184082,103.67001291910807,57.847932886642255,1.433681024292099,0.25506176847723916,1.1786192558148598,107.27944159292659,97.16259651184082,87.04575143075505,200961.4,0.7563641574949219,2.700020458261472,0.9661827779610777,0.0016576947628355043,1.2909062583843056,0.6295522660473729,-1.0911498105995232
2025-05-22,101.25711822509766,101.74865763395736,100.76557881623796,101.25711822509766,70001,102.43681335449219,97.71312026977539,103.4153928120931,54.42069961984879,1.39055742962438,0.48216090070666734,0.9083965289177125,107.43599943199325,97.71312026977539,87.99024110755752,198311.45,0.3529851655060764,2.602171918927173,-1.4354055259559129,-0.41198726278828257,-0.6097494339192711,0.048113065163679636,0.0
2025-05-23,100.76557922363281,102.73173686702077,100.76557922363281,102.24019745617377,20050,101.65034942626953,98.20957489013672,103.16044375101725,53.28740246257447,1.3017132407550633,0.6460713687163466,0.6556418720387167,107.45634815864395,98.20957489013672,88.9628016216295,197063.6,0.10174380250842875,2.5173700155219447,-0.4854364908668862,0.08260363716483532,-0.08638612371177912,-1.250601723197442,-0.2595663574668672
2025-05-26,99.29096221923828,101.25711988694596,98.79942280231135,100.76558047001905,79400,101.15881042480468,98.59789123535157,102.88091773986817,49.92823372803509,1.0996383660396134,0.736784768181,0.3628535978586134,107.29881151551568,98.59789123535157,89.89697095518746,196433.6,0.4042078340976289,2.5094136247369656,-1.4634134153309053,-0.25093902970623194,-0.5342168783596057,0.26790190245054024,-0.9108747779647319
2025-05-27,100.27404022216797,100.76557963502174,99.29096139646045,99.7825008093142,58020,100.86388702392578,98.96654586791992,102.57845980326334,52.0962866207214,1.0072082807721472,0.7908694706992295,0.21633881007291766,107.26670120857241,98.96654586791992,90.66639052726742,196084.6,0.2958926912159343,2.371440906580209,0.9900981730431857,-0.1885106866633124,-0.9287980727548772,1.0930318688923357,3.118858716814654
2025-05-28,101.25711822509766,102.24019704281706,100.27403940737827,101.25711822509766,82488,100.56896362304687,99.3007926940918,102.29238650004069,54.23049988357701,1.0017355671265307,0.8330426899846899,0.16869287714184078,107.39161420214006,99.3007926940918,91.20997118604353,189999.0,0.4341496534192285,2.3174031370946864,0.9803913363334749,0.16646820635146664,0.09927402266578511,1.3214802776898793,-0.22286719580363323
2025-05-29,103.22327423095703,103.22327423095703,101.25711662655785,101.74865602765765,102190,100.96219482421876,99.78250122070312,102.07053565979004,58.23792471813262,1.1428763923202752,0.8950094304518069,0.24786696186846824,107.58348932737165,99.78250122070312,91.9815131140346,182958.45,0.5585421170763089,2.270570399401953,1.9417459634675227,-0.049388342657963324,-0.04878761184228253,2.5136320470837026,2.2335707900574153
2025-06-02,97.42311096191406,102.240198749195,96.8332651614972,102.240198749195,240019,100.293701171875,99.86114730834962,101.70483563741048,45.56384328186131,0.777741491539075,0.8715558426692606,-0.09381435113018555,107.52573661427692,99.86114730834962,92.19655800242231,183695.6,1.3066126788012342,2.8198288887430043,-5.619046007071415,0.07001895010041448,-1.6142080316433494,-2.9784252837181113,-4.000002793845403
2025-06-03,99.29096221923828,99.29096221923828,98.30788338538443,98.30788338538443,49019,100.293701171875,100.21014022827148,101.40171966552734,49.38403269990505,0.6318063676761057,0.8236059476706297,-0.19179957999452402,107.01461549006015,100.21014022827148,93.40566496648282,172691.55,0.2838529157911896,2.6928985378871664,1.917256838630843,0.38934277980975374,0.5914415066209822,0.0,-1.8229114246696043
2025-06-04,100.27404022216797,101.2571190478755,98.79942198360668,98.79942198360668,63000,100.293701171875,100.57387924194336,101.13857828776041,51.320344578931916,0.5886918364766842,0.7766231254318406,-0.18793128895515643,106.47285978627475,100.57387924194336,94.67489869761197,158841.25,0.39662241388808006,2.6615383414047216,0.9900981730431857,-0.0713650479945871,2.324806129025947,0.4592787383701946,2.2877995005497143
2025-06-05,99.78250122070312,101.74865888022437,98.7994223909425,101.25711946534406,69000,99.9987777709961,100.95236434936524,100.89083442687988,50.28454207593829,0.5089928180528744,0.7230970639560474,-0.214104245903173,105.38059822528655,100.95236434936524,96.52413047344393,145691.25,0.4736042830300378,2.6998980944550084,-0.49019566816673743,-0.07976061250243305,0.26061434732305155,-1.0827807253798283,-2.301464411653309
2025-06-06,100.76557922363281,100.76557922363281,99.29096099109184,100.27403981278582,38015,99.50723876953126,101.18830337524415,100.65161196390788,52.355699119452005,0.5191722560678897,0.6823121023784159,-0.16313984631052614,104.97195052714827,101.18830337524415,97.40465622334003,121727.35,0.31229629167151013,2.536527446199804,0.9852208462436396,0.011020349999935064,-0.06352892070761174,1.2649055736691395,0.43131882030549296
2025-06-09,103.7148208618164,103.7148208618164,101.74866312036018,102.24020255572424,222023,100.76558074951171,101.45865020751953,100.5008602142334,58.00765514273986,0.7564982455237157,0.6971493310074759,0.059348914516239804,105.14720035179309,101.45865020751953,97.77010006324596,111508.3,1.9910894525340266,2.5915560051309763,2.9268344020910497,-0.09216583404251244,0.5984531649308789,1.1770303926861292,1.519659984190458
2025-06-10,99.29096221923828,100.76558047001905,99.29096221923828,100.27404105309212,349000,100.76558074951171,101.38491935729981,100.26851399739583,48.679252485743035,0.5809159438885985,0.6739026535837005,-0.09298670969510203,105.1889465682476,101.38491935729981,97.58089214635201,118795.8,2.937814299832149,2.8358630234572626,-4.265406434507768,-0.013037526208137251,2.073637303314224,0.7122605187238173,0.4230377157919074
2025-06-11,98.79942321777344,99.78250205576123,98.01295714726467,99.78250205576123,119001,100.47065734863281,101.16372680664062,100.03583895365396,47.76022237863472,0.3975202493979282,0.6186261727465461,-0.2211059233486179,105.0316020049052,101.16372680664062,97.29585160837605,115290.85,1.03218078451152,2.693687274795835,-0.49504908652159285,-0.08323425859342315,1.0248967858730973,2.003763964828642,2.462736454848913
2025-06-12,98.3078842163086,99.29096305847168,98.3078842163086,99.29096305847168,95000,100.17573394775391,100.9179573059082,99.77924486796061,46.80853229193575,0.2100929302425385,0.5369195242457446,-0.32682659400320613,104.85878880960077,100.9179573059082,96.97712580221564,107281.35,0.8855220408766294,2.4656061504448012,-0.4975120152082235,-0.2723416236173337,-0.8112082280176014,-1.1093219543732435,-2.4667992046464526
2025-06-13,95.16203308105469,98.30788231501674,95.16203308105469,98.30788231501674,286000,99.05502471923828,100.49031791687011,99.46235656738281,41.15618104025051,-0.19009714461732585,0.3915161904731306,-0.5816133350904564,104.97230374221013,100.49031791687011,96.0083320915301,116966.35,2.4451476856377923,2.556305481752682,-3.1999988203713525,-0.9470802353383045,-0.9640740581055907,-2.734276123599755,-3.1776802859828535
2025-06-16,94.27725982666016,94.67049285258634,93.29418101199279,94.57217897088269,90000,97.16751251220703,99.96928596496582,99.09926884969076,39.7040125156341,-0.5720502304607464,0.19880290628635522,-0.7708531367471017,104.80093171181352,99.96928596496582,95.13764021811812,116461.6,0.7727869100201268,2.46451169339391,-0.9297544679829683,-0.06841860324496851,-0.10442115322505385,0.14416104954702025,1.2391058331131521
2025-06-17,94.86711120605469,95.55526341675719,94.27726538255304,94.27726538255304,57000,96.28274230957031,99.62520866394043,98.76173858642578,41.19371984898513,-0.817728461406773,-0.004503367252270435,-0.8132250941545026,104.88450708346483,99.62520866394043,94.36591024441603,114461.55,0.49798382076776,2.3063106129543263,0.625656049485368,-1.694628077349214,0.7332888142830063,1.1276319585431072,1.1247182022647628
2025-06-18,96.63665008544922,97.32480225277465,94.57217858288075,94.86710522618942,130000,95.85018768310547,99.36960830688477,98.4143840789795,45.540691976007054,-0.8597327663682535,-0.17554924707546707,-0.6841835192927864,104.69090340231504,99.36960830688477,94.0483132114545,118561.3,1.096479205271872,2.3658190205462684,1.8652817155473622,2.213760753044025,0.6534454580739535,0.8778247307904552,1.3411838698542677
2025-06-19,95.55525970458984,96.93157157282391,95.26034055444444,96.93157157282391,61000,95.29966278076172,99.01078453063965,98.06539103190104,43.42798204912434,-0.9691093574309377,-0.33426126914656124,-0.6348480882843766,104.3453220454077,99.01078453063965,93.67624701587161,114011.3,0.5350346851584009,2.2732072869240287,-1.1190271805812557,-0.3555156620861588,-1.579973732043427,-2.0931286284358697,-0.9683647164807074
2025-06-20,93.78572082519531,95.3586454354109,93.29418141573443,95.26033905357795,85001,95.02440032958984,98.63721466064453,97.7360595703125,40.14593980203301,-1.1849190831732699,-0.504392831951903,-0.6805262512213669,104.34291479411131,98.63721466064453,92.93151452717775,114761.3,0.7406765172579954,2.271590087181547,-1.8518487468560885,0.1001978324495223,0.19197052457564645,-0.8647704562750547,2.9009042539542618
2025-06-23,91.9178695678711,92.70433562311572,90.7381779853003,91.42633015841723,117000,94.55252227783203,98.19482917785645,97.36740493774414,36.96987494597827,-1.4894998052573811,-0.7014142266129987,-0.7880855786443824,104.54167888986014,98.19482917785645,91.84797946585276,119608.8,0.978188895800309,2.37505045421001,-1.991615824764681,-0.1295159830334014,-1.423044541892171,-0.6299917910087438,-1.2986932279929753
2025-06-24,93.19587707519531,94.37556868362205,92.40941100271327,92.40941100271327,87000,94.21827545166016,97.8900749206543,97.02005043029786,40.441760375254304,-1.609207751545199,-0.8829729315994388,-0.7262348199457602,104.59078018364127,97.8900749206543,91.18936965766733,119988.8,0.7250676729828117,2.386070275748803,1.3903798176921,0.4770922482972173,2.101692545040379,1.2435955717936098,0.44928666685848384
2025-06-25,93.39248657226562,95.35864418431332,93.39248657226562,93.68741321419121,128031,93.56944274902344,97.54599723815917,96.70054969787597,40.98036429732132,-1.66897353019192,-1.040173051317935,-0.6288004788739849,104.43534238636362,97.54599723815917,90.65665208995473,123489.35,1.0367776654424046,2.3562965201980304,0.2109637284830601,-0.727242575527054,1.0899645222608445,0.8670555778443667,1.5654976563831413
2025-06-26,93.58910369873047,94.76880282116271,93.29418454334471,93.68741758415547,106200,93.17621154785157,97.16259651184082,96.441672261556,41.549631869571655,-1.6810943719755898,-1.168357315449466,-0.5127370565261238,104.03579815416946,97.16259651184082,90.28939486951218,124674.95,0.8518150598817165,2.238739421214026,0.21052777764163366,-0.3944568587657682,0.27520638301874456,1.1461285328474569,0.0943683278643137
2025-06-27,94.57218170166016,94.86710835469485,93.68741674314879,93.7857231273949,103300,93.33350372314453,96.73004188537598,96.28110262552897,44.43545051831663,-1.5930108104957412,-1.253288014458721,-0.33972279603702016,103.06508466349447,96.73004188537598,90.39499910725749,124730.45,0.8281859000749215,2.1106414525140735,1.050419294637428,-1.7820919230510768,0.39008940370151013,2.148256806151494,5.311127734872079
2025-06-30,93.39248657226562,95.75187720678207,92.9009471692537,95.75187720678207,90000,93.62842712402343,96.52851066589355,96.06810213724772,41.77033386800836,-1.599952237772385,-1.3226208591214539,-0.27733137865093105,103.02510535813533,96.52851066589355,90.03191597365176,117229.5,0.7677248474146866,2.2093465971826465,-1.2474018344168392,0.957698278482022,-1.4351611940869091,-0.4391116443399512,1.1936711152533475
2025-07-01,93.88402557373047,94.37556497464004,93.49079255294359,93.49079255294359,48212,93.76605682373047,96.25816383361817,95.84690933227539,43.296389025860776,-1.547946515575731,-1.3676859904123093,-0.18026052516342173,102.72064978109226,96.25816383361817,89.79567788614408,117189.15,0.41140327410856725,2.045844171208216,0.526315359517171,0.3835740796985343,1.3376209140048223,-1.717725824914318,-3.5092874054519663
2025-07-02,94.37556457519531,94.57217733460857,93.39248577753703,93.58909853695029,27012,93.96267242431641,95.96324005126954,95.8125015258789,44.85283414653186,-1.4503497870646385,-1.3842187497427751,-0.06613103732186332,102.18806316019962,95.96324005126954,89.73841694233946,115389.75,0.2340935828355638,1.9303571559899917,0.5235597839579498,0.06608253165516498,0.10649919614669212,-0.7557921709203441,-1.8643016915857236
2025-07-03,95.26033782958984,95.45695059072948,94.37556540386936,95.16203144902002,81005,94.29691925048829,95.73713188171386,95.92555554707845,47.63889492344569,-1.2867767083983779,-1.3647303414738958,0.07795363307551795,101.70087894770987,95.73713188171386,89.77338481571786,115990.0,0.6983791706181567,1.8171610039292148,0.9375024757489747,-0.8820979000624507,0.5989548437806524,2.64160961084583,1.6817172167155503
2025-07-04,93.78572082519531,95.75187846303884,92.9009483881065,95.26033905357795,90155,94.1396270751953,95.388138961792,96.16149444580078,43.678261339182136,-1.261590305709575,-1.3441023343210317,0.08251202861145668,100.91370874612005,95.388138961792,89.86256917746394,118597.0,0.7601794311829135,1.9549968800629645,-1.547986326725459,-0.17605120273233021,-0.7285295494271593,-1.2056576605923408,-0.8269516205805627
2025-07-07,91.6229476928711,93.29418627221301,91.52464130592077,93.29418627221301,110002,93.78571929931641,94.78354530334472,96.22867151896159,38.60834715510799,-1.400009182469745,-1.3552837039507744,-0.044725478518970574,98.95257878562303,94.78354530334472,90.61451182106642,112995.95,0.9735039176182864,1.9958078986245087,-2.3060793405377256,-0.05568275052999505,-0.526795861514584,-2.0887191463797583,-2.038297252571064
2025-07-08,90.9347915649414,91.13140433036874,89.16524667491053,90.44325215107686,113012,93.1958724975586,94.36573677062988,96.24014066060384,37.1314904894202,-1.5473981453221768,-1.393706592225055,-0.15369155309712168,98.30110432579589,94.36573677062988,90.43036921546387,101196.55,1.1167574388652577,2.0573936478693153,-0.7510739888400564,0.57887679791917,-0.2962771383824059,1.7018188488238994,3.02648191246373
2025-07-09,91.03309631347656,91.52463571851726,90.44325052748695,90.44325052748695,53000,92.52737884521484,93.97742042541503,96.24177907307943,37.499292643836874,-1.6373976873282743,-1.4424448112456991,-0.19495287608257517,97.59017370551231,93.97742042541503,90.36466714531775,97896.5,0.5413880986552124,1.9272591869574476,0.10810466142099351,0.13347628020465852,0.7366883497436749,1.4848119494173195,0.5201955547422754
2025-07-10,91.6229476928711,91.72126158011798,90.44325604887398,91.52464130592077,66000,91.79990081787109,93.64317359924317,96.19426358540854,39.775981195845425,-1.6421966750186385,-1.4823951840002871,-0.1598014910183514,96.77377438693432,93.64317359924317,90.51257281155202,96446.5,0.6843172121331516,1.840692032862322,0.6479526713705885,0.3384095530795994,0.7379596142790046,-1.0218347230120495,-1.6133902279271362
2025-07-11,92.01617431640625,92.11448069649283,90.93478913486169,92.11448069649283,54000,91.44599151611328,93.48588066101074,96.17624041239421,41.31081641983621,-1.5958735680550689,-1.5050908608112437,-0.0907827072438252,96.61127789248798,93.48588066101074,90.3604834295335,84846.5,0.6364434596595028,1.752558636698165,0.4291791886605667,0.12805520532523929,0.25461005750608834,1.7831991301958006,3.0012322579103357
2025-07-14,90.9347915649414,92.01617677538417,90.54155853379052,91.62294374423328,70100,91.30836029052735,93.31875724792481,96.15494028727214,38.41163107393451,-1.627658093279635,-1.529604307304922,-0.09805378597471304,96.61857166686055,93.31875724792481,90.01894282898907,83851.5,0.8360017411733839,1.7154999173508958,-1.1752094232329258,-0.10259100165578294,-0.5980326954644122,-2.097744442073457,-0.0901162268067246
2025-07-15,91.22972106933594,92.01617965596165,90.44325498241375,92.01617965596165,60000,91.36734619140626,93.13688774108887,96.15166346232097,39.655496474764774,-1.6104845489508222,-1.545780355634102,-0.06470419331672006,96.47807643667515,93.13688774108887,89.79569904550259,84001.5,0.7142729594114391,1.6964898848438301,0.3243307641871196,0.45562082851131613,0.9770905870307711,0.7534669933970006,1.4732434091044633
2025-07-16,92.11448669433594,92.40941335409526,91.22972171565095,91.22972171565095,87000,91.58362426757813,92.9107795715332,96.21228663126628,43.35170313924228,-1.5080967985627183,-1.5382436442198253,0.030146845657107013,95.84160641262815,92.9107795715332,89.97995273043824,81851.5,1.0629004966310942,1.6275835381658963,0.96982169256834,0.14311890542244576,0.9062948249833447,-0.30380651764122524,-2.103709012563515
2025-07-17,93.68741607666016,93.68741607666016,92.40941058966331,92.99925639124021,38020,91.99651794433593,92.81738739013672,96.33025614420573,49.29754290064223,-1.2852163391437443,-1.4876381832046093,0.20242184406086494,95.50210987762176,92.81738739013672,90.13266490265167,80702.5,0.4711130386295344,1.6202963173870062,1.7075809015184351,0.04389327295191148,0.3054255543222917,0.8438794912337899,0.48426656067541707
2025-07-18,94.178955078125,94.27726146123695,92.60602294714884,93.98233481160486,86000,92.42907409667968,92.8370491027832,96.39579467773437,51.02741045781336,-1.0567374680958608,-1.4014580401828596,0.3447205720869988,95.55715768165223,92.8370491027832,90.11694052391417,80752.45,1.064983167693364,1.6270886102804858,0.5246585102343326,0.007486413359902855,1.1675174216255968,0.650862116387585,0.9036126328488381
2025-07-21,94.178955078125,94.86710726020488,93.68741566226902,94.3755678443489,72300,93.07790679931641,92.95010337829589,96.45150248209636,51.02741045781336,-0.86568721336495,-1.2943038748192777,0.42861666145432764,95.69717458343506,92.95010337829589,90.20303217315673,78517.45,0.920814417686769,1.567435675301202,0.0,-0.08570458320372731,-0.182055656943525,0.650862116387585,0.9036126328488381
2025-07-22,91.6229476928711,94.57218430316047,91.52464130592077,94.3755715292598,110001,93.15655212402343,92.87145690917968,96.45314102172851,42.31976757427821,-0.9100366090420096,-1.2174504216638242,0.30741381262181466,95.67831441930421,92.87145690917968,90.06459939905515,79667.5,1.3807512473718895,1.7647833182263355,-2.713989960000729,-0.15113747849135883,-1.5108489973571504,-0.946881483677009,-1.1343290530570815
2025-07-23,93.68741607666016,93.88402884375368,91.9178711716332,92.60602335675685,76000,93.47113800048828,92.88620338439941,96.4662488301595,49.77480050230194,-0.7697255624007937,-1.1279054498112182,0.3581798874104245,95.707647636541,92.88620338439941,90.06475913225782,77065.95,0.9861683402332678,1.8309563625805028,2.2532219665201803,0.22295619800545285,1.4387991654924104,4.103516858753897,9.601448120741507
2025-07-24,94.37556457519531,94.37556457519531,92.90094637870789,94.17895181578206,48091,93.60876770019532,92.92552642822265,96.46297187805176,52.0017314430483,-0.5961284170021486,-1.0215500432494045,0.4254216262472559,95.80944931543101,92.92552642822265,90.0416035410143,74160.5,0.6484718954160233,1.783444607101426,0.7345153995623965,-0.5605654715466812,0.23612215902308886,1.1646253123178463,1.5151587711526693
2025-07-25,93.29418182373047,93.6874148530781,92.99925517664569,93.58910097051904,26013,93.4318130493164,92.86162643432617,96.45805651346842,48.37210429724537,-0.5395899223821345,-0.9251580190759505,0.385568096693816,95.64687223539173,92.86162643432617,90.07638063326061,70296.15,0.3700487153279376,1.7291599126278523,-1.1458291734013804,0.5363622959012604,-0.040000501364123586,-2.0146148448369483,-1.4654053463913241
2025-07-28,92.99925994873047,94.08064520970359,92.99925994873047,93.4907993855634,56002,93.1958740234375,92.84196510314942,96.41054102579753,47.400390517291974,-0.5126707394475716,-0.8426605631502748,0.32998982370270324,95.61696520587259,92.84196510314942,90.06696500042625,68596.25,0.8164003134282122,1.6427899590738881,-0.3161203295155346,0.27559243417745183,0.20800726399519132,1.1070894088022643,1.679976652722992
2025-07-29,93.19587707519531,93.58910261114,92.40941100271327,92.99925680692664,54000,93.51045989990234,92.80755767822265,96.4252872467041,48.148225957104245,-0.47005325282134436,-0.7681391010844887,0.2980858482631443,95.54496550699436,92.80755767822265,90.07014984945094,68885.65,0.7839078240533406,1.5810435123209348,0.21141794738284148,0.6277126261405197,-0.9031782082688844,-0.5586557970433614,-2.4377050148500556
2025-07-30,92.90094757080078,93.78572000010573,92.40940816566427,93.78572000010573,79056,93.35316619873046,92.73382682800293,96.42364870707193,47.067230845184746,-0.4548338918229007,-0.7054780592321711,0.2506441674092704,95.37101069191804,92.73382682800293,90.09664296408782,71487.85,1.105866241606091,1.5537459552703372,-0.31646196554013795,0.10959038727660353,1.1214833214890696,-3.0786448194715654,0.36090920410511984
2025-07-31,93.09756469726562,94.27726382507667,92.90095192611201,93.3924913542925,70000,93.09756622314453,92.62568817138671,96.43839480082194,47.906906183979544,-0.4220420417292132,-0.6487908557315796,0.22674881400236635,94.98990282869723,92.62568817138671,90.2614735140762,70937.6,0.9867827499097798,1.5300886618044112,0.21164168031224673,0.46648917126204115,0.34438577266941994,5.14721434318266,2.738588658616825
2025-08-04,95.35865020751953,95.35865020751953,92.70434026371751,93.09756581072777,103114,93.51045989990234,92.70433464050294,96.42692565917969,56.460531664652926,-0.21116933167283491,-0.5612665509198306,0.35009721924699566,95.32208286464322,92.70433464050294,90.08658641636265,71585.55,1.4404303661842368,1.6799848327374256,2.428726806771464,-0.30428543721531254,-0.23658148505263377,-1.6244429900783564,-5.063962582458492
2025-08-05,100.27404022216797,101.74865846072926,96.93157071470313,97.02987709721464,482000,94.96541595458984,93.13688926696777,96.459694925944,68.5501851287641,0.34856170252190566,-0.37930090023148333,0.727862602753389,97.36558452795134,93.13688926696777,88.9081940059842,90185.45,5.344542828139129,2.307987955467066,5.154634638757538,0.23176060718361757,1.204718422705664,1.276981621170048,1.824817365577136
2025-08-06,100.27404022216797,104.20635552499809,99.7825008093142,100.27404022216797,324000,96.38104858398438,93.60385169982911,96.45150260925293,68.5501851287641,0.7831251999391782,-0.14681568019735106,0.9299408801365292,98.7678457342895,93.60385169982911,88.43985766536872,100734.85,3.2163645451400384,2.590103523495976,0.0,0.1783585840453794,-0.9012052115274116,0.5869602630479642,-0.24813640929360892
2025-08-07,100.27404022216797,101.74865846072926,98.79942198360668,100.27404022216797,134314,97.85566711425781,94.06589889526367,96.40234870910645,68.5501851287641,1.1146706728451363,0.10548159041114642,1.00918908243399,99.87479122184504,94.06589889526367,88.2570065686823,104800.55,1.2816154113695013,2.6379879173128566,0.0,-0.07582910609321702,2.3730184169192814,1.9667096183160648,3.758980768953557
2025-08-08,102.73173522949219,102.73173522949219,99.29095940840871,100.27403821443257,385110,99.78250122070312,94.62133827209473,96.39415639241537,73.19775527853766,1.5577811644771486,0.3959415052243469,1.1618396592528017,101.47682080432737,94.62133827209473,87.76585573986209,120756.05,3.189156982196751,2.745026304482273,2.4509783408336983,-0.3563459079548914,0.07286453218204869,2.077152526035553,1.4917444537545066
2025-08-11,102.73173522949219,105.68097164756374,101.74865642346833,104.69789284153988,462050,101.25711822509766,95.15711631774903,96.37777163187663,73.19775527853766,1.8871950121720147,0.6941922066138806,1.193002805558134,102.78655088116317,95.15711631774903,87.52768175433489,141158.55,3.273269667335064,2.903331493764024,0.0,0.1439209000700048,0.4755796968586967,2.077152526035553,1.4917444537545066
2025-08-12,112.56253051757812,112.56253051757812,112.56253051757812,112.56253051757812,471100,103.71481628417969,96.23850326538086,96.5088488260905,84.09879510359333,2.907999274661492,1.136953620223403,1.771045654438089,106.88321288182021,96.23850326538086,85.5937936489415,161208.55,2.922301577676867,3.8269933330069463,9.569385026082688,0.3249476487076741,0.09471266391829491,-0.9136255757229428,0.6824120156242897
2025-08-13,114.03714752197266,121.90177838555698,114.03714752197266,119.9356206696609,1953600,106.46743774414062,97.37887458801269,96.71365699768066,85.07911244215873,3.7922683664250485,1.6680165694637323,2.124251796961316,110.38831777042259,97.37887458801269,84.3694314056028,255888.55,7.6345737235995905,4.561960604336535,1.3100425138045768,-0.23340628022624488,0.8761363011638768,1.6974124435986448,3.9624633540440213
2025-08-14,116.00330352783203,117.47792179301634,112.56252757573532,115.51176410610393,534302,109.61329040527343,98.5733154296875,96.95123443603515,86.29254822282613,4.59869940612117,2.25415313679522,2.3445462693259502,113.75320830467693,98.5733154296875,83.39342255469806,278253.65,1.9201976326276402,4.609085086062466,1.724136431490919,0.20617018015440802,-0.541320542258239,-1.7308933714739072,-3.1594770424557383
2025-08-15,114.03714752197266,116.98638409581677,112.5625292350506,116.98638409581677,661100,111.87437286376954,99.59080200195312,97.13965797424316,79.34360517216084,5.021267412183519,2.80757599187288,2.213691420310639,116.06464706842706,99.59080200195312,83.11695693547918,309407.65,2.1366633953620733,4.584387722689627,-1.6949138050949109,0.4652728781409321,0.39764198071750023,0.6500278671424109,-0.6991252799552372
2025-08-18,117.47792053222656,117.47792053222656,114.03714461705674,114.03714461705674,582105,114.8236099243164,100.7557502746582,97.41000467936198,82.06542449223893,5.569594410204957,3.3599796755392957,2.209614734665661,118.83516454195137,100.7557502746582,82.67633600736502,334212.9,1.741719125742902,4.4319061483536535,3.0172387551091084,-0.2992125774545329,0.6083510296844397,1.8125001102816007,0.3129106989349095
2025-08-19,116.00330352783203,119.93561890165685,115.51176410610393,119.44407947992875,484000,115.51176452636719,101.84696769714355,97.66396675109863,77.36071165269547,5.818090907903027,3.8516019220120423,1.9664889858909849,120.86512152900383,101.84696769714355,82.82881386528328,354797.9,1.3641568904438273,4.43083263464689,-1.2552290657800835,0.12037876283805815,-0.5269863303297595,-0.7571068801660807,1.7416204487505027
2025-08-20,116.00330352783203,116.98638237128823,113.54560641919153,115.02022468437583,388029,115.90499572753906,103.0659854888916,97.94250577290853,77.36071165269547,5.946478865838515,4.270577310777337,1.675901555061178,122.44681977455657,103.0659854888916,83.68515120322662,368699.3,1.0524267336553121,4.2988250769735314,0.0,0.2737679299698925,-2.989552002278928,-1.4432982913029635,-1.5074106616678518
2025-08-21,116.98638153076172,118.46099978535115,116.00330269436876,116.49484211256524,393050,116.101611328125,104.23093376159667,98.22104479471842,78.32161124307076,6.057723757721533,4.628006600166176,1.4297171575553564,124.03448089639488,104.23093376159667,84.42738662679847,384551.8,1.022098973402283,4.053341345508047,0.847456902547461,0.5739473988298771,1.4251223005524505,0.02091870534581819,-0.7263305452053004
2025-08-22,119.44407653808594,121.41023417657296,116.00330067073368,117.96945830922068,652499,117.18299713134766,105.4843593597412,98.52416076660157,80.54479674555958,6.271902989750103,4.956785878082962,1.3151171116671412,125.82745425732111,105.4843593597412,85.1412644621613,414772.2,1.5731502738129508,4.233820300218877,2.1008385550227215,0.7790624202977492,-0.8248855555042067,-0.020914330338672737,0.07838957698960147
2025-08-25,120.42715454101562,123.37639097875478,119.4440757284359,123.37639097875478,692350,117.77284393310546,106.84100799560547,98.81089210510254,81.36790156790637,6.446654730293929,5.254759648525155,1.1918950817687737,127.37915715427538,106.84100799560547,86.30285883693556,448089.05,1.545116980653734,4.193619626898878,0.8230445840620826,-0.4872876866823028,2.158306669891674,1.6108758089712572,-1.3054804045987467
2025-08-26,122.88485717773438,125.83409375,120.91869946289061,121.41023889160155,1165109,119.14915466308594,108.33528785705566,99.23525454203288,83.27318136323795,6.706158387150069,5.5450393962501385,1.1611189908999302,128.98157016851837,108.33528785705566,87.68900554559295,503544.4,2.3138158223981837,4.355395571176943,2.040820981020275,0.2525750082704059,0.11417520761634048,-0.16471710058513223,0.8465564944438064
2025-08-27,122.88485717773438,123.86793603515625,121.90177832031249,123.37639660644531,598036,120.52546539306641,109.81973686218262,99.62848612467448,83.27318136323795,6.833049760616845,5.80264146912348,1.030408291493365,130.14961663359716,109.81973686218262,89.48985709076808,530746.2,1.1267833853544313,4.036830523665852,0.0,0.3370125372272659,0.8837683642618943,0.10312574683200015,0.9706243288598149
2025-08-28,124.3594741821289,125.34255302941845,121.90177706390502,122.88485591119456,479420,122.00008392333984,111.39266319274903,100.02991002400717,84.38434128815226,6.972229831226372,6.036559141544059,0.935670689682313,131.06829942342986,111.39266319274903,91.71702696206819,550764.4,0.8704629420492682,3.9573565825788637,1.1999989569599467,0.09297408164834486,-1.1560045814190012,0.5562355438341049,1.1171703615763695
2025-08-29,121.90177917480469,125.83409463205645,120.91870031049174,125.83409463205645,505130,122.49162445068359,112.83287391662597,100.39856465657552,75.39479044268431,6.805762993299396,6.190399911895127,0.6153630814042694,131.03129716423803,112.83287391662597,94.6344506690139,572520.9,0.8822909347064884,4.085094947776976,-1.9762828875625749,-0.2688503744142423,-0.01382054501782859,-0.34829000854138537,-0.5138735784472992
2025-09-01,118.9525375366211,123.37639223839625,118.9525375366211,121.41023459316284,369030,122.19670104980469,114.01256828308105,100.70168062845866,66.27115873890352,6.3625145651733135,6.224822842550765,0.1376917226225487,130.41144888635716,114.01256828308105,97.61368767980494,585816.7,0.6299410720110916,4.130262914976734,-2.419358977488295,0.2220177645487098,-0.6659038390721239,-0.5756596973476857,-1.1105407117019683
2025-09-02,119.93561553955078,121.90177317134669,118.95253672365283,120.91869435544874,214010,121.60685272216797,114.99564704895019,100.9720272064209,67.6753384658677,6.021155044052691,6.184089282851151,-0.16293423879846003,130.2437155186301,114.99564704895019,99.7475785792703,572417.2,0.3738706663601304,3.972792719339018,0.826445591904279,0.2120392800051274,-0.2282809370366512,0.7237383308513756,-0.235045901727593
2025-09-03,121.41024017333984,121.90177960724,119.93562187163936,120.91870073943969,161147,121.31192932128906,116.05245704650879,101.34068183898925,69.71222499906648,5.8027248482171245,6.107816395924345,-0.3050915477072209,129.86683866199255,116.05245704650879,102.23807543102504,564274.55,0.28558261222307474,3.7052422324523784,1.229513541207261,0.38758813655075386,0.3477630507512153,-0.47217246793883616,-0.8115186394509144
2025-09-04,120.91869354248047,122.8848511610574,120.91869354248047,122.39331175641317,284000,120.62377319335937,117.08468971252441,101.70933634440104,68.1701863653492,5.526250463853259,5.991503209510128,-0.46525274565686914,128.87128465720903,117.08468971252441,105.29809476783977,571758.85,0.49671290614915714,3.473364283935652,-0.4048642273976055,-0.07155659478953469,0.33007400549494026,1.1963593433285569,1.5835346427000907
2025-09-05,119.93561553955078,122.39331257929567,118.95253672365283,122.39331257929567,188050,120.2305404663086,117.94488372802735,102.06979853312174,65.07008685263466,5.16824008881764,5.826850585371631,-0.6586104965539903,127.64794832959987,117.94488372802735,108.24181912645483,561905.85,0.33466460617913124,3.469019160163277,-0.8130074632209938,-0.09113950204554522,1.3016229374229527,1.8956378100669857,5.637823573437939
2025-09-08,118.9525375366211,121.41023459316284,117.96945871400439,120.91869518185449,303001,120.2305404663086,118.75592384338378,102.46630694071452,62.03212380256943,4.750428129922767,5.611566094281859,-0.8611379643590915,125.30339752623141,118.75592384338378,112.20845016053616,553953.4,0.5469792224400103,3.465253389362634,-0.8196714533103,-0.7004631226877445,0.215561079559623,1.0002039096841608,2.3610490578921617
2025-09-09,119.93561553955078,121.90177317134669,118.95253672365283,119.93561553955078,234209,120.2305404663086,119.12457809448242,102.89394620259603,63.849720176562265,4.447368821849409,5.378726639795369,-0.9313578179459601,124.9995049733792,119.12457809448242,113.24965121558563,542108.85,0.4320331608679696,3.3964511304734644,0.826445591904279,-0.4852509178164821,1.2538968205540568,-2.6539900039598496,-4.132635525885542
2025-09-10,121.90177917480469,122.39331860696116,119.9356214461788,120.42716087833527,251979,120.32884826660157,119.51780967712402,103.34452400207519,67.22873934474805,4.316091889597388,5.166199689755773,-0.8501078001583853,124.99855899513216,119.51780967712402,114.03706035911588,457027.8,0.5513428285981729,3.271284722065053,1.6393492678624222,0.06758799645232294,1.3575043934189956,1.0986845546368196,1.0275687429142533
2025-09-11,116.49484252929688,122.88485498870978,116.49484252929688,122.88485498870978,455213,119.44407806396484,119.54238662719726,103.67549387613933,52.65332003461469,3.732730778480814,4.879505907500782,-1.146775129019968,124.96083287052986,119.54238662719726,114.12394038386466,453073.35,1.0047225245095524,3.6871150870447664,-4.435486243194509,-0.3782383940657219,0.09177735950691712,0.30187574446240983,-1.215574993561963
2025-09-12,120.91869354248047,121.90177235176894,117.47791770997087,117.47791770997087,316000,119.64069366455078,119.88646392822265,104.0982177734375,60.24725843776862,3.5860430283331084,4.6208133316672475,-1.034770303334139,124.66969533704632,119.88646392822265,115.10323251939899,435818.35,0.7250727281217049,3.916423718435073,3.797465121317334,0.17595008979807147,1.026858565050115,1.4847435181293944,-0.5524888065323696
2025-09-15,118.46099853515625,122.88485325223678,118.46099853515625,121.41023501320993,335000,119.54238586425781,119.93561782836915,104.50947240193685,54.97213837715375,3.2341946989626678,4.343489605126332,-1.1092949061636643,124.63408871182267,119.93561782836915,115.23714694491562,423463.1,0.7910960836965488,3.984081184921134,-2.0325186580524846,-0.0168380656651812,-0.4611663437352198,1.4847435181293944,-0.5524888065323696
2025-09-16,121.90177917480469,122.39331860696116,118.95254258186586,119.44408201402233,282001,119.9356185913086,120.23054161071778,105.00920422871907,60.22310887366868,3.1961513614624835,4.114021956393563,-0.9178705949310793,124.62005854821543,120.23054161071778,115.84102467322013,413363.15,0.6822112711304817,3.9771797031723044,2.9045683239174336,-0.29982346654272574,1.0745701295846288,4.171615473886758,2.095961033914717
2025-09-17,120.91869354248047,125.83408758892277,120.91869354248047,124.35946937499008,453000,119.73900146484375,120.4763111114502,105.4712511698405,58.1370326963857,3.05149916498533,3.9015173981119164,-0.8500182331265864,124.3943742287713,120.4763111114502,116.5582479941291,416611.7,1.0873434423469144,4.102274948941638,-0.8064571649233243,-0.48651948491017505,-0.7467550083917751,0.28467844299508993,3.5122461138007433
2025-09-18,121.41024017333984,122.39331904114016,120.91870073943969,120.91870073943969,157028,120.72208099365234,120.6975040435791,105.9382137298584,58.90356281387041,2.942604449808428,3.709734808451219,-0.7671303586427909,124.27027761039427,120.6975040435791,117.12473047676393,404810.6,0.38790486217505177,3.751921688904045,0.40651004113494427,0.1304608418786879,1.3016200996530891,0.3595734788724547,3.2257968804946024
2025-09-19,129.27487182617188,129.7664112627733,121.41024084054925,122.39331971375208,2008480,122.39331665039063,121.1890438079834,106.53297653198243,68.75980380916134,3.4511321472625838,3.658014276213492,-0.2068821289509084,126.37607841006684,121.1890438079834,116.00200920589995,472609.65,4.249765107420045,4.365821608974632,6.477733378670147,0.08010681923562579,-0.7411524345470877,-1.7160033765390659,-3.2870225642696593
2025-09-22,130.74948120117188,131.73256000719573,126.81716597707648,129.76640239514802,1585031,124.85101318359375,121.70516014099121,107.13593152364095,70.20280221707407,3.9278547988604515,3.7119823807428842,0.2158724181175673,128.40620914504953,121.70516014099121,115.00411113693289,517243.7,3.06437951781723,4.439097931793913,1.1406774991684632,0.35037367829144905,1.1815861562103347,7.674597135005956,4.1646645174620245
2025-09-23,124.3594741821289,131.24102611315578,123.86793475848413,130.74948668951103,915115,125.3425521850586,121.77889099121094,107.65204798380533,57.753631447768484,3.7468494241047807,3.7189557894152636,0.02789363468951711,128.56648412326956,121.77889099121094,114.99129785915233,504744.0,1.8130279904268303,4.83029705484428,-4.887214052659427,0.005624330335418648,1.417160099788184,7.674597135005956,4.1646645174620245
2025-09-24,128.2917938232422,128.78333326317798,122.88485998394845,124.85101774369163,548186,126.81717224121094,122.04923782348632,108.22551078796387,62.19637809784693,3.876026273668728,3.7503698862659567,0.1256563874027714,129.42733116440297,122.04923782348632,114.67114448256967,502251.5,1.091457168370826,4.972720551428981,3.1620587550525103,0.18631834557791827,-0.19292856211109433,-0.21383577000940734,-2.251841649683517
2025-09-25,125.83409118652344,130.749485373497,125.83409118652344,128.29178828001022,897324,127.70194244384766,122.12296867370605,108.74981956481933,58.084965107698906,3.7370059167094496,3.7476970923546555,-0.010691175645205941,129.6266721744833,122.12296867370605,114.61926517292879,523146.7,1.7152435444971745,4.96507703616826,-1.9157130502866937,0.2976129160905838,-0.6599329621733818,0.0,0.7522293552873593
2025-09-26,125.83409118652344,127.80024886131287,122.8848546743393,126.3256306052208,651018,127.01378631591797,122.319584274292,109.25938212076822,58.084965107698906,3.585499871607908,3.7152576482053066,-0.1297577765973985,130.0028099017815,122.319584274292,114.63635864680249,530441.1,1.2273143992801463,4.958452656275636,0.0,0.6501132916399088,-1.7043185521454118,0.2321407203542014,-0.6066238780146782
2025-09-30,127.80024719238281,128.2917866046612,125.83408954326923,127.30870778010441,350404,126.42393951416015,122.76196975708008,109.82629089355468,60.5071247707414,3.582782510567185,3.6887626206776822,-0.10598011011049735,130.6451744912538,122.76196975708008,114.87876502290636,529509.8,0.6617516805165834,4.625018576957816,1.5624986737059476,0.046643707979932,0.9390763957033643,2.4563311042782088,2.2851718986223624
2025-10-01,125.3425521850586,128.78332812739353,124.35947334439147,128.29178870705996,517150,126.6205551147461,123.03231658935547,110.3882843017578,56.139958575226466,3.3437686514972427,3.6197638268415946,-0.2759951753443519,130.87817013045048,123.03231658935547,115.18646304826045,544666.8,0.9494795717308269,4.598196737763715,-1.9230753158282599,-0.05285909728485194,0.6288447090782023,-2.7526169612526075,-1.3497748788239283
2025-10-02,127.30870819091797,127.80024760478251,124.85101112159522,126.81716877705342,438150,126.42393798828125,123.32723999023438,110.99451624552408,58.70762018120097,3.2752458090865417,3.5508602232905844,-0.27561441420404265,131.35763660464215,123.32723999023438,115.29684337582658,558516.95,0.7844882773924767,4.378335370486859,1.5686261142636493,0.01609605957935134,1.5220791911750853,1.1687359817073473,1.6041486635447466
2025-10-03,131.73255920410156,136.6479532042546,127.80024400397913,127.80024400397913,2348290,127.60363159179687,123.86793327331543,111.6728406270345,63.83736766447501,3.537134878801197,3.548115154392707,-0.010980275591510047,132.6376880204824,123.86793327331543,115.09817852614847,661731.45,3.54870544538876,5.039789989533496,3.474900559472638,0.055177608565615266,1.4506947270404247,1.9314078330345819,2.623636754652292
2025-10-07,137.63104248046875,139.1056607927595,131.24102979387555,133.20718754359655,3552383,129.96302185058593,124.75270462036133,112.4396422068278,69.31161751779001,4.172543671948247,3.6730008579038156,0.4995428140444318,135.2520227696869,124.75270462036133,114.25338647103575,829948.1,4.280247162443049,5.416435457446888,4.477619892913709,0.29750124162626346,1.684868471805201,-1.5281633164298092,-1.3507654566701555
2025-10-08,139.59719848632812,142.05489564277755,137.63104076116858,138.61411962374834,3003105,132.322412109375,125.78493766784668,113.2326592763265,70.89330189865548,4.779665072494424,3.894333700821938,0.8853313716724864,137.82894859492137,125.78493766784668,113.740926740772,964953.3,3.1121765167288404,5.2840913806685,1.4285701615159851,0.0858699164537402,-0.5448692045472381,0.575419506715269,0.17668129194534643
2025-10-09,140.08872985839844,149.427978515625,140.08872985839844,141.0718086644223,6226704,135.27164764404296,126.79259338378907,114.05189158121745,71.29165837702718,5.240071349640274,4.163481230585606,1.0765901190546687,140.08369010371152,126.79259338378907,113.50149666386662,1264578.05,4.923938067721482,5.890316533818951,0.35210690286056057,-0.03831349420129193,0.8802950564221979,0.5547806000514077,0.5952381599259704
2025-10-13,137.63104248046875,138.122581917899,130.7494903564453,132.7156481061663,1665100,137.33611450195312,127.57905654907226,114.82524693806967,66.3984158504245,5.3450177719608405,4.399788538860653,0.9452292331001875,141.49825477216004,127.57905654907226,113.65985832598447,1335234.1,1.2470472406299389,6.350172929570176,-1.7543790856080377,0.2671434399057038,-1.3863493889187506,-2.0000022094964653,-3.068157645892322
2025-10-14,128.2917938232422,139.59720094176544,126.8171755034348,139.10566150182964,3034249,136.64796142578126,128.16890411376954,115.42820205688477,51.83793546124552,4.621317580074702,4.444094347103463,0.17722323297123932,141.0732009670528,128.16890411376954,115.26460726048629,1464185.9,2.0723113096499564,7.2074865974049045,-6.785713810568494,0.0847841788281345,-0.4838520946744862,-4.204781131940328,-3.2331029692624025
2025-10-15,130.74948120117188,130.74948120117188,127.80024478310033,129.76640239514802,564600,135.2716491699219,128.6604434967041,116.0459031422933,54.655916080339495,4.197706250995054,4.394816727881782,-0.19711047688672778,141.143997077698,128.6604434967041,116.17688991571018,1476615.9,0.3823607750668268,6.639719906827124,1.91570115647135,-0.02313105345168598,1.8010593746521364,3.030304127529093,4.018693041938404
2025-10-16,132.71563720703125,135.17333419234663,131.7325584129051,132.22409780996816,1059000,133.8953369140625,129.37317543029786,116.68818117777506,56.83197716716606,3.9748242785254604,4.310818238010518,-0.33599395948505784,141.0033716531679,129.37317543029786,117.74297920742781,1512815.9,0.700019083617511,6.344270984740142,1.5037581700490632,-0.24149632990847492,1.364430807973327,-0.07130617162119934,2.3135668392111786
2025-10-17,141.07180786132812,142.54642606196919,131.73255925726806,131.73255925726806,4013153,134.09195251464843,130.33167686462403,117.46972872416178,64.60612174584347,4.4214936197707,4.332953314362555,0.08854030540814506,142.51582267728034,130.33167686462403,118.14753105196772,1699373.5,2.3615485353867176,6.940217094068272,6.296296977621085,0.006860517943563238,-1.2496442248141726,0.4994642066477706,-0.9659707899298708
2025-10-20,152.37721252441406,154.8349095006143,145.49566099105343,145.49566099105343,9527236,137.0411865234375,131.90460281372071,118.4822998046875,71.96289160999387,5.622916482818454,4.590945948053735,1.031970534764719,146.79418348931654,131.90460281372071,117.01502213812489,2153085.3,4.424922691172524,7.849935033430658,8.013936189290938,0.03266778205262,1.4147553157768167,3.7806252622347936,5.475500984593995
2025-10-21,159.25877380371094,160.73339207967123,152.37722184922958,153.36030069986978,8990614,143.23458251953124,133.79702949523926,119.57515576680501,75.32493201664342,7.04907983674201,5.08257272579139,1.9665071109506194,152.26216938938882,133.79702949523926,115.3318896010897,2594764.6,3.4649054484557094,7.917434303007527,4.516135428185697,-0.08033787001248127,0.23034471151326397,-0.1026238111519584,2.7112190353087984
2025-10-22,159.75030517578125,164.17415978064903,157.7841475736178,159.75030517578125,5227895,149.0347473144531,135.32080116271973,120.66473477681478,75.55045429265716,8.125323373494098,5.691122855331932,2.4342005181621653,156.96992471565596,135.32080116271973,113.6716776097835,2755735.35,1.897096177976597,7.713778023544023,0.30863691860150144,0.2614607328592866,-0.37294058215946446,1.0101033114862767,1.39145407429897
2025-10-23,160.24185180664062,167.12340372471724,156.80107584760233,157.78415469304184,5461755,154.539990234375,136.79541969299316,121.78052927652995,75.78876643479965,8.91514954094967,6.33592819245548,2.5792213484941904,161.0003492396716,136.79541969299316,112.59049014631472,2949571.55,1.85171131041049,8.061584670686807,0.3076968337046404,0.22101202829689637,-0.42189869317011963,-1.694915395830987,-2.7648824698371155
2025-10-27,159.25877380371094,165.64878633287216,158.27569495307074,165.1572469075521,3317501,158.17738342285156,138.54038467407227,122.88485450744629,74.23041570965869,9.353939893668922,6.939530532698169,2.4144093609707538,163.97130203509016,138.54038467407227,113.10946731305438,3069690.85,1.0807280479074952,7.969785565235423,-0.6134964067414428,0.1894395419437922,1.6757472785653427,0.7620977547480479,2.3927262525623716
2025-10-28,156.8010711669922,161.71646524746217,154.3433741267572,160.24184702332118,2506411,159.0621551513672,139.96584854125976,123.9449410756429,70.33666467241625,9.395067852629012,7.430637996684338,1.9644298559446742,166.1624936124806,139.96584854125976,113.76920347003892,3167602.1,0.7912644710015819,7.8902263059646955,-1.5432133363954659,-0.7530777372024122,-0.15904147839432836,-0.9207484955256806,-0.6373160221708751
2025-10-29,151.39413452148438,158.76722548843978,151.39413452148438,158.27568609064275,2047929,157.48922729492188,141.2438507080078,124.91982752482096,62.561651706853915,8.88890173077516,7.722290743502503,1.1666109872726569,167.02833553875791,141.2438507080078,115.45936587725772,3225132.35,0.6349906849559213,7.821274927430124,-3.4482778754422294,-0.18953750952860338,1.2366435536016018,1.1948149462903013,0.7385858935814227
2025-10-30,145.49566650390625,154.34337595346813,144.0210482623126,152.37721829800992,2250989,154.63829956054687,142.22692947387696,125.7931292215983,55.370910661045784,7.920501745233565,7.761932943848716,0.15856880138484897,167.0177458859587,142.22692947387696,117.43611306179521,3305130.9,0.6810589559402928,8.154748629260178,-3.896100754643883,0.3997594261948789,-0.025485081114973163,-0.5903578786495611,-0.7717567318997531
2025-10-31,147.953369140625,149.42798743770763,144.51259311409882,145.00413254645972,1154091,152.18060302734375,143.23458557128907,126.66970787048339,57.55977051752465,7.267577730484959,7.663061901175966,-0.39548417069100683,167.18027974828271,143.23458557128907,119.28889139429543,3345315.25,0.3449872175723947,7.7228347218399955,1.6891930156921697,0.21359802296341268,-0.19153205969807408,11.910262568798569,3.9471103847868116
2025-11-03,145.98721313476562,149.42798920191498,143.52951594394466,148.9364497637508,1634283,149.5262908935547,144.2668186187744,127.43159408569336,55.22621296276012,6.516361824097913,7.433721885760356,-0.9173600616624427,166.6969406552297,144.2668186187744,121.83669658231914,3401171.9,0.4805058515272339,7.479586526657373,-1.3289024895341228,0.16628250572858772,0.3585838583650913,11.910262568798569,3.9471103847868116
2025-11-04,144.02105712890625,150.41106990254372,143.5295176847803,147.46183323778797,1217100,146.9702880859375,145.10243606567383,128.16071103413898,52.91590245408701,5.696697465930129,7.086317001794311,-1.389619535864182,166.07004034256818,145.10243606567383,124.13483178877947,3440119.4,0.35379585952743386,7.399848618804845,-1.3468001502599747,0.3940632008074152,-0.7694810409372921,1.945758379689888,-2.9180660246786116
2025-11-05,139.59719848632812,142.54643507406746,137.13950132987867,138.61411962374834,1291804,144.61090087890625,145.49566802978515,128.81609700520832,48.04569439242395,4.636690256949919,6.5963916528254325,-1.9597013958755136,165.68818068198289,145.49566802978515,125.3031553775874,3387295.1,0.3813674220471668,7.33074290950121,-3.0716748861373433,0.051456216481238215,-1.4208708043573326,-3.499131780813225,-3.15992163667127
2025-11-06,143.0379638671875,145.00412144611792,138.6141093145941,141.5633456829897,912153,144.1193603515625,145.7660140991211,129.48786748250325,51.764206797075936,4.027837513835124,6.082680825027371,-2.054843311192247,165.657719215202,145.7660140991211,125.87430898304018,3255283.6,0.2802069226779504,7.205312139104227,2.4647811117759266,-0.08441462583944626,0.6580375706382924,0.3895688311258638,1.711102861449998
2025-11-07,136.64796447753906,141.56335888320595,135.173346155839,141.56335888320595,1518128,141.8582794189453,145.61855239868163,130.0531379699707,45.282250051451015,2.995171310638341,5.4651789221495655,-2.4700076115112246,165.74514817219477,145.61855239868163,125.4919566251685,3181034.75,0.47724345042128197,7.293219548736797,-4.4673450438525775,0.2780553192774038,-0.8890464487496197,-2.9253692298762624,-2.4647922636517605
2025-11-10,142.0548858642578,142.546425261712,136.15641309480768,136.64795249226185,939100,141.07181396484376,145.71686019897462,130.5446772257487,50.886429058474604,2.5832907058134253,4.888801278882338,-2.3055105730689123,165.74871281405777,145.71686019897462,125.68500758389148,2916654.55,0.3219784804477445,7.1727918978258,3.956825414408205,-0.038733360616827195,0.7887467877500054,-0.707260430571921,0.5014058445047764
2025-11-11,148.9364471435547,152.86876257968814,144.51259227790453,144.51259227790453,3077641,142.05489196777344,146.2821304321289,131.12633221944174,56.93227784508665,2.780109471255628,4.467062917356996,-1.6869534461013682,165.9886695517685,146.2821304321289,126.57559131248928,2987281.6,1.0302480355383972,7.658269873506404,4.844297496301975,0.0,-0.30341598250608337,-1.5794386011026895,-2.274999714715076
2025-11-12,147.953369140625,152.8687634642338,147.4618297082641,148.44490857298587,2340160,143.72612609863282,147.26520919799805,131.6588333129883,55.874115960380266,2.824207871624708,4.138491908210539,-1.314284036585831,165.06209508568918,147.26520919799805,129.4683233103069,2952577.15,0.7925821684286896,7.35809172450151,-0.6600654317892585,-0.008074886659015235,0.5835555923585645,-0.5349258144336844,4.921383255271583
2025-11-13,155.3264617919922,155.3264617919922,146.47875194308125,147.46183081518245,3185876,146.18382568359374,148.49405822753906,132.34698855082195,61.63368557335305,3.414740130465958,3.993741552661623,-0.579001422195665,164.82276445174864,148.49405822753906,132.16535200332947,3083640.95,1.0331540058189979,7.556707474422767,4.98338949237398,0.3223070095614844,-0.1557560988223461,0.2530863562269614,-0.622810891433645
2025-11-14,159.75030517578125,165.64877798227164,152.37721416766826,154.34337176983172,9472351,150.80429382324218,149.84579162597657,133.0515282948812,64.61780448992229,4.191392624498917,4.033271767029082,0.15812085746983495,165.1165234175888,149.84579162597657,134.57505983436434,3504308.5,2.7030585349434846,8.318688319780183,2.8480938358805385,0.1957261013469047,-1.8136056365454567,-1.8933402929671939,-0.6854706974093072
2025-11-17,148.4449005126953,164.66570089984415,146.97028229568178,164.17416149417298,6198957,152.0822967529297,150.2144462585449,133.59222157796225,53.22452199476794,3.8502602449965195,3.99666946262257,-0.1464092176260503,164.93956990160092,150.2144462585449,135.4893226154889,3613598.7,1.7154525210560874,9.568919024364474,-7.076922107063288,-1.8326170463155322,0.18180690528333265,0.16081866593591343,-1.2226315741891924
2025-11-18,146.9702911376953,154.83492210158536,146.4787517024522,146.4787517024522,3305767,151.6890655517578,149.944100189209,134.10833803812662,51.938172748491674,3.421481020372198,3.881631774172496,-0.4601507538002978,164.70053863787382,149.944100189209,135.18766174054417,3302525.25,1.0009815973397933,9.407219207666966,-0.9933715270157739,2.0307929943259806,-2.518248208944085,-3.9498995666181425,-3.5935353819261273
2025-11-19,152.86875915527344,159.75031101435326,148.4449043887221,148.93644380722782,5829050,152.6721435546875,149.6245994567871,134.7063776652018,56.47008854503821,3.5170847059534083,3.8087223605286784,-0.29163765457527013,163.79701989922302,149.6245994567871,135.4521790143512,3144447.05,1.8537599480328346,9.856925963532431,4.013374384658386,-0.23030738201144096,-0.6577934530601293,1.1033037150315117,-0.8904487431288799
2025-11-20,161.2249298095703,166.14032401108162,155.81799618790788,159.2587721289658,7004077,153.85183715820312,149.69833068847657,135.40272521972656,61.944657652097,4.218496253051256,3.890677139033194,0.3278191140180624,164.1059467503274,149.69833068847657,135.29071462662574,3233256.15,2.166261092552163,10.312211149169197,5.466238295170078,0.2565641148130293,3.183733789520926,1.785715449942571,4.074378378556531
2025-11-21,153.3603057861328,161.71647629371057,153.3603057861328,156.30954243586615,4416691,152.57383728027344,149.35425338745117,135.95161107381185,54.941155079727935,4.092583768103822,3.9310584648473195,0.16152530325650227,163.0107813660766,149.35425338745117,135.69772540882573,3181002.95,1.3884586306340898,10.05140573029034,-4.878044625435251,0.5422820276357987,-3.614843327615369,-1.4619852372294129,-3.0917466003484773
2025-11-24,155.3264617919922,156.3095406640934,149.4279885593849,154.34338291989096,2661396,153.9501495361328,149.15763778686522,136.49230448404947,56.2722031025438,4.10413960779357,3.96567469343657,0.13846491435700026,162.3179704311209,149.15763778686522,135.99730514260955,3148197.7,0.8453713056203553,9.628758580212763,1.282050134016588,-0.04305999745704003,0.2621560052100236,-1.4619852372294129,-3.0917466003484773
2025-11-25,152.86875915527344,156.30953508481335,149.42798322573353,156.30953508481335,2967333,155.12984313964844,148.9610221862793,136.99203618367514,54.120075066795806,3.870366455814576,3.946613045912171,-0.07624659009759505,161.75288128985463,148.9610221862793,136.169163082704,3171243.8,0.9357000556059424,9.26246435072837,-1.5822819939142252,0.27920716971145954,1.5391110399419539,0.7583205872659704,1.86450899023336
2025-11-26,151.88568115234375,154.34337825836872,150.90260230993374,152.86875999475373,1171972,154.9332275390625,148.98559951782227,137.45080629984537,53.24291403460491,3.564681935303156,3.870226823790368,-0.30554488848721206,161.79901268178713,148.98559951782227,136.1721863538574,3127445.95,0.37473773127877713,8.486239230422585,-0.6430862711007901,-0.12091894024681693,1.8481197988450715,3.697649533792924,0.40675364235596145
2025-11-27,156.8010711669922,160.24184702332118,152.3772164945692,153.85183471871022,3669237,154.04845581054687,149.55086975097657,138.03246116638184,56.99596795613428,3.67667324450062,3.8315161079324183,-0.15484286343179843,162.70888312888093,149.55086975097657,136.39285637307222,3198358.35,1.1472251069052346,8.4688961158299,3.236243191165755,-0.44348084794223475,0.5289772806627235,1.8933402929671939,3.5446662859105693
2025-11-28,158.27569580078125,162.20801122440315,156.80107751692304,160.2418535125922,3629178,155.03153381347656,150.06698608398438,138.68784713745117,58.08298389408251,3.840150186943333,3.8332429237346015,0.006907263208731695,163.760060101762,150.06698608398438,136.37391206620674,3322112.7,1.0924307293969888,8.060635308040707,0.9404429592311914,0.2105664976116417,0.261122848805706,-0.4955131423863057,0.13693129636136447
2025-12-01,151.88568115234375,158.7672330492137,151.39414173113875,158.7672330492137,1447262,154.34337768554687,150.36190948486328,139.22034823099773,51.95447591551738,3.4147232589311045,3.7495389907739023,-0.3348157318427978,163.93859088275534,150.36190948486328,136.78522808697122,3312761.65,0.4368747748574064,7.968962776045274,-4.037268398099791,0.19863050869839416,-1.027822462568817,0.342359815218507,-3.2037494063189564
2025-12-02,147.953369140625,153.36030289659467,147.953369140625,152.8687634642338,1253378,153.36029968261718,150.55852508544922,139.6627337137858,48.55895822840692,2.728808630534502,3.5453929187260225,-0.8165842881915206,163.85966333160795,150.55852508544922,137.2573868392905,3314575.55,0.37814132792960475,7.627358906701861,-2.5889945529325997,0.0608734112671927,0.8109719183892139,1.4888372559487495,0.5449042075077015
2025-12-03,153.85183715820312,154.34337657404402,148.44490358395316,148.44490358395316,1770257,153.75353088378907,151.27125701904296,140.21161944071451,53.47121114480948,2.630846656634162,3.3624836663076505,-0.7316370096734883,163.59074787462743,151.27125701904296,138.9517661634585,3338498.2,0.5302554903279564,7.462378710264149,3.9867074686023685,0.01911236723253218,0.8299495511413513,1.3141813135169933,-2.42874671979183
2025-12-04,149.91952514648438,157.29261654713116,148.93644629306482,155.8179982670018,2459238,152.3772216796875,151.6153350830078,140.71135126749675,50.04048613601967,2.2104259564140705,3.1320721243289347,-0.9216461679148642,163.33647280053427,151.6153350830078,139.89419736548135,3415852.45,0.7199485446158542,7.581550916104442,-2.555908388455075,-0.2780117606670518,0.009613468300440076,3.9819003919386198,2.0777636153460177
2025-12-05,148.9364471435547,150.9026048616214,148.444907714038,149.91952600258804,564081,150.50937194824218,152.2297592163086,141.21108309427896,49.19076935662367,1.7774243026584884,2.8611425599948457,-1.0837182573363573,161.72416751035587,152.2297592163086,142.73535092226132,3368150.1,0.16747501840847295,6.898370413634969,-0.6557371376204268,0.16062935130458644,0.6662167696174004,-1.9727303145215203,-1.9347051299564155
2025-12-08,151.88568115234375,153.36029941595874,149.91952346752376,151.39414173113875,780200,150.50937194824218,152.7212989807129,141.74358418782552,51.83321620696567,1.6531889757430065,2.619551843144478,-0.9663628674014717,160.92837054307032,152.7212989807129,144.5142274183555,3360205.1,0.23218820779719665,6.568434661470847,1.9801962953677865,-0.2901310503285237,1.1539613810094718,0.5918882126695779,0.5343157267708953
2025-12-09,153.3603057861328,154.83492411099948,151.88568746126614,152.8687663445106,1404280,151.59075927734375,152.9424919128418,142.26789296468098,53.14533575795982,1.6546477191657232,2.426571018348727,-0.7719232991830038,160.95624078580047,152.9424919128418,144.92874303988313,3276537.05,0.428586638445001,6.085875767762165,0.9708779804661116,-0.3494935499670837,-0.42813960011827135,0.05884490126983888,-2.616508695748121
2025-12-10,154.3433837890625,157.29262042197453,152.37722603378782,154.3433837890625,2186319,151.68906860351564,153.26199264526366,142.8987019856771,54.044125222338614,1.7153564019195926,2.2843280950629,-0.5689716931433075,160.94074459836216,153.26199264526366,145.58324069216516,3268845.0,0.668835322568063,5.929811583818771,0.641025067008294,-0.043961550810267536,0.7739912655269743,0.14701124359208784,-0.8396337249982233
2025-12-11,151.39413452148438,155.81798910165762,150.90259512368735,154.83491030606356,1789298,151.98399047851564,153.06537628173828,143.40662600199383,50.89022671514582,1.5081042157584932,2.129083319202019,-0.6209791034435259,160.72290166353957,153.06537628173828,145.407850899937,3199016.1,0.5593276007582456,5.794555903038971,-1.910836211553324,-0.23755066327988406,-1.3238408398111412,-2.906633601032893,-3.683318602493768
2025-12-12,150.4110565185547,152.86875352049185,148.44489891700493,152.3772141201044,878478,152.27891235351564,152.59841384887696,143.9391269683838,49.84600961583935,1.2501185971277948,1.9532903747871744,-0.7031717776593795,159.65495410648145,152.59841384887696,145.54187359127246,2769322.45,0.3172176645590693,5.611795729765364,-0.6493501257739842,0.33175603858714986,0.618273245078016,2.812217026474406,2.835160418175553
2025-12-15,146.47874450683594,149.42798097341654,146.47874450683594,147.95336274012624,981264,151.19752502441406,152.50010604858397,144.34874305725097,45.7979480427809,0.7200580391788662,1.7066439076655127,-0.9865858684866464,159.84901220828272,152.50010604858397,145.15119988888523,2508437.8,0.3911853026612819,5.3878645673591485,-2.614376963194631,0.449008499969894,-1.1741252883312847,-3.794118791871437,-4.103433464502926
2025-12-16,140.08872985839844,146.47874209755346,138.61411164936266,145.4956632915296,1168552,148.5432098388672,152.15602798461913,144.6682436625163,40.099067503746916,-0.21318211964998568,1.322678702202413,-1.5358608218523986,161.07231839791805,152.15602798461913,143.2397375713202,2401577.05,0.4865769349353168,5.718100339374367,-4.362417680429587,0.027453065033000712,-1.1852011859090683,-2.598592414668166,-0.802325216038946
2025-12-17,145.98721313476562,147.4618314492582,140.58027931495948,141.0718187531237,802500,146.87197570800782,151.81195068359375,145.07785987854004,46.69308729355352,-0.4713894799378693,0.9638650657743566,-1.4352545457122259,161.1343021165339,151.81195068359375,142.4895992506536,2150249.55,0.3732124952659565,5.938767172905752,4.2105337683690625,0.4478345884427748,-0.04172704427407581,0.12555021525160193,-0.11233473736065314
2025-12-18,142.0548858642578,145.0041222489829,142.0548858642578,144.51258285152872,455071,145.0041259765625,150.85344848632812,145.29086011250814,43.273069604802295,-0.9820066586661653,0.5746907208862523,-1.5566973795524177,160.04184197463476,150.85344848632812,141.66505499802147,1822799.25,0.24965502920850993,5.671241852586028,-2.6936107526607467,0.518285581531619,-0.20577756708046735,-0.9717844217523863,-0.20242549135331966
2025-12-19,143.0379638671875,145.00412144611792,140.08872749879188,143.5295032619201,583610,143.52950744628907,150.33733139038085,145.49566815694172,44.37007123510236,-1.2924497168814923,0.20126263333270333,-1.4937123502141958,160.07598103125594,150.33733139038085,140.59868174950577,1631145.2,0.3577915687702113,5.570462131884696,0.6920409649753712,-0.37303888670811025,0.8293866411184903,1.329532840336456,-0.9691180757758322
2025-12-22,145.49566650390625,145.9872059177708,143.52950884844805,144.0210482623126,420070,143.33289184570313,149.84579162597657,145.84793802897136,47.12309557960169,-1.3248895126466493,-0.10396779586316723,-1.220921716783482,159.51630274119563,149.84579162597657,140.17528051075752,1519078.9,0.27652941529238545,5.220966121044511,1.7182170175469968,-0.032362001212404845,1.6366453414191628,0.09371948563838828,1.5020471446272943
2025-12-23,142.5464324951172,146.47874787429282,142.5464324951172,146.47874787429282,594235,143.82443237304688,149.32967529296874,146.08551534016928,44.290548187829636,-1.570473381680614,-0.3972689130266566,-1.1732044686539573,159.41383712693408,149.32967529296874,139.2455134590034,1400424.0,0.4243250615527869,5.049146022128661,-2.027025326359033,0.08982802507242482,0.571339720700248,-0.15605801860081314,1.7488766537401057
2025-12-24,141.5633544921875,146.97028817070856,141.5633544921875,143.52951219346787,670260,142.93966064453124,148.81355895996094,146.347669728597,43.35504253090449,-1.8234074401981388,-0.6824966184609531,-1.1409108217371857,159.3914313053526,148.81355895996094,138.2356866145693,1375338.4,0.4873418789150365,5.096851042980981,-0.6896545818243172,-0.13541653938790033,0.21726860803557013,-1.094090470851028,-3.0189494568178654
2025-12-26,141.07180786132812,143.03796546218288,140.08872906090076,143.03796546218288,614250,142.7430450439453,148.02709579467773,146.60163167317708,42.867486191668334,-2.0400072749434344,-0.9539987497574494,-1.086008525185985,158.44214506355002,148.02709579467773,137.61204652580545,1222589.05,0.5024173903733229,4.810502424087799,-0.3472273121971736,0.2562756491433227,0.6486648427758146,1.2310600756632262,-0.15696010465627852
2025-12-29,140.5802764892578,144.02105248724664,140.0887370609737,143.0379736306784,600311,142.2515075683594,147.14232482910157,146.81463216145832,42.3545580268707,-2.22567053384131,-1.2083331065742215,-1.0173374272670883,156.87574923866086,147.14232482910157,137.40890041954228,1071145.7,0.560438229831852,4.693410824379151,-0.34842636492862233,-0.602469435943731,0.8925301842964695,-0.31181638635569,-0.9207245043102108
2025-12-30,139.59719848632812,140.088737917618,136.6479618985888,140.088737917618,962158,141.07181396484376,146.52790069580078,147.0522095998128,41.290416924239295,-2.424191611173427,-1.4515048074940626,-0.9726868036793643,156.5477969869586,146.52790069580078,136.50800440464297,1046890.5,0.919062690892696,4.5919313265511335,-0.6993000920757275,-0.1982110917127744,-0.360140777928486,1.5326848348009126,0.22665544450712893
2025-12-31,144.02105712890625,145.00413601715817,139.10566268764666,140.58028102002453,995215,141.36673889160156,146.33128509521484,147.33074874877929,47.662873500417895,-2.199201548009455,-1.601044155597141,-0.598157392412314,156.38766488225045,146.33128509521484,136.27490530817923,1033982.35,0.962506758456757,4.766136926945851,3.169016778665079,-0.23692492856227654,0.893397362684345,1.5326848348009126,0.22665544450712893
2026-01-02,157.29261779785156,158.27569665908814,145.4956714630127,146.47875032424926,4615980,144.51259155273436,146.50332412719726,147.7567497253418,61.251098334991056,-0.9391651597114503,-1.468668356420003,0.5295031967085526,157.1988356423928,146.50332412719726,135.80781261200173,1176268.5,3.924257089261508,6.031270607377323,9.215014063580007,0.1917140625415037,1.3334355629436079,1.5326848348009126,0.22665544450712893
2026-01-05,160.24185180664062,165.1572460338382,158.76723353848135,160.7333912293604,8593900,148.3466003417969,147.0194404602051,148.13359654744465,63.51785614653252,0.29401210429676894,-1.1161322642766485,1.4101443685734174,159.2893912019771,147.0194404602051,134.74948971843307,1483001.6,5.794936431626237,6.275718291191897,1.874998362974245,0.1763399560895884,2.5731972423427285,2.5878045376946046,1.7639055408126714
2026-01-06,165.15724182128906,167.1233994620187,158.27569007873535,160.73338712964738,4749331,153.26199340820312,147.8304801940918,148.55959726969402,66.98441193814276,1.6489369464484298,-0.5631184221316329,2.212055368580063,162.53651009104186,147.8304801940918,133.12445029714172,1692264.1,2.806495156400233,6.618650436804092,3.067482033707214,0.3695945317161664,1.5653914873574148,0.060056806412167596,-0.24443880896056758
2026-01-07,162.69955444335938,174.0049615496955,161.2249361251416,171.54726435266593,6088135,157.88246459960936,148.37117385864258,148.93644434611002,63.723987597439546,2.4956416109039026,0.04863358447547417,2.4470080264284286,164.4372706843263,148.37117385864258,132.30507703295885,1957660.85,3.1099028210121276,7.440167101837402,-1.4880893812631357,0.055600146772261105,-0.46058572988449953,0.27011191005656965,-3.1855679624033795
2026-01-08,154.3433837890625,164.66571200425457,153.36030491142517,164.66571200425457,3146206,159.94692993164062,148.42032775878906,149.21498336791993,54.08479023643571,2.4639847389988745,0.5317038153801542,1.9322809236187202,164.55655702681082,148.42032775878906,132.2840984907673,2044757.15,1.5386697633017203,7.955532433969669,-5.135951774966852,-0.13653985571981941,-0.2461598922053443,-4.609399445682117,-2.6000928738279305
2026-01-09,157.29261779785156,160.73339381217957,152.868762922287,153.85184178352355,2043363,159.94692993164062,148.56778945922852,149.6983304341634,56.58112655312301,2.6463692789311324,0.95463690809035,1.6917323708407825,164.98341128685183,148.56778945922852,132.1521676316052,2037609.35,1.0028237257548902,7.943412228092722,1.9108263252927804,0.304299038122946,-0.23579889662018738,0.21964199838957477,1.181199881542283
2026-01-12,157.29261779785156,162.69955153465273,156.30953893661498,158.76723608970642,1744200,159.35708312988282,148.8627136230469,150.14071604410807,56.58112655312301,2.7591050947876568,1.3155305454298114,1.4435745493578453,165.69870163007172,148.8627136230469,132.02672561602205,2035354.45,0.856951475945627,7.736292277418725,0.0,0.15374978232687297,0.918909452108041,0.21964199838957477,1.181199881542283
2026-01-13,162.2080078125,163.19108664772727,155.32645596590908,157.78415305397726,2819410,158.767236328125,149.45256118774415,150.63225555419922,60.71012987044648,3.2080989676980494,1.694044229883459,1.5140547378145903,167.31243061680445,149.45256118774415,131.59269175868386,2132401.05,1.3221762388458775,7.753404064671988,3.1249972716237417,-0.07406428934867426,0.4577823055845309,3.5691918054417737,-1.821151064613169
2026-01-14,164.66571044921875,171.54726252769356,161.22493440998133,163.6826315808652,7551364,159.16046752929688,150.36190948486328,151.0254872639974,62.62401288464102,3.7193713124493115,2.0991096463966294,1.620261666052682,169.39754910278123,150.36190948486328,131.32626986694532,2460906.05,3.0685299830930157,8.09592727174402,1.515154935852281,0.1488727455515093,0.7638548470983331,4.141470678138481,-2.8299702552017636
2026-01-15,166.14031982421875,171.05571390185835,164.1741621931629,167.12339863974668,5643101,161.5198547363281,151.66448898315429,151.2548723856608,63.7645280274482,4.195187472155283,2.51832521154836,1.6768622606069226,171.29622875437022,151.66448898315429,132.03274921193835,2684633.5,2.102000515154117,7.93401053000421,0.8955169664510931,-0.335893987830016,-0.4240196321329548,-1.306238198237275,0.04895143197567453
2026-01-16,166.14031982421875,168.10647745527461,160.7333863388152,167.12339863974668,3552707,163.28939514160157,152.67214431762696,151.36956481933595,63.7645280274482,4.520169506430278,2.9186940705247437,1.6014754359055345,173.1284420874741,152.67214431762696,132.21584654777982,2822143.85,1.2588681473483359,7.859221274864905,0.0,0.16978112646923726,1.9412784151040752,0.41176415586063886,2.152634327339986
2026-01-19,176.462646484375,179.41188291586874,169.08955540564068,169.08955540564068,9275683,167.12340087890624,154.3925323486328,151.64810384114583,70.95888052243751,5.54670662290971,3.444296581001737,2.102410041907973,176.78497787628405,154.3925323486328,132.00008682098158,3263174.45,2.84253359485577,8.58086685043625,6.213017208030869,0.13876592712758207,0.7341591644532297,0.5565342807055895,-3.568004867199648
2026-01-20,172.03880310058594,177.44573691231864,169.08956647600445,172.03880310058594,4061434,169.08955993652344,155.84257431030272,151.84471969604493,65.0023461727494,5.934864075314579,3.9424100798643056,1.9924539954502731,178.8856227727658,155.84257431030272,132.79952584783965,3437065.65,1.1816573826572094,8.550907328553308,-2.5069574053910415,-0.1866616541035815,0.3814914160573224,-3.699392512012789,-1.6389360888739657
2026-01-21,168.10647583007812,174.00494866622122,165.6487788150185,168.59801523309005,3097204,169.7777130126953,156.97311477661134,151.99218139648437,60.16749179627794,5.857652336100529,4.3254585311115505,1.532193804988978,180.09725225023152,156.97311477661134,133.84897730299116,3570922.35,0.867340058514574,8.524942331573232,-2.2857211278136447,0.4225198331249791,-1.617195376823788,-0.18148583570365417,-0.12623123052488694
2026-01-22,172.03880310058594,175.9711186000279,171.5472636631557,172.53034253801619,3735204,170.95740966796876,158.44773330688477,152.24614359537762,63.121503779474956,6.044094860163057,4.669185796921852,1.3749090632412049,181.45941474707212,158.44773330688477,135.43605186669743,3727970.8,1.0019402512487492,8.436902390023437,2.339188452491636,-0.13351674979606987,1.5992608141158327,1.0303069906034024,0.8088984688186862
2026-01-23,167.12339782714844,174.00494950238397,165.15724020565258,173.02187069163602,2850117,171.15402526855468,159.72573547363282,152.50829798380533,57.39196033303561,5.7291773872863985,4.8811841149947615,0.847993272291637,181.60012404971516,159.72573547363282,137.85134689755048,3836963.65,0.7428053169072895,8.491676644251164,-2.8571491924200387,-0.1769903822365304,0.6786024824792181,-0.05999214395631114,0.3009013815283179
2026-01-26,163.68263244628906,167.12340850371857,160.24185638885956,167.12340850371857,2164450,168.5980224609375,160.85627670288085,152.81141408284506,53.7163490211299,5.142680392259933,4.933483370447796,0.2091970218121375,180.93479472252383,160.85627670288085,140.77775868323786,3914473.65,0.5529351308827944,8.276993373665544,-2.0588172725030884,-0.6750241196508577,0.32229317820207104,-4.5918359044999075,-4.050000683971855
2026-01-27,167.12339782714844,169.08955544864432,161.71646436803482,164.17416139490464,1944293,167.61494140625,162.18343276977538,153.13091456095378,56.702591743024826,4.899045165658066,4.92659572948985,-0.02755056383178367,180.00052371234392,162.18343276977538,144.36634182720684,3981672.75,0.488310597599966,8.156473067924738,2.1020955793757956,0.22218190498228818,0.7902828245345717,1.5413631437085407,0.7556060524520625
2026-01-28,160.24185180664062,170.07264026103576,159.25877296120112,169.58110083831602,3044634,166.0420166015625,163.215665435791,153.36849187215168,49.78420672141279,4.103378052973255,4.761952194186531,-0.6585741412132755,177.58085096674296,163.215665435791,148.85047990483906,4085796.55,0.7451751360453814,8.51079229884606,-4.117643675259175,-1.050238363220013,1.5035014375913036,-1.2701324498204714,0.02585866280819804
2026-01-29,155.8179931640625,162.2080055020209,155.32645375345032,161.7164660914087,1908379,162.7978546142578,163.80551223754884,153.56510747273762,45.9064922029712,3.0803295908866346,4.425627673526552,-1.3452980826399177,175.58897361671544,163.80551223754884,152.02205085838224,4131454.75,0.46191453506782326,8.293560225475996,-2.7607385915112026,0.5120485824171128,-0.8156086050381428,-1.6316329018517206,0.3619468062261433
2026-01-30,152.86875915527344,159.75031101435326,152.86875915527344,157.29261392182477,2040790,159.94692687988282,163.5843193054199,153.7863001505534,43.475298886887465,2.0084258937827713,3.9421873175777966,-1.9337614237950254,176.03002088923483,163.5843193054199,151.138617721605,4002695.25,0.5098539540325984,8.105292443289839,-1.8927429040135224,0.29453572698179276,-1.4522855203057627,0.03190013073708364,2.0607884791807196
2026-02-02,143.52951049804688,150.90260179075477,143.03797107853302,150.90260179075477,1898273,155.9163024902344,162.74870223999022,153.79449259440105,36.82455426767503,0.4007159716145736,3.233893048385152,-2.8331770767705784,178.0547843974903,162.74870223999022,147.44262008249015,3667913.9,0.5175347763752034,8.335358527749916,-6.109324566270868,0.7056381660207167,-1.3713951210479136,-1.6262778281728507,0.22716011288641536
2026-02-03,149.427978515625,150.41105732164885,145.4956632915296,148.44489970960115,1245236,152.3772186279297,161.96223907470704,154.00749282836915,42.77842593418765,-0.39291932180572076,2.508530574346978,-2.9014498961526987,178.32703986772438,161.96223907470704,145.5974382816897,3492709.15,0.35652439024302957,8.141516967196857,4.109585545934391,-0.018679128920895405,1.8066327752278566,7.5526768713854775,11.43288966351108
2026-02-04,150.90260314941406,151.39414257335352,147.46182718183783,147.46182718183783,565260,150.50936889648438,161.37239151000978,154.15495478312175,44.19440183255872,-0.8926017681227165,1.8283041058530394,-2.720905873975756,178.45975439103674,161.37239151000978,144.28502862898281,3216565.4,0.17573402984437997,7.580290090439368,0.9868464048283121,-0.012352394174863779,0.2933689007004636,0.12055545082807484,-2.7344669499464236
2026-02-05,145.98721313476562,150.90260751640758,145.98721313476562,149.9195286400792,774598,148.543212890625,160.95458297729493,154.10580088297527,40.58890912213224,-1.6660296486778066,1.1294373549468701,-2.795467003624677,179.1390230770892,160.95458297729493,142.77014287750066,3097985.0,0.25003284392919917,7.224970662599714,-3.25732619057707,0.26573312511892766,-1.5129881759937458,-1.1137896154563731,0.16263773669660253
2026-02-06,144.02105712890625,144.5125965730322,139.10566268764666,144.5125965730322,1016234,146.77367248535157,160.29100494384767,154.0402623494466,39.210909948032636,-2.4098499242390687,0.42157989910968235,-2.831429823348751,179.94714600021663,160.29100494384767,140.6348638874787,3046628.55,0.33356019065730874,7.179181300535614,-1.3468001502599747,-0.026220914336294587,-0.057700870579924235,-2.070015707137396,0.3247587464799473
2026-02-09,147.953369140625,150.90260573479028,146.47875084354234,150.4110663024294,840870,147.6584442138672,159.82404251098632,153.91737747192383,43.35312118715753,-2.6514637127127685,-0.19302882325480786,-2.4584348894579606,180.21028291342708,159.82404251098632,139.43780210854555,3001462.05,0.2801534672077563,7.139496941248737,2.7303729677522925,-0.2331814588317105,1.9560796184812101,1.6164172504865348,4.9942202013252945
2026-02-10,146.47874450683594,148.93644156231977,145.4956656846424,148.93644156231977,512840,147.06859741210937,159.03757934570314,153.69618479410806,42.192058904811006,-2.928180028170061,-0.7400590642378586,-2.1881209639322026,180.23409093232155,159.03757934570314,137.84106775908472,2886133.55,0.17769101502596787,6.646334132772554,-0.9966820237716112,-0.043710449322398315,2.0625133919167205,1.5295198092137197,2.1581143741346676
2026-02-11,147.953369140625,149.42798743770763,144.51259311409882,148.44490857298587,887578,146.47875061035157,158.20196228027345,153.68799260457357,43.812595350507884,-2.9939771133323916,-1.1908426740567652,-1.8031344392756263,179.77853939479178,158.20196228027345,136.62538516575512,2552944.25,0.34766838327942334,6.415542158217389,1.00671577897109,-0.2613923188501621,1.6108084869157713,1.5295198092137197,2.1581143741346676
2026-02-23,154.3433837890625,157.29262042197453,149.91952883969446,149.91952883969446,1508260,148.14998474121094,157.61211547851562,153.81087748209634,50.31271856635005,-2.5016633805975346,-1.4530068153649192,-1.0486565652326154,178.91824976883106,157.61211547851562,136.30598118820018,2346202.2,0.642851668965275,6.805370041301675,4.318938247606918,-0.21533548382927092,0.49857829689010646,0.24549596349081604,-0.14684137481167925
2026-02-24,160.24185180664062,163.19108834295918,154.34337873400355,154.34337873400355,2367279,151.3941436767578,157.31719207763672,153.93376235961915,55.43748809333607,-1.6169054475016083,-1.485786541792257,-0.13111890570935114,178.28691762327043,157.31719207763672,136.347466532003,2286930.8,1.0351336384992498,7.077681983655536,3.8216526505855386,-0.24182185904723097,2.7464288213389976,10.068025203659836,-0.42016967721644205
2026-02-25,164.17416381835938,168.59801853202774,163.19108499309974,166.14032146887865,2920303,154.6383026123047,156.70276794433593,153.98291625976563,58.50981812601175,-0.5916040522893411,-1.306950043891674,0.7153459916023328,175.9607609349832,156.70276794433593,137.44477495368866,1969161.8,1.483018307586507,7.248146615886412,2.453985626965771,-0.18355200278042938,2.052545137509143,4.400493838112052,0.3375582014381484
2026-02-26,180.3949737548828,180.3949737548828,160.24185679589047,164.66571173810829,9224703,161.42154846191406,157.12057647705078,154.4334940592448,68.23771898459647,1.5124044323692942,-0.7430791486394803,2.2554835810087743,178.06797555734124,157.12057647705078,136.1731773967603,2227325.25,4.1416057219303735,8.968809328300537,9.88024519769748,-0.3441994373834856,0.004004083061670549,-3.196778664487987,2.207735604895733
2026-03-02,198.09039306640625,198.09039306640625,177.44573671705373,178.42881559083244,8746602,171.4489532470703,158.6197723388672,155.1462262471517,75.09724613407684,4.555209151099518,0.3165785113083194,4.238630639791199,186.13877393189608,158.6197723388672,131.1007707458383,2509795.15,3.484986414130253,10.525588931107468,9.809264051651256,0.4102837192432096,-0.901886354995296,-1.0467383597435598,-3.6296118879569073
2026-03-03,178.42880249023438,197.10729972061702,178.42880249023438,192.68344511342113,5158789,176.2660369873047,158.93927230834962,155.57222696940104,59.675853117331975,5.318815774785008,1.3170259640036572,4.001789810781351,187.25121535479738,158.93927230834962,130.62732926190185,2580974.4,1.9987757336918957,11.743722483782722,-9.925564926099506,0.5099596730266498,-2.1981462640061733,-8.241081598006039,-10.378779215858202
2026-03-04,160.73338317871094,167.6149347521114,160.73338317871094,165.15723776161124,3594012,176.36434326171874,158.61977157592773,155.7196886698405,49.769957315013066,4.4448693864423205,1.9425946484913899,2.5022747379509305,186.68599542148542,158.61977157592773,130.55354773037004,2618169.15,1.3727195586274479,12.537282060814817,-9.917355866630295,0.6310429867452783,-4.35492612031565,-1.9571075423372997,0.5014393089057378
2026-03-05,155.3264617919922,168.106487129308,151.88568573963792,162.2080138967007,7961456,174.5948028564453,158.20196304321288,155.69511184692382,47.19221578496262,3.2781784087553376,2.2097114005441796,1.068467008211158,186.19955100040235,158.20196304321288,130.20437508602342,2908019.45,2.737758855086062,13.028417971328853,-3.3639069120489307,-0.32772450369655814,2.5710975461891383,4.129069717996692,4.252791378188636
2026-03-06,156.8010711669922,161.22492583941516,153.85183471871022,155.8179923508982,3104094,169.8760223388672,157.68584671020508,155.670534769694,47.9834862590288,2.4443787791287264,2.256644876261089,0.18773390286763725,185.3697823990275,157.68584671020508,130.00191102138265,2966009.5,1.046555649939759,12.274374391245665,0.94936133739707,0.8722728245506239,-0.21798613570590541,-0.656512637332729,2.0054680899083577
2026-03-09,141.5633544921875,141.5633544921875,141.5633544921875,141.5633544921875,1157171,158.57061462402345,156.7519218444824,155.49849599202474,41.1259170749419,0.5477164424951582,1.914859189507903,-1.3671427470127449,185.31895725421484,156.7519218444824,128.18488643474998,2871636.35,0.40296571674195447,12.669486695720202,-9.717865165969819,-0.3247034292450657,-4.431963003584727,-8.194553689120132,-6.166214701597883
2026-03-10,144.51258850097656,149.42798266767645,141.56335200095663,147.4618250009965,3500123,151.78737182617186,156.18665161132813,155.4411496480306,42.82897111824999,-0.7092478198926244,1.3900377876277976,-2.099285607520422,185.27416794851067,156.18665161132813,127.09913527414558,2951223.55,1.1859904682584959,12.028839225186818,2.083331536871591,-0.0009416103239789919,2.0599268819414984,5.729914739519226,5.142857679404256
2026-03-11,156.8010711669922,157.7841499830862,152.86875590261621,152.86875590261621,4416176,151.00090942382812,156.38326721191407,155.49030354817708,49.39725697145924,-0.7056884644186141,0.9708925372185154,-1.6765810016371296,185.4294847528405,156.38326721191407,127.33704967098765,3069992.85,1.4384971613207502,12.19453552610986,8.503399457087845,-0.0883622645329818,4.095952619427945,2.342048599233282,-2.377726309472461
2026-03-12,149.427978515625,152.86875433670846,148.44489970960115,151.3941361276727,2531850,149.8212127685547,156.67819061279297,155.48211110432942,45.98363482010685,-1.2830246969692212,0.5201090903809682,-1.8031337873501894,185.29143915169306,156.67819061279297,128.0649420738929,3101671.7,0.8162856178492391,11.682753650280684,-4.702195333547743,0.11834075149077528,-1.560441591332784,-1.0111804049482642,0.7886785768886684
2026-03-13,159.25877380371094,161.2249315049913,145.49566989474826,145.49566989474826,3078390,150.31275329589843,157.16973037719725,155.6541498819987,50.859746582954884,-0.9365093040835291,0.22878541148806877,-1.1652947155715978,185.59570837401387,157.16973037719725,128.74375238038064,3193329.4,0.9640064066049685,12.222288044942331,6.578952205431854,0.26499563387061276,-0.5405866913823942,-1.8817179546989804,-0.8515431802177176
2026-03-16,158.27569580078125,165.15724779211956,153.3603015212539,156.80107751692304,3595583,153.65522155761718,157.53838500976562,155.76065012613932,50.37007499998109,-0.7327725913260679,0.03647381092524146,-0.7692464022513094,185.81297922315161,157.53838500976562,129.26379079637962,3344845.55,1.07496234018937,12.165575808398778,-0.6172834183323261,0.8380462709563163,-0.1730779621546441,-1.178082541399017,-3.8765096388950204
2026-03-17,166.14031982421875,169.58109567856647,156.30953166893954,159.2587681155233,7912461,157.98076782226562,158.5460403442383,155.97365036010743,54.17145632202448,0.0625782891008555,0.04169470656036427,0.020883582540491233,186.5221826070938,158.5460403442383,130.56989808138277,3701738.7,2.1374985219783342,12.313040901895866,4.968939788037052,-0.6781109201310698,1.481767774178122,5.406152350388882,1.8594469478302234
2026-03-18,164.66571044921875,171.05572309351678,161.22493440998133,170.07264422516323,5444034,159.55369567871094,159.5782730102539,156.14568913777669,53.346394300170196,0.5673706436905945,0.14682989398641033,0.4205407497041842,186.81146361456913,159.5782730102539,132.34508240593865,3923128.7,1.3876766265659344,11.98207393944781,-0.8875686387026183,-0.18782115046350745,1.5131788114791656,1.1046867758443657,3.935522535698177
2026-03-19,161.2249298095703,165.15724517077933,160.24185096926806,162.6995480700237,2146512,161.9130859375,160.24185104370116,156.30953572591145,51.3799814336836,0.6819192392098614,0.25384776303110057,0.42807147617876085,186.92355404836917,160.24185104370116,133.56014803903315,3988410.8,0.5381872900354197,11.039849974389606,-2.0895550325940704,0.45852337777712027,-1.9182699065508957,-2.497397882724406,-2.9425248013993377
2026-03-20,156.30953979492188,165.15724959463444,156.30953979492188,162.20801299473024,2634293,161.3232391357422,160.73339080810547,156.40784378051757,48.6226201394543,0.3717832460497732,0.2774348596348351,0.09434838641493809,186.70015418281636,160.73339080810547,134.76662743339458,4094483.45,0.6433761504152617,10.747564617765999,-3.0487778908970364,-0.7152438188559485,-0.432775801380203,-2.497397882724406,-2.9425248013993377
2026-03-23,149.91952514648438,154.34337998687243,148.444906866355,150.41106457319415,1553163,159.65200500488282,160.83169860839843,156.4651901245117,45.22476685307691,-0.38518239856412606,0.14491140799504287,-0.5300938065591689,186.6089356046155,160.83169860839843,135.05446161218134,4127762.7,0.3762723569356349,10.363173725872782,-4.088051603773635,0.6905285819817086,-2.448670019784016,-6.403416705603648,-3.995297544157206
2026-03-24,147.46182250976562,153.85183481852215,145.4956648763021,153.36029541015625,1294093,155.9163055419922,160.48762054443358,156.58807500203451,43.95254612221669,-1.169913157831047,-0.11805350517017513,-1.051859652660872,186.80751821029554,160.48762054443358,134.16772287857162,4117054.35,0.31432497363072215,10.095573221385752,-1.6393479330443217,-0.49873146018064585,-0.3369539785315956,0.9977181465204099,-0.24479897214841895
2026-03-25,151.39413452148438,153.36029211267248,150.41105572589032,151.39413452148438,1000042,153.26199035644532,160.04523468017578,156.6781903584798,46.54367234575965,-1.457709653098732,-0.38598473475588646,-1.0717249183428454,186.67809049930133,160.04523468017578,133.41237886105023,4048692.5,0.24700369316760906,9.535959405588567,2.666664459174406,0.20024107948439784,2.535456425815963,3.3022847492585328,2.552146077061379
2026-03-26,154.3433837890625,157.7841598607932,150.90260771733182,153.36030491142517,1711335,151.88568115234375,159.55369567871094,156.88299865722655,48.467909670470746,-1.4313114140504126,-0.5950500706147916,-0.836261343435621,186.22853550597415,159.55369567871094,132.87885585144772,3988244.1,0.4290948490339395,9.182038437304943,1.9480604561728176,0.03163401045052083,-0.3035017473458024,1.7213159238943732,0.33500493719424984
2026-03-27,150.4110565185547,151.39413531932954,145.98720191506777,149.4279777177798,1416252,150.70598449707032,158.05449981689452,157.00588353474936,46.0858638827963,-1.7080077165567502,-0.8176415998031834,-0.8903661167535668,183.11915660025326,158.05449981689452,132.98984303353578,3597821.55,0.39364153566760424,9.071924228863582,-2.5477783199842507,-0.018472719949447214,-0.6750069219611743,0.5909157615554328,0.6677845590941978
2026-03-30,145.00413513183594,146.47875345521055,141.56335904396187,145.98721401408568,1710170,149.72290649414063,155.40018692016602,156.99769134521483,42.95949602711504,-2.336649457728072,-1.1214431713881612,-1.2152062863399107,172.63331031652982,155.40018692016602,138.16706352380223,3245999.95,0.5268545983803851,9.042027328294147,-3.5947632520297867,0.14719379020335932,-1.7951772733723503,-4.743935309973047,-4.3291078689308815
2026-03-31,139.59719848632812,146.47875052438656,138.61411962374834,144.512592799227,1185451,148.1499816894531,153.4586067199707,156.94853744506835,40.03470472385176,-3.2338691359771587,-1.5439283643059607,-1.689940771671198,168.35954423454666,153.4586067199707,138.55766920539475,3047333.05,0.3890126154737173,8.885041137940023,-3.7288154855665945,0.1938961860005195,-2.4453103067768933,-3.5370684776457217,-1.7000000000000015
2026-04-01,143.0379638671875,145.98720023558312,142.0548850777223,145.98720023558312,785273,146.47874755859374,152.57383575439454,156.97311426798504,42.70783074522468,-3.6254888063775184,-1.9602404527202726,-1.6652483536572458,167.75478809310374,152.57383575439454,137.39288341568533,2906896.1,0.27014140615483295,8.552369219448686,2.4647811117759266,-0.31555578204207624,4.5765864674125245,7.685538281020832,5.4425228891149535
2026-04-02,138.61412048339844,144.51259369545795,138.12258104906016,144.02105426111964,985219,143.33289489746093,151.73821868896485,156.9321528116862,40.225012051230216,-4.2438964100261956,-2.4169716441814573,-1.8269247658447383,168.07688979267294,151.73821868896485,135.39954758525676,2558084.25,0.3851393870237073,8.264055009708567,-3.0927756968748943,0.20069684313648306,-1.8158067453737603,-5.257423045491693,-6.150506512301012
2026-04-07,140.5802764892578,143.52951305896252,140.0887370609737,141.07181591754193,739376,141.36673889160156,150.92717895507812,156.9321528116862,41.84324331219873,-4.5231959462063,-2.838216504586426,-1.6849794416198742,167.80902416312915,150.92717895507812,134.0453337470271,2439848.35,0.30304178536342224,7.8175666851559695,1.418438467165295,-0.15330159053532633,2.0182425176967334,-0.5516154452324673,2.7715911902994383
2026-04-08,148.4449005126953,150.41105813538002,146.4787428900106,147.46182170135296,1273360,142.05489196777344,151.27125625610353,157.07961451212566,47.917054678401755,-4.063096561614998,-3.0831925159921405,-0.9799040456228574,167.62167571087363,151.27125625610353,134.92083680133342,2445657.8,0.5206615578025675,8.085995346618134,5.594400736605798,-0.06266985661774749,4.6089884909003676,5.652403592181732,5.947507825668197
2026-04-09,150.90260314941406,152.37722142123243,147.46182718183783,149.91952430153515,1280374,144.31597290039062,151.59075698852538,157.19430694580078,49.68549488371227,-3.4602606902839455,-3.1586061508505017,-0.3016545394334438,167.6318996737478,151.59075698852538,135.54961430330297,2334670.35,0.5484174671597641,7.6632485323216635,1.6556329171500073,-0.5443006460909006,0.28704629430582607,-0.24999999999999467,0.9090909090909038
2026-04-10,151.39413452148438,155.3264497038606,151.39413452148438,153.36029211267248,1065813,145.98720703125,151.32041015625,157.09599889119465,50.05077847008263,-2.909309733602612,-3.108746867400924,0.19943713379831207,167.172962777786,151.32041015625,135.467857534714,2167152.2,0.4918034829302713,7.231328268604979,0.32572756321747054,0.01702281183058041,1.596814237549693,3.9097744360902187,4.054054054054057
2026-04-13,157.78414916992188,162.20800381954584,154.34337333132544,154.83491273683921,3326782,149.8212127685547,151.73821868896485,157.05503718058267,54.65928890183243,-1.9347537160014099,-2.8739482371210214,0.9391945211196115,167.81958163238434,151.73821868896485,135.65685574554536,2206898.8,1.5074465580388192,7.709000405865844,4.220780856956319,0.1298647737427494,0.11141546387523071,0.5788712011577379,-1.904761904761909
2026-04-14,161.71646118164062,165.15723695146278,156.30952782906297,162.2080005773295,3633140,154.04844970703124,151.86110305786133,156.99769083658853,57.27190830182561,-0.8354754936867437,-2.466253688434166,1.6307781947474225,168.21960752371385,151.86110305786133,135.5025985920088,2234636.3,1.6258305658061674,7.860828234737038,2.492209789390154,-0.39601185393721705,2.3657534273739955,3.812949640287777,0.3089143865842914
2026-04-15,165.64878845214844,169.0895644734097,160.2418547044522,168.10648561019218,6028662,157.48922729492188,152.2297576904297,157.04684473673504,59.76846152694512,0.3489933857591154,-1.90320427359551,2.2521976593546253,169.50364012617513,152.2297576904297,134.95587525468426,2356290.25,2.558539636617348,7.992412439299765,2.431618427570581,-0.3925227774549067,1.1737329455939083,4.412104412104423,-1.1658600967883848
2026-04-16,172.03880310058594,176.9541974748884,166.140329851423,170.07264535086495,6689235,161.71646728515626,152.52468185424806,157.34176839192708,63.500539116815446,1.7827636947643555,-1.166010679923537,2.9487743746878925,170.9608776849007,152.52468185424806,134.0884860235954,2295128.95,2.9145355863338307,8.43414531709179,3.8575679956049935,0.22210138777056798,1.1161628904905463,6.017699115044239,13.064767415980416
2026-04-17,177.93727111816406,189.2426778466662,172.03879804242382,172.03879804242382,7066964,167.02509460449218,153.18825988769532,157.68584594726562,66.5821941010839,3.3563046767858964,-0.26154760858165027,3.6178522853675465,174.23498312798017,153.18825988769532,132.14153664741048,2376275.45,2.973966675454228,9.60344324871187,3.4285683876383866,-0.09180779659778704,-0.8824720325923185,-4.006677796327207,2.9921259842519587
2026-04-20,179.41188049316406,184.81881387788954,176.954183500107,179.90341989177546,3840088,171.35064086914062,154.097607421875,158.05450032552082,67.32493354682177,4.668520100856483,0.7244659333059765,3.9440541675505068,177.98609225605247,154.097607421875,130.20912258769755,2460954.25,1.5604060904423558,9.371601532587958,0.828724283413762,-0.28518965390006423,0.41968131518117513,3.0000000000000027,-2.828746177370034
2026-04-21,184.81881713867188,192.1919082479274,179.90342306583486,180.88650188040225,5052958,175.9711120605469,155.5230712890625,158.4313471476237,69.96126030742366,6.074729181455382,1.7945185829358579,4.280210598519524,183.08694829217455,155.5230712890625,127.95919428595045,2581887.5,1.957079074901598,9.82605836221134,3.013700447621037,-0.15571306004650287,1.748727177527587,1.5196285352469419,1.337529504327306
2026-04-22,180.3949737548828,191.7003808294395,177.9372765647618,188.2596047632701,4322692,178.92034912109375,157.0468437194824,158.69350153605143,65.31774294546315,6.754333072317991,2.7864814808122844,3.967851591505706,186.60381423177265,157.0468437194824,127.48987320719218,2720363.95,1.5890123819645527,10.350997815873523,-2.393610917047373,0.20051473340130244,0.7269208348100964,2.099792099792097,4.833074534161486
2026-04-23,166.63186645507812,183.83574647256407,162.69955102250992,181.86958875627997,5361169,177.83896179199218,158.00534591674804,158.7016939798991,53.4350000793739,6.111902113068481,3.451565607263524,2.6603365058049575,187.49680552926267,158.00534591674804,128.5138863042334,2923717.75,1.83368213296239,11.789024167097606,-7.629429475405303,-0.04828048118112882,-0.4338092798431781,-1.995520260639383,-1.4256619144602856
2026-04-24,166.63186645507812,173.5134184620725,164.174169309723,169.08956360043325,2398087,175.577880859375,158.76723251342773,158.70988642374675,53.435000079373914,5.538921707809521,3.8690368273727236,1.6698848804367978,188.32678425002288,158.76723251342773,129.20768077683258,2993620.0,0.8010659335520206,11.462387498464526,0.0,0.2008465924816294,3.230220091059155,2.555578641180145,1.0330578512396604
2026-04-27,164.17416381835938,169.58109735728738,160.24184851732082,167.6149397067681,1754077,172.53033752441405,159.25877151489257,158.50507837931315,51.494866324654986,4.830827770186801,4.061395015935539,0.7694327542512616,188.83552617272647,159.25877151489257,129.68201685705867,2995757.1,0.5855204348843903,11.179302343998131,-1.4749295491935932,-0.28544291350430795,1.757483474460031,-0.4051863857374438,1.059676519799213
2026-04-28,166.63186645507812,174.00495789114353,164.174169309723,164.174169309723,2944635,168.8929473876953,160.06981201171874,158.4149627685547,53.32010802775147,4.417057200104551,4.132527452769342,0.28452974733520975,189.51432078765464,160.06981201171874,130.62530323578284,3072176.25,0.9584850478549204,10.999501241169602,1.4970093829367315,0.04993443489185179,-0.23954193004298574,-1.5459723352318933,-1.5084621044885949
2026-04-29,164.66571044921875,168.10648648845614,161.22493440998133,166.63186818592584,1329153,165.7470947265625,161.0528907775879,158.3576166788737,51.645778905826575,3.8856967905971374,4.0831613203349,-0.19746452973776307,189.68106790365687,161.0528907775879,132.4247136515189,3053125.4,0.43534176486822324,10.450441352810296,-1.1799399764806817,0.18216274879112593,-0.5521784247846995,-1.5459723352318933,-1.5084621044885949
2026-04-30,162.2080078125,171.05571732954544,160.7333895596591,165.64878373579543,2552429,164.86232299804686,162.18343124389648,158.19377009073892,49.55118470240882,3.2290512817508272,3.912339312618086,-0.6832880308672586,188.97068125565977,162.18343124389648,135.3961812321332,3121474.3,0.8176998285713902,10.433359541753772,-1.4925406327850443,0.3601646494638011,-0.9588741301665205,6.528925619834713,7.975345536047818
2026-05-04,165.15724182128906,170.56417533329557,161.2249265398298,164.17416300092424,1831200,164.56739807128906,163.28939514160157,158.1610008239746,52.063619972798875,2.9130536526521382,3.7124821806248964,-0.7994285279727582,188.53023977915976,163.28939514160157,138.0485505040434,3173770.65,0.5769793100834176,10.287478108648704,1.8181802788664658,-0.047513033458257414,4.5688819420590665,-0.3491078355314148,-3.9785504238021074
2026-05-05,171.05572509765625,174.004961737271,164.66571237849092,165.15725181842672,2675395,165.94371032714844,164.91147537231444,158.28388570149738,56.70741681728985,3.102814248451409,3.590548594190199,-0.4877343457387897,187.5065374626476,164.91147537231444,142.31641328198128,3258279.45,0.8211066733395136,10.161047608666221,3.5714348407136276,0.13943942787038033,0.1575929637265494,-0.3491078355314148,-3.9785504238021074
2026-05-06,167.12339782714844,172.53033128626208,163.68262198953067,172.53033128626208,3017544,166.0420166015625,166.23863143920897,158.28388570149738,53.019845555148365,2.9024374486701277,3.452926365086185,-0.5504889164160574,185.71984205735117,166.23863143920897,146.75742082106677,3372187.85,0.8948327122405118,9.98593583374158,-2.2988574444163357,-0.16773054363118378,0.9064727604973788,-0.3491078355314148,-3.9785504238021074
2026-05-07,174.49649047851562,178.42880575690472,166.63185992173746,168.598017560932,4781621,168.00817260742187,167.5412109375,158.5214630126953,58.472645254773994,3.300537803381644,3.422448652745277,-0.12191084936363294,185.43181154284872,167.5412109375,149.6506103321513,3547600.9,1.3478463713322433,10.227403833931671,4.411765645761334,-0.4644147517347985,1.9323088936799904,9.92604126119112,4.3415600792650055
2026-05-08,184.32728576660156,191.70037719726562,180.886509765625,181.86958862304687,10225215,172.4320281982422,169.2124450683594,158.9966178894043,64.4048903325929,4.35904981021514,3.60976888423925,0.7492809259758899,186.80082712635095,169.2124450683594,151.62406301036782,3994842.95,2.559603751131193,11.15760155190745,5.633806881231407,-0.020386521399129442,-0.7865731014896293,3.5764872521246494,0.9495856353591181
2026-05-11,183.34420776367188,187.27652321168628,174.00495857463764,184.81882605667727,5601713,176.06942138671874,170.80994873046876,159.5045420328776,63.42909808771196,5.060270375902633,3.899869182571927,1.1604011933307055,187.3571207792548,170.80994873046876,154.2627766816827,4221637.95,1.3269051174793423,11.43946329659294,-0.5333328697599726,-0.29019653733958206,0.44735470056218585,1.8803418803418737,0.4275696938601081
2026-05-12,190.71730041503906,192.6834581512766,176.95419626137647,183.83574833820776,7738985,180.00173645019532,172.45660629272462,160.2910051981608,67.4164397388886,6.140159744275081,4.347927294912559,1.7922324493625226,190.06637548761674,172.45660629272462,154.8468370978325,4442248.1,1.7421325477070946,12.011436442367232,4.02144836823588,0.16229616472482888,0.2590609403122279,1.9798657718120838,0.8514986376021882
2026-05-13,209.3957977294922,209.3957977294922,181.3780501459686,184.8188261649978,10270677,188.45621643066406,174.8405731201172,161.29046885172525,74.88660397162806,8.406276160599873,5.159597068050022,3.2466790925498508,198.27460618956712,174.8405731201172,151.40654005066727,4774124.95,2.1513213641381546,14.145611261188082,9.79381381437603,0.4762074815726436,-1.2502179290078241,0.18098058571898168,-1.5028706518068202
2026-05-14,227.58274841308594,230.04044548018192,219.22657838495968,228.07428782650513,12052710,199.07346801757814,177.93727111816406,162.56847127278647,79.75379039442541,11.536736357145628,6.435024925869143,5.101711431276485,210.74913813848107,177.93727111816406,145.12540409784705,5075327.35,2.3747650484061884,15.012149459788303,8.685442057957893,0.18380143583822672,0.9117934959939067,4.1057644933486515,5.331733241899528
2026-05-15,216.27734375,245.27816938920452,214.31118607954545,217.26042258522727,13071494,205.4634796142578,180.14919815063476,163.73997344970704,70.59464038501346,12.956047690635927,7.739229478822501,5.216818211813426,217.00240697464966,180.14919815063476,143.29598932661986,5394440.3,2.423141841054391,17.139460639771073,-4.9676017808544355,0.01710987032821354,-1.3877038088223825,-2.965767471209968,-2.571614583333337
2026-05-18,215.2942657470703,223.65043587880592,210.87041097144558,216.76888400561188,6799567,211.8534912109375,182.01704788208008,164.92786026000977,69.84350809110907,13.841974305636654,8.959778444185332,4.882195861451322,222.0479863271101,182.01704788208008,141.98610943705006,5381070.45,1.263608618987696,16.55820254211631,-0.45454506971661646,0.07160020197189976,-0.6813771830388338,0.32515038205169766,-0.5178750417641154
2026-05-19,206.44654846191406,221.19273049490792,198.58191804431735,215.29425768171038,6791571,214.9993408203125,183.36878128051757,165.90274658203126,63.31410994098427,13.67253224842375,9.902329205033016,3.770203043390733,224.82955816307123,183.36878128051757,141.9080043979639,5528644.6,1.2284332763947243,17.365217196579543,-4.109592633345205,-0.1041563196208406,-1.751601452995355,0.1458434613514914,0.26868178001679954
2026-05-20,227.09121704101562,227.09121704101562,204.480403223079,204.480403223079,13702399,218.53842468261718,185.48240127563477,167.24628779093425,70.29275156853062,15.030834315340002,10.928030227094414,4.102804088245588,231.33211478851806,185.48240127563477,139.6326877627515,5961116.65,2.298629569679701,18.064630079427154,10.000006652041527,0.5549209970649338,-0.38515527018477824,-0.25889967637540146,-1.4235471445319003
2026-05-21,249.7020263671875,249.7020263671875,238.3966196615865,240.85431677149975,4736657,222.9622802734375,188.94775390625,168.94209874471028,75.73670591336432,17.727450817543513,12.287914345184234,5.439536472359279,242.9332042654258,188.94775390625,134.9623035470742,5981814.9,0.7918427900535672,18.67078731232645,9.956707978753787,-0.434932134128041,3.3667241562741257,9.133679428942255,6.727828746177367
2026-05-22,274.27899169921875,274.27899169921875,255.60049405661962,257.566651703209,12360327,234.56260986328124,194.33011016845703,170.9410255432129,80.02216457366949,21.598717951824625,14.150075066512311,7.448642885312314,259.29579045497,194.33011016845703,129.36442988194403,6331772.8,1.9521115792404933,19.45827771495376,9.842517375446036,-0.12788229491633718,2.1749981256365514,5.990783410138256,7.2906717605857985
2026-05-25,269.36358642578125,292.9574772076015,265.9228106867658,283.1266893818431,12812617,245.37647399902343,199.4666961669922,172.75972112019858,77.08952510150459,23.993510665396542,16.11876218628916,7.874748479107382,271.1130538614941,199.4666961669922,127.82033847249026,6852499.3,1.8697728287254258,20.468462889071358,-1.792118763083339,-0.354352809800873,3.256436796480777,11.192145862552593,10.237388724035611
2026-05-26,264.93975830078125,272.31284990469914,246.75279901111725,266.4143766215648,6441553,257.0751159667969,204.50497589111328,174.43914769490559,74.4452362668271,25.243444471865757,17.94369864340448,7.299745828461276,279.7815557196591,204.50497589111328,129.22839606256747,7086873.1,0.908941490711891,21.147341289672763,-1.6423259668095214,0.029903373699946556,-0.27272077978219844,1.879414732593343,-2.3687752355316283
2026-05-27,280.66900634765625,290.9913340767294,271.8212968655935,273.7874545282741,10058258,267.790673828125,210.2068328857422,176.11038157145182,77.41201653156645,27.18981758925628,19.79292243257484,7.396895156681438,290.5122238551155,210.2068328857422,129.90144191636887,7442554.25,1.3514524264300793,21.80123922117615,5.936914922756853,-0.007951228100844254,1.6804674357044913,-3.181874458338496,-0.5238489109456901
2026-05-28,278.2113037109375,292.9574858864289,265.431279158845,285.0928553928335,9774639,273.492529296875,215.8841125488281,177.44573008219402,75.9287278176491,28.208842270445018,21.47610640014888,6.732735870296139,298.65014202954296,215.8841125488281,133.1180830681133,7864828.55,1.2428292540464851,22.564568222030523,-0.8756587229565627,0.06360275198662446,-1.4017266590648503,9.18158567774936,5.210643015521055
2026-05-29,282.14361572265625,302.7882705316311,275.2620641196646,294.9236401282121,7598871,275.0654541015625,221.88089294433593,179.17431030273437,76.69805795775576,28.99944385042579,22.98077389020426,6.01866996022153,305.6455938504115,221.88089294433593,138.11619203826035,8117150.65,0.9361500516194066,23.22611998068865,1.4134263990238205,-0.1331620395565447,2.512808021606805,12.73131881002576,8.219178082191792
2026-06-01,279.6859436035156,309.1783102400902,277.2282463838011,292.95750858997417,8999545,277.1299255371094,227.60732803344726,181.15685297648113,75.08289855582406,29.09232943377924,24.20308499891926,4.889244434859982,310.70081301250775,227.60732803344726,144.51384305438677,8475567.9,1.0618220638642986,24.389312497435377,-0.8710713204854059,-0.03531969758715503,1.352401006913162,8.987012987012989,-0.09737098344693162
2026-06-02,284.601318359375,285.0928577693221,265.4312813714378,275.26206957038,5456189,281.06223754882814,233.28460769653321,183.31143391927083,76.16403649905004,29.22567618834097,25.207603236803603,4.018072951537366,315.6216626910299,233.28460769653321,150.94755270203655,8614607.6,0.6333647745023233,23.758947684161896,1.7574622065481549,-0.2623166699323165,0.48391828547871274,-2.4785510009532885,-6.21345029239766
2026-06-03,277.2282409667969,288.0421085222393,273.29592549209053,283.1267141788564,4408379,280.37408447265625,238.78984985351562,185.31855341593425,71.17530889658961,28.408928284520186,25.84786824634692,2.5610600381732667,317.1274308852104,238.78984985351562,160.45226882182084,8684149.35,0.5076350972706383,22.557245730293477,-2.5906687414806395,0.47142964549633515,1.9795979840295574,1.8572825024437911,2.6240581969342758
2026-06-04,265.9228210449219,278.70284571621204,265.4312816344876,273.29591220143544,2358363,277.9163879394531,243.36116638183594,187.39121119181314,64.2284299173011,26.543420750328437,25.986978747143226,0.5564420031852109,316.39225165800445,243.36116638183594,170.33008110566743,8562986.45,0.27541360876496546,21.319154843817604,-4.078018849179599,0.08672630642823087,-1.682551333517468,-4.95201535508637,0.0
2026-06-05,290.9913330078125,292.46595124940615,249.70202224319044,258.54973169275235,13995077,279.68593139648436,248.6943687438965,189.83252360026043,70.9898369751082,26.77911898410875,26.14540679453633,0.6337121895724174,319.1053203330857,248.6943687438965,178.2834171547073,8751479.55,1.5991669660017658,24.178458065470686,9.426987824657541,-0.007936817364084803,-1.3278310983176,-2.110258481421645,4.075949367088616
2026-06-08,278.2113037109375,289.5167100454809,261.990503317897,261.990503317897,10922717,279.39100341796876,253.43772354125977,191.85602747599285,64.31557549286973,25.63911818080578,26.044149071790223,-0.4050308909844418,317.8373028265572,253.43772354125977,189.0381442559623,9017529.75,1.2112759594721603,24.821440948729997,-4.391893450837547,0.2701335531519966,-3.4793152912322878,-10.149561629706039,-9.632692775480422
2026-06-09,292.9574890136719,300.82211959122014,266.90590022554335,289.02517372489774,18553424,281.06223754882814,258.5497329711914,194.24818598429363,68.04835842143355,25.630105345606438,25.96134032655347,-0.3312349809470305,318.02995557583233,258.5497329711914,199.0695103665505,9558251.7,1.9410897078594407,26.03407807098957,5.3003544809436365,-0.01931012262229581,2.7622605307562997,11.261623234990248,3.2301480484522305
2026-06-10,290.4997863769531,321.9583080827484,287.55054996703484,290.0082469753001,33525944,283.7165466308594,262.6049324035645,196.43553619384767,66.79427164547073,25.13490698409541,25.796053658061858,-0.6611466739664493,318.9512560577456,262.6049324035645,206.25860874938337,10721015.05,3.1271240496952757,27.15056874361943,-0.8389280796313958,-0.13014202626587812,-3.308177660269873,-10.751134956665286,-5.0847457627118615
2026-06-11,282.14361572265625,301.8051917312037,275.7536035198783,297.87287652949425,22139781,286.96070556640626,265.33297576904295,198.5000015258789,62.571941255052394,23.793904261382522,25.395623778725994,-1.6017195173434722,319.7914123812654,265.33297576904295,210.8745391568205,11225368.6,1.9722987982773235,27.004038005980227,-2.8764808258598507,0.3452662184263211,-0.17600272119220328,3.6647398843930645,-2.1703296703296737
2026-06-12,288.0421142578125,302.29675813746536,287.0590353695606,293.94058758732405,11167575,286.37086181640626,268.9212142944336,200.53169809977214,64.28805231348406,22.942640994125554,24.90502722180591,-1.962386227680355,319.05559599525577,268.9212142944336,218.78683259361136,11130172.65,1.0033604465246098,26.090585260490748,2.0906014548826013,-0.22369454265829258,2.3628988702241616,-4.583472733355642,-1.6006739679865212
2026-06-15,316.5513916015625,316.5513916015625,296.3982750555003,296.88981448345305,13925508,294.03887939453125,273.9840705871582,203.06312611897786,71.16885870775222,24.288486587153557,24.78171909487544,-0.49323250772188487,321.70927299576994,273.9840705871582,226.2588681785465,11486469.7,1.212340115257519,26.413077538258648,9.897607305518076,0.10766774191464101,2.7801130493521287,17.57830762038335,11.472602739726035
2026-06-16,295.90673828125,335.7214323024813,295.90673828125,329.82295911415076,14598332,294.62872924804685,278.457080078125,205.30782292683918,61.87218993017747,23.41926521611458,24.509228319123274,-1.0899631030086923,314.9858896870412,278.457080078125,241.92827046920877,11876807.75,1.2291461062001277,28.199959735988333,-6.521738292118318,-0.298612606480253,0.9079966328300548,4.671968190854869,-2.662570404505893
2026-06-17,311.1444396972656,314.58521549170615,291.97440312823977,291.97440312823977,9392131,298.7576599121094,282.6597412109375,207.88840459187824,65.4587039600224,23.686908241038452,24.344764303506313,-0.6578560624678609,313.14682408649395,282.6597412109375,252.17265833538107,11661294.35,0.8054106789612081,27.454740086318743,5.149494568634205,0.143723164615861,0.14887671372583178,3.1813865147198417,0.7364544976328213
2026-06-18,342.1114501953125,342.1114501953125,316.5513993186512,316.5513993186512,10035329,310.7512268066406,287.28021240234375,211.09160334269205,71.35572877336725,26.096966625184393,24.695204767841933,1.4017618573424606,324.09058053149846,287.28021240234375,250.469844273189,11926227.95,0.8414503766046163,27.923042807882496,9.952615745978566,0.2360263790704975,1.2812598662263142,8.099401748734468,0.6527415143603221
2026-06-22,340.6368103027344,365.2137807430471,330.31448271780306,359.80684724617834,11875051,321.270166015625,290.59810333251954,214.31118647257486,70.73641780809773,27.57015258571772,25.270194331417095,2.299958254300627,333.8695647039962,290.59810333251954,247.3266419610429,11901964.15,0.997738763983758,28.853210170197368,-0.4310407885314116,0.2089372068782236,2.746813790663727,4.255319148936176,3.9396265029419286
2026-06-23,309.6698303222656,335.22987980918276,307.7036726694258,335.22987980918276,7208228,319.89385375976565,292.61341552734376,216.94911473592123,59.13028682890092,25.93986793999312,25.4041290531323,0.5357388868608197,335.47325662798215,292.61341552734376,249.75357442670537,11621744.7,0.620236305827644,29.397200498612193,-9.09090827645651,-0.04731370199756446,-1.3423606797903442,-10.16326530612245,-2.9534826482894405
2026-06-24,314.09368896484375,317.04292548094554,298.85596696498436,299.83904580368494,4980622,323.5312438964844,295.07111206054685,219.61161982218425,60.13653820369558,24.71986877377651,25.267276997261146,-0.5474082234846342,336.87353908335564,295.07111206054685,253.26868503773807,11548698.15,0.4312712944185834,27.902501567592058,1.4285726956269285,0.0476551235367495,-2.244229984227597,0.22716946842344932,-3.2208977935582084
2026-06-25,310.6529235839844,323.4329489213002,305.2459897874277,319.5006334328953,5058305,323.4329406738281,296.57030792236327,222.28231760660807,58.92142527279206,23.207844054492284,24.855390408707372,-1.6475463542150877,338.3486055760289,296.57030792236327,254.79201026869765,11298700.5,0.44768909486537856,26.607095909762783,-1.0954582985092998,0.3340466665395114,0.45969504788345716,7.207615593835004,2.4109014675052443
2026-06-26,295.4151916503906,314.09368962495773,295.4151916503906,307.2121377395909,3180637,314.09368896484375,297.4305023193359,224.78916854858397,53.74243048031114,20.54318688024233,23.992949703014364,-3.4497628227720334,338.3161111771101,297.4305023193359,256.54489346156174,10969000.4,0.28996598450301814,25.549949518403363,-4.905066322182627,0.16348102632479655,-3.6395859356203264,-8.921775898520078,-8.52098259979529
2026-06-29,290.0,307.0,288.0,300.0,3434890,303.96632690429686,297.8233215332031,227.29588190714517,51.99339510386817,17.789401020838795,22.75223996657925,-4.9628389457404545,338.2387800911648,297.8233215332031,257.4078629752414,10760801.35,0.319203922484825,24.67662291594958,-1.833078258480103,-0.04080504718203537,0.9605559714053191,-0.278551532033422,0.5034965034965033
2026-06-30,319.0,319.0,295.5,300.0,3434350,305.8323608398438,299.78902435302734,230.22858250935872,59.579985033056296,17.742538583746693,21.75029969001274,-4.007761106266045,340.31426433957216,299.78902435302734,259.2637843664825,10482541.6,0.3276256971877889,25.25307319382297,10.000000000000009,0.05934599029766563,2.50225391133696,6.098696461824948,-0.6401335930976915
2026-07-01,305.5,331.5,300.0,325.0,9897284,304.113623046875,300.8339584350586,233.01001383463543,55.206232740757066,16.42670575031275,20.68558090207274,-4.258875151759991,340.7839605972833,300.8339584350586,260.8839562728339,10704596.35,0.924582644351648,26.085996767979907,-4.2319749216300995,-0.09885131953493165,1.9361745317864276,4.344010530934628,3.6414565826330625
2026-07-02,299.0,308.0,297.0,300.0,3250498,301.7830383300781,301.92254638671875,235.65034255981445,53.18189993426203,14.69006514576688,19.486477750811567,-4.7964126050446865,340.3205883526931,301.92254638671875,263.5245044207444,10646702.3,0.305305615617711,24.074530532249252,-2.127659574468088,0.1897318900919931,-0.5845045481542077,-8.536585365853655,-1.0810810810810811
2026-07-03,292.0,304.0,283.5,295.0,5145184,301.1,303.22640533447264,238.04292755126954,51.012499265787476,12.603636579290594,18.109909516507372,-5.506272937216778,338.0852831326295,303.22640533447264,268.3675275363158,10786043.35,0.47702237354720073,23.597926461282686,-2.341137123745818,0.11318580885453233,0.07800105377469002,1.885057471264373,1.0655737704918122
2026-07-06,284.0,297.5,280.5,292.0,3459982,299.9,302.87683868408203,240.2612174987793,48.57381933291956,10.187162499238923,16.525360113053683,-6.33819761381476,338.38646731687015,302.87683868408203,267.3672100512939,10259288.6,0.3372535986559536,22.718202933111662,-2.73972602739726,-0.009085485277215977,-0.4793234110779254,-7.490974729241873,-5.3527980535279855
2026-07-07,262.5,289.0,259.5,284.0,4232005,288.6,302.09127349853514,242.11298192342122,42.669988734329436,6.462720841087389,14.512832258660426,-8.050111417573037,340.4771081395836,302.09127349853514,263.7054388574867,9924753.0,0.42640910055897613,23.622442542030107,-7.570422535211263,0.3974618785651973,-2.31392776703252,-10.126829268292681,-4.113110539845755
2026-07-08,272.0,273.0,258.0,265.5,3240971,281.9,301.04339904785155,244.01657943725587,45.80446489984879,4.228896512437814,12.456045109415903,-8.22714859697809,341.5639366206272,301.04339904785155,260.5228614750759,9159130.35,0.3538513893952825,22.472783536426093,3.6190476190476106,0.25268356539331904,0.5613583571852931,-2.008250108554055,-1.7575215966636915
2026-07-09,275.0,281.5,271.5,275.0,2482135,277.1,300.2684097290039,245.90463841756184,46.79376444709339,2.669872932869737,10.498810674106672,-7.828937741236935,342.20613306043424,300.2684097290039,258.3306863975736,7606939.9,0.3262987525377977,20.80974573156928,1.1029411764705843,-0.08308174762022835,-0.8304486270893752,4.9628891104464445,2.546998180715576
2026-07-10,275.0,275.0,275.0,275.0,0,273.7,299.9112289428711,247.72715861002604,46.79376444709339,1.4179898100415471,8.682646501293647,-7.2646566912521,342.61363326749586,299.9112289428711,257.20882461824635,6499950.85,0.0,18.035112967360043,0.0,-0.03737569847767075,-0.8304486270893752,4.0633245382585725,0.20697811945593614
2026-07-13,258.0,277.0,255.5,276.0,2927643,268.5,298.4091232299805,249.15984522501628,41.78138266341403,-0.9351150845963616,6.7590941841156456,-7.694209268712007,344.8218067015069,298.4091232299805,251.9964397584541,6087954.25,0.4808910973665743,18.497097905045372,-6.181818181818177,0.005918645015356994,0.057127944892587657,-8.052738336713993,-5.488344644437893
2026-07-14,246.0,260.0,235.0,255.5,3155250,265.2,294.88155364990234,250.29422403971355,38.6353848991287,-3.7253241606278493,4.662210515166947,-8.387534675794797,345.97661673741743,294.88155364990234,243.78649056238726,5549441.35,0.5685707445128689,19.364151517705988,-4.651162790697672,0.19595735310091733,-1.4159606790255297,0.3750275755570298,0.9678426475179469
2026-07-15,250.0,250.5,241.5,248.5,2078164,260.8,292.58621673583986,251.4706926981608,40.25039074925101,-5.549843246856199,2.619799762762318,-8.169643009618516,347.471326240055,292.58621673583986,237.7011072316247,4923432.95,0.42209653733580343,17.982264648678523,1.6260162601626105,-0.08736726929839955,1.9975001997308173,0.0,0.37105751391466324
2026-07-16,236.5,248.5,235.5,248.0,2057786,253.1,288.85399475097654,252.3320457458496,36.73632225748766,-7.992986767441323,0.49724245672158984,-8.490229224162913,348.38098794600353,288.85399475097654,229.32700155594952,4556715.7,0.451594116350072,17.517962695521387,-5.400000000000005,0.23962128796235493,-0.014484209344078902,-7.692307692307687,-4.959950708564387
2026-07-17,218.0,229.0,217.5,223.0,2430360,241.7,282.64842224121094,252.95879618326822,32.543324064013134,-11.29182585886906,-1.86057120639654,-9.431254652472521,344.6249853374087,282.64842224121094,220.67185914501317,4176467.25,0.5819176482229089,17.71556766945187,-7.822410147991543,0.16578843836740909,-6.473889757658291,-9.142857142857142,-3.792544570502432
2026-07-20,207.5,221.5,200.5,221.5,2650304,231.6,275.99158172607423,253.63993174235026,30.421031789603973,-14.585311462023355,-4.405519257521903,-10.179792204501453,340.2993286200788,275.99158172607423,211.68383483206964,3715229.9,0.7133620452397845,18.15349198019162,-4.816513761467888,0.15093593640875813,-0.5192494034838457,-9.142857142857142,-3.792544570502432
2026-07-21,219.0,219.5,208.5,212.5,3129188,226.2,271.4580902099609,254.51273396809896,35.39074407316677,-16.082084382306334,-6.74083228247879,-9.341252099827544,338.4951185134456,271.4580902099609,204.42106190647618,3511277.9,0.8911820964099709,17.333026382832738,5.542168674698789,-0.11480806865203919,4.200670223388481,4.834905660377364,3.5377358490566113
2026-07-22,219.0,236.0,219.0,233.0,2413296,220.0,266.7034057617187,255.42649790445964,35.39074407316677,-17.07149810181801,-8.806965446346634,-8.264532655471374,334.4929275278946,266.7034057617187,198.91388399554282,3382911.6,0.7133783809189693,17.288622865121706,0.0,0.15336368301654968,1.3404288294859956,3.9495063117110263,1.1064106736088597
2026-07-23,214.0,224.0,212.0,223.0,1728211,215.5,261.87075958251955,256.215966796875,34.160424176010736,-18.05099320283921,-10.65577099764515,-7.3952222051940595,330.2462568424386,261.87075958251955,193.4952623226005,3216406.9,0.5373110597418504,16.583473149772146,-2.2831050228310557,0.16612166048495247,0.055832476427841726,2.6572081279307547,0.2896684905053126
2026-07-24,207.0,221.5,207.0,212.0,1779694,213.3,257.45,256.921538289388,32.45913546024714,-19.17109912867818,-12.358836623851754,-6.812262504826425,328.0891124698352,257.45,186.8108875301648,3146359.75,0.5656358908100068,16.305676729802528,-3.2710280373831724,-0.2473849217723867,-2.6665489151664,-2.6587022721948905,-3.0487804878048808
2026-07-27,212.0,212.0,202.0,207.0,1683160,214.2,253.55,257.75140482584635,34.95115257273568,-19.431340533495842,-13.773337405780572,-5.65800312771527,325.22756751041607,253.55,181.87243248958399,3058773.25,0.5502728912644963,15.464919832495525,2.4154589371980784,0.0721389858897803,-0.047299308791204364,-2.514739501864993,-0.2979145978152964
2026-07-28,193.0,204.0,193.0,204.0,1946300,209.0,247.25,258.21545079549156,30.366124004131777,-20.929463109538233,-15.204562546532106,-5.724900563006127,316.82426929093947,247.25,177.67573070906056,2984370.75,0.6521642795219059,15.936263854829456,-8.9622641509434,-0.06281056383515837,-4.65422176004644,-11.71315724512466,-2.8054448871181914
2026-07-29,185.0,197.5,178.0,195.0,3421453,202.2,241.225,258.44785537719724,28.661233503743574,-22.502870106613727,-16.66422405854843,-5.838646048065296,310.42910316402197,241.225,172.02089683597802,2660579.2,1.2859805113112213,16.41142867418553,-4.145077720207258,0.1913253481581556,-3.759743710600294,-12.889696630784286,-6.199829205807006
2026-07-30,176.5,193.5,170.0,170.0,3633842,194.7,235.1,258.6041320800781,26.93111786271966,-24.157216100258466,-18.16282246689044,-5.994393633368027,304.45765430380476,235.1,165.74234569619523,2679746.4,1.3560395117985793,17.35657151762746,-4.594594594594592,-0.04603973420009844,-0.26443825042463676,2.9690258385491886,2.3852876911871768
2026-07-31,194.0,194.0,188.0,193.5,1684151,192.1,230.2,258.92919057210287,35.55623438221902,-23.782048817783476,-19.28666773706905,-4.495381080714427,296.4073298533899,230.2,163.99267014661007,2506694.75,0.6718612228313798,17.375695315277135,9.915014164305958,0.14251061606802562,7.979428588197601,15.586034912718194,6.989151698381657
2026-08-03,204.0,208.5,196.0,202.5,2519743,190.5,226.2,259.25706914265953,39.920446386038435,-22.419373040143114,-19.913208797683865,-2.506164242459249,288.25803735214157,226.2,164.14196264785843,2459682.8,1.0244178639619712,16.992269273240183,5.154639175257736,-0.3145609094511337,0.6184176769345795,-3.438511326860838,2.7925531914893664
2026-08-04,206.0,208.5,199.5,204.0,1950032,193.1,223.375,259.63466567993163,40.78417516866737,-20.936713977431793,-20.11790983363345,-0.8188041437983422,283.59204165153716,223.375,163.1579583484628,2345584.15,0.8313630529947093,15.926633370141491,0.9803921568627416,0.3186484533235223,-0.059350381622413906,-0.446864962993998,-1.2936610608020649
2026-08-05,210.0,217.5,208.0,212.5,1861718,198.1,220.275,259.95604400634767,42.56269784447387,-19.217403156476394,-19.937808498202042,0.7204053417256482,276.1813832152496,220.275,164.36861678475043,2276621.5,0.8177547299803678,15.33641558745596,1.9417475728155331,-0.002778949738335701,2.88496854462601,9.819048954972654,3.2110091743119185
2026-08-06,210.0,210.0,200.5,208.0,1622266,204.8,217.025,259.96611404418945,42.56269784447387,-17.651363018617047,-19.480519402285044,1.8291563836679963,266.75212380688316,217.025,167.29787619311685,2233628.05,0.7262919177613301,14.558226842461831,0.0,-0.4022170511909673,-0.48171851317403425,-5.2113935368501725,-4.349206349206347
2026-08-07,207.0,219.5,205.0,219.0,1756973,207.4,213.625,259.62306823730466,41.479067304842026,-16.462569599854135,-18.87692944179886,2.4143598419447265,255.3103817618528,213.625,171.9396182381472,2321476.7,0.7568342167724534,14.550463263466922,-1.4285714285714235,-0.17977012124817948,-0.38468864916847423,-2.1290931141355607,-0.8297378028543023
2026-08-10,218.0,220.5,210.0,211.5,1942741,210.2,211.625,259.6517791748047,46.824912911977705,-14.46607823643754,-17.994759200726598,3.528680964289059,247.8231025963901,211.625,175.4268974036099,2272231.6,0.8549925104465583,14.410401495004667,5.31400966183575,0.08787349343861717,1.589230295129762,0.536968194960763,1.907630522088355
2026-08-11,219.0,227.0,213.5,214.0,3757663,212.8,210.275,259.7135414123535,47.29625760921355,-12.657247929071957,-16.927256946395673,4.270009017323716,242.91413537296256,210.275,177.63586462703745,2302352.25,1.6320973473976452,14.289014629004045,0.4587155963302836,-0.02481586909149902,0.4272475445720847,0.536968194960763,1.907630522088355
2026-08-12,230.5,234.0,217.0,218.0,3474470,216.9,209.3,260.1144322713216,52.50962724103009,-10.178452127813216,-15.577495982679183,5.399043854865967,237.8517074795859,209.3,180.7482925204141,2372167.55,1.464681531454218,14.65047934513684,5.251141552511407,-0.055858442703549116,0.8806410303470624,3.231991235277998,2.266009852216744
2026-08-13,253.5,253.5,229.5,230.5,3836240,225.6,210.15,260.55457865397136,60.850602371829865,-6.285624054145387,-13.719121596972425,7.433497542827038,242.8255984924828,210.15,177.4744015075172,2461090.25,1.5587563276072465,15.897082099118595,9.97830802603037,-0.02110518697276964,1.1059567173957285,10.254709472008482,3.885677585099545
2026-08-14,228.5,250.0,228.5,249.5,5033520,229.9,210.675,260.2012115478516,50.47359069395944,-5.158358480141885,-12.006968973606318,6.848610493464433,244.2078197442422,210.675,177.14218025575784,2591248.25,1.9425078241731566,17.110804485902783,-9.861932938856011,-0.24284380760136726,-0.45732720428869333,-0.9144507279509106,-0.7727975270479082
2026-08-17,220.0,226.5,219.5,226.0,1781683,230.3,211.3,259.2965616861979,47.50718644356117,-4.8944511674024795,-10.58446541236555,5.69001424496307,245.04891811131205,211.3,177.55108188868797,2547817.2,0.6992978146155854,16.029363887782413,-3.7199124726477018,-0.4168200504919728,0.10097531306225704,0.6678809957498588,1.0591900311526459
2026-08-18,213.0,221.5,212.0,220.0,1462221,229.1,211.0,258.35716857910154,45.15364039081924,-5.190313515912578,-9.505635033074954,4.315321517162376,244.56690099048615,211.0,177.43309900951385,2464468.85,0.5933209502729158,15.15878203607809,-3.1818181818181857,-0.4373220778009723,-1.1962985353416111,-9.577804583835947,-3.2367447595560983
2026-08-19,218.5,226.0,207.0,207.0,2415869,226.7,210.975,257.5831726074219,47.36025505169736,-4.924219190489879,-8.58935186455794,3.6651326740680616,244.51754956885037,210.975,177.43245043114962,2464597.5,0.980228617451734,15.670944431267678,2.5821596244131495,0.09921712609282096,-1.3006958690137793,-2.2011739594450352,-4.237018158649253
2026-08-20,214.0,222.0,212.5,221.0,1218220,218.8,210.975,256.4720225016276,45.738825051193366,-5.018598631363915,-7.875201217919136,2.856602586555221,244.51754956885037,210.975,177.43245043114962,2439097.95,0.49945513668280517,14.848151840431989,-2.0594965675057253,-0.20952662644722064,0.47940480185713064,-1.7187286864002171,0.1663339986693213
2026-08-21,210.5,217.0,210.5,213.0,779463,215.2,211.15,255.34350077311197,44.46376505515291,-5.3145529097539566,-7.3630715562861,2.048518646532144,244.64171146480786,211.15,177.65828853519216,2389086.4,0.326259862347381,13.73506492837439,-1.6355140186915862,0.07292445718072305,0.6466205402973157,-1.582234559333795,0.996346728661579
2026-08-24,210.0,216.0,209.5,209.5,632210,213.2,211.05,254.14110717773437,44.273884763608976,-5.525747254250376,-6.995606695878956,1.4698594416285795,244.5429686257916,211.05,177.55703137420844,2336538.9,0.2705754224763816,12.77038960459114,-0.23752969121140222,-0.05119683229035665,-1.0215058314384073,-0.33845719926667295,0.03288391976323801
2026-08-25,209.5,211.0,203.5,210.0,893311,212.5,211.875,252.97134145100912,44.07120366454757,-5.668127469975502,-6.730110850698265,1.0619833807227632,244.29149190409498,211.875,179.45850809590502,2283889.45,0.391135831902897,12.067670990645654,-0.23809523809523725,-0.03142551921185843,0.9095610374029395,0.8914673836139864,0.2301117685733045
2026-08-26,209.5,213.0,208.5,210.5,744310,210.7,213.1,251.7196528116862,44.07120366454757,-5.715084875800329,-6.527105655718678,0.812020779918349,242.99384728105414,213.1,183.20615271894584,2150032.3,0.3461854968411405,11.0586481918929,0.0,0.09398842232435367,1.4681604395669012,0.7713884992987419,-0.5903574942604184
2026-08-27,217.0,218.5,209.0,212.5,1214414,211.3,215.125,250.71584879557292,48.19676569686615,-5.088455095454549,-6.239375543665853,1.1509204482113038,239.570158814651,215.125,190.679841185349,2029060.9,0.5985103749227044,10.850828432973845,3.5799522673030992,-0.11305637616038089,0.3111269939336747,1.7258176757132926,1.5176509402837324
2026-08-28,223.0,233.0,219.0,224.5,3970726,213.8,216.575,250.0004684448242,51.292194921352646,-4.060885266460502,-5.803677488224783,1.7427922217642804,239.10982684762527,216.575,194.0401731523747,2143389.65,1.8525451030334126,11.537384641910666,2.764976958525356,-0.4558916903721677,0.774831481905669,1.2039950745656114,1.1374715632109123
2026-08-31,215.5,226.0,211.5,219.5,1678808,214.9,217.15,248.74227956136068,47.47354079523888,-3.8078218931294145,-5.404506369205709,1.5966844760762946,238.9072734359855,217.15,195.3927265640145,2101342.9,0.7989214896816698,11.932400022989246,-3.363228699551568,-0.11023270076141456,-0.4381051578845385,-2.7849128024874936,-1.0925449871465265
2026-09-01,215.5,223.5,215.0,216.0,1501251,216.1,217.625,247.69709116617838,47.47354079523888,-3.5661588867517082,-5.036836872714909,1.470677985963201,238.76332886886377,217.625,196.48667113113623,2078903.85,0.7221358505829887,11.474746686590679,0.0,0.19604210375987474,1.7781860578235609,1.3767209011264159,0.032488628979865375
2026-09-02,209.0,214.5,208.5,212.0,1097746,216.0,217.575,246.29779968261718,44.16838440469213,-3.854700304697957,-4.800409559111519,0.9457092544135621,238.7938471337165,217.575,196.35615286628348,2040705.25,0.5379248179030264,10.878113795045255,-3.0162412993039456,-0.04102653494677533,-1.6699071260597553,-5.075445816186552,-6.333225073075677
2026-09-03,203.0,211.0,203.0,210.5,930450,213.2,217.225,244.83946990966797,41.309399586728695,-4.515469788220571,-4.74342160493333,0.22795181671275877,239.18782744715497,217.225,195.26217255284502,2006114.45,0.4638070375296883,10.494365289039221,-2.8708133971291905,0.16164441336217195,-0.6651369315447186,-0.2745664739884357,-1.7857142857142905
2026-09-04,214.0,215.5,206.5,206.5,1615521,211.4,217.575,243.70374298095703,47.960039191115285,-4.1042154543625315,-4.615580374819171,0.5113649204566393,239.0698586263841,217.575,196.08014137361587,1999041.85,0.8081476633418154,10.761783250500658,5.418719211822665,-0.09708022272419958,1.5122200906831251,4.202289523257496,2.6478375992939007
2026-09-07,213.5,221.0,213.5,221.0,1959232,211.0,217.35,242.46137440999348,47.69547319418835,-3.7751219967317127,-4.4474886992016796,0.6723667024699669,238.9202036200483,217.35,195.77979637995168,1999866.4,0.9796814427203737,10.326878817100571,-0.2336448598130869,-0.23473421241366754,1.6651381893682204,5.965790571547758,2.510748065348234
2026-09-08,206.5,213.0,206.0,210.5,991519,209.2,216.725,240.62718454996744,44.03322549196996,-4.032668467286129,-4.36452465281857,0.3318561855324411,238.81208839308684,216.725,194.63791160691315,1861559.2,0.5326282398110144,9.949961641487162,-3.2786885245901676,-0.3671620448905233,-0.46588983968915976,-7.834645669291341,-6.894816305988927
2026-09-09,208.0,210.5,207.0,207.0,493250,209.0,215.6,239.16207224527994,45.007655591272126,-4.06883543461754,-4.305386809178365,0.23655137456082453,237.01470227866906,215.6,194.18529772133093,1712498.2,0.28802949982662757,9.156633422622207,0.7263922518159882,-0.0180897502252253,0.1646891802691508,1.495087569414788,1.3513513513513598
2026-09-10,207.0,210.5,202.5,209.0,884300,209.8,213.275,237.42633158365885,44.452000690671646,-4.130574962474157,-4.270424439837523,0.1398494773633665,225.481447821577,213.275,201.068552178423,1564901.2,0.5650835976098683,9.002415632939247,-0.48076923076922906,-0.11174924474647296,-0.5147388760934346,5.569584736251398,1.351111111111103
2026-09-11,201.0,210.0,201.0,203.0,840080,207.2,211.9,235.07447408040363,41.167921422899525,-4.610506786721061,-4.338440909214231,-0.2720658775068294,223.03363798300785,211.9,200.76636201699216,1355229.2,0.619880386284475,9.002093548547347,-2.898550724637683,0.5434767453688316,-1.6097760087677493,-2.299003322259141,-1.4734257147868801
2026-09-14,199.0,202.0,194.5,197.0,669377,204.3,210.85,232.71386057535807,40.10432478431214,-5.093524520399171,-4.48945763145122,-0.6040668889479512,222.70482357966995,210.85,198.99517642033004,1299613.9,0.515058356947398,8.801814408741034,-0.995024875621886,0.13023751389060756,-0.6979172181896032,-2.5163220892274185,0.28484956382410775
2026-09-15,199.0,204.5,199.0,200.0,572766,202.8,210.15,230.8693634033203,40.104324784312126,-5.413911354244988,-4.6743483760099735,-0.7395629782350142,223.0752914046289,210.15,197.2247085953711,1255141.15,0.45633592683978214,8.361572487575563,0.0,0.4665917444771184,-0.7653989654031412,3.23705874145388,0.6035860110065627
