Date,Close,High,Low,Open,Volume,MA5,MA20,MA60,RSI,MACD,MACD_signal,MACD_hist,BB_upper,BB_mid,BB_lower,Volume_MA20,Volume_ratio,ATR,pct_change,usdtwd_pct,twii_pct,murata_pct,tdk_pct
2023-12-13,117.36937713623047,120.86136490693454,116.39938485618661,120.6673565474873,14856807,117.7185791015625,112.95590553283691,106.72853864034018,63.63324571123218,3.2770107363564307,2.981187669096809,0.2958230672596218,123.08686103844896,112.95590553283691,102.82495002722486,12496435.75,1.1888835582578017,2.63594446271736,-2.261714533239212,0.46316889472772793,0.10486055359522073,-0.32981212659791703,-1.3329450981172108
2023-12-14,122.99534606933594,122.99534606933594,118.33937171641278,118.33937171641278,31935728,119.23177032470703,113.81920051574707,107.0809700012207,72.53761289866749,3.5970131398804313,3.1043527632535337,0.49266037662689754,124.29408599651453,113.81920051574707,103.34431503497962,13767270.8,2.3196847410018258,3.034614392102441,4.793387398295046,-1.0043531382914583,1.054327258708887,-2.211764988013021,-2.6118244078858655
2023-12-15,122.80135345458984,122.80135345458984,121.24935726746219,122.21935665288818,14594344,120.4733642578125,114.65339622497558,107.44633483886719,71.88402581600926,3.791260476623151,3.2417343059274573,0.5495261706956938,125.20282492711098,114.65339622497558,104.10396752284018,14192899.5,1.0282848828740032,2.862797646738616,-0.15772354072384198,0.08762037854230798,0.11759835156519571,0.5164760924605938,1.3409399783831377
2023-12-18,120.27937316894531,122.0253635905862,119.30937377433267,121.83135522300176,8647046,120.70616302490234,115.40029296875,107.76966667175293,63.83175850407947,3.699059700838845,3.3331993849097348,0.36586031592911006,125.26689350698607,115.40029296875,105.53369243051392,14397708.1,0.600584894480532,2.9466885845410906,-2.0537072391283773,0.524301763827939,-0.1235713786054915,-0.07088020635188652,0.5475196571579577
2023-12-19,119.50337219238281,121.63736527639135,118.72738113809349,120.27937739444245,9544659,120.58976440429687,116.04048957824708,108.08653157552084,61.54721485081352,3.5227648874833193,3.371112485424452,0.15165240205886743,125.16356572333596,116.04048957824708,106.91741343315819,14595341.45,0.6539524294582365,2.9417946583753265,-0.6451654644662352,0.08677068074613992,-0.42759115315066376,0.2836945980871697,0.665562738576031
2023-12-20,119.1153793334961,120.08536457853909,118.92137096627167,119.69737613962981,7205289,120.93896484375,116.66128654479981,108.38723004659018,60.383551247272656,3.313545704373553,3.3595991292142724,-0.046053424840719615,124.73772302467373,116.66128654479981,108.58485006492589,14817765.05,0.4862601732236266,2.7047545188942723,-0.3246710546896625,-0.33465989557395215,0.33367432683415466,0.1767973106314713,2.253936700068282
2023-12-21,117.75737762451172,119.11537960712313,116.9813865971408,117.75737762451172,7215220,119.89137115478516,117.26268310546875,108.6652951558431,56.36655171922307,3.003535715700494,3.2883864465115167,-0.28485073081102286,123.49164187622759,117.26268310546875,111.03372433470992,15002982.35,0.480919048738333,2.6286529843726805,-1.1400725217709073,0.12791495872452874,-0.5186161111112364,-0.7059592939427706,-1.396030157610939
2023-12-22,115.6233901977539,118.72737548887461,114.6533978891033,117.75737610633918,13347198,118.45577850341797,117.4663818359375,108.9077938079834,50.662942493267856,2.5561894544551507,3.141947048100244,-0.5857575936450932,123.15136939888593,117.4663818359375,111.78139427298906,14038644.15,0.9507469423249111,2.821362933092498,-1.8121900044024142,-0.3736782960108931,0.30147861455658287,1.013151230289644,-0.044694441593606804
2023-12-25,115.23539733886719,116.01138837407738,114.45939922977202,115.6233928564723,7630302,117.44698333740234,117.68948097229004,109.13735923767089,49.67867118435461,2.1456231304975546,2.942682264579706,-0.7970591340821516,122.560483552044,117.68948097229004,112.81847839253608,14004855.4,0.5448326156941256,2.652113094587547,-0.3355660634263735,-0.36226354270691985,0.04665088698287967,0.8094200739831026,-0.7306045007081985
2023-12-26,116.3993911743164,116.78738669261733,115.04139624943569,115.4293917677366,4083196,116.82618713378906,117.7476806640625,109.37985801696777,52.650678069475084,1.8923570216150836,2.7326172159867816,-0.8402601943716981,122.5220800531598,117.7476806640625,112.9732812749652,12745979.05,0.3203516955411911,2.5312967410667597,1.0101009432252228,0.127733444468503,0.8343763777672208,1.0124157837348102,0.7509993074272581
2023-12-27,116.5933837890625,117.563383182269,116.39938956952912,116.78738508248078,3529231,116.32178802490235,117.76708030700684,109.59972343444824,53.14732901257392,1.6878390306855806,2.5236615789265415,-0.8358225482409609,122.51818969503655,117.76708030700684,113.01597091897712,11991194.6,0.2943185493795589,2.3489896572898434,0.16666119366173238,-0.5678033131921834,0.7873572184754041,1.831688899843087,1.0584315830352242
2023-12-28,115.81739044189453,117.36937953648042,114.84739106812918,116.78738274177512,7456205,115.93379058837891,117.72828063964843,109.8486888885498,50.84968241766836,1.4464669014859908,2.308222643438431,-0.8617557419524404,122.53212911333151,117.72828063964843,112.92443216596536,11432622.4,0.6521867633798524,2.372056165431363,-0.6655552158704614,-0.31445393355279405,0.1054642742363665,2.1890338704401158,-1.062095775736449
2023-12-29,115.81739044189453,116.39938723659984,114.84739106812918,116.39938723659984,4416866,115.97259063720703,117.72828063964843,110.09442087809245,50.84968241766836,1.2408737301588388,2.0947528607825125,-0.8538791306236737,122.53212911333151,117.72828063964843,112.92443216596536,11174863.7,0.39525010045536396,2.2627148325032684,0.0,-0.4788328985291246,0.11413168589380351,-0.5978198733492479,0.1490797197870597
2024-01-02,113.87740325927734,117.36938416522382,113.87740325927734,116.59338605038513,10333806,115.70099182128907,117.61188125610352,110.27871996561686,45.185802748737416,0.9108986357175866,1.8579820157695275,-0.9470833800519409,122.6768205543869,117.61188125610352,112.54694195782014,11331187.05,0.9119791204929407,2.4266169756290297,-1.675039625064323,-0.044000291677548375,-0.4297116466016604,-0.5978198733492479,0.1490797197870597
2024-01-03,112.13140869140625,113.48940357406819,111.5494118951061,112.7134054877064,9879916,114.84739532470704,117.398482131958,110.4500857035319,40.78295951500317,0.5027089108896377,1.5869273947935496,-1.084218483903912,123.00879803568014,117.398482131958,111.78816622823587,11383051.55,0.8679496843708838,2.413466894101324,-1.533223025726882,0.6860424901047546,-1.649228076412912,-0.5978198733492479,0.1490797197870597
2024-01-04,111.93740844726562,114.45939694609282,111.54941293740177,114.07140143622897,6063599,113.91620025634765,117.22388305664063,110.61175155639648,40.31293585561341,0.16169746699452503,1.3018814092337447,-1.1401839422392197,123.29097490492452,117.22388305664063,111.15679120835674,11176803.9,0.5425163628396487,2.4796691760466216,-0.1730115106950314,0.5275459898703483,-0.055014439343803456,-2.8399482831121037,-2.3969043641204
2024-01-05,110.96742248535156,112.51941168749852,110.96742248535156,112.51941168749852,5516168,112.94620666503906,117.00078468322754,110.70551795959473,37.95742260193655,-0.18469724489359862,1.004565678408276,-1.1892629233018746,123.6462936899506,117.00078468322754,110.35527567650448,11044132.15,0.49946595396361676,2.3559785128599997,-0.8665431649429567,0.03898027981255048,-0.17384828156632448,-0.017191588772247357,-1.0372076397662577
2024-01-08,110.96742248535156,112.71341299047386,110.57941987940089,111.74341354948243,5422564,111.97621307373046,116.719486618042,110.80251744588216,37.95742260193655,-0.4539843012743887,0.712855682471743,-1.1668399837461316,123.89291953614851,116.719486618042,109.54605369993548,10698376.35,0.5068585944819561,2.3263804592883957,0.0,-0.3284639253521182,0.3054917612432817,-0.017191588772247357,-1.0372076397662577
2024-01-09,109.60942840576172,111.54942022967293,109.22143287053359,111.54942022967293,7955589,111.12261810302735,116.24418907165527,110.89628372192382,34.66833179861388,-0.7681205905283264,0.41666042787172913,-1.1847810184000556,123.98635842521573,116.24418907165527,108.50201971809481,9937421.3,0.8005687551960788,2.3265947126018554,-1.2237772574821282,-0.7463136321570363,-0.21152131518220596,-0.6534987320127694,-0.32367415238965247
2024-01-10,107.66943359375,108.83342724101588,107.28143806928973,108.83342724101588,10097936,110.2302230834961,115.62339248657227,110.92215029398601,30.590302884560657,-1.1602426757677762,0.10127980714382809,-1.2615224829116043,124.0312167078327,115.62339248657227,107.21556826531184,9486583.45,1.0644439121019909,2.3267807957845394,-1.7699160010488102,1.1070581272880409,-0.3983884913753566,2.5272726674406165,4.499769164126133
2024-01-11,107.4754409790039,108.63943464371248,106.69944284456979,107.66943520719852,8463844,109.33782958984375,115.12869567871094,110.93508364359538,30.20765120324316,-1.4697138893024544,-0.2129189321454284,-1.256794957157026,124.23890760510193,115.12869567871094,106.01848375231995,9166935.3,0.9233013785970541,2.2752089295656264,-0.18017426884406884,0.18254264271539977,0.45626438441657147,0.8779258447818794,1.3317522618890187
2024-01-12,108.6394271850586,109.02742268869517,107.47543360026415,107.47543360026415,5274677,108.87223052978516,114.41089973449706,110.97065010070801,35.4270201502156,-1.6025746140753796,-0.49085006853141866,-1.1117245455439608,123.16668114176868,114.41089973449706,105.65511832722545,7833882.75,0.6733157960527301,2.178779617414345,1.0830252897330084,-0.7192046382251016,-0.18517891834584077,-0.3012483334686289,3.212623831000694
2024-01-15,111.743408203125,112.13141079051171,109.02742546084257,109.99741778153953,12974963,109.02742767333984,113.85800247192383,111.11938260396322,46.843289073787716,-1.4407937945608182,-0.6808388137372986,-0.7599549808235196,121.73541191824013,113.85800247192383,105.98059302560752,7752913.7,1.6735595805742038,2.353873482486181,2.8571404493683783,0.587818268824547,0.19408761589856383,0.8897083227818126,-0.18393208362291746
2024-01-16,109.41542053222656,111.3554122396664,109.22142631320199,110.9674167277324,9321904,108.9886260986328,113.31480484008789,111.22931531270345,40.990028183888086,-1.4833315559295102,-0.841337362175741,-0.6419941937537692,120.81716604518864,113.31480484008789,105.81244363498713,7786656.6,1.1971638764704224,2.3762879368110914,-2.083333333333337,0.38422436149399,-1.1395293752028635,-1.0981644624668219,1.091417405518924
2024-01-17,108.44542694091797,114.26539492095206,108.05743143354397,111.54941222156442,26033135,109.14382476806641,112.76190757751465,111.33924802144368,38.81377577153113,-1.5771332046739843,-0.9884965306753897,-0.5886366739985947,119.96796248677956,112.76190757751465,105.55585266824974,8611080.4,3.0232135563384124,2.8871780102240248,-0.8865236605501092,0.8430854010390787,-1.066936498019444,-2.6581497121823894,-1.0095271700461428
2024-01-18,108.05743408203125,109.99741874033509,108.05743408203125,108.6394308942994,7089882,109.26022338867188,112.20901031494141,111.45564740498861,37.945943188935445,-1.6636024942320091,-1.1235177233867137,-0.5400847708452954,119.05015349109954,112.20901031494141,105.36786713878328,8605310.05,0.823896170946217,2.760885563301334,-0.3577770587763984,0.2686100789593082,0.3845752896719512,0.19011464244167442,2.2804539524310607
2024-01-19,109.41542053222656,109.60942182513601,107.28143460576214,108.63942950835852,9535760,109.41542205810546,111.79191246032715,111.63024648030598,42.76915777061819,-1.6040612521979938,-1.2196264291489698,-0.384434823049024,118.21303289805378,111.79191246032715,105.37079202260053,8721337.05,1.0933828087747164,2.7031657841110053,1.2567265378191417,0.12079320549103212,2.6337127016353046,2.553049148908282,1.7449177115524739
2024-01-22,107.86343383789062,109.41542299443648,107.08743572267518,109.41542299443648,9952878,108.6394271850586,111.40391464233399,111.70137952168783,39.03495946205561,-1.6629374370221086,-1.3082886307235977,-0.3546488062985109,117.78790972805957,111.40391464233399,105.0199195566084,8551621.05,1.1638586347321833,2.653141982464378,-1.4184350677323598,-0.6231681074182815,0.7554784976987472,2.6408754565575343,1.7558031763021953
2024-01-23,108.6394271850586,109.22142397745581,107.86342910390073,108.25142460753729,5635475,108.484228515625,111.07411613464356,111.76927909851074,41.77243349152867,-1.6282120448791773,-1.3722733135547136,-0.25593873132446365,117.30434647748851,111.07411613464356,104.84388579179861,8451879.7,0.6667717951546329,2.4804557012764725,0.7194220687746888,-0.05034596135321534,0.3339315281947419,1.9993396833865251,-0.240766591428343
2024-01-24,107.28144073486328,108.833429945151,107.28144073486328,108.63943571504335,5222611,108.25143127441406,110.6182186126709,111.85657869974771,38.51330106363895,-1.6907798214793104,-1.4359746151396329,-0.2548052063396775,116.53418967274784,110.6182186126709,104.70224755259396,8508850.45,0.6137857317729682,2.3566601691446385,-1.24999411850919,0.0860763428329081,0.006938533336109387,-0.6748054763399569,-0.8447296668785964
2024-01-25,107.86343383789062,108.44543065583095,107.47543831722543,108.05743513516575,3779693,108.21263122558594,110.18172111511231,111.9147782643636,40.65045929799541,-1.674105212916217,-1.4836007346949498,-0.19050447822126726,115.49940815653851,110.18172111511231,104.86403407368611,8521373.55,0.4435544314331813,2.197637469387709,0.5424918784095123,-0.328079755907984,0.709276503221834,-0.970559571110674,-0.392160575404088
2024-01-26,107.08743286132812,108.44542775819865,106.89343864312151,107.86343095580911,3015867,107.74703369140624,109.74522323608399,111.93094482421876,38.718054357355264,-1.703866150629139,-1.5276538178817876,-0.17621233274735149,114.5206597618208,109.74522323608399,104.96978671034718,8299356.65,0.3633856366444982,2.111551022146299,-0.7194291419729493,0.07350350663963834,-0.04215966405062277,-2.515516935478046,-1.561226605837529
2024-01-29,108.25142669677734,108.63942928178705,107.08743308951796,107.28143438202281,5289283,107.82463226318359,109.36692504882812,111.9600446065267,43.088313907507235,-1.6149116374552364,-1.5451053817964775,-0.06980625565875886,113.2282254763436,109.36692504882812,105.50562462131265,8342977.5,0.633980254651292,2.036943741921315,1.0869565217391353,-0.13380371723147322,0.6924221152651233,1.3404795269971403,0.6481862573032515
2024-01-30,106.6994400024414,108.639431749909,106.50543870552914,108.44543045299672,8350162,107.43663482666015,109.00802688598633,111.95681139628093,39.085943474766886,-1.6506195855143915,-1.5662082225400604,-0.08441136297433105,112.4112977482663,109.00802688598633,105.60475602370634,8243795.3,1.0129026372112855,2.0498836489157863,-1.4336870577079774,-0.2817131452696353,-0.46910447933337096,0.26455646756926576,0.17813539353872532
2024-01-31,107.08743286132812,107.28143415341958,105.53544374625099,106.69943735103006,5961067,107.39783325195313,108.75582809448242,111.94064470926921,40.57211347067259,-1.6288344211992296,-1.5787334622718945,-0.050100958927335126,111.92398487443185,108.75582809448242,105.587671314533,8047852.85,0.7407027826061706,2.0093645500161603,0.3636315793952072,-0.0830523890604784,-0.804398568682585,-0.5606853591159533,1.791827881728758
2024-02-01,107.08743286132812,107.86343095580911,106.31144184073199,107.47543544551104,9296855,107.24263305664063,108.51332931518554,111.95034459431966,40.57211347067259,-1.5932040568930717,-1.58162758119613,-0.011576475696941646,111.38466711157754,108.51332931518554,105.64199151879355,8209515.65,1.1324486603542805,1.948381158690955,0.0,0.2756859522162314,0.43907634242430493,-0.5140938259149852,5.482385246594235
2024-02-02,107.66943359375,108.25143041738293,107.28143806928973,107.28143806928973,5500028,107.359033203125,108.34842987060547,111.98267771402995,42.99179120612951,-1.5007049488600757,-1.565443054728919,0.06473810586884343,110.99646821839761,108.34842987060547,105.70039152281333,8208708.65,0.67002353652788,1.8437966783394688,0.5434818230964034,-0.035210710893140984,0.5110182189104195,2.2170231805390683,-0.7770643035669988
2024-02-05,106.6994400024414,107.28143681929318,105.72944766565014,107.28143681929318,6899048,107.04863586425782,108.13503074645996,111.9988442738851,40.06392797040394,-1.4885104931681354,-1.5500565424167625,0.061546049248627055,110.57404565673293,108.13503074645996,105.69601583618699,8282532.85,0.8329635541379109,1.856621911640854,-0.900899687991763,0.29391269736438463,0.2001149817599579,-0.4892283787484186,-1.450766321172181
2024-02-15,106.8934326171875,109.41541390277986,105.72943907802659,108.63942292592888,11260397,107.08743438720703,107.99923095703124,111.97944424947103,40.93035230669211,-1.4465181555588913,-1.5293488650451883,0.082830709486297,110.3946500954007,107.99923095703124,105.60381181866178,8447773.25,1.3329426189321547,2.100535633389177,0.18181221451738505,-0.3927712441166409,3.0310448098840537,1.9932389623239288,-0.051093976089322535
2024-02-16,105.34143829345703,106.89343442111935,104.3714460190815,106.69943313669042,13633461,106.73823547363281,107.8828311920166,111.96974411010743,36.397203303852294,-1.5209394535636562,-1.527666982748882,0.006727529185225789,110.55588477668947,107.8828311920166,105.20977760734372,8624549.5,1.5807736972232578,2.1567293358756667,-1.4519080225335768,-0.26288406984117385,-0.20016719009597894,0.7949668635454987,0.16613014289714734
2024-02-19,106.8934326171875,106.8934326171875,104.75943974613618,105.9234332852971,7092305,106.69943542480469,107.85373077392578,111.97944399515788,43.174861983261344,-1.4381082799813356,-1.5097552421953728,0.07164696221403721,110.55794890330823,107.85373077392578,105.14951264454332,8555972.55,0.8289303125452406,2.1536978072324207,1.4732989684524522,0.2255126060222823,0.15343901570623597,-2.0374538412053056,-0.7527403769207353
2024-02-20,107.4754409790039,107.66943520719852,106.50544154248995,106.89344414664961,4564686,106.66063690185547,107.79553146362305,112.0085439046224,45.51946140252302,-1.3103953455484998,-1.4698832628659984,0.15948791731749856,110.47857061462776,107.79553146362305,105.11249231261834,8520473.0,0.5357315257028571,2.0217372548959074,0.5444753223527998,0.21989185165642855,0.6297522514733034,-0.7883385598524084,0.2185349193192243
2024-02-21,107.86343383789062,108.25142935855582,107.47543831722543,107.86343383789062,7845869,106.89343566894532,107.60153274536133,112.03764381408692,47.08682994614487,-1.1644510766024894,-1.4087968256132966,0.2443457490108072,109.54060417728847,107.60153274536133,105.66246131343418,8264018.3,0.9494012132088333,1.8556377597538398,0.3610060636666912,-0.07738215560203487,-0.40979551571411754,0.6255294398066491,-1.0646490456006519
2024-02-22,107.08743286132812,108.44542775819865,107.08743286132812,108.44542775819865,5844839,106.93223571777344,107.48513336181641,112.06674372355143,44.33930386806058,-1.0987403902127113,-1.3467855385331795,0.2480451483204682,109.23611047511673,107.48513336181641,105.73415624851609,8090165.05,0.7224622691721228,1.7892853780360642,-0.7194291419729493,0.15456807377836057,0.9448801440578247,1.6465127441044558,2.230009331107774
2024-02-23,104.95344543457031,107.47543389995224,104.95344543457031,107.47543389995224,10941624,106.8546371459961,107.31053428649902,112.03764381408692,37.806198635276054,-1.2049690159425523,-1.318422234015054,0.11345321807250164,109.33359644203655,107.31053428649902,105.28747213096149,7335589.5,1.491580737989769,1.8869791230155122,-1.9927524357794657,0.08814408362198822,0.19312885212652287,1.6465127441044558,2.230009331107774
2024-02-26,106.11743927001953,106.5054347756426,104.95344567926556,104.95344567926556,4200758,106.6994384765625,107.21353454589844,112.02794380187989,42.7603708793457,-1.1816105219806161,-1.2910598916081664,0.10944936962755025,109.27154302241922,107.21353454589844,105.15552606937766,7191133.3,0.5841579935668832,1.8423138187564152,1.1090572878570848,0.4705245996972307,0.31161383748661287,0.03305331715770521,0.012680757293859202
2024-02-27,104.5654525756836,106.31144300192284,104.37145128147314,105.72944619317641,7021509,106.11744079589843,106.97103614807129,112.0085439046224,38.37148214462618,-1.2736492670346138,-1.287577766693456,0.013928499658842242,109.07896960802248,106.97103614807129,104.86310268812011,7065420.75,0.9937849773490135,1.8553375389821862,-1.4625180413436634,-0.16865689324997435,-0.494196611994846,0.33045791479562325,-1.3187929611108484
2024-02-29,108.25142669677734,108.25142669677734,106.11744077476342,106.31144206726827,17651582,106.19503936767578,106.99043579101563,111.95357742309571,51.186098284004075,-1.0372070517385765,-1.2375036237024801,0.2002965719639036,109.13968637705263,106.99043579101563,104.84118520497863,7450355.95,2.36922666761982,2.0994224165970614,3.5250400876196464,0.2277027285789046,0.5959315304422619,0.365198401407274,0.7505081668660152
2024-03-01,109.22142791748047,111.54941517104855,108.83342532596247,110.38542154426452,26519051,106.62183837890625,107.01953582763672,111.9277109781901,53.90257051194754,-0.7627612637241583,-1.1425551517068158,0.37979388798265745,109.27588536642254,107.01953582763672,104.76318628885089,8494534.75,3.1218956400172475,2.2592312242869474,0.8960632208757868,-0.10426928511686473,-0.16259934881998062,0.19848511901245924,2.209093032207732
2024-03-04,107.86343383789062,109.80342558898673,107.6694325406155,109.6094242917116,13609249,107.2038360595703,107.04863548278809,111.80484491984049,49.73011699579186,-0.647377210931154,-1.0435195635516834,0.39614235262052944,109.33403176390516,107.04863548278809,104.76323920167101,8913866.65,1.5267503468879018,2.2425328008315177,-1.2433403458301684,-0.17586998206308158,1.9506877426717306,-0.23110160438692962,1.7089791967814572
2024-03-05,106.50543975830078,108.25143022611464,106.11744423452606,108.05743600116983,12506568,107.28143615722657,106.9807357788086,111.64317906697592,45.903520183143904,-0.657929093742311,-0.966401469589809,0.308472375847498,109.24479731823149,106.9807357788086,104.7166742393857,9350210.4,1.3375707566965551,2.2280598929324587,-1.2589939252544036,-0.1584294895698446,0.4227301850537213,-0.5625407360235979,1.2848946889294721
2024-03-06,107.86343383789062,108.44543065583095,106.50543890473485,106.50543890473485,8828097,107.94103240966797,107.01953582763672,111.49767990112305,50.043250769760654,-0.5503684588978217,-0.8831948674514116,0.3328264085535899,109.31763766809017,107.01953582763672,104.72143398718326,9640821.9,0.9156996251533285,2.189650807354278,1.2750466855698805,0.09901968214427459,0.5804392720889506,-1.3311032580483495,-3.54963948973932
2024-03-07,107.86343383789062,108.83342617649615,107.2814370199503,108.05743513516575,7816285,107.86343383789062,107.00013618469238,111.36511395772298,50.043250769760654,-0.45982530101227326,-0.798520954163584,0.3386956531513108,109.26069615926389,107.00013618469238,104.73957621012087,9767172.0,0.8002608124439705,2.1046292539131533,0.0,-0.2425451004595569,0.9952604831186207,-3.726821197217245,-3.895281297833064
2024-03-08,109.60942840576172,110.77342208533139,107.86343788640721,108.44543472619205,22508913,107.94103393554687,107.1456356048584,111.25518124898275,55.15988285217475,-0.2443651371291793,-0.6876897907567031,0.4433246536275238,109.68242637560357,107.1456356048584,104.60884483411323,10475109.55,2.1487997707861677,2.2120104530501683,1.6187084962408838,-0.09280926429229286,0.4661471561968833,1.2261369975154812,1.118557083975702
2024-03-11,109.80342102050781,109.99741523582658,108.83342164837502,109.80342102050781,6122423,108.32903137207032,107.28143501281738,111.14524841308594,55.70275026715022,-0.05729733419681793,-0.5616112994447261,0.5043139652479082,110.0821610987984,107.28143501281738,104.48070892683637,10483177.35,0.5840236023480038,2.0722748709703533,0.17698533563001995,0.05789736572445747,-0.2994150887593805,-1.4189404432656372,-3.0583020563422325
2024-03-12,112.13140869140625,112.51940419764476,109.80342150620565,109.99741572238251,14180357,109.4542251586914,107.53363380432128,111.09028205871581,61.6958681718089,0.2756271385335083,-0.3941636118490793,0.6697907503825875,111.07204973389979,107.53363380432128,103.99521787474278,10727352.45,1.3218878624613477,2.1581026451258993,2.120141293652078,-0.28868258741585606,0.9554392072756546,-0.6143553836521654,1.087398128250383
2024-03-13,113.10140228271484,114.07140167019124,112.1314099691233,113.48940486725934,16504362,110.50181884765625,107.80523223876953,111.05148226420084,63.88816087312602,0.6107027567766607,-0.19319033812393133,0.803893094900592,112.13330777281928,107.80523223876953,103.47715670471979,11277569.15,1.4634680382341083,2.129021356280444,0.865050749498808,0.11670135758301559,0.07009439745004897,0.5121888737534608,-1.3545767096754369
2024-03-14,113.29540252685547,114.45939612195079,111.355410843735,113.29540252685547,12673702,111.58821258544921,108.13503036499023,110.99651590983073,64.32790457752229,0.8817426166789346,0.021796252836641855,0.8599463638422927,113.070871079945,108.13503036499023,103.19918965003546,11566301.85,1.0957436667624234,2.259016545871823,0.17152770896304848,0.02484507667166458,0.047219568149703406,-0.6501414518781501,0.39040975287500945
2024-03-15,113.10140228271484,113.10140228271484,111.7434073845788,112.7134067720552,10561021,112.28660736083984,108.4454288482666,110.89628295898437,63.495229049488856,1.0685716314096112,0.23115132855123574,0.8374203028583754,113.8143124451576,108.4454288482666,103.0765452513756,11531333.05,0.9158543035924194,2.164747025392469,-0.17123399521409288,0.38016886083072077,-1.2810760745144978,0.371412935831561,-0.2816143110426883
2024-03-18,113.68340301513672,114.26539983818546,113.10140619208798,113.68340301513672,7643273,113.06260375976562,108.86252708435059,110.78958358764649,64.96057220371036,1.2491975944668923,0.43476058173436705,0.8144370127325252,114.50523126722247,108.86252708435059,103.21982290147871,11231823.65,0.6805015141063046,2.031313762736222,0.5145831268891454,0.24646821955720544,1.0026653594563673,2.3436077560430757,0.9682554301048363
2024-03-19,112.13140869140625,113.1014009939449,111.5494118951061,113.1014009939449,8593025,113.06260375976562,109.12442588806152,110.70228411356608,58.24615595130791,1.2526719773684363,0.5983428608611809,0.6543291165072553,114.86764998031565,109.12442588806152,103.3812017958074,11306859.65,0.7599833433857118,2.045004077042141,-1.365189889260987,0.11802450064548609,-0.1139364284441946,0.2582644353931185,0.0
2024-03-20,112.32540893554688,113.2954083640255,111.74341210801376,112.71341153649239,8790020,112.90740509033203,109.36692428588867,110.52445182800292,58.81915058055518,1.2565944110561276,0.7299931709001704,0.5266012401559572,115.22539527209037,109.36692428588867,103.50845329968698,11518126.35,0.763146690086448,1.9792697009047555,0.1730115106950425,0.2825426998389391,-0.36636586659868353,0.2582644353931185,0.0
2024-03-21,113.4894027709961,114.07139956317792,110.77341302489106,113.10140019361839,20358508,112.94620513916016,109.64822273254394,110.36925264994304,62.17332286669073,1.3382015877298272,0.8516348542661019,0.48656673346372536,115.73841778460888,109.64822273254394,103.558027680479,12143758.3,1.6764585968414736,2.1550986125557037,1.0362693948589463,0.10021719335595591,2.0957905899499973,0.5151982968137903,0.0
2024-03-22,114.07140350341797,114.07140350341797,111.54941495888758,112.51940728806774,11855875,113.14020538330078,109.99742126464844,110.2657864888509,63.76261751207602,1.4333160827217597,0.9679710999572335,0.4653449827645262,116.26761560376312,109.99742126464844,103.72722692553376,12444310.1,0.952714526135121,2.2040172701523284,0.5128238568637755,0.3803263646266597,0.14525329595025394,-0.37587675020849254,0.4262277933242853
2024-03-25,112.90740203857422,116.01138737432059,112.51940652431277,114.45939824338987,14559235,112.98500518798828,110.39511909484864,110.15585365295411,58.47130185892781,1.3986470820843522,1.0541062963826573,0.3445407857016949,116.31761635682484,110.39511909484864,104.47262183287243,12625190.65,1.1531893183727882,2.375745747466394,-1.0204147832799104,0.16309646746559547,-0.17885564059555437,-2.212318575848715,-1.5119455575683838
2024-03-26,111.93740844726562,114.07140143622897,110.7734148437892,113.48940463449075,12985607,112.94620513916016,110.68611755371094,110.03622080485026,54.418597709548386,1.2781673554169402,1.0989185081895139,0.1792488472274263,116.28682024153547,110.68611755371094,105.08541486588642,13064433.1,0.9939663589382994,2.498711193462844,-0.8591054030073209,-0.6294041552667218,-0.3256683411952621,-0.05260590723428216,-0.1212066983028004
2024-03-27,112.7134017944336,112.7134017944336,111.16140567256417,112.1314050172037,5407375,113.0238037109375,111.09351501464843,109.95215454101563,56.98707053847866,1.2311110006177728,1.1253570066751657,0.1057539939426071,115.95637692126786,111.09351501464843,106.230653108029,12983726.4,0.4164732707244971,2.372482517250388,0.6932386214154151,0.4767770651749492,0.36583082987935445,0.894897345104817,2.8448118295486324
2024-03-28,115.23539733886719,115.42939156072725,112.90740301158166,113.1014043073267,16451933,113.37300262451171,111.44271354675293,109.94568799336751,64.07276047021602,1.3813985609365602,1.1765653175274446,0.20483324340911557,116.44722107325039,111.44271354675293,106.43820602025546,12923743.95,1.273000537897534,2.418283483789491,2.2375294368571996,0.29512331100887135,-0.2651883338017913,-0.4740222865892263,-2.351370886949089
2024-03-29,115.04139709472656,116.39939202958544,114.84739579720814,116.01138943454859,6542924,113.56700134277344,111.73371200561523,109.94245465596516,63.21015418843662,1.4679269883097419,1.2348376516839041,0.23308933662583775,116.86948982071006,111.73371200561523,106.5979341905204,11924937.6,0.5486757431753773,2.302778516934533,-0.16835126065486428,0.12101572572218444,0.7341129462103524,-0.6350339608045874,1.285182784456751
2024-04-01,120.6673583984375,121.8313519818988,115.2353930582079,115.81738984993855,38397136,115.11899261474609,112.37390823364258,110.01358744303386,74.09993578419567,1.9677860369658333,1.38142732874029,0.5863587082255433,118.56253916730944,112.37390823364258,106.18527729997572,13164331.95,2.916755377017062,2.9010686996328943,4.89037985089702,-0.26266618358599114,-0.35536387239506473,1.3847062555789602,-0.9349697131161183
2024-04-02,119.50337219238281,120.66736584770196,118.72738113809349,120.08536902004238,13664785,116.63218536376954,113.02380485534668,110.06208724975586,69.51527484675336,2.2441349841539733,1.5539688598230268,0.6901661243309465,119.34609620666869,113.02380485534668,106.70151350402467,13222242.8,1.0334695260625526,2.7729241676296374,-0.9646239227441011,0.25364619011380984,1.207774937069206,-1.3132562827380512,0.44493578968864966
2024-04-03,119.1153793334961,121.24935819080652,118.92137096627167,119.1153793334961,12619786,117.91258087158204,113.58640213012696,110.11705373128255,68.00488150925926,2.4041225069211976,1.7239995892426612,0.6801229176785364,119.97737494769083,113.58640213012696,107.19542931256308,13411827.25,0.9409445681609119,2.713599241883666,-0.3246710546896625,0.07497134359799595,-0.6301529819396801,-1.7743096094048005,-0.10738388407491861
2024-04-08,119.69738006591797,122.41335581845095,119.3093774665117,122.21936159263296,14767930,118.80497741699219,114.17809944152832,110.18172022501628,69.0897975943685,2.5484988580354724,1.8888994430012236,0.6595994150342488,120.52924696282227,114.17809944152832,107.82695192023436,13759409.5,1.0732967864645644,2.7915162076264917,0.4886025093303825,0.19719823058421682,0.39384986878232553,0.6434993186945626,2.4673208764710575
2024-04-09,119.30936431884766,121.24934880655582,119.11537011440744,120.27936363658608,11236878,119.6585708618164,114.66309623718261,110.27225290934244,67.44773282045466,2.601618687683086,2.031443291937596,0.5701753957454896,121.02670646457202,114.66309623718261,108.29948600979321,13195807.75,0.8515490838368723,2.7038445388960763,-0.3241639431511567,-0.1195805343893186,1.85378379779646,0.47496631292918146,1.4342095869778637
2024-04-10,120.4733657836914,121.63735938261075,119.30937218477206,119.50336640200207,10432719,119.6197723388672,115.1965934753418,110.41128552754721,69.76896329603251,2.706443529329789,2.166443339416035,0.5400001899137541,121.63339874337404,115.1965934753418,108.75978820730955,13411322.55,0.7779038168014235,2.6537312755450126,0.9756161819226783,-0.33236826467953895,-0.1570956381565347,0.1272724748865306,-1.2453049428506335
2024-04-11,118.1453857421875,119.89137624632514,117.95138443932157,119.89137624632514,13727562,119.34817504882812,115.49729232788086,110.5147518157959,60.48014893457423,2.572020783385099,2.247558828209848,0.3244619551752512,121.89294573432839,115.49729232788086,109.10163892143332,13388682.8,1.0253108692663926,2.636164618054989,-1.9323607557240274,0.6782125595073074,-0.04964759893468784,0.03632262364319239,0.30211234723058755
2024-04-12,119.89137268066406,120.86137209225994,118.33937645166466,118.72737904585703,13995550,119.50337371826171,115.83679084777832,110.66348431905111,64.31724612216746,2.576674048368048,2.313381872241488,0.26329217612655986,122.41519706959075,115.83679084777832,109.25838462596589,13263242.2,1.0552133323781119,2.6468075156573163,1.4778291403496624,0.1289503566611172,-0.08023039345643745,2.7591105500343494,1.0476654789187245
2024-04-15,116.78739166259766,119.11538609312784,116.59339035824881,119.11538609312784,15775990,118.92137603759765,116.01139030456542,110.76048380533854,54.23553638744474,2.303344940593064,2.311374485911803,-0.008029545318739117,122.49040213461794,116.01139030456542,109.53237847451291,13418356.6,1.1757020975280983,2.733630823225041,-2.588994477804496,0.09155415847534876,-1.3830675802599668,-1.607486745735065,-0.33696228386493887
2024-04-16,113.4894027709961,115.81738993972341,112.3254021127477,115.23539314754159,15615351,117.75738372802735,116.03079032897949,110.82515004475911,45.987326140644434,1.7998618255920888,2.2090719538478605,-0.40921012825577163,122.4753463589213,116.03079032897949,109.58623429903768,13671073.1,1.1422183822570593,2.9640786534416965,-2.823925463743171,0.4179325060941874,-2.678800819309357,1.4003589351833323,-3.771116973743005
2024-04-17,115.04139709472656,115.42939261587836,114.2653989785379,115.23539839224499,8309399,116.67098999023438,116.09869003295898,110.94801610310873,49.85234845631624,1.5086895667226372,2.068995476422816,-0.5603059097001788,122.46727908407239,116.09869003295898,109.73010098184558,13704379.4,0.6063316519097537,2.8275334789671054,1.3675235624088566,0.33683409634026606,1.5645148817386545,-1.0623221547829242,-0.5810904065883138
2024-04-18,115.04139709472656,115.04139709472656,113.68340215986768,114.2653989785379,10137365,116.0501922607422,116.244189453125,111.0741153717041,49.85234845631624,1.2633701095830503,1.907870403054863,-0.6445002934718127,122.35905565854083,116.244189453125,110.12932324770918,13781596.4,0.7355726220512451,2.6315950064193423,0.0,-0.4920221304314132,0.4347088791672782,-0.21474936571196368,-0.434956740850756
2024-04-19,114.07140350341797,116.59338497406338,112.13141177117267,114.45939902031304,18098484,114.88619842529297,116.33148918151855,111.16464831034342,47.394084194890446,0.9793924693883156,1.7221748163215538,-0.7427823469332382,122.25773374651817,116.33148918151855,110.40524461651893,14247019.6,1.2703347442576691,2.875645432615526,-0.8431691684949616,0.2408928500440055,-3.8129771043774907,-3.9813448653195915,-3.3720232587938326
2024-04-22,116.20539093017578,118.53337820882547,115.04139729085092,115.04139729085092,23815103,114.7697982788086,116.46728858947753,111.2390146891276,52.89707170721266,0.9159743127447513,1.5609347156061935,-0.6449604028614422,122.2418497818283,116.46728858947753,110.69272739712677,14419849.35,1.651550055895695,3.087156002321122,1.8707470594888198,0.2717815335421703,-0.59352553064973,2.5588308354487665,0.19779400564139404
2024-04-23,117.75737762451172,119.11537960712313,116.20538849588496,117.95137891829691,12719770,115.62339324951172,116.65158729553222,111.37804730733235,56.46399171209369,0.9796544754611318,1.4446786675771812,-0.4650241921160494,122.33880546097934,116.65158729553222,110.9643691300851,14463044.1,0.8794669996200869,3.0635340168433953,1.335554815411677,0.2430425847365969,0.9688138454874373,0.12748108662865576,0.5640228751219611
2024-04-24,121.05536651611328,121.24936073964597,118.72737924264072,118.9213734661734,16266308,116.82618713378906,117.05898551940918,111.58821296691895,62.89430220664119,1.2814696202189708,1.4120368581055394,-0.13056723788656854,122.78411059954955,117.05898551940918,111.3338604392688,14548397.75,1.1180824362600341,3.1206605632821756,2.8006643474328463,-0.24398701951591217,2.716737332198216,3.655881029659258,3.1547970446698548
2024-04-25,119.30936431884766,120.8613603976754,118.92136176219854,120.27936363658608,8949143,117.67978057861328,117.42758331298828,111.77574513753255,58.00933653781449,1.3640486082648096,1.4024392081373935,-0.038390599872583975,122.69530803877939,117.42758331298828,112.15985858719716,14346574.55,0.6237825599979194,2.989106455366517,-1.442317055009057,0.3808770229507319,-1.3626259295338894,-0.9650771206997866,-1.9165466514134644
2024-04-26,119.30936431884766,120.27936363658608,118.72736755775833,119.89136107993697,8007043,118.72737274169921,117.75738143920898,111.94064420064291,58.00933653781449,1.4132025321381576,1.4045918729375464,0.008610659200611215,122.59037428487729,117.75738143920898,112.92438859354068,14476557.95,0.5531040615908287,2.7974917384946822,0.0,-0.2951578331521709,1.3248943960749937,1.5946079266868418,1.33038483922705
2024-04-29,122.41334533691406,122.41334533691406,120.08535823534895,120.08535823534895,20839525,119.96896362304688,118.11627883911133,112.18314272562662,63.80545176441598,1.6832195903788403,1.4603174164258053,0.22290217395303502,123.21924172275077,118.11627883911133,113.0133159554719,14695937.55,1.4180466492251798,2.838356975770912,2.6016239678984476,0.08607137638918516,1.863818412124374,1.5946079266868418,1.33038483922705
2024-04-30,121.24935913085938,123.77135474217182,121.24935913085938,122.21935853119261,10196213,120.6673599243164,118.42667694091797,112.39330825805663,60.436483490244626,1.782735826518845,1.5248010984444134,0.25793472807443174,123.49724107752871,118.42667694091797,113.35611280430723,14878602.0,0.6852937527329517,2.796175460509784,-0.9508654492294877,-0.3839184473235724,-0.48264169017123715,1.2731128681464199,-3.1181661596084487
2024-05-02,121.24935913085938,122.21935853119261,120.27937387829603,120.86137068894199,6500053,120.70615844726562,118.45577697753906,112.62610689798991,60.436483490244626,1.8403883098021083,1.5879185407159526,0.2524697690861557,123.58680525778522,118.45577697753906,113.3247486972929,13283747.85,0.48932372651141526,2.6820166861613575,0.0,-0.4225153435658102,-0.8538685839082238,-2.6951806932485,-3.044274616864795
2024-05-03,127.06932830810547,132.88929646360876,123.18935896961662,123.57734741480348,53894285,122.25815124511719,118.83407478332519,112.94620513916016,69.71059139803027,2.328855593638508,1.7361059513004637,0.5927496423380443,125.24605402374772,118.83407478332519,112.42209554290267,15295222.85,3.523602469119958,3.876406105706428,4.799999949661471,-0.4002988704028487,0.5334710464831138,-2.6951806932485,-3.044274616864795
2024-05-06,127.84532165527344,130.17330870189826,126.29332557493397,130.17330870189826,16831150,123.96534271240235,119.27057189941407,113.29216995239258,70.69690000430629,2.7469208198526616,1.9382689250109035,0.808651894841758,126.84618183134023,119.27057189941407,111.6949619674879,15505791.05,1.08547509415845,3.876883041874143,0.6106850154164789,-0.21362587285993495,0.9492729647566867,-2.6951806932485,-3.044274616864795
2024-05-07,127.65132904052734,128.81532270734414,124.74134487348532,128.81532270734414,16767360,125.012939453125,119.66826934814453,113.61550165812174,70.08251081721386,3.0276856651990585,2.1561522730485345,0.871533392150524,128.12239973171086,119.66826934814453,111.21413896457823,15605762.55,1.074433879554319,3.9031623474721,-0.15174009673125655,-0.043067197592394635,0.6344919339527744,2.0550430244476336,4.104857488837488
2024-05-08,128.4273223876953,130.17331272664714,127.26332882839411,128.81531080894962,13800524,126.44853210449219,120.12416725158691,113.97763303120931,71.1621138608991,3.2750571852280075,2.3799332554844295,0.895123929743578,129.4366248043092,120.12416725158691,110.81170969886465,15733944.85,0.8771178576998763,3.770738554242891,0.6079007190920915,0.31243083104899316,0.22746944638225575,-1.1031409813425541,-1.867727149911369
2024-05-09,125.71133422851562,129.3973091618619,125.51734001552983,128.42732394916354,15506774,127.34092712402344,120.38606567382813,114.2880313873291,62.64176285612469,3.214884167592757,2.546923437906095,0.6679607296866621,130.02864167252176,120.38606567382813,110.7434896751345,15987647.6,0.969922179170374,3.785302633188115,-2.11480556371072,-0.09516764309563941,-0.6750569718193655,-1.3987276249359248,0.6626177564390101
2024-05-10,123.1893539428711,126.48732633123575,123.1893539428711,125.90532953943381,17438089,126.56493225097657,120.63826408386231,114.55639673868815,55.943574490186435,2.9299195963160685,2.6235226695880898,0.3063969267279787,130.2979168975327,120.63826408386231,110.97861127019192,16173173.95,1.0782106872720552,3.7203252672116536,-2.006167782023638,0.01793319460277054,0.720159390313424,-2.1368247450193167,-3.361342233337794
2024-05-13,123.38335418701172,124.54734782749729,122.60736314261138,123.77135678309695,6431135,125.67253875732422,120.81286315917968,114.81829541524252,56.33040244145033,2.6887431614145925,2.6365667679533904,0.052176393461202064,130.54166159688694,120.81286315917968,111.08406472147242,15794953.2,0.40716391612986863,3.482946522901555,0.157481339037302,0.26346452966479195,0.7188770345091466,2.1651400102767004,-0.07246238176232822
2024-05-14,122.99534606933594,124.15933965756673,121.83135248110514,123.18935443255407,8258222,124.74134216308593,121.12326087951661,115.08989384969075,55.284868610689465,2.4381941029003826,2.596892234942789,-0.15869813204240657,130.70632808914067,121.12326087951661,111.54019366989255,15419064.8,0.5355851413245244,3.328951943376227,-0.31447363401037043,-0.16192227613095467,0.6143467624945442,0.46695700765049253,0.31907117867810975
2024-05-15,122.2193603515625,124.15934503335377,121.83135775609621,123.3833539901913,8505931,123.49974975585937,121.55975875854492,115.345325978597,53.15978486064008,2.1522073006192954,2.5079552480780904,-0.355747947458795,130.44892576585735,121.55975875854492,112.67059175123248,15063593.8,0.5646681072879168,3.1954899878937386,-0.6309065688843152,-0.17854125279843647,0.768905386860852,0.33964373665795744,0.30359218949806976
2024-05-16,125.12933349609375,125.51733605759983,123.38334319096971,123.38334319096971,11590564,123.383349609375,122.06415557861328,115.67512423197428,59.45395154634862,2.135751597534096,2.4335145179692916,-0.2977629204351957,130.53076653152954,122.06415557861328,113.59754462569704,15227652.05,0.7611524062897143,3.209154750312885,2.380942868757252,-0.8739389928487662,0.7426455838037249,0.37413074381913436,4.727600860525483
2024-05-17,124.15934753417969,125.90533802729072,123.57735070314267,125.71134379953519,7140362,123.57734832763671,122.52005310058594,115.96288948059082,56.71804196832524,2.021142105590627,2.351040035493559,-0.3298979299029319,130.3526499204898,122.52005310058594,114.68745628068208,15077801.9,0.47356783484467985,3.0916657601575745,-0.7751867086739805,0.28877622974334827,-0.21492914094993765,1.5264487422874007,-0.05506029684924085
2024-05-20,122.99534606933594,124.54734223623349,122.41334927522054,124.15933965756673,7872854,123.49974670410157,122.96625022888183,116.22155456542968,53.534382739330546,1.815460567919871,2.2439241419788214,-0.4284635740589504,129.71395716608768,122.96625022888183,116.21854329167599,14566520.4,0.5404759533374902,2.9639760536049584,-0.9375061064357704,0.12515050063168776,0.06190547021835968,0.5069945439602819,2.5612794107337855
2024-05-21,122.2193603515625,122.6073629470288,121.24936093678181,122.6073629470288,8422942,123.34454956054688,123.26694869995117,116.46082000732422,51.46059164247816,1.5717230601455157,2.1094839256121602,-0.5377608654666446,129.23731573347774,123.26694869995117,117.2965816664246,13796912.35,0.6104947097094517,2.8015772641315144,-0.6309065688843152,0.12995161060771476,-0.16397830333553243,2.052524243780418,0.9264326297231618
2024-05-22,123.38335418701172,124.35335360333974,122.60736314261138,123.18935996285417,7798769,123.57734832763671,123.54824752807617,116.73241869608562,54.319155917793566,1.4557034604704455,1.9787278325838173,-0.5230243721133718,128.92638432409643,123.54824752807617,118.17011073205592,13550862.3,0.5755182826999873,2.712566062484278,0.9523808929297273,0.09004381018689056,1.4836548818675244,0.74996089616024,-0.6518617581521391
2024-05-23,123.77135467529297,124.93534829595595,122.80135527548386,122.80135527548386,7969678,123.30575256347656,123.68404693603516,117.04605051676432,55.264888353342855,1.379167306394507,1.8588157273459553,-0.47964842095144844,128.93274962506428,123.68404693603516,118.43534424700604,13136030.8,0.606703662722837,2.6354229902159862,0.3144674505226597,-0.033810014699131585,0.25798091936253265,0.9981358681645736,2.7316467352821894
2024-05-24,126.29335021972656,127.06934133743827,122.80136896836665,123.18937160110823,12084127,123.73255310058593,124.0332462310791,117.38231569925944,60.92733273518805,1.5046709065303503,1.7879867631828343,-0.28331585665248404,128.97690761195503,124.0332462310791,119.08958485020318,13292780.0,0.9090744750157604,2.8530962407300717,2.0376245788453318,-0.0096243747411906,-0.19479338523243905,0.3852637572002049,-0.8081312360340931
2024-05-27,129.39730834960938,131.33730705836697,126.29333022247413,127.84532635992636,19012587,125.01294555664063,124.53764343261719,117.7961799621582,66.54075578067847,1.8334618867239527,1.797081787891058,0.036380098832894614,129.51038520804144,124.53764343261719,119.56490165719293,13843057.2,1.3734384482641595,3.145213653418442,2.4577367885819212,-0.09869189434805747,1.105615256831216,-0.33371958993613227,1.182656725193465
2024-05-28,129.7853240966797,130.94931778099482,129.0093330230598,129.7853240966797,10302018,126.52613830566406,124.90624237060547,118.15507825215657,67.17560361585859,2.101120328103761,1.8578894959335988,0.24323083217016217,130.29173887891528,124.90624237060547,119.52074586229566,13316181.85,0.7736465389288747,2.9845164673539846,0.29986384726177207,-0.36968990725814166,0.25060173618918213,-0.20090731676889462,1.4415538575457187
2024-05-29,129.59132385253906,130.7553174828481,129.00932703738454,130.3673148901551,8358268,127.76773223876953,125.32334060668946,118.49457651774088,66.49626178693276,2.2714040410128717,1.9405924049494536,0.3308116360634181,130.80757148856517,125.32334060668946,119.83910972481375,13224284.6,0.6320393316399134,2.8193796644352633,-0.1494777976561612,0.3236723675793307,-0.8962690097293446,-1.1910754088758413,-1.4082677946286148
2024-05-30,127.45733642578125,128.42733587633373,126.68134535400166,127.84533903555636,10048374,128.5049285888672,125.63373947143555,118.82114156087239,59.382350781999115,2.2086996448212233,1.9942138529238078,0.21448579189741546,130.84292990703156,125.63373947143555,120.42454903583955,13401700.65,0.7497834985591921,2.8314595089822148,-1.6467054763527722,0.6315619238836723,-1.3757393248701622,-0.9507707702690715,-0.9089719085309755
2024-05-31,128.4273223876953,133.6652934045508,128.03931981867186,128.03931981867186,28540227,128.93172302246094,125.70163917541504,119.1865062713623,61.403584107343214,2.211779700096457,2.0377270223583377,0.1740526777381195,131.02379527844786,125.70163917541504,120.37948307238221,12133997.75,2.3520877115705745,3.2816591716205257,0.7610279557967115,-0.0636234547158887,-0.8905424398374384,1.6969569012485808,2.8829719168688372
2024-06-03,131.33731079101562,132.3072960251925,129.2033178098412,130.75531399140166,10796642,129.3197235107422,125.87623863220215,119.57773755391439,66.74937504606505,2.421123209194107,2.1144062597254916,0.3067169494686155,131.69998515841004,125.87623863220215,120.05249210599425,11832272.35,0.9124740946315355,3.361434433737414,2.2658639526374813,0.3356387546574968,1.7121719263391677,3.0844392735388526,3.8084415532174676
2024-06-04,130.17332458496094,131.53131247859702,129.59132775229253,131.3373182502977,9450497,129.39732360839844,126.00233840942383,119.94956906636556,62.991125447824594,2.46469403083384,2.1844638139471613,0.2802302168866788,132.0911044370067,126.00233840942383,119.91357238184095,11466429.2,0.8241883183650582,3.1719078060796906,-0.8862570727573571,-0.46419102039185756,-0.8364332748305281,0.06540328502750992,1.8404943159233245
2024-06-05,130.17332458496094,132.30730353956474,129.59132775229253,131.3373182502977,10129871,129.51372375488282,126.0896385192871,120.29230066935222,62.991125447824594,2.4707430331916385,2.241719657796057,0.22902337539558149,132.37179776853924,126.0896385192871,119.80747927003496,11282896.55,0.8978076644689257,3.111116870238694,0.0,0.04487073545036413,0.6005712697569221,-1.372546328927593,-0.759047462211615
2024-06-06,130.75531005859375,131.91930362281155,129.97930491726908,131.33730684070264,9450640,130.1733184814453,126.34183731079102,120.64149881998698,64.16123135887753,2.493751855919129,2.2921260974206716,0.20162575849845732,132.9562479759363,126.34183731079102,119.72742664564576,10980089.85,0.8607069822839383,2.954967781612532,0.4470850502500401,-0.23756310030170757,1.944708756402913,0.36448147273990816,0.7648530599528414
2024-06-07,131.53131103515625,134.44129516656366,131.53131103515625,132.69530468771922,17140168,130.7941162109375,126.75893516540528,120.96483052571615,65.71764404238465,2.5452630985690803,2.3427534976503535,0.20250960091872683,133.58500915252154,126.75893516540528,119.93286117828902,10965193.8,1.563143188586416,3.052436758460183,0.5934756884556025,-0.13363032114330764,-0.20234199872982694,0.6272672684177749,0.6626455047070046
2024-06-11,129.2033233642578,131.1433080637806,129.2033233642578,131.1433080637806,9159511,130.36731872558593,127.04993362426758,121.23319587707519,57.6316106527919,2.3709066442935978,2.3483841269790027,0.022522517314595092,133.76542229688613,127.04993362426758,120.33444495164903,11101612.6,0.8250613068591495,2.9558435467852835,-1.7699114017621254,-0.2190993617724568,-0.3031410202626317,-1.4920526326737682,-1.0526353534517474
2024-06-12,129.59132385253906,130.3673148901551,127.84533340707546,129.59132385253906,8588231,130.25091857910155,127.37973251342774,121.50479456583659,58.54708236164477,2.2382353114415707,2.3263543638715163,-0.08811905242994555,133.9018912041527,127.37973251342774,120.85757382270279,11118113.05,0.7724540091809913,2.8979952716245294,0.3003022508851316,-0.0562872544702997,1.1785994524791121,2.634187659181597,4.350953364301802
2024-06-13,131.53131103515625,132.11330786143773,129.9793147824822,129.9793147824822,8901326,130.52251586914062,127.84533004760742,121.81195971171061,62.86734587605869,2.26354039216298,2.3137915695298092,-0.05025117736682905,134.14200709163438,127.84533004760742,121.54865300358045,11137882.8,0.7991937210903314,2.8478604365944147,1.4970039080893116,-0.3552426383712781,1.193154297591259,2.694885244627443,0.16036492443964878
2024-06-14,135.02328491210938,135.79927592386764,132.11330093330398,132.30729514930115,19127033,131.37611083984376,128.34002761840821,122.1676244099935,69.10833301102966,2.536132996676983,2.358259854959244,0.17787314171773883,135.2618551618819,128.34002761840821,121.41820007493453,11514706.25,1.6610960440263076,3.037207696876678,2.654861302203382,0.3043370457556316,0.863577013670791,0.9684511801242301,1.9213124521174407
2024-06-17,136.76927185058594,137.15727442056587,134.24729051513933,135.02328150733,10502507,132.4237030029297,128.97052383422852,122.57825546264648,71.67203402327632,2.860081909873543,2.4586242659421043,0.40145764393143857,136.55449753738523,128.97052383422852,121.3865501310718,11682813.5,0.8989706974266087,3.020244524683327,1.2931006230614717,0.15480119319866148,-0.03639861324233884,0.18564657559745346,-0.5498255532274565
2024-06-18,138.1272735595703,139.09727300849912,136.5752914186089,136.76928564928645,12603187,134.2084930419922,129.72712020874025,123.00828653971354,73.51322612652962,3.1896251330676364,2.604824439367211,0.5848006937004255,137.80436147958483,129.72712020874025,121.64987893789566,11919330.15,1.057373765253075,2.9538094667109105,0.9929143371238514,-0.14838275415750557,1.159736185000071,2.2235915153949293,6.318410218691062
2024-06-19,139.09727478027344,139.6792716274899,137.3512842386241,138.32128369990843,14121175,136.10968322753905,130.57101593017578,123.43508440653483,74.77441907976959,3.4888442784402685,2.7816284071818225,0.707215871258446,138.8692568972159,130.57101593017578,122.27277496313566,12204241.8,1.1570710603259269,2.8703665229982303,0.7022517680295604,0.14396198742181454,1.986645158123146,-0.21147226057504076,0.8171446202132282
2024-06-20,138.7092742919922,139.48527953202063,138.12727743585634,138.7092742919922,7330556,137.54527587890624,131.3373119354248,123.8457155863444,73.27151142476646,3.6525647177332417,2.9558156692921065,0.6967490484411352,139.6713056255045,131.3373119354248,123.0033182453451,12180831.15,0.6018108214232983,2.6687179327537045,-0.27894183325601896,0.10293992607994795,0.8468955214737006,1.6651528026696116,1.7473603433141083
2024-06-21,147.24520874023438,147.43921709229716,138.32126312617564,138.70925153476384,37300611,139.98966064453126,132.51100463867186,124.4180123647054,81.89363176174851,4.420140291765733,3.248680593786832,1.1714596979789014,142.75209598349798,132.51100463867186,122.26991329384576,13647377.8,2.733170543575045,3.52861607053608,6.1538310915487004,-0.12290844763791497,-0.6524324296809936,-0.6551548732524504,-2.5139539956279267
2024-06-24,147.24520874023438,149.76720413490108,147.24520874023438,147.63321129659127,23343525,142.08484802246093,133.55859756469727,125.00647570292155,81.89363176174851,4.971145196870822,3.59317351440363,1.3779716824671917,145.2984827693902,133.55859756469727,121.81871236000433,14210347.7,1.642713147687442,3.394399980420163,0.0,0.06802312668354737,-1.8908700814464607,0.2697847214805593,2.217976417507095
2024-06-25,146.66322326660156,149.7672156607986,145.69323802271353,148.7972162691408,20890655,143.7920379638672,134.42189331054686,125.57230606079102,79.85667714036214,5.299766777653389,3.934492167053582,1.3652746105998066,147.3522948014549,134.42189331054686,121.49149181963882,14304251.1,1.4604508026288772,3.4850103347754837,-0.395249175584067,-0.12823314551579923,0.27295654149688264,-1.3452942091674802,-0.7475045040307049
2024-06-26,148.021240234375,148.99122557649204,146.27524964123887,147.05124074448673,21381039,145.5768310546875,135.33368911743165,126.11873677571614,81.04165280127177,5.605169463414796,4.268627626325825,1.336541837088971,149.40863605544112,135.33368911743165,121.25874217942216,14858202.15,1.439005795193061,3.382472414839175,0.9259423988690507,0.4702765421042532,0.4839958550256096,0.0,2.541834586641034
2024-06-27,147.81651306152344,148.81257126240487,145.62515886907943,148.0157217960881,20749941,147.39827880859374,136.24494857788085,126.6649887084961,80.27497398058753,5.7642369844714665,4.567749497954954,1.1964874865165127,151.09318350690472,136.24494857788085,121.39671364885697,15477785.8,1.3406272233073544,3.3564644119706775,-0.138309321369956,0.3350392876177333,-0.3511118229512111,0.0,0.7242722902996324
2024-06-28,145.4259490966797,148.214929472914,145.4259490966797,147.41808001228395,9699501,147.0344268798828,137.14337921142578,127.07763188680013,71.74045820337435,5.632472965488745,4.780694191461712,0.8517787740270331,151.92713967268278,137.14337921142578,122.35961875016878,15460342.15,0.6273794529185113,3.2807998738724966,-1.6172509520967826,-0.1850665019445641,0.5512513704543975,0.6666620395862077,-0.09115440238022243
2024-07-01,144.23068237304688,145.82438145708323,143.63302705645873,145.42596395010398,12502205,146.4315216064453,137.93354721069335,127.48975372314453,67.85595213349997,5.369702408953373,4.898495834960044,0.4712065739933289,152.44257078220744,137.93354721069335,123.42452363917926,14658441.05,0.8529014072748207,3.1355404774394313,-0.8219074594714826,-0.055340206795018165,0.11427590660921805,-1.5653168742047696,-0.020270747007122836
2024-07-02,142.83616638183594,144.62908860768178,141.64088489793872,143.63301586174794,10532985,145.66611022949218,138.50848999023438,127.88510017395019,63.533615554128644,4.9913914105574975,4.9170749500795345,0.07431646047796292,152.8270097577619,138.50848999023438,124.18997022270683,14645258.2,0.7192078730301935,3.1158955750799153,-0.966865002832118,0.05445543450566248,-0.7771564734776915,2.8746175751640735,1.59180680610167
2024-07-03,145.6251678466797,148.41416294281373,144.62909505633343,145.6251678466797,15985430,145.18689575195313,139.2810821533203,128.3172299702962,67.93306215274188,4.860596398633106,4.905779239790249,-0.04518284115714266,153.371610423661,139.2810821533203,125.19055388297961,14972004.85,1.067688005724898,3.444175706532966,1.952587734249378,0.15711929888313492,1.2808943510362658,6.420925506315944,5.239528044908304
2024-07-04,150.0078582763672,150.40629028829713,146.62123702316833,147.21887777703387,13789402,145.6251647949219,140.27280883789064,128.8288715362549,73.36998834401734,5.052346592814047,4.935092710395009,0.11725388241903811,154.45598070260576,140.27280883789064,126.08963697317552,15154981.4,0.9098923737379182,3.6224352712108963,3.009569358437947,0.14950641568265421,1.5108454922353465,0.6424507417229552,2.797540653089725
2024-07-05,150.2070770263672,152.19920796995268,149.60943629048572,151.99999923401163,9508594,146.58139038085938,141.2453971862793,129.32443339029948,73.58919397266877,5.160893721100365,4.98025291253608,0.18064080856428522,155.34809994480236,141.2453971862793,127.14269442775623,15157879.1,0.6273037235136676,3.4847467923117055,0.13280554251562382,-0.3522176733286364,0.14479967883183065,-0.6105910271951287,-0.9225264473391448
2024-07-08,150.40628051757812,150.80471250362507,148.4141496434591,150.40628051757812,7237454,147.81651000976564,142.18914566040038,129.86211496988932,73.82124354691285,5.203015040611007,5.024805338151065,0.1782097024599416,156.07935167010808,142.18914566040038,128.2989396506927,14662743.4,0.4935948070945578,3.338855601358941,0.13261924481491327,-0.34946094601715494,1.365055591695996,-0.19547573104767846,-0.18620442896249978
2024-07-09,148.41415405273438,151.800775186545,147.21887258714045,150.40628498603817,12634014,148.9321075439453,143.14968719482422,130.33749465942384,67.43978516388222,5.017806384449642,5.02340554741078,-0.005599162961138049,155.86619952041795,143.14968719482422,130.4331748692305,14836468.55,0.8515512945295867,3.5045952010983545,-1.3244968614265606,0.24079002019752327,0.09183997563149138,0.867371708210718,1.958941164478678
2024-07-10,152.19920349121094,152.3984122212899,148.61335918144212,149.21099989973692,10913995,150.24691467285157,144.28008117675782,130.92769152323405,72.33343759265928,5.117458174464389,5.042216072821502,0.07524210164288636,155.8934104042352,144.28008117675782,132.66675194928044,14952756.75,0.7298985185457525,3.5685502634259776,2.5503291533310657,0.11240498501070562,0.44769724473825434,-0.22191760359484558,0.6861832844776483
2024-07-11,158.77325439453125,161.56224930866048,152.79684709858162,153.39448782817658,28961154,151.99999389648437,145.64217834472657,131.6824223836263,78.40439759098747,5.661640040131516,5.1661008662835055,0.4955391738480106,157.34952629098112,145.64217834472657,133.93483039847203,15955748.15,1.8150921992335407,4.34114967062912,4.319372738175953,0.2442485876554823,1.5951511700039722,2.7800972139738978,-0.18172063302280828
2024-07-12,153.3944854736328,157.97640250621635,152.99605348399922,157.37876178579492,17597112,152.6374755859375,146.56073837280275,132.32164052327474,65.70127533769431,5.59439765583744,5.251760224194293,0.34263743164314686,157.62520780640403,146.56073837280275,135.49626893920146,15879252.1,1.1081826706435374,4.532623169282841,-3.387704649255907,-0.6140502852808205,-1.9397254657484875,-3.2458725834690227,-3.3227179773256177
2024-07-15,153.7929229736328,154.58977245339298,151.00392800238447,154.19134044948365,9551580,153.31480407714844,147.41192092895508,132.96749928792318,66.13893117059618,5.509745244714281,5.3033572282982915,0.20638801641598992,157.9095220668647,147.41192092895508,136.91431979104547,15831705.75,0.603319702300556,4.406386006846264,0.25974695163895056,0.49773822276901747,-0.1570866870910903,-3.2458725834690227,-3.3227179773256177
2024-07-16,160.16775512695312,162.9567502246043,157.179551282348,157.3787745573611,33243405,155.6655242919922,148.51394500732422,133.7357718149821,72.24186042530579,5.889166630056877,5.4205191086500095,0.4686475214068677,159.52270447438818,148.51394500732422,137.50518554026027,16863716.65,1.971297649857038,5.0407115060629595,4.1450750984252105,0.07988501995308539,0.49369257838391967,5.535361934899363,5.414292193616399
2024-07-17,158.97247314453125,161.36303621352994,157.97641488448787,159.37090516538407,12640261,157.02017822265626,149.5077049255371,134.44855651855468,69.70504884867906,6.023970957524597,5.541209478424927,0.48276147909967015,160.52560123728693,149.5077049255371,138.48980861378726,16789670.95,0.7528593644058283,4.820166149126841,-0.7462687989067907,-0.03284897586730562,-0.9477322922418208,0.39734732353298163,-1.2952078112146825
2024-07-18,158.3748321533203,160.16775445253393,155.58585159547187,156.78113312828094,12045897,156.94049377441405,150.49098281860353,135.12551409403483,68.41149925145285,6.013262577096157,5.635620098159173,0.3776424789369841,160.94695385231475,150.49098281860353,140.0350117848923,17025438.0,0.7075234716428441,4.788397710184871,-0.37593992179236757,-0.2226498352794204,-1.5622735237073582,-2.3218971778061315,-3.3031615185724283
2024-07-19,152.59764099121094,158.97246586457376,152.0000002513295,158.17561638741802,17580676,156.7811248779297,150.75860443115235,135.6512186686198,57.335060112240846,5.4754870572520815,5.603593489977754,-0.1281064327256729,161.13849745831564,150.75860443115235,140.37871140398906,16039441.25,1.0960903017740722,5.0796067639261215,-3.6477962335054404,0.45613217759497005,-2.2617330175741857,-1.4856834570801336,0.8890916588558895
2024-07-22,147.81651306152344,153.1952796472929,147.81651306152344,151.8007749211657,16337214,155.58584289550782,150.78716964721679,136.12633781433107,50.104875969254984,4.610353728997467,5.404945537781698,-0.7945918087842312,161.12942822552532,150.78716964721679,140.44491106890825,15689125.7,1.0413081208215447,5.119494740171899,-3.133159791089346,0.4350571135180781,-2.677259944243182,-1.8097010785411483,-3.571424804810064
2024-07-23,150.40628051757812,150.6054892465727,148.01571765741215,150.20707178858356,11484457,153.6335479736328,150.9743225097656,136.64461975097657,53.52369246684107,4.086594209292372,5.141275272083833,-1.0546810627914613,161.13625978132248,150.9743225097656,140.81238523820875,15218815.8,0.7546222485983436,4.8087589328222125,1.752014982911132,0.08389052827177945,2.7625011418902057,0.41888062747810206,-1.1063042364600761
2024-07-26,144.8283233642578,146.22281369675608,140.4456145568753,140.4456145568753,20159362,150.80471801757812,150.81467666625977,137.01820271809896,46.183555888580116,3.184705192058658,4.749961256078798,-1.56525606402014,161.2680969369745,150.81467666625977,140.36125639554504,15157731.95,1.3299721928385204,5.495679869872959,-3.7085932410039324,-0.2194732292683632,-3.2906356086419675,-0.46782896405239693,0.45068716237686157
2024-07-29,143.43380737304688,148.01572457863497,141.64088514408525,146.42201108798292,12927848,147.81651306152344,150.59554138183594,137.38794352213543,44.539062419701345,2.3305606101172884,4.266081126886497,-1.9355205167692082,161.4881204008604,150.59554138183594,139.7029623628115,14766627.3,0.8754773678076103,5.612901145163195,-0.9628751882348241,0.47483004597199674,0.20470575104574174,4.171562946281648,4.079715934415118
2024-07-30,145.4259490966797,145.4259490966797,140.644823276783,141.84009020369905,8101732,146.38217468261718,150.59554138183594,137.79088668823243,47.419452488575175,1.793717207802132,3.771608343069624,-1.977891135267492,161.4881204008604,150.59554138183594,139.7029623628115,14686738.85,0.5516358725204676,5.501997768460995,1.388892730464586,0.15641212361443557,0.2665528397010952,-0.9024326632927071,1.7042597216616606
2024-07-31,157.77719116210938,158.97247269321537,147.61729814770842,148.0157301674301,35442903,148.3743103027344,151.27286682128906,138.30268440246581,60.95798071040445,2.337956448155836,3.4848779640868663,-1.1469215159310302,162.18368798150158,151.27286682128906,140.36204566107654,15833773.75,2.238436872953297,6.574601212204286,8.49314867267501,-0.2672783628201558,-0.1089865524954714,-4.638580467508824,3.844259488822943
2024-08-01,156.5819091796875,158.97247223500918,155.38662765202665,158.1756227259216,16681752,149.60943603515625,151.96015396118165,138.78162752787273,59.36496167456285,2.642361205411788,3.3163746123518507,-0.6740134069400625,162.3527559002954,151.96015396118165,141.5675520220679,16141212.1,1.033488185190256,6.176100328308052,-0.7575759041075658,-0.5775112476597344,1.9944277998713122,-4.774702826085542,-3.3222615463413985
2024-08-02,148.01573181152344,155.3866298258634,147.61729978737614,152.0000084688187,18499945,150.24691772460938,152.07968215942384,139.12103424072265,49.40108671694325,2.167400798332409,3.0865798495479626,-0.9191790512155538,162.21736598893025,152.07968215942384,141.94199832991742,16266937.85,1.1372727412246184,6.5479015368418265,-5.470732483108143,0.4427055244088818,-4.434260881041652,-6.345966382352552,-8.384888249448064
2024-08-05,133.27391052246094,141.8400893913636,133.27391052246094,141.24246319535732,19354033,148.21493835449218,151.24298477172852,139.20181070963542,37.68020883781065,0.5945953532215924,2.5881829502826887,-1.9935875970610963,164.41019565063914,151.24298477172852,138.0757738928179,16545169.4,1.1697694071358375,7.64042417047125,-9.95963139096192,-0.3900105801548759,-8.351980222953914,-13.602142054058708,-16.07543971754105
2024-08-06,134.8676300048828,139.05111526075822,125.90301874229262,137.85583375907953,23622945,146.1032745361328,150.47601242065429,139.35441563924152,39.355388079415455,-0.5173013228768468,1.9670860956507816,-2.4843874185276285,165.54670589265305,150.47601242065429,135.40531894865552,17250886.95,1.369375677231483,8.374780483537165,1.1958225553479807,0.2764724507885674,3.379268306975858,7.70720509609637,14.851242221095905
2024-08-07,139.84796142578125,140.44560216240376,134.2699860599907,134.2699860599907,13664819,142.51742858886718,149.94809646606444,139.63205909729004,44.3863150339009,-0.9852588751572284,1.3766171014891797,-2.361875976646408,165.75098932922882,149.94809646606444,134.14520360290007,17572255.2,0.7776360429821211,8.08155856605395,3.692755200575659,0.3029438503285631,3.8742452023632135,3.52390512129519,2.1013971344929328
2024-08-08,139.64874267578125,142.43772289465755,136.26210723508026,137.6565973445184,11754524,139.13079528808595,149.50982589721679,139.9031489054362,44.22825856318583,-1.3565563577112698,0.8299824096490899,-2.18653876736036,165.96458905885572,149.50982589721679,133.05506273557785,17528280.7,0.6706033638541629,7.827432845190396,-0.14245381053031858,-0.3905008009258193,-1.9965912706408795,-2.744013067621265,-2.1561608506449392
2024-08-09,144.8283233642578,149.21101764358067,144.62910008242974,146.4220224505245,15401050,138.49331359863282,149.14128189086915,140.26703186035155,49.284766507049085,-1.21881368817904,0.42022319008346387,-1.6390368782625038,165.67242357960774,149.14128189086915,132.61014020213057,17752633.45,0.8675360781473241,8.058745128204933,3.709006317730945,-0.7344664716750882,2.86965755714923,-1.3214182587632295,-1.4913755215698377
2024-08-12,146.02359008789062,148.4141530021564,145.62515809282695,146.02359008789062,6781332,141.04324951171876,148.5037986755371,140.6637690226237,50.40228084251179,-1.0016571151425637,0.13584712903825835,-1.137504244180822,164.44375824197144,148.5037986755371,132.56383910910276,16643642.35,0.4074427855030182,7.462356396164089,0.8252990132507465,0.07652887976525857,1.417205112604214,-1.3214182587632295,-1.4913755215698377
2024-08-13,147.0196533203125,148.41415808678164,145.625163081902,148.41415808678164,8648016,143.4736541748047,148.1850570678711,141.0286076863607,51.364067362229164,-0.7406472674120153,-0.03945175025179637,-0.7011955171602189,163.96741179167,148.1850570678711,132.4027023440722,16196187.55,0.5339538069253835,6.839241543992829,0.6821248757288734,-0.604294595055821,0.10706043617687566,4.650745742414153,8.541414359390886
2024-08-14,148.41415405273438,151.4023577167192,148.0157220548503,148.41415405273438,12043841,145.1868927001953,147.91611862182617,141.43285446166993,52.74564514185134,-0.41646972409762384,-0.11485534502096187,-0.301614379076662,163.47788479569556,147.91611862182617,132.35435244795678,16320800.6,0.7379442525631984,6.511703257648011,0.9485131415618797,0.20472686912957894,1.0583302060494848,1.954001622606505,0.30185217790239527
2024-08-15,148.05323791503906,151.86168133407543,148.05323791503906,151.62365362038565,17846256,146.86779174804687,147.31039276123047,141.85048599243163,52.33130984269107,-0.1865294065694343,-0.12919015733065636,-0.05733924923877792,161.76816298256495,147.31039276123047,132.852622539896,15550943.15,1.1475995910897532,6.151268612499791,-0.24318175041921908,-0.9596021142668665,-0.5996212787569899,-1.8147995606690892,-0.4358545742575104
2024-08-16,150.19549560546875,152.57577287338427,149.48141242509408,150.19549560546875,11602120,147.94122619628905,146.87154388427734,142.31675491333007,54.61045131140637,0.1666413064748724,-0.07002386456955062,0.23666517104442303,160.33765535942703,146.87154388427734,133.40543240912766,15499036.1,0.7485704223890414,5.9341041252791795,1.446950921572565,1.398656718686797,2.0742481463743134,6.546906724631696,6.524903499203916
2024-08-19,150.67153930664062,151.86167784776734,149.4814007655139,150.4335115984153,6715648,148.87081604003907,146.48637924194335,142.77155799865722,55.12391860745092,0.47941795745521176,0.03986449983540186,0.4395534576198099,158.97211038142873,146.48637924194335,134.00064810245797,15232523.65,0.4408755997565774,5.4602605195424125,0.3169493860337491,-0.9462871123850913,0.2698102405719105,-4.588195024715347,-3.796475448736092
2024-08-20,153.76589965820312,154.2419550751016,150.19548403146467,150.90956715681236,8041756,150.22006530761718,146.54479217529297,143.27146708170574,58.41685262423352,0.9658509974367746,0.2250617993556764,0.7407891980810982,159.16115328068412,146.54479217529297,133.92843106990182,14755577.65,0.544997708036188,5.2717552560883485,2.0537125762450703,-0.7001673407422859,0.08687670993854368,0.5097658636851854,1.3425588064488014
2024-08-21,151.14759826660156,154.2419585460753,150.6715428389902,152.81379226324125,10781200,150.76675415039062,146.7113464355469,143.68570454915366,54.75559699837604,1.1270853080929726,0.40546650110313565,0.7216188069898369,159.48536150143886,146.7113464355469,133.9373313696549,14477776.95,0.7446723372817261,5.044909982887914,-1.7027841656840903,-0.0485705808362491,-0.8525040581436327,-0.9974608710138333,-0.9333701081062906
2024-08-22,152.5757598876953,153.2898430072945,150.67153823543077,151.86167676809612,8193004,151.67125854492187,146.81982040405273,144.0720120747884,56.36215924008382,1.354491631707532,0.595271527224015,0.759220104483517,159.76168974370972,146.81982040405273,133.87795106439575,14313204.3,0.5724087931868617,4.721362621418023,0.9448788055333113,-0.6270599155635659,-0.40049008413989284,-0.3756934793170852,0.010135611798389732
2024-08-23,154.24195861816406,154.47998633208098,150.67154290941028,151.62365376507793,8517256,152.48055114746094,147.29050216674804,144.4796226501465,58.2258524153271,1.650139315241148,0.8062450848274416,0.8438942304137065,160.60672229818937,147.29050216674804,133.97428203530671,13731099.0,0.6202894611713163,4.599640061585048,1.0920468177220144,1.0727248962346891,0.041630655400193284,0.017143358170113032,1.1750423825896528
2024-08-26,155.90814208984375,159.4785575575501,154.95603129845537,156.38419748553792,9203620,153.52787170410156,147.9142189025879,144.9182362874349,60.06268967664958,1.9958820301067135,1.044172473883296,0.9517095562234175,161.6323385763993,147.9142189025879,134.1960992287765,13544887.6,0.6794903192847462,4.684567911958513,1.0802400894068143,-0.8756060974664415,0.3703771608125628,-2.6563725289228235,-3.5542730349078178
2024-08-27,155.43209838867188,155.90815382018388,154.00393209413582,154.95604295715987,6941076,153.86111145019532,148.4145263671875,145.38448232014974,59.26093724774526,2.206042984051976,1.276546575917032,0.9294964081349439,162.47610679222404,148.4145263671875,134.35294594215097,13486854.8,0.5146549067911668,4.313855087170453,-0.3053360105449432,0.17163104694757347,-0.24783653485163093,0.8098498154055722,-0.4256174048878347
2024-08-28,155.6701202392578,155.90814794604566,153.28984317137926,155.6701202392578,8029872,154.76561584472657,148.3091728210449,145.83852895100912,59.55166789395731,2.3645464091663655,1.494146542566899,0.8703998665994666,162.1044456362414,148.3091728210449,134.51390000584843,12116203.25,0.6627383045922409,4.087781712169913,0.15313558335341426,-0.35839014234928523,0.8368724645030357,0.4191475608481321,-1.0946610981550253
2024-08-29,156.3842010498047,157.09828415962116,153.2898409072667,154.00392401708316,6622664,155.52730407714844,148.29928741455078,146.25597712198893,60.46325035622971,2.518747317898857,1.6990666976332904,0.8196806202655664,162.0698611657555,148.29928741455078,134.52871366334605,11613248.85,0.5702679831923174,4.0505365841945205,0.45871411254090333,0.9086610177773791,-0.7546069078691819,1.2869640342281663,0.2319025066735536
2024-08-30,156.3842010498047,158.05039497270977,156.14617334653252,157.09828415962116,8689800,155.95575256347655,148.71771087646485,146.69282506306965,60.463250356229715,2.6108563225422756,1.8814246226150875,0.7294316999271881,162.95273212812594,148.71771087646485,134.48268962480375,11122741.6,0.7812642163691009,3.764361256458884,0.0,-0.39083263225860865,0.29835457649001196,4.155212313371526,3.5545283251600557
2024-09-02,155.90814208984375,157.57433597477336,155.67011439199666,157.0982805790792,4114304,155.95575256347655,149.84942245483398,147.12173868815105,59.427709864535224,2.615291935385187,2.0281980851691075,0.5870938502160796,162.415844735073,149.84942245483398,137.28300017459497,10360755.15,0.3971046454080135,3.5163426333012597,-0.3044162752791957,0.4331737370221411,-0.14815026617228666,2.3079412528011156,2.721636446894493
2024-09-03,152.8137969970703,156.14618509357962,152.57576927589108,155.90815737240038,6507360,155.43209228515624,150.74673080444336,147.48938013712566,53.065859052515485,2.342120890349861,2.090982646205258,0.25113824414460284,161.1928458548773,150.74673080444336,140.3006157540094,9504975.9,0.6846266701212782,3.523552391219564,-1.9847232166940287,-0.203152061097156,-0.642626632600074,-0.6445397829794919,-2.3727121647090343
2024-09-04,144.72084045410156,147.33914513336984,141.38845268048738,145.19689585033214,15077664,153.242236328125,150.99037475585936,147.7092056274414,40.772186664545735,1.4558151805229897,1.9639491530688047,-0.5081339725458149,160.55640237960367,150.99037475585936,141.42434713211506,9575618.15,1.5745891036809982,4.57712464793468,-5.295959332208666,0.15659122730726782,-4.5240421627673495,-4.508590235860444,-6.45063491087825
2024-09-05,144.2447967529297,147.33915707931266,143.0546581658593,147.1011293618986,6567912,150.81435546875,151.2201774597168,147.95989685058595,40.18249146070733,0.7068506376247115,1.7125294499799861,-1.0056788123552747,159.81002728459592,151.2201774597168,142.6303276348377,9316287.55,0.704992408698248,4.538107883337169,-0.328939287305241,-0.08130132213054475,0.4502065283094936,-1.6983710861986911,-0.3896927644905679
2024-09-06,144.48281860351562,145.91098485000836,143.29268006477167,144.7208463112644,6785540,148.4340789794922,151.2029022216797,148.20808842976888,40.64474205278614,0.13098727571266977,1.3962210151265229,-1.265233739413853,159.8480889807229,151.2029022216797,142.55771546263648,8885512.05,0.7636633614153953,4.282134136923772,0.1650124343782311,0.16272898106874933,1.1680285631374687,-2.1769134126565337,-0.6520334260308847
2024-09-09,141.1504364013672,147.10112933565756,139.96029781450912,147.10112933565756,12386380,145.48253784179687,150.95924453735353,148.3684071858724,36.40330844282802,-0.587511514283932,0.9994745092444318,-1.5869860235283637,160.4521878501596,150.95924453735353,141.46630122454746,9165764.45,1.3513744617340675,4.663293788153728,-2.3064210916960537,0.05905528468521659,-1.3564144167506398,-1.571892359339766,-0.0875023861931834
2024-09-10,137.3419952392578,142.5786051097321,136.15185663233183,142.34057738834693,9141576,142.38817749023437,150.4753616333008,148.40705235799155,32.25997863211383,-1.4475499009819544,0.5100696271991545,-1.9576195281811088,161.6512484268739,150.4753616333008,139.29947483972768,9190442.45,0.9946829056091854,4.898421080053269,-2.698143384608398,0.2563547314850423,-0.3800496824621358,-3.0863042946564834,-2.145834661597845
2024-09-11,136.38987731933594,137.8180435739887,135.4377664829008,137.1039604466623,9589056,140.72198486328125,149.87414779663087,148.40072911580404,31.300815506873334,-2.180825281311968,-0.028109354503070005,-2.152715926808898,162.6902581091597,149.87414779663087,137.05803748410202,9067703.2,1.0574955739618828,4.562668548191219,-0.6932460230122839,0.1557220455938646,-0.15704496945657676,-2.018142113188559,-2.573275842574674
2024-09-12,143.5307159423828,145.1969099914652,142.1025496145979,142.81663277849034,13434324,140.57916870117188,149.64802169799805,148.49078648885092,44.60386054252676,-2.160836526383747,-0.4546547888792054,-1.7061817375045416,162.75568118212988,149.64802169799805,136.54036221386622,8847106.6,1.51849916672192,5.12858376471629,5.2356074830448796,-0.1585997292772645,2.9587275926014067,5.328792919000325,4.788699601139346
2024-09-13,144.2447967529297,146.62507392707045,143.29268588327338,146.38704620965638,7384576,140.53156433105468,149.3504867553711,148.57657852172852,45.73547455434947,-2.0635871918934185,-0.7764412694820482,-1.2871459224113704,162.67419394264275,149.3504867553711,136.02677956809944,8636229.4,0.8550694589006632,4.889091001927061,0.49751079819981836,-0.5730778859112329,0.4913830054379842,-2.1707939093109974,-1.7095964089926863
2024-09-16,146.3870391845703,146.62506689056147,143.53070671267625,144.0067621246586,5927604,141.57888488769532,149.1362617492676,148.70454126993815,49.09505269417861,-1.7929868960576698,-0.9797503947971726,-0.8132365012604972,162.50822430533873,149.1362617492676,135.76429919319645,8596827.2,0.6895106603980595,4.649793558721482,1.4851436445988186,0.04698615258813543,0.41558428502583844,-2.1707939093109974,-1.7095964089926863
2024-09-18,143.76873779296875,145.91098719716862,142.34057152350218,145.67295948559087,7145068,142.8642333984375,148.63640365600585,148.64660008748373,45.39575183543372,-1.7694125656467747,-1.137682828967093,-0.6317297366796817,162.0270851868726,148.63640365600585,135.2457221251391,8551992.8,0.8354857361432764,4.5693501057010355,-1.7886155811241644,0.24009018886061995,-0.7837052942722855,0.3795128173826212,1.1862720492998857
2024-09-19,144.9588623046875,145.67294537022784,141.1504192884724,144.24477923914716,9642008,144.57803039550782,148.32696685791015,148.60849431355794,47.33813801856634,-1.6358396954082934,-1.2373142022553332,-0.39852549315296026,161.75927167811105,148.32696685791015,134.89466203770925,8495033.2,1.1350171062309682,4.563106902508291,0.8278047995611937,-0.5025171841719578,1.6783629197754113,0.7750429865840402,3.2849670457804736
2024-09-20,143.76873779296875,146.86309804347968,143.29268236981324,145.91098719716862,9951012,144.625634765625,147.88661575317383,148.56025288899738,45.59159759233482,-1.607485245923698,-1.3113484109890061,-0.2961368349346918,161.30988219075536,147.88661575317383,134.4633493155923,8582933.6,1.1593951979309267,4.430748071996045,-0.8210084521891758,-0.03461304571514834,0.5295654552418982,3.132621316657991,1.1463358296689874
2024-09-23,145.91099548339844,146.1490232084937,144.2448014077316,144.2448014077316,5926072,144.95887451171876,147.47006759643554,148.52508214314778,49.22318827301484,-1.3960589498439617,-1.3282905187599972,-0.06776843108396458,160.5762480106649,147.47006759643554,134.36388718220618,8453374.4,0.7010303483068252,4.157353051133233,1.4900719887480651,0.6956707184216482,0.5691005244930158,3.132621316657991,1.1463358296689874
2024-09-24,148.291259765625,148.291259765625,144.95887190572333,145.9109827228381,7597808,145.3397186279297,147.0892234802246,148.53299458821616,52.9786566060624,-1.024623430973179,-1.2675571012026337,0.24293367022945467,159.59176422911952,147.0892234802246,134.5866827313297,8373083.8,0.9074085703047663,4.047357692302358,1.6313124822024738,-0.17505941198043828,0.6562554474329074,2.000727641681843,4.2111090314436606
2024-09-25,153.5278778076172,153.76590552514836,150.43351747971172,151.14760063230528,17459320,147.2915466308594,146.99401245117187,148.66802673339845,59.98967568881814,-0.3042001643374306,-1.074885713829593,0.7706855494921625,159.25572564479793,146.99401245117187,134.7322992575458,8898996.0,1.9619426730835703,4.237662767931825,3.5313059247515266,-0.7296520762731573,1.4703261303304016,-0.10698721444701853,0.7889896752783399
2024-09-26,155.19406127929688,157.574338292783,154.24195047390242,157.09828289008578,16294824,149.33858642578124,146.97020950317383,148.85074971516926,61.93447396097058,0.39661560828139386,-0.7805854494073957,1.1772010576887895,159.1626599060775,146.97020950317383,134.77775910027017,9312243.6,1.7498279362021845,4.212169130229691,1.0852644454367733,0.5141959081656822,0.4270830660774827,4.0164174302636635,1.4810164853980012
2024-09-27,151.14759826660156,155.908152542715,150.43351512518456,155.908152542715,19209456,150.81435852050782,146.70837936401367,148.98927357991536,54.94894520348131,0.6183731885707857,-0.5007937218117595,1.1191669103825452,158.25755579429907,146.70837936401367,135.15920293372827,9941583.2,1.9322330873818971,4.380498235203124,-2.6073568661967306,-1.264795450138878,-0.1575824966969841,3.169941822499056,3.4600374718658067
2024-09-30,148.291259765625,150.67153680841193,148.0532320613463,149.71942599129716,8943716,151.29041137695313,146.3037322998047,149.03370844523113,50.60965228827333,0.5572118318698358,-0.2891926110754405,0.8464044429452763,156.95792062546928,146.3037322998047,135.6495439741401,9954279.0,0.898479538297048,4.209013964543408,-1.8897677063570706,0.36554889324060813,-2.6212834827579523,-5.75890755647972,-7.485402937969776
2024-10-01,147.5771942138672,149.7194438072943,146.62508328345515,148.29127741167622,6409128,151.14759826660156,145.88718490600587,148.9931973775228,49.55606739774391,0.44598090346678987,-0.14215790816699442,0.5881388116337842,155.56719681748086,145.88718490600587,136.20717299453088,10069020.2,0.6365195294771581,4.060393505782842,-0.48152908869100175,0.015832654460190554,0.7462542284165874,3.0643196006294726,6.829399729879615
2024-10-04,144.48281860351562,149.24337275849143,144.00676318801803,147.3391510965011,10281572,149.33858642578124,145.47063598632812,148.89779307047527,45.1678767589226,0.10690698319743319,-0.0923449298941089,0.1992519130915421,154.59678724730634,145.47063598632812,136.3444847253499,10257730.8,1.002324217749992,4.21722231440825,-2.09678441634229,0.6475584055064321,-0.3915951667323836,-1.0086757878815633,-0.9136064725488557
2024-10-07,148.529296875,148.529296875,145.67296424278845,145.67296424278845,6779808,148.00563354492186,145.66105880737305,148.86651000976562,51.24747190607316,0.16282845212819552,-0.041310253489648015,0.20413870561784353,154.87979854380077,145.66105880737305,136.44231907094533,9842838.0,0.6888062162559213,4.1944564420184,2.8006639893900287,1.005679869258036,1.792829627283954,1.9306458466707976,3.398321380698466
2024-10-08,145.91099548339844,147.57718955906532,144.48282913282685,147.57718955906532,8482416,146.95831298828125,145.74436874389647,148.82479070027668,47.571960669060125,-0.004081373562371482,-0.033864477504192705,0.029783103941821223,154.93930305043784,145.74436874389647,136.5494344373551,9938563.2,0.8534851395823494,4.174724615372367,-1.7628181420700328,-0.6747083567230305,-0.4015843133057917,-2.051909629379778,-2.1401256335448426
2024-10-09,145.4349365234375,148.29126915564905,145.4349365234375,147.10113055889423,6648352,146.38704833984374,145.79197463989257,148.71205291748046,46.9131424151705,-0.1727808819657355,-0.061647758396501266,-0.11113312356923422,154.96924970156238,145.79197463989257,136.61469957822277,9931703.8,0.6694069954039507,3.998939017617591,-0.3262666794807134,0.1500498127376071,0.2109089790889307,2.757378816173328,-0.2863911321917767
2024-10-11,143.76873779296875,146.14901490874638,143.05465465823548,144.95887635085757,13500624,145.62535705566407,145.92288970947266,148.46197764078775,44.58579189832949,-0.43589998662719154,-0.13649820404263932,-0.2994017825845522,154.89375633906917,145.92288970947266,136.95202307987614,9987416.0,1.351763459136978,3.8783285153366993,-1.145666076046481,-0.09929871833751491,1.070478351454196,-1.0234201509584762,-0.6319109899102338
2024-10-14,147.1011199951172,147.57717539963213,144.00675986577008,144.24478756802753,7493768,146.14901733398438,146.4108459472656,148.35708821614583,49.935274745784,-0.3712488532233351,-0.18344833387877849,-0.18780051934455663,154.42737596579695,146.4108459472656,138.39431592873427,9905025.6,0.7565622041400882,3.8690097275135895,2.317876788309259,-0.20343946585824613,0.3215858580000841,-1.0234201509584762,-0.6319109899102338
2024-10-15,148.76731872558594,149.48140185546876,147.1011247558594,148.529291015625,8514640,146.19662170410157,147.02971801757812,148.27332814534506,52.409112147961785,-0.18344936162193903,-0.1834485394274106,-8.221945284325738e-07,153.56272213401118,147.02971801757812,140.49671390114506,9851304.8,0.8643159635056668,3.670512678558654,1.1326893571742103,0.06846983628858716,1.3786551243744505,0.508238887300605,0.1324797741563799
2024-10-16,147.81521606445312,148.7673269569778,144.48282794061683,146.86310517192848,9781716,146.5774658203125,147.24394302368165,148.06745249430338,50.86250945880393,-0.11017362622266091,-0.16879355678646066,0.058619930563799744,153.5716069781787,147.24394302368165,140.9162790691846,9668674.4,1.0116915303301557,3.752377523598963,-0.6399945023470188,0.05909743352694452,-1.2066723441250926,-2.1447183716248652,-1.9317253044048743
2024-10-17,147.33914184570312,148.2912526169193,145.91097568887886,147.10111415289907,8183932,146.95830688476562,147.3986602783203,147.87356363932292,50.066903082732956,-0.08948575267652359,-0.15293199596447324,0.06344624328794965,153.56686838986226,147.3986602783203,141.23045216677835,9708642.2,0.8429533019560655,3.569430777524494,-0.32207389159611965,-0.11191169434519033,0.1862561878152258,0.017809110950661733,-1.5110596237851937
2024-10-18,148.529296875,149.2433800330529,147.33915827824518,148.529296875,8997752,147.91041870117186,147.5057731628418,147.70947138468424,52.08474808393042,0.022683617853971327,-0.11780887320078433,0.14049249105475564,153.6744164016314,147.5057731628418,141.3371299240522,9862149.6,0.9123520089372809,3.3474050988345296,0.8077656856066318,-0.20848772856875142,1.8800759024857339,-0.8195224252875999,-0.1917795097714392
2024-10-21,149.4813995361328,150.43351036120373,148.29126100479417,149.95745494866827,6382224,148.386474609375,147.79140625,147.65753402709962,53.6967864015794,0.1862583099798769,-0.05699543656465208,0.243253746544529,153.75716288683162,147.79140625,141.82564961316837,9824007.4,0.6496558624334913,3.186717666511201,0.6410201092745371,-0.08108075314693375,0.23527539270360442,1.6346351120187341,-1.2627036443613626
2024-10-22,147.5771942138672,149.00536060948525,147.10113874866119,149.00536060948525,9737064,148.14844970703126,147.92232284545898,147.65354537963867,50.06866137801356,0.16039009935670379,-0.01351832938038091,0.1739084287370847,153.73942099491632,147.92232284545898,142.10522469600164,9828760.2,0.9906706239511267,3.079190082639258,-1.2738744273031344,0.028084610514422792,-0.030156527726787896,-0.5302237709548852,0.16680553763983585
2024-10-23,146.14901733398438,146.86310048056737,144.95887875634608,146.38704504951204,10483336,147.8152099609375,148.04133682250978,147.58259099324545,47.47761181103093,0.024366535380863752,-0.005941356428131978,0.030307891808995728,153.59191865632792,148.04133682250978,142.49075498869163,9855376.4,1.0637174649159011,3.017740132623505,-0.9677490397419497,-0.11543711676430535,-0.852629098085167,-0.7285009475968884,0.27754858718704867
2024-10-24,145.19691467285156,146.62508104668288,144.7208592149078,145.19691467285156,6669160,147.3867645263672,148.00563278198243,147.588734181722,45.7768552333207,-0.1584335237262735,-0.03643978988776028,-0.12199373383851322,153.6227015318821,148.00563278198243,142.38856403208277,9892530.8,0.6741611560107551,2.8692710258437164,-0.6514601866648428,-0.03123109124840706,-0.6095637401184573,-0.39377025633786644,1.4669180033243912
2024-10-25,146.3870391845703,146.3870391845703,144.95887294862328,144.95887294862328,3219348,146.95831298828125,147.9104217529297,147.63795471191406,48.271323400798856,-0.20490872552522887,-0.07013357701525401,-0.13477514850997485,153.571487321753,147.9104217529297,142.24935618410638,9673607.8,0.33279703566233065,2.6771237205241585,0.8196623973727446,-0.06311938616798685,0.6723275032274767,-0.9703487581335435,0.190949365408577
2024-10-28,145.91099548339844,146.8631063837795,144.2448014077316,146.38705093358897,6644016,146.24423217773438,147.52957763671876,147.6460388183594,47.333330747239565,-0.2769607746004681,-0.11149901653229682,-0.16546175806817126,152.59270438217953,147.52957763671876,142.46645089125798,9132842.6,0.7274860950740573,2.669281221260659,-0.3251952521368118,0.25012638112038577,-0.6440637870254728,0.7802656493707261,1.1979344309869466
2024-10-29,140.67437744140625,145.67295938094858,139.24621117296556,144.7208485353215,15875568,144.8636688232422,146.80359344482423,147.36099192301432,38.47623137878726,-0.7479914742388587,-0.2387975080736092,-0.5091939661652495,151.3798674604906,146.80359344482423,142.22731942915786,9111879.8,1.7422933959247353,3.2020149664836217,-3.5889125590867543,-0.15593671303683054,-1.170271773009135,0.25206743782251184,0.6187724400655181
2024-10-30,132.8194580078125,138.05606746331765,132.58143030528953,137.34198435574876,37261708,142.1977569580078,145.88718643188477,146.96495107014974,29.545432273552635,-1.7351117609745756,-0.5380603586538025,-1.1970514023207732,153.27658820423088,145.88718643188477,138.49778465953867,10014492.4,3.7207784989681554,3.854139255768035,-5.58375986903904,-0.033745516386241015,-0.4630438149480831,-1.1135061342367525,0.8288819451965468
2024-11-01,129.72511291503906,130.4391961053971,125.44061377289098,126.39272469336834,16698672,139.1033966064453,144.95887908935546,146.660107421875,26.896864212727948,-2.7355655911913175,-0.9775614051613055,-1.758004186030012,155.19363349675032,144.95887908935546,134.7241246819606,10402240.2,1.6052957515824333,4.324099919655166,-2.3297377802817265,-0.008469656393517155,-0.17681353912938347,-2.899888706551057,0.2985083566209523
2024-11-04,129.24903869628906,130.915232565302,128.7729833051425,129.9631217830089,6662320,135.67579650878906,144.04247131347657,146.59302622477213,26.50321449790148,-3.5261998335555518,-1.487289090840155,-2.0389107427153967,156.36028798864112,144.04247131347657,131.72465463831202,10414899.8,0.6396912239136472,4.033186498389077,-0.36698693726464615,0.18830568818823945,0.8134762750590552,-2.899888706551057,0.2985083566209523
2024-11-05,128.0589141845703,129.72510823529893,127.82088646303765,128.29694190610297,8602024,132.10538024902343,143.2212760925293,146.47954762776692,25.498538561385956,-4.20039671003434,-2.0299106146789923,-2.170486095355348,157.456176474804,143.2212760925293,128.9863757102546,10330922.4,0.8326482057400799,3.749324534905371,-0.9207995074650532,-0.03382976410999383,0.6157022965944003,6.581708534230013,6.0606056493433424
2024-11-06,127.10680389404297,129.24905339787517,126.39272072609891,128.05891478463505,13831036,129.3918655395508,142.15015144348143,146.26719500223797,24.692111270207818,-4.756697685322962,-2.5752680288077863,-2.1814296565151756,157.85170226582005,142.15015144348143,126.44860062114283,10683483.8,1.2946185213478771,3.630258953154823,-0.7434939586908218,-0.2810876692411757,0.47861170401419795,-1.517042985209549,5.892861964262153
2024-11-07,131.15325927734375,132.10537005249688,127.34481617673123,127.58284387051951,11758132,129.05862579345703,141.41226463317872,146.125603612264,34.21462221611223,-4.815544485125372,-3.023323320071303,-1.7922211650540687,157.74406742856763,141.41226463317872,125.08046183778981,10847269.6,1.0839715830424277,3.812699913861368,3.1835080887360867,1.6098729025626257,0.8245523226092066,0.6524152487077162,-1.469523150712937
2024-11-08,130.43919372558594,134.00960961223518,130.43919372558594,133.53355416068197,13768396,129.2014419555664,140.66247749328613,145.8857847849528,33.41172867605404,-4.863734022032446,-3.391405460463532,-1.4723285615689141,157.58297112801586,140.66247749328613,123.74198385855641,11203271.8,1.2289620608865348,3.780395376899752,-0.5444512440577753,-0.9296486058043341,0.6197250034959412,-2.7007705384617386,-0.07335263485093169
2024-11-11,132.58143615722656,132.8194638702557,128.77299274876046,129.72510360087696,5757496,129.8679214477539,140.103112411499,145.6617488861084,38.10441077765263,-4.675171054725865,-3.648158579315999,-1.0270124754098662,157.32816355731066,140.103112411499,122.87806126568736,10816115.4,0.5323071904354867,3.8158721428458175,1.6423303230066022,0.627458984621776,-0.1029553901989333,-0.38859158412376527,-0.7585070390935811
2024-11-12,129.72511291503906,132.81947340659045,129.72511291503906,130.20116837527775,10252652,130.20116119384767,139.23431205749512,145.3735065460205,34.60287185293143,-4.702013079093462,-3.8589294792714917,-0.8430835998219699,156.72398311721057,139.23431205749512,121.74464099777965,10954059.6,0.9359682505287812,3.7196705893398936,-2.1543915384958034,0.4336932611868294,-2.3284295008224376,-1.7276711600911487,2.1203118162355095
2024-11-13,131.15325927734375,132.34339774628518,130.20114850219062,130.43917619597892,7392512,131.0104522705078,138.353609085083,145.08582496643066,37.68618812289518,-4.55553275499139,-3.9982501344154713,-0.5572826205759185,155.59421759693754,138.353609085083,121.11300057322846,10897953.2,0.6783394885564383,3.5728191549273896,1.1009019997847425,0.1235439255507842,-0.5288498883201043,-1.7769279992892684,-2.6557178182045393
2024-11-14,127.10680389404297,132.10538606965142,127.10680389404297,131.39130290170735,11832212,130.20116119384767,137.3181884765625,144.7367177327474,32.94644620247759,-4.711648226741801,-4.140929752880737,-0.5707184738610636,154.65333663206354,137.3181884765625,119.98304032106148,11000478.0,1.0756088962679622,3.7629208910181973,-3.085287705083961,-0.020971256315938103,-0.6336314481737659,0.5581140134859996,-1.7609123111836489
2024-11-15,126.86876678466797,129.0110161300001,126.63073907963107,127.10679448970488,9309640,129.48707580566406,136.29466972351074,144.3479389190674,32.686017357308515,-4.79925563667598,-4.272594929639786,-0.5266607070361937,153.5556940389363,136.29466972351074,119.03364540808516,11056763.4,0.8419860010751428,3.57856837893164,-0.18727330251606666,0.3986669276656585,0.12057324525860391,0.8229653195100939,0.4039401817746757
2024-11-18,126.15469360351562,127.34483222241671,125.44061043217498,126.63074905107607,7301136,128.20172729492188,135.17593955993652,143.9393248240153,31.872111665624303,-4.870164651654505,-4.39210887404273,-0.4780557776117753,151.99279158768056,135.17593955993652,118.35908753219249,10971932.6,0.6654375547294193,3.3553221671063196,-0.5628439522584183,-0.23173876056459264,-0.8628257366824488,-0.9870824486651553,-1.7601213346177258
2024-11-19,127.3448257446289,128.05890887964551,125.67863176292349,126.6307426096123,6874256,127.72566986083984,134.06911087036133,143.49897359212238,34.78675254067031,-4.775280379749404,-4.468743175184065,-0.3065372045653385,149.80047207944637,134.06911087036133,118.33774966127629,10996534.2,0.6251293248376384,3.225316160388414,0.9433910916177846,-0.06007286302424086,1.3406124900682936,-1.1503090393315651,-2.1499854312588162
2024-11-20,125.20256805419922,128.0589004052456,125.20256805419922,127.344817317484,11045596,126.53553161621093,132.95037956237792,143.0665564219157,32.12275330681277,-4.81741405222553,-4.538477350592359,-0.27893670163317097,147.79430986322086,132.95037956237792,118.10644926153499,11061960.8,0.9985206239385697,3.176118319142809,-1.6822494969098045,-0.36001887929690835,-0.7021874267539641,-0.6594331081660632,0.36620205628161706
2024-11-21,127.10680389404297,127.344831616691,124.01244349961871,125.2025821128588,6726724,126.53553161621093,131.99826889038087,142.64207382202147,36.75886182385533,-4.643620605520141,-4.559506001577915,-0.08411460394222559,145.6745165299409,131.99826889038087,118.32202125082085,10874130.2,0.6185988098615924,3.1969542922000724,1.5209239470387104,0.45165552347810056,-0.5848779832719808,0.35142792700151304,-1.902525372789754
2024-11-22,127.82087707519531,128.7729878913979,127.34482166709404,127.58284937114468,6458760,126.7259536743164,131.12946701049805,142.20172246297201,38.4563976907409,-4.397575792590459,-4.527119959780424,0.1295441671899651,143.41200770322124,131.12946701049805,118.84692631777486,10863610.2,0.5945316410561197,2.992851586220719,0.5617898958010237,0.10408579018676978,1.5457767754733176,-0.31128861222278204,-0.345375856193364
2024-11-25,128.29693603515625,129.72510229899842,128.29693603515625,129.01101916707734,7803836,127.15440216064454,130.22496185302734,141.74153569539388,39.62002765461057,-4.116714602832815,-4.445038888390902,0.3283242855580877,140.22976027395708,130.22496185302734,120.22016343209759,11092834.6,0.7035024212837357,2.847701404565038,0.3724422573637032,0.194435698150075,0.19231667879251457,0.05855502149658687,1.1996690263859522
2024-11-26,127.3448257446289,130.20115828469537,127.3448257446289,128.29693659131772,6083320,127.15440216064454,129.29665336608886,141.27341448465984,38.06970294185336,-3.925704353659256,-4.341171981444573,0.41546762778531665,136.1094023957068,129.29665336608886,122.4839043364709,11064799.8,0.5497903360167438,2.8488522226318946,-0.7421145975508248,-0.7261611146034852,-1.1748520051593436,-1.4823553039917114,-2.6080031735091325
2024-11-27,124.01243591308594,127.82087924247054,124.01243591308594,127.10679611821092,10691912,126.91637573242187,128.46355628967285,140.74578641255695,33.17651512204036,-3.997146744957945,-4.272366934147247,0.27522018918930247,133.16638172371432,128.46355628967285,123.76073085563137,10805617.0,0.9894772320729117,2.976797703532256,-2.6168238968936053,0.22577646053867362,-1.5167516755981714,-0.6731214740465785,1.271301165009464
2024-11-28,120.91807556152344,124.012435762901,119.4899093147338,124.012435762901,20354764,125.67863006591797,127.8684871673584,140.15468432108563,29.39793223760867,-4.254412159405405,-4.268775979198879,0.014363819793474342,133.2179966969412,127.8684871673584,122.51897763777558,9960269.8,2.0435956463749605,3.1828948895082414,-2.495201653591561,0.030242115860379393,-0.16064141835966383,-0.7574383168564514,2.4305591840923624
2024-11-29,122.34624481201172,123.53638338022195,119.96596767559126,119.96596767559126,9271200,124.58370361328124,127.49954376220703,139.58738505045574,33.18056731266874,-4.293562020720941,-4.273733187503292,-0.019828833217649056,133.30802512408965,127.49954376220703,121.6910624003244,9588896.2,0.9668683242185895,3.234564331524568,1.181104846282155,0.24526484448965657,-0.1632385004971093,0.8234693838280016,0.5997398304352641
2024-12-02,123.7744140625,125.91666353665865,123.7744140625,124.48849722055289,9170168,123.67919921875,127.22581253051757,139.05182291666668,36.82561116187802,-4.161377475892522,-4.2512620451811385,0.08988456928861677,133.20075930826022,127.22581253051757,121.25086575277493,9714288.6,0.9439876019330947,3.279344917274216,1.1673176015191133,-0.170188817196526,2.131071027512643,-0.6175401616571596,4.173144264827666
2024-12-03,124.96454620361328,128.2969341023763,124.96454620361328,126.63074015299479,17553408,123.20314331054688,127.07109413146972,138.58766873677573,39.77399627070121,-3.9154516648310818,-4.184099969111127,0.2686483042800454,133.11506388147586,127.07109413146972,121.02712438146357,10161857.8,1.7273817785562793,3.4451016002878276,0.9615332458874137,0.4701136177487131,1.2777945571064597,2.3451673368766857,1.8661374415923193
2024-12-04,129.72511291503906,131.62933475599377,125.44061377289098,126.154696963249,20081708,124.3456787109375,127.20200958251954,138.337739944458,49.85529328830256,-3.2983939080756954,-4.006958756904041,0.7085648488283454,133.36155882303558,127.20200958251954,121.0424603420035,10474391.4,1.9172195532047809,3.874393193900182,3.809533868645487,-0.39120209053116195,0.9895539123634611,-1.135912937471506,-0.8060539073974082
2024-12-05,129.01101684570312,132.10537702834915,128.05890602027358,132.10537702834915,19205272,125.96426696777344,127.0948974609375,138.0838436126709,48.542674152188845,-2.834320492694985,-3.77243110406223,0.9381106113672448,133.0357621067743,127.0948974609375,121.15403281510069,10846748.4,1.7706017777641085,3.8973369024569005,-0.5504686434951278,-0.4651336042930887,0.054221440666024634,0.0,1.8714544768006824
2024-12-06,127.58284759521484,129.96312460258824,127.3448198944775,128.77298609890155,6508624,127.01158752441407,126.95208015441895,137.80217742919922,45.93769430251013,-2.552358292732592,-3.528416541796303,0.9760582490637111,132.68823947252326,126.95208015441895,121.21592083631462,10483759.8,0.6208291800046772,3.7267992765440794,-1.107013405061652,0.03032821885522452,-0.3209133409747267,-0.5348793372351057,-1.9821130406072807
2024-12-09,127.3448257446289,128.77299201466212,127.1067980329567,127.82088116797333,8114336,127.72566986083984,126.69024963378907,137.57208391825358,45.49945762409538,-2.321348531068253,-3.287002939650693,0.9656544085824401,131.786899376395,126.69024963378907,121.59359989118313,10601601.8,0.7653877360306062,3.4520519038989246,-0.18656257880457217,0.20171769247800952,0.3448434410777468,-0.21906928145114524,-0.9124519868723202
2024-12-10,128.0589141845703,129.9631359568316,127.582858741505,128.53496962763563,7608576,128.34454345703125,126.60693969726563,137.41736590067546,47.1290409659574,-2.056939542748239,-3.0409902602702026,0.9840507175219635,131.54677284915797,126.60693969726563,121.66710654537329,10469398.0,0.7267443648622395,3.340886345006093,0.5607518293467173,-0.05310753893845721,-0.6366533332259117,0.9580676437808577,0.1742210845651071
2024-12-11,125.67863464355469,127.3448286634503,125.2025792092988,126.39271779493852,9103660,127.53524780273438,126.33320846557618,137.23884518941244,42.56082683096202,-2.0162204464218547,-2.836036297500533,0.8198158510786784,130.7960001987509,126.33320846557618,121.87041673240145,10554955.4,0.8625010390853949,3.2762794957081485,-1.8587378755882233,0.472647811741278,-0.957614927178041,-0.5931111296767155,-0.39752348526578274
2024-12-12,125.20256805419922,127.344817317484,124.96454035827868,127.344817317484,6094804,126.7735580444336,126.23799667358398,136.9333760579427,41.690427354825296,-1.9993179712837161,-2.66869263225717,0.6693746609734537,130.71253316592765,126.23799667358398,121.76346018124032,10268085.0,0.5935677392619948,3.1568124908411046,-0.37879675467964447,-0.1168319802240636,0.6250970544977807,0.5966499267977543,2.070341111587415
2024-12-13,122.58427429199219,124.48849602856683,122.10821885784853,124.48849602856683,9543752,125.77384338378906,126.02377204895019,136.5723673502604,37.18614993001477,-2.1721577798126788,-2.5693856617682718,0.397227881955593,130.7729766895958,126.02377204895019,121.27456740830459,10279790.6,0.9283994559188784,3.148484051575716,-2.0912460526157806,-0.06095614844506825,-0.11420375760532453,-1.423478674737788,-1.026392144058852
2024-12-16,123.7744140625,124.48849722055289,122.5842754657452,123.53638634314903,6652396,125.05976104736328,125.90475807189941,136.19549026489258,40.34134712701988,-2.187879724690177,-2.493084474352653,0.3052047496624759,130.75830092932364,125.90475807189941,121.05121521447518,10247353.6,0.6491818531567018,2.982582568507047,0.9708747532109596,0.09948574552680611,0.08435932473851437,-0.9225790870207029,0.12345772285153878
2024-12-17,125.44060516357422,126.86877144627145,123.53638345331123,123.7744111670941,7506148,124.53609924316406,125.80954704284667,135.890021387736,44.54137090956856,-2.0423488560647485,-2.4029373506950717,0.3605884946303233,130.6186505154014,125.80954704284667,121.00044357029192,10278948.2,0.7302447540303784,3.0292232917674706,1.3461514754033788,-0.2501633362811728,-0.0950118039959369,-0.3441333195324803,1.2083826953210197
2024-12-18,127.3448257446289,127.3448257446289,125.20257633957908,125.44060405125128,6360784,124.86933746337891,125.91665992736816,135.59645411173503,48.963545931973364,-1.753150677814645,-2.2729800161189866,0.5198293383043415,130.76411624991252,125.91665992736816,121.06920360482381,10044707.6,0.6332473032863595,2.9109601068717845,1.5180256652713053,0.03948023999278405,0.6545316375484278,0.24375226690018792,0.14620482548035607
2024-12-19,125.20256805419922,126.15467883788133,124.72651266235816,124.96454035827868,6608440,124.86933746337891,125.82144813537597,135.2870179494222,44.65006364596206,-1.6774843348003685,-2.1538808798552633,0.4763965450548948,130.645224437913,125.82144813537597,120.99767183283896,10038793.4,0.6582902682308414,2.871940503591646,-1.6822494969098045,0.7653556048109023,-1.0204294103727585,-1.9047618074468975,-2.87104581001264
2024-12-20,124.96454620361328,126.63074015299479,124.96454620361328,125.20257391066778,5600008,125.34539184570312,125.67863159179687,134.9379104614258,44.184313426439815,-1.618072454880945,-2.0467191948603998,0.4286467399794547,130.42161573268126,125.67863159179687,120.9356474509125,9995855.8,0.5602329717481518,2.7111742963636276,-0.19010939973922447,-0.14688883539788478,-1.840203207273594,0.8056318186964839,1.1523057140378157
2024-12-23,127.10680389404297,127.82088706198704,126.39272072609891,126.86877617139496,4044360,126.01186981201172,125.6191249847412,134.5848361968994,49.30936547210224,-1.3821927622046104,-1.913813908329242,0.5316211461246316,130.25238813866937,125.6191249847412,120.98586183081302,9807882.0,0.4123581421554623,2.730529837964978,1.7142923777270003,-0.042905113412716744,2.640082018191703,1.6393371476068896,0.9162933636882586
2024-12-24,125.91665649414062,128.05890584848328,125.91665649414062,127.82087814244521,4113900,126.107080078125,125.5477165222168,134.12464917500813,46.74157784170076,-1.2765757840349607,-1.786366283470386,0.5097904994354252,130.11250979984118,125.5477165222168,120.98292324459243,9709411.0,0.42370232344680847,2.652092440148668,-0.936336500833157,-0.024526060488960777,0.06795708770699349,-0.584679624845319,-2.159509415414518
2024-12-25,126.86876678466797,127.34482219474178,126.15468366955727,126.63073907963107,2885480,126.01186828613281,125.6905330657959,133.65256093343098,49.02838363904115,-1.1033277490846416,-1.6497585765932372,0.5464308275085956,130.2317480635485,125.6905330657959,121.14931806804329,9319089.4,0.30963111052459696,2.4889022082089998,0.7561432435045923,0.018390283940372676,0.4320483869864056,0.5881182323196787,0.476547330423438
2024-12-26,129.24903869628906,130.20114947858215,127.58284482727612,127.58284482727612,12183048,126.82116241455078,126.10708122253418,133.28758494059244,54.310210293647614,-0.7651393327511187,-1.4728347278248137,0.707695395073695,130.32168925749357,126.10708122253418,121.8924731875748,8910503.6,1.3672681755046932,2.601366272969691,1.876168557436264,0.2879211150416561,0.11545410278845925,0.2822545718063063,2.0968592282673004
2024-12-27,128.29693603515625,129.24904687771772,128.0589083245159,128.77299145643698,4210304,127.48764038085938,126.40461578369141,132.9543462117513,51.989539178137015,-0.5674085711813177,-1.2917494964961147,0.724340925314797,130.33171224724134,126.40461578369141,122.47751932014147,8657458.8,0.48632099756570596,2.4132025770006416,-0.7366419671175128,0.041578320025936755,0.12363018552592475,3.156412780761886,2.616123377635571
2024-12-30,127.58284759521484,129.01101379963887,127.58284759521484,128.29693069742686,4192712,127.58284912109374,126.59503746032715,132.62110710144043,50.25507650587073,-0.4629894332951068,-1.1259974838559133,0.6630080505608065,130.35073411083434,126.59503746032715,122.83934080981996,8408586.0,0.49862271730348,2.2818643939904266,-0.5565904081651141,0.26587407296438936,-0.3672522989560889,-0.23387105888642568,-1.238969338809004
2024-12-31,128.7729949951172,129.01102271229854,126.63074554048492,127.58285640921038,5598292,128.15411682128905,126.78545989990235,132.35927670796713,53.0655174073869,-0.28096280124623263,-0.9569905473339773,0.6760277460877446,130.5790765743687,126.78545989990235,122.99184322543599,7810830.2,0.7167345668326012,2.2949860977001855,0.9328427937886685,-0.14782773801352844,-0.6688153383762052,-0.23387105888642568,-1.238969338809004
2025-01-02,128.0589141845703,129.72510823529893,127.582858741505,128.0589141845703,6820648,128.39214630126952,126.7021499633789,132.01810366312662,51.19656680735711,-0.19211119918607267,-0.8040146777043964,0.6119034785183237,130.29163960753124,126.7021499633789,123.11266031922656,7147777.2,0.9542334363751572,2.2746212171793507,-0.5545268327213693,0.1251537494249222,-0.8814334035584737,-0.23387105888642568,-1.238969338809004
2025-01-03,130.20115661621094,131.6293228679427,128.7729903644792,129.2490457817231,19502980,128.58256988525392,126.7616569519043,131.75627301534016,56.18242266829288,0.05058231491427989,-0.6330952791806612,0.6836775940949411,130.5464584190918,126.7616569519043,122.97685548471681,7162662.6,2.722867331486478,2.447392879338423,1.6728569387626013,0.20975544231986998,0.3339174500631481,-0.23387105888642568,-1.238969338809004
2025-01-06,135.43775939941406,135.43775939941406,130.20115007289894,131.39128855619782,21130164,130.01073455810547,127.15440254211425,131.58965339660645,65.46914355399454,0.6578850643377052,-0.37489921047698793,1.0327842748146931,132.5747899399621,127.15440254211425,121.73401514426641,7893739.6,2.676825569467734,2.81928840562865,4.021932615114054,0.12929662335154912,2.79117234558639,-1.250242822023373,-3.5464475319510913
2025-01-07,134.00961303710938,136.627918087568,134.00961303710938,136.38989035570813,16691144,131.29608764648438,127.48764190673828,131.42700131734213,61.632665228533774,1.0122685905188007,-0.09746565027783019,1.1097342407966309,133.71651404051534,127.48764190673828,121.25876977296123,8322580.0,2.0055252097306364,2.7924906249393127,-1.0544669142768415,-0.5362688493261603,0.43978199844929566,3.6003910399968087,2.3761872514421523
2025-01-08,134.2476348876953,137.10396754488033,133.53355172339906,133.77157944483116,17483220,132.391015625,127.79707794189453,131.21277656555176,62.03200498246873,1.2973711750034909,0.18150171477843402,1.1158694602250567,134.72149193070538,127.79707794189453,120.87266395308366,8816312.2,1.9830536400469123,2.8962139844782415,0.17761550473249788,-0.034527787352645056,-1.031401095838369,-0.5919325966183719,-2.736379074684092
2025-01-09,129.01101684570312,133.53354326649347,129.01101684570312,133.53354326649347,12939612,132.58143615722656,127.96369705200195,130.8835048675537,49.76080427977883,1.0882213768767315,0.36284564719809353,0.725375729678638,134.83363576722581,127.96369705200195,121.09375833677807,9008109.8,1.4364403062671371,3.2082678588134343,-3.9007153059887223,0.5983308797275377,-1.3935772156041248,-1.2293493276538836,-1.6327553532515693
2025-01-10,127.58284759521484,130.20115230332559,127.10679219374015,129.01101379963887,7067116,132.05777435302736,128.08271102905275,130.54629872639973,47.02840029053843,0.7980281603353205,0.449882149825539,0.34814601050978156,134.83266934001148,128.08271102905275,121.332752718094,9056725.4,0.780316912335666,3.193080158916368,-1.107013405061652,-0.27125588031043923,-0.3001217089277253,-1.8864321943144469,-3.21756640634282
2025-01-13,122.82230377197266,126.63074729978577,122.34624833099602,126.63074729978577,11038356,129.53468322753906,128.09461250305176,130.13768475850424,39.28478940757882,0.18181598301049462,0.3962689164625301,-0.21445293345203548,134.80447087093032,128.09461250305176,121.38475413517321,9131455.6,1.208827648463844,3.465549372956696,-3.7313352954357004,0.8080683673291622,-2.2750412660863084,-1.8864321943144469,-3.21756640634282
2025-01-14,124.72652435302734,125.20257978948928,122.34624717071766,122.34624717071766,4107108,127.67806549072266,128.14221801757813,129.74097188313803,43.306077534107786,-0.1511396763252435,0.2867871979049754,-0.4379268742302189,134.73551643780075,128.14221801757813,121.54891959735549,9004191.2,0.45613291730188943,3.3843204723986857,1.5503866338397287,-0.12629097569892833,1.3748884512583492,-0.9910823082587283,-2.348290764294503
2025-01-15,124.4885025024414,126.39272433804281,123.77441931409089,125.44061342024212,6698992,125.72623901367187,128.0946128845215,129.32442359924318,42.92338856700795,-0.42926748096465417,0.14357626213104951,-0.5728437430957036,134.7831045617831,128.0946128845215,121.4061212072599,8963833.4,0.7473356209409246,3.28218507927245,-0.19083499024813433,-0.308884934043574,-1.2411403721450665,-1.141136436047463,1.567151864786509
2025-01-16,124.96454620361328,126.86876786004929,124.72651849655878,126.15468473888579,8670948,124.91694488525391,127.9755989074707,128.9475461324056,43.98944849881868,-0.6043069474010139,-0.006000379775363163,-0.5983065676256507,134.8035210618061,127.9755989074707,121.1476767531353,9079341.6,0.9550194696937055,3.161929116383841,0.38239973298943575,-0.47462027715259314,2.2675507006747475,-4.495744102033717,-0.31924024464743406
2025-01-17,124.01243591308594,126.15468528586477,123.53638049691287,126.15468528586477,5040712,124.20286254882812,127.91609230041504,128.57860310872397,42.28819998868262,-0.810511259694934,-0.16690255575927734,-0.6436087039356566,134.86543705670007,127.91609230041504,120.96674754413002,9000955.2,0.5600196743563395,3.089445872726249,-0.7619043316301921,0.14330122044485805,0.5341148174661026,-0.19085183603871902,-1.8948421762492118
2025-01-20,125.44060516357422,125.44060516357422,123.53638345331123,124.25046659465984,2512732,124.72652282714844,127.93989524841308,128.24933128356935,45.68166070961676,-0.8489027178954274,-0.30330258818650735,-0.54560012970892,134.8498224347086,127.93989524841308,121.02996806211753,8846591.4,0.28403391615894,2.9314159843978143,1.1516338986270913,0.2040049502909147,0.5129593209210137,2.783093818670479,2.203476780153868
2025-01-21,125.91665649414062,126.86876731829292,124.96454566998834,125.20257337602641,4234540,124.9645492553711,127.88038787841796,127.90815823872884,46.804485540959654,-0.8313317859230551,-0.4089084277338169,-0.4224233581892382,134.84083744768458,127.88038787841796,120.91993830915133,8856100.4,0.47814950246047344,2.7944567395853834,0.37950337527918876,-1.8049163113836197,0.14264713733647127,0.14469131303875837,-0.3992510712928832
2025-01-22,127.82087707519531,127.82087707519531,125.67862773873954,126.39271085089146,5323636,125.63102416992187,127.9755989074707,127.60665626525879,51.15401752815904,-0.6561878836278225,-0.4583643189126181,-0.19782356471520446,134.8747723784092,127.9755989074707,121.0764254365322,8916587.2,0.5970486107061231,2.707495752501436,1.5122864870092068,0.8293035215003464,0.9673832452960607,2.7451004881298147,-0.6146384816611783
2025-02-03,123.536376953125,125.9166539657093,122.10821074557443,125.9166539657093,11429572,125.34539031982422,127.80897941589356,127.32102292378744,42.695126852187734,-0.8532724384775889,-0.5373459428256123,-0.3159264956519766,134.97644534667583,127.80897941589356,120.64151348511129,9343791.8,1.2232263137541228,3.1081851627840296,-3.351956441004389,-0.3354747105550504,-3.5310722033439546,-4.110138831841626,-8.922423332822692
2025-02-04,127.10680389404297,130.43919201111527,125.2025821128588,125.2025821128588,13032724,125.96426391601562,127.70186767578124,127.22581202189127,50.100315676155255,-0.7131391293154081,-0.5725045801235715,-0.1406345491918366,134.8426993922283,127.70186767578124,120.56103595933419,9386275.6,1.3884872504702506,3.6141358154781944,2.890182656297857,0.4843438559004598,0.4373265659709302,5.553206615500117,-0.3488369125826174
2025-02-05,135.43775939941406,137.1039532760325,128.77298389294026,128.77298389294026,35406856,127.9636947631836,128.05890884399415,127.32102279663086,62.33179221035442,0.06935651366822526,-0.44413236136521217,0.5134888750334374,135.9948346859637,128.05890884399415,120.1229830020246,10946103.2,3.234653954294895,4.465204291013041,6.554295482337702,-0.2891986256126744,1.6127918339116087,-1.94039499885863,-2.62544264827258
2025-02-06,135.913818359375,140.67437241749673,135.43776295356284,137.5800122797176,34448608,129.96312713623047,128.47545738220214,127.43210245768229,62.8915555470813,0.7196087263313018,-0.2113841438259094,0.9309928701572112,137.14667511484112,128.47545738220214,119.80423964956316,12458898.0,2.7649803377473674,4.568058787955658,0.3514964822749489,-0.21221627178528157,0.669296009715703,2.1623913089992675,-0.8388199627429871
2025-02-07,135.913818359375,136.62790146809326,134.72367984484458,136.1518460622811,12009248,131.58171539306642,128.83249855041504,127.56301752726237,62.891555547081296,1.2208649188584104,0.07506566871095458,1.1457992501474559,138.12135659673342,128.83249855041504,119.54364050409666,12779445.8,0.9397315179348387,4.21288049932806,0.0,-0.07860262820782449,0.6933683495169651,0.8985590572072599,4.1087527494722
2025-02-10,136.86593627929688,138.5321302861753,135.1997422724185,135.43776998768683,12841352,134.24762725830078,129.27284965515136,127.72566973368326,64.12802706792637,1.6756264431527939,0.39517782359932246,1.2804486195534714,139.21905448689228,129.27284965515136,119.32664482341045,13080481.0,0.9817186386341603,4.095481501251892,0.7005306240490894,0.09726337705842081,-0.9631412824059216,5.0069237481567885,1.915277143670413
2025-02-11,136.86593627929688,138.0560748556386,136.38988084876019,137.5800194251019,7596188,136.19945373535157,129.60608863830566,127.82088101704916,64.12802706792637,2.012825626652358,0.7187073842099296,1.2941182424424282,140.11398493140422,129.60608863830566,119.0981923452071,12485141.4,0.6084182594840295,3.7715765020020946,0.0,0.11422745347031693,0.5673032792007815,5.0069237481567885,1.915277143670413
2025-02-12,137.58001708984375,138.29410022352806,136.15185082247513,138.05607251229995,9542604,136.6279052734375,129.71320152282715,127.93989473978678,65.13840671717986,2.3110385487352403,1.0371736171149917,1.2738649316202486,140.51106816484798,129.71320152282715,118.91533488080631,11905763.4,0.8015113083802757,3.554332888542207,0.5217374241971218,-0.18895087172872138,-0.40326965645153257,1.1307976473220238,-0.7118504097210376
2025-02-13,141.1504364013672,141.62649183611043,138.0560760755362,138.53213151027944,24268568,137.67522888183595,130.07024269104005,128.08271141052245,69.72940222766164,2.803164304007339,1.390371754493461,1.412792549513878,141.89014349158978,130.07024269104005,118.25034189049032,12284634.6,1.9755221697843581,3.6199518029054705,2.5951583573302184,0.16004999541816556,0.4708515817043901,1.2299727110229863,1.204465541971378
2025-02-14,139.96029663085938,143.76874007659703,139.72226891550076,141.6264906383696,20135592,138.48452453613282,130.35587577819825,128.25329780578613,66.58180863142502,3.0618480986215104,1.7246670233190708,1.3371810753024396,142.8572744123616,130.35587577819825,117.85447714403492,12417253.2,1.6215818165002869,3.676821050664243,-0.8431711589779289,-0.7319906963362488,-1.0547307799725902,-0.8836560257359238,-2.465282165335936
2025-02-17,139.48423767089844,140.43634850824247,138.77015454289042,139.96029308957046,10000684,139.00818481445313,130.879536819458,128.39214744567872,65.31181391162508,3.191651518124388,2.018063922280134,1.1735875958442539,144.00554575047863,130.879536819458,117.75352788843736,12270306.8,0.8150312916381194,3.408737439289284,-0.34013857602526176,0.15391983887540484,1.523459828704521,2.117375975567648,-1.7141194967384865
2025-02-18,141.1504364013672,141.1504364013672,138.77015922765105,139.2462146623943,7539836,139.86508483886718,131.55791625976562,128.62620798746744,67.63843960769569,3.3898933948877072,2.292429816801649,1.0974635780860584,145.351940669683,131.55791625976562,117.76389184984824,12293942.8,0.6132968180069944,3.271609403879531,1.194542665387055,0.12581943498035653,0.6840120787098725,-0.49108227496846846,-1.5666641657886449
2025-02-19,140.43634033203125,142.1025342003774,139.96028494107523,141.15042341846532,6871152,140.43634948730468,132.43861808776856,128.85233421325682,65.6074277113807,3.44961491223512,2.523866835888343,0.9257480763467769,146.13310060349863,132.43861808776856,118.74413557203849,12085582.6,0.5685412302754854,3.121028051269215,-0.5059113436287066,0.04493902906270719,-0.26210179244977594,0.694574634559797,1.1411528344483335
2025-02-20,141.62649536132812,141.8645230846245,139.96030129825368,140.19832902155002,6229440,140.53156127929688,133.2836166381836,129.11019757588704,67.36623265314243,3.5520345659157897,2.7295003818938324,0.8225341840219573,147.05979586589214,133.2836166381836,119.50743741047503,12191699.2,0.5109574881899974,2.958787215949428,0.8474694131753946,0.07610438798688612,-0.49406348495265595,-1.2524993418689623,0.3859841717670953
2025-02-21,142.34056091308594,143.29267168842432,141.38845013774758,142.34056091308594,6869432,141.0076141357422,134.17621955871581,129.36012649536133,68.41004226715941,3.6487613520916966,2.913352575933405,0.7354087761582915,147.86608672584154,134.17621955871581,120.48635239159007,12200221.2,0.56305798783386,2.818178460579736,0.5041892408168547,-0.16155224353523456,1.0336965036197743,-0.05514439042784147,-0.8873181074285696
2025-02-24,141.38845825195312,141.626485959448,139.9602920069839,140.9124028369634,8415824,141.38845825195312,134.9974151611328,129.62989133199056,65.4060263811809,3.607011911289078,3.0520844430045395,0.5549274682845384,148.32631858760368,134.9974151611328,121.66851173466195,12187465.0,0.6905311317817118,2.759790519982709,-0.6688906205127076,0.24378228572174976,-0.6950599050789652,-0.05514439042784147,-0.8873181074285696
2025-02-25,138.29409790039062,139.72226414376814,137.10395936424268,139.246208729309,16316368,140.81719055175782,135.71149826049805,129.81634623209635,56.69274665498067,3.286353125791578,3.0989381795619475,0.18741494622963062,148.05639680771563,135.71149826049805,123.36659971328046,12751247.8,1.2795899080559001,2.963084969013073,-2.18855229756334,-0.2236579215236012,-1.1864466763289783,-0.75409292054891,-1.8800305905109282
2025-02-26,138.77015686035156,138.77015686035156,136.86593515386303,137.34199058048517,11310952,140.48395385742188,136.37797584533692,129.99883422851562,57.62797497751765,3.035649628252912,3.0862804693001404,-0.05063084104722826,147.79231374180787,136.37797584533692,124.96363794886595,13191158.8,0.8574646224409034,2.8219032006764673,0.34423664291431955,0.2403748003681816,0.5017241236141778,-1.4269792891849264,0.6386817815506873
2025-02-27,134.72369384765625,139.24622067293092,134.72369384765625,139.0081929452849,17968304,139.1033935546875,136.8183277130127,130.10594685872397,48.116450912596434,2.4818404410973187,2.965392463659576,-0.4835520225622574,147.16274417472295,136.8183277130127,126.47391125130245,13877847.0,1.2947472327660048,3.0486530172895607,-2.9159461257706742,-0.0854219922061139,-1.4928761271182256,-0.41361998496789454,1.3297108548157466
2025-03-03,128.5349578857422,130.9152348836263,127.82087478637695,130.43917948404948,23057664,136.34227294921874,136.85403175354003,130.12578239440919,37.83188817116581,1.5259729335025156,2.677508557628164,-1.1515356241256485,147.07184513408552,136.85403175354003,126.63621837299452,14764548.4,1.5616911113922047,3.56254182315486,-4.593650741874855,0.010029005274558855,-1.288020531332612,0.7057592836216653,2.1752859087822873
2025-03-04,131.39129638671875,131.62932409756425,126.39271445896314,126.63074216980864,12761516,134.34284057617188,137.24677772521972,130.24876340230307,43.802286346882795,0.987539946906395,2.3395148354838105,-1.3519748885774154,145.7730736960798,137.24677772521972,128.72048175435964,14831145.6,0.8604538276530709,3.78575086521436,2.222226970748009,-0.048922726206168665,-0.7003312963471564,-1.7130771907591602,-1.3267563392547754
2025-03-05,130.43919372558594,131.1532769029158,129.72511054825608,130.20116599980932,10319900,132.77185974121093,137.41339721679688,130.40744870503744,42.34255976559911,0.47848551495974334,1.967308971378997,-1.4888234564192537,145.20385120915523,137.41339721679688,129.62294322443853,14695504.4,0.7022487775240978,3.5031421949808013,-0.7246314537688425,-0.28611765666530786,1.2170685545562776,1.4854407688832838,-1.1257026818902949
2025-03-06,129.24903869628906,131.8673433475951,129.24903869628906,131.62931565202183,7195300,130.86763610839844,137.1039611816406,130.5224952697754,40.524545327340924,-0.02074027326099781,1.5696991224509982,-1.590439395711996,145.677134342911,137.1039611816406,128.53078802037024,13284926.6,0.5416138317241437,3.3851638558241657,-0.9124213323494557,0.019216094991714172,-0.6841176310348751,2.2248349461879258,-0.6957563360846519
2025-03-07,127.3448257446289,129.01101972633433,127.3448257446289,127.82088116797333,9593756,129.39186248779296,136.6755115509033,130.5820021311442,37.73303870921673,-0.5635382599109846,1.1430516459786015,-1.7065899058895861,146.29210432284344,136.6755115509033,127.05891877896316,12042184.0,0.7966790741612984,3.1877037352689643,-1.473289837098668,0.17315585352613017,-0.6135009415062398,-1.6800358355274048,-0.31847372871297575
2025-03-10,124.96454620361328,127.8208786882673,124.96454620361328,127.5828509812128,10711180,128.6777801513672,136.12804794311523,130.5820021311442,34.5309985085175,-1.1722650987643704,0.6799882970300073,-1.8522533957943776,147.08102661398675,136.12804794311523,125.17506927224372,11977280.6,0.8942914804884842,3.143520901853638,-1.8691607822283407,-0.09403841713142569,-0.5178931508299844,2.4660176340925766,-0.4153337838732285
2025-03-11,124.25045776367188,124.25045776367188,120.20398691696225,122.3462361887497,12321732,127.2496124267578,135.49727401733398,130.49075787862142,33.609538957102856,-1.6927930093283976,0.20543203575832636,-1.898225045086724,147.6577962338467,135.49727401733398,123.33675180082126,11951299.6,1.0309951563761317,3.3591260198266237,-0.5714328276580916,0.12063354165599005,-1.7278505202805272,-1.3833522045387014,-1.1870364754322238
2025-03-12,127.82087707519531,128.05890477924595,124.01243381038503,124.25046151443567,8667308,126.72594909667968,135.0450210571289,130.4709222157796,41.950524074500805,-1.7965031593145682,-0.19495500325625256,-1.6015481560583156,147.65566907731278,135.0450210571289,122.43437303694503,12004855.6,0.7219835280650939,3.4507720130311963,2.873566323847654,0.006697012528866786,0.9390996671090779,0.0384301133949938,0.1948050255999645
2025-03-13,124.01243591308594,129.4870731990763,124.01243591308594,128.77299007481668,9176216,125.67862854003906,134.36664199829102,130.41141535441082,36.65980690398829,-2.16109185204391,-0.5881823730137841,-1.572909479030126,147.83373931925018,134.36664199829102,120.89954467733183,11986536.2,0.7655435938198727,3.7206207160924176,-2.9795141836406858,0.11408531144070366,-1.4214677219695382,-3.8033037201285813,0.09720094597001072
2025-03-14,124.4885025024414,125.44061342024212,123.29836385519053,124.96455796134175,5371160,125.10736389160157,133.53354530334474,130.36380996704102,37.71723339723816,-2.3841336144098477,-0.9473726212929969,-1.4367609931168508,147.29198497185013,133.53354530334474,119.77510563483933,11041665.8,0.4864447174266042,3.5101712292869736,0.38388616903639594,0.18871601352579148,0.029010047686051088,-0.3194834133745217,1.5862794604935004
2025-03-17,125.20256805419922,126.39270653380187,124.96454035827868,125.91665114196081,3985024,125.15496826171875,132.79565887451173,130.3162041982015,39.352684075536985,-2.47474932593056,-1.2528479622205095,-1.2219013637100504,146.68516393707793,132.79565887451173,118.90615381194554,10234137.4,0.3893854307642967,3.296042269563439,0.5735995994841536,-0.12860909638311435,0.685450337057314,0.1602385385453431,2.7724683195517352
2025-03-18,128.5349578857422,128.5349578857422,126.15468088785808,126.6307362874349,6860304,126.01186828613281,132.2481948852539,130.3638095855713,46.42316581894413,-2.251710602515402,-1.4526204902794881,-0.799090112235914,145.88857084012866,132.2481948852539,118.60781893037912,10077118.4,0.6807803310120877,3.3008886111607096,2.6615986263959,0.09233778296404704,0.691901155514496,0.23999849124787254,0.1240334987657743
2025-03-19,125.91665649414062,128.7729889665975,125.44060108206449,128.53496126055944,6882860,125.63102416992187,131.48650588989258,130.3757110595703,42.25483351179947,-2.2601719917336567,-1.614130790570322,-0.6460412011633347,144.72933424718127,131.48650588989258,118.24367753260391,10044269.6,0.6852524149690288,3.3050885142770157,-2.0370344649188965,0.0691720867479928,-1.3956737184071533,0.5387213314128614,0.5264718702882032
2025-03-20,128.0589141845703,128.29694190610297,126.63074785537437,127.82088646303765,4405756,126.44031982421875,130.86763458251954,130.46695505777996,46.48845320647052,-2.070151988132693,-1.7053350300827963,-0.3648169580498968,143.4918235881156,130.86763458251954,118.24344557692349,9920999.8,0.4440838714662609,3.1817814339683936,1.7013298717389214,0.07308017918177256,1.8962383754100642,0.5387213314128614,0.5264718702882032
2025-03-21,126.86876678466797,128.0589053098525,126.63073907963107,127.58284989977868,7518516,126.91637268066407,130.12974815368653,130.5185276031494,44.53496391563952,-1.9926249746126246,-1.762793018988762,-0.2298319556238626,141.79486966141297,130.12974815368653,118.46462664596011,9985453.6,0.7529468666300748,2.9479672567645068,-0.9293748955164438,-0.04847648711218122,-0.7514778753577311,-0.7938098761100632,-2.064075983710223
2025-03-24,124.4885025024414,128.05891844419403,124.4885025024414,127.3448352558435,5653408,126.7735595703125,129.2371452331543,130.50265922546387,40.838824982568084,-2.0990550922362274,-1.830045433638255,-0.26900965859797243,139.63088260646398,129.2371452331543,118.84340785984465,9924652.4,0.5696328467886693,3.030960414762923,-1.876162543824944,-0.0372943476917964,-0.4613378578019911,-1.1602363928692405,0.6920435972160854
2025-03-25,124.25045776367188,126.15467933859405,123.77440236994133,125.91665164172878,6199104,125.91665954589844,128.38024520874023,130.45108642578126,40.47702060981299,-2.177508980165271,-1.8995381429436584,-0.27797083722161275,137.27339490334984,128.38024520874023,119.48709551413064,9813816.4,0.6316710795608526,2.94420262194823,-0.19121825227583766,0.1100854006351959,0.753388228226104,0.5262042254117638,1.8119348917580158
2025-03-26,126.15469360351562,126.15469360351562,124.96455498461454,125.20258270839476,3527740,125.96426696777344,127.77327499389648,130.46695518493652,44.697774352667935,-2.0622559310034205,-1.932081700555611,-0.1301742304478095,135.381703526609,127.77327499389648,120.16484646118398,9174385.0,0.38452059729344257,2.8055403843342996,1.5325785305883244,0.10299623953369252,-0.05791891930048143,1.0670518293484532,0.7671122479613324
2025-03-27,125.91665649414062,125.91665649414062,124.25046255187412,124.96454566998834,3881156,125.5358154296875,127.13059997558594,130.48282368977866,44.27513121095171,-1.9674451811999774,-1.9391543966844844,-0.02829078451549294,132.73555784459109,127.13059997558594,121.52564210658079,8802895.2,0.4408953999588681,2.685365806641927,-0.18868668503377872,0.1307340140583202,-1.3860075941006245,-0.35857851148682895,-0.7612724338806887
2025-03-28,121.39413452148438,124.72652252795649,120.91807909198836,124.72652252795649,9082112,124.44088897705078,126.46412200927735,130.38761253356932,37.09788590840164,-2.2315132105835005,-1.997626159464288,-0.2338870511192126,131.39718936193503,126.46412200927735,121.53105465661967,8358585.6,1.0865608650343905,2.993794019376639,-3.591678891876149,0.06920720797163327,-1.5892536377484667,-2.1853339576962227,-0.867680294273121
2025-03-31,114.4913330078125,117.94273493840144,113.3011944110577,116.87161020132211,14660900,122.441455078125,125.76194076538086,130.19719047546386,29.292650781605914,-2.9636245998169812,-2.1908258475348266,-0.7727987522821547,132.9407124593711,125.76194076538086,118.5831690713906,7938747.4,1.8467522974720167,3.6736801648499777,-5.686272685975791,0.22469010496022346,-4.198467002028805,-4.613162229950674,-3.344797114670184
2025-04-01,116.27653503417969,117.10963200985958,114.72935493648846,115.91949347317403,9674684,120.84667053222657,125.0062026977539,130.0206532796224,33.20661585530918,-3.3610333659185585,-2.424867351211573,-0.9361660147069855,132.84202598168025,125.0062026977539,117.17037941382756,7784405.8,1.24282883608149,3.532962676476258,1.5592464333045841,0.1606192017939545,2.823117236854644,1.2144800170112102,-2.166878798668115
2025-04-02,124.4885025024414,124.4885025024414,115.80049037751003,116.27654583641038,16965676,120.51343231201172,124.70866813659669,129.94131100972493,47.58090667297317,-2.9790054117958533,-2.5356949633284294,-0.44331044846742396,132.11607107281273,124.70866813659669,117.30126520038063,8116694.6,2.0902198291407936,4.220302602936941,7.06244597488892,-0.10711050560909818,0.08482442253172628,2.014150454450192,1.388423675570527
2025-04-07,112.11105346679688,112.11105346679688,112.11105346679688,112.11105346679688,1692980,117.75231170654297,123.85176887512208,129.6715463002523,35.26291724329481,-3.6331218333546076,-2.755180337333665,-0.8779414960209424,132.84334493737492,123.85176887512208,114.86019281286924,7841578.6,0.2158978550568887,5.307922127297953,-9.942644330067186,0.39779856690886906,-9.69973559080869,-11.346345580602769,-11.194582080429171
2025-04-08,101.75684356689453,106.87443920827052,100.92374660201936,101.99487127114458,31195116,113.824853515625,122.57236976623535,129.24111289978026,28.594034869157127,-4.930179969515592,-3.190180263770051,-1.7399997057455412,135.76947572395616,122.57236976623535,109.37526380851453,8921646.6,3.4965648605718145,6.091840092295227,-9.235672647540394,-0.5500181172965579,-4.016151985134908,7.459090562138915,11.46362202123763
2025-04-09,91.99771118164062,99.85262571978846,91.87869732500202,96.52023773390756,36241856,109.32612915039063,120.92402801513671,128.628191502889,23.989062546798607,-6.668715508983723,-3.8858873128127858,-2.7828281961709376,139.85339120274844,120.92402801513671,101.99466482752499,10198180.4,3.5537570996488745,6.596680912241531,-9.590639846093785,0.3050360677505859,-5.786524331497223,-6.59176631917584,-5.42694245708163
2025-04-10,101.16178131103516,101.16178131103516,101.16178131103516,101.16178131103516,4235184,106.30317840576171,119.76959419250488,128.17990595499674,34.634469115469614,-7.223782311532901,-4.553466312556809,-2.6703159989760916,140.56863600583716,119.76959419250488,98.9705523791726,9793853.0,0.43243287396696684,6.9389994745285986,9.961193611981244,-1.489084234874749,9.247307649849002,11.708099988660026,11.396467228199514
2025-04-11,104.25614166259766,104.49416938328852,96.4012268797992,97.47235162290808,24846176,102.25670623779297,118.591357421875,127.74748903910319,37.8020617178296,-7.3294978431885625,-5.10867261868316,-2.2208252245054023,140.12678665036577,118.591357421875,97.05592819338423,10602796.4,2.343360662853056,7.092858545056696,3.0588235116664197,0.6081981557515048,2.7828390478427556,-4.498685200822649,-4.466860413832641
2025-04-14,107.58853149414062,110.20683646413077,105.92233742232871,105.92233742232871,21686924,101.35220184326172,117.77016220092773,127.28333524068196,41.11168996587709,-7.062964693756513,-5.4995310336978305,-1.5634336600586822,139.6844293000376,117.77016220092773,95.85589510181785,11228331.8,1.931446664231992,6.94057004592022,3.1963487027244053,-1.2941415741642648,-0.08029019685500405,1.6537287448687765,4.374055959313905
2025-04-15,110.20683288574219,110.92091603618977,107.58852800076775,108.06458343439947,8472072,103.04219970703124,117.05607872009277,126.88662223815918,43.64888726916763,-6.564785452065109,-5.712581917371287,-0.8522035346938228,138.97932418864724,117.05607872009277,95.1328332515383,11383377.4,0.7442494175761931,6.459479111187126,2.4336249925896114,-0.01606647441906306,1.76589192631309,0.9366459216967549,-1.4450838010078626
2025-04-16,107.11246490478516,110.2068250020345,106.87443720499674,108.54063110351562,9929864,106.06515045166016,116.15157356262208,126.43436940511067,41.379803252293925,-6.346505879966529,-5.839366709890335,-0.5071391700761936,138.15221404154448,116.15157356262208,94.15093308369967,11680619.4,0.8501145067700776,6.0425346537949025,-2.807782330670139,0.45493231013253865,-1.9623144276647686,-0.3662993412938409,-0.8064554304743066
2025-04-17,108.7786636352539,108.7786636352539,105.32726183501062,106.51740038681865,7721920,107.58852691650391,115.16375885009765,126.09716351826985,43.09520476556441,-5.9702481298238155,-5.865542993877032,-0.10470513594678366,136.58991059053758,115.16375885009765,93.73760710965772,11723700.2,0.6586589445540411,5.697050273321354,1.5555600666550484,-0.3851900465324021,-0.6640103310560974,2.1568668633551003,3.4368084790834974
2025-04-18,108.30260467529297,114.01526953728644,107.35049386496073,113.53921413212032,23504948,108.39781951904297,114.28305625915527,125.77582613627116,42.71063672397444,-5.645398491847629,-5.821514093471151,0.1761156016235219,135.29216598860373,114.28305625915527,93.27394652970682,12554804.6,1.8721874811177865,5.826080326521936,-0.43764001510187,-0.3851900465324021,0.2911195655576959,0.9356979101278418,-1.7506279081900056
2025-04-21,105.208251953125,110.08782019981972,104.73219651442308,108.3026123046875,10908520,107.92176361083985,113.14052314758301,125.48225860595703,40.19956372208325,-5.573394593870034,-5.771890193550928,0.1984955996808937,133.46959467532264,113.14052314758301,92.81145161984338,12879942.8,0.8469385438575084,5.763352774371897,-2.8571360138985535,-0.3851900465324021,-1.4891964002938463,-3.0900890957481497,-2.1090903311317577
2025-04-22,103.78008270263672,105.56529054729216,102.82797185215381,104.01811041525744,7339236,106.63641357421875,111.98608894348145,125.13315124511719,39.05818468470212,-5.567394846560504,-5.730991124152843,0.1635962775923394,131.6438810984462,111.98608894348145,92.3282967885167,12870978.8,0.5702158409273427,5.359881563807425,-1.3574688524666256,0.19087153159529358,-1.6370054958029567,-0.4905513298122721,-1.040120488218621
2025-04-23,108.18359375,108.65964916804181,106.27937207783279,106.87444135038504,9377380,106.85063934326172,111.17084350585938,124.86140276590983,44.30867871859196,-5.147970860171512,-5.614387071356577,0.4664162111850656,129.97953626864407,111.17084350585938,92.3621507430747,13057177.4,0.7181781875767422,5.2958395506871145,4.243117689528875,0.40997828226332356,4.500035126970481,2.267687170921495,3.566073001682657
2025-04-24,106.04134368896484,108.18359305641869,106.04134368896484,108.18359305641869,6126172,106.30317535400391,110.26038780212403,124.54601605733235,42.3950583836383,-4.931587731998647,-5.477827203484992,0.546239471486345,128.14333912944022,110.26038780212403,92.37743647480784,13053530.8,0.4693114908036988,4.8753609520668535,-1.9801986482216982,-0.12526095055448438,-0.8163803151391757,3.205586473238875,3.5157602985790515
2025-04-25,108.54063415527344,109.49274498119689,107.94556488907128,108.421620302033,7843740,106.35078125,109.37968482971192,124.28815269470215,45.35995321064454,-4.506482762676214,-5.283558315323236,0.7770755526470223,125.62689087303492,109.37968482971192,93.13247878638892,13269330.8,0.5911179786097427,4.68549966408888,2.356901920857757,-0.2987707483269153,2.022299672390404,3.689873494306739,2.801123590229726
2025-04-28,109.01669311523438,110.20683168636138,108.65965154389627,109.61176240079787,7049680,107.11246948242187,108.5346866607666,124.01442082722981,45.930811221100534,-4.0840911715272625,-5.043664886564042,0.9595737150367798,122.7972286063604,108.5346866607666,94.27214471517279,13427757.0,0.5250080113901376,4.2829260463554215,0.43859975912792226,0.25712712450653985,0.8135756068057276,-0.8783926472697101,-0.5790187537825342
2025-04-29,109.84979248046875,110.44486177884615,109.01669546274039,109.01669546274039,5293828,108.32641143798828,107.95746955871581,123.74663976033528,46.974857205197814,-3.640157170163633,-4.76296334328396,1.1228061731203276,120.90225920704972,107.95746955871581,95.0126799103819,13238342.8,0.39988600385842854,3.902291728656268,0.7641943095391568,-0.2862987748134538,0.9894012430566201,-0.8783926472697101,-0.5790187537825342
2025-04-30,109.25471496582031,111.63499198032619,108.54063186146854,109.4927426672709,8131388,108.54063568115234,107.69563865661621,123.43720372517903,46.28732463995335,-3.298332929008396,-4.470037260428848,1.171704331420452,120.29109620111124,107.69563865661621,95.10018111212118,12911867.2,0.6297608141446809,3.7945675140164523,-0.5417192888682476,-0.32134330087744134,0.011854303657643506,0.6135008912030449,4.248031791155338
2025-05-02,110.44485473632812,111.15893784884749,109.25471621546252,110.44485473632812,7190504,109.421337890625,107.40405464172363,123.21901168823243,47.92880049165008,-2.8979941494985724,-4.155628638242793,1.2576344887442206,119.41976670413976,107.40405464172363,95.3883425793075,12787658.2,0.5623002967032698,3.542521563217882,1.0893257749838403,0.248493598366184,2.730963815359244,3.133904990423808,-2.088609614380188
2025-05-05,106.87444305419922,111.2779557412876,104.73219363885892,111.2779557412876,12421472,109.08809967041016,106.52335166931152,122.88180567423503,43.6218777635737,-2.8361320017390597,-3.8917293109420465,1.0555973092029869,115.45209558944168,106.52335166931152,97.59460774918136,12560448.0,0.98893542650708,3.9429536351126555,-3.23275510720058,-4.382525588739094,-1.2250086251671455,3.133904990423808,-2.088609614380188
2025-05-06,107.94556427001953,108.42161968025115,106.27937033420888,106.8744395969984,5649108,108.87387390136719,106.31507720947266,122.42360242207845,45.21246428082558,-2.6698983473692977,-3.647363118227497,0.9774647708581994,114.88202022808925,106.31507720947266,97.74813419085608,12758254.4,0.44278063619737823,3.7028597299032717,1.002223904247268,-5.0295889599485495,-0.05065209940824378,3.133904990423808,-2.088609614380188
2025-05-07,107.11246490478516,109.25471420288086,106.87443720499674,109.01668650309244,5106676,108.32640838623047,106.58285827636719,121.94357986450196,44.16869591052579,-2.575690181800624,-3.433028530942123,0.8573383491414988,114.88046267954945,106.58285827636719,98.28525387318493,11453832.4,0.44584867506879183,3.526515365634052,-0.7717773035586961,2.8038417507629143,0.11645894015797076,2.7373142811993656,0.0
2025-05-08,110.44485473632812,111.27795170093405,107.8265499904238,108.18359154668347,9967012,108.56443634033204,107.50521545410156,121.51909713745117,49.218718177127705,-2.2066961033339965,-3.187762045420498,0.9810659420865013,112.3656308590512,107.50521545410156,102.64480004915193,10140090.2,0.9829312958182562,3.6117115563693654,3.111113010521427,1.3780265518076762,-0.015038304424519477,-1.9555086123559384,-0.9373017188480159
2025-05-09,110.56387329101562,111.6349980053527,109.73077629097568,111.03992871960989,7482616,108.58824005126954,107.97532005310059,121.08072942097982,49.39477563652772,-1.8829562870294154,-2.9268008937422816,1.0438446067128662,111.99915808536679,107.97532005310059,103.95148202083439,10302461.8,0.726293981502557,3.3840462441037187,0.10776287856200106,-0.40045240590582676,1.809041662083355,1.221641138979468,3.327901953190193
2025-05-12,115.44344329833984,115.44344329833984,111.51598594901488,111.75401366715579,9837188,110.30204010009766,108.5346851348877,120.7236878712972,56.11278168952964,-1.2186023416249725,-2.58516118331882,1.3665588416938474,113.40330290984129,108.5346851348877,103.6660673599341,9552012.4,1.0298550282451475,3.583449412533119,4.41334937179767,-0.07465812307537734,1.0255778120184855,2.044325031414429,2.0524152554168396
2025-05-13,114.372314453125,118.0617439516129,114.25330059833506,117.82371624203303,13189368,111.58739013671875,108.87387428283691,120.33689282735189,54.40539516192354,-0.7696560832582833,-2.2220601633067125,1.4524040800484292,114.36976862060988,108.87387428283691,103.37797994506394,9127134.6,1.4450721478348747,3.613448604632415,-0.9278386148330098,0.48501607250679424,0.9493892029855955,2.8240447648846034,2.784647773787041
2025-05-14,116.63358306884766,116.75259692912199,114.84837516473264,116.15752762775033,9096824,113.49161376953126,109.1952117919922,119.92827860514323,57.355441246153916,-0.22876045185059013,-1.8234002210154883,1.5946397691648981,115.6815408182907,109.1952117919922,102.70888276569369,9158372.2,0.9932795699218253,3.449026454147692,1.9771118793346032,0.10495309053717428,2.1224825639188705,-2.1830983115246116,-1.745935701446777
2025-05-15,116.39554595947266,117.34765676486711,115.80047670610112,117.34765676486711,6865748,114.68175201416015,109.65936584472657,119.53553276062011,56.93780969929658,0.1786364181836575,-1.4229928931756592,1.6016293113593167,116.81246459115115,109.65936584472657,102.50626709830198,9005166.4,0.7624232240727945,3.1954469347634644,-0.2040896825012184,-0.2803567472373425,-0.2415620287910758,-2.2798132016848105,-2.42033602991667
2025-05-16,118.53779602050781,118.65680987193403,115.80047743770493,116.6335743976884,7472876,116.27653656005859,110.14732246398925,119.18642539978028,59.77644318767892,0.6666780002225892,-1.0050587144960097,1.6717367147185989,118.30796299251698,110.14732246398925,101.98668193546153,8992714.2,0.8309922714990765,3.1502316680255498,1.8404914409534623,-0.5692240792755765,0.5220347355644694,-0.5402775850749442,-2.0408160082762916
2025-05-19,114.25330352783203,118.06174697875976,114.25330352783203,118.06174697875976,9857456,116.03850860595703,110.44485740661621,118.73813985188802,52.344563140081156,0.6996664140826709,-0.6641136887802737,1.3637801028629446,118.75486167104357,110.44485740661621,102.13485314218885,8310339.6,1.1861676507179082,3.301466444645581,-3.614452635794352,0.1180119416830605,-1.4643102104449635,2.765434525666466,-0.32052011687984105
2025-05-20,113.30119323730469,115.20541497238544,113.30119323730469,114.72935953861526,7580784,115.82428436279297,110.8495044708252,118.28588740030925,50.832118837108524,0.6415868130012825,-0.40297358842396247,1.044560401425245,118.86893671777166,110.8495044708252,102.83007222387873,8143952.8,0.9308482239730074,3.115167150036937,-0.8333328325122902,-0.18806606512049573,0.010217599479345196,-0.7688669112684177,0.19293204808856768
2025-05-21,116.39554595947266,116.51455981014696,113.53921354328928,113.53921354328928,6533976,115.77667694091797,111.48027763366699,117.86537157694498,55.34774941587276,0.8356142736033405,-0.15525601601850186,0.9908702896218424,119.13469501428023,111.48027763366699,103.82586025305375,8103689.8,0.8062964108028913,3.1282604064109827,2.73108573153944,0.0016576947628355043,1.2909062583843056,0.6295522660473729,-1.0911498105995232
2025-05-22,116.15752410888672,116.3955518222246,114.84837168552836,114.9673855421973,4460696,115.72907257080078,111.87897415161133,117.42898763020834,54.92984498163728,0.9591199224772424,0.06761917168064699,0.8915007507965954,119.64031332684344,111.87897415161133,104.11763497637922,7857855.6,0.5676734502476732,2.9174497037823506,-0.20449395088435462,-0.41198726278828257,-0.6097494339192711,0.048113065163679636,0.0
2025-05-23,114.4913330078125,116.87161020132211,114.4913330078125,116.87161020132211,4796868,114.91977996826172,112.30147361755371,116.98070220947265,51.97158949099644,0.9120379364952811,0.23650292464357384,0.6755350118517073,119.63285829207297,112.30147361755371,104.97008894303445,7791390.4,0.6156626421902822,2.8458267024126522,-1.4344237395352177,0.08260363716483532,-0.08638612371177912,-1.250601723197442,-0.2595663574668672
2025-05-26,114.372314453125,115.44343914623438,113.89625903396526,114.84836987228472,3563304,114.9435821533203,112.59305763244629,116.58200581868489,51.75716601156919,0.8552623882836912,0.36025481737159737,0.4950075709120938,119.75660202813611,112.59305763244629,105.42951323675646,7577368.6,0.47025612558956154,2.6726738237268477,-0.10395420470769023,-0.25093902970623194,-0.5342168783596057,0.26790190245054024,-0.9108747779647319
2025-05-27,114.01527404785156,115.68146803184939,113.18217705585265,115.20541260785001,5273608,115.08639831542969,112.84298667907714,116.16942443847657,51.07637504427411,0.7725516855515764,0.44271419100759324,0.32983749454398315,119.82771852825124,112.84298667907714,105.85825482990305,7488565.0,0.7042214362831865,2.649556110696167,-0.3121738044566502,-0.1885106866633124,-0.9287980727548772,1.0930318688923357,3.118858716814654
2025-05-28,115.44344329833984,117.10963732532619,114.37231856670576,115.91949873462165,9395988,114.89597778320312,113.1226692199707,115.84808692932128,53.699825798880916,0.8128738764921195,0.5167461281044985,0.296127748387621,120.05048488418889,113.1226692199707,106.19485355575252,7693673.0,1.2212616782647248,2.708863732933295,1.2526122157009212,0.16646820635146664,0.09927402266578511,1.3214802776898793,-0.22286719580363323
2025-05-29,116.63358306884766,117.466680090768,116.03851376747599,116.39555534829898,12524360,114.9911895751953,113.49161262512207,115.64973068237305,55.82565038466936,0.9301417413835651,0.5994252507603118,0.33071649062325326,120.33754961662952,113.49161262512207,106.64567563361463,7913321.6,1.5826931638921387,2.617446807532609,1.0309288570266695,-0.049388342657963324,-0.04878761184228253,2.5136320470837026,2.2335707900574153
2025-06-02,114.01527404785156,116.63357887984816,113.30119091185249,116.63357887984816,8704368,114.89597778320312,113.67013359069824,115.3601303100586,50.34867870083355,0.8025504117303655,0.6400502829543226,0.1625001287760428,120.36611268400094,113.67013359069824,106.97415449739555,7989014.8,1.0895421047411253,2.7127728541276173,-2.2449014701456327,0.07001895010041448,-1.6142080316433494,-2.9784252837181113,-4.000002793845403
2025-06-03,115.91949462890625,116.15752233861653,114.61034222549972,114.96738379006514,7132696,115.20541381835938,114.1223861694336,115.11813532511393,53.89164763036589,0.8453434572231799,0.6811089178080941,0.1642345394150858,120.06525829799648,114.1223861694336,108.17951404087071,7724576.0,0.923377024188771,2.636702912345931,1.670145159898051,0.38934277980975374,0.5914415066209822,0.0,-1.8229114246696043
2025-06-04,120.20399475097656,120.6800501757329,117.10963449006033,117.58568991481668,14050128,116.44315795898437,114.73530769348145,114.96738459269206,60.688712162825084,1.2110207139172076,0.7870912770299168,0.4239294368872908,120.52238206873356,114.73530769348145,108.94823331822933,8144627.0,1.7250793682755514,2.9198832636100267,3.6960997248877803,-0.0713650479945871,2.324806129025947,0.4592787383701946,2.2877995005497143
2025-06-05,119.01385498046875,121.39413208007812,118.53779956054687,120.44202124023438,11173196,117.15724029541016,115.33037719726562,114.82853507995605,58.12546366266168,1.388779258535351,0.9074288733310036,0.48135038520434725,120.1904112471019,115.33037719726562,110.47034314742933,8447953.0,1.3225921119589563,2.91140983106619,-0.9901000153725303,-0.07976061250243305,0.26061434732305155,-1.0827807253798283,-2.301464411653309
2025-06-06,117.4666748046875,119.72793804814147,117.10963323993161,119.72793804814147,7140676,117.32385864257813,115.6814682006836,114.70357055664063,54.880368645502344,1.3888004488885457,1.003703188442512,0.38509726044603365,120.04458664085256,115.6814682006836,111.31834976051464,8306636.2,0.8596350951303248,2.8723291613520123,-1.3000000512840781,0.011020349999935064,-0.06352892070761174,1.2649055736691395,0.43131882030549296
2025-06-09,119.72793579101562,121.15610202311522,118.89483882229086,118.89483882229086,11666564,118.46639099121094,116.1396713256836,114.6281951904297,58.52490940654729,1.5533757570616586,1.1136377021663415,0.43973805489531714,120.1504445077108,116.1396713256836,112.12889814365639,8515833.6,1.3699849654178307,2.9812755689621073,1.9250234077775152,-0.09216583404251244,0.5984531649308789,1.1770303926861292,1.519659984190458
2025-06-10,118.29977416992188,118.29977416992188,117.10963559678383,117.82371874066666,15380580,118.94244689941407,116.2824878692627,114.46951014200846,55.47700309716635,1.5506868149782917,1.2010475247287316,0.3496392902495602,120.3911004341114,116.2824878692627,112.173875304414,8793003.2,1.7491839420688486,2.932878852331399,-1.1928390911095321,-0.013037526208137251,2.073637303314224,0.7122605187238173,0.4230377157919074
2025-06-11,117.70470428466797,118.77582899504412,116.63357957429182,118.77582899504412,12645136,118.44258880615234,116.44910736083985,114.36438128153483,54.21017704453254,1.4834384870012087,1.257525717183227,0.2259127698179817,120.50144931376208,116.44910736083985,112.39676540791761,8765791.6,1.4425549427846311,2.82746159478752,-0.5030186147263249,-0.08323425859342315,1.0248967858730973,2.003763964828642,2.462736454848913
2025-06-12,115.91949462890625,118.53779943571934,115.91949462890625,117.8237163065885,15011268,117.82371673583984,116.41340293884278,114.22156448364258,50.485596071601094,1.2714358815794782,1.2603077500624773,0.011128131517000872,120.47148052195611,116.41340293884278,112.35532535572945,9061513.8,1.6565960535203288,2.7995740230575956,-1.5166850523189002,-0.2723416236173337,-0.8112082280176014,-1.1093219543732435,-2.4667992046464526
2025-06-13,117.03524017333984,117.53167809560215,114.92537900372501,116.04236432881522,13257068,117.73742980957032,116.44538764953613,114.08544235229492,52.67414220886538,1.1798530189779086,1.2442168038455637,-0.06436378486765504,120.51294535916006,116.44538764953613,112.3778299399122,9381079.8,1.413170795114652,2.7738040322335342,0.9625176058655427,-0.9470802353383045,-0.9640740581055907,-2.734276123599755,-3.1776802859828535
2025-06-16,119.02099609375,119.39332454868354,116.41469690921534,116.9111348491267,8239072,117.59604187011719,116.46954765319825,113.92687632242838,56.37030990964221,1.2530623251891484,1.2459859081142806,0.007076417074867836,120.59476622161576,116.46954765319825,112.34432908478074,9419389.6,0.8746927720242085,2.8011138465314898,1.6967162347589326,-0.06841860324496851,-0.10442115322505385,0.14416104954702025,1.2391058331131521
2025-06-17,118.15222930908203,119.6415431239024,118.15222930908203,119.14510518562894,11020628,117.56653289794922,116.66449394226075,113.7974692026774,54.36965681351342,1.2268367979430792,1.2421560860800402,-0.01531928813696104,120.71658586583541,116.66449394226075,112.61240201868608,9477548.2,1.1628142392354175,2.6262071756366727,-0.7299273348238988,-1.694628077349214,0.7332888142830063,1.1276319585431072,1.1247182022647628
2025-06-18,117.28346252441406,118.64866685009507,117.28346252441406,117.5316814927197,6843928,117.48228454589844,116.86360740661621,113.61787834167481,52.36807804060871,1.1230053530566124,1.2183259394753547,-0.0953205864187423,120.59881090522808,116.86360740661621,113.12840390800434,9440705.4,0.7249382021813751,2.45807346230925,-0.7352944500059411,2.213760753044025,0.6534454580739535,0.8778247307904552,1.3411838698542677
2025-06-19,114.42894744873047,117.90401309793269,114.30483796125895,117.28346566057516,10800396,117.18417510986328,116.7652774810791,113.41054801940918,46.33253964575562,0.8011475442955174,1.1348902604393873,-0.33374271614386997,120.65279872335131,116.7652774810791,112.87775623880688,9654026.4,1.1187452315232946,2.6102203522245153,-2.43385982494283,-0.3555156620861588,-1.579973732043427,-2.0931286284358697,-0.9683647164807074
2025-06-20,113.0637435913086,115.42182386379471,111.94675819907832,114.42894795959003,35496040,116.38987579345704,116.6105884552002,113.2201353708903,43.73631978867608,0.43094470784451744,0.9941011499204133,-0.5631564420758959,120.83182092113567,116.6105884552002,112.38935598926473,11205793.6,3.1676507052566096,2.7255330605567663,-1.1930581272134422,0.1001978324495223,0.19197052457564645,-0.8647704562750547,2.9009042539542618
2025-06-23,112.81552124023438,112.81552124023438,110.95387897554403,111.69853588142017,6514400,115.1487808227539,116.52679786682128,113.02955309549968,43.26165550165217,0.11618748651837052,0.8185184172400047,-0.7023309307216342,120.98502954447532,116.52679786682128,112.06856618916724,11291670.2,0.576920852683069,2.643443934584473,-0.21954195322902992,-0.1295159830334014,-1.423044541892171,-0.6299917910087438,-1.2986932279929753
2025-06-24,117.53168487548828,118.64867026501246,114.8012761455403,115.04949512099012,12659076,115.02467193603516,116.68476638793945,112.88583628336589,53.57168498634496,0.24447693374443702,0.7037101205408912,-0.4592331867964542,121.04436823075152,116.68476638793945,112.32516454512738,11746458.8,1.0776929639424606,3.0687379466102875,4.18042090610129,0.4770922482972173,2.101692545040379,1.2435955717936098,0.44928666685848384
2025-06-25,118.40045166015625,119.39332756506322,117.53168524336265,118.89688961260974,8259048,115.2480697631836,116.90402526855469,112.76056620279948,55.18710433863065,0.41150588024841284,0.6452692724823955,-0.23376339223398268,121.13760050387303,116.90402526855469,112.67045003323635,11895730.8,0.6942867267978189,2.907791912338907,0.7391766616707152,-0.727242575527054,1.0899645222608445,0.8670555778443667,1.5654976563831413
2025-06-26,118.89688873291016,119.51743616888568,118.15223180973953,119.02099822010526,7392644,116.14165802001953,117.0766975402832,112.71894543965658,56.12650375164254,0.5772813070424405,0.6316716793944045,-0.05439037235196398,121.3410392214339,117.0766975402832,112.81235585913251,11795563.6,0.6267308838044839,2.702113571913206,0.41928646875337705,-0.3944568587657682,0.27520638301874456,1.1461285328474569,0.0943683278643137
2025-06-27,121.75140380859375,123.11660813264525,119.51743309650946,119.64154258051414,19445620,117.87919006347656,117.33258857727051,112.83994661966959,61.16728499607622,0.9282942394052185,0.6909961913965673,0.23729804800865117,122.07264900723332,117.33258857727051,112.5925281473077,12141626.6,1.601566300844732,2.9044610156227915,2.400832440700751,-1.7820919230510768,0.39008940370151013,2.148256806151494,5.311127734872079
2025-06-30,120.38619995117188,121.99962324948655,120.38619995117188,121.75140428051506,6297140,119.39332580566406,117.65113487243653,112.9084410349528,57.74987932025375,1.0838203688477392,0.7695610268868017,0.3142593419609375,122.30809012511793,117.65113487243653,112.99417961975513,12021265.2,0.5238333815312551,2.7323226533150424,-1.121304407765289,0.957698278482022,-1.4351611940869091,-0.4391116443399512,1.1936711152533475
2025-07-01,121.50318145751953,122.74427626301004,121.13085301587239,121.3790719769705,5869036,120.18762512207032,117.9303192138672,112.8586856842041,59.7321759991501,1.2824240335173727,0.872133628212916,0.4102904053044567,122.81413049738117,117.9303192138672,113.04650793035321,11958082.2,0.4908007740572314,2.682423141118125,0.927831850162808,0.3835740796985343,1.3376209140048223,-1.717725824914318,-3.5092874054519663
2025-07-02,123.24071502685547,123.48893398964873,121.13085384311272,121.37907280590599,9477996,121.15567779541016,118.08215522766113,113.04418004353842,62.66652032829647,1.562017342894805,1.0101103711492938,0.5519069717455112,123.43034291563454,118.08215522766113,112.73396753968773,11729475.6,0.8080494237952122,2.6391774085071766,1.4300313362110684,0.06608253165516498,0.10649919614669212,-0.7557921709203441,-1.8643016915857236
2025-07-03,123.9853744506836,124.60592187035668,123.11660806314126,124.10948393461821,9249304,122.17337493896484,118.33073120117187,113.41465555826822,63.88129100766028,1.8226741935341266,1.1726231356262604,0.6500510579078662,124.28863461757328,118.33073120117187,112.37282778477046,11633281.0,0.7950726884358763,2.4858622616682764,0.6042316645646251,-0.8820979000624507,0.5989548437806524,2.64160961084583,1.6817172167155503
2025-07-04,121.130859375,125.59880090932377,121.130859375,124.60592501280738,11148680,122.0492660522461,118.5139404296875,113.90020802815755,56.316593871971364,1.7784107035983396,1.2937806492206763,0.4846300543776634,124.58426035919679,118.5139404296875,112.4436205001782,11833681.2,0.942114276325105,2.7501394980223424,-2.3022998384531257,-0.17605120273233021,-0.7285295494271593,-1.2056576605923408,-0.8269516205805627
2025-07-07,120.26209259033203,121.8755159171373,119.39332618359073,121.50318745710533,5681872,122.02444458007812,118.54064826965332,114.21854654947917,54.2124639251636,1.6541612092466522,1.3658567612258716,0.2883044480207806,124.63809742200972,118.54064826965332,112.44319911729691,11534446.6,0.4926003125282144,2.7144128627589073,-0.717213424515073,-0.05568275052999505,-0.526795861514584,-2.0887191463797583,-2.038297252571064
2025-07-08,119.5174331665039,120.63441852320021,118.89688574611708,120.38619955504548,4252544,121.627294921875,118.60153121948242,114.4729014078776,52.405086776882285,1.478560868360944,1.3883975826528863,0.09016328570805765,124.71315367643687,118.60153121948242,112.48990876252797,10978044.8,0.3873680675815788,2.584162184668804,-0.6191971283626141,0.57887679791917,-0.2962771383824059,1.7018188488238994,3.02648191246373
2025-07-09,121.75140380859375,122.99249864864058,120.6344184525516,120.6344184525516,8348844,121.32943267822266,118.80386619567871,114.70894927978516,57.03303771570114,1.5023410414706433,1.4111862744164378,0.09115476705420544,125.05678590010379,118.80386619567871,112.55094649125363,10763230.2,0.7756820066897762,2.7029492909978527,1.8691588188457953,0.13347628020465852,0.7366883497436749,1.4848119494173195,0.5201955547422754
2025-07-10,122.12373352050781,122.37195249107795,121.0067481529422,122.12373352050781,6674960,120.9571044921875,119.11407814025878,114.90756429036459,57.7700649510523,1.5335530510799629,1.435659629749143,0.0978934213308198,125.38006928125573,119.11407814025878,112.84808699926184,10346414.8,0.6451471479763212,2.5245832972829065,0.30581143236705355,0.3384095530795994,0.7379596142790046,-1.0218347230120495,-1.6133902279271362
2025-07-11,120.88263702392578,122.74427927788768,120.63441805673087,122.12373185990039,6896512,120.90746002197265,119.30644798278809,115.13706715901692,54.419151645995576,1.4415256679858004,1.4368328373964745,0.004692830589325903,125.5398668091245,119.30644798278809,113.07302915645167,10028387.0,0.687699028767039,2.469287020466095,-1.0162615085573146,0.12805520532523929,0.25461005750608834,1.7831991301958006,3.0012322579103357
2025-07-14,121.25496673583984,121.75140467539293,119.88976240206888,121.62729519050465,4646708,121.10603485107421,119.41814651489258,115.34500554402669,55.257619185521826,1.3826983144551974,1.426005932808219,-0.04330761835302166,125.70981828779243,119.41814651489258,113.12647474199274,9848768.8,0.4718059784284915,2.3882677208471557,0.3080092568135795,-0.10259100165578294,-0.5980326954644122,-2.097744442073457,-0.0901162268067246
2025-07-15,124.10948181152344,124.85413870239258,121.13085424804687,121.99962062072754,10677328,122.02444458007812,119.71600914001465,115.6084534962972,61.156994261117006,1.5485618661372484,1.450517119474025,0.09804474666322349,126.31203701473792,119.71600914001465,113.11998126529137,9831603.8,1.0860209806257652,2.566269951980295,2.354142805467352,0.45562082851131613,0.9770905870307711,0.7534669933970006,1.4732434091044633
2025-07-16,124.60591888427734,127.08810850348605,124.1094809604356,124.35769992235647,12527004,122.59534759521485,120.0821319580078,115.93174794514974,62.09309333071032,1.7004663313370543,1.500506961846631,0.19995936949042337,126.91816710624147,120.0821319580078,113.24609680977414,10115757.6,1.2383653795737455,2.6212509641229826,0.39999931150127566,0.14311890542244576,0.9062948249833447,-0.30380651764122524,-2.103709012563515
2025-07-17,126.5916748046875,127.08811274509804,123.48893767712164,125.35057995366115,9820180,123.48893585205079,120.69026832580566,116.31194114685059,65.65824353518971,1.9585091472233245,1.5921073989219696,0.36640174830135486,127.5726347294646,120.69026832580566,113.80790192214673,10066746.8,0.9755068042438496,2.751640844636772,1.5936288887322902,0.04389327295191148,0.3054255543222917,0.8438794912337899,0.48426656067541707
2025-07-18,127.0881118774414,128.32920671999454,126.34345497190952,127.83276878297329,7772236,124.7300308227539,121.3914867401123,116.62701644897462,66.50633974086216,2.177962069778715,1.7092783330933188,0.4686837366853964,127.84663518777654,121.3914867401123,114.93633829244806,8680556.6,0.8953614794701068,2.6495222984298725,0.39215617734722485,0.007486413359902855,1.1675174216255968,0.650862116387585,0.9036126328488381
2025-07-21,127.33633422851562,128.32921012893289,126.83989627830698,126.83989627830698,5842524,125.94630432128906,122.11752738952637,116.98193295796712,66.94589090468425,2.3448792528376714,1.8363985170421895,0.5084807357954819,127.72163864259778,122.11752738952637,116.51341613645496,8646962.8,0.675673544010158,2.494827838722677,0.1953151615893045,-0.08570458320372731,-0.182055656943525,0.650862116387585,0.9036126328488381
2025-07-22,125.35057830810547,128.57742487841313,125.10235934115873,127.58454901062616,10530488,126.19452362060547,122.50847206115722,117.26209869384766,60.145700465696564,2.290524673231914,1.9272237482801344,0.3633009249517798,127.8503564300971,122.50847206115722,117.16658769221735,8540533.4,1.2330012080978454,2.625526198526906,-1.5594574262256966,-0.15113747849135883,-1.5108489973571504,-0.946881483677009,-1.1343290530570815
2025-07-23,131.8042755126953,132.79715141109602,126.59167704609155,126.59167704609155,19684712,127.63419494628906,123.17866325378418,117.64189173380534,70.59852518918291,2.7366611793401745,2.0891112344921425,0.647549944848032,129.60390486552518,123.17866325378418,116.7534216420432,9111816.6,2.1603498911512333,3.2683324524553923,5.148518093571908,0.22295619800545285,1.4387991654924104,4.103516858753897,9.601448120741507
2025-07-24,132.3007049560547,132.7971428733382,130.5631722455624,132.7971428733382,8721436,128.7760009765625,123.8488540649414,118.01607360839844,71.22373606692787,3.0946125151705957,2.2902114906278332,0.8044010245427624,131.13247164077322,123.8488540649414,116.56523648910961,9178256.2,0.950227996468436,3.130417542498112,0.37664138088719934,-0.5605654715466812,0.23612215902308886,1.1646253123178463,1.5151587711526693
2025-07-25,131.55606079101562,133.29359366938752,131.30784180839106,132.3007177388893,6659192,129.66959075927736,124.3390869140625,118.38776270548503,68.8584135563785,3.2803906652321047,2.488247325548688,0.7921433396834168,132.315206887828,124.3390869140625,116.36296694029703,8538934.8,0.7798621439292404,2.9777954516312253,-0.5628421747914336,0.5363622959012604,-0.040000501364123586,-2.0146148448369483,-1.4654053463913241
2025-07-28,132.052490234375,133.04536610079887,130.56317643473918,131.80427126776902,5620860,130.61282196044922,124.92240142822266,118.74788996378581,69.58362800696607,3.4281611866567516,2.6762300977703006,0.751931088886451,133.3735487899076,124.92240142822266,116.4712540665377,8505120.8,0.6608795021465186,2.9117146802216882,0.3773520128031116,0.27559243417745183,0.20800726399519132,1.1070894088022643,1.679976652722992
2025-07-29,132.79714965820312,134.78290142879308,131.30783583026064,131.5560548015844,10485012,132.10213623046874,125.48709983825684,119.17993507385253,70.68638528618531,3.564271478714687,2.853838373959178,0.7104331047555092,134.46891649079333,125.48709983825684,116.50528318572034,8735919.6,1.2002184635490465,2.986828135996455,0.5639116858049853,0.6277126261405197,-0.9031782082688844,-0.5586557970433614,-2.4377050148500556
2025-07-30,129.8185272216797,133.79003092253413,128.57743231516267,133.54181194123072,19266612,131.70498657226562,125.81599044799805,119.5444844563802,61.13807102748661,3.3926812114167433,2.9616069414506914,0.4310742699660519,134.93218231334245,125.81599044799805,116.69979858265366,9225350.4,2.088442299167303,3.283597532179789,-2.242986723879159,0.10959038727660353,1.1214833214890696,-3.0786448194715654,0.36090920410511984
2025-07-31,131.55606079101562,131.8042797736402,129.57030893001917,129.8185279126437,11250340,131.55605773925782,126.19452476501465,119.95187772115072,64.17786937604941,3.3581880250600733,3.0409231581725678,0.31726486688750555,135.6143249654591,126.19452476501465,116.77472456457019,9325402.2,1.2064187429899806,3.1436473070386204,1.3384326617485787,0.46648917126204115,0.34438577266941994,5.14721434318266,2.738588658616825
2025-08-04,132.79714965820312,133.2935876008506,130.81139788761317,132.0524927442319,6898100,131.8042755126953,126.7778392791748,120.32441596984863,66.21093304609228,3.391897739968684,3.1111180745317912,0.2807796654368926,136.32141084913377,126.7778392791748,117.23426770921584,9112873.2,0.7569621401074691,3.055452961198462,0.943391630704915,-0.30428543721531254,-0.23658148505263377,-1.6244429900783564,-5.063962582458492
2025-08-05,136.5204315185547,139.49905911532315,134.78289875377308,134.78289875377308,16284380,132.69786376953124,127.59075622558593,120.75702527364095,71.44652971656409,3.6766683175465715,3.2242281231347474,0.45244019441182415,137.5578106008905,127.59075622558593,117.62370185028138,9642998.6,1.6887257455372855,3.5416471606546702,2.8037362774236074,0.23176060718361757,1.204718422705664,1.276981621170048,1.824817365577136
2025-08-06,134.28646850585938,136.76865831188266,133.54181156405238,136.52043933128033,9908428,132.9957275390625,128.3292079925537,121.07107569376628,64.94425288137202,3.6796719392225157,3.315316886352301,0.36435505287021464,137.96055067484235,128.3292079925537,118.69786531026504,9925792.8,0.9982505377303462,3.499673772278085,-1.636358007256733,0.1783585840453794,-0.9012052115274116,0.5869602630479642,-0.24813640929360892
2025-08-07,135.2793426513672,136.76865651541894,135.03112367402522,135.77578060605111,8463832,134.087890625,129.00560493469237,121.41952616373698,66.4075383293285,3.719295256254469,3.396112560332735,0.3231826959217341,138.5918859904389,129.00560493469237,119.41932387894585,9931542.2,0.8522172920938704,3.3640090039156156,0.7393702109788514,-0.07582910609321702,2.3730184169192814,1.9667096183160648,3.758980768953557
2025-08-08,135.2793426513672,136.52043753807698,135.03112367402522,135.2793426513672,6037780,134.83254699707032,129.66338539123535,121.73028882344563,66.4075383293285,3.7079540344845725,3.4584808551631028,0.24947317932146973,139.06501855815108,129.66338539123535,120.26175222431961,9899683.2,0.6098962843578671,3.114049651933767,0.0,-0.3563459079548914,0.07286453218204869,2.077152526035553,1.4917444537545066
2025-08-11,134.53468322753906,135.03112117302814,132.0524935000937,134.53468322753906,7589712,135.1800537109375,130.34598770141602,122.03260777791341,64.08088756477349,3.5974095444793193,3.4862665930263463,0.11114295145297293,139.01735543081412,130.34598770141602,121.67461997201792,9934343.2,0.7639872961103257,3.1290895851790625,-0.5504605575643695,0.1439209000700048,0.4755796968586967,2.077152526035553,1.4917444537545066
2025-08-12,134.53468322753906,135.03112117302814,133.5418073365609,134.53468322753906,5412888,134.78290405273438,131.00997352600098,122.29922256469726,64.08088756477349,3.4698044933985273,3.4829741731007826,-0.013169679702255355,138.73206625335274,131.00997352600098,123.28788079864921,9972652.2,0.5427731651967167,2.910452818684152,0.0,0.3249476487076741,0.09471266391829491,-0.9136255757229428,0.6824120156242897
2025-08-13,135.52755737304688,136.5204332512377,134.53468149485604,135.27933840349917,11239476,135.03112182617187,131.58087730407715,122.65379346211752,65.92688678346437,3.4094907300179216,3.4682774844842106,-0.058786754466289004,138.8286581893401,131.58087730407715,124.33309641881418,10000759.6,1.123862231424901,2.7871593437104862,0.7380060826609025,-0.23340628022624488,0.8761363011638768,1.6974124435986448,3.9624633540440213
2025-08-14,135.52755737304688,135.52755737304688,135.52755737304688,135.52755737304688,0,135.0807647705078,132.12695922851563,123.02423286437988,65.92688678346437,3.323381761785015,3.4392983399443717,-0.11591657815935674,138.78367228034872,132.12695922851563,125.47024617668252,9374409.4,0.0,2.4155380978824215,0.0,0.20617018015440802,-0.541320542258239,-1.7308933714739072,-3.1594770424557383
2025-08-15,135.52755737304688,135.52755737304688,135.52755737304688,135.52755737304688,0,135.13040771484376,132.5737533569336,123.3430997212728,65.92688678346437,3.2180441740038646,3.3950475067562706,-0.1770033327524061,138.85511057421598,132.5737533569336,126.2923961396512,8883400.4,0.0,2.0934663514980985,0.0,0.4652728781409321,0.39764198071750023,0.6500278671424109,-0.6991252799552372
2025-08-18,135.52755737304688,135.52755737304688,135.52755737304688,135.52755737304688,0,135.3289825439453,132.99572563171387,123.66593360900879,65.92688678346437,3.098841856807752,3.335806376766567,-0.23696451995881507,138.8444297444692,132.99572563171387,127.14702151895854,8494788.6,0.0,1.8143375046316854,0.0,-0.2992125774545329,0.6083510296844397,1.8125001102816007,0.3129106989349095
2025-08-19,135.52755737304688,135.52755737304688,135.52755737304688,135.52755737304688,0,135.52755737304688,133.40528678894043,124.01653734842937,65.92688678346437,2.970135290835799,3.262672159580414,-0.29253686874461504,138.70695520805876,133.40528678894043,128.1036183698221,8202662.4,0.0,1.5724258373474607,0.0,0.12037876283805815,-0.5269863303297595,-0.7571068801660807,1.7416204487505027
2025-08-20,135.52755737304688,135.52755737304688,135.52755737304688,135.52755737304688,0,135.52755737304688,133.9141357421875,124.36912473042806,65.92688678346437,2.8354491176004046,3.177227551184412,-0.3417784335840075,137.6966071342615,133.9141357421875,130.1316643501135,7676138.0,0.0,1.3627690590344659,0.0,0.2737679299698925,-2.989552002278928,-1.4432982913029635,-1.5074106616678518
2025-08-21,135.52755737304688,135.52755737304688,135.52755737304688,135.52755737304688,0,135.52755737304688,134.10029983520508,124.72766278584798,65.92688678346437,2.697612952044466,3.081304631356423,-0.38369167931195713,137.81136875432503,134.10029983520508,130.38923091608513,6691902.4,0.0,1.1810665178298705,0.0,0.5739473988298771,1.4251223005524505,0.02091870534581819,-0.7263305452053004
2025-08-22,135.52755737304688,135.52755737304688,135.52755737304688,135.52755737304688,0,135.52755737304688,134.2616424560547,125.06239802042643,65.92688678346437,2.5588796263006657,2.9768196303452714,-0.41794000404460574,137.9235386575755,134.2616424560547,130.59974625453387,6255830.6,0.0,1.023590982119221,0.0,0.7790624202977492,-0.8248855555042067,-0.020914330338672737,0.07838957698960147
2025-08-25,141.9812469482422,144.46343658020447,139.00261938988746,140.98837109545727,26140257,136.81829528808595,134.78290176391602,125.484859085083,78.76220568832662,2.9358486434537383,2.968625432966965,-0.03277678951322649,139.6068102917833,134.78290176391602,129.95899323604874,7229883.85,3.61558464040885,2.0785627454576714,4.7619020812359025,-0.4872876866823028,2.158306669891674,1.6108758089712572,-1.3054804045987467
2025-08-26,137.5133056640625,141.484809076743,136.02399188430732,141.484809076743,24908643,137.21544494628907,135.0559425354004,125.87649294535319,61.49199924215166,2.8413208063775244,2.943164507649077,-0.10184370127155251,139.84720381609117,135.0559425354004,130.26468125470961,8194273.0,3.0397624047917366,2.595721721254631,-3.14685310927606,0.2525750082704059,0.11417520761634048,-0.16471710058513223,0.8465564944438064
2025-08-27,135.52755737304688,138.50618500761934,135.03111943395146,138.00974706852392,13786622,137.21544494628907,135.19246292114258,126.20329399108887,55.65140280672042,2.576473539796581,2.869826314078578,-0.29335277428199724,139.86690397667488,135.19246292114258,130.51802186561028,8359353.5,1.6492450044133198,2.7129675682430636,-1.4440408376675151,0.3370125372272659,0.8837683642618943,0.10312574683200015,0.9706243288598149
2025-08-28,136.0240020751953,138.50619189408573,135.52756411141723,137.51331596652958,11412420,137.31473388671876,135.50273666381835,126.46696077982584,56.75722054712714,2.3792130246718273,2.7717036561972277,-0.3924906315254004,139.44111123282912,135.50273666381835,131.5643620948076,7966643.9,1.432525432698203,2.748389828615836,0.3663053564685326,0.09297408164834486,-1.1560045814190012,0.5562355438341049,1.1171703615763695
2025-08-29,138.5061798095703,139.99549357096353,136.02399020724826,137.51330396864148,10920348,137.91045837402345,135.8502426147461,126.79183286031088,61.87581698516225,2.3955591295279532,2.696474750863373,-0.3009156213354198,139.541070085336,135.8502426147461,132.15941514415618,7950144.3,1.3736037470414217,2.911471633295761,1.8248086341429826,-0.2688503744142423,-0.01382054501782859,-0.34829000854138537,-0.5138735784472992
2025-09-01,134.03823852539062,138.5061798095703,131.55604892306857,138.5061798095703,10720707,136.3218566894531,135.91229705810548,127.06802558898926,50.327863007556275,2.024649119158397,2.562109624522378,-0.5374605053639807,139.42439501782388,135.91229705810548,132.40019909838708,8141274.65,1.3168339677620382,3.4499595337232245,-3.2258064516129004,0.2220177645487098,-0.6659038390721239,-0.5756596973476857,-1.1105407117019683
2025-09-02,133.54180908203125,136.5204367938981,133.04537113005344,134.53468498598687,9073581,135.52755737304688,135.76336593627929,127.29825681050619,49.22851401521224,1.671375974593417,2.3839628945365856,-0.7125869199431687,139.41666231411284,135.76336593627929,132.11006955844573,7780734.7,1.1661599257458295,3.453307017739418,-0.37036404597732275,0.2120392800051274,-0.2282809370366512,0.7237383308513756,-0.235045901727593
2025-09-03,134.03823852539062,135.03111436631943,133.5418006049262,134.53467644585504,9343253,135.2296936035156,135.75095443725587,127.560564549764,50.395413924398866,1.4151492103777628,2.190200157704821,-0.7750509473270584,139.42699309958746,135.75095443725587,132.07491577492428,7752475.95,1.2051959993503754,3.1914412502265916,0.3717408403943523,0.38758813655075386,0.3477630507512153,-0.47217246793883616,-0.8115186394509144
2025-09-04,134.53468322753906,136.52043500949537,134.03824528204999,135.03112117302814,7005764,134.93182983398438,135.71372146606444,127.84106419881185,51.59357383278056,1.2378771153901482,1.9997355492418867,-0.7618584338517385,139.42479049261522,135.71372146606444,132.00265243951367,7679572.55,0.9122596283044425,3.0968752814103455,0.3703754298848061,-0.07155659478953469,0.33007400549494026,1.1963593433285569,1.5835346427000907
2025-09-05,134.03823852539062,136.02399020724826,133.5418006049262,136.02399020724826,8288131,134.03824157714843,135.65166625976562,128.14304326375324,50.28553478115125,1.0452794337852538,1.80884432615056,-0.7635648923653062,139.43413828426083,135.65166625976562,131.8691942352704,7792090.1,1.0636595436698044,3.0149171908652397,-0.3690087122803831,-0.09113950204554522,1.3016229374229527,1.8956378100669857,5.637823573437939
2025-09-08,136.5204315185547,138.50618324973365,134.5346797873757,134.5346797873757,10037406,134.53468017578126,135.7509536743164,128.46779645284016,56.25702545373807,1.0804814954151993,1.663171760003488,-0.5826902645882888,139.51417294547116,135.7509536743164,131.98773440316165,7914474.8,1.268233995766845,3.208654195328945,1.8518543816090638,-0.7004631226877445,0.215561079559623,1.0002039096841608,2.3610490578921617
2025-09-09,137.5133056640625,139.49905737040277,137.01686773747744,138.50618151723262,9113361,135.3289794921875,135.89988479614257,128.77600161234537,58.409026187747266,1.1749519143348266,1.5655277908697558,-0.3905758765349292,139.69604914143815,135.89988479614257,132.103720450847,8099498.45,1.1251759669143464,3.177983749531496,0.7272714673282277,-0.4852509178164821,1.2538968205540568,-2.6539900039598496,-4.132635525885542
2025-09-10,141.4848175048828,142.47769341719777,137.01687589946545,138.00975181178043,15850665,136.81829528808595,136.19774780273437,129.16487808227538,65.68186724333657,1.552393193789328,1.5629008714536705,-0.010507677664342463,140.7336861896173,136.19774780273437,131.66180941585145,8330057.9,1.902827710237164,3.4823615852916063,2.8880927715624116,0.06758799645232294,1.3575043934189956,1.0986845546368196,1.0275687429142533
2025-09-11,137.01687622070312,142.4776937512384,136.52043826338172,142.4776937512384,13599731,137.31473388671876,136.2722137451172,129.49376831054687,54.199388004741124,1.4740012368600048,1.5451209445349376,-0.07111970767493281,140.81072529354293,136.2722137451172,131.73370219669147,9010044.45,1.5093966600797404,3.8123474389669503,-3.1578945097946565,-0.3782383940657219,0.09177735950691712,0.30187574446240983,-1.215574993561963
2025-09-12,150.4207000732422,150.4207000732422,140.98837894653724,141.48481690057434,60316237,140.59122619628906,137.01687088012696,130.09363085428873,70.73072748574555,2.465036207709261,1.7291039971698026,0.7359322105394583,144.7815111218682,137.01687088012696,129.25223063838573,12025856.3,5.015546127887791,5.091210960776565,9.782607969363234,0.17595008979807147,1.026858565050115,1.4847435181293944,-0.5524888065323696
2025-09-15,149.92425537109375,152.9028829612479,146.4491898492472,151.9100070978632,49613059,143.27199096679686,137.7367057800293,130.70797271728514,69.7268888584953,3.1737941008504436,2.018042017905931,1.1557520829445127,147.3655555764576,137.7367057800293,128.10785598360098,14506509.25,3.420054966014653,5.272875247606451,-0.3300374894590341,-0.0168380656651812,-0.4611663437352198,1.4847435181293944,-0.5524888065323696
2025-09-16,148.4349365234375,150.42068818261393,145.45630903467287,149.92425026781982,22652664,145.45631713867186,138.38207473754883,131.30162963867187,66.66994566829901,3.574114090810667,2.3292564324868783,1.244857658323789,149.06050195703523,138.38207473754883,127.70364751806245,15639142.45,1.44845947099868,5.231742434317733,-0.9933808535315891,-0.29982346654272574,1.0745701295846288,4.171615473886758,2.095961033914717
2025-09-17,154.88864135742188,159.85302088810846,148.93138592059796,148.93138592059796,65981406,148.1370819091797,139.3501289367676,131.92424558003742,72.33088439731273,4.361849920518324,2.7357751300931676,1.6260747904251565,152.22370637256444,139.3501289367676,126.47655150097073,18938212.75,3.484035524946777,6.0565880250314965,4.347834132003925,-0.48651948491017505,-0.7467550083917751,0.28467844299508993,3.5122461138007433
2025-09-18,156.8743896484375,157.86726553228837,152.90288611303401,157.37082759036292,36421345,152.10858459472655,140.4174705505371,132.56547787984212,73.80512556925909,5.0877214465467375,3.2061643933838817,1.8815570531628558,155.33419397161578,140.4174705505371,125.50074712945845,20759280.0,1.7544608965243496,5.910960210927878,1.2820490086379532,0.1304608418786879,1.3016200996530891,0.3595734788724547,3.2257968804946024
2025-09-19,172.2639617919922,172.2639617919922,157.37082388490353,157.8672618151398,109730764,156.47723693847655,142.25429077148436,133.45492909749348,81.86820695137044,6.826102654213827,3.930152045549871,2.8959506086639557,162.66958747054957,142.25429077148436,121.83899407241917,26245818.2,4.18088562390484,7.17477513527812,9.810123996685128,0.08010681923562579,-0.7411524345470877,-1.7160033765390659,-3.2870225642696593
2025-09-22,177.2283477783203,183.68204111478576,174.24972008456703,175.2425959824848,127600340,161.93805541992188,144.0166458129883,134.37954483032226,83.619779552219,8.506311284153384,4.845383893270574,3.6609273908828097,169.7305282665469,144.0166458129883,118.30276335942965,31318822.35,4.074238123452301,7.740549026946847,2.8818482604751727,0.35037367829144905,1.1815861562103347,7.674597135005956,4.1646645174620245
2025-09-23,174.74615478515625,179.21409624273127,174.2497168454257,179.21409624273127,48295565,167.20029907226564,145.87828826904297,135.28554407755533,79.48522718321954,9.527766339105455,5.78186038243755,3.7459059566679045,174.80073576088606,145.87828826904297,116.95584077719988,32488168.45,1.486558562829663,7.370393076328011,-1.4005620569621402,0.005624330335418648,1.417160099788184,7.674597135005956,4.1646645174620245
2025-09-24,178.7176513671875,180.70340304904514,171.27108256022134,176.23546176486545,60602087,171.96610107421876,148.03779296875,136.2391185760498,81.09580255809007,10.536287646946676,6.732745835339376,3.8035418116072996,179.99641681110623,148.03779296875,116.0791691263938,34828941.7,1.7399922030935553,7.6453167313274495,2.2727233036481165,0.18631834557791827,-0.19292856211109433,-0.21383577000940734,-2.251841649683517
2025-09-25,168.29246520996094,177.22834831845444,167.79602725948908,176.73191036798258,66234334,174.24971618652344,149.65121612548828,136.98998107910157,66.36662814386,10.374729232890274,7.461142514849556,2.913586718040719,182.3066345372445,149.65121612548828,116.99579771373206,37570037.4,1.7629562966578256,8.082157714843579,-5.833327641379594,0.2976129160905838,-0.6599329621733818,0.0,0.7522293552873593
2025-09-26,164.81739807128906,171.76752931525908,162.83164628729762,167.29958780127836,65205247,172.76040344238282,150.9667770385742,137.67051480611164,62.3044131681567,9.852708262292282,7.939455664338102,1.9132525979541803,183.85086341651638,150.9667770385742,118.08269066063204,40284282.35,1.6186274943036187,8.195987756592631,-2.064897637773855,0.6501132916399088,-1.7043185521454118,0.2321407203542014,-0.6066238780146782
2025-09-30,168.7888946533203,170.77464635512408,165.31382917516373,166.80314295151655,26331987,171.0725128173828,152.7043098449707,138.46481539408367,64.94521681955871,9.648250439879945,8.281214619446471,1.3670358204334736,185.4943820117818,152.7043098449707,119.91423767815962,41064846.35,0.6412294052087693,7.897489160224949,2.409634315616027,0.046643707979932,0.9390763957033643,2.4563311042782088,2.2851718986223624
2025-10-01,168.7888946533203,175.24258768418258,167.79601880241844,171.27108428057502,34976006,169.8810607910156,154.46666412353517,139.2735954284668,64.94521681955871,9.378111115313231,8.500593918619824,0.8775171966934074,186.7044044656969,154.46666412353517,122.22892378137342,42359967.6,0.8256853813079875,7.837366456430174,0.0,-0.05285909728485194,0.6288447090782023,-2.7526169612526075,-1.3497748788239283
2025-10-02,169.28533935546875,173.75328086338436,168.7889014101448,171.76752908208854,25845084,167.99459838867188,156.22901916503906,140.10306053161622,65.29766104928719,9.099192861589756,8.62031370721381,0.47887915437594586,187.6068396710668,156.22901916503906,124.85119865901132,43185059.15,0.5984728169580381,7.454302423581358,0.294121661954172,0.01609605957935134,1.5220791911750853,1.1687359817073473,1.6041486635447466
2025-10-03,174.2497100830078,175.24258592393662,170.27820671929254,171.27108256022134,34197207,169.18604736328126,158.2147705078125,140.97803230285643,68.6879212332,9.17299083637829,8.730849133046707,0.44214170333158265,188.82929446072242,158.2147705078125,127.60024655490254,44544631.3,0.7677065900419744,7.2546949762328925,2.9325461652144558,0.055177608565615266,1.4506947270404247,1.9314078330345819,2.623636754652292
2025-10-07,183.1855926513672,188.64640977647568,176.73189968532986,177.72477552625867,87453720,172.85968627929688,160.67213821411133,141.99572995503743,73.67359415620675,9.839108191464874,8.95250094473034,0.886607246734533,191.00432453769002,160.67213821411133,130.33995189053263,48502910.75,1.803061272977313,8.206962271864223,5.128205128205132,0.29750124162626346,1.684868471805201,-1.5281633164298092,-1.3507654566701555
2025-10-08,184.17848205566406,184.6749200126874,178.71766452840717,183.18560614161734,44232453,175.93760375976564,163.0550407409668,143.0506607055664,74.16580916599067,10.328073271816066,9.227615410147486,1.1004578616685805,192.88217790616062,163.0550407409668,133.22790357577298,50212663.1,0.8809023515026432,7.9070013668530255,0.5420128242216604,0.0858699164537402,-0.5448692045472381,0.575419506715269,0.17668129194534643
2025-10-09,182.19271850585938,190.13572530720472,181.69628058077527,187.1570977567002,50072983,178.61836853027344,165.28901138305665,144.0662899017334,71.29481335159768,10.435058242228592,9.469103976563707,0.9659542656648856,193.72151321639518,165.28901138305665,136.8565095497181,52260644.2,0.9581394138268199,7.97799381479655,-1.0781734802247644,-0.03831349420129193,0.8802950564221979,0.5547806000514077,0.5952381599259704
2025-10-13,176.73190307617188,177.22834100616112,172.76039963625792,173.25683756624716,37733835,180.10768127441406,167.0513656616211,144.9433302561442,63.962077690134855,9.96433972901852,9.56815112705467,0.39618860196384986,193.5768897526208,167.0513656616211,140.52584157062142,53354802.7,0.7072247124999677,8.171903822103872,-2.9972742459034585,0.2671434399057038,-1.3863493889187506,-2.0000022094964653,-3.068157645892322
2025-10-14,170.77464294433594,179.71052542398144,170.27820502880007,179.21408750844557,46027900,179.41266784667968,168.73925399780273,145.71280899047852,57.06660731719127,9.006766413519244,9.455874184347584,-0.4491077708283395,191.2029284475471,168.73925399780273,146.27557954805837,54976211.15,0.8372330329279158,8.33995936518087,-3.3707893301348935,0.0847841788281345,-0.4838520946744862,-4.204781131940328,-3.2331029692624025
2025-10-15,173.75328063964844,174.74615652901787,169.78177708217075,171.2710909162249,17950755,177.52620544433594,169.90588302612304,146.49883575439452,59.42212533579597,8.391501821075877,9.242999711693244,-0.8514978906173667,190.72732825104322,169.90588302612304,149.08443780120285,52857937.05,0.3396037757398631,7.88988204273637,1.7441920205234274,-0.02313105345168598,1.8010593746521364,3.030304127529093,4.018693041938404
2025-10-16,178.22122192382812,180.70341164421572,174.249718371208,175.24259425936305,24254436,176.33475341796876,171.32073135375975,147.35105425516764,62.725637468556656,8.17024423062233,9.028448615479062,-0.858204384856732,190.17822051180923,171.32073135375975,152.46324219571028,51590005.9,0.4701382676135728,7.764581904313825,2.5714284459732673,-0.24149632990847492,1.364430807973327,-0.07130617162119934,2.3135668392111786
2025-10-17,183.1855926513672,185.17134433322482,177.22833760579428,177.22833760579428,58239724,176.5333282470703,173.05826416015626,148.28187522888183,66.0344120365983,8.299804247926772,8.882719741968605,-0.5829154940418331,189.25285835843601,173.05826416015626,156.8636699618765,53369358.9,1.0912577029288617,7.788371880729388,2.7855104313339485,0.006860517943563238,-1.2496442248141726,0.4994642066477706,-0.9659707899298708
2025-10-20,194.60366821289062,196.58941992934868,186.66066134705835,189.14285099263094,89262650,180.10768127441406,175.04401550292968,149.43609339396158,72.15643765768377,9.217570354734988,8.949689864521883,0.26788049021310556,191.5935472884416,175.04401550292968,158.49448371741775,54533421.1,1.6368430257899225,8.537099267029669,6.233064181665182,0.03266778205262,1.4147553157768167,3.7806252622347936,5.475500984593995
2025-10-21,203.53955078125,207.0146162823933,195.10010599275915,197.08585770769818,126010973,186.66066284179686,177.3772735595703,150.63168131510417,75.8283442866399,10.544408274585066,9.26863354653452,1.2757747280505463,196.14982701259459,177.3772735595703,158.60472010654604,59012902.5,2.1353122395564257,9.053612440692735,4.591836654684123,-0.08033787001248127,0.23034471151326397,-0.1026238111519584,2.7112190353087984
2025-10-22,206.5181884765625,207.01462642963116,201.5538089458759,205.0288746173565,71399254,193.2136444091797,179.08998489379883,151.8686393737793,76.92091685929651,11.701401580366223,9.755187153300861,1.946214427065362,201.74678815985936,179.08998489379883,156.4331816277383,57096327.0,1.2505052032506399,8.574573113101074,1.463419607579719,0.2614607328592866,-0.37294058215946446,1.0101033114862767,1.39145407429897
2025-10-23,224.38995361328125,226.87214336564057,205.52531149535054,206.0217494458224,134467762,202.4473907470703,181.44806518554688,153.41587092081707,82.13782030505726,13.900196385484378,10.584188999737565,3.316007385746813,211.79945154984347,181.44806518554688,151.0966788212503,57439698.1,2.3410248738755124,10.277540947392936,8.653845585492824,0.22101202829689637,-0.42189869317011963,-1.694915395830987,-2.7648824698371155
2025-10-27,246.7296600341797,246.7296600341797,235.80802518357214,241.76528055663078,114973502,215.1562042236328,185.04724044799804,155.32715708414713,86.30506438586131,17.24657691440379,11.91666658267081,5.329910331732979,226.9328525466768,185.04724044799804,143.16162834931927,60773594.95,1.8918331570576277,11.885829677193671,9.955751610608733,0.1894395419437922,1.6757472785653427,0.7620977547480479,2.3927262525623716
2025-10-28,244.24746704101562,246.23321880557674,240.7724014530337,245.2403429232962,79547180,225.0849639892578,188.32373123168946,157.18466237386068,83.96118210458017,19.4738331365879,13.42809989345423,6.04573324313367,237.70584321313913,188.32373123168946,138.9416192502398,61720849.6,1.2888218570471526,11.09535353105398,-1.0060375363141194,-0.7530777372024122,-0.15904147839432836,-0.9207484955256806,-0.6373160221708751
2025-10-29,245.73678588867188,260.133486476089,241.26884432705967,252.19047925544507,83494628,233.5244110107422,192.195947265625,159.11663335164388,84.23778303708384,21.11571648783763,14.965623212330911,6.15009327550672,246.83050883351336,192.195947265625,137.56138569773663,62583864.3,1.3341238821521604,12.13125868011736,0.6097581545875919,-0.18953750952860338,1.2366435536016018,1.1948149462903013,0.7385858935814227
2025-10-30,247.22608947753906,257.15484809109483,241.2688343094056,246.72965154686128,82496913,241.6659912109375,196.3163818359375,161.04446716308593,84.525183215312,22.280262231799497,16.42855101622463,5.851711215574866,254.56740800094045,196.3163818359375,138.06535567093457,63448447.6,1.3002195659709095,12.631892693660276,0.6060564288253856,0.3997594261948789,-0.025485081114973163,-0.5903578786495611,-0.7717567318997531
2025-10-31,247.22608947753906,252.68690671499476,243.75102396279453,245.24033775482792,53903531,246.23321838378905,200.23824157714844,162.95161616007488,84.525183215312,22.938749498643688,17.730590712708445,5.208158785935243,261.1852087553175,200.23824157714844,139.29127439897943,64827024.8,0.8314978385372392,12.13909136813227,0.0,0.21359802296341268,-0.19153205969807408,11.910262568798569,3.9471103847868116
2025-11-03,252.1904754638672,260.13348256509136,249.21184780090812,253.1833513515202,71547541,247.32538146972655,204.40832061767577,164.87945022583008,85.54416097922163,23.589267470167215,18.9023260642002,4.686941405967016,267.6642133555817,204.40832061767577,141.15242787976985,66655601.55,1.0733912729949702,12.241531597388274,2.008034830312333,0.16628250572858772,0.3585838583650913,11.910262568798569,3.9471103847868116
2025-11-04,236.30445861816406,253.18334851946148,236.30445861816406,252.68691058118804,75723550,245.73677978515624,207.75927658081054,166.57975006103516,69.72267136193501,22.562848383582093,19.634430528076578,2.928417855505515,270.2772731949955,207.75927658081054,145.2412799666256,69149524.85,1.0950697082049436,12.859846037909492,-6.2992136465436115,0.3940632008074152,-0.7694810409372921,1.945758379689888,-2.9180660246786116
2025-11-05,231.83651733398438,233.32583114983439,222.40419650026766,223.39707237750102,69320008,242.95672607421875,210.63861694335938,168.18903630574545,66.02407896311146,21.145130439701006,19.936570510401463,1.2085599292995433,271.95124977069065,210.63861694335938,149.3259841160281,70905664.9,0.977637091447682,12.998568181907746,-1.8907562346926698,0.051456216481238215,-1.4208708043573326,-3.499131780813225,-3.15992163667127
2025-11-06,238.2902069091797,239.28308277130128,232.3329517364502,236.30445518493653,38280773,241.16954956054687,213.39384765625,169.90588404337566,68.61398457310442,20.30823685502682,20.010903779326533,0.297333075700287,274.46412804011237,213.39384765625,152.32356727238763,68447017.55,0.5592759826538272,12.258301149295635,2.783724345676797,-0.08441462583944626,0.6580375706382924,0.3895688311258638,1.711102861449998
2025-11-07,232.8293914794922,236.80089495888652,229.35432593502216,235.31158115411364,29096984,238.2902099609375,215.8263931274414,171.54412918090821,64.15748241787662,18.985497495377928,19.80582252253681,-0.8203250271588836,275.8638519106095,215.8263931274414,155.7889343442733,67690244.1,0.4298549131690899,11.815311792610554,-2.291665906257234,0.2780553192774038,-0.8890464487496197,-2.9253692298762624,-2.4647922636517605
2025-11-10,228.3614501953125,235.80801922342053,226.37569845448368,232.82939161217732,35409990,233.52440490722657,218.13482971191405,173.1079086303711,60.684565683680596,17.376387324887958,19.31993548300704,-1.943548158119082,276.2466713700415,218.13482971191405,160.02298805378658,66957094.45,0.528845976529676,11.497579656120728,-1.9189764899476769,-0.038733360616827195,0.7887467877500054,-0.707260430571921,0.5014058445047764
2025-11-11,228.85789489746094,235.80802619586538,228.85789489746094,233.32583644643523,28518225,232.03509216308595,220.74112930297852,174.663414255778,60.93758533324809,15.957269391770723,18.647402264759776,-2.6901328729890537,275.620154173617,220.74112930297852,165.86210443234006,66496313.95,0.4288692606547103,10.957445835378348,0.21739426760682967,0.0,-0.30341598250608337,-1.5794386011026895,-2.274999714715076
2025-11-12,228.85789489746094,234.3187123462073,226.3757051480308,232.33296054666317,27542868,231.43936767578126,223.64529190063476,176.2189198811849,60.93758533324809,14.663575633439336,17.85063693849569,-3.1870613050563534,273.28856446736046,223.64529190063476,174.00201933390906,65572062.35,0.42003967868184644,10.555520683751435,0.0,-0.008074886659015235,0.5835555923585645,-0.5349258144336844,4.921383255271583
2025-11-13,241.76527404785156,242.75814991663125,227.36857395054625,230.34720155688527,86566652,232.13438110351564,227.04589157104493,177.98954849243165,67.28595212210845,14.512540106761406,17.183017572148835,-2.670477465387428,271.3272844338163,227.04589157104493,182.76449870827358,69002857.2,1.2545372106707489,11.200061388062577,5.639909934579146,0.3223070095614844,-0.1557560988223461,0.2530863562269614,-0.622810891433645
2025-11-14,231.83651733398438,239.77952435185108,231.83651733398438,236.3044587815344,50637144,231.93580627441406,229.72665634155274,179.59469782511394,59.30206761739,13.436784784106862,16.43377101454044,-2.9969862304335777,267.5889277022663,229.72665634155274,191.86438498083922,70321992.6,0.7200755002496901,11.03055409816986,-4.10677536423284,0.1957261013469047,-1.8136056365454567,-1.8933402929671939,-0.6854706974093072
2025-11-17,224.88638305664062,234.31870375879552,224.38994512494824,234.31870375879552,38124554,231.24079284667968,231.81169586181642,181.08401158650716,54.43310992813227,11.88640412133745,15.524297635899844,-3.6378935145623945,262.8626892516411,231.81169586181642,200.76070247199175,69316234.1,0.55000902018132,10.883648036260183,-2.9978600253606102,-1.8326170463155322,0.18180690528333265,0.16081866593591343,-1.2226315741891924
2025-11-18,227.3685760498047,238.29021070721888,225.3828242939112,225.3828242939112,60417978,230.94292907714845,233.4499412536621,182.61469523111978,55.82800086753387,10.734270517524493,14.566292212224774,-3.8320216947002805,259.24837832469626,233.4499412536621,207.65150418262797,67874000.5,0.8901490637788471,11.219671984835927,1.103754242220556,2.0307929943259806,-2.518248208944085,-3.9498995666181425,-3.5935353819261273
2025-11-19,223.39706420898438,235.3115743001302,221.41131252712674,231.34007093641492,49332432,229.85076293945312,234.44281692504882,184.07918701171874,53.030797623632864,9.392458111081112,13.531525391996041,-4.139067280914929,256.6765976457645,234.44281692504882,212.20903620433316,64040073.45,0.7703369053521908,11.577083956591597,-1.7467285540594513,-0.23030738201144096,-0.6577934530601293,1.1033037150315117,-0.8904487431288799
2025-11-20,228.85789489746094,234.81515029609332,227.36858104780285,231.3400846468911,30249611,227.269287109375,235.55980224609374,185.63469263712565,56.27487037777343,8.669765846297878,12.559173482856409,-3.8894076365585306,253.7666438191759,235.55980224609374,217.35296067301158,61982591.3,0.4880339844713785,11.555884240660577,2.4444505158617735,0.2565641148130293,3.183733789520926,1.785715449942571,4.074378378556531
2025-11-21,227.3685760498047,230.8436416226183,223.89351047699108,224.38994841596445,36622241,226.37569885253907,235.70873336791993,187.05781478881835,55.155989786755434,7.885947145628478,11.624528215410823,-3.738581069782345,253.57643541943173,235.70873336791993,217.84103131640813,57090315.25,0.6414790466584436,10.941783827989461,-0.6507614029760855,0.5422820276357987,-3.614843327615369,-1.4619852372294129,-3.0917466003484773
2025-11-24,230.84364318847656,233.32583290018061,225.87926376506846,230.34720524613573,33597099,227.56715087890626,234.91443252563477,188.61332041422526,57.28982456720576,7.4591891644781185,10.791460405224282,-3.332271240746163,252.11939013531992,234.91443252563477,217.7094749159496,53021495.1,0.6336505399675159,10.475755202272486,1.5283849681631656,-0.04305999745704003,0.2621560052100236,-1.4619852372294129,-3.0917466003484773
2025-11-25,226.87213134765625,236.30445190696798,225.87925549930765,234.81513813444508,30233953,227.46786193847657,234.0456657409668,190.13572998046874,54.12030161855732,6.723013856736685,9.977771095526762,-3.254757238790077,251.01950412842422,234.0456657409668,217.07182735350938,50555833.75,0.5980309443516991,10.469014029657533,-1.7204337039412043,0.27920716971145954,1.5391110399419539,0.7583205872659704,1.86450899023336
2025-11-26,230.34719848632812,230.8436364141004,225.8792571363778,228.85788470301134,18497341,228.8578887939453,233.27618637084962,191.70778325398763,56.39361104988963,6.346836121201022,9.251584100661615,-2.904747979460593,249.39209907143734,233.27618637084962,217.1602736702619,47305969.4,0.39101494451142144,9.735062729399543,1.5317294010636973,-0.12091894024681693,1.8481197988450715,3.697649533792924,0.40675364235596145
2025-11-27,234.31871032714844,236.30446210958192,230.34720676228153,231.34008265349826,29677726,229.9500518798828,232.63081741333008,193.30465876261394,58.90004732208226,6.2965971177418965,8.660586704077673,-2.3639895863357765,247.36952111986892,232.63081741333008,217.89211370679124,44665010.05,0.6644513449516173,9.231356181913442,1.7241415857966347,-0.44348084794223475,0.5289772806627235,1.8933402929671939,3.5446662859105693
2025-11-28,233.32583618164062,242.75815721877078,232.33296028299534,240.2759674721576,43745600,231.14150390625,231.93580474853516,194.95945205688477,58.00246148658591,6.1062763470967525,8.149724632681489,-2.043448285584736,244.99147357482988,231.93580474853516,218.88013592224044,44157113.5,0.9906806974599913,9.390534949095041,-0.4237280685445821,0.2105664976116417,0.261122848805706,-0.4955131423863057,0.13693129636136447
2025-12-01,227.3685760498047,233.32583131748515,227.3685760498047,233.32583131748515,20889242,230.4464904785156,230.69470977783203,196.52323150634766,52.80302588559066,5.412354406905308,7.602250587526253,-2.189896180620945,239.74941344711323,230.69470977783203,221.64000610855084,41624198.55,0.5018533143624936,8.932764973460495,-2.5531935208402246,0.19863050869839416,-1.027822462568817,0.342359815218507,-3.2037494063189564
2025-12-02,225.87925720214844,230.84363648131654,225.38281927423162,228.3614468417325,16400694,230.24791564941407,230.17344970703124,198.05391515096028,51.55869047038756,4.688198056721092,7.019440081365222,-2.33124202464413,239.06728480766108,230.17344970703124,221.2796146064014,38658055.75,0.42425035821932144,8.469838604610418,-0.6550240466519086,0.0608734112671927,0.8109719183892139,1.4888372559487495,0.5449042075077015
2025-12-03,230.84364318847656,234.31870878486222,227.8650155344317,228.3614534767725,21462018,230.34720458984376,230.12380599975586,199.65906448364257,55.3369322003173,4.46343172934121,6.50823841096042,-2.0448066816192103,238.98959493314283,230.12380599975586,221.2580170663689,36265156.25,0.5918082319030405,8.465787001690867,2.1978051671585286,0.01911236723253218,0.8299495511413513,1.3141813135169933,-2.42874671979183
2025-12-04,234.31871032714844,235.80802416397353,231.83652059910662,232.82939649032335,16176156,230.34720458984376,229.92523117065429,201.33040568033854,57.81716243821285,4.513680769044868,6.10932688257731,-1.5956461135324425,238.1775545175284,229.92523117065429,221.67290782378018,35159925.4,0.4600736723974961,7.998932864865013,1.5053770121946197,-0.2780117606670518,0.009613468300440076,3.9819003919386198,2.0777636153460177
2025-12-05,235.31158447265625,236.30446035650712,233.3258327049545,234.8151465307308,14518185,230.74435424804688,230.0493408203125,202.97692489624023,58.52582082718291,4.580815352852682,5.803624576632385,-1.222809223779703,238.5562987606448,230.0493408203125,221.54238287998018,34430985.45,0.4216604552629788,7.32955883642336,0.4237280685445821,0.16062935130458644,0.6662167696174004,-1.9727303145215203,-1.9347051299564155
2025-12-08,235.31158447265625,238.29021212420886,232.82939476302906,236.80089829843254,16194438,232.33295593261718,230.3968475341797,204.6068962097168,58.52582082718291,4.581210649535706,5.559141791213049,-0.9779311416773435,239.1769278456968,230.3968475341797,221.6167672226626,33470207.85,0.48384635292905714,7.080393306390887,0.0,-0.2901310503285237,1.1539613810094718,0.5918882126695779,0.5343157267708953
2025-12-09,237.7937774658203,239.28309131216156,235.80802567069864,237.7937774658203,24406449,234.71585998535156,230.84364166259766,206.2120455423991,60.45216788593341,4.727322523604869,5.392777937691413,-0.6654554140865443,240.18545818995165,230.84364166259766,221.50182513524368,33264619.05,0.7337059523608163,6.665875110806144,1.0548537160746996,-0.3494935499670837,-0.42813960011827135,0.05884490126983888,-2.616508695748121
2025-12-10,243.7510223388672,246.7296499030896,236.80089135568156,239.28308099253357,64133919,237.29733581542968,231.58829803466796,207.99094797770184,64.69091744970143,5.26314683049921,5.366851716252972,-0.10370488575376235,242.50518326235286,231.58829803466796,220.67141280698306,35094171.6,1.8274806349895434,7.100926235686398,2.505214785909682,-0.043961550810267536,0.7739912655269743,0.14701124359208784,-0.8396337249982233
2025-12-11,234.31871032714844,246.23322102174922,234.31871032714844,246.23322102174922,45577817,237.29733581542968,231.21596984863282,209.38924814860027,54.69504998136107,4.870538171655397,5.2675890073334575,-0.3970508356780602,241.133620934665,231.21596984863282,221.29831876260064,33044729.85,1.3792764294606572,7.742737496874982,-3.869650236217581,-0.23755066327988406,-1.3238408398111412,-2.906633601032893,-3.683318602493768
2025-12-12,235.80801391601562,236.80088976408305,231.8365105237459,235.80801391601562,17022364,237.39662170410156,231.41454467773437,210.82064412434895,55.85491980656786,4.626238931255386,5.139318992117843,-0.5130800608624568,241.54134304782735,231.41454467773437,221.28774630764138,31363990.85,0.5427359063267932,7.3722897293366065,0.6355888468265514,0.33175603858714986,0.618273245078016,2.812217026474406,2.835160418175553
2025-12-15,229.3543243408203,233.3258277926094,229.3543243408203,231.34007606671486,16519673,236.20516967773438,231.63794174194337,212.169300587972,49.8938999867236,3.867291481282507,4.884913489950777,-1.01762200866827,241.34688177357918,231.63794174194337,221.92900171030755,30283746.8,0.5454963386498793,7.249809708784435,-2.736840647618466,0.449008499969894,-1.1741252883312847,-3.794118791871437,-4.103433464502926
2025-12-16,221.41131591796875,228.85788483897667,218.43268834956558,228.36144691090948,26356995,232.92867736816407,231.34007873535157,213.27801183064778,43.710759421416185,2.594972533967649,4.426925298754152,-1.8319527647865028,241.92640207178292,231.34007873535157,220.75375539892022,28580697.65,0.9221956483626984,7.7393865464471405,-3.4632041256166812,0.027453065033000712,-1.1852011859090683,-2.598592414668166,-0.802325216038946
2025-12-17,219.42556762695312,223.89350904922142,218.92912969114553,222.90063317760624,13862246,228.06358642578124,231.14150390625,214.32053146362304,42.29945627361309,1.4101618422414504,3.8235726074516116,-2.4134107652101613,242.47760464125633,231.14150390625,219.80540317124365,26807188.35,0.5171092849802728,7.36938558799764,-0.8968594413445996,0.4478345884427748,-0.04172704427407581,0.12555021525160193,-0.11233473736065314
2025-12-18,216.4469451904297,221.41132466727439,216.4469451904297,218.43269698116757,15329777,224.4892333984375,230.52095642089844,215.05691452026366,40.20263038583013,0.22821023022913778,3.104500132007117,-2.8762899017779793,243.6070897528982,230.52095642089844,217.4348230888987,26061196.65,0.5882222986871173,7.048718106510582,-1.3574637034037051,0.518285581531619,-0.20577756708046735,-0.9717844217523863,-0.20242549135331966
2025-12-19,220.41844177246094,222.90063143206072,218.4326900447811,220.41844177246094,15038426,221.41131896972655,230.17344970703124,215.77674942016603,44.17611095701189,-0.38360637925072183,2.4068788297555495,-2.7904852090062713,243.962314691525,230.17344970703124,216.38458472253748,24982005.9,0.6019703165629307,6.969380524526642,1.834859151528856,-0.37303888670811025,0.8293866411184903,1.329532840336456,-0.9691180757758322
2025-12-22,224.38995361328125,225.87926746469682,221.90776386092196,222.90063976186568,9902367,220.41844482421874,229.85076522827148,216.60414606730143,47.904134312226994,-0.5417625346552484,1.81715055687339,-2.3589130915286383,243.87366342499956,229.85076522827148,215.8278670315434,23797269.3,0.416113583250495,6.768239880221208,1.8018056061389398,-0.032362001212404845,1.6366453414191628,0.09371948563838828,1.5020471446272943
2025-12-23,220.91488647460938,225.87926594594893,220.91488647460938,225.87926594594893,10263772,220.31915893554688,229.55290298461915,217.30743331909179,45.068048852798896,-0.9367134534029162,1.266377754818129,-2.2030912082210454,244.0859953979725,229.55290298461915,215.0198105712658,22798760.25,0.4501899176732647,6.527725159036988,-1.5486732283303883,0.08982802507242482,0.571339720700248,-0.15605801860081314,1.7488766537401057
2025-12-24,220.91488647460938,225.38282799881497,220.41844852747542,222.40420031601124,10599782,220.6170227050781,229.0812873840332,218.1844736735026,45.068048852798896,-1.2354731367134377,0.7660075765118157,-2.0014807132252534,244.10959176778246,229.0812873840332,214.05298300028394,22403882.3,0.473122553406737,6.319279067343998,0.0,-0.13541653938790033,0.21726860803557013,-1.094090470851028,-3.0189494568178654
2025-12-26,222.40419006347656,223.3970659119742,220.41843836648124,222.40419006347656,7757035,221.8084716796875,228.4855613708496,219.14425354003907,46.63828685582771,-1.3366598030247303,0.3454741006045065,-1.6821339036292369,243.5841316759646,228.4855613708496,213.3869910657346,21307847.75,0.36404591824624805,5.873858864430527,0.6741526624274741,0.2562756491433227,0.6486648427758146,1.2310600756632262,-0.15696010465627852
2025-12-29,220.91488647460938,224.38995210454706,220.91488647460938,223.39707621027915,10282169,221.9077606201172,227.86501388549806,220.01302007039388,45.245450609709785,-1.51950936003837,-0.02752259152406883,-1.4919867685143011,243.14505035891105,227.86501388549806,212.58497741208507,19634676.2,0.5236739783872779,5.554019766498149,-0.6696382781467003,-0.602469435943731,0.8925301842964695,-0.31181638635569,-0.9207245043102108
2025-12-30,223.8935089111328,224.88638478213562,218.9291295561188,220.91488129812439,19193078,221.8084716796875,227.69126052856444,220.9314303080241,48.55463256831307,-1.4078403073772279,-0.3035861346947007,-1.1042541726825272,243.07375427713416,227.69126052856444,212.30876677999473,19549868.0,0.9817497488985604,5.6077844944339725,1.348312231944493,-0.1982110917127744,-0.360140777928486,1.5326848348009126,0.22665544450712893
2025-12-31,229.3543243408203,230.8436381352412,220.91487950576848,223.8935070946103,33869775,223.4963592529297,227.86501388549806,221.93258005777994,54.038888193729775,-0.8686859405893017,-0.4166060958736209,-0.4520798447156808,243.2398320649999,227.86501388549806,212.49019570599623,20423322.05,1.6583871574409217,6.183914379105807,2.439023559122022,-0.23692492856227654,0.893397362684345,1.5326848348009126,0.22665544450712893
2026-01-02,239.2830810546875,241.2688327646849,228.36144664970178,230.84363628719854,52538458,227.1699981689453,228.2869857788086,223.0164695739746,61.97583026392999,0.35566557683898736,-0.26215176133109924,0.6178173381700867,244.4491099977881,228.2869857788086,212.1248615598291,21977144.05,2.390595333063761,7.080377277222783,4.329003493787664,0.1917140625415037,1.3334355629436079,1.5326848348009126,0.22665544450712893
2026-01-05,242.26171875,247.22609823258196,237.297339267418,243.25459464651638,64011196,231.14150390625,228.68413619995118,224.00107167561848,63.985162009019795,1.5484742960816504,0.0999734501514507,1.4485008459301998,245.8307155610149,228.68413619995118,211.53755683888747,24368896.05,2.6267581374495625,7.460161502281605,1.2448175116199556,0.1763399560895884,2.5731972423427285,2.5878045376946046,1.7639055408126714
2026-01-06,251.69403076171875,252.19046869221526,245.24033766526443,246.2332135262574,60788349,237.29733276367188,229.5032585144043,225.1263308207194,69.48436206845912,3.2177997574364383,0.7235387116084483,2.49426104582799,249.33750626284257,229.5032585144043,209.66901076596605,26682404.25,2.2782185754493995,7.789306627606092,3.893438905819191,0.3695945317161664,1.5653914873574148,0.060056806412167596,-0.24443880896056758
2026-01-07,251.19760131835938,258.1477325801322,250.70116337108988,255.16910489651525,46724102,242.75815124511718,230.29755935668945,226.27641220092772,68.88816923150603,4.449404539284757,1.46871187714371,2.980692662141047,252.26848347060655,230.29755935668945,208.32663524277234,28208887.45,1.6563610345433883,7.7436083051309215,-0.19723528677140223,0.055600146772261105,-0.46058572988449953,0.27011191005656965,-3.1855679624033795
2026-01-08,235.80801391601562,254.6726550292969,234.31870014391447,254.17621710526316,55632145,244.04888916015625,230.19827117919922,227.26101404825846,53.548908479087004,4.135972201921561,2.0021639420992803,2.1338082598222807,252.04415151423143,230.19827117919922,208.35239084416702,29770172.25,1.8687209644882052,9.424987849164456,-6.126486607186788,-0.13653985571981941,-0.2461598922053443,-4.609399445682117,-2.6000928738279305
2026-01-09,239.77952575683594,242.75815340598916,232.82939457547837,236.80089810768268,24148362,244.14817810058594,229.99969635009765,228.4110954284668,56.25593490133797,4.1600877288742595,2.4337486994542763,1.7263390294199832,251.39441558142667,229.99969635009765,208.60497711876863,27770894.4,0.8695565094943432,9.492157313343967,1.6842141091247154,0.304299038122946,-0.23579889662018738,0.21964199838957477,1.181199881542283
2026-01-12,245.73678588867188,251.19760335286458,240.7724063757694,242.7581581809304,30539951,244.84319152832032,230.57060012817382,229.6108205159505,60.01966431929587,4.60679628354066,2.8683582162715533,1.738438067269107,253.03329451183254,230.57060012817382,208.1079057445151,27019001.1,1.1303138442079563,9.74894668436859,2.484474065511866,0.15374978232687297,0.918909452108041,0.21964199838957477,1.181199881542283
2026-01-13,258.6441650390625,258.6441650390625,246.2332166206814,250.20472011456334,88826520,246.23321838378905,231.71240768432617,230.95120290120443,66.70411859226797,5.933930994680367,3.4814727719533156,2.452458222727051,257.3878724783148,231.71240768432617,206.03694289033754,30609208.9,2.901954124008739,10.17007101317153,5.252522166639784,-0.07406428934867426,0.4577823055845309,3.5691918054417737,-1.821151064613169
2026-01-14,276.51593017578125,282.96962333966843,263.6085438480069,266.090733526425,129994906,251.29688415527343,234.07048797607422,232.50670852661133,73.3485084200305,8.331753631184142,4.451528943799481,3.8802246873846613,266.5858262390206,234.07048797607422,201.5551497131278,36282970.55,3.5828076926849093,12.05745598482945,6.909788641092907,0.1488727455515093,0.7638548470983331,4.141470678138481,-2.8299702552017636
2026-01-15,271.5515441894531,282.9696164314228,270.5586683423253,278.0052371957838,73910284,258.4455902099609,236.57749938964844,233.7891731262207,69.21653769356946,9.719421445704398,5.505107444180465,4.214314001523934,272.53301904291646,236.57749938964844,200.6219797363804,38660635.0,1.911771081876953,12.104588265398526,-1.7953345339533522,-0.335893987830016,-0.4240196321329548,-1.306238198237275,0.04895143197567453
2026-01-16,280.98388671875,281.97676264355124,266.09074784673146,277.01238301954504,80940978,266.68646240234375,239.6554153442383,235.07991205851238,72.39812102408554,11.448300517016548,6.693746058747681,4.754554458268867,279.7318272522769,239.6554153442383,199.57900343619966,42014571.6,1.9264977582206264,12.608778469588026,3.4734998681194007,0.16978112646923726,1.9412784151040752,0.41176415586063886,2.152634327339986
2026-01-19,293.3948059082031,297.86274711492706,276.0194789931657,282.9696097591807,102642142,276.21806640625,243.50280838012696,236.52785568237306,75.92408383958161,13.662415274416759,8.087479901881498,5.574935372535261,288.6512293634435,243.50280838012696,198.35438739681038,46380189.85,2.2130599795291697,13.84004375654447,4.416950500039096,0.13876592712758207,0.7341591644532297,0.5565342807055895,-3.568004867199648
2026-01-20,287.43756103515625,289.9197506814011,282.9696196719155,286.94112310590725,53527680,281.97674560546875,246.85376434326173,237.5786491394043,71.22109533799032,14.766201715277333,9.423224264560666,5.342977450716667,294.65841287071044,246.85376434326173,199.04911581581302,48304652.55,1.1081267988542856,13.384729420510226,-2.030453420811673,-0.1866616541035815,0.3814914160573224,-3.699392512012789,-1.6389360888739657
2026-01-21,275.5230407714844,285.4517989974838,275.02660286018437,279.9909819731841,55567948,281.7781677246094,249.41041870117186,238.05853881835938,62.83752147623922,14.512269797877735,10.44103337122408,4.071236426653655,297.6241446071403,249.41041870117186,201.19669279520343,50587931.6,1.098442775628328,13.254893254438446,-4.145081185897837,0.4225198331249791,-1.617195376823788,-0.18148583570365417,-0.12623123052488694
2026-01-22,293.8912658691406,297.8627694619669,284.4589448361784,285.4518207343849,74378339,286.24611206054686,253.05923767089843,238.88593546549478,68.91293195852958,15.613209815706739,11.475468660120612,4.137741155586127,303.1999844116558,253.05923767089843,202.91849093014105,53793659.95,1.3826599467136647,14.466204645910986,6.666674789238636,-0.13351674979606987,1.5992608141158327,1.0303069906034024,0.8088984688186862
2026-01-23,289.4233093261719,302.3306953338571,288.4304334794269,299.84850571699457,41415635,287.9339965820312,256.4846588134766,239.61404418945312,66.08293037336767,15.94142315598316,12.368659559293121,3.572763596690038,306.73951454349316,256.4846588134766,206.22980308346,55334452.6,0.7484601916889659,14.390745607046881,-1.52027537455236,-0.1769903822365304,0.6786024824792181,-0.05999214395631114,0.3009013815283179
2026-01-26,284.95538330078125,291.9055146008003,282.9696315007758,291.4090766507989,24134135,286.24611206054686,259.6122184753418,240.24286575317382,63.28418826565504,15.66048596863601,13.027024841161701,2.633461127474309,308.70897837476883,259.6122184753418,210.5154585759148,56153307.6,0.4297900877347428,13.663430606110566,-1.5437339984097131,-0.6750241196508577,0.32229317820207104,-4.5918359044999075,-4.050000683971855
2026-01-27,292.89837646484375,292.89837646484375,285.9482454978814,286.44468342409294,28168249,287.33827514648436,263.21139297485354,241.0040705362956,66.03797359751374,15.895540493418707,13.600727971613104,2.2948125218056035,310.8972948374263,263.21139297485354,215.5254911122808,57047611.6,0.4937673674667915,12.900705613837491,2.787451520323936,0.22218190498228818,0.7902828245345717,1.5413631437085407,0.7556060524520625
2026-01-28,283.466064453125,294.88413710184983,279.9909988643827,294.88413710184983,45089194,288.9268798828125,266.1900207519531,241.52533035278321,60.25818872184544,15.146119114539658,13.909806200198416,1.2363129143412426,310.88348221622493,266.1900207519531,221.4965592876813,58342417.4,0.7728372599110026,13.166363296988115,-3.2203360515557167,-1.050238363220013,1.5035014375913036,-1.2701324498204714,0.02585866280819804
2026-01-29,275.026611328125,283.96249400665613,273.04085962178476,283.96249400665613,37547222,285.15394897460936,268.47363510131834,242.1706995646159,55.57165150877248,13.71312753861406,13.870470467881544,-0.15734292926748417,309.7813889977846,268.47363510131834,227.1658812048521,58526289.75,0.6415445462267664,12.867066108705883,-2.977235790563415,0.5120485824171128,-0.8156086050381428,-1.6316329018517206,0.3619468062261433
2026-01-30,275.5230407714844,279.9909819731841,272.04797539238456,276.0194786827843,23058464,282.3738952636719,270.2856330871582,242.89880828857423,55.78946744578467,12.473739592403376,13.591124292785912,-1.1173847003825355,309.3187066951205,270.2856330871582,231.2525594791959,57052290.05,0.4041636887807977,12.210524838318369,0.1805023306515885,0.29453572698179276,-1.4522855203057627,0.03190013073708364,2.0607884791807196
2026-02-02,256.1619873046875,268.07649834211486,253.6797975052235,265.097870582758,41081621,276.61521606445314,270.98064651489256,243.19667129516603,46.26322695052982,9.81608677004482,12.836116788237694,-3.020030018192875,308.37325960391286,270.98064651489256,233.58803342587228,55905811.3,0.7348363263981468,13.49488729537737,-7.0270179265532695,0.7056381660207167,-1.3713951210479136,-1.6262778281728507,0.22716011288641536
2026-02-03,264.6014099121094,268.0764753330939,257.6512790701403,268.0764753330939,21647266,270.95582275390626,271.6260154724121,243.72620493570963,50.25092928302007,8.295246199614667,11.92794267051309,-3.6326964708984235,308.0500583715646,271.6260154724121,235.20197257325964,53948757.15,0.40125606489527815,13.28416739311458,3.294564777631792,-0.018679128920895405,1.8066327752278566,7.5526768713854775,11.43288966351108
2026-02-04,265.0978698730469,266.0907457901744,259.1406143702818,260.6299282459731,13702046,267.2821838378906,272.3210289001465,244.3384785970052,50.483714493535544,7.048775365539143,10.952109209518301,-3.9033338439791585,307.6168091373872,272.3210289001465,237.0252486629058,52297654.35,0.26200115799266244,12.439629263351652,0.18762559167859738,-0.012352394174863779,0.2933689007004636,0.12055545082807484,-2.7344669499464236
2026-02-05,256.1619873046875,264.1049946629724,255.1691113849019,262.61568078329395,18218586,263.50925903320314,273.3387275695801,244.7935468037923,46.28560054354142,5.279033790761446,9.817494125766931,-4.538460335005485,305.2092308026262,273.3387275695801,241.46822433653398,50426976.4,0.3612865037849067,12.104846493324096,-3.370786258161451,0.26573312511892766,-1.5129881759937458,-1.1137896154563731,0.16263773669660253
2026-02-06,246.7296600341797,252.19047745948345,241.76528055663078,248.71541182519923,29232914,257.7505828857422,273.6862342834473,245.09140955607097,42.288111324821855,3.079887831214023,8.469972866856349,-5.3900850356423256,304.13591622121214,273.6862342834473,243.23655234568238,50681204.0,0.5767999118568691,12.41042786062178,-3.6821728976082158,-0.026220914336294587,-0.057700870579924235,-2.070015707137396,0.3247587464799473
2026-02-09,248.21896362304688,255.1690946044922,248.21896362304688,255.1690946044922,15911554,256.16197814941404,273.810343170166,245.1989710489909,43.12337628851121,1.4406166354530114,7.0641016205756815,-5.62348498512267,303.7970841595471,273.810343170166,243.82360218078486,49949784.15,0.3185510061908846,11.880962088580544,0.6036175742555105,-0.2331814588317105,1.9560796184812101,1.6164172504865348,4.9942202013252945
2026-02-10,252.1904754638672,256.16197901447924,248.7154098570816,253.6797892953467,17436262,253.67979125976564,273.48765869140624,245.53820368448893,45.39305391027212,0.45668582681162206,5.74261846182287,-5.285932635011248,304.2893853419382,273.48765869140624,242.68593204087423,46380271.25,0.3759413545905038,11.355902528960787,1.600003393315097,-0.043710449322398315,2.0625133919167205,1.5295198092137197,2.1581143741346676
2026-02-11,254.1762237548828,254.1762237548828,250.70115819573402,254.1762237548828,16638142,251.4954620361328,272.3706733703613,246.0263676961263,46.541731827463146,-0.16099726018319416,4.561895317421658,-4.722892577604852,304.30927630946394,272.3706733703613,240.43207043125872,40712433.05,0.4086747156468459,10.305124266319186,0.7874001931925223,-0.2613923188501621,1.6108084869157713,1.5295198092137197,2.1581143741346676
2026-02-23,279.49456787109375,279.49456787109375,275.52306424237486,279.49456787109375,35101227,256.16197814941404,272.76782455444334,246.89513422648113,58.5219450943623,1.3765946924409604,3.9248351924255185,-2.548240499984558,304.8607079041504,272.76782455444334,240.67494120473629,38771980.2,0.9053245879868679,12.30688691297142,9.960941169944725,-0.21533548382927092,0.49857829689010646,0.24549596349081604,-0.14684137481167925
2026-02-24,298.85565185546875,301.8342796148256,283.4660750987918,284.95538897847024,80384639,266.58717651367186,273.6614128112793,248.15277735392252,64.9843091110175,4.110046999461929,3.961877553832801,0.14816944562912804,307.6563925471797,273.6614128112793,239.66643307537896,38744163.25,2.074754808390397,13.644596890406147,6.927177201277335,-0.24182185904723097,2.7464288213389976,10.068025203659836,-0.42016967721644205
2026-02-25,297.8627624511719,304.31645563761396,289.91975545247396,303.8200177001953,36041452,276.51593627929685,273.8848106384277,249.3028584798177,64.42991768808814,6.12559769209048,4.394621581484337,1.730976110606143,308.4792396511472,273.8848106384277,239.2903816257082,35414128.75,1.0177139258296732,13.744877329703993,-0.332230425669533,-0.18355200278042938,2.052545137509143,4.400493838112052,0.3375582014381484
2026-02-26,295.87701416015625,297.8627659330432,286.94113118216495,296.373452103378,45762837,285.2532440185547,274.30678329467776,250.4446657816569,63.26740941243357,7.476518197948167,5.011000904777103,2.4655172931710636,309.79168807010103,274.30678329467776,238.82187851925448,35025886.6,1.3065432867586568,13.36844498586056,-0.6666655055081461,-0.3441994373834856,0.004004083061670549,-3.196778664487987,2.207735604895733
2026-03-02,289.9197692871094,295.3805868592981,279.9910100649481,279.9910100649481,29397290,292.401953125,275.026619720459,251.42926788330078,59.78252279313986,7.9745073998677185,5.603702203795226,2.3708051960724923,311.1929619612669,275.026619720459,238.86027747965107,33717353.7,0.8718741767685048,13.704119533773572,-2.0134192884014523,0.4102837192432096,-0.901886354995296,-1.0467383597435598,-3.6296118879569073
2026-03-03,278.5016784667969,296.86988185943767,278.00524053726605,296.37344392990684,41369700,292.2033752441406,274.2571403503418,252.28976033528645,53.679439492540986,7.362947451034813,5.955551253243144,1.4073961977916696,309.37312761235,274.2571403503418,239.14115308833357,32066921.75,1.290105122110762,14.392189105559979,-3.9383622746350544,0.5099596730266498,-2.1981462640061733,-8.241081598006039,-10.378779215858202
2026-03-04,257.15484619140625,273.0408598557402,254.17621862934362,268.07648058563586,41218019,283.86321411132815,272.6437171936035,252.73655446370444,44.52724024322373,5.097015600766667,5.783844122747849,-0.686828521981182,307.7909047430552,272.6437171936035,237.4965296441518,32057040.95,1.2857711684708693,15.71662520314575,-7.664884604254052,0.6310429867452783,-4.35492612031565,-1.9571075423372997,0.5014393089057378
2026-03-05,265.59429931640625,272.54443051347107,262.11923371787384,269.06936491493866,24941339,277.409521484375,271.67566299438477,253.25781428019206,48.281537455049545,3.9368599491233454,5.414447288022949,-1.4775873388996033,306.4597106279974,271.67566299438477,236.89161536077214,32097401.15,0.7770516648199103,15.673019752334959,3.2818565350770434,-0.32772450369655814,2.5710975461891383,4.129069717996692,4.252791378188636
2026-03-06,263.11212158203125,267.5800632692733,260.13349379053653,264.10499751252945,15045724,270.85654296875,270.1863502502441,253.75425237019857,47.26827514896365,2.7850331099185155,4.888564452402062,-2.1035313424835467,303.67079119924074,270.1863502502441,236.70190930124747,31441274.9,0.47853415765910945,14.5761597158552,-0.934574929041665,0.8722728245506239,-0.21798613570590541,-0.656512637332729,2.0054680899083577
2026-03-09,246.7296600341797,246.7296600341797,238.29021492234656,240.77240466112102,28977441,262.21852111816406,268.3495300292969,254.0769371032715,41.13265452230602,0.5440033761269092,4.019652237147032,-3.4756488610201224,302.78367562259797,268.3495300292969,233.91538443599583,30635687.25,0.9458720727735592,15.942259308365797,-6.22641839887409,-0.3247034292450657,-4.431963003584727,-8.194553689120132,-6.166214701597883
2026-03-10,256.6584167480469,262.1192341256649,251.19759937042886,258.1477305783063,21214420,257.84986877441406,267.43112030029295,254.5899230957031,45.73040813869564,-0.4259510464056575,3.130531580436494,-3.5564826268421514,302.09447423798275,267.43112030029295,232.76776636260314,29819047.15,0.7114385611748161,15.86856794611505,4.024143960840276,-0.0009416103239789919,2.0599268819414984,5.729914739519226,5.142857679404256
2026-03-11,262.61566162109375,265.5942891631099,261.12634785008566,262.1192236974244,18310659,258.94203186035156,266.78575134277344,255.11945673624675,48.33764625882898,-0.7058108913216756,2.36326308608486,-3.0690739774065356,301.295042076682,266.78575134277344,232.27646060886485,29581656.9,0.6189869303771149,14.944208541974783,2.321079101370316,-0.0883622645329818,4.095952619427945,2.342048599233282,-2.377726309472461
2026-03-12,249.70828247070312,258.64416534241815,248.2189686587506,258.1477274051006,25511803,255.76482849121095,266.4630661010742,255.37594960530598,43.46523969601708,-1.9466793528531525,1.5012745982972577,-3.44795395115041,301.5071766911447,266.4630661010742,231.41895551100373,28803166.0,0.8857291243608428,14.871206464690564,-4.914931223337926,0.11834075149077528,-1.560441591332784,-1.0111804049482642,0.7886785768886684
2026-03-13,256.1619873046875,257.65130118436593,244.2474762672602,244.2474762672602,14365883,254.3748016357422,266.0410949707031,255.72345631917318,46.37578702674861,-2.3818599060103907,0.7246476974357281,-3.1065076034461185,301.3815780382898,266.0410949707031,230.70061190311645,28439096.85,0.5051455422713257,14.675555591679254,2.584497706735678,0.26499563387061276,-0.5405866913823942,-1.8817179546989804,-0.8515431802177176
2026-03-16,258.1477355957031,259.6370494549091,253.1833560650165,258.1477355957031,14363549,256.6584167480469,265.69358825683594,256.10405883789065,47.27522990566074,-2.5372623571379336,0.07226568652099574,-2.6095280436589294,301.2093712915545,265.69358825683594,230.1778052221174,28472172.0,0.5044767571648555,13.579307298107702,0.7751924131716326,0.8380462709563163,-0.1730779621546441,-1.178082541399017,-3.8765096388950204
2026-03-17,283.9624938964844,283.9624938964844,261.1263492824314,262.11922513521637,52742038,262.1192321777344,267.08361358642577,256.87353744506834,57.301769683315044,-0.5708047850856701,-0.056348407800337424,-0.5144563772853327,303.19971176096067,267.08361358642577,230.96751541189087,30198344.6,1.7465208341254572,15.210700765130841,9.999994089125352,-0.6781109201310698,1.481767774178122,5.406152350388882,1.8594469478302234
2026-03-18,278.5016784667969,293.89125428225265,274.5301750305502,289.919750846006,58759053,265.296435546875,268.67221450805664,257.4527150472005,54.922410041759356,0.5407513956080265,0.06307155288133537,0.4776798427266912,303.8002070123598,268.67221450805664,233.5442220037535,31674651.55,1.8550812755507644,15.76408456334039,-1.9230763030550713,-0.18782115046350745,1.5131788114791656,1.1046867758443657,3.935522535698177
2026-03-19,273.0408630371094,281.48030789462,270.0622354403409,271.55154923872516,31568415,269.96295166015625,269.91330947875974,258.0980842590332,52.571546129212564,0.9698457320099578,0.24442638870705988,0.7254193433028979,303.7280636744482,269.91330947875974,236.09855528307128,32457494.6,0.9726078795989386,15.184616282132222,-1.9607836691506786,0.45852337777712027,-1.9182699065508957,-2.497397882724406,-2.9425248013993377
2026-03-20,269.0693664550781,284.9553807107285,264.60142494567646,278.00524947388146,30413979,272.5444274902344,270.7572540283203,258.65244013468424,50.866291043622596,0.9781638382367532,0.39117387861299857,0.5869899596237547,303.53624971794983,270.7572540283203,237.97825833869075,33106380.45,0.918674243049122,15.873861546521532,-1.4545429346564442,-0.7152438188559485,-0.432775801380203,-2.497397882724406,-2.9425248013993377
2026-03-23,251.19760131835938,256.16198079105425,248.71541158201194,253.1833531074373,27422702,271.15440063476564,270.60832290649415,259.01649475097656,43.95657241759699,-0.452134167372094,0.22251226941598007,-0.674646436788074,303.7297994567334,270.60832290649415,237.4868463562549,33645608.45,0.8150455070756789,16.471207323394154,-6.642066085847976,0.6905285819817086,-2.448670019784016,-6.403416705603648,-3.995297544157206
2026-03-24,248.7154083251953,256.1619774367281,244.24746685827563,256.1619774367281,18074666,264.1049835205078,269.0693649291992,259.4715629577637,43.081243450375325,-1.7655951892567714,-0.17510922231857023,-1.5904859669382012,303.29422360269564,269.0693649291992,234.84450625570278,32794280.4,0.5511529992284875,15.863647757401928,-0.9881435890059409,-0.49873146018064585,-0.3369539785315956,0.9977181465204099,-0.24479897214841895
2026-03-25,258.1477355957031,261.12636331411505,255.16910787729117,255.66554583035983,13485912,260.03419494628906,267.0339691162109,260.11693242390953,47.37015938851575,-2.0221029860859403,-0.5445079750720443,-1.477595011013896,298.5335827961559,267.0339691162109,235.53435543626597,29449344.05,0.4579359043482668,15.403288721604303,3.7924177412341997,0.20024107948439784,2.535456425815963,3.3022847492585328,2.552146077061379
2026-03-26,260.13348388671875,266.09073924290317,257.15485620862654,257.15485620862654,13320530,257.4527191162109,265.14750518798826,260.845041402181,48.254170058869384,-2.041619453422811,-0.8439302707421977,-1.1976891826806133,293.2042115606766,265.14750518798826,237.09079881529993,28313297.95,0.47046903626428305,14.540967963293948,0.7692294051827808,0.03163401045052083,-0.3035017473458024,1.7213159238943732,0.33500493719424984
2026-03-27,258.1477355957031,259.14061150184045,251.69404220581055,256.16198378342847,11515166,255.26839294433594,263.26104125976565,261.4738629659017,47.39681775413831,-2.192051085480898,-1.113554433689938,-1.0784966517909602,287.4211140154955,263.26104125976565,239.1009685040358,26600914.4,0.43288609657719135,13.727431125642516,-0.7633574353236194,-0.018472719949447214,-0.6750069219611743,0.5909157615554328,0.6677845590941978
2026-03-30,256.1619873046875,256.1619873046875,248.21897994640264,251.69404566565225,12141845,256.2612701416016,261.57315216064455,262.00339686075847,46.50694690045078,-2.4433372581945605,-1.3795109985908625,-1.063826259603698,282.37470925683004,261.57315216064455,240.7715950644591,25738142.15,0.471745199371354,13.220941062130244,-0.7692294051827697,0.14719379020335932,-1.7951772733723503,-4.743935309973047,-4.3291078689308815
2026-03-31,241.76527404785156,256.65841207954674,241.26883611346173,254.67266034198738,19775373,254.87124328613282,259.73633193969727,262.3509033203125,40.561128165560184,-3.7608253483793987,-1.8557738685485696,-1.9050514798308291,280.7308001618613,259.73633193969727,238.74186371753325,24658425.8,0.8019722410665809,13.510092382657545,-5.620159887232612,0.1938961860005195,-2.4453103067768933,-3.5370684776457217,-1.7000000000000015
2026-04-01,249.70828247070312,254.17622390656064,249.21184453338563,250.70115834533811,11740766,253.1833526611328,259.36400375366213,262.83079325358074,44.75749594018987,-4.116556651990436,-2.3079304252369433,-1.8086262267534927,280.8104938239746,259.36400375366213,237.91751368334968,23184563.15,0.5064044521365071,13.363540046131083,3.2854215536675557,-0.31555578204207624,4.5765864674125245,7.685538281020832,5.4425228891149535
2026-04-02,244.24746704101562,255.1691017461017,243.25459115873508,254.17622586382114,13335778,250.0061492919922,258.2966621398926,263.19484786987306,42.53419446510767,-4.783971791353196,-2.803138698460194,-1.9808330928930018,280.54729399169923,258.2966621398926,236.04603028808592,22604285.1,0.5899668112043056,13.17033611829582,-2.186877974433299,0.20069684313648306,-1.8158067453737603,-5.257423045491693,-6.150506512301012
2026-04-07,254.1762237548828,255.16909962892532,247.7225305736065,248.21896851062775,12566482,249.21184692382812,257.84986724853513,263.74920349121095,47.62812215779968,-4.46031962090035,-3.1345748829482254,-1.3257447379521246,280.0521776257953,257.84986724853513,235.64755687127493,22480323.0,0.5589991745225369,12.870508980911005,4.06503978696322,-0.15330159053532633,2.0182425176967334,-0.5516154452324673,2.7715911902994383
2026-04-08,269.5657958984375,271.551547617763,262.1192269509669,265.5942924597865,22773371,251.89260864257812,258.99167404174807,264.5104082743327,54.378515097667304,-2.928257953157754,-3.093311496990131,0.16505354383237725,281.13478181819926,258.99167404174807,236.84856626529688,22170119.5,1.027210114947734,13.471150965173562,6.054685964016748,-0.06266985661774749,4.6089884909003676,5.652403592181732,5.947507825668197
2026-04-09,279.49456787109375,279.9910058246836,271.05512266006605,274.0337503816053,33963270,259.43846740722654,260.1334815979004,265.34607899983723,58.12829064366228,-0.9025154868436971,-2.655152294960845,1.7526368081171477,284.05377415187115,260.1334815979004,236.21318904392965,22807562.0,1.4891232127309355,13.065025493316568,3.6832462143665534,-0.5443006460909006,0.28704629430582607,-0.24999999999999467,0.9090909090909038
2026-04-10,282.9696350097656,289.9197663959704,280.9838831851357,287.93401457134047,31491661,266.0907379150391,261.151180267334,266.0741882324219,59.38651604446875,0.9721030888444488,-1.929701218199786,2.9018043070442348,287.15713648273817,261.151180267334,235.14522405192977,23466612.1,1.3419773108194002,12.713048564191244,1.2433397776355326,0.01702281183058041,1.596814237549693,3.9097744360902187,4.054054054054057
2026-04-13,301.33782958984375,308.784398690087,289.91975696947077,298.3592019497464,95999683,277.50881042480466,263.732657623291,267.0587900797526,65.31877548077675,3.8950123315825067,-0.7647585082433275,4.659770839825834,294.72745420091053,263.732657623291,232.73786104567148,26991006.1,3.556728587453433,14.459943913008596,6.491224607701884,0.1298647737427494,0.11141546387523071,0.5788712011577379,-1.904761904761909
2026-04-14,309.77728271484375,311.7630345271184,296.8698959350586,309.2808447617751,69139257,288.6290222167969,266.41342239379884,268.02684427897134,67.65637997293652,6.8138860635672245,0.750970406118783,6.062915657448442,303.35514086284803,266.41342239379884,229.47170392474968,29729674.8,2.325597486858484,14.51770320354876,2.8006616814381102,-0.39601185393721705,2.3657534273739955,3.812949640287777,0.3089143865842914
2026-04-15,319.7060241699219,329.63478268451576,314.24520698689525,319.20958624419217,74637775,298.6570678710938,269.49133682250977,269.1686513264974,70.20110763858702,9.81513817976014,2.5638039608470544,7.251334218913086,313.1758248741492,269.49133682250977,225.8068487708703,32743386.1,2.279476373398046,15.229676105698525,3.205122521594883,-0.3925227774549067,1.1737329455939083,4.412104412104423,-1.1658600967883848
2026-04-16,322.6846618652344,329.13835510253904,302.330706270658,317.7202824519231,67201907,307.2950866699219,271.4274452209473,270.61659545898436,70.93979309760512,12.292305230195382,4.509504214716721,7.782801015478661,320.8658364079739,271.4274452209473,221.98905403392064,33466379.55,2.0080423369249694,16.77340580252286,0.9316801905895122,0.22210138777056798,1.1161628904905463,6.017699115044239,13.064767415980416
2026-04-17,314.2452087402344,334.1027258802176,313.7487708117348,327.64903280972305,48902578,313.5502014160156,273.21462173461913,271.85769017537433,65.95135637327962,13.419789647428729,6.291561301259122,7.128228346169607,326.1876438337047,273.21462173461913,220.24159963553353,32973555.8,1.4830847572708552,17.250812371317515,-2.615387132507907,-0.09180779659778704,-0.8824720325923185,-4.006677796327207,2.9921259842519587
2026-04-20,317.2238464355469,327.1526053224185,313.25234288079827,317.7202843798905,30695247,316.72740478515624,275.423770904541,273.0491411844889,66.83771019167166,14.387826432665747,7.910814327540448,6.477012105125299,331.9333787500746,275.423770904541,218.91416305900742,32929897.4,0.9321391629966026,16.80407238069121,0.9478705203663784,-0.28518965390006423,0.41968131518117513,3.0000000000000027,-2.828746177370034
2026-04-21,320.69891357421875,326.65616893473054,314.74165821370696,323.67754125447465,32767915,318.91173095703124,278.00524826049804,274.0833869934082,67.88798995299592,15.25950931042172,9.380553324116704,5.878955986305016,337.907843812087,278.00524826049804,218.10265270890912,33047594.2,0.9915370783631808,16.152130826068863,1.0954621406048526,-0.15571306004650287,1.748727177527587,1.5196285352469419,1.337529504327306
2026-04-22,313.2523498535156,326.6561746491494,313.2523498535156,326.6561746491494,29016493,317.62099609375,281.10798568725585,274.6956606547038,63.26422178773375,15.17452631885908,10.53934792306518,4.635178395793901,341.58972399417735,281.10798568725585,220.62624738033435,33127283.75,0.8759092118441495,15.785690022010854,-2.3219797154004906,0.20051473340130244,0.7269208348100964,2.099792099792097,4.833074534161486
2026-04-23,292.89837646484375,317.7202727754237,287.4375592765162,313.74876936573094,56753431,311.6637390136719,283.31713409423827,275.05144119262695,52.69890208237057,13.311336339263732,11.09374560630489,2.2175907329588433,342.01855645453213,283.31713409423827,224.6157117339444,35061222.0,1.6186951783939534,17.718626485597078,-6.497628317294312,-0.04828048118112882,-0.4338092798431781,-1.995520260639383,-1.4256619144602856
2026-04-24,294.8841247558594,298.85562811957465,287.9339938693576,293.3948109944661,31605205,307.79152221679686,285.1539535522461,275.28311182657876,53.514547156326365,11.858283240695812,11.246653133183074,0.6116301075127382,342.82934140089844,285.1539535522461,227.47856570359372,35967186.65,0.8787233015346225,16.812360854213072,0.6779649361607021,0.2008465924816294,3.230220091059155,2.555578641180145,1.0330578512396604
2026-04-27,302.8271484375,307.79152792008193,290.4161997310451,297.862768954918,32412418,304.9121826171875,287.2886367797852,275.44031753540037,56.72876722067285,11.218345713678673,11.240991649282194,-0.022645935603520684,344.2203959159727,287.2886367797852,230.3568776435977,36921781.05,0.8778671309519616,16.887423165522907,2.69360844305091,-0.28544291350430795,1.757483474460031,-0.4051863857374438,1.059676519799213
2026-04-28,324.1739807128906,326.6561704580123,304.81290070094155,307.7915283950876,49765073,305.60719604492186,290.5899490356445,276.05259119669597,63.94424923602213,12.29200696987948,11.451194713401652,0.8408122564778289,348.0615583473155,290.5899490356445,233.11833972397352,38834276.4,1.2814729052090694,17.812969679521494,7.049180493074703,0.04993443489185179,-0.23954193004298574,-1.5459723352318933,-1.5084621044885949
2026-04-29,319.7060241699219,326.1597172044079,315.23808283835467,322.6846517243,27495750,306.89793090820314,293.76715087890625,276.78897425333656,61.62790207240704,12.636696526496564,11.688295076020633,0.9484014504759308,350.24211406263834,293.76715087890625,237.29218769517416,39601971.65,0.6943025524841514,16.89412497105906,-1.3782588390170214,0.18216274879112593,-0.5521784247846995,-1.5459723352318933,-1.5084621044885949
2026-04-30,314.74163818359375,330.6276514673083,314.74163818359375,320.6988931649867,34586570,311.26658325195314,297.41596908569335,277.13648045857747,59.06759119219041,12.366725114378312,11.82398108369217,0.5427440306861424,348.95891674559135,297.41596908569335,245.87302142579534,40342531.5,0.8573227488215508,16.759710079413125,-1.5527971358117343,0.3601646494638011,-0.9588741301665205,6.528925619834713,7.975345536047818
2026-05-04,340.05999755859375,342.54218732179515,311.7630342580976,324.670421026745,53410771,320.3017578125,301.9335548400879,277.98042526245115,66.67219698609549,14.033975894178866,12.26598004578951,1.767995848389356,351.6771639726121,301.9335548400879,252.18994570756365,42426031.75,1.2589150763552144,18.62896914398438,8.044172204578604,-0.047513033458257414,4.5688819420590665,-0.3491078355314148,-3.9785504238021074
2026-05-05,346.0172424316406,354.9531253064893,338.57067336926673,342.0457389317079,38973625,328.9397766113281,307.0220436096191,278.9981229146322,68.17061249752206,15.655516969146845,12.943887430460977,2.7116295386858678,352.5629078785573,307.0220436096191,261.4811793406809,43707924.1,0.8916832771749047,18.32943351641614,1.7518217125848334,0.13943942787038033,0.1575929637265494,-0.3491078355314148,-3.9785504238021074
2026-05-06,335.592041015625,358.9246237489599,328.64190998867423,357.43530995747045,43188677,331.223388671875,311.09283447265625,279.70968399047854,62.845560375123384,15.915904684506302,13.538290881270044,2.377613803236258,350.94386317988824,311.09283447265625,271.24180576542426,45239033.85,0.9546772626312399,19.923204215598744,-3.0129138486719276,-0.16773054363118378,0.9064727604973788,-0.3491078355314148,-3.9785504238021074
2026-05-07,368.8533935546875,368.8533935546875,335.0956132562773,343.038620385315,51576419,341.0528625488281,316.0572143554688,281.1328061421712,70.7074077399624,18.591861590715894,14.549005023159214,4.042856567556679,358.76153984370217,316.0572143554688,273.3528888672354,46679186.25,1.1049125561823605,21.767814359973606,9.91124593968362,-0.4644147517347985,1.9323088936799904,9.92604126119112,4.3415600792650055
2026-05-08,386.2287292480469,397.1503642653438,366.8676489901114,387.22160515871025,94993275,355.35028076171875,321.39392242431643,282.9861747741699,73.82345604270286,21.862602622792338,16.01172454308584,5.850878079706497,370.98167037481323,321.39392242431643,271.8061744738196,49730686.5,1.910154105755206,22.903134482008113,4.710634630716304,-0.020386521399129442,-0.7865731014896293,3.5764872521246494,0.9495856353591181
2026-05-11,388.7109069824219,395.66103814175,367.3640755644856,391.6895346221339,50647239,365.08046264648436,326.68098602294924,284.8726392110189,74.24495169425678,24.374011027044048,17.684181839877482,6.689829187166566,381.3109898555645,326.68098602294924,272.05098219033397,50688465.4,0.9991866709778119,23.62231156137562,0.6426704039359299,-0.29019653733958206,0.44735470056218585,1.8803418803418737,0.4275696938601081
2026-05-12,416.5114440917969,426.93664114296223,387.7180427123878,396.15748794428356,61941913,379.17930297851564,332.4396667480469,287.5451301574707,78.43351556490117,28.281578850757853,19.803661242053558,8.477917608704296,398.8357110326653,332.4396667480469,266.04362246342845,48985576.9,1.2644928756570386,25.701816477268796,7.151982774342924,0.16229616472482888,0.2590609403122279,1.9798657718120838,0.8514986376021882
2026-05-13,417.00787353515625,424.4544427054269,401.12185930524555,407.07911464146207,52265286,395.46246948242185,337.8011962890625,290.08523788452146,78.50075360394825,31.060367627203277,22.0550025190835,9.005365108119776,413.1995667556072,337.8011962890625,262.4028258225178,48141878.35,1.0856511584367792,25.38591873365714,0.11918746781180989,0.4762074815726436,-1.2502179290078241,0.18098058571898168,-1.5028706518068202
2026-05-14,458.7086486816406,458.7086486816406,458.7086486816406,458.7086486816406,16396375,413.4335205078125,344.75132751464844,293.31208419799805,83.23040843720696,36.21007459904155,24.886016935075112,11.324057663966435,436.8935894758296,344.75132751464844,252.60906555346727,45229808.35,0.3625125906596949,27.561232922034105,9.999997072709643,0.18380143583822672,0.9117934959939067,4.1057644933486515,5.331733241899528
2026-05-15,452.2549743652344,488.9913828208077,444.3119671315969,458.70866774256484,114743261,426.63876953125,351.22984313964844,296.58030064900714,80.28668283082337,39.31727185830073,27.77226791972024,11.54500393858049,454.3997144516173,351.22984313964844,248.0599718276796,47606876.05,2.410224541502971,29.843657290991004,-1.4069223100446338,0.01710987032821354,-1.3877038088223825,-2.965767471209968,-2.571614583333337
2026-05-18,497.4308166503906,497.4308166503906,464.1694746188775,471.61604373041024,90065287,448.38275146484375,360.3891235351563,300.75865325927737,84.43633029285009,44.90739648179772,31.199293632135735,13.708102849661984,480.81653715896425,360.3891235351563,239.9617099113483,49665011.5,1.81345547458496,31.88794862354637,9.989020540584015,0.07160020197189976,-0.6813771830388338,0.32515038205169766,-0.5178750417641154
2026-05-19,493.4593200683594,512.3239620830451,482.0412472699969,497.43082365039845,87505631,463.77232666015624,369.2008972167969,304.84599253336586,82.78648376232047,48.45854400669117,34.65114370704683,13.807400299644343,501.5319082002504,369.2008972167969,236.8698862333433,52505530.7,1.666598353228339,31.673917448813285,-0.798401797615711,-0.1041563196208406,-1.751601452995355,0.1458434613514914,0.26868178001679954
2026-05-20,516.2954711914062,541.1173688448392,499.4165807870718,510.33821575458234,83354990,483.6298461914063,378.98072509765626,309.2477424621582,84.6444315097252,52.510235245335764,38.22296201470461,14.28727323063115,524.4752204396929,378.98072509765626,233.4862297556197,55034884.45,1.5145846281503366,33.805134959168825,4.627767719511988,0.5549209970649338,-0.38515527018477824,-0.25889967637540146,-1.4235471445319003
2026-05-21,567.9249877929688,567.9249877929688,556.0104775595498,557.0033534123347,24105138,505.4731140136719,391.71435699462893,314.47688852945964,87.8400534955168,59.20482389060544,42.41933438988478,16.785489500720658,556.3114000696552,391.71435699462893,227.11731391960268,54789316.7,0.4399605516525815,36.18171917815465,9.999994089125352,-0.434932134128041,3.3667241562741257,9.133679428942255,6.727828746177367
2026-05-22,624.5189208984375,624.5189208984375,595.7255207298291,600.6899000692443,72182688,539.9259033203125,408.2953842163086,320.22729441324867,90.238200874625,68.28978887305522,47.593425286518865,20.69636358653635,596.1489912672906,408.2953842163086,220.44177716532658,55560779.55,1.29916622093183,38.903347701796534,9.965036637215107,-0.12788229491633718,2.1749981256365514,5.990783410138256,7.2906717605857985
2026-05-25,686.0772094726562,686.0772094726562,657.2838099434131,674.1626993226246,65747307,577.6551818847656,427.85503845214845,326.68098704020184,92.07014010383517,79.54004042507694,53.982748314230484,25.557292110846454,645.1453711184674,427.85503845214845,210.5647057858294,57267884.65,1.1480659256374333,41.92400648478616,9.856913299866177,-0.354352809800873,3.256436796480777,11.192145862552593,10.237388724035611
2026-05-26,656.2909545898438,673.1698444960879,626.5046782847071,669.1983409887363,27484984,610.2215087890625,445.5282287597656,332.654790242513,83.8686133425833,85.07178936635017,60.200556524654424,24.87123284169575,677.033978407954,445.5282287597656,214.02247911157718,57021512.95,0.48201078116079693,44.277143111874565,-4.341531021808365,0.029903373699946556,-0.27272077978219844,1.879414732593343,-2.3687752355316283
2026-05-27,696.0059814453125,721.8207539382913,678.1342158732502,678.1342158732502,23677342,646.1636108398437,464.11982879638674,339.3236063639323,85.69796568367386,91.60445191147221,66.48133560201799,25.12311630945422,713.6141096310602,464.11982879638674,214.62554796171335,55717126.4,0.4249562662298392,47.1108306100843,6.051435964143237,-0.007951228100844254,1.6804674357044913,-3.181874458338496,-0.5238489109456901
2026-05-28,736.7139282226562,763.5215779019173,703.9490230591149,703.9490230591149,23497917,679.9213989257812,484.97022399902346,346.77017567952475,87.28911348036063,98.92606701696604,72.97028188500761,25.955785131958436,752.682775373758,484.97022399902346,217.25767262428894,55517234.75,0.42325445613085044,49.83146605628704,5.84879266307603,0.06360275198662446,-1.4017266590648503,9.18158567774936,5.210643015521055
2026-05-29,732.7423706054688,778.4146592881945,729.7637430826823,769.4787767198351,27645131,701.5660888671875,505.87026062011716,354.3408538818359,86.28057588074323,103.21819314990529,79.01986413798714,24.198329011918148,782.7360205555397,505.87026062011716,229.00450068469468,55170162.8,0.5010884434076748,49.674059409517064,-0.5390908825042895,-0.1331620395565447,2.512808021606805,12.73131881002576,8.219178082191792
2026-06-01,784.3719482421875,805.2223418030558,759.5500511459157,759.5500511459157,30698081,721.2250366210938,528.0858581542968,363.1278055826823,88.19076423308145,109.52329311510982,85.12054993341168,24.402743181698142,819.8352365643998,528.0858581542968,236.33647974419392,54034528.3,0.5681197183690415,52.71484764792639,7.046075088309278,-0.03531969758715503,1.352401006913162,8.987012987012989,-0.09737098344693162
2026-06-02,839.9729614257812,840.9658372667101,751.6070115831163,765.5072733561198,21640270,757.9614379882812,552.7836441040039,372.70078328450523,89.83256525286023,117.65046601286315,91.62653314930198,26.02393286356117,862.7018152403282,552.7836441040039,242.86547296767958,53167860.55,0.4070178821592625,57.60071138601538,7.088602965493362,-0.2623166699323165,0.48391828547871274,-2.4785510009532885,-6.21345029239766
2026-06-03,814.158203125,837.9872237042683,804.229444550305,804.229444550305,15243405,781.5918823242188,576.7119522094727,381.8848846435547,83.9938630546565,120.61786615647804,97.4247997507372,23.19306640574085,889.905094191865,576.7119522094727,263.5188102270803,51770596.95,0.2944413605027979,54.68641878461017,-3.073284437270807,0.47142964549633515,1.9795979840295574,1.8572825024437911,2.6240581969342758
2026-06-04,737.706787109375,782.386202210212,737.706787109375,769.4788156255257,20895235,781.7904541015625,595.154621887207,390.0678367614746,69.57206056610534,115.4695012745143,101.03374005549263,14.435761219021671,900.1442679718175,595.154621887207,290.16497580259653,50236537.75,0.4159370039389309,57.58841841541214,-9.390240830612528,0.08672630642823087,-1.682551333517468,-4.95201535508637,0.0
2026-06-05,763.5215454101562,772.457428256309,665.2268341024768,702.956117230677,26975172,787.9462890625,614.0192626953125,398.51555557250975,71.36023023010534,112.17928727104936,103.26284949860397,8.916437772445391,911.1701720448643,614.0192626953125,316.8683533457606,46835632.6,0.5759540440156241,64.20737518053481,3.4993250369748763,-0.007936817364084803,-1.3278310983176,-2.110258481421645,4.075949367088616
2026-06-08,745.6497802734375,745.6497802734375,688.0629796664343,688.0629796664343,23963998,780.20185546875,631.8662063598633,406.5661242167155,68.36484237076459,106.89741996659018,103.98976359220121,2.9076563743889636,914.5641552456278,631.8662063598633,349.1682574740988,45501470.55,0.5266642530523665,65.7075339222931,-2.340702137896866,0.2701335531519966,-3.4793152912322878,-10.149561629706039,-9.632692775480422
2026-06-09,820.115478515625,820.115478515625,766.5001808886955,784.3719467643386,48459597,776.2303588867187,652.0464080810547,416.0729108174642,73.3789680009625,107.48128424632978,104.68806772302693,2.7932165233028456,927.5464980420738,652.0464080810547,376.54631812003544,44827354.75,1.0810273608660792,66.87528916494568,9.98668546712107,-0.01931012262229581,2.7622605307562997,11.261623234990248,3.2301480484522305
2026-06-10,813.1653442382812,901.5312973972642,797.2793301872281,857.8447587568681,92059082,776.031787109375,671.854281616211,425.35630009969077,72.22828910338,106.15944316421417,104.98234281126439,1.177100352949779,932.7820129853126,671.854281616211,410.92655024710933,46817044.55,1.966358254453292,71.8588462376244,-0.8474580055388259,-0.13014202626587812,-3.308177660269873,-10.751134956665286,-5.0847457627118615
2026-06-11,836.00146484375,854.8661059744285,755.5785210761209,843.9444716356146,113782650,795.69072265625,690.7189224243164,434.9871955871582,73.68826552778461,105.73570329730387,105.13301490847229,0.6026883888315808,941.1044475666681,690.7189224243164,440.3333972819646,51686358.3,2.2014058204599802,75.51601139238217,2.808299783958468,0.3452662184263211,-0.17600272119220328,3.6647398843930645,-2.1703296703296737
2026-06-12,855.0,919.0,852.0,919.0,86064459,813.9864135742188,710.8561737060547,444.5044873555501,74.87181599989121,105.71430075538206,105.24927207785424,0.46502867752781185,944.7271990465769,710.8561737060547,476.9851483655326,50252418.2,1.7126431340571784,76.51368122756455,2.2725480702119105,-0.22369454265829258,2.3628988702241616,-4.583472733355642,-1.6006739679865212
2026-06-15,940.0,940.0,921.0,921.0,39733400,852.8564575195312,732.9846328735351,455.5294593811035,79.34778809251188,111.27343778657871,106.45410521959914,4.819332566979568,965.5753075915372,732.9846328735351,500.39395815553297,47735823.85,0.8323602023682262,77.6451903972226,9.941520467836252,0.10766774191464101,2.7801130493521287,17.57830762038335,11.472602739726035
2026-06-16,950.0,1000.0,950.0,970.0,77130141,878.8333618164063,755.8116668701172,466.81211166381837,79.80357980267509,115.15853446017627,108.19499106771458,6.963543392461688,978.8383722856596,755.8116668701172,532.7849614545747,47217049.35,1.6335231036625544,75.2924983442596,1.0638297872340496,-0.298612606480253,0.9079966328300548,4.671968190854869,-2.662570404505893
2026-06-17,984.0,998.0,930.0,936.0,54391641,913.00029296875,779.1968933105469,478.7276222229004,81.31362037888775,119.60231636159676,110.47645612649103,9.125860235105733,994.4244888222045,779.1968933105469,563.9692977988893,45768881.9,1.188397853345856,74.32016523169165,3.5789473684210593,0.143723164615861,0.14887671372583178,3.1813865147198417,0.7364544976328213
2026-06-18,1080.0,1080.0,974.0,1015.0,90546467,961.8,804.8006439208984,492.54099553426107,84.77499537475026,129.37904216628124,114.25697333444909,15.122068831832152,1035.4836161247765,804.8006439208984,574.1176717170204,49090948.35,1.8444635934599947,78.54414320079943,9.756097560975618,0.2360263790704975,1.2812598662263142,8.099401748734468,0.6527415143603221
2026-06-22,1065.0,1120.0,1040.0,1115.0,59102597,1003.8,826.8246978759765,506.14573872884114,82.21248307003249,134.3678838404212,118.2791554356435,16.088728404777697,1068.8645102181786,826.8246978759765,584.7848855337745,48436943.8,1.2201966590633657,78.73825744069285,-1.388888888888884,0.2089372068782236,2.746813790663727,4.255319148936176,3.9396265029419286
2026-06-23,1020.0,1085.0,1020.0,1060.0,44344657,1019.8,843.5208374023438,518.8432764689128,74.89814262411039,133.15551895445765,121.25442813940634,11.901090815051305,1090.6952511952068,843.5208374023438,596.3464236094807,47366811.3,0.9361967965109782,76.90648978193381,-4.225352112676061,-0.04731370199756446,-1.3423606797903442,-10.16326530612245,-2.9534826482894405
2026-06-24,1050.0,1075.0,985.0,1005.0,47711122,1039.8,863.2062896728515,532.0077184041342,76.40525657070137,133.08138100728445,123.61981871298198,9.461562294302468,1110.3075607969433,863.2062896728515,616.1050185487599,48378118.2,0.9862128535623776,78.65229114434264,2.941176470588225,0.0476551235367495,-2.244229984227597,0.22716946842344932,-3.2208977935582084
2026-06-25,1125.0,1155.0,1040.0,1070.0,58912037,1068.0,884.6559906005859,546.4552561442057,79.6885249677753,137.4896047693876,126.39377592426311,11.095828845124487,1144.7809167441237,884.6559906005859,624.5310644570482,50139852.95,1.174954323435047,83.49865232509696,7.14285714285714,0.3340466665395114,0.45969504788345716,7.207615593835004,2.4109014675052443
2026-06-26,1015.0,1100.0,1015.0,1100.0,52009610,1055.0,898.5702941894531,559.1025563557943,65.32972724795631,130.60157945742412,127.23533663089532,3.3662428265288042,1155.1219989541837,898.5702941894531,642.0185894247224,51565437.6,1.0086137618659519,87.03216534841737,-9.777777777777775,0.16348102632479655,-3.6395859356203264,-8.921775898520078,-8.52098259979529
2026-06-29,1040.0,1065.0,979.0,985.0,39888813,1050.0,913.9331756591797,572.4064684549968,66.79415784850102,125.71094333600058,126.93045797191638,-1.2195146359158002,1165.4223365382793,913.9331756591797,662.4440147800801,52177621.7,0.7644812411984657,86.89454330196172,2.4630541871921263,-0.04080504718203537,0.9605559714053191,-0.278551532033422,0.5034965034965033
2026-06-30,1140.0,1140.0,1045.0,1065.0,55005053,1074.0,931.7145782470703,587.2446637471517,71.90592386790331,128.42385300342085,127.22913697821728,1.1947160252035616,1194.660969640066,931.7145782470703,668.7681868540747,53392970.3,1.0301927892556297,88.64193752836682,9.615384615384626,0.05934599029766563,2.50225391133696,6.098696461824948,-0.6401335930976915
2026-07-01,1140.0,1220.0,1130.0,1200.0,69879190,1092.0,946.7159301757813,602.1738726298014,71.90592386790331,129.0858323382554,127.60047605022491,1.4853562880304736,1221.587882760932,946.7159301757813,671.8439775906306,55804916.3,1.2522049065415408,88.82301252458458,0.0,-0.09885131953493165,1.9361745317864276,4.344010530934628,3.6414565826330625
2026-07-02,1055.0,1125.0,1040.0,1095.0,43599999,1078.0,958.7580200195313,615.52093556722,62.431581082355514,121.35278671924243,126.35093818402842,-4.998151464785991,1230.259868120676,958.7580200195313,687.2561719183866,57222746.0,0.761934755804973,90.31327752130663,-7.4561403508771935,0.1897318900919931,-0.5845045481542077,-8.536585365853655,-1.0810810810810811
2026-07-03,1045.0,1075.0,999.0,1010.0,36974803,1084.0,974.1226806640625,628.4448389689128,61.40648535904514,113.11347420612128,123.70344538844701,-10.589971182325726,1227.100953014422,974.1226806640625,721.1444083137031,58026724.4,0.6372030022773438,88.40484051846576,-0.9478672985781977,0.11318580885453233,0.07800105377469002,1.885057471264373,1.0655737704918122
2026-07-06,1005.0,1055.0,985.0,1045.0,39646295,1077.0,986.1966033935547,640.5365961710612,57.350102305203976,102.17824674762323,119.39840566028226,-17.22015891265903,1219.1074778381546,986.1966033935547,753.2857289489547,58660280.55,0.675862689852069,85.95086178267033,-3.8277511961722466,-0.009085485277215977,-0.4793234110779254,-7.490974729241873,-5.3527980535279855
2026-07-07,905.0,1025.0,905.0,1000.0,61372151,1030.0,994.1641143798828,650.9037689208984,48.69057283141369,84.46912840552227,112.41255020933028,-27.943421803808008,1201.9777950891728,994.1641143798828,786.3504336705928,60530688.2,1.0139014246330673,90.49074687831428,-9.950248756218905,0.3974618785651973,-2.31392776703252,-10.126829268292681,-4.113110539845755
2026-07-08,891.0,930.0,856.0,906.0,67677034,980.2,997.7083404541015,660.7314717610677,47.60679134433511,68.5150427710497,103.63304872167417,-35.118005950624465,1195.1843478215528,997.7083404541015,800.2323330866501,61491560.05,1.1005906167443218,88.29198062787239,-1.5469613259668558,0.25268356539331904,0.5613583571852931,-2.008250108554055,-1.7575215966636915
2026-07-09,900.0,948.0,900.0,915.0,49819016,949.2,1002.0500732421875,670.5685170491537,48.40190582379729,55.952553538673214,94.096949685074,-38.14439614640078,1185.7824091793618,1002.0500732421875,818.3177373050132,59379556.75,0.8389927228616438,84.11971654415606,1.0101010101010166,-0.08308174762022835,-0.8304486270893752,4.9628891104464445,2.546998180715576
2026-07-10,900.0,900.0,900.0,900.0,0,920.2,1005.25,680.2400833129883,48.40190582379729,45.47251150716829,84.37206204949287,-38.899550542324576,1178.7500379189958,1005.25,831.7499620810042,53690424.25,0.0,72.90375433826858,0.0,-0.03737569847767075,-0.8304486270893752,4.0633245382585725,0.20697811945593614
2026-07-13,816.0,921.0,810.0,921.0,67936028,882.4,1003.3,688.4620056152344,41.57271568489493,30.04259240548015,73.50616812069033,-43.46357571521018,1184.6111312517455,1003.3,821.9888687482544,52784002.7,1.2870571484719933,77.98325375983278,-9.333333333333337,0.005918645015356994,0.057127944892587657,-8.052738336713993,-5.488344644437893
2026-07-14,778.0,823.0,737.0,798.0,78184205,857.0,995.2,696.1912521362304,38.898890840946166,14.57991969155944,61.72091843486416,-47.14099874330472,1201.2103216627197,995.2,789.1896783372805,54706542.95,1.4291563821069413,79.05215325852174,-4.656862745098033,0.19595735310091733,-1.4159606790255297,0.3750275755570298,0.9678426475179469
2026-07-15,798.0,813.0,773.0,799.0,50194080,838.4,987.6,704.2041880289713,41.04797951749887,3.894578736874564,50.155650495266244,-46.26107175839168,1211.1035852767852,987.6,764.0964147232148,53359739.9,0.9406732509204004,73.84519949071884,2.570694087403602,-0.08736726929839955,1.9975001997308173,0.0,0.37105751391466324
2026-07-16,776.0,807.0,775.0,775.0,41847682,813.6,977.2,711.792539469401,39.40608264989854,-6.276495557956991,38.8692212846216,-45.145716842578594,1219.9384123745222,977.2,734.4615876254779,52732541.95,0.7935836288658183,68.265839558623,-2.7568922305764465,0.23962128796235493,-0.014484209344078902,-7.692307692307687,-4.959950708564387
2026-07-17,699.0,724.0,699.0,710.0,31497885,773.4,958.15,718.2216669718424,34.24331460852369,-20.316209087435027,27.032135210210278,-47.348344297645305,1225.4753684773991,958.15,690.8246315226007,49780112.85,0.6327403293542353,69.43039428413994,-9.922680412371133,0.16578843836740909,-6.473889757658291,-9.142857142857142,-3.792544570502432
2026-07-20,630.0,666.0,630.0,663.0,30769263,736.2,936.4,723.840027364095,30.399763950452666,-36.58873439870786,14.307961288426652,-50.89669568713451,1235.962066321732,936.4,636.837933678268,48363446.15,0.6362090679925628,69.37300837958794,-9.871244635193133,0.15093593640875813,-0.5192494034838457,-9.142857142857142,-3.792544570502432
2026-07-21,670.0,680.0,608.0,621.0,92602982,714.6,918.9,730.0919586181641,34.957504439649725,-45.730015091030396,2.3003660125352443,-48.03038110356564,1238.1450964054825,918.9,599.6549035945175,50776362.4,1.823741946508559,69.72327392897621,6.349206349206349,-0.11480806865203919,4.200670223388481,4.834905660377364,3.5377358490566113
2026-07-22,703.0,730.0,676.0,713.0,66797739,695.6,901.55,736.7615061442058,38.53364805319544,-49.73836873782386,-8.107380937536577,-41.630987800287286,1228.4212767725942,901.55,574.6787232274057,51730693.25,1.2912593047455438,68.42683740511272,4.925373134328348,0.15336368301654968,1.3404288294859956,3.9495063117110263,1.1064106736088597
2026-07-23,696.0,732.0,681.0,708.0,58538188,679.6,880.1,742.9586064656576,38.05567222262406,-52.870402293142774,-17.059985208657817,-35.81041708448495,1201.4890248019624,880.1,558.7109751980375,51712000.8,1.1320039274133056,66.10325908443103,-0.9957325746799417,0.16612166048495247,0.055832476427841726,2.6572081279307547,0.2896684905053126
2026-07-24,642.0,685.0,639.0,679.0,40347006,668.2,861.45,748.3301727294922,34.50041867315038,-59.02945533741672,-25.453879234409598,-33.57557610300712,1193.0073936185959,861.45,529.8926063814042,51128870.6,0.7891237480219248,64.88949120650689,-7.758620689655171,-0.2473849217723867,-2.6665489151664,-2.6587022721948905,-3.0487804878048808
2026-07-27,625.0,655.0,590.0,650.0,55223376,667.2,840.7,753.5011454264323,33.4412301399383,-64.53834925714796,-33.270773238957275,-31.26757601819068,1177.1164712157565,840.7,504.2835287842437,51895598.75,1.0641244600728303,64.90422571230597,-2.6479750778816147,0.0721389858897803,-0.047299308791204364,-2.514739501864993,-0.2979145978152964
2026-07-28,563.0,582.0,563.0,575.0,32130591,645.8,811.85,757.2168121337891,29.842778932494454,-73.06482341924914,-41.22958327501565,-31.835240144233488,1139.0314400861407,811.85,484.6685599138594,50751875.65,0.633091695400227,64.51699561733184,-9.919999999999995,-0.06281056383515837,-4.65422176004644,-11.71315724512466,-2.8054448871181914
2026-07-29,507.0,545.0,507.0,539.0,49885732,606.6,780.2,759.8998580932617,27.01515376565112,-83.3796983505905,-49.659606290130625,-33.720092060459876,1095.9924701612201,780.2,464.4075298387799,49752202.75,1.0026838861923555,63.3813962016876,-9.946714031971581,0.1913253481581556,-3.759743710600294,-12.889696630784286,-6.199829205807006
2026-07-30,456.5,527.0,456.5,479.5,104022094,558.7,750.275,761.9149907430013,24.738754475806715,-94.53944710476856,-58.63557445305821,-35.903872651710344,1069.8305260209486,750.275,430.7194739790514,52773307.5,1.9711118921246313,64.33054337479592,-9.960552268244571,-0.04603973420009844,-0.26443825042463676,2.9690258385491886,2.3852876911871768
2026-07-31,502.0,502.0,502.0,502.0,5993259,530.7,723.125,764.1341008504231,30.427098029929468,-98.57583775713294,-66.62362711387317,-31.952210643259775,1029.2329745861941,723.125,417.0170254138059,51224230.3,0.11700046960002834,61.819804258156466,9.967141292442495,0.14251061606802562,7.979428588197601,15.586034912718194,6.989151698381657
2026-08-03,552.0,552.0,526.0,534.0,21981341,516.1,700.475,766.8969553629557,36.13915304955507,-96.6262767268529,-72.62415703646911,-24.00211969038378,985.0447537280465,700.475,415.9052462719535,50340982.6,0.4366490255992738,60.24383035706894,9.960159362549792,-0.3145609094511337,0.6184176769345795,-3.438511326860838,2.7925531914893664
2026-08-04,566.0,583.0,545.0,581.0,83823519,516.7,683.525,769.8517735799154,37.68195021355217,-92.88087960367784,-76.67550154991086,-16.205378053766978,956.9676669436614,683.525,410.0823330563386,51463551.0,1.6287939205749715,57.27798630945975,2.53623188405796,0.3186484533235223,-0.059350381622413906,-0.446864962993998,-1.2936610608020649
2026-08-05,578.0,618.0,568.0,608.0,61153667,530.9,667.875,772.5432495117187,39.04135059609028,-87.93071513847019,-78.92654426762273,-9.00417087084746,926.7604400166811,667.875,408.98955998331894,51137382.65,1.1958701018891509,56.57425480153178,2.1201413427561766,-0.002778949738335701,2.88496854462601,9.819048954972654,3.2110091743119185
2026-08-06,570.0,578.0,536.0,563.0,51720458,553.6,651.375,775.0931182861328,38.43934171266263,-83.6884983621569,-79.87893508652957,-3.8095632756273403,889.1743127784304,651.375,413.57568722156964,51232454.75,1.0095252755773918,54.63102082799421,-1.384083044982698,-0.4022170511909673,-0.48171851317403425,-5.2113935368501725,-4.349206349206347
2026-08-07,540.0,578.0,531.0,560.0,42221275,561.2,633.375,776.4479741414387,36.18596316968801,-81.80427156177302,-80.26400238157825,-1.5402691801947697,844.9930459422591,633.375,421.7569540577409,53343518.5,0.7914977524401582,53.613551384261655,-5.263157894736848,-0.17977012124817948,-0.38468864916847423,-2.1290931141355607,-0.8297378028543023
2026-08-10,573.0,578.0,557.0,558.0,35082081,565.4,621.225,778.4603912353516,40.32971460801837,-76.76330444965708,-79.56386279519401,2.8005583455369276,815.9211127392854,621.225,426.52888726071467,51700821.15,0.6785594545629379,51.53174453302677,6.111111111111112,0.08787349343861717,1.589230295129762,0.536968194960763,1.907630522088355
2026-08-11,617.0,623.0,567.0,568.0,79551801,575.6,613.175,780.453210957845,45.41884544016952,-68.42906178974113,-77.33690259410344,8.907840804362309,793.3501414012111,613.175,432.9998585987888,51769200.95,1.5366627172173881,52.1275119286232,7.678883071553222,-0.02481586909149902,0.4272475445720847,0.536968194960763,1.907630522088355
2026-08-12,602.0,625.0,600.0,607.0,54119549,580.4,603.375,782.2622222900391,44.039875345365125,-62.316147320693176,-74.3327515394214,12.016604218728219,761.1512823213836,603.375,445.59871767861637,51965474.4,1.0414520337757178,48.51051033814011,-2.4311183144246407,-0.055858442703549116,0.8806410303470624,3.231991235277998,2.266009852216744
2026-08-13,662.0,662.0,626.0,631.0,44735708,598.8,597.675,784.6906311035157,50.512216954210224,-52.030346556388395,-69.8722705428148,17.84192398642641,736.2627168552717,597.675,459.0872831447282,52109875.7,0.8584880965279293,50.04244229305476,9.966777408637872,-0.02110518697276964,1.1059567173957285,10.254709472008482,3.885677585099545
2026-08-14,622.0,668.0,617.0,668.0,70638266,615.2,593.825,785.5918813069661,46.639382164552984,-46.569615512487076,-65.21173953674926,18.642124024262188,724.6198473956916,593.825,463.03015260430846,54066894.75,1.3064975587487389,50.17011665398079,-6.042296072507558,-0.24284380760136726,-0.45732720428869333,-0.9144507279509106,-0.7727975270479082
2026-08-17,608.0,622.0,596.0,620.0,35142251,622.2,592.725,785.3165659586589,45.32940042047302,-42.87736622723696,-60.744864874846805,17.867498647609843,722.6057043729751,592.725,462.84429562702496,54285544.15,0.6473592841382617,46.94743443345002,-2.2508038585209,-0.4168200504919728,0.10097531306225704,0.6678809957498588,1.0591900311526459
2026-08-18,576.0,615.0,574.0,614.0,35086022,614.0,588.025,783.4819458007812,42.39806751725704,-42.04865392423767,-57.005622684724976,14.956968760487307,712.8357936459239,588.025,463.21420635407605,51409696.15,0.6824786884098322,46.15444317565669,-5.263157894736848,-0.4373220778009723,-1.1962985353416111,-9.577804583835947,-3.2367447595560983
2026-08-19,576.0,590.0,547.0,547.0,54594799,608.8,581.675,782.1437632242838,42.39806751725704,-40.9201909640617,-53.78853634059233,12.868345376530627,694.1712104624869,581.675,469.17878953751307,50799549.15,1.0747103057704992,45.733850752235796,0.0,0.09921712609282096,-1.3006958690137793,-2.2011739594450352,-4.237018158649253
2026-08-20,562.0,583.0,550.0,583.0,41150358,588.8,574.975,779.9103302001953,41.05109919339366,-40.686549716470154,-51.16813901576789,10.481589299297738,673.9510603697424,574.975,475.99893963025767,49930157.65,0.824158383165049,44.03600398527102,-2.430555555555558,-0.20952662644722064,0.47940480185713064,-1.7187286864002171,0.1663339986693213
2026-08-21,554.0,567.0,553.0,561.0,19809891,575.2,570.575,776.8650980631511,40.26391928283619,-40.678009710904576,-49.07011315479524,8.392103443890662,664.7111136585527,570.575,476.4388863414474,48903301.9,0.40508289277702125,40.031203453901554,-1.4234875444839812,0.07292445718072305,0.6466205402973157,-1.582234559333795,0.996346728661579
2026-08-24,551.0,580.0,551.0,557.0,22417765,563.8,566.875,773.8360585530598,39.95451167377467,-40.44706800043673,-47.34550412392354,6.89843612348681,657.7652606096127,566.875,475.9847393903873,47263021.35,0.4743193380293704,38.56037632671468,-0.5415162454873612,-0.05119683229035665,-1.0215058314384073,-0.33845719926667295,0.03288391976323801
2026-08-25,544.0,548.0,515.0,547.0,32953583,557.4,565.925,769.8298594156901,39.19761592678377,-40.363600073427165,-45.94912331382427,5.585523240397109,657.381216156603,565.925,474.4687838433968,47304170.95,0.6966316571710258,38.21899281648606,-1.2704174228675091,-0.03142551921185843,0.9095610374029395,0.8914673836139864,0.2301117685733045
2026-08-26,537.0,540.0,526.0,535.0,26535435,549.6,567.425,764.7803100585937,38.4139271457684,-40.396625485902064,-44.83862374823983,4.441998262337769,655.7421766091377,567.425,479.10782339086217,46136656.1,0.5751486397818935,35.52312710762125,-1.2867647058823484,0.09398842232435367,1.4681604395669012,0.7713884992987419,-0.5903574942604184
2026-08-27,555.0,560.0,529.0,545.0,48272580,548.2,572.35,760.461006673177,41.644819873693905,-38.52624225652016,-43.5761474498959,5.049905193375736,644.0431326080609,572.35,500.65686739193916,43349180.4,1.1135753791552654,34.92004349327175,3.3519553072625774,-0.11305637616038089,0.3111269939336747,1.7258176757132926,1.5176509402837324
2026-08-28,597.0,610.0,576.0,581.0,73219571,556.8,577.1,758.1158935546875,48.44156829035175,-33.271369444251945,-41.51519184876711,8.243822404515164,641.3721188631354,577.1,512.8278811368647,46710496.0,1.5675185936796732,37.597371027502184,7.567567567567557,-0.4558916903721677,0.774831481905669,1.2039950745656114,1.1374715632109123
2026-08-31,545.0,590.0,538.0,580.0,67717280,555.6,576.75,754.4738677978515,41.930002852981836,-32.923291093395164,-39.79681169769272,6.873520604297553,641.6705992773127,576.75,511.8294007226873,48997292.95,1.3820616593880621,40.451054890501894,-8.710217755443884,-0.11023270076141456,-0.4381051578845385,-2.7849128024874936,-1.0925449871465265
2026-09-01,568.0,576.0,550.0,551.0,43405964,560.4,576.85,751.5130381266276,45.42442001684095,-30.440628099494347,-37.92557497805304,7.484946878558695,641.7070087110596,576.85,511.99299128894035,46976415.2,0.92399481346546,39.19091423843498,4.220183486238538,0.19604210375987474,1.7781860578235609,1.3767209011264159,0.032488628979865375
2026-09-02,540.0,552.0,537.0,552.0,33058573,561.0,574.95,746.8444468180338,42.102808124526575,-30.382238254136155,-36.416907633269666,6.034669379133511,641.8591292645964,574.95,508.0408707354037,45571660.5,0.7254195400670116,38.09879233997698,-4.929577464788737,-0.04102653494677533,-1.6699071260597553,-5.075445816186552,-6.333225073075677
2026-09-03,511.0,545.0,511.0,545.0,30945145,552.2,572.0,741.8083577473958,38.927805643282234,-32.30364520430703,-35.59425514747714,3.290609943170111,644.7736215946347,572.0,499.2263784053652,44532894.85,0.6948828524225166,37.55228669464672,-5.37037037037037,0.16164441336217195,-0.6651369315447186,-0.2745664739884357,-1.7857142857142905
2026-09-04,562.0,562.0,532.0,535.0,54800741,545.2,573.1,737.2416666666667,46.5601060425898,-29.372512242710854,-34.349906566523885,4.97739432381303,644.4889273442844,573.1,501.7110726557156,45161868.15,1.2134294537592107,39.34531513536049,9.980430528375738,-0.09708022272419958,1.5122200906831251,4.202289523257496,2.6478375992939007
2026-09-07,589.0,605.0,570.0,575.0,68404675,554.0,573.9,732.8083333333333,50.11449212857255,-24.5874649110591,-32.397418235430926,7.8099533243718255,645.6419351785062,573.9,502.1580648214937,46827997.85,1.4607644601657894,39.832606450645756,4.804270462633453,-0.23473421241366754,1.6651381893682204,5.965790571547758,2.510748065348234
2026-09-08,567.0,584.0,565.0,580.0,37849975,553.8,571.4,726.5916666666667,47.3509186174295,-22.31328292858484,-30.38059117406171,8.06730824547687,640.2442941869866,571.4,502.55570581301333,44742906.55,0.8459435901354067,37.72159225722633,-3.73514431239389,-0.3671620448905233,-0.46588983968915976,-7.834645669291341,-6.894816305988927
2026-09-09,565.0,585.0,563.0,574.0,26938860,558.8,569.55,720.175,47.09665178124343,-20.43677815110675,-28.391828569470718,7.955050418363967,636.9044434512725,569.55,502.1955565487274,43383872.1,0.6209418084652707,35.62537995626281,-0.3527336860670194,-0.0180897502252253,0.1646891802691508,1.495087569414788,1.3513513513513598
2026-09-10,572.0,582.0,543.0,558.0,36614869,571.0,565.05,713.3083333333333,48.14618159624126,-18.175279785263797,-26.348518812629337,8.17323902736554,616.5597333673747,565.05,513.5402666326252,42977830.15,0.8519478268727814,36.07532929542777,1.2389380530973382,-0.11174924474647296,-0.5147388760934346,5.569584736251398,1.351111111111103
2026-09-11,544.0,570.0,544.0,552.0,33780557,567.4,561.15,704.375,44.35560880717782,-18.429943119315453,-24.76480367396656,6.334860554651108,605.8679464738844,561.15,516.4320535261155,41134944.7,0.8212131375492039,34.998618722704066,-4.895104895104896,0.5434767453688316,-1.6097760087677493,-2.299003322259141,-1.4734257147868801
2026-09-14,545.0,550.0,520.0,525.0,21440055,558.6,558.0,695.7083333333334,44.52359668355008,-18.339665752896394,-23.47977608975253,5.140110336856136,597.3793961622617,558.0,518.6206038377383,40449834.9,0.5300406059259343,34.33213622634352,0.18382352941177516,0.13023751389060756,-0.6979172181896032,-2.5163220892274185,0.28484956382410775
2026-09-15,537.0,558.0,535.0,550.0,22512275,552.6,556.05,687.6583333333333,43.39491859704394,-18.698113220768732,-22.523443515955773,3.8253302951870403,595.538705913665,556.05,516.5612940863349,39821147.55,0.5653346622352675,32.821184729497716,-1.4678899082568808,0.4665917444771184,-0.7653989654031412,3.23705874145388,0.6035860110065627
