Date,Close,High,Low,Open,Volume,MA5,MA20,MA60,RSI,MACD,MACD_signal,MACD_hist,BB_upper,BB_mid,BB_lower,Volume_MA20,Volume_ratio,ATR,pct_change,usdtwd_pct,twii_pct,onsemi_pct,vishay_pct
2023-12-13,93.2705307006836,95.10837367015519,93.2705307006836,94.6489129277873,1097337,92.99485626220704,91.25809364318847,82.77338434855143,60.12635657063518,3.014100765308882,3.3211998328820185,-0.30709906757313643,99.0348345215901,91.25809364318847,83.48135276478685,4302656.3,0.25503710347489295,2.900363281431277,0.0,0.46316889472772793,0.10486055359522073,3.40604438032166,1.2484136977304106
2023-12-14,94.189453125,94.64891387195122,92.81107088414635,94.189453125,1344044,93.2705322265625,91.85998725891113,82.99392560323079,62.024350882843976,2.930819389368068,3.2431237441792287,-0.3123043548111606,98.44046624842248,91.85998725891113,85.27950826939978,4274750.05,0.31441464045365647,2.7586939089477567,0.9852226822482102,-1.0043531382914583,1.054327258708887,6.353320603243606,4.251683902732273
2023-12-15,91.89215087890625,95.5678369140625,91.89215087890625,95.5678369140625,1438218,93.2705322265625,92.31944847106934,83.20834058125814,54.97860935453018,2.648910218907048,3.1242810391247926,-0.4753708202177447,97.29549691085417,92.31944847106934,87.3434000312845,4288355.05,0.33537754762166905,2.8809595257755554,-2.439022809745983,0.08762037854230798,0.11759835156519571,-0.6495737902108556,-1.3866302590577861
2023-12-18,90.421875,91.8921479652816,89.96241426017359,91.8921479652816,1427537,92.6089080810547,92.3883674621582,83.41509780883788,50.98664807937622,2.2805672349703343,2.955538278293901,-0.6749710433235667,97.20913273032647,92.3883674621582,87.56760219398993,3836229.85,0.37211977796377343,2.754129804836503,-1.6000015940901724,0.524301763827939,-0.1235713786054915,-2.206654239319983,-0.8271184438050638
2023-12-19,89.96241760253906,91.43269062244559,88.58403533184894,90.60565985786856,1513049,91.94728546142578,92.53998947143555,83.63563906351725,49.77047481349642,1.929338184681498,2.7502982595714203,-0.8209600748899222,96.79552136529759,92.53998947143555,88.2844575775735,3664213.4,0.4129260048009213,2.7667332029378566,-0.5081263770088107,0.08677068074613992,-0.42759115315066376,1.170004420421522,0.8340167501701412
2023-12-20,89.59484100341797,91.43268389579578,89.59484100341797,90.3299809646948,1105463,91.21214752197265,92.50782737731933,83.83627014160156,48.76825384040634,1.602849619600164,2.520808531577169,-0.9179589119770051,96.84553980225667,92.50782737731933,88.170114952382,3315622.85,0.33341035757429405,2.64288116152985,-0.408589062985254,-0.33465989557395215,0.33367432683415466,-4.2128862223521075,-1.819687278068216
2023-12-21,88.49214172363281,89.87052394979024,88.3083532203231,89.13538395818047,956410,90.07268524169922,92.43431358337402,84.00933380126953,45.78939111332611,1.2408230278344945,2.2648114308286345,-1.02398840299414,96.99763054242422,92.43431358337402,87.87099662432382,2741227.3,0.34889846602651303,2.498786437254822,-1.2307620253973028,0.12791495872452874,-0.5186161111112364,3.0553202080549235,1.0109652401233626
2023-12-22,89.31916809082031,89.68673809749004,88.49214433933187,89.31916809082031,536638,89.55808868408204,92.36539459228516,84.21915423075357,48.33815801997216,1.00901714018309,2.0136525726995256,-1.0046354325164355,97.07833585348061,92.36539459228516,87.6524533310897,2636281.35,0.20355869831571657,2.3248944288018087,0.9345760550923954,-0.3736782960108931,0.30147861455658287,0.4303653362638382,1.5846436047455281
2023-12-25,88.6759262084961,90.05430848116701,88.6759262084961,90.05430848116701,510218,89.20889892578126,92.38836784362793,84.42897466023763,46.50668364201737,0.7645913271632736,1.7638403235922753,-0.9992489964290017,97.01993222474367,92.38836784362793,87.7568034625122,2500725.85,0.20402796252136154,2.198692807984357,-0.7201610763662325,-0.36226354270691985,0.04665088698287967,0.4303653362638382,1.5846436047455281
2023-12-26,89.50294494628906,90.42186633791255,88.76780502866475,88.85969576566433,411031,89.11700439453125,92.22296142578125,84.65564193725587,49.17311240389741,0.6303493350524718,1.5371421258843145,-0.9067927908318427,97.02414320261853,92.22296142578125,87.42177964894397,2288573.85,0.17960137052164604,2.1383257841753034,0.9326305043022343,0.127733444468503,0.8343763777672208,1.7378872126501355,0.1642278483319215
2023-12-27,89.50294494628906,90.51375707491212,89.31915646147607,90.51375707491212,658021,89.09862518310547,91.96566314697266,84.8562728881836,49.17311240389741,0.5179905169023726,1.3333118040879262,-0.8153212871855535,96.77099150972919,91.96566314697266,87.16033478421613,2050585.4,0.32089421879235075,2.01249576141007,0.0,-0.5678033131921834,0.7873572184754041,-0.4913983420460899,-0.8196936848823166
2023-12-28,89.31916809082031,91.24890887313268,89.31916809082031,89.4110658505988,1118254,89.26403045654297,91.58431053161621,85.05843556722006,48.54943575705261,0.4093968160134409,1.1485288064730292,-0.7391319904595883,95.91224908085121,91.58431053161621,87.25637198238121,1643868.75,0.6802574718936655,2.001461764197043,-0.2053305123971505,-0.31445393355279405,0.1054642742363665,-0.08230416497647663,-0.5371859828566694
2023-12-29,89.68673706054688,89.77862780844819,88.58403406410171,89.1353855623243,758393,89.33754425048828,91.31322860717773,85.28050829569499,49.91763492681983,0.3489725315229322,0.9886175514830098,-0.6396450199600776,95.3832613250668,91.31322860717773,87.24319588928867,1518919.25,0.4992977737295778,1.893879361550301,0.4115230555582494,-0.4788328985291246,0.11413168589380351,-1.7062891508092815,-0.41544077368331767
2024-01-02,88.6759262084961,90.513769238724,88.49214470979922,90.42187848937556,616243,89.33754425048828,91.03755226135254,85.4796080271403,46.27340028178898,0.21702018902036002,0.8342980789904798,-0.6172778899701198,95.03353149196305,91.03755226135254,87.04157303074204,1449741.45,0.42507096696448876,1.9109120505335642,-1.1270460774689517,-0.044000291677548375,-0.4297116466016604,-2.490125537473631,-1.9190705728483137
2024-01-03,86.65428924560547,88.12456205665637,86.47050076246549,87.9407735735164,1024122,88.76781311035157,90.72971305847167,85.63429311116536,39.98591067062005,-0.05010462552442618,0.6574175380874986,-0.7075221636119248,95.0830446522873,90.72971305847167,86.37638146465605,1409493.85,0.7265884842278666,1.9501805032665027,-2.279803605476105,0.6860424901047546,-1.649228076412912,-2.627378109060352,-1.786479776460892
2024-01-04,84.6326675415039,87.48132274873694,84.6326675415039,86.37861976878047,1006100,87.79375762939453,90.27484664916992,85.75834744771322,34.8817376913227,-0.420088423850828,0.4419163456998333,-0.8620047695506613,95.17498208817001,90.27484664916992,85.37471121016982,1368899.25,0.7349700863668381,2.069977130462041,-2.3329736146951108,0.5275459898703483,-0.055014439343803456,-3.9213222873369924,-1.818975404195644
2024-01-05,85.45970153808594,85.91916229904338,84.72456151622808,84.72456151622808,503894,87.02186431884766,89.90727806091309,85.84258193969727,38.34884863261033,-0.6392002157028287,0.22569303341930091,-0.8648932491221296,95.10048918052712,89.90727806091309,84.71406694129905,1294266.85,0.3893277495286231,1.9655128140723652,0.9772042174807316,0.03898027981255048,-0.17384828156632448,-0.6561680052816987,-0.8381200159026547
2024-01-08,85.00023651123047,87.5732194477881,85.00023651123047,86.2867279795093,657846,86.08456420898438,89.5626823425293,85.92375335693359,37.16495594309059,-0.8402371463251939,0.01250699747040196,-0.8527441437955958,95.10428121337264,89.5626823425293,84.02108347168596,1156084.25,0.5690294630343766,2.046508830403735,-0.5376394003092866,-0.3284639253521182,0.3054917612432817,2.9590562529290487,1.7348892551408923
2024-01-09,84.26509857177734,85.91916007268975,84.08131707648248,85.91916007268975,548625,85.20239868164063,89.08943748474121,86.03861859639485,35.28786032675781,-1.0468128433067818,-0.19935697068503483,-0.8474558726217469,94.74792788722254,89.08943748474121,83.43094708225988,1038204.95,0.5284361242931851,2.01868671917754,-0.8648657575864416,-0.7463136321570363,-0.21152131518220596,-1.167569455484041,-2.5360681931086426
2024-01-10,83.80563354492188,84.54077351020591,83.254282076366,84.26509427052082,554193,84.6326675415039,88.61619262695312,86.06618614196778,34.127673931886605,-1.233382889029457,-0.4061621543539192,-0.8272207346755377,94.38445003875286,88.61619262695312,82.84793521515338,889281.8,0.62319165870706,1.9210606811325233,-0.5452613651950933,1.1070581272880409,-0.3983884913753566,-1.84343527385199,0.44863446325167367
2024-01-11,84.26509857177734,84.81645707929125,83.34617707367372,84.35699633023943,476383,84.5591537475586,88.16592102050781,86.10141143798828,36.38024808806665,-1.328847875541328,-0.590699298591401,-0.738148576949927,93.80898916008745,88.16592102050781,82.52285288092817,858234.1,0.5550734933510566,1.8609565910638588,0.5482507647999402,0.18254264271539977,0.45626438441657147,-1.5606405179875549,0.9379128054056052
2024-01-12,83.34617614746094,84.17320688872648,83.25428540083468,84.0813161421002,465124,84.13644866943359,87.62375717163086,86.14276275634765,33.88456687518945,-1.4618031680469272,-0.7649200724825063,-0.696883095564421,92.90187893643642,87.62375717163086,82.3456354068253,814288.1,0.5712032387554233,1.7476041350477003,-1.0905136763516232,-0.7192046382251016,-0.18517891834584077,-1.2898012636524236,-0.8407158967707606
2024-01-15,84.08131408691406,84.54077481962945,83.2542833658635,83.62185335419869,565044,83.95266418457031,87.23321533203125,86.21321347554525,37.57403199757483,-1.4906682120986687,-0.9100697004057388,-0.58059851169293,92.33445283056525,87.23321533203125,82.13197783349725,770629.4,0.7332240373907354,1.6861224442101332,0.8820295944381051,0.587818268824547,0.19408761589856383,-1.2898012636524236,-0.8407158967707606
2024-01-16,82.7948226928711,84.54077488061182,82.05968972648485,84.54077488061182,1096175,83.65860900878906,86.8518627166748,86.28213259379069,33.99848225864855,-1.5989216972811136,-1.0478400997808137,-0.5510815975002998,92.0879851565317,86.8518627166748,81.6157402768179,754061.3,1.4536948123448319,1.7921174721990452,-1.5300562414059526,0.38422436149399,-1.1395293752028635,0.44916540842754316,-0.535464218144277
2024-01-17,81.60023498535156,83.5299688036858,79.94617342059941,82.6110472701157,1185525,83.217529296875,86.43375358581542,86.33114191691081,31.044328270579783,-1.7608090974138406,-1.1904338993074193,-0.5703751981064213,91.95192230758003,86.43375358581542,80.91558486405081,737685.1,1.6070881735309552,2.031007860317359,-1.4428289942124528,0.8430854010390787,-1.066936498019444,-2.073179329841457,-2.512345752767764
2024-01-18,80.86509704589844,82.33537013547902,80.68131553875654,81.60023709609628,410037,82.53752899169922,85.99726638793945,86.34798901875814,29.353980446883497,-1.9262212368768985,-1.337591366821315,-0.5886298700555834,91.83445071671491,85.99726638793945,80.16008205916398,702913.8,0.5833389527990487,1.9807474251713764,-0.9009017432181299,0.2686100789593082,0.3845752896719512,1.3145214082805223,2.208928676880495
2024-01-19,80.68130493164062,81.50832861586609,79.94616497809113,81.23265639139566,696116,82.00455474853516,85.60672454833984,86.38321431477864,28.92986610801765,-2.0485278824724986,-1.4797786699515518,-0.5687492125209468,91.7767711900322,85.60672454833984,79.43667790664747,689899.1,1.0090113177419713,1.9249362535185206,-0.2272823764169818,0.12079320549103212,2.6337127016353046,0.8877376605330056,0.4502413863241239
2024-01-22,82.33536529541016,82.33536529541016,80.68131079592095,81.32455304391986,621411,81.65536499023438,85.25753440856934,86.43681818644205,37.65948889855562,-1.9890592950746395,-1.5816347949761695,-0.40742450009847,91.33269328705485,85.25753440856934,79.18237553008383,694137.75,0.8952272081442048,1.8888194682186554,2.05011602771048,-0.6231681074182815,0.7554784976987472,1.7869224932244743,1.6136292006238229
2024-01-23,82.51914978027344,83.07050125322826,81.69211906543403,82.61104052396351,600378,81.60023040771485,84.9496955871582,86.50726877848307,38.562481484399676,-1.9051388839895083,-1.6463356127788376,-0.2588032712106707,90.91854350949316,84.9496955871582,78.98084766482324,698645.75,0.8593453835509627,1.8207611641620656,0.22321451323363828,-0.05034596135321534,0.3339315281947419,2.0747406675633684,0.44111439256857565
2024-01-24,83.71375274658203,83.98943201901592,82.51915892460384,82.51915892460384,725737,82.02293395996094,84.66023597717285,86.6313232421875,44.21841272189526,-1.7223823266077147,-1.661544955544613,-0.06083737106310183,90.24873316490842,84.66023597717285,79.07173878943728,714381.05,1.0158962083330738,1.7740306407727882,1.4476675650312743,0.0860763428329081,0.006938533336109387,-2.0846885656300884,-1.0540233136123178
2024-01-25,82.15158081054688,84.35699374045161,82.15158081054688,84.35699374045161,736255,82.28023071289063,84.29266777038575,86.7186206817627,39.143588354439906,-1.684186405304473,-1.666073245496585,-0.01811315980788808,89.49364079139426,84.29266777038575,79.09169474937724,718292.75,1.0250068652370499,1.831548279323715,-1.8660875719717862,-0.328079755907984,0.709276503221834,-3.2734518090801634,-1.2871656072602322
2024-01-26,83.16239929199219,83.98943007937942,81.87590773503594,82.24347775285415,597946,82.77644958496094,83.98482933044434,86.80898145039876,43.65009562985114,-1.5544327259310364,-1.6437451415834754,0.08931241565243897,88.63251314509954,83.98482933044434,79.33714551578915,692277.35,0.8637376334788363,1.8691448213263502,1.2304309563761162,0.07350350663963834,-0.04215966405062277,-1.3481955207300333,-0.49462284429772074
2024-01-29,82.88671875,83.98942878647995,81.8759064746712,83.80564027499253,768006,82.8867202758789,83.64482841491699,86.87177454630533,42.72093225986696,-1.4570511374534334,-1.6064063407574671,0.14935520330403373,87.45580054197825,83.64482841491699,79.83385628785572,692758.0,1.1086209036921983,1.9017284867240036,-0.3314966190720914,-0.13380371723147322,0.6924221152651233,1.8267990173177928,0.9037655240535347
2024-01-30,81.9677963256836,82.88671784059402,81.60023332837126,82.70293634193784,570410,82.77644958496094,83.30942192077637,86.91006291707357,39.68825428836452,-1.4374548026947593,-1.5726160331449257,0.13516123045016637,86.36115850737434,83.30942192077637,80.2576853341784,690466.35,0.8261228081571246,1.8196960780446352,-1.108648572623594,-0.2817131452696353,-0.46910447933337096,-0.6162653641876292,-0.044780375569652975
2024-01-31,81.60023498535156,82.51915651892168,81.32455572095456,81.78401648773962,422795,82.35374603271484,83.05671920776368,86.94681981404622,38.51064288038258,-1.4350414302157901,-1.5451011125590985,0.11005968234330843,85.7592800306888,83.05671920776368,80.35415838483856,660400.0,0.64021047849788,1.7363500407009655,-0.4484216446073441,-0.0830523890604784,-0.804398568682585,-1.9842944019041409,-2.6433704392323065
2024-02-01,81.23265838623047,82.15157984532625,81.14076764248375,81.78400985952507,355321,82.16996154785156,82.88671875,86.96213506062826,37.31813129216912,-1.4461192126169493,-1.5253047325706688,0.07918551995371947,85.59960409977577,82.88671875,80.17383340022423,627861.05,0.565922985666972,1.6396116623198371,-0.4504602213303399,0.2756859522162314,0.43907634242430493,-1.3215167275527295,1.1965026464321404
2024-02-02,80.77320098876953,81.69212248577303,80.77320098876953,81.41644323234613,379295,81.69212188720704,82.65239372253419,86.9835765838623,35.82482797650057,-1.4749702679980459,-1.5152378396561443,0.04026757165809847,85.23604069223444,82.65239372253419,80.06874675283393,621631.1,0.6101609137638062,1.5435196402776583,-0.5656067480598659,-0.035210710893140984,0.5110182189104195,0.9118098979732814,-0.31832760106929037
2024-02-05,80.3137435913086,80.95698586172406,79.48671280733518,80.95698586172406,635056,81.17752685546876,82.41806907653809,87.02033360799153,34.34478728650288,-1.5174174653960932,-1.5156737648041343,-0.001743700591958941,84.95479337480029,82.41806907653809,79.88134477827589,620491.6,1.0234723564348012,1.5337534288258219,-0.5688240553012314,0.29391269736438463,0.2001149817599579,9.543970538021496,-1.2317586820715931
2024-02-15,82.15158081054688,82.70293229031945,80.49751936041471,80.58941010524107,913612,81.2142837524414,82.31239318847656,87.10456809997558,44.26389555469104,-1.3867732126445418,-1.4898936543722159,0.1031204417276741,84.69665114250473,82.31239318847656,79.92813523444839,638740.95,1.4303325941447782,1.6478114648504936,2.288322193758585,-0.3927712441166409,3.0310448098840537,-1.285656233506005,2.907236201070096
2024-02-16,83.43807220458984,83.9894236839265,82.70293222493135,82.88671371443876,1472193,81.58185119628907,82.29401512145996,87.19799194335937,49.96267711134436,-1.1659868269167362,-1.42511228888112,0.2591254619643839,84.63508504676972,82.29401512145996,79.95294519615021,684640.95,2.1503139711406396,1.6731489859877118,1.5659971254963434,-0.26288406984117385,-0.20016719009597894,-2.4559703416997647,-0.08968123802813865
2024-02-19,83.62185668945312,84.17320818853933,83.25428668645743,83.43807519336262,732105,82.0596908569336,82.26185302734375,87.22862256368002,50.73758088683626,-0.9650575706233298,-1.3331013452295621,0.3680437746062324,84.50451099609273,82.26185302734375,80.01919505859476,697427.05,1.0497226914270101,1.5725853214669372,0.22026453872596718,0.2255126060222823,0.15343901570623597,-2.4559703416997647,-0.08968123802813865
2024-02-20,82.33536529541016,83.62185680222268,82.33536529541016,83.5299660540535,630090,82.37212371826172,82.21131248474121,87.23168563842773,45.43347276596438,-0.8992626511647046,-1.2463336064165909,0.34707095525188625,84.39588786820029,82.21131248474121,80.02673710128214,705675.35,0.8928893435203596,1.5344394795130156,-1.538463082469721,0.21989185165642855,0.6297522514733034,-1.4877901551704764,-1.9748668946269476
2024-02-21,82.51914978027344,83.07050125322826,81.87590055281419,82.7029312676536,405008,82.81320495605469,82.13320426940918,87.22862269083659,46.29717958804468,-0.822805047085069,-1.1616278945502865,0.3388228474652175,84.14080013830926,82.13320426940918,80.1256084005091,697673.55,0.5805121894043425,1.489127642299823,0.22321451323363828,-0.07738215560203487,-0.40979551571411754,0.19362530465383276,-1.923074258179902
2024-02-22,81.87590026855469,83.0705009648213,81.78400952518365,82.79482172389383,532209,82.75806884765625,82.08725814819336,87.10916277567546,43.69053000892104,-0.804839021494999,-1.090270119939229,0.2854310984442301,84.07304135894094,82.08725814819336,80.10147493744577,669475.25,0.7949644142931348,1.4621094819448677,-0.7795154378487323,0.15456807377836057,0.9448801440578247,0.9533597495294144,0.4668563367672851
2024-02-23,80.68130493164062,82.5191478047002,80.68130493164062,82.5191478047002,720536,82.2067153930664,82.04131164550782,87.00501823425293,39.268712524810645,-0.8768864753706254,-1.0475933910255084,0.17070691565488305,84.11511477904739,82.04131164550782,79.96750851196825,646225.8,1.1149910758747175,1.5122072674268283,-1.4590316967456385,0.08814408362198822,0.19312885212652287,-2.769267677441356,0.8828892025992019
2024-02-26,81.41644287109375,81.50833361822345,80.31373988390821,80.31373988390821,389432,81.76563262939453,82.06887893676758,86.85799090067546,43.08608605021261,-0.8646974201273991,-1.0110141968458866,0.14631677671848742,84.09085886348238,82.06887893676758,80.04689901005277,645195.55,0.6035875479922327,1.4698587963452825,0.9111626789824356,0.4705245996972307,0.31161383748661287,1.8112576574324857,0.5527386048719718
2024-02-27,80.86509704589844,82.24347938190807,79.94617548855868,81.60023709609628,576027,81.4715789794922,82.07806854248047,86.70636889139811,41.00436653619996,-0.8892754920164805,-0.9866664558800053,0.09739096386352486,84.07501113492395,82.07806854248047,80.08112595003698,639191.1,0.9011811960460652,1.580184809279164,-0.6771922301595179,-0.16865689324997435,-0.494196611994846,-0.7734929437689941,-0.3206515178934666
2024-02-29,80.49752044677734,81.04887193399074,80.22184820857791,80.86509044185779,421372,81.06725311279297,81.98617630004883,86.53636843363444,39.629647867480514,-0.9277199722923228,-0.9748771591624689,0.04715718687014603,84.09904417583812,81.98617630004883,79.87330842425953,629189.15,0.6697063991011288,1.4797633314303191,-0.45455531811513517,0.2277027285789046,0.5959315304422619,3.203866757071383,-0.5486948075066111
2024-03-01,81.1407699584961,81.41644219760477,80.49752071228008,80.68130921583375,522029,80.92022705078125,81.91725730895996,86.41844024658204,43.21734452075879,-0.8959546328580501,-0.9590926539015852,0.06313802104353505,84.04678185399897,81.91725730895996,79.78773276392096,625271.7,0.8348834594625025,1.4049844540165997,0.7990923299855623,-0.10426928511686473,-0.16259934881998062,2.8129767767489433,3.402290785318285
2024-03-04,80.22184753417969,81.50833198992439,80.03805903277724,81.50833198992439,874955,80.82833557128906,81.74266204833984,86.20861981709798,39.59708816372681,-0.9341613023879631,-0.9541063835988608,0.019945081210897664,83.8240585223215,81.74266204833984,79.66126557435818,632732.6,1.38281953545621,1.413689587767339,-1.1325039493542355,-0.17586998206308158,1.9506877426717306,-1.5528742244373395,1.600714546715265
2024-03-05,80.40563201904297,80.77320202472154,79.94617126464844,80.22185052161105,461529,80.62617340087891,81.65536460876464,85.97123184204102,40.6675912061239,-0.9387887192967952,-0.9510428507384477,0.01225413144165255,83.80972476411517,81.65536460876464,79.50100445341411,618996.3,0.7456086571115207,1.3354684107414405,0.22909530322767768,-0.1584294895698446,0.4227301850537213,-3.6179262506481624,0.0
2024-03-06,79.39482116699219,80.49752419273332,79.30293041664957,80.49752419273332,701285,80.33211822509766,81.46698570251465,85.67870852152507,36.804164095255025,-1.012350225365637,-0.9633043256638856,-0.04904589970175133,83.72298086602012,81.46698570251465,79.21099053900917,624163.25,1.1235602224257837,1.316685126120415,-1.2571393653262763,0.09901968214427459,0.5804392720889506,0.8182944542059367,0.8315443088093177
2024-03-07,77.64887237548828,79.39482475414158,77.18941159220137,79.39482475414158,1073795,79.76238861083985,81.20509338378906,85.38771680196126,31.2770725217257,-1.1977250955353895,-1.0101884796381864,-0.18753661589720316,83.93372473780657,81.20509338378906,78.47646202977155,639452.7,1.6792407006804413,1.435182197563055,-2.199071382542228,-0.2425451004595569,0.9952604831186207,6.879665226661902,1.8228874305711518
2024-03-08,77.465087890625,78.47590017286213,76.72994786128078,77.37319012884579,652002,79.02725219726562,80.97995796203614,85.10897738138834,30.753524380359593,-1.3439733989277158,-1.0769454634960924,-0.2670279354316234,84.15081188032545,80.97995796203614,77.80910404374683,643532.3,1.0131612663420313,1.476618212765494,-0.23668661146107883,-0.09280926429229286,0.4661471561968833,-4.83365740174051,-1.023014075538431
2024-03-11,78.10832214355469,78.56778286204619,77.46507994199227,77.46507994199227,306400,78.60454711914062,80.80536231994628,84.8639315287272,34.863150163201524,-1.3919273327030766,-1.1399418373374892,-0.25198549536558734,84.2084528700034,80.80536231994628,77.40227176988917,637712.55,0.4804672575441709,1.4267628404039503,0.8303537379805048,0.05789736572445747,-0.2994150887593805,3.356556843968206,-0.1722559481480368
2024-03-12,79.48670959472656,80.4056310929315,78.10832734741916,78.84346735030897,832396,78.42076263427734,80.71806488037109,84.62654342651368,42.709601365150974,-1.303678825080837,-1.1726892348861588,-0.13098959019467826,84.16430513099381,80.71806488037109,77.27182462974837,661566.3,1.2582200755993767,1.5428356549336655,1.7647126622929443,-0.28868258741585606,0.9554392072756546,1.2132326988749886,0.25883847615626454
2024-03-13,77.74075317382812,79.94616605332405,77.6488624311021,79.94616605332405,628708,78.08994903564454,80.56644248962402,84.3753714243571,36.68197874520896,-1.3589600925700722,-1.2099434064229415,-0.1490166861471307,84.26039984209089,80.56644248962402,76.87248513715716,674036.95,0.9327500517590319,1.6434313839054362,-2.1965388047894163,0.11670135758301559,0.07009439745004897,-3.269157365252817,-2.247193157295102
2024-03-14,77.74075317382812,78.56778387999088,76.82183172493934,77.74075317382812,381129,78.1083251953125,80.43779296875,84.13951479593912,36.68197874520896,-1.3867849022260827,-1.2453117055835699,-0.1414731966425129,84.34203961137229,80.43779296875,76.53354632612772,661340.6,0.5762975991493642,1.6571008200582502,0.0,0.02484507667166458,0.047219568149703406,-3.404682990967156,-2.077822260593676
2024-03-15,77.37318420410156,78.5677849076073,77.00562122838998,77.74075419062751,485009,78.0899444580078,80.19887313842773,83.8669012705485,35.460080444524806,-1.4221028913965768,-1.2806699427461714,-0.14143294865040534,84.24383174670662,80.19887313842773,76.15391453014884,639910.45,0.7579326138524539,1.644442534612793,-0.47281374918594077,0.38016886083072077,-1.2810760745144978,-2.9804269495095626,0.13544870580910473
2024-03-18,78.01644134521484,79.4867144296111,77.648871321412,77.83265282790589,688305,78.07156829833984,79.92779159545898,83.61266644795735,39.272479173980585,-1.3822534199012182,-1.3009866381771809,-0.08126678172403734,83.78085386525262,79.92779159545898,76.07472932566534,600716.05,1.1458075741442233,1.706987560065692,0.8313696117461689,0.24646821955720544,1.0026653594563673,-1.4024349048200713,-3.426499319324927
2024-03-19,77.74075317382812,78.20021389827251,77.6488624311021,78.01643241282046,352449,77.72237701416016,79.63373641967773,83.35383682250976,38.23017522103597,-1.357272367074998,-1.3122437839567445,-0.04502858311825353,83.18565430847968,79.63373641967773,76.08181853087578,581733.25,0.6058601601335319,1.5529027476796537,-0.3533718875574299,0.11802450064548609,-0.1139364284441946,0.29802387105475336,0.32678037483233613
2024-03-20,77.37318420410156,78.10832417715346,77.37318420410156,78.10832417715346,346600,77.64886322021485,79.3856273651123,83.07356567382813,36.826794902649986,-1.3515545669520321,-1.320105940555802,-0.03144862639623014,82.83470684413021,79.3856273651123,75.93654788609439,567558.75,0.610685677914401,1.44386771106262,-0.47281374918594077,0.2825426998389391,-0.36636586659868353,2.0664488930010494,0.8376141868659204
2024-03-21,77.18940734863281,77.92454736580285,77.09751659919026,77.92454736580285,418120,77.53859405517578,79.11914024353027,82.82851994832357,36.113006644766116,-1.3463327397483198,-1.3253513003943058,-0.020981439354013975,82.3665139472404,79.11914024353027,75.87176653982013,568214.35,0.7358490682257497,1.36162278513595,-0.23752008833444194,0.10021719335595591,2.0957905899499973,0.2778868404402557,2.76879316273293
2024-03-22,78.38400268554688,78.47589342861406,77.18940199323069,77.18940199323069,577436,77.74075775146484,78.94454536437988,82.62788874308268,43.74567011074711,-1.231603386832063,-1.3066017176818574,0.07499833084979435,81.93300931842322,78.94454536437988,75.95608141033654,570475.7,1.012200870256174,1.3516052718356057,1.547615635288624,0.3803263646266597,0.14525329595025394,-1.4515683449992545,-1.1674911362416718
2024-03-25,78.2921142578125,79.4867150924294,78.10833274978611,78.47590277665402,395140,77.79589233398437,78.82508583068848,82.43338368733724,43.31697701044666,-1.1350104819239846,-1.272283470530283,0.13727298860629844,81.71046734418307,78.82508583068848,75.93970431719389,554205.9,0.7129841093355376,1.3551755479432974,-0.11722854738995814,0.16309646746559547,-0.17885564059555437,-1.5265122991294788,2.2717097626673732
2024-03-26,77.0975112915039,78.65967495692645,76.82183205134025,78.47589347069355,473591,77.66724395751953,78.60913925170898,82.22509485880533,38.09085449020696,-1.1416936508106659,-1.2461655065863595,0.10447185577569362,81.3190625270105,78.60913925170898,75.89921597640746,558413.85,0.8481003828970216,1.4195311956290178,-1.5258279555139032,-0.6294041552667218,-0.3256683411952621,-0.8838747862208174,-1.5993092230767725
2024-03-27,77.74075317382812,78.38400239453884,77.1894017066577,77.37318319210975,333945,77.74075775146484,78.45292205810547,82.04590504964193,42.13888392315324,-1.082606255185354,-1.2134536563061584,0.1308474011208045,80.9685227431003,78.45292205810547,75.93732137311065,546309.75,0.611274098622622,1.4017925166164733,0.8343224982867881,0.4767770651749492,0.36583082987935445,3.731652138125008,3.2957099021402536
2024-03-28,81.32454681396484,82.97860819755759,78.1083217987233,78.1083217987233,3296740,78.56778564453126,78.49427337646485,81.91266136169433,58.44270731979352,-0.738088646235127,-1.118380654291952,0.38029200805682506,81.17326846956458,78.49427337646485,75.81527828336512,690078.15,4.7773429719518,1.9132675175648723,4.609929147616265,0.29512331100887135,-0.2651883338017913,-2.7245040893594696,-0.8741106618548655
2024-03-29,79.9461669921875,81.78400991154814,79.9461669921875,81.78400991154814,949000,78.88021850585938,78.43454322814941,81.76716537475586,52.33465665203154,-0.5697124011169166,-1.008647003656945,0.4389346025400285,80.91068270927157,78.43454322814941,75.95840374702725,711426.7,1.3339392519285544,1.9032109044709749,-1.6949123921101927,0.12101572572218444,0.7341129462103524,-2.7245040893594696,-0.8741106618548655
2024-04-01,81.69212341308594,82.05969341822266,79.5786011416608,80.86509265423199,1009209,79.56022033691406,78.50805702209473,81.63698501586914,58.28226307750317,-0.2920226666521728,-0.8653221362559906,0.5732994696038178,81.27754503817654,78.50805702209473,75.73856900601292,718139.4,1.405310723795408,1.9802617540830938,2.183915110112844,-0.26266618358599114,-0.35536387239506473,0.4078795512111322,-0.7054673877563866
2024-04-02,81.78401947021484,83.25429257538151,81.78401947021484,82.70294103729591,1832357,80.49752197265624,78.57697639465331,81.50833625793457,58.575249543314825,-0.0638008511421333,-0.7050178792332192,0.6412170280910859,81.60209735378245,78.57697639465331,75.55185543552417,786680.8,2.329225525778689,1.9245160751780914,0.11249071916545894,0.25364619011380984,1.207774937069206,-4.563297477072304,-2.3978674996556593
2024-04-03,80.77320098876953,81.78401323331045,80.49752173534263,81.78401323331045,581247,81.10401153564453,78.6458953857422,81.36590347290038,54.07645642517133,0.035097397260614116,-0.5569948239344527,0.5920922211950668,81.80912094576378,78.6458953857422,75.4826698257206,780678.9,0.7445404250070035,1.8394469631373076,-1.235960873521802,0.07497134359799595,-0.6301529819396801,0.35471053929143626,0.9554283048548662
2024-04-08,80.0380630493164,81.23266383053009,79.85428154950576,80.95698456999929,433007,80.84671478271484,78.76535491943359,81.20509223937988,51.008129581544544,0.053538327223634496,-0.43488819370283527,0.48842652092646976,81.9504235396547,78.76535491943359,75.58028629921249,748639.5,0.5783918695179723,1.7779716721889105,-0.9101260448441728,0.19719823058421682,0.39384986878232553,-0.8222730775152898,0.5938791080194683
2024-04-09,79.21102905273438,80.40562978529891,79.02724756040807,80.03805978983178,591311,80.69968719482422,78.85265197753907,81.04734395345052,47.72718833098511,0.0014020039377129478,-0.34763015417472565,0.3490321581124386,81.98290034866726,78.85265197753907,75.72240360641088,745604.95,0.7930620632279869,1.7246930792158348,-1.0333008634559882,-0.1195805343893186,1.85378379779646,3.1854580965908985,2.2706689169752714
2024-04-10,79.48670959472656,80.68131034671885,79.0272488456241,79.48670959472656,560108,80.25860443115235,78.92157135009765,80.92788429260254,48.90693416778489,-0.017469909861702604,-0.28159810531212104,0.26412819545041843,82.04350277556904,78.92157135009765,75.79963992462626,758290.35,0.7386458234632685,1.7152755354663562,0.3480330268259113,-0.33236826467953895,-0.1570956381565347,-2.410486362592179,-3.463600265197664
2024-04-11,79.67049407958984,81.50833714496275,79.48671257737851,80.40563411006497,849013,79.83589935302734,78.93076057434082,80.84518140157064,49.721603607413684,-0.017395639432152166,-0.22875761213612728,0.2113619727039751,82.06076748042894,78.93076057434082,75.80075366825271,759121.2,1.1184156100501474,1.7561224707690006,0.23121410585533742,0.6782125595073074,-0.04964759893468784,1.978903727801562,1.2879556061174968
2024-04-12,78.65967559814453,80.31373703098141,78.47589411041349,80.31373703098141,508439,79.41319427490234,78.97670669555664,80.73184763590494,45.43097854757972,-0.09777430198089121,-0.20256095010508007,0.10478664812418886,82.05978884727654,78.97670669555664,75.89362454383675,753107.75,0.6751211894977843,1.7670185307421902,-1.2687488550472859,0.1289503566611172,-0.08023039345643745,-5.609063980255213,-1.8165168868484627
2024-04-15,77.74075317382812,78.38400239453884,77.6488624311021,78.20021389827251,506132,78.95373229980468,78.97670669555664,80.61085624694825,41.891857515877184,-0.2329391534733105,-0.20863659077872618,-0.024302562694584334,82.05978884727654,78.97670669555664,75.89362454383675,759357.9,0.6665262849046543,1.6661911489155554,-1.168225545463708,0.09155415847534876,-1.3830675802599668,-1.5006002538399454,-0.9250716495190714
2024-04-16,75.3515625,77.2812962350322,75.25967175277268,77.2812962350322,1041113,78.18183898925781,78.87562561035156,80.46229731241861,34.39051993983662,-0.5267736731704957,-0.2722640072570801,-0.2545096659134156,82.2943562835372,78.87562561035156,75.45689493716593,787163.1,1.3226140808683742,1.7748431852008746,-3.0732795558153447,0.4179325060941874,-2.678800819309357,-1.4015816232478495,-0.4201662939014361
2024-04-17,76.72994232177734,77.09751230991282,75.44345086871041,75.44345086871041,382098,77.63048553466797,78.8113006591797,80.34436912536621,40.95900939836959,-0.6410265598208582,-0.3460165177698358,-0.29501004205102244,82.34459113129144,78.8113006591797,75.27801018706795,771852.75,0.4950400189673484,1.7709907351624667,1.8292650822965273,0.33683409634026606,1.5645148817386545,-0.38627934994541757,-1.1251804583566893
2024-04-18,75.3515625,76.63805399362634,75.3515625,76.63805399362634,516219,76.76669921875,78.69184112548828,80.19581019083658,36.97275171858897,-0.833192008821797,-0.44345161598022803,-0.38974039284156897,82.52625529248736,78.69184112548828,74.8574269584892,780041.25,0.6617842325646239,1.7186426133777837,-1.7964040895494526,-0.4920221304314132,0.4347088791672782,-2.388709301021086,-0.04741881338087284
2024-04-19,73.42182922363281,75.62724222493877,71.76776771994967,75.35156297072002,962206,75.71912994384766,78.49427337646485,80.03040440877278,32.24180236952331,-1.1281927557683957,-0.5803998439378616,-0.5477929118305341,82.96856217216221,78.49427337646485,74.01998458076748,810821.55,1.186705015425404,2.004086865592625,-2.5609731402280955,0.2408928500440055,-3.8129771043774907,-3.527731145617896,-0.8539054499848264
2024-04-22,71.9515609741211,73.32994331453862,71.49210019398191,73.14615479599388,695452,74.56129150390625,78.23238105773926,79.8282418568929,29.178349378815625,-1.4637481556930823,-0.7570695062889057,-0.7066786494041766,83.56004756731049,78.23238105773926,72.90471454816803,824688.15,0.8432908851667142,1.9941724874670619,-2.002494714526226,0.2717815335421703,-0.59352553064973,-0.09882648574951469,0.6698794092103943
2024-04-23,72.87047576904297,72.96236651437657,71.95155429407806,72.59479652222771,245724,74.06507415771485,77.95670471191406,79.6628360748291,33.435305746987154,-1.6366630505611823,-0.932988215143361,-0.7036748354178213,83.79723884088966,77.95670471191406,72.11617058293845,808102.55,0.3040752686648495,1.8630577851779209,1.277129755742723,0.2430425847365969,0.9688138454874373,1.6982666997252815,2.566519511260079
2024-04-24,74.06507873535156,74.34075801661635,73.23804790237257,73.42183642682087,399588,73.53210144042968,77.74535293579102,79.5372501373291,38.602083890317466,-1.6581902893926639,-1.0780286299932216,-0.5801616593994423,83.83538096343858,77.74535293579102,71.65532490814346,808324.95,0.49434079697775013,1.8106877134973154,1.6393511277390083,-0.24398701951591217,2.716737332198216,6.241891139870881,3.2437714627874037
2024-04-25,73.05425262451172,73.69749481184847,72.77857339518795,73.69749481184847,396156,73.07263946533203,77.5431900024414,79.40706939697266,36.052064088290216,-1.7367953054171608,-1.2097819650780095,-0.5270133403391513,83.98220631903223,77.5431900024414,71.10417368585058,804453.2,0.4924537561663003,1.7407967303861553,-1.3647809846415115,0.3808770229507319,-1.3626259295338894,1.2971135204562723,-0.8078959890044368
2024-04-26,73.42182922363281,73.97318072125563,73.23804071721543,73.97318072125563,235001,73.07263946533203,77.32724380493164,79.28607813517253,37.66465155875166,-1.7492655430515782,-1.3176786806727232,-0.431586862378855,84.02293528847565,77.32724380493164,70.63155232138763,799506.0,0.293932753475271,1.6312142459005228,0.5031556492821609,-0.2951578331521709,1.3248943960749937,2.5308833604829273,2.398185713970147
2024-04-29,75.07588195800781,75.6272404535309,74.43263972765021,74.43263972765021,440374,73.69750366210937,77.01481056213379,79.16508674621582,44.45271324214214,-1.6071537955152735,-1.3755737036412334,-0.23158009187404005,83.50514765984212,77.01481056213379,70.52447346442545,656687.7,0.6705988249817989,1.707773843766865,2.2528078527395135,0.08607137638918516,1.863818412124374,4.05524865594411,1.9443103950922636
2024-04-30,75.2596664428711,75.81101789814936,74.9839872098249,75.62723641666132,220148,74.175341796875,76.78048553466797,79.04409535725911,45.167202931555074,-1.4628366692169266,-1.3930262967563722,-0.06981037246055433,83.16271044433374,76.78048553466797,70.39826062500221,620245.1,0.35493710470264095,1.5903414230412105,0.24479830282391202,-0.3839184473235724,-0.48264169017123715,-0.9319345319950378,0.3034172869393226
2024-05-02,75.71913146972656,76.08670146445046,74.98399148027877,75.53534296695734,249178,74.50615234375,76.4818359375,78.91085166931153,47.00254258527552,-1.2964447114936775,-1.3737099797038332,0.07726526821015578,82.44133484707967,76.4818359375,70.52233702792032,582243.55,0.42796180395643707,1.5253238978586068,0.6105063290497537,-0.4225153435658102,-0.8538685839082238,1.4490653079910487,1.6194174290506735
2024-05-03,74.9839859008789,76.45425875956006,74.89209516173896,76.3623680204201,273000,74.89209899902343,76.1418342590332,78.7913917541504,44.439528138635104,-1.2099504343081122,-1.340958070624689,0.13100763631657686,81.58082818967681,76.1418342590332,70.7028403283896,504275.7,0.5413705241002095,1.5302358578536057,-0.9708848405657888,-0.4002988704028487,0.5334710464831138,0.514213111508055,0.7968362397077211
2024-05-06,76.36237335205078,76.82183409064413,74.89210039071499,75.99480335901322,507234,75.48020782470704,75.92129287719726,78.6780579884847,49.9503159935572,-1.0184388200742802,-1.2764542205146072,0.258015400440327,80.90851699335423,75.92129287719726,70.9340687610403,500575.05,1.0133026006789592,1.5835022367970109,1.8382424388508234,-0.21362587285993495,0.9492729647566867,-0.9947485438612125,1.4053490344925201
2024-05-07,76.5461654663086,77.64886848664509,75.81102544554106,77.18940772636908,428071,75.77426452636719,75.74669799804687,78.57238210042318,50.65314151499041,-0.8421264884679402,-1.189588674105274,0.34746218563733366,80.35737034298417,75.74669799804687,71.13602565310957,500328.25,0.8555803115254835,1.6174143440379458,0.24068413040343462,-0.043067197592394635,0.6344919339527744,1.6075825692805301,-0.5197120454379367
2024-05-08,76.72994232177734,77.37318454290362,75.99480234550641,76.45426307797214,349200,76.06831970214844,75.62264366149903,78.4850845336914,51.38822437131644,-0.6797329012920557,-1.0876175195426303,0.40788461825057465,79.96664891178918,75.62264366149903,71.27863841120887,488222.7,0.7152473655977077,1.5855433911525132,0.2400862987051111,0.31243083104899316,0.22746944638225575,-0.16951934599525043,-1.7413976363129247
2024-05-09,76.36237335205078,78.01643481531262,76.27048260649501,77.37318557479324,373014,76.19696807861328,75.46642684936523,78.39778683980306,49.79066353134422,-0.5740769556333873,-0.9849094067607818,0.4108324511273944,79.43372563343786,75.46642684936523,71.49912806529261,478868.0,0.7789495226241887,1.6069312335078598,-0.4790424163035545,-0.09516764309563941,-0.6750569718193655,0.834871915341906,2.1267170109589673
2024-05-10,76.91373443603516,77.18941371792532,75.44346129119013,76.3623828830702,289064,76.58291778564453,75.3285888671875,78.32580477396647,52.19159625109691,-0.4407726729261867,-0.8760820599938628,0.4353093870676761,78.84705040561327,75.3285888671875,71.81012732876174,450870.55,0.6411241541502323,1.6254673926048369,0.722032409132245,0.01793319460277054,0.720159390313424,-1.1226537016213012,-2.342723523953183
2024-05-13,75.99480438232422,77.00562362949239,75.90291363553109,76.91372587188468,170200,76.50940399169922,75.19534530639649,78.24616483052571,48.06619425333375,-0.4046139067373531,-0.781788429342561,0.3771745226052079,78.36744713197281,75.19534530639649,72.02324348082017,433958.6,0.392203311560135,1.5557664061190317,-1.1947541755044533,0.26346452966479195,0.7188770345091466,2.653992010899886,0.8884783496321935
2024-05-14,76.5461654663086,76.91372846587754,76.27048620581706,76.5461654663086,238185,76.50940399169922,75.1356159210205,78.18337186177571,50.589795226284,-0.32769018400105665,-0.6909687802742601,0.36327859627320347,78.14681796687182,75.1356159210205,72.12441387516918,420561.25,0.5663503235260025,1.4708540964436037,0.7255247098348017,-0.16192227613095467,0.6143467624945442,0.9124789382094045,2.7300784911830744
2024-05-15,75.99480438232422,76.82183512509155,75.90291363553109,76.82183512509155,248001,76.3623764038086,75.16777801513672,78.08075892130533,48.07405399681674,-0.3076711693659462,-0.6143092580925974,0.3066380887266512,78.20234165308385,75.16777801513672,72.13321437718959,380905.65,0.6510824924754988,1.397263082192518,-0.7202987643150527,-0.17854125279843647,0.768905386860852,2.3975887809535745,1.6716691305839415
2024-05-16,76.5461654663086,76.91372846587754,76.27048620581706,76.63805621620084,391477,76.39913482666016,75.15858917236328,77.96589380900065,50.71351687853789,-0.24449731166315303,-0.5403468688067086,0.29584955714355554,78.17428998795604,75.15858917236328,72.14288835677051,381374.6,1.0264894410902037,1.3334845490406253,0.7255247098348017,-0.8739389928487662,0.7426455838037249,-2.3280678532277554,0.3794250802527266
2024-05-17,75.90290832519531,77.00561824200858,75.81101758483106,75.90290832519531,268613,76.19696960449218,75.18615646362305,77.83724466959636,47.66911869356101,-0.2435297898290969,-0.4809834530111863,0.23745366318208938,78.21931418519546,75.18615646362305,72.15299874205064,368994.3,0.72795975439187,1.3149666967922111,-0.8403518807175381,0.28877622974334827,-0.21492914094993765,0.23287420403468317,0.5039962881816296
2024-05-20,75.62723541259766,76.63804756899013,75.35155618321151,76.27047760007994,330000,76.12345581054687,75.29642677307129,77.7254425048828,46.384009086258,-0.2619874932167079,-0.43718426105229063,0.17519676783558275,78.21780808244962,75.29642677307129,72.37504546369296,337384.0,0.9781139591681882,1.3111699886570656,-0.3631915017229259,0.12515050063168776,0.06190547021835968,1.5170160422699919,0.3343042071740854
2024-05-21,75.71913146972656,76.08670146445046,75.44345222098,75.62724072374922,249149,75.95804901123047,75.48480529785157,77.6121088663737,46.89793664958546,-0.26613230478116634,-0.4029738697980658,0.13684156501689948,77.94798891435275,75.48480529785157,73.02162168135038,315068.85,0.7907763652293777,1.2221138892988501,0.12151185565298928,0.12995161060771476,-0.16397830333553243,-1.9655346102127047,-1.665968423686981
2024-05-22,76.5461654663086,76.82183771598531,76.08670470603259,76.08670470603259,321073,76.06832122802734,75.66858978271485,77.52327995300293,51.411810884281635,-0.20037259554128184,-0.3624536149467091,0.16208101940542724,77.84191035854525,75.66858978271485,73.49526920688444,318836.3,1.0070151987085536,1.2061928702268365,1.0922391481902993,0.09004381018689056,1.4836548818675244,4.765176098936119,0.7200365544845599
2024-05-23,75.16778564453125,76.54616797045188,75.07588788081783,76.36237945384009,390240,75.79264526367187,75.72372512817383,77.43138796488444,44.606248960396805,-0.2565242325402295,-0.3412677384654132,0.0847435059251837,77.77847777174435,75.72372512817383,73.6689724846033,318368.9,1.225747866704317,1.2414044994811309,-1.8007170096378422,-0.033810014699131585,0.25798091936253265,-6.082054442214657,-1.0092556852315138
2024-05-24,75.16778564453125,75.35156715032798,73.78940331861061,75.16778564453125,392036,75.64562072753907,75.8294017791748,77.32724367777506,44.60624896039681,-0.2975943272540462,-0.33253305622313983,0.03493872896909361,77.48464379964473,75.8294017791748,74.17415975870487,318162.9,1.2321864051402598,1.2841724104459629,0.0,-0.0096243747411906,-0.19479338523243905,1.2700572412216449,1.9541324428571372
2024-05-27,77.005615234375,77.64885740261552,75.81101462385539,75.81101462385539,748388,75.92129669189453,76.00859107971192,77.26291898091634,54.01843561054599,-0.17977287489411253,-0.30198101995733434,0.1222081450632218,77.30303837639842,76.00859107971192,74.71414378302542,343832.25,2.1766079243584624,1.4437589901310706,2.444969708878819,-0.09869189434805747,1.105615256831216,1.2700572412216449,1.9541324428571372
2024-05-28,77.92454528808594,78.47589678085528,77.18940529051707,77.46508454230904,869099,76.36237945556641,76.15102424621583,77.22003606160482,57.87281203138474,-0.012108964915569231,-0.24400660894898132,0.2318976440334121,77.62745384087921,76.15102424621583,74.67459465155244,365268.5,2.3793428669595107,1.4472953309776317,1.1933286305343849,-0.36968990725814166,0.25060173618918213,1.5022105898018445,-0.7500135395859364
2024-05-29,77.74075317382812,78.75156536544293,77.1894017066577,77.83264391655415,468300,76.6012969970703,76.27507858276367,77.16336911519369,56.846444763548455,0.10472816301759735,-0.17425965455566558,0.27898781757326296,77.84982604217406,76.27507858276367,74.70033112335328,377676.1,1.2399513763248455,1.462611108018644,-0.2358590782639003,0.3236723675793307,-0.8962690097293446,-3.5845204819456855,-1.847185226499004
2024-05-30,76.82183837890625,79.21103295079567,76.54616612685066,77.0975176417767,1005479,76.9321075439453,76.33021392822266,77.10670229593913,51.891305562946116,0.12176999570061753,-0.11505372450440896,0.23682372020502648,77.90021301438891,76.33021392822266,74.76021484205641,415491.15,2.4199769357301593,1.6229118701421585,-1.1820245590715928,0.6315619238836723,-1.3757393248701622,1.5490753992807749,0.08553138715772235
2024-05-31,76.08670043945312,78.84346484652296,76.08670043945312,77.55697338772748,636152,77.11589050292969,76.38534965515137,77.03472010294597,48.26656273874731,0.07509068430556454,-0.07702484274241427,0.15211552704797882,77.8286230778447,76.38534965515137,74.94207623245805,433648.75,1.4669752881796616,1.7740922083991826,-0.9569387494051118,-0.0636234547158887,-0.8905424398374384,1.2896967096160061,0.9829163256505291
2024-06-03,75.99480438232422,76.6380536315053,75.81102288873797,76.17859288672507,269964,76.91372833251953,76.36697120666504,76.97805315653483,47.816910419521534,0.030332100344097057,-0.055553454125112006,0.08588555446920906,77.82079908848885,76.36697120666504,74.91314332484123,421785.25,0.6400508315546833,1.6478173463149361,-0.12077808158080794,0.3356387546574968,1.7121719263391677,0.20536900876053643,1.0156793647487339
2024-06-04,76.36237335205078,76.82183409064413,75.62724037679013,75.90291261345745,309134,76.6012939453125,76.35778160095215,76.9566115061442,49.83016985320753,0.02424090992120398,-0.03959458131584881,0.06383549123705279,77.80916172475186,76.35778160095215,74.90640147715244,415838.4,0.7433993589817582,1.5873875286534787,0.483676446980974,-0.46419102039185756,-0.8364332748305281,-2.281740323313697,-4.10559327075104
2024-06-05,75.90290832519531,77.09750898237283,75.71912684446681,76.4542597781949,291450,76.23372497558594,76.31642990112304,76.93057518005371,47.36996473482063,-0.017460120728159723,-0.035167689198310995,0.017707568470151272,77.7702888015497,76.31642990112304,74.86257100069639,412950.9,0.7057739794246725,1.5595201432204835,-0.6016903439305277,0.04487073545036413,0.6005712697569221,4.222601250294833,1.87855353808688
2024-06-06,75.2596664428711,77.37318152324012,75.16777570212707,76.27047861268359,693141,75.92129058837891,76.26129455566407,76.88309758504232,44.088197100828374,-0.1012456354026483,-0.04838327843917846,-0.052862356963469845,77.78955067678605,76.26129455566407,74.73303843454208,428957.25,1.6158743091531849,1.6456382336061586,-0.847453538365539,-0.23756310030170757,1.944708756402913,-2.803868985262903,-0.9862795095816557
2024-06-07,76.2704849243164,76.63805492852426,75.35156341920417,75.35156341920417,335145,75.95804748535156,76.22913208007813,76.82949384053548,49.95557442152419,-0.0851006682043618,-0.055726756392215124,-0.029373911812146672,77.72633370377189,76.22913208007813,74.73193045638438,431261.3,0.7771274630948801,1.6100049338790923,1.343107841452662,-0.13363032114330764,-0.20234199872982694,-0.19323588067016173,-1.992190354879464
2024-06-11,75.4434585571289,76.82184089499661,75.4434585571289,76.27048936201255,222085,75.8477783203125,76.20156478881836,76.79120559692383,45.72744455054737,-0.13745528253173234,-0.07207246162011857,-0.06538282091161376,77.73675444884765,76.20156478881836,74.66637512878907,433855.55,0.5118869632991903,1.5791219210775742,-1.0843334325305043,-0.2190993617724568,-0.3031410202626317,0.6530657917463767,0.486066501972382
2024-06-12,75.16778564453125,75.62724641983813,75.16778564453125,75.53534865612471,239087,75.60886077880859,76.1326457977295,76.74832280476888,44.37909581168133,-0.19889841461900915,-0.0974376522198967,-0.10146076239911245,77.72537848973178,76.1326457977295,74.53991310572721,433900.65,0.5510178424484959,1.4298337683081486,-0.3654033336619955,-0.0562872544702997,1.1785994524791121,3.027842338641351,2.4626254311125084
2024-06-13,75.90290832519531,76.6380482697375,75.16777539146723,75.16777539146723,350604,75.60886077880859,76.12805099487305,76.72381820678712,48.72132283194282,-0.1861287069464339,-0.11517586316520415,-0.07095284378122976,77.72298670319887,76.12805099487305,74.53311528654723,439030.8,0.7985863406394267,1.4352256496364308,0.9779757037681858,-0.3552426383712781,1.193154297591259,-1.5481504674330404,-0.8189765625350232
2024-06-14,76.72994232177734,77.74075453103907,76.17859084498134,76.17859084498134,632152,75.90291595458984,76.13723983764649,76.70237655639649,53.15240687785214,-0.1080286034078739,-0.1137464112137381,0.0057178078058642,77.74438895473087,76.13723983764649,74.53009072056211,451064.55,1.4014668188843482,1.4889083904640747,1.0895946082049024,0.3043370457556316,0.863577013670791,-4.09115092932918,-3.1290633326340966
2024-06-17,79.48670959472656,80.4056310929315,77.6488665983167,77.74075734597427,2027567,76.54616088867188,76.31642990112304,76.73147583007812,64.24379725057534,0.1743050904078416,-0.05613611088942217,0.23044120129726375,78.50687634302436,76.31642990112304,74.12598345922173,539012.25,3.761634359886997,1.780479107889419,3.592818122276631,0.15480119319866148,-0.03639861324233884,-1.7229371164896312,0.3589040382873998
2024-06-18,78.38400268554688,79.48670562398159,78.38400268554688,79.48670562398159,731067,77.13426971435547,76.4542682647705,76.74832280476888,58.29816221829979,0.30555509605073894,0.01620213049861005,0.28935296555212886,78.80331707815938,76.4542682647705,74.10521945138163,559065.6,1.3076587076722304,1.6901094813947883,-1.387284635132069,-0.14838275415750557,1.159736185000071,0.0,-0.13409540106248397
2024-06-19,77.92454528808594,79.76238827119349,77.64886603629395,79.30292752541659,548407,77.68562164306641,76.56453895568848,76.76057510375976,55.97370820066396,0.3682523155341926,0.08661216750572656,0.28164014802846604,78.97455052887967,76.56453895568848,74.15452738249728,574028.5,0.9553654565931831,1.746564515195421,-0.5861622036630876,0.14396198742181454,1.986645158123146,0.0,-0.13409540106248397
2024-06-20,78.65967559814453,79.11913632828652,77.74075413786056,77.74075413786056,358635,78.23697509765626,76.67021446228027,76.76516965230306,58.80396155870936,0.4718203348431871,0.1636538009732187,0.3081665338699684,79.25578794770118,76.67021446228027,74.08464097685936,575906.6,0.6227311859249399,1.697473538559492,0.9433873593241104,0.10293992607994795,0.8468955214737006,-4.382872835268614,0.7161745785110751
2024-06-21,79.11913299560547,79.11913299560547,77.83264160323505,78.38400006483242,295258,78.71481323242188,76.86778182983399,76.77895329793294,60.5125516358854,0.5842383721636821,0.2477707152113114,0.33646765695237074,79.57114838661188,76.86778182983399,74.1644152730561,571157.5,0.5169467266034325,1.6426759190676161,0.5841079231094337,-0.12290844763791497,-0.6524324296809936,1.3159831817137313,-0.3999886202699643
2024-06-24,77.74075317382812,78.93535386170925,77.74075317382812,78.93535386170925,368111,78.3656219482422,76.99643020629883,76.78967399597168,53.36224219950165,0.5557009697839703,0.3093567661258432,0.24634420365812715,79.60229362956889,76.99643020629883,74.39056678302876,569961.25,0.6458526785812193,1.6074364394289131,-1.742157389229615,0.06802312668354737,-1.8908700814464607,-1.0653761869571454,-1.51718112493896
2024-06-25,78.2002182006836,78.2002182006836,76.54616370816977,78.01643670512028,436060,78.32886505126953,77.05616035461426,76.79733174641927,55.26001174301137,0.5636623122865245,0.36021787535797944,0.20344443692854508,79.71709241200865,77.05616035461426,74.39522829721987,554344.85,0.7866222622975573,1.6136521798402343,0.59102209342905,-0.12823314551579923,0.27295654149688264,0.0737504376575826,-0.3171726407463771
2024-06-26,77.92454528808594,78.75156902183265,77.92454528808594,78.29210827605576,207002,78.32886505126953,77.05616035461426,76.74066505432128,53.84430943642082,0.5414853276321736,0.3964713658128183,0.14501396181935533,79.71709241200865,77.05616035461426,74.39522829721987,521240.0,0.39713375796178346,1.5087683870277648,-0.3525219224966847,0.4702765421042532,0.4839958550256096,0.48644140458240503,0.1818402682496334
2024-06-27,76.82183837890625,77.74075990738794,76.82183837890625,77.46508765533235,312336,77.96129760742187,77.01021461486816,76.6885929107666,48.492659982292665,0.4299742007161882,0.4031719327934923,0.02680226792269591,79.65304708489535,77.01021461486816,74.36738214484097,513441.8,0.608318216397652,1.4546268566480214,-1.4150957251056084,0.3350392876177333,-0.3511118229512111,-0.45474192008262415,0.2268264992381086
2024-06-28,78.65967559814453,78.65967559814453,77.18940266385306,77.18940266385306,311048,77.8694061279297,77.10210647583008,76.63805211385092,56.29021042316152,0.4843160395592463,0.41940075414664313,0.06491528541260316,79.84333286690504,77.10210647583008,74.36088008475512,478720.25,0.6497489922350266,1.505721571660056,2.392336942229334,-0.1850665019445641,0.5512513704543975,1.0168028812263197,0.9506655963155364
2024-07-01,78.65967559814453,79.48670631456298,78.20021486800255,78.75156634201007,545444,78.05319061279297,77.23075523376465,76.58597971598307,56.29021042316152,0.5213722832162375,0.43979505996056206,0.08157722325567546,80.01253778221361,77.23075523376465,74.4489726853157,474184.85,1.1502771545737913,1.4764908883134398,0.0,-0.055340206795018165,0.11427590660921805,0.9190331515263273,-2.286984099874345
2024-07-02,79.02725219726562,79.21103370037514,77.9245491569786,78.65968218023163,448036,78.21859741210938,77.38237762451172,76.556880569458,57.773032832243565,0.5737857380544114,0.466593195579332,0.10719254247507937,80.21069429116912,77.38237762451172,74.55406095785432,483088.45,0.9274409272256458,1.4511567089911865,0.4672999174303305,0.05445543450566248,-0.7771564734776915,5.406183647399776,0.7801520462478617
2024-07-03,80.12995147705078,82.15158297045501,79.76238848808148,79.94616998256613,1567157,78.65967864990235,77.57075653076171,76.55841204325358,61.94391960149288,0.6962761567503293,0.5125297878135315,0.18374636893679774,80.6072383299794,77.57075653076171,74.53427473154403,545989.6,2.870305588238311,1.6742465842176129,1.3953405301662558,0.15711929888313492,1.2808943510362658,-0.3291248900109567,1.2750639545073161
2024-07-04,80.3137435913086,81.32455587802501,80.22185283993709,81.04887661309556,522464,79.35805969238281,77.79129829406739,76.57679061889648,62.606875637875895,0.7989711416893357,0.5698180585886924,0.2291530831006433,80.95575684577251,77.79129829406739,74.62683974236226,557540.3,0.9370874177167102,1.610294293118495,0.2293675596577005,0.14950641568265421,1.5108454922353465,-0.3291248900109567,1.2750639545073161
2024-07-05,81.69212341308594,81.78401416166643,80.40563190051475,80.40563190051475,1073189,79.9645492553711,78.11292114257813,76.61354751586914,67.21907986600527,0.980281316336729,0.6519107101382997,0.3283706061984293,81.49410722508091,78.11292114257813,74.73173506007535,576542.7,1.8614215391158366,1.5916244634170744,1.7162440201909712,-0.3522176733286364,0.14479967883183065,0.9631218289804178,0.0
2024-07-08,80.86509704589844,81.69212784966724,80.49752702079952,81.69212784966724,548050,80.40563354492187,78.34265174865723,76.63345756530762,62.257250290017524,1.0451885370815717,0.7305662755269541,0.3146222615546176,81.81974580906821,78.34265174865723,74.86555768824626,587187.95,0.933346809994994,1.538687978810494,-1.0123697764661377,-0.34946094601715494,1.365055591695996,2.2213204467469216,1.2140390250343192
2024-07-09,78.93536376953125,81.78401921648162,78.3840122331562,81.78401921648162,660103,80.387255859375,78.51724700927734,76.63805236816407,52.516211320807,0.9301919553670928,0.7704914114949819,0.15970054387211086,81.72134589814338,78.51724700927734,75.3131481204113,609088.85,1.0837548577682878,1.7868638460791515,-2.3863611704712184,0.24079002019752327,0.09183997563149138,-2.0397263507847208,-1.9991252166519535
2024-07-10,79.9461669921875,80.58940920963798,79.5785970061525,79.5785970061525,420144,80.35049896240234,78.75616607666015,76.67480926513672,56.36728312953913,0.9101283155990814,0.7984187923158018,0.11170952328327954,81.60114172151776,78.75616607666015,75.91119043180254,618141.7,0.6796888156874064,1.7691547252828286,1.2805454670577143,0.11240498501070562,0.44769724473825434,4.232434456827727,1.7225709321516458
2024-07-11,80.86509704589844,81.32455782456832,80.03806624212964,81.14077631742641,611105,80.46076965332031,79.00427551269532,76.76670150756836,59.576990351229036,0.9573420686056551,0.8302034475737725,0.12713862103188256,81.66079895057152,79.00427551269532,76.34775207481911,631166.75,0.9682148180334278,1.7170528728958938,1.1494360371282486,0.2442485876554823,1.5951511700039722,-3.0682838314205596,2.495552713317317
2024-07-12,79.8542709350586,81.14076229517366,79.8542709350586,80.31373163432727,488356,80.09319915771485,79.16049194335938,76.81877365112305,54.801436104430834,0.9027873184599713,0.8447202217510124,0.05806709670895893,81.61355164295564,79.16049194335938,76.70743224376311,623976.95,0.7826507052864694,1.6596446711917832,-1.2500153314180862,-0.6140502852808205,-1.9397254657484875,3.542571334172928,0.9130347470857725
2024-07-15,79.48670959472656,80.22184959761637,79.21103034093923,79.94617034382904,483370,79.81752166748046,79.16049194335938,76.88769276936848,53.133603158696445,0.8204356857158217,0.8398633145439743,-0.019427628828152632,81.61355164295564,79.16049194335938,76.70743224376311,546767.1,0.8840509972161822,1.5731346159231638,-0.46029014607239516,0.49773822276901747,-0.1570866870910903,-0.650448786437996,1.0340506472027444
2024-07-16,80.68130493164062,81.50832861586609,79.94616497809113,80.12994646107141,988831,80.16670989990234,79.27535705566406,77.00868403116861,57.645281043237375,0.8418608358186361,0.8402628187989067,0.001598017019729392,81.78970287092002,79.27535705566406,76.7610112404081,559655.3,1.7668572065698296,1.632932536618679,1.5028868888961044,0.07988501995308539,0.49369257838391967,3.1033063139356276,3.3262159802050606
2024-07-17,81.23771667480469,82.65630308746611,81.048567490601,81.5214296281548,814280,80.42501983642578,79.441015625,77.16345329284668,59.596284245622854,0.8934391883644963,0.8508980927120248,0.04254109565247155,82.01646646076368,79.441015625,76.86556478923633,572948.95,1.4212086434576765,1.6785412858462538,0.6896414772114667,-0.03284897586730562,-0.9477322922418208,-4.165606893934259,0.16507989029568293
2024-07-18,80.67027282714844,81.80513892026809,79.62997049060233,80.67027282714844,459605,80.38605499267578,79.54154548645019,77.29344991048177,56.72647353785756,0.8784017594821023,0.8563988260660403,0.022002933416061965,82.1453869504545,79.54154548645019,76.93770402244589,577997.45,0.7951678679551268,1.7447582383555214,-0.6984980263880836,-0.2226498352794204,-1.5622735237073582,-0.03975454500508846,-1.3184955739010573
2024-07-19,78.68424987792969,81.04856035761871,78.49510792567575,80.76484742923782,580050,80.15205078125,79.51980133056641,77.37043609619141,48.012190803315484,0.6981808405113981,0.824755228955112,-0.12657438844371394,82.14566546051792,79.51980133056641,76.8939372006149,592237.05,0.9794220067792111,1.8525841308338462,-2.4619018625041567,0.45613217759497005,-2.2617330175741857,-3.844626162198117,-1.7536534656004021
2024-07-22,74.99593353271484,78.8734013916849,74.90135533847155,78.68425221850148,702126,79.25389556884765,79.38256034851074,77.40279744466146,36.727974097140645,0.25480097229201704,0.710764377622493,-0.45596340533047597,82.61644956000112,79.38256034851074,76.14867113702036,608937.8,1.1530340208802934,2.13517905381778,-4.687490000777639,0.4350571135180781,-2.677259944243182,6.617955511572315,3.144916557305244
2024-07-23,75.65792846679688,76.69822354015487,75.46878653175081,75.65792846679688,232050,78.24922027587891,79.25544586181641,77.44006576538087,39.477440194855795,-0.04267141943219599,0.5600772182115552,-0.6027486376437512,82.86325829561878,79.25544586181641,75.64763342801405,598737.3,0.38756563187227516,2.0774605143007463,0.8827077721397458,0.08389052827177945,2.7625011418902057,-5.0950502367943855,-0.9888716804257958
2024-07-26,74.52306365966797,75.1850676585912,73.00989929303928,73.76648147635362,240061,76.90628967285156,79.0853717803955,77.4308521270752,36.545565150824466,-0.3657780765434211,0.3749061592605599,-0.740684235803981,83.23705162442445,79.0853717803955,74.93369193636656,600390.25,0.3998416030240331,2.1535363355616592,-1.4999945546050109,-0.2194732292683632,-3.2906356086419675,3.8939846280241053,3.0927806705031813
2024-07-29,72.53704071044922,75.75250432076322,72.25332778957912,75.75250432076322,536764,75.27964324951172,78.87113189697266,77.38547503153482,32.058480851705625,-0.7731850878754329,0.14528790983336135,-0.9184729977087943,83.87033600296976,78.87113189697266,73.87192779097555,611611.65,0.8776222624274733,2.3329550283113187,-2.6649775944377785,0.47483004597199674,0.20470575104574174,11.543392739756197,0.24998449734388029
2024-07-30,73.10448455810547,73.10448455810547,71.40217808841925,72.82076440805672,386000,74.16369018554687,78.5933723449707,77.3418975830078,34.53181700924307,-1.038301213318249,-0.09142991479696072,-0.9468712985212883,84.21997641443103,78.5933723449707,72.96676827551038,615359.25,0.62727585552667,2.2488685538279722,0.7822814965961378,0.15641212361443557,0.2665528397010952,-5.493797887806862,-0.9143878954470774
2024-07-31,74.71221160888672,75.09050273097967,73.1044833591205,73.19905433581798,272200,74.10694580078125,78.39599914550782,77.33736801147461,41.0767973703863,-1.1059290544055074,-0.2943297427186701,-0.8115993116868373,84.28369527922752,78.39599914550782,72.50830301178812,601697.05,0.45238712737581144,2.213821996232132,2.1992180924323312,-0.2672783628201558,-0.1089865524954714,5.786127766209859,1.9715043394609166
2024-08-01,75.65792846679688,75.65792846679688,74.90134629600797,74.90134629600797,220093,74.10694580078125,78.22753295898437,77.32562726338705,44.58617181248164,-1.070868849447919,-0.4496375640645199,-0.6212312853833992,84.23085696596168,78.22753295898437,72.22420895200706,590299.9,0.3728494617735832,2.0447413111225354,1.2658129608863922,-0.5775112476597344,1.9944277998713122,-8.115014024435908,-3.2085709785913186
2024-08-02,72.63162231445312,74.90135464934599,72.53704412107999,74.05020863141273,607218,73.72865753173828,77.8526165008545,77.26038487752278,36.993346635617584,-1.272611130087526,-0.6142322772691211,-0.6583788528184049,84.27745798720917,77.8526165008545,71.42777501449982,542302.95,1.1197025573989594,2.1882270490684492,-3.999985478946688,0.4427055244088818,-4.434260881041652,-5.49374755745311,-4.674885613623692
2024-08-05,65.44410705566406,70.92930990800406,65.44410705566406,70.92930990800406,1004229,72.31007080078125,77.10913467407227,77.07228762308756,25.769174401731007,-1.9895316711178168,-0.8892921560388602,-1.1002395150789566,85.4811676806915,77.10913467407227,68.73710166745303,566391.2,1.773030725053638,2.854798810364531,-9.895848433167664,-0.3900105801548759,-8.351980222953914,1.5011101078310274,-3.834148289537298
2024-08-06,64.49838256835938,66.20068888289774,59.486049024978605,66.20068888289774,884190,70.58885040283204,76.24944763183593,76.87455444335937,24.706940383752382,-2.603991237338306,-1.2322319722987496,-1.3717592650395565,86.04931869255229,76.24944763183593,66.44957657111958,556941.25,1.5875821731645843,3.3694442833718115,-1.4450873116815477,0.2764724507885674,3.379268306975858,-0.6669553085850488,-0.46360289306901503
2024-08-07,68.4704360961914,68.75414903767157,64.78211013452287,64.78211013452287,454425,69.34049530029297,75.62971458435058,76.73383280436198,36.53903225217433,-2.7388713427000795,-1.5335598463790157,-1.2053114963210638,85.76257323214544,75.62971458435058,65.49685593655572,552260.0,0.8228461232028392,3.487620574830529,6.15837695406114,0.3029438503285631,3.8742452023632135,-3.0944426805978753,-7.545410671228236
2024-08-08,67.71385192871094,68.84872530881636,66.86269869745766,66.86269869745766,278183,67.75167999267578,75.06863899230957,76.59581693013509,35.397963775267584,-2.873688722452613,-1.8015856215937351,-1.0721031008588777,85.66300556322271,75.06863899230957,64.47427242139644,533164.0,0.5217587834137338,3.2874080463676183,-1.104979332127476,-0.3905008009258193,-1.9965912706408795,8.796511554413012,1.6120949293173537
2024-08-09,69.4161605834961,70.64559776497576,69.03786944484723,69.03786944484723,309000,67.10858764648438,74.542138671875,76.47698351542155,39.94248141043146,-2.810769583444511,-2.0034224139638903,-0.8073471694806207,85.1624671974591,74.542138671875,63.9218101462909,527606.8,0.5856634144973112,3.2399864183539124,2.5139740338171013,-0.7344664716750882,2.86965755714923,-1.287554010734393,-0.09917415696015786
2024-08-12,69.60530090332031,70.3618831627718,69.51072992471467,69.79445007583477,190158,67.94082641601562,73.9791488647461,76.37049179077148,40.44378311824552,-2.7143542828288787,-2.145608787736888,-0.5687454950919908,84.3796798183345,73.9791488647461,63.578617911157686,506559.45,0.3753912793453957,2.9340845731434855,0.27247303543489476,0.07652887976525857,1.417205112604214,-1.304348198275218,-2.630267503945094
2024-08-13,70.07815551757812,70.74016672762929,69.51072249132169,70.07815551757812,162005,69.05678100585938,73.49034309387207,76.26269162495932,41.75276993558197,-2.5701618212908954,-2.2305193944476893,-0.3396424268432061,83.64425888169444,73.49034309387207,63.3364273060497,490241.9,0.3304593099855398,2.706799194898701,0.6793370736441373,-0.604294595055821,0.10706043617687566,3.6094938416791678,2.3955279590241574
2024-08-14,70.07815551757812,71.11845060159865,70.07815551757812,71.11845060159865,241096,69.37832489013672,73.01991539001465,76.16561241149903,41.75276993558197,-2.427900926111093,-2.2699957007803704,-0.1579052253307225,82.87139239417374,73.01991539001465,63.16843838585555,478128.2,0.5042496970477792,2.484598646781611,0.0,0.20472686912957894,1.0583302060494848,-2.5099461516084443,-2.3892595237073433
2024-08-15,70.1727294921875,71.21303183607574,69.69986741416655,70.07815851964385,196050,69.87010040283204,72.49448661804199,76.07470397949218,42.04822286825382,-2.2812302105328683,-2.27224260273087,-0.008987607801998365,81.72695981085923,72.49448661804199,63.262013425224744,438489.15,0.4471034231975865,2.355074083465289,0.13495499975830771,-0.9596021142668665,-0.5996212787569899,6.752947803479348,3.008664718550924
2024-08-16,70.2673110961914,71.11845710576677,70.2673110961914,70.92931515148403,191114,70.04033050537109,71.94596633911132,75.98384030659993,42.363094403134816,-2.1327753599965433,-2.244349154184005,0.1115737941874615,80.24792444698355,71.94596633911132,63.6440082312391,407330.85,0.46918616647867456,2.167161220813819,0.13478398900592659,1.398656718686797,2.0742481463743134,-0.05271602131685649,0.29703113444801144
2024-08-19,71.2130355834961,71.30760656101631,70.07816220734412,70.26731137768766,163600,70.36187744140625,71.47310447692871,75.89495480855307,45.54887693748896,-1.916717038110491,-2.1788227309693022,0.26210569285881125,78.68907524357643,71.47310447692871,64.257133710281,392530.6,0.41678279349431613,2.0421323051949356,1.345895370907324,-0.9462871123850913,0.2698102405719105,2.478909511593974,0.9871584100847208
2024-08-20,72.25332641601562,72.8207594622715,71.4021732389805,71.87503531341083,289331,70.79691162109376,71.15155830383301,75.8463804880778,48.89508514485336,-1.6426114826071938,-2.0715804812968805,0.42896899868968674,77.5402638221759,71.15155830383301,64.76285278549013,377994.65,0.7654367594885271,1.9842111816723313,1.4608151780018064,-0.7001673407422859,0.08687670993854368,-2.4446751107008224,-1.759510062576719
2024-08-21,72.25332641601562,73.1990505648763,71.49674421080603,72.4424683596667,133050,71.23194580078125,71.01442794799804,75.79780616760254,48.89508514485336,-1.4091371985791739,-1.9390918247533393,0.5299546261741654,77.16914336462227,71.01442794799804,64.85971253137382,349540.85,0.3806422053388038,1.9466238713253905,0.0,-0.0485705808362491,-0.8525040581436327,1.1342661749051297,1.0447760302810138
2024-08-22,72.82076263427734,73.48276668119505,72.2533295633046,73.00990458616727,191023,71.76155242919921,70.87256965637206,75.72805862426758,50.80747690828393,-1.164891640136588,-1.7842517878299893,0.6193601476934012,76.69865891555715,70.87256965637206,65.04648039718698,347489.5,0.5497230851579687,1.8509993905059277,0.785342691344848,-0.6270599155635659,-0.40049008413989284,-4.31663738317738,-1.8217695597276151
2024-08-23,72.82076263427734,72.82076263427734,71.96960942016676,72.72619165833238,129052,72.27224273681641,70.78745460510254,75.64299558003744,50.80747690828393,-0.9602560414691936,-1.6194526385578303,0.6591965970886366,76.4360260917328,70.78745460510254,65.13888311847228,341939.05,0.3774122902897461,1.7176865669865482,0.0,1.0727248962346891,0.041630655400193284,4.075232045577137,3.510541576284232
2024-08-26,73.29362487792969,73.76648697391633,73.19905390179295,73.19905390179295,208077,72.68836059570313,70.82528381347656,75.56887677510579,52.52447924233918,-0.7512647120627065,-1.4458150532588057,0.6945503411960992,76.53301497216272,70.82528381347656,65.1175526547904,325504.7,0.6392442259666297,1.6147582700068734,0.6493508534470616,-0.8756060974664415,0.3703771608125628,-2.016763885827655,-0.8236682408381601
2024-08-27,74.33392333984375,74.71221447645608,73.86106122290415,73.86106122290415,254001,73.10447998046875,70.88675575256347,75.52741152445475,56.15060910631452,-0.49597687340565244,-1.255847417288175,0.7598705438825226,76.72288001551658,70.88675575256347,65.05063148961037,318904.75,0.7964791995101986,1.5886024471428097,1.4193573638180412,0.17163104694757347,-0.24783653485163093,1.657308031044158,-1.2701348663239131
2024-08-28,74.05020904541016,74.52307115370702,73.48276874321138,74.42849295980511,175161,73.46385650634765,70.85365562438965,75.4934700012207,54.918635789892015,-0.3129453552285213,-1.0672670048762443,0.754321649647723,76.60532462367992,70.85365562438965,65.10198662509937,314052.8,0.5577437934003454,1.5154957755898542,-0.3816753935299455,-0.35839014234928523,0.8368724645030357,-1.8800951236872754,-2.078179060478258
2024-08-29,74.90135192871094,74.90135192871094,73.19905273937376,73.5773438532163,266198,73.87997436523438,70.81582679748536,75.47524579366048,57.902692597161575,-0.09808082630529213,-0.873429769162054,0.7753489428567618,76.44305842016225,70.81582679748536,65.18859517480847,316358.05,0.8414453180502283,1.5404028974228312,1.1494132079746366,0.9086610177773791,-0.7546069078691819,2.237713868150193,1.8190889514766662
2024-08-30,74.71221160888672,75.56336482977008,74.61764063218924,74.99593175428218,181080,74.25826416015624,70.91985626220703,75.44774309794109,56.99977215287275,0.05628994236715812,-0.6874858268562116,0.7437757692233697,76.76127828430033,70.91985626220703,65.07843424011374,295051.15,0.6137240949577726,1.4611124041105663,-0.25251923357035855,-0.39083263225860865,0.29835457649001196,2.057666621270271,0.0
2024-09-02,74.14478302001953,74.99593629240756,73.95563383987583,74.90135809468397,199046,74.42849578857422,71.35489006042481,75.41844100952149,54.26583219903272,0.1313292618177968,-0.5237228091214099,0.6550520709392067,76.75882115390029,71.35489006042481,65.95095896694933,254792.0,0.7812097711074131,1.4050044105667219,-0.7594857341897909,0.4331737370221411,-0.14815026617228666,2.057666621270271,0.0
2024-09-03,73.29362487792969,74.52306921361615,72.91533375807978,74.14477809376623,217204,74.2204360961914,71.79465217590332,75.3856736501058,50.363572996667926,0.12072546644211002,-0.39483315400870594,0.515558620450816,76.1858136776631,71.79465217590332,67.40349067414354,221442.7,0.9808587052090676,1.432035216562675,-1.1479676754331147,-0.203152061097156,-0.642626632600074,-9.130602747620475,-6.054576904108222
2024-09-04,69.79444885253906,71.3076061296176,68.75414646020097,71.2130351526695,434146,73.3692840576172,71.8608528137207,75.27773971557617,38.20144324699523,-0.16809468827302965,-0.34948546086157073,0.18139077258854108,76.07745339364126,71.8608528137207,67.64425223380013,220428.75,1.9695525198051524,1.8463609767181473,-4.774188793661782,0.15659122730726782,-4.5240421627673495,-0.3250471311331826,0.8980514146217144
2024-09-05,70.2673110961914,71.87503935350382,69.6998708027371,70.92931515148403,262074,72.44247589111328,71.98852577209473,75.19147059122722,40.299534384269194,-0.3547414716670687,-0.35053666302267034,-0.004204808644398372,75.81280894041242,71.98852577209473,68.16424260377704,219623.3,1.1932886902254907,1.8902019865912913,0.6775069528113908,-0.08130132213054475,0.4502065283094936,-0.3969924629845134,-1.1518517727225341
2024-09-06,70.9293212890625,71.11846325971186,69.41616387795656,70.26731717648605,164178,71.68589782714844,72.06418380737304,75.12082951863607,43.20662402098147,-0.4441221387505436,-0.369253758168245,-0.07486838058229861,75.73081260539615,72.06418380737304,68.39755500934993,212382.2,0.7730308848858332,1.865148305946492,0.9421311027041357,0.16272898106874933,1.1680285631374687,-3.3167285851312234,-2.2245658445023575
2024-09-09,71.87503814697266,71.87503814697266,69.51072768161171,69.51072768161171,234000,71.23194885253906,72.17767066955567,75.05369834899902,47.164716053959644,-0.4336467053359314,-0.3821323476017823,-0.05151435773414914,75.65971113650765,72.17767066955567,68.69563020260368,214574.3,1.0905313450865273,1.9317032605350857,1.3333228638351402,0.05905528468521659,-1.3564144167506398,2.164312809677371,-3.141946972926457
2024-09-10,69.79444885253906,72.53704326054883,69.51072870639176,72.53704326054883,214121,70.53211364746093,72.16348533630371,74.93810679117838,40.48058580945185,-0.5864705493068101,-0.42299998794278787,-0.16347056136402222,75.68364189670402,72.16348533630371,68.6433287759034,217180.1,0.9859144553299312,2.0776514330180165,-2.894731395034711,0.2563547314850423,-0.3800496824621358,-1.6717049184581612,1.1187601978157602e-05
2024-09-11,71.02388000488281,71.21302915816,70.07815588440421,70.07815588440421,104001,70.77799987792969,72.21077156066895,74.79705963134765,45.40425653391748,-0.6014466251732955,-0.4586893153888894,-0.1427573097844061,75.63714038017073,72.21077156066895,68.78440274116716,210325.35,0.49447677134496626,1.9897752826984056,1.7615027735820021,0.1557220455938646,-0.15704496945657676,3.444230336363141,1.3498399669652494
2024-09-12,71.59131622314453,72.63161857425321,71.21303233034439,72.63161857425321,212083,71.04280090332031,72.2817008972168,74.68384819030761,47.56044573765408,-0.5610603580828837,-0.4791635239276883,-0.08189683415519539,75.58702373808016,72.2817008972168,68.97637805635343,211127.0,1.0045280802550123,1.9388370542546713,0.7989372281867801,-0.1585997292772645,2.9587275926014067,-1.771039908715344,-0.05550206741889996
2024-09-13,73.19905853271484,73.19905853271484,71.68590117288862,71.87504313712812,259011,71.49674835205079,72.42828826904297,74.6050900777181,53.200153300365855,-0.39477189782599,-0.4622851987073487,0.0675133008813587,75.61538486066084,72.42828826904297,69.24119167742509,214521.85,1.2073874992221072,1.894691088296757,2.2457225182997087,-0.5730778859112329,0.4913830054379842,3.447280147882381,2.2765171203214862
2024-09-16,74.05020904541016,74.23935100260763,73.2936267860139,73.76648889431077,145166,71.93178253173828,72.57014694213868,74.52826563517253,55.903937421989,-0.19209204450002915,-0.40824656786588476,0.2161545233658556,75.78196189069378,72.57014694213868,69.35833199358358,213600.15,0.6796156276107485,1.7807712725095612,1.1627888797434593,0.04698615258813543,0.41558428502583844,-1.8823179742660012,-0.5429141363070267
2024-09-18,73.0099105834961,74.14478403396762,72.82076861606929,74.14478403396762,145100,72.57487487792969,72.6079761505127,74.42644526163737,51.9532169591858,-0.11409497638308608,-0.34941624956932504,0.23532127318623897,75.82190089784619,72.6079761505127,69.3940514031792,206388.6,0.703042706816171,1.7198704918947314,-1.4048555369723714,0.24009018886061995,-0.7837052942722855,-1.0921293745370542,-0.4880872915432488
2024-09-19,73.76648712158203,73.95562907423411,73.00990488036769,73.95562907423411,93015,73.12339630126954,72.68363418579102,74.36020749409994,54.47310658051192,0.008667749269605451,-0.2777994498015389,0.2864671990711444,75.93344784221725,72.68363418579102,69.4338205293648,204386.85,0.45509287901839085,1.6166509854909574,1.0362655316783265,-0.5025171841719578,1.6783629197754113,3.8363520779839844,2.288818637919632
2024-09-20,73.38819122314453,74.23934438527185,73.19904928280626,74.1447734151027,144055,73.48277130126954,72.71200561523438,74.28000704447429,52.97698164836944,0.0745731435749235,-0.20732493112624645,0.28189807470116995,75.97673319972465,72.71200561523438,69.4472780307441,202038.45,0.7130078457838099,1.539803534420909,-0.5128289460415658,-0.03461304571514834,0.5295654552418982,-5.153372676116019,-1.598287015964639
2024-09-23,76.13079833984375,76.6982314185708,73.76648783239519,73.86105880963252,666050,74.06911926269531,72.8775074005127,74.25011126200359,61.28002702779402,0.3441420613163473,-0.09703153263772772,0.441173593954075,76.4832372920361,72.8775074005127,69.2717775089893,228888.35,2.909934035524307,1.7758350892216235,3.7371231951473405,0.6956707184216482,0.5691005244930158,0.2443555694854549,0.054139058654567584
2024-09-24,78.49510955810547,79.4408337696489,75.75250790156886,76.98195226269658,1298279,74.95809936523438,73.13758163452148,74.27799911499024,66.73335524470951,0.7400269566011133,0.07038016521004048,0.6696467913910729,77.53345640747432,73.13758163452148,68.74170686156864,283398.45,4.5811083299855735,2.0308338597360795,3.105590995785379,-0.17505941198043828,0.6562554474329074,1.0467498986156842,0.21647134803493007
2024-09-25,77.17108917236328,80.3865527243998,76.88737625663524,79.62997051851968,1696205,75.79033508300782,73.27943992614746,74.25318934122721,61.508919389735354,0.9361399696385035,0.2435321260957331,0.6926078435427705,78.00836815514769,73.27943992614746,68.55051169714723,355508.65,4.771205988940072,2.226612874139878,-1.6867552554495013,-0.7296520762731573,1.4703261303304016,-1.163615269788465,-3.4557487117213848
2024-09-26,77.17108917236328,79.91369064955039,77.17108917236328,78.30596248118346,647132,76.47125549316407,73.43548393249512,74.22837956746419,61.508919389735354,1.079121504415511,0.4106500017596887,0.6684715026558222,78.46773726492751,73.43548393249512,68.40323060006273,379107.2,1.706989474217319,2.2954113545461756,0.0,0.5141959081656822,0.4270830660774827,5.2692004142766535,3.4675720365225926
2024-09-27,77.738525390625,78.68424957890659,76.69823022657584,77.17109232071664,601085,77.34132232666016,73.57734260559081,74.20690078735352,62.95060098807259,1.2241119607042492,0.5733423935486008,0.6507695671556484,78.9331440592797,73.57734260559081,68.22154115190193,395851.55,1.5184606451585196,2.254159087584118,0.7352963711505289,-1.264795450138878,-0.1575824966969841,1.4593558364400128,3.0810833477591837
2024-09-30,78.11681365966797,78.77882489649983,76.79279840130695,77.54938061045688,380023,77.738525390625,73.74757270812988,74.17334849039713,63.92079092230607,1.3539353201623214,0.729460978871345,0.6244743412909765,79.45981621233436,73.74757270812988,68.0353292039254,405798.7,0.9364815609315653,2.2184080752652857,0.486616213958424,0.36554889324060813,-2.6212834827579523,-2.3927931091562327,-0.8390125611975607
2024-10-01,77.8331069946289,78.68425302916219,77.26566668453569,78.4951110693333,332004,77.60612487792969,73.93198890686035,74.13200454711914,62.59687741055207,1.4175874453737976,0.8670862721718355,0.550501173201962,79.92926592899391,73.93198890686035,67.9347118847268,412446.6,0.8049623878582101,2.111765177846782,-0.36318258739416187,0.015832654460190554,0.7462542284165874,-2.148461018428016,-2.908521579021117
2024-10-04,78.21138763427734,78.9679698724701,77.73852553923261,77.73852553923261,422003,77.8141845703125,74.17787704467773,74.073992284139,63.67713380270398,1.4814787347237086,0.9899647646822103,0.4915139700414983,80.4613784284505,74.17787704467773,67.89437566090496,422686.55,0.9983828442139926,1.9941223985655436,0.4860150831117904,0.6475584055064321,-0.3915951667323836,1.7204593387887268,1.351337426781507
2024-10-07,79.15711212158203,80.00826533891902,77.73852583112141,78.96797016897514,556150,78.21138916015624,74.64601020812988,74.04552586873372,66.29780409585413,1.590095473404233,1.109990906426615,0.48010456697761805,80.94950492556315,74.64601020812988,68.34251549069661,428786.75,1.2970316829986002,2.0308713464631527,1.2091902674415733,1.005679869258036,1.792829627283954,-0.6290251214395082,-1.0555673861183723
2024-10-08,74.71221160888672,76.31993985865294,73.95562936470084,76.31993985865294,1106406,77.60612640380859,74.86825523376464,73.97513999938965,48.56319499624126,1.3024943534271927,1.1484915958267305,0.15400275760046211,80.82565199011194,74.86825523376464,68.91085847741735,471003.35,2.3490406172270326,2.453619534518891,-5.615288877477154,-0.6747083567230305,-0.4015843133057917,-0.7877304648210681,-0.393028551363106
2024-10-09,73.29362487792969,75.46879340558944,73.29362487792969,75.27964423801299,374040,76.64148864746093,74.98647041320801,73.86426429748535,44.474264032567916,0.9491589862642513,1.1086250739142347,-0.15946608764998338,80.70375722093007,74.98647041320801,69.26918360548595,481496.45,0.7768281573000174,2.4164927336043394,-1.8987347588948822,0.1500498127376071,0.2109089790889307,0.6663848416811335,0.9582929951903685
2024-10-11,72.53704071044922,73.67191403983799,71.87503667978287,73.57734306621462,327001,75.582275390625,75.01957054138184,73.7254633585612,42.422691912160005,0.6011583634599162,1.007131731823371,-0.40597336836345477,80.66826452830455,75.01957054138184,69.37087655445913,486146.5,0.6726388033236894,2.3338773504644434,-1.0322646324841478,-0.09929871833751491,1.070478351454196,0.028451533431317344,2.5915271858095945
2024-10-14,72.63162231445312,73.48276833238639,71.87504005928675,72.82076427059316,198001,74.46632232666016,75.16142921447754,73.6050858815511,42.778056975028136,0.3292024665569926,0.8715458787700954,-0.5423434122131028,80.38404612775685,75.16142921447754,69.93881230119823,485340.5,0.4079630692266563,2.2370574734824697,0.13039076736180988,-0.20343946585824613,0.3215858580000841,3.497794711255686,0.9884715279324441
2024-10-15,74.23934936523438,74.901353416128,73.19905419298595,73.19905419298595,245235,73.48276977539062,75.32220268249512,73.51762987772624,48.586874162440466,0.24063174264628628,0.7453630515453336,-0.5047313088990473,80.1947608754955,75.32220268249512,70.44964448949473,492402.2,0.49803798602037114,2.2414139572414573,2.213535922164467,0.06846983628858716,1.3786551243744505,-4.767139960239941,-1.5225637714126217
2024-10-16,72.82076263427734,74.4284908712506,72.82076263427734,74.4284908712506,652218,73.10447998046875,75.38367500305176,73.38662083943684,44.312436426846574,0.05533286939038362,0.6073570151143436,-0.55202414572396,80.08609929390435,75.38367500305176,70.68125071219917,514408.95,1.2678978466451643,2.1569225278723643,-1.9108286145909315,0.05909743352694452,-1.2066723441250926,-0.4183510051991468,1.0491338936578387
2024-10-17,73.57734680175781,74.52307101661175,73.1990556727556,73.48276860802989,186000,73.16122436523438,75.4025894165039,73.2589480082194,46.990963175512896,-0.03012059195856409,0.4798614936997621,-0.5099820856583261,80.0709350008523,75.4025894165039,70.7342438321555,510758.4,0.36416434854522217,2.0963073084673036,1.0389676516850077,-0.11191169434519033,0.1862561878152258,0.3042142375578871,0.8196951178949696
2024-10-18,72.82076263427734,74.1447779434157,72.82076263427734,74.1447779434157,248180,73.21796875,75.34111709594727,73.12812283833821,44.676746630680306,-0.1570823474929881,0.3524727254612121,-0.5095550729542002,80.11561535654653,75.34111709594727,70.56661883534801,515909.1,0.4810537360166743,1.9933350418901112,-1.0282841123898656,-0.20848772856875142,1.8800759024857339,-1.0831889415647167,-1.1382279485450342
2024-10-21,74.90135192871094,74.99593011864873,72.82076162553119,72.91533260016612,395102,73.67191467285156,75.43568916320801,73.06507453918456,51.71854790272495,-0.08879076099114513,0.2642200281707407,-0.35301078916188583,80.08915876573292,75.43568916320801,70.7822195606831,528409.2,0.7477197596105443,2.0175795020537683,2.857137468997406,-0.08108075314693375,0.23527539270360442,-1.9710885037641845,-2.1930002014237893
2024-10-22,74.99593353271484,76.31994166848277,74.05020931270737,74.90135533847155,432776,73.82323150634765,75.49716148376464,73.06507453918456,52.01754263566377,-0.02672912496812785,0.206030197542967,-0.23275932251109485,80.08987366280383,75.49716148376464,70.90444930472546,545397.25,0.7935060178612928,2.0511998825499864,0.12627489567067496,0.028084610514422792,-0.030156527726787896,-0.893652784592669,-0.8968371865978653
2024-10-23,74.33392333984375,75.46879674968075,74.23935235951649,74.99593463274115,204245,74.12586364746093,75.54444808959961,73.04300778706869,49.69768130360453,-0.03061066056410766,0.15870202592155208,-0.18931268648565974,80.06463489209875,75.54444808959961,71.02426128710047,548406.75,0.37243341734943997,1.9416324835652232,-0.8827281182949842,-0.11543711676430535,-0.852629098085167,2.1490836872562813,-0.6221623175459157
2024-10-24,73.67191314697266,74.71220827482743,73.57734217449544,73.95562606440431,199097,74.1447769165039,75.42150382995605,73.02882194519043,47.42017278677214,-0.08611284018526533,0.10973905270018862,-0.19585189288545396,80.0078151821357,75.42150382995605,70.8351924777764,525059.1,0.37918969502671224,1.8340636324674588,-0.8905896031405236,-0.03123109124840706,-0.6095637401184573,3.1043115675402966,1.081389388033105
2024-10-25,73.67191314697266,74.05020425218423,73.57734217449544,73.95562606440431,209120,74.31500701904297,75.18034400939942,73.04773648579915,47.420172786772135,-0.1286161109404702,0.062068019972056854,-0.19068413091252706,79.58998775549972,75.18034400939942,70.77070026329912,470601.15,0.44436780488105476,1.6525700918303028,0.0,-0.06311938616798685,0.6723275032274767,1.6695178915175912,0.0562809923464469
2024-10-28,73.67191314697266,74.42848814209309,72.63161801911788,74.42848814209309,200002,74.06911926269531,75.00538520812988,73.05719362894693,47.420172786772135,-0.16045068362970483,0.01756427925170452,-0.17801496288140933,79.35978131867454,75.00538520812988,70.65098909758522,395791.0,0.5053222534115227,1.6718100959829567,0.0,0.25012638112038577,-0.6440637870254728,1.3894706859923334,0.8441318063513892
2024-10-29,72.91533660888672,73.29362774352687,71.87504140010377,73.29362774352687,402002,73.65299987792969,74.79259757995605,73.02724571228028,44.508710692063104,-0.24391748653974332,-0.03473207390658505,-0.20918541263315826,79.11721728476188,74.79259757995605,70.46797787515023,383534.5,1.0481508182445125,1.6884849827677477,-1.026953835957256,-0.15593671303683054,-1.170271773009135,3.4053144479762265,0.5580402113521954
2024-10-30,74.52306365966797,76.1307917800829,73.29361941560776,74.23934353709949,886010,73.69082794189453,74.6318244934082,73.00833129882812,51.3449887445703,-0.17828028834095733,-0.0634417167934595,-0.11483857154749783,78.72837740169908,74.6318244934082,70.53527158511733,397780.75,2.2273827981871923,1.892081007891539,2.2049230320433155,-0.033745516386241015,-0.4630438149480831,-1.4323959016565913,-3.1076742315646055
2024-11-01,75.65792846679688,75.84707040184294,73.1044762671634,74.52306242591585,300284,74.08803100585938,74.50888023376464,73.05876973470052,55.51138244969579,-0.03429292293456854,-0.05761195802168131,0.02331903508711277,78.30135828144618,74.50888023376464,70.7164021860831,393793.8,0.7625412081145005,2.0054827581299386,1.5228370270868208,-0.008469656393517155,-0.17681353912938347,0.709320492485066,-0.05894749978038183
2024-11-04,78.68424987792969,79.6299740698053,75.65793535004892,76.31993939824066,1165451,75.09049835205079,74.55143737792969,73.27943878173828,64.29246735339694,0.3203244465532009,0.017975322893295134,0.3023491236599058,78.51616958956967,74.55143737792969,70.5867051662897,435466.15,2.6763297216098194,2.26769113744707,4.000005647076277,0.18830568818823945,0.8134762750590552,-2.098884221167119,0.41296976190574597
2024-11-05,86.53376007080078,86.53376007080078,78.58967573599459,79.44082891745646,10940226,77.66286773681641,74.96755599975586,73.64669507344564,76.98262937815878,1.2206799001808832,0.2585162383508128,0.9621636618300704,81.47881684072844,74.96755599975586,68.45629515878328,961377.3,11.379742375860133,3.024543563761619,9.975961142221967,-0.03382976410999383,0.6157022965944003,1.007189853585877,0.11751444387502197
2024-11-06,86.91205596923828,91.16781489598256,86.06090274082881,87.57406002727727,17705054,80.46221160888672,75.35530319213868,73.95405540466308,77.39949796476961,1.942353163152788,0.5952836233112078,1.3470695398415802,83.60783327410225,75.35530319213868,67.10277311017511,1818822.5,9.734349558574298,3.30219270928057,0.43716567745117896,-0.2810876692411757,0.47861170401419795,2.9487176421822525,6.748828277758001
2024-11-07,90.50580596923828,92.20811247019394,86.53376708741277,87.10120018263024,12359274,83.65876007080078,76.14498291015624,74.33392130533854,80.93246046301309,2.77231252117177,1.0306894028833202,1.7416231182884498,86.80871867359032,76.14498291015624,65.48124714672217,2381465.9,5.189775759543734,3.6184797324139835,4.13492692115347,1.6098729025626257,0.8245523226092066,-0.3044051494773381,-1.64924925516029
2024-11-08,93.62669372558594,96.4638662627249,90.97866313813508,93.62669372558594,17251531,87.2525131225586,77.16163635253906,74.73743019104003,83.36450556777766,3.6399319814232314,1.5525379185913026,2.0873940628319287,90.27615841997354,77.16163635253906,64.04711428510458,3225340.45,5.3487472927082775,3.9304238072236695,3.4482735366263784,-0.9296486058043341,0.6197250034959412,-2.2761961418243493,0.0
2024-11-11,92.8701171875,94.57242370022539,91.64068000857905,94.19413256236382,5315350,90.08968658447266,78.1782901763916,75.1251771291097,80.67797754144833,4.21785642751172,2.085601620375386,2.1322548071363334,92.84406528904037,78.1782901763916,63.512515063742825,3474757.9,1.5297036953279537,3.7972664584800246,-0.8080778119789356,0.627458984621776,-0.1029553901989333,-0.639120230409651,-2.962551402259872
2024-11-12,89.56007385253906,94.09955264516032,89.3709319092226,92.68096642437901,4995230,90.69494934082032,79.0247127532959,75.44987576802572,70.04291810097281,4.358530454820496,2.5401873872644085,1.8183430675560874,94.2845976260515,79.0247127532959,63.76482788054031,3714619.35,1.3447488233215605,3.921447028807716,-3.5641640553528475,0.4336932611868294,-2.3284295008224376,0.3859409319530105,-3.974666687597106
2024-11-13,89.65465545654297,90.78952159030057,88.70893127331068,90.12751754815912,2796412,91.24346923828125,79.79547805786133,75.77615076700846,70.1639455803047,4.4266202571075155,2.9174739612330303,1.5091462958744852,95.58567359073562,79.79547805786133,64.00528252498704,3842178.2,0.7278194436686981,3.675999467232005,0.1056068847817615,0.1235439255507842,-0.5288498883201043,-2.4775813897099486,-2.0395704712914298
2024-11-14,91.0732421875,93.15383251490981,89.74922688128333,89.84379785701961,5180424,91.3569564819336,80.70810203552246,76.12449264526367,71.99164978682691,4.542684767270757,3.2425161224405756,1.300168644830181,96.9055837379169,80.70810203552246,64.51062033312802,4068588.5,1.2732730282258822,3.652423146049983,1.5822789388161063,-0.020971256315938103,-0.6336314481737659,-2.146300578994087,-1.775884229959479
2024-11-15,90.22209167480469,92.39725304303381,89.37093843710495,91.26238686963629,3085251,90.67603607177735,81.5403392791748,76.45707232157389,69.2505617959772,4.513951966331547,3.49680329121877,1.017148675112777,97.90473205051788,81.5403392791748,65.17594650783172,4213551.05,0.7322211036223235,3.5689420073671667,-0.9345780300024642,0.3986669276656585,0.12057324525860391,-3.3721196956665977,-4.239405748547087
2024-11-18,87.95235443115234,90.22209405308146,87.19577215207485,90.22209405308146,2242275,89.6924835205078,82.29691886901855,76.73606096903482,62.4247888873261,4.258937804092582,3.6492301937935325,0.6097076102990497,98.36030046298018,82.29691886901855,66.23353727505693,4313255.8,0.5198567170535074,3.4965926598524257,-2.51572225994644,-0.23173876056459264,-0.8628257366824488,2.6559622667783334,-0.9114501466969682
2024-11-19,91.45153045654297,92.49183288521715,88.7089359527388,88.9926488934927,3586445,90.07077484130859,83.12442779541016,77.05603103637695,67.70904975615728,4.289742028818637,3.7773325607985537,0.512409468020083,99.28852163976016,83.12442779541016,66.96033395106015,4472822.95,0.8018303071888861,3.6356440990807433,3.978490454317196,-0.06007286302424086,1.3406124900682936,0.2557132376070914,0.06569309152160141
2024-11-20,89.84379577636719,89.84379577636719,89.84379577636719,89.84379577636719,4666248,90.10860290527344,83.86682090759277,77.34920552571614,63.304033876293744,4.136738104714567,3.849213669581757,0.2875244351328101,99.8215245731649,83.86682090759277,67.91211724202064,4684496.55,0.9961044800000974,3.3652561765600817,-1.758018342776413,-0.36001887929690835,-0.7021874267539641,0.9902415868041414,-0.3939520272667085
2024-11-21,89.65465545654297,91.26238368191672,87.29034499846223,88.89807322383596,2145350,89.82488555908203,84.63285751342774,77.62977040608725,62.786520478238266,3.9546328041375034,3.870297496492906,0.08433530764459718,100.12486804596585,84.63285751342774,69.14084698088962,4781551.8,0.4486723326933319,3.446160510812669,-0.2105212921936328,0.45165552347810056,-0.5848779832719808,1.7233749876451654,2.1753385923783064
2024-11-22,90.6949462890625,92.58639456530864,90.03293506319481,90.78951725981429,3195565,89.9194564819336,85.48400917053223,77.92767346700033,64.50525805272139,3.8498768338676967,3.866213363967865,-0.016336530100168112,100.29601561031376,85.48400917053223,70.6720027307507,4931375.2,0.6480068683477987,3.3775709905397355,1.1603310806584721,0.10408579018676978,1.5457767754733176,1.6795698924731095,3.0967812642609616
2024-11-25,92.2081069946289,92.96468922019315,90.8840917075429,91.07324087158538,2714654,90.7706069946289,86.41081886291504,78.24291483561198,66.89996673820815,3.844637804227233,3.861898252019739,-0.017260447792506017,100.40809036491217,86.41081886291504,72.4135473609179,5056651.9,0.5368481069460209,3.2298605826185245,1.6684068600070212,0.194435698150075,0.19231667879251457,3.9787367621188396,7.1964848465083
2024-11-26,89.84379577636719,91.35695299901387,89.56007564042596,91.35695299901387,1619470,90.44906005859374,87.21941299438477,78.50141270955403,60.07942733723999,3.608113592035309,3.811141320022853,-0.2030277279875441,99.9271915272166,87.21941299438477,74.51163446155293,5127625.3,0.3158323600595387,3.1522833521631135,-2.564103412728602,-0.7261611146034852,-1.1748520051593436,-2.1688074431020388,6.187980415005412
2024-11-27,87.47948455810547,90.69494813627476,87.47948455810547,90.69494813627476,1476552,89.9761978149414,87.9476203918457,78.72523396809896,54.135670624581515,3.193078472855092,3.6875287505893013,-0.49445027773420946,98.72695327901934,87.9476203918457,77.16828750467207,5181352.8,0.28497422526410476,3.1607073822972707,-2.6315798412466895,0.22577646053867362,-1.5167516755981714,-0.6636560614634912,4.233095323625946
2024-11-28,84.92603302001953,88.1414894132033,83.41286858169448,87.47948538291318,2930567,89.03047332763671,88.46776885986328,78.89231198628744,48.54934466885548,2.627826009230091,3.47558820231746,-0.8477621930873687,97.35799721882593,88.46776885986328,79.57754050090064,5283580.65,0.5546554872783099,3.369762508858811,-2.918914704384079,0.030242115860379393,-0.16064141835966383,-0.6636560614634912,4.233095323625946
2024-11-29,86.25003814697266,86.91204937004854,85.02060110177894,85.11517207213191,842081,88.14149169921875,88.99737434387207,79.08460909525553,51.35251736101895,2.260636299887878,3.2325978218315434,-0.9719615219436655,95.6565736089823,88.99737434387207,82.33817507876184,5310670.5,0.15856397040637335,3.185263021014837,1.55900974044203,0.24526484448965657,-0.1632385004971093,1.0945334600741985,0.738410967044234
2024-12-02,85.3043212890625,87.29034791239023,85.3043212890625,86.81748580498899,715050,86.76073455810547,89.32837791442871,79.27060139973959,49.286914981096444,1.8717480170099918,2.9604278608672336,-1.0886798438572418,94.26428881293157,89.32837791442871,84.39246701592586,5288150.45,0.1352174085742965,3.025364834656556,-1.096482828562495,-0.170188817196526,2.131071027512643,3.9791817946690955,1.623025542312928
2024-12-03,85.3043212890625,87.00662776182823,85.11517933222326,86.34462369758775,871100,85.85283966064453,89.2669059753418,79.47077967325846,49.286914981096444,1.5457330031653669,2.6774888893268605,-1.1317558861614936,94.37691359170515,89.2669059753418,84.15689835897845,4784694.15,0.18205970385797804,2.874175980649677,0.0,0.4701136177487131,1.2777945571064597,-5.598376687623174,-4.246513418702014
2024-12-04,90.22209167480469,91.16781589107035,85.68261255060825,86.25004563730701,2873363,86.40136108398437,89.43240776062012,79.8112403869629,59.187386469097355,1.6649937153615184,2.474989854533792,-0.8099961391722736,94.43455654283554,89.43240776062012,84.43025897840471,4043109.6,0.7106814517222091,3.2727517968307667,5.764972174244032,-0.39120209053116195,0.9895539123634611,-5.500639553335596,2.217414384697869
2024-12-05,88.04692077636719,91.07324251803199,87.29034575242822,90.41123125486955,2330039,87.02553863525391,89.30946350097656,80.10756721496583,54.15170976297534,1.5659394015046644,2.2931797639279665,-0.7272403624233021,94.32138977709508,89.30946350097656,84.29753722485805,3541647.85,0.6578968600732001,3.3407711260005,-2.4109071936368465,-0.4651336042930887,0.054221440666024634,-0.34864840484709614,-3.3862455468040342
2024-12-06,92.2081069946289,92.68096908178084,88.33063932304354,88.99264335893513,4836149,88.21715240478515,89.23853416442871,80.46221364339193,60.98953845543759,1.8024337610336545,2.1950305633491043,-0.3925968023154498,94.02844047297894,89.23853416442871,84.44862785587848,2920878.75,1.6557171364953098,3.513208083255588,4.726100789862753,0.03032821885522452,-0.3209133409747267,1.186490423856168,-0.4381123260788544
2024-12-09,90.12751770019531,95.51814266759169,90.12751770019531,93.43755234709205,9024225,89.18179168701172,89.10140419006348,80.76642163594563,56.45578969724337,1.8012078738034631,2.116266025439976,-0.31505815163651274,93.6018372800599,89.10140419006348,84.60097110006706,3106322.5,2.9051152930837025,3.76353033447436,-2.2564060387388563,0.20171769247800952,0.3448434410777468,1.743842033447085,-0.1650286800056744
2024-12-10,88.80350494384766,90.78952434585256,88.33064283787968,89.84380013391659,1650672,89.88162841796876,89.0635757446289,81.08323923746745,53.71912538202528,1.6741015841702591,2.0278331371860325,-0.3537315530157734,93.56049309261017,89.0635757446289,84.56665839664764,2939094.6,0.5616260191148662,3.5895771576074957,-1.4690438504607606,-0.05310753893845721,-0.6366533332259117,-1.9799112902525784,-1.597768882567041
2024-12-11,89.18179321289062,89.93836822900492,88.14149084086627,89.56007711329633,990145,89.67356872558594,89.0399326324463,81.38587112426758,54.39926839467691,1.585615645558832,1.9393896388605925,-0.3537739933017605,93.52872996224698,89.0399326324463,84.5511353026456,2848781.25,0.3475679292679984,3.350550521678317,0.4259834893703518,0.472647811741278,-0.957614927178041,2.4570469894366065,0.9518365498143888
2024-12-12,86.53376007080078,90.69494779048999,86.4391890984834,90.12751474128298,1782500,89.37093658447266,88.81295852661133,81.63491185506184,48.973682196374064,1.2869802504622783,1.8089077611809297,-0.5219275107186514,93.32785527872807,88.81295852661133,84.29806177449458,2678885.05,0.6653887594019758,3.4712449443887543,-2.969253080355294,-0.1168319802240636,0.6250970544977807,-1.2652649623457912,-2.3849070072743173
2024-12-13,84.83145904541016,86.62833649370947,84.6423170888747,85.87176145226454,924621,87.8956069946289,88.54342689514161,81.8287851969401,45.81055408981286,0.902544115521124,1.6276350320489688,-0.7250909165278447,93.33901974303227,88.54342689514161,83.74783404725095,2570853.55,0.3596552592425967,3.2732148724482224,-1.9672102818574233,-0.06095614844506825,-0.11420375760532453,-1.7136067879896855,1.1931572990526718
2024-12-16,83.12915802001953,85.87175962318457,82.84543787595649,85.87175962318457,831080,86.49593505859374,88.30226707458496,81.9801010131836,42.831348630465314,0.4552662172822721,1.3931612690956294,-0.9378950518133573,93.67355341932048,88.30226707458496,82.93098072984944,2500293.8,0.3323929371820224,3.240295789085537,-2.0066860154785093,0.09948574552680611,0.08435932473851437,0.7277188653669775,-0.39302593413381715
2024-12-17,84.1694564819336,84.45317663709513,83.2237322517995,83.2237322517995,443757,85.56912536621094,87.93816337585449,82.16609344482421,45.177727937930015,0.18263336841839362,1.1510556889601822,-0.9684223205417886,93.3971345381009,87.93816337585449,82.47919221360807,2343159.4,0.18938404275867873,2.984792166150878,1.2514242736147096,-0.2501633362811728,-0.0950118039959369,1.9566456571246338,-1.296507808596603
2024-12-18,86.34461975097656,86.34461975097656,83.22372709865583,84.9260334936131,673234,85.00169067382812,87.76320457458496,82.37572898864747,49.815686345345796,0.1404681394211451,0.9489381790523748,-0.8084700396312297,93.189213556852,87.76320457458496,82.33719559231793,2143508.7,0.314080367390158,3.0029388976401923,2.5842667399305963,0.03948023999278405,0.6545316375484278,-4.148210285221554,-0.7424349737921943
2024-12-19,85.0206069946289,85.6826110482863,84.26402474876069,85.39889811756301,684076,84.69906005859374,87.53150215148926,82.56960258483886,47.198223855304796,0.00021267586085116363,0.7591930784140701,-0.758980402553219,93.01291589150108,87.53150215148926,82.05008841147745,2070445.0,0.3304004694642939,2.8799597115836164,-1.533405046158287,0.7653556048109023,-1.0204294103727585,-0.20021138581083342,-2.1288740130512296
2024-12-20,84.35859680175781,85.87176131279635,84.26402582364369,84.64231695140333,467450,84.60448760986328,87.21468467712403,82.7067325592041,45.89960854052121,-0.1624864369109673,0.5748571753490627,-0.73734361226003,92.65857052039517,87.21468467712403,81.77079883385288,1934039.25,0.24169623237997884,2.710329815259489,-0.7786467496202598,-0.14688883539788478,-1.840203207273594,1.0802421532034145,0.9994237785075688
2024-12-23,87.7632064819336,89.18179274695211,85.30431785032587,85.39889604023605,1290429,85.53129730224609,86.99243965148926,82.8612008412679,53.05354394764319,-0.01651275947418185,0.4565831883844138,-0.47309594785859566,91.91605075257961,86.99243965148926,82.06882855039892,1862828.0,0.692725791109002,2.9920452992507975,4.0358775622792775,-0.042905113412716744,2.640082018191703,1.725186646439636,0.29103064426208025
2024-12-24,87.10120391845703,90.22209689896509,87.10120391845703,88.14149917352519,1362359,86.11764678955078,86.85531005859374,83.02670275370279,51.62407759635537,0.04523294011460166,0.3743131387304514,-0.32908019861584975,91.59383641657604,86.85531005859374,82.11678370061145,1849972.45,0.7364212369757183,3.0092249900850994,-0.7543053518821008,-0.024526060488960777,0.06795708770699349,1.906054817368008,1.7991975491413292
2024-12-25,88.70893096923828,88.80350194417676,87.19576650901102,87.19576650901102,674753,86.59050903320312,86.91678237915039,83.21900011698405,54.80865723403654,0.22134545592183485,0.3437196021687281,-0.12237414624689325,91.72084846322602,86.91678237915039,82.11271629507476,1809882.5,0.37281591484530074,2.83496806150305,1.845814958294234,0.018390283940372676,0.4320483869864056,1.906054817368008,1.7991975491413292
2024-12-26,88.70893096923828,90.69495030415793,88.70893096923828,89.84379709910583,1476525,87.328173828125,87.10592727661133,83.40184020996094,54.80865723403654,0.35680289188564984,0.3463362601121125,0.01046663177353735,91.87774563639502,87.10592727661133,82.33410891682763,1737180.4,0.8499549039351354,2.7217748979585963,0.0,0.2879211150416561,0.11545410278845925,-1.2960307261217108,1.3112796905142998
2024-12-27,89.08721923828125,90.1275216595349,88.14149501190755,88.70893531997436,714549,88.27389831542969,87.24778633117675,83.58468030293783,55.60614789736342,0.4890412248078917,0.37487725305126834,0.11416397175662335,92.0807690973706,87.24778633117675,82.4148035649829,1730803.8,0.41284228749671104,2.623675131247764,0.42643763701102344,0.041578320025936755,0.12363018552592475,-1.507004711168436,-1.6319802969006592
2024-12-30,87.57405853271484,88.89807384149991,87.57405853271484,88.89807384149991,500207,88.23606872558594,87.36127319335938,83.74702949523926,51.67770500265795,0.46636566041622984,0.39317493452426067,0.07319072589196918,92.10792837711202,87.36127319335938,82.61461800960674,1720061.65,0.29080759983225024,2.4756065411569166,-1.698516036872988,0.26587407296438936,-0.3672522989560889,-3.8630555510286935,-3.661318371223332
2024-12-31,86.72290802001953,87.57406126041415,86.15547493152417,87.57406126041415,391092,88.16040954589843,87.43220252990723,83.88888816833496,49.55686712556401,0.3753871498611403,0.3896173775916366,-0.014230227730496314,92.09102173542652,87.43220252990723,82.77338332438794,1696061.25,0.23058837055560347,2.334670512854659,-0.9719208255916878,-0.14782773801352844,-0.6688153383762052,-0.6460760373890873,0.5938249398013795
2025-01-02,85.68260955810547,87.29034499878813,85.39889663231646,86.5337627660783,495016,87.55514526367188,87.20522842407226,83.99764645894369,47.017086305065526,0.21684300189620842,0.355062502452551,-0.13821950055634258,91.73220213338676,87.20522842407226,82.67825471475776,1577143.9,0.3138686330397626,2.27557422667026,-1.1995659343825404,0.1251537494249222,-0.8814334035584737,-2.1252976507575294,-1.4757811660366271
2025-01-03,83.03458404541016,85.87175652237903,83.03458404541016,85.87175652237903,1086909,86.42027587890625,86.95461158752441,84.13635266621908,41.22538672982847,-0.12108214640410608,0.2598335726812196,-0.3809157190853257,91.8271713735538,86.95461158752441,82.08205180149503,1514987.4,0.717437649976495,2.350453993376742,-3.090505210277894,0.20975544231986998,0.3339174500631481,3.565063677813307,2.8160473818373832
2025-01-06,85.3043212890625,85.77718339646374,83.2237309026183,83.88573496685878,610026,85.6636962890625,86.60942230224609,84.33653093973795,47.226158692809435,-0.20339680274230432,0.16718749759651483,-0.3705843003388192,90.8524318063935,86.60942230224609,82.36641279809868,1303681.25,0.46792572954470274,2.4027400410669877,2.733484209917969,0.12929662335154912,2.79117234558639,0.9388237994850446,0.17482652561224832
2025-01-07,83.7911605834961,86.43919116345876,83.7911605834961,85.68260893624003,579030,84.90711669921875,86.29260444641113,84.52409960428874,44.000841167742934,-0.38627840683885495,0.056494316709440856,-0.4427727235482958,90.37267149072966,86.29260444641113,82.21253740209261,881421.5,0.6569274745397066,2.4354454462530777,-1.7738382800548957,-0.5362688493261603,0.43978199844929566,-2.7592660596029384,0.05816996797256557
2025-01-08,81.89971160888672,83.31829786267333,81.71056966116963,82.94000675193635,955230,83.94247741699219,85.94741477966309,84.67856775919596,40.29618392644421,-0.6760445002527007,-0.09001344668298747,-0.5860310535697132,90.29259400102869,85.94741477966309,81.6022355582975,846649.4,1.1282474185890878,2.3881315097295293,-2.2573371241523588,-0.034527787352645056,-1.031401095838369,-7.046067593176552,-3.2558200004464077
2025-01-09,78.49510955810547,81.71057332041379,78.30596760191803,81.71057332041379,1054477,82.50497741699219,85.41308059692383,84.74949709574382,34.64226313584889,-1.166957192872843,-0.30540219592095863,-0.8615549969518844,90.62537690068666,85.41308059692383,80.200784293161,849866.0,1.2407567781273754,2.5488798426947508,-4.157037899034344,0.5983308797275377,-1.3935772156041248,-7.046067593176552,-3.2558200004464077
2025-01-10,78.68424987792969,80.19741435717305,78.58967890180273,78.77882806935963,451000,81.6349105834961,85.02060508728027,84.84722188313802,35.18633320885091,-1.5231886251918496,-0.5489594817751369,-0.9742291434167127,91.00283588839986,85.02060508728027,79.03837428616069,783291.0,0.5757757972452128,2.4360031702111278,0.24095809393605006,-0.27125588031043923,-0.3001217089277253,-7.494430875770341,-1.6826836456276584
2025-01-13,76.03622436523438,78.11681464365036,75.0905001995357,78.02224367014105,898388,79.78129119873047,84.58084335327149,84.88820317586263,31.262550347885707,-1.9961675532329508,-0.8384010960666997,-1.1577664571662512,91.78908671223063,84.58084335327149,77.37259999431235,781979.35,1.1488640972424655,2.590369371302176,-3.3653819116321815,0.8080683673291622,-2.2750412660863084,3.5780503416997123,-0.6112536793791867
2025-01-14,77.54938507080078,77.54938507080078,76.13079875853003,76.31994071404489,337130,78.5329360961914,84.30185470581054,84.96701354980469,35.6766980226966,-2.2232787647501056,-1.115376629803381,-1.1079021349467246,92.15017320479996,84.30185470581054,76.45353620682113,757281.85,0.44518431281563137,2.4467415492040736,1.9900523969970552,-0.12629097569892833,1.3748884512583492,-1.2350074098805952,-1.1070075222815667
2025-01-15,76.22537231445312,77.83310785192016,76.22537231445312,77.83310785192016,310105,77.39806823730468,83.90465049743652,84.98908055623373,33.640996535272805,-2.48149764020863,-1.388600831884431,-1.0928968083241992,92.54529015891531,83.90465049743652,75.26401083595773,750599.25,0.4131432318910524,2.334874080972469,-1.7073156094517872,-0.308884934043574,-1.2411403721450665,0.09061115763686622,2.363175737416734
2025-01-16,76.69823455810547,78.02224993953399,76.69823455810547,77.45481683757987,317040,77.03869323730468,83.42233123779297,85.01745223999023,35.066041195837315,-2.61780549595791,-1.6344417646991267,-0.9833637312587833,92.55255229611504,83.42233123779297,74.29211017947091,732789.55,0.43264809111974917,2.263141220186922,0.6203475683944637,-0.47462027715259314,2.2675507006747475,-3.1142517381116064,0.30377910585248635
2025-01-17,76.22537231445312,77.36024573183633,75.6579392134132,77.0765255736647,307058,76.54691772460937,82.98256950378418,85.04897638956706,34.27341096603881,-2.7324880633923385,-1.8540510244377693,-0.8784370389545693,92.62172619785527,82.98256950378418,73.34341280971309,713938.65,0.4300901765158673,2.1883632599517497,-0.6165229830604635,0.14330122044485805,0.5341148174661026,2.093071914994482,-0.06058380275941744
2025-01-20,76.69823455810547,77.17109667895113,76.03623047504288,76.22537243725981,189705,76.6793197631836,82.59955139160157,85.0994150797526,35.83535115044974,-2.753478408032322,-2.03393650115668,-0.7195419068756421,92.61011140033943,82.59955139160157,72.5889913828637,700051.4,0.27098724465089274,2.0478969858126157,0.6203475683944637,0.2040049502909147,0.5129593209210137,2.093071914994482,-0.06058380275941744
2025-01-21,76.69823455810547,77.54938781868833,76.31994341836827,76.41452161478009,230050,76.50908966064453,82.04630279541016,85.14985376993815,35.83535115044974,-2.7385451634279576,-2.1748582336109354,-0.5636869298170222,92.07829642436609,82.04630279541016,72.01430916645423,647032.45,0.35554630992618685,1.9387699744136087,0.0,-1.8049163113836197,0.14264713733647127,1.793885270136486,4.848484957515553
2025-01-22,77.54938507080078,77.54938507080078,76.60366086262029,76.88738101119567,646136,76.77389221191406,81.56871185302734,85.21447830200195,38.86807235179816,-2.627738789424029,-2.2654343447735545,-0.3623044446504746,91.49637271397445,81.56871185302734,71.64105099208022,611221.3,1.0571228456861697,1.8063638722491935,1.1097393800511668,0.8293035215003464,0.9673832452960607,0.7552565443905701,-0.5780239706307255
2025-02-03,76.41452026367188,76.60366222254451,74.33392263955663,76.60366222254451,405108,76.71714935302734,80.95399131774903,85.27279802958171,36.39785641278903,-2.601509463471956,-2.332649368513235,-0.268860094958721,90.536628835016,80.95399131774903,71.37135380048205,597739.05,0.6777338706581073,1.9942436801151877,-1.4634091631968493,-0.3354747105550504,-3.5310722033439546,-3.9740195357103825,-3.9574753539561303
2025-02-04,79.62997436523438,79.62997436523438,76.31993968138943,76.5090888496481,794092,77.3980697631836,80.50004348754882,85.35791320800782,46.72834726784411,-2.2948091291857793,-2.325081320647744,0.03027219146196458,89.36951250068614,80.50004348754882,71.6305744744115,563617.4,1.4089203065767664,2.169682480612489,4.207909819321554,0.4843438559004598,0.4373265659709302,0.6366962200720527,2.3370212894394005
2025-02-05,81.80514526367188,85.11518004312681,80.38655892961977,85.11518004312681,2491408,78.41945190429688,80.13593978881836,85.46036682128906,52.36488217902876,-1.8548472670726852,-2.2310345099327322,0.376187242860047,88.06964942667646,80.13593978881836,72.20223015096026,652460.35,3.8184818433794483,2.6117522402498157,2.7315981397416644,-0.2891986256126744,1.6127918339116087,2.253853990468846,9.855766915167784
2025-02-06,85.87176513671875,87.00663135523081,82.84544319518082,82.84544319518082,2769084,80.25415802001953,80.05082511901855,85.58015874226888,60.730472365184745,-1.1646072169453277,-2.0177490513352514,0.8531418343899237,87.67919319679606,80.05082511901855,72.42245704124105,765904.2,3.6154443336385937,2.9570500870910315,4.9711052525357236,-0.21221627178528157,0.669296009715703,1.3921063205962314,-3.8293155632941223
2025-02-07,86.34461975097656,86.53376169917055,84.64231335601929,85.2097464159041,960509,82.0132049560547,80.0319107055664,85.57700640360514,61.57547218660943,-0.5728283797600682,-1.7287649170202148,1.1559365372601467,87.5921947895977,80.0319107055664,72.47162662153511,794375.05,1.2091379254673218,2.81496985456573,0.5506520257327452,-0.07860262820782449,0.6933683495169651,-2.269257547430381,-2.332195030196349
2025-02-10,87.00662994384766,87.29035010152502,85.58804358606753,86.25004766691026,796284,84.13162689208984,80.09811172485351,85.57858263651529,62.782910830214654,-0.0498461029926176,-1.3929811542146955,1.3431350512220779,87.88647906582585,80.09811172485351,72.30974438388117,809438.45,0.9837486716871432,2.666614742684632,0.766706941069839,0.09726337705842081,-0.9631412824059216,-8.21463235994665,-1.3977861595439456
2025-02-11,87.57405853271484,90.3166601262047,87.29034560495568,87.76320769985726,1677034,85.72044372558594,80.32508544921875,85.5297201792399,63.83199963032475,0.40573085145553023,-1.0332387530806504,1.4389696045361806,88.7151200427573,80.32508544921875,71.93505085568019,838944.7,1.9989803857155306,2.7524034679742866,0.6521670696053805,0.11422745347031693,0.5673032792007815,1.892005468381397,0.47252983468468734
2025-02-12,87.19576263427734,87.76320288929857,86.62832959455869,87.38491179105195,561191,86.79856719970704,80.41965751647949,85.42253799438477,62.56577207971117,0.7278631987808097,-0.6810183627083584,1.408881561489168,89.08416187802088,80.41965751647949,71.7551531549381,836502.95,0.6708774906292919,2.5367327782096982,-0.43197255531577383,-0.18895087172872138,-0.40326965645153257,4.443983005535723,1.5285167979675274
2025-02-13,87.47948455810547,87.95234663679793,87.10119345209095,87.10119345209095,462426,87.12011108398437,80.60407371520996,85.33269411722819,63.15608866399026,0.9945844426170396,-0.34589780164327877,1.3404822442603184,89.71616756942075,80.60407371520996,71.49197986099918,830672.75,0.5566885395000618,2.3119888324093347,0.3253849903442241,0.16004999541816556,0.4708515817043901,1.7179320256933472,2.779384852067235
2025-02-14,87.29034423828125,87.47948618715938,86.72290396104118,87.19576604853934,357253,87.30925598144532,80.87360534667968,85.2948652903239,62.449090753733,1.1771316657777788,-0.04129190815906725,1.218423573936846,90.45393935235754,80.87360534667968,71.29327134100183,800773.9,0.44613467047315103,2.10460128490385,-0.2162110588324162,-0.7319906963362488,-1.0547307799725902,1.78712430249921,4.957736674234092
2025-02-17,87.66863250732422,88.14149461839997,87.29034859070617,87.29034859070617,575216,87.44165649414063,81.33228149414063,85.26176490783692,63.33318691938903,1.3369152305620702,0.23434951958516023,1.10256571097691,91.3035641980838,81.33228149414063,71.36099879019746,776810.85,0.7404839929823328,1.9374744975991667,0.4333678281876585,0.15391983887540484,1.523459828704521,1.78712430249921,4.957736674234092
2025-02-18,88.51978302001953,89.18179428428847,87.95234994729115,87.95234994729115,840701,87.63080139160157,81.82405815124511,85.21920725504557,65.3120935930429,1.5147643295617996,0.49043248158048813,1.0243318479813115,92.20711109700747,81.82405815124511,71.44100520548275,796295.9,1.0557645719386475,1.8808994681811781,0.9708723500668315,0.12581943498035653,0.6840120787098725,0.23152407417601495,-0.16103186157717664
2025-02-19,90.31666564941406,90.78952777323298,88.51978813584148,89.56008336518242,1504314,88.2549819946289,82.5380802154541,85.22078348795573,69.10318215248975,1.7801835846322405,0.7483827021908387,1.0318008824414018,93.20545109732237,82.5380802154541,71.87070933358584,826592.2,1.8198986150607277,1.9327455061854804,2.0299220898317705,0.04493902906270719,-0.26210179244977594,6.871991611925088,2.688196753613048
2025-02-20,90.60037994384766,91.546104130254,90.1275178506445,91.16781301263087,1136226,88.87916107177735,83.19062995910645,85.26491724650064,69.66688348918747,1.9904786303586803,0.9968018878244072,0.9936767425342732,94.1653663216436,83.19062995910645,72.21589359656929,866547.0,1.3112110479870105,1.8641909426420162,0.31413282631014283,0.07610438798688612,-0.49406348495265595,0.3962557977111203,-0.10473701622071285
2025-02-21,89.37094116210938,91.07324768941376,89.37094116210938,91.07324768941376,435100,89.29528045654297,83.84790840148926,85.2302407582601,64.20068557260564,2.0344813003434865,1.2043377703282232,0.8301435300152633,94.63927059122054,83.84790840148926,73.05654621175799,872796.75,0.4985123970729726,1.8426063539303323,-1.3569907571030715,-0.16155224353523456,1.0336965036197743,-3.0319382678797524,-2.358488413434834
2025-02-24,89.2763671875,89.93837125075488,88.23607199582669,88.23607199582669,442360,89.61682739257813,84.47681503295898,85.22078361511231,63.78608079332643,2.038226991954275,1.3711156146534336,0.6671113773008415,94.97587737479985,84.47681503295898,73.97775269111811,879062.75,0.5032177737027306,1.823898740730047,-0.10582184027561059,0.24378228572174976,-0.6950599050789652,-1.2025859766080393,-1.5029605006688818
2025-02-25,88.42520904541016,89.46550417935443,88.42520904541016,88.89807112586689,425071,89.59791259765625,85.08680686950683,85.20029284159342,60.02876785941921,1.950035337386268,1.4868995592000005,0.4631357781862675,94.9666713508118,85.08680686950683,75.20694238820187,884963.4,0.48032607902202507,1.7194182598252767,-0.9533969278815113,-0.2236579215236012,-1.1864466763289783,-4.082397458583031,-1.9073325588094159
2025-02-26,88.51978302001953,89.08721609274791,88.23607009130684,88.89807414027278,307728,89.23853607177735,85.67788429260254,85.1640401204427,60.308533682526416,1.8662610494469902,1.5627718572493985,0.30348919219759174,94.83252544774211,85.67788429260254,76.52324313746297,890864.55,0.345426249141915,1.6036486253740487,0.10695363418458115,0.2403748003681816,0.5017241236141778,-1.3080866217780596,-0.16667894321965582
2025-02-27,87.00662994384766,89.4655115209392,87.00662994384766,88.80350744009648,629334,88.51978607177735,86.19330406188965,85.07734883626303,53.81813101075317,1.6586506234814635,1.5819476104958117,0.07670301298565185,94.32257171333596,86.19330406188965,78.06403641044334,910828.75,0.6909465692645297,1.7176796856030485,-1.7093953741726398,-0.0854219922061139,-1.4928761271182256,-6.271015265656499,-6.622137398275408
2025-03-03,83.98030853271484,86.34461893943201,83.22372631644424,85.68260769636954,949406,87.44165954589843,86.51485023498535,84.97962404886881,43.690710399186464,1.235674927908363,1.5126930739783222,-0.2770181460699592,93.65282708923453,86.51485023498535,79.37687338073616,925992.25,1.0252850388326684,1.9930428778430973,-3.4782652920656076,0.010029005274558855,-1.288020531332612,-4.548351592666533,-3.033835968893972
2025-03-04,84.73689270019531,85.11518384925269,81.80514892178175,83.12916433583084,398021,86.5337646484375,86.93096885681152,84.93391418457031,46.40598294080586,0.9505562404303447,1.4002657072687268,-0.4497094668383821,92.35406299758493,86.93096885681152,81.5078747160381,925637.9,0.4299964381320168,2.168641817793476,0.9009066300176061,-0.048922726206168665,-0.7003312963471564,-0.9351996668276907,1.9253982878522091
2025-03-05,85.0206069946289,85.77718202519408,84.73688684860257,85.11517797153667,248036,85.85284423828125,87.20050048828125,84.93549041748047,47.42970588787107,0.738972582954446,1.2680070824058707,-0.5290344994514247,91.51910841834683,87.20050048828125,82.88189255821567,898335.1,0.27610632157198356,2.018195598966548,0.33481791152927265,-0.28611765666530786,1.2170685545562776,4.495392053374547,2.7745003668104395
2025-03-06,83.69658660888672,86.06089696506996,83.69658660888672,85.02060185140985,313500,84.8882049560547,87.29507255554199,84.8929328918457,43.27533990389654,0.45916071133487435,1.1062378081916713,-0.6470770968567969,91.17695911835477,87.29507255554199,83.41318599272921,789439.7,0.3971170945671975,2.0643442332621067,-1.5572934992405196,0.019216094991714172,-0.6841176310348751,-5.614111671586497,1.2062013336311406
2025-03-07,83.12915802001953,84.45317333347538,82.75086689970314,83.98031123690565,297140,84.11271057128906,87.15794219970704,84.85668017069499,41.59388571012149,0.18943732663684898,0.9228777118807068,-0.7334403852438578,91.4260836867829,87.15794219970704,82.88980071263117,665842.5,0.44626169101551794,2.016072526663457,-0.6779590564652049,0.17315585352613017,-0.6135009415062398,3.4639936662812953,0.9080735821051178
2025-03-10,82.8454360961914,84.16945138120349,82.56172317352635,83.41286915682434,228851,83.88573608398437,86.98298301696778,84.81569875081381,40.74147736549833,-0.04667633138504357,0.7289669032275568,-0.7756432346126003,91.65889895887175,86.98298301696778,82.30706707506381,629259.6,0.36368296963606117,1.9616266174652819,-0.34130253521850173,-0.09403841713142569,-0.5178931508299844,-2.73128113830563,-0.8436621220070717
2025-03-11,81.14314270019531,83.03459118070985,79.72455633980941,83.03459118070985,745069,83.16698608398437,86.68980865478515,84.66438293457031,35.97744485706842,-0.36692922516958504,0.5097876775481285,-0.8767169027177135,92.04535774197639,86.68980865478515,81.33425956759392,626698.85,1.188878837100148,2.14141438058997,-2.0547823467542248,0.12063354165599005,-1.7278505202805272,-2.9438388622112566,-3.3465758112874444
2025-03-12,82.3725814819336,83.03459279214319,81.42685722332287,82.94001459403933,245017,82.63738098144532,86.42973480224609,84.56981061299642,41.3147730563831,-0.5155831938345301,0.3047135032715968,-0.820296697106127,92.1003949895638,86.42973480224609,80.75907461492838,555098.0,0.4413941322072859,2.108085808771024,1.5151480961006936,0.006697012528866786,0.9390996671090779,-0.02333676175462207,-2.406114545294913
2025-03-13,80.67027282714844,83.7911581908788,80.57569463996958,82.37257196682792,234220,82.03211822509766,86.10346031188965,84.37751337687175,36.746772119735304,-0.7619710882547821,0.09137658496632103,-0.8533476732211032,92.31378009011522,86.10346031188965,79.89314053366408,538749.45,0.43474754359378004,2.25573617438945,-2.0665962194695964,0.11408531144070366,-1.4214677219695382,-1.6335985371503492,0.9074535206588186
2025-03-14,81.14314270019531,81.52142662405555,80.38656042186815,80.85942254199679,139780,81.63491516113281,85.78664321899414,84.22777379353842,38.771932339961175,-0.9086047924349572,-0.10861969051393461,-0.7999851019210226,92.3384961104382,85.78664321899414,79.23479032755009,522617.15,0.2674615634025787,2.1062868447625096,0.5861761172669899,0.18871601352579148,0.029010047686051088,2.4673714428967486,1.1390956363205307
2025-03-17,80.76484680175781,82.56172419542173,80.57569763567045,82.46714600472659,219147,81.21879730224609,85.46036834716797,84.09379615783692,37.73116983909821,-1.043311728719999,-0.29555809815514755,-0.7477536305648516,92.33871582525028,85.46036834716797,78.58202086908567,515711.85,0.424940788155246,2.090252140094346,-0.4662080933138246,-0.12860909638311435,0.685450337057314,1.9912031435438182,1.3633683473136315
2025-03-18,80.85942077636719,81.61600303817377,80.76484979746716,80.76484979746716,219246,81.16205291748047,85.11990776062012,83.95508995056153,38.17795858336051,-1.1294173961685772,-0.4623299577578335,-0.6670874384107437,92.20888250450413,85.11990776062012,78.03093301673611,497913.35,0.4403296276350092,1.925039352937228,0.11709794341776547,0.09233778296404704,0.691901155514496,-1.4301954120925275,-0.3508865568025765
2025-03-19,80.00827026367188,81.33228565932625,80.00827026367188,81.33228565932625,278366,80.68919067382812,84.69433212280273,83.84633178710938,35.695594155266505,-1.2519062945137307,-0.6202452251090129,-0.6316610694047178,91.94404090124307,84.69433212280273,77.4446233443624,469796.6,0.5925245095430661,1.8449028252995137,-1.0526299898305447,0.0691720867479928,-1.3956737184071533,0.36850223136077886,1.7018888816036748
2025-03-20,81.80514526367188,82.27800737502258,80.29198795041026,80.29198795041026,350018,80.91616516113281,84.26875610351563,83.7958932240804,43.97718796402433,-1.1902661858723036,-0.734249417261671,-0.45601676861063256,91.11697961463372,84.26875610351563,77.42053259239754,412081.8,0.8493896114800509,1.901547396773006,2.245861576657382,0.07308017918177256,1.8962383754100642,-0.8719620287956253,-0.692447973329513
2025-03-21,82.18343353271484,83.22372869838405,81.42685129479017,82.37257548454453,367017,81.12422332763671,83.84790878295898,83.78013114929199,45.56657102323813,-1.098231524467522,-0.8070458387028413,-0.29118568576468074,90.0630540435899,83.84790878295898,77.63276352232806,373621.35,0.9823234137984889,1.8875913976824563,0.46242600978665394,-0.04847648711218122,-0.7514778753577311,1.3425879771164162,-2.0336871509018417
2025-03-24,90.31666564941406,90.31666564941406,86.8174888192754,86.8174888192754,2810770,83.03458709716797,83.89519500732422,83.88258463541666,67.14710833616499,-0.3648042958300124,-0.7185975301282755,0.35379323429826315,90.29880179358396,83.89519500732422,77.49158822106448,492404.85,5.708250030437353,2.7203434935513577,9.896437477830155,-0.0372943476917964,-0.4613378578019911,4.339884830644158,2.787655593091243
2025-03-25,85.77718353271484,92.01896913256839,85.77718353271484,91.73524898155571,5173893,84.0181396484375,83.72023582458496,83.87312736511231,54.22522659979214,-0.14814843887545237,-0.6045077118777109,0.45635927300225854,89.68066687331059,83.72023582458496,77.75980477585934,728981.5,7.097427026611786,3.1898691077249826,-5.0261843526424155,0.1100854006351959,0.753388228226104,-0.8099801431981191,-2.135026163017373
2025-03-26,85.39889526367188,89.18179193598863,85.115175127127,86.62833235299314,1342250,85.0962646484375,83.56892013549805,83.87943216959636,53.3046398737904,-0.006892362280566999,-0.4849846419582821,0.4780922796777151,89.16920589155099,83.56892013549805,77.9686343794451,774840.45,1.732292112524585,3.306768801209868,-0.4410126952917426,0.10299623953369252,-0.05791891930048143,-0.5958959381599738,-0.9433865979513012
2025-03-27,83.41287231445312,84.83145862738806,83.31830133665142,84.83145862738806,759954,85.41781005859374,83.31357460021972,83.86367009480794,48.63622676527157,-0.05457228269482073,-0.39890217010558987,0.34432988741076914,88.40607648525717,83.31357460021972,78.22107271518227,797451.75,0.9529780328402314,3.143278817984614,-2.3255838885114843,0.1307340140583202,-1.3860075941006245,-2.841923996393314,-1.0119316563268033
2025-03-28,82.18343353271484,83.69659079326124,80.95398919991298,83.69659079326124,814020,85.41781005859374,83.07241477966309,83.77067387898764,45.9531862844464,-0.18938132791366513,-0.35699800166720497,0.16761667375353984,87.87723436143645,83.07241477966309,78.26759519788973,806686.05,1.0090914550958208,3.0898551880330993,-1.4739197292037765,0.06920720797163327,-1.5892536377484667,-6.444240866061845,-2.705931126333838
2025-03-31,76.22537231445312,79.53540715503996,75.7525101943693,79.34626519312776,1177684,82.59955139160157,82.68466796875,83.5894100189209,35.680555230832184,-0.7681296932551334,-0.43922433998479066,-0.3289053532703427,88.35473064230517,82.68466796875,77.01460529519484,818099.95,1.4395355970868842,3.535330941408093,-7.249710753311356,0.22469010496022346,-4.198467002028805,-0.6106497517977538,-1.7305411227965806
2025-04-01,78.49510955810547,78.77882970768975,76.50909015692487,76.6982321131123,582045,81.14313659667968,82.37257881164551,83.41917966206869,41.08381655864602,-1.0317497470261259,-0.5577294213930577,-0.4740203256330682,88.25034121113248,82.37257881164551,76.49481641215854,827301.15,0.7035467072661509,3.4044144683185644,2.977666326494255,0.1606192017939545,2.823117236854644,-1.204221873450484,-1.6981152849612768
2025-04-02,78.11681365966797,78.68424670887907,76.98194756124578,78.0222426873499,410052,79.68672027587891,82.02738914489746,83.24264437357584,40.47354149406585,-1.2567092939069653,-0.6975253958958393,-0.559183898011126,88.05923091771096,82.02738914489746,75.99554737208395,835401.95,0.4908439584082848,3.177465758893862,-0.4819356270309716,-0.10711050560909818,0.08482442253172628,1.393028726283041,1.9193867869054193
2025-04-07,70.36188507080078,70.36188507080078,70.36188507080078,70.36188507080078,40687,77.07652282714844,81.36065406799317,82.93055547078451,30.478592102613817,-2.0372649597328376,-0.965473308663239,-1.0717916510695986,89.27103164819833,81.36065406799317,73.450276487788,821761.3,0.04951194464864675,3.787794136223639,-9.927348832548565,0.39779856690886906,-9.69973559080869,4.094958566389262,-2.1885606762597987
2025-04-08,63.36351776123047,64.40381287842895,63.36351776123047,63.36351776123047,776340,73.31253967285156,80.37237205505372,82.52704645792643,24.57949044378691,-3.1838690421577667,-1.4091524553621446,-1.774716586795622,91.596989091921,80.37237205505372,69.14775501818643,845721.3,0.9179619810923527,4.215870559336529,-9.946247606254854,-0.5500181172965579,-4.016151985134908,-8.92246552092364,-9.036156968221743
2025-04-09,57.02716827392578,59.580624323610834,57.02716827392578,59.48605334711014,972162,69.4728988647461,79.08145866394042,82.0321174621582,20.677274147320148,-4.551385942849379,-2.0375991528595914,-2.5137867899897874,94.32692720469758,79.08145866394042,63.835990123183265,882886.85,1.1011173175815225,4.498601083065617,-9.999996387797838,0.3050360677505859,-5.786524331497223,22.691705248438264,22.232734434956992
2025-04-10,62.70151901245117,62.70151901245117,61.472074633656746,62.60694081769527,717000,66.31418075561524,78.15937747955323,81.6490992863973,31.2096788166388,-5.118279912194339,-2.653735304726541,-2.464544607467798,95.024556087925,78.15937747955323,61.29419887118145,881483.4,0.8134015909998985,4.655367703793587,9.95025864035377,-1.489084234874749,9.247307649849002,-11.020407170268331,-11.37770174314653
2025-04-11,62.512367248535156,62.60693822407002,57.31088422578513,57.31088422578513,869061,63.19329147338867,77.1663667678833,81.30706233978272,31.061620462181565,-5.51918866236737,-3.226825976254707,-2.2923626861126625,95.27957288835282,77.1663667678833,59.0531606474138,912685.6,0.9522019411722942,4.753403314843247,-0.3016701459472637,0.6081981557515048,2.7828390478427556,0.5733966651803701,-2.5327586235034727
2025-04-14,64.87667846679688,67.52470910434084,63.93095426986018,65.91697364036663,1385200,62.09625015258789,76.37668704986572,80.96660162607829,35.199706557149725,-5.5817881995092336,-3.6978184209056124,-1.8839697786036211,95.20950454624773,76.37668704986572,57.543869553483724,970234.6,1.4276959407549474,4.787928453638239,3.782149552682501,-1.2941415741642648,-0.08029019685500405,1.5393303097038125,1.8817267790845804
2025-04-15,67.99757385253906,67.99757385253906,65.25497213148832,65.53869228774654,771084,63.02306137084961,75.7194086074829,80.70337518056233,40.29434285788824,-5.31826298331319,-4.021907333387128,-1.2963556499260616,94.7681353782385,75.7194086074829,56.67068183672731,1001799.8,0.7696986962864236,4.5656573779187655,4.810504266705684,-0.01606647441906306,1.76589192631309,0.6457033945344914,-0.087944448380195
2025-04-16,66.20069885253906,67.61928525652205,65.82240770174955,67.61928525652205,592132,64.85776748657227,74.99120121002197,80.44172496795655,38.42136623925299,-5.194530828364009,-4.256432032382505,-0.9380987959815039,94.33898840072814,74.99120121002197,55.643414019315806,1020449.05,0.5802661093172657,4.246925214301531,-2.6425575181501904,0.45493231013253865,-1.9623144276647686,-4.4630363799766375,-4.049308517177552
2025-04-17,66.20069885253906,66.48441901945709,64.40382129776657,66.10612786866758,382053,65.55760345458984,74.25826511383056,80.23681812286377,38.42136623925299,-5.038392748807084,-4.412824175667421,-0.6255685731396632,93.77987609667466,74.25826511383056,54.736654130986466,1028589.4,0.37143392689055515,3.9580815486200636,0.0,-0.3851900465324021,-0.6640103310560974,1.1386843493385035,3.1192774620690145
2025-04-18,67.43013763427734,71.49674732216529,66.95727553926923,69.60529894213286,2020111,66.54115753173828,73.62935848236084,80.04924958546957,40.6118813569147,-4.760569874841124,-4.482373315502161,-0.27819655933896303,93.18141287767784,73.62935848236084,54.07730408704385,1115676.65,1.810659925525913,4.136477138087552,1.8571386753436503,-0.3851900465324021,0.2911195655576959,1.1386843493385035,3.1192774620690145
2025-04-21,65.25496673583984,67.5247061523209,65.25496673583984,67.43013517982226,662003,66.61681518554687,72.80184955596924,79.86956195831299,38.034019783076744,-4.6621687788760084,-4.518332408176931,-0.14383637069907707,92.29778691836884,72.80184955596924,53.30591219356963,1131275.9,0.5851826243270983,3.887578775206687,-3.2258141162858522,-0.3851900465324021,-1.4891964002938463,0.2886902153013349,-1.5124608796916683
2025-04-22,64.12010192871094,65.63325916512152,64.12010192871094,64.12010192871094,573086,65.84132080078125,71.89868297576905,79.64574057261149,36.72425034922003,-4.622474300510461,-4.539160786643638,-0.08331351386682329,91.23765046196266,71.89868297576905,52.559715489575446,1141579.35,0.5020115334076426,3.570989236700539,-1.7391240297814914,0.19087153159529358,-1.6370054958029567,2.043750864044269,0.993685407583289
2025-04-23,66.10612487792969,66.95727812487277,65.72783374425462,66.20069585752265,416141,65.82240600585938,70.68815593719482,79.47708644866944,40.58059415177644,-4.380267687032713,-4.507382166721453,0.12711447968874,88.1086733663947,70.68815593719482,53.267638507994945,1021847.9,0.40724358292462115,3.4731474979620454,3.097348396961097,0.40997828226332356,4.500035126970481,3.300417894965091,5.008937304800232
2025-04-24,66.10612487792969,66.95727812487277,65.72783374425462,66.67355797079065,378035,65.8034912109375,69.70460300445556,79.30055128733316,40.58059415177643,-4.140587090296222,-4.434023151436407,0.29343606114018517,85.70113064114972,69.70460300445556,53.70807536776141,782055.0,0.48338671832543745,3.1739870823161924,0.0,-0.12526095055448438,-0.8163803151391757,9.12069975425307,10.221453402567304
2025-04-25,68.0921401977539,68.75414423022205,67.8084200608088,68.28128214551543,587060,65.9358917236328,68.83926525115967,79.16499741872151,44.50319506639167,-3.74718839679538,-4.2966562005082025,0.5494678037128224,83.03181553042076,68.83926525115967,54.64671497189859,744295.5,0.7887458677366718,3.103858051646349,3.0042833753930687,-0.2987707483269153,2.022299672390404,-0.825820880675765,-0.3091121034147548
2025-04-28,69.60530090332031,69.69987188192596,68.84872585917199,69.03786781638328,472043,66.8059585571289,68.14888668060303,79.04678185780843,47.354814866850134,-3.2755590690011473,-4.092436774206791,0.816877705205644,80.59201738042337,68.14888668060303,55.705755980782676,729899.95,0.6467228830471903,2.9043745359831092,2.222225210093076,0.25712712450653985,0.8135756068057276,1.0345693574608017,2.0930335217010043
2025-04-29,70.83474731445312,70.83474731445312,69.98359405184301,70.64559813648233,424026,68.14888763427734,67.58145236968994,78.94905707041423,49.61993677860268,-2.770645106234369,-3.8280784406123067,1.0574333343779379,78.23637799828927,67.58145236968994,56.92652674109061,710400.25,0.5968832358941315,2.6810507860030697,1.7663114664793644,-0.2862987748134538,0.9894012430566201,-2.947053641844899,-0.6074424129403067
2025-04-30,69.69987487792969,71.4021814272165,69.51073291258825,71.02389028123017,498117,68.86763763427734,67.25517749786377,78.81823190053304,47.58466653938686,-2.4340140750003343,-3.5492655674899125,1.1152514924895782,77.16951158426195,67.25517749786377,57.340843411465585,676421.9,0.7363998711455084,2.5757704831530943,-1.6021408694880446,-0.32134330087744134,0.011854303657643506,2.1616061229914996,-0.7639472899060418
2025-05-02,70.1727294921875,71.02388267568574,69.69986741416655,70.7401697580548,516630,69.6809585571289,66.83905849456787,78.71420205434164,48.53192623020368,-2.1048131659160703,-3.2603750871751442,1.155561921259074,75.36899997905967,66.83905849456787,58.309117010076065,673151.15,0.7674799337414784,2.4088697869352407,0.6784152985725767,0.248493598366184,2.730963815359244,5.833337026011809,3.5471755253766224
2025-05-05,67.61927795410156,70.83474156560891,66.4844118395944,70.83474156560891,563093,69.58638610839844,66.31418170928956,78.51402378082275,43.9163914953179,-2.026599890715417,-3.013620047883199,0.9870201571677821,73.01878501807228,66.31418170928956,59.60957840050684,680803.2,0.8271009889495232,2.66773111214581,-3.6388089170312554,-4.382525588739094,-1.2250086251671455,-8.351228854075309,-0.36443403657200335
2025-05-06,68.94329071044922,69.03786168064987,67.71384645193307,68.09213754803824,209102,69.45398406982422,66.24325199127198,78.29965953826904,46.74457498626682,-1.836607276980999,-2.7782174937027593,0.9416102167217604,72.79584557015987,66.24325199127198,59.690658412384074,689223.95,0.3033875999230729,2.5011781273994758,1.9580403642380784,-5.0295889599485495,-0.05065209940824378,0.2603448959082266,-1.6825182014758355
2025-05-07,71.68589782714844,72.06418173797206,69.32158730798527,70.45645347106235,709525,69.62421417236328,66.65937099456787,78.06322841644287,52.12967888797561,-1.4480391939255384,-2.512181833747315,1.0641426398217768,73.4929524145066,66.65937099456787,59.82578957462912,685883.2,1.0344691341032992,2.5838065140825917,3.9780623878511,2.8038417507629143,0.11645894015797076,0.7530535657416237,-9.747028029200989
2025-05-08,72.91533660888672,74.2393519724756,71.30760830579517,72.0641833597722,1432361,70.26730651855469,67.45377941131592,77.83940703074137,54.357731524637956,-1.0290287508924223,-2.2155512171763365,1.1865224662839142,73.17632573860622,67.45377941131592,61.73123308402561,708893.15,2.020559798045728,2.6301981344289707,1.71503575878027,1.3780265518076762,-0.015038304424519477,2.500003195300615,6.018135714455974
2025-05-09,73.29362487792969,73.86105795005307,72.15875873368293,73.0099047342165,636018,70.89148559570313,67.98338470458984,77.61085694630941,55.050965944539485,-0.6588405504055999,-1.9042090838221892,1.2453685334165894,73.81363213212734,67.98338470458984,62.15313727705234,704844.05,0.9023527970478008,2.506478278687793,0.5188048038125226,-0.40045240590582676,1.809041662083355,3.042492005394104,2.177306328121076
2025-05-12,74.42849731445312,74.61764649802048,73.48277304252714,73.48277304252714,439020,72.25332946777344,68.57919120788574,77.39176425933837,57.15347261990774,-0.27076777103762595,-1.5775208212652765,1.3067530502276505,74.4902640613832,68.57919120788574,62.668118354388284,683342.0,0.6424601444079245,2.348817390874859,1.5483917440480832,-0.07465812307537734,1.0255778120184855,8.882380259416166,12.176555245817555
2025-05-13,74.52306365966797,75.84707165751442,74.1447725680108,75.46878778115969,507301,73.3692840576172,69.0615104675293,77.18055260976156,57.33256938890497,0.04390728046197978,-1.2532352009198253,1.297142481381805,75.2674006676809,69.0615104675293,62.855620267377695,639447.05,0.7933432486708633,2.262614950692028,0.12705663640542042,0.48501607250679424,0.9493892029855955,2.577323069044568,0.6784241412957304
2025-05-14,75.94165802001953,76.13079997856548,74.33392251116602,74.99593379668332,479065,74.2204360961914,69.45871467590332,76.98825550079346,60.03152654635485,0.40311141758557767,-0.9219658772187447,1.3250772948043223,76.3562526523414,69.45871467590332,62.56117669946525,624846.1,0.7666927904327162,2.2005166195863515,1.903564199708696,0.10495309053717428,2.1224825639188705,-1.2453565416723378,1.9541770713840112
2025-05-15,75.18507385253906,75.75250692912026,74.99593189877967,75.09050287565937,298055,74.67438354492188,69.90793342590332,76.78650099436442,57.92695402486623,0.61959100547503,-0.6136545006799898,1.2332455061550198,77.0769708824785,69.90793342590332,62.73889596932814,610142.25,0.48850083730474325,2.033211219806819,-0.996270278008704,-0.2803567472373425,-0.2415620287910758,-1.5044254285352388,-0.26436947555062984
2025-05-16,76.03622436523438,76.31993728576231,75.185071173045,75.65793325589435,349003,75.22290344238282,70.39970970153809,76.59262752532959,59.64113720176774,0.850034700640748,-0.3209166604158422,1.1709513610565903,77.84215128315621,70.39970970153809,62.95726811991996,608489.75,0.5735560870170779,1.9134318721948838,1.132073786832577,-0.5692240792755765,0.5220347355644694,0.8984674462461539,1.1928356343563706
2025-05-19,74.61763763427734,75.84707471255555,74.4284884731788,75.84707471255555,373186,75.26073150634765,70.75908470153809,76.36092510223389,55.57687595549399,0.9077311362567428,-0.07518710108132518,0.982918237338068,78.29135561479312,70.75908470153809,63.22681378828306,526143.5,0.7092855846361307,1.8726724081763089,-1.865672240829519,0.1180119416830605,-1.4643102104449635,-2.4042699474196794,-1.7026854292839788
2025-05-20,75.37421417236328,75.84707626181425,74.90135208291231,75.5633633373254,205101,75.43096160888672,71.26504707336426,76.11188424428305,57.25009394277079,1.0029440659313167,0.1404391323212032,0.8625049336101135,78.59739639593191,71.26504707336426,63.932697750796606,503298.4,0.40751371353455523,1.7869079040910554,1.0139379402416049,-0.18806606512049573,0.010217599479345196,0.9580250170699856,-0.8660862181032902
2025-05-21,76.13079833984375,76.98195156558585,75.65793623835404,75.94165638536909,461383,75.46878967285156,71.8655818939209,75.87072455088297,58.91657039543207,1.1264658211627534,0.33764447008951326,0.7888213510732401,78.68333502197797,71.8655818939209,65.04782876586384,497713.25,0.9270056603877835,1.7630185026419232,1.003770554410477,0.0016576947628355043,1.2909062583843056,-1.355622451140459,-4.032259983423203
2025-05-22,77.36024475097656,77.73852867000464,75.65793825413718,75.94165840871149,501250,75.90382385253906,72.42828788757325,75.6705462773641,61.54023140715954,1.3084804049682077,0.5318116570652522,0.7766687479029555,79.10070658001928,72.42828788757325,65.75586919512722,501968.7,0.9985682374219746,1.8053614244053284,1.614913330666301,-0.41198726278828257,-0.6097494339192711,-3.1378812108859178,-0.49019540320766053
2025-05-23,76.41452026367188,77.73852840638685,76.41452026367188,77.73852840638685,313144,75.97948303222657,72.94370765686035,75.45618216196696,58.448145977721836,1.3607305567690702,0.6975954370060159,0.6631351197630543,79.13508903318979,72.94370765686035,66.75232628053092,498724.15,0.627890187391166,1.7411809868466144,-1.222494176885025,0.08260363716483532,-0.08638612371177912,-2.411918741267194,-2.1111903358876694
2025-05-26,75.75250244140625,77.17108865647117,75.75250244140625,76.41451367095145,181021,76.20645599365234,73.32672576904297,75.24497038523356,56.31506813903056,1.3333498459278132,0.8247463187903754,0.5086035271374378,79.19367655504021,73.32672576904297,67.45977498304572,478422.2,0.3783708197487491,1.698168350609055,-0.8663508191653957,-0.25093902970623194,-0.5342168783596057,-2.411918741267194,-2.1111903358876694
2025-05-27,76.22537231445312,76.79280541549306,75.468797251501,76.69823443453696,212009,76.3766876220703,73.65772933959961,75.04006354014079,57.50795764364212,1.334424665244768,0.926681988081254,0.407742677163514,79.38600015859471,73.65772933959961,67.92945852060451,465420.5,0.45552140483713116,1.6482803257267893,0.6242300357174768,-0.1885106866633124,-0.9287980727548772,5.16113652650696,4.025896342511048
2025-05-28,75.18507385253906,77.07652225134508,75.09050287565937,77.07652225134508,192074,76.18754272460937,73.8752456665039,74.84303760528564,54.013559792059695,1.2370728695683937,0.988760164378682,0.2483127051897117,79.48124711105231,73.8752456665039,68.26924422195549,453822.9,0.4232355837486385,1.6933121990546458,-1.3647666522670576,0.16646820635146664,0.09927402266578511,-1.2672880931348662,-2.280586744585722
2025-05-29,76.13079833984375,76.13079833984375,75.374216091339,75.94165638536909,322000,75.94165344238282,74.19679183959961,74.71221243540445,56.595636603997704,1.2221448079024526,1.035437093083436,0.1867077148190166,79.52527351815462,74.19679183959961,68.8683101610446,445017.05,0.723567782402944,1.5936338374879848,1.257862018144107,-0.049388342657963324,-0.04878761184228253,0.21003536941137657,1.060813850070197
2025-06-02,74.52306365966797,75.65792971933705,74.05020159892211,75.65792971933705,309026,75.56336212158203,74.41430854797363,74.54198195139567,51.32015895656896,1.0682691177752162,1.042003498021792,0.02626561975342412,79.39495553406061,74.41430854797363,69.43366156188665,434636.85,0.7109981585776725,1.6585622246124716,-2.1118058857059974,0.07001895010041448,-1.6142080316433494,1.2375070254612375,-0.9239553714338156
2025-06-03,74.99593353271484,76.13079971060256,74.80678435953143,76.13079971060256,153062,75.41204833984375,74.7831413269043,74.37490406036378,52.71621552403921,0.9732590470892291,1.0282546078352794,-0.05499556074605039,78.60214106850178,74.7831413269043,70.96414158530682,414135.3,0.3695941881795636,1.6517854014554207,0.6345282249886841,0.38934277980975374,0.5914415066209822,11.354014838759552,6.025823820308629
2025-06-04,76.22537231445312,76.60366345358086,75.7525101943693,76.31994329540923,165187,75.41204833984375,75.14724540710449,74.25038382212321,56.23078826309826,0.9858045749002429,1.0197646012482722,-0.033960026348029304,77.84626451741286,75.14724540710449,72.44822629679612,411939.55,0.40099815616150475,1.6459113373768341,1.6393405933162741,-0.0713650479945871,2.324806129025947,6.143128378779394,0.3383040427066941
2025-06-05,76.13079833984375,76.41451848685881,75.75250721559136,76.13079833984375,135003,75.60119323730468,75.36949043273925,74.13374449412028,55.88666194053771,0.9768550893143839,1.0111826988614947,-0.03432760954711078,77.55079554778739,75.36949043273925,73.18818531769112,383213.45,0.35229191459746517,1.5147246618955823,-0.12407151547810802,-0.07976061250243305,0.26061434732305155,-1.4717539413987235,-0.7417462279015075
2025-06-06,76.79280090332031,77.36024118632207,76.03622588482284,76.41451700172304,232050,75.73359375,75.56336364746093,74.03286724090576,57.832018645992335,1.0115204536562032,1.0112502498204363,0.00027020383576692453,77.5020089835138,75.56336364746093,73.62471831140806,323197.9,0.7179811502488104,1.4892967471760687,0.869559465962011,0.011020349999935064,-0.06352892070761174,1.2716940689851963,2.989136825698524
2025-06-09,79.72455596923828,83.22373275580418,79.34626483183305,80.95399314667613,2272160,76.77389221191406,75.88491020202636,74.00922412872315,65.15966279129375,1.2610248275168203,1.0612051653597132,0.19981966215710711,78.31056718224937,75.88491020202636,73.45925322180335,405005.0,5.610202343180949,2.148181427883775,3.817747277650363,-0.09216583404251244,0.5984531649308789,4.405028861527627,2.9023742080150683
2025-06-10,81.80514526367188,81.89971624288138,80.00826779747855,80.10283877668806,754210,78.13573455810547,76.25374259948731,73.99976685841878,69.24427546318982,1.6081077441713632,1.1705856811220432,0.43752206304931995,79.75277717069211,76.25374259948731,72.75470802828251,420764.5,1.7924753632970463,2.1517786073183522,2.609722022454908,-0.013037526208137251,2.073637303314224,2.7109548300671804,2.3718013824154616
2025-06-11,80.85942077636719,81.80514499597382,80.19741670876382,81.80514499597382,378061,79.06254425048829,76.57056045532227,74.0029193242391,65.48607084195486,1.7862703808060587,1.2937226210588464,0.4925477597472123,80.52729900382002,76.57056045532227,72.61382190682451,414302.5,0.9125240615250934,2.079238600330312,-1.1560696876174004,-0.08323425859342315,1.0248967858730973,-3.754647744255313,-0.4383335148021916
2025-06-12,80.10283660888672,80.5756987074405,80.10283660888672,80.38655675414019,228101,79.85695190429688,76.77861938476562,73.98558088938395,62.56073528939957,1.8451458419509805,1.4040072652372733,0.44113857671370726,81.02326036295118,76.77861938476562,72.53397840658006,401754.3,0.5677624358967658,1.9028846759503328,-0.9356784407013707,-0.2723416236173337,-0.8112082280176014,2.317498631188175,0.3144676262695212
2025-06-13,78.49510955810547,79.53540474774262,78.02224745233374,79.53540474774262,479253,80.19741363525391,76.94412117004394,73.94775193532308,56.75847475596519,1.741994306410163,1.4716046734718513,0.27038963293831175,81.18526737170427,76.94412117004394,72.70297496838361,410814.2,1.166593072975569,1.9265786066973518,-2.0070787987586547,-0.9470802353383045,-0.9640740581055907,-3.6995075526758403,-4.890277044089397
2025-06-16,79.15711212158203,79.62997421840224,78.02224597533473,78.49510807215493,182051,80.08392486572265,77.10016555786133,73.91938012441,58.46661960771627,1.6941351106209197,1.516110760901665,0.17802434971925463,81.42940106998599,77.10016555786133,72.77093004573668,402466.6,0.4523381567563619,1.88406522488004,0.8433679081452983,-0.06841860324496851,-0.10442115322505385,5.6056459911622,3.691491006645631
2025-06-17,80.00827026367188,80.76485255127535,79.3462661734964,79.44083715562098,295365,79.72454986572265,77.36969718933105,73.91938012441,60.62053563013987,1.7052308618858518,1.5539347810985027,0.15129608078734913,81.7193375289375,77.36969718933105,73.0200568497246,398575.55,0.7410514769408209,1.8472219188551444,1.0752769009340524,-1.694628077349214,0.7332888142830063,-1.744622165500509,-2.542904495025178
2025-06-18,79.535400390625,80.10283344340526,79.44082941771208,79.72454955175357,135166,79.45974578857422,77.57775650024413,73.88155104319254,58.79623228181453,1.6567694707320157,1.5745017190252053,0.08226775170681044,81.92358467512663,77.57775650024413,73.23192832536164,395078.8,0.3421241534600186,1.6891928664335492,-0.5910262420228629,2.213760753044025,0.6534454580739535,-1.284473598064495,1.4445123280881322
2025-06-19,78.21138763427734,79.06254084841845,78.11681665832899,78.9679698724701,226116,79.08145599365234,77.68178596496583,73.81535027821859,53.90475986695427,1.4943013293417948,1.5584616410885233,-0.06416031174672843,81.98113511771892,77.68178596496583,73.38243681221273,383315.45,0.589895345987228,1.6531116485485444,-1.6646835872391241,-0.3555156620861588,-1.579973732043427,-1.284473598064495,1.4445123280881322
2025-06-20,77.54938507080078,78.30596732346642,76.13079875853003,78.21138913040589,377017,78.8923110961914,77.69124298095703,73.60256226857503,51.593558529772864,1.2971730786949962,1.5062039286098179,-0.20903084991482168,81.98844568047475,77.69124298095703,73.3940402814393,377103.8,0.9997698246477495,1.7227192374002565,-0.8464273343060214,0.1001978324495223,0.19197052457564645,1.0715679128911804,-1.359227795447937
2025-06-23,76.6036605834961,77.26566464068902,74.90135412885273,75.84707833358725,214148,78.38162078857422,77.70069999694825,73.44967021942139,48.40089119332736,1.0525028596432122,1.415463714816497,-0.3629608551732848,81.98689063334844,77.70069999694825,73.41450936054805,372154.0,0.5754284516624838,1.8460941313399624,-1.2195125550528374,-0.1295159830334014,-1.423044541892171,0.6626249075033508,0.9842561838341535
2025-06-24,78.58968353271484,78.96797467481656,77.07652617961138,77.07652617961138,226149,78.09790344238282,77.84255905151367,73.33618335723877,54.73550543627111,1.0072445146298747,1.3338198747791725,-0.3265753601492978,82.04422868203297,77.84255905151367,73.64088942099438,374410.4,0.6040136705604331,1.9151901260040294,2.5925953591395823,0.4770922482972173,2.101692545040379,1.9559920092959038,0.7797215139725422
2025-06-25,78.7788314819336,79.25169359835505,78.40054034573579,79.25169359835505,196050,77.94658966064453,77.9702320098877,73.25894934336344,55.29836933666098,0.9753958526382007,1.2621350703509784,-0.28673921771277766,82.11985309429058,77.9702320098877,73.82061092548481,373612.45,0.5247416139371158,1.7733185428860594,0.24067783545662635,-0.727242575527054,1.0899645222608445,-0.8669939382833891,0.3223761477559206
2025-06-26,79.15711212158203,79.81912338631213,78.96797016897514,78.96797016897514,213815,78.13573455810547,78.16883392333985,73.2085106531779,56.4643410224701,0.9695038083416136,1.2036088179491056,-0.23410500960749192,82.13327218505795,78.16883392333985,74.20439566162175,374699.5,0.570630598653054,1.6755816577517229,0.48018056695242617,-0.3944568587657682,0.27520638301874456,-0.16747329694251079,0.8354669985920049
2025-06-27,79.72455596923828,79.81912694976376,78.96797369442783,79.15711565547878,239057,78.57076873779297,78.34852180480956,73.26683038075765,58.22460835254067,0.9991052337531556,1.1627081011099156,-0.16360286735676,82.24927985048238,78.34852180480956,74.44776375913675,370552.35,0.6451369152023999,1.5656578707629505,0.7168576928181514,-1.7820919230510768,0.39008940370151013,-1.34203392399872,1.7208462893029797
2025-06-30,76.98194885253906,80.0082633092967,76.88737787863467,80.0082633092967,372601,78.64642639160157,78.47146606445312,73.24161103566487,48.10143008289435,0.7921279453929913,1.0885920699665308,-0.29646412457353954,82.0019848608535,78.47146606445312,74.94094726805275,373731.1,0.9969761681594067,1.7730215454161609,-3.4401033450188856,0.957698278482022,-1.4351611940869091,-0.9824304832146802,-0.50125365451541
2025-07-01,76.6036605834961,78.11681786801071,76.22536945854168,77.36024283340494,328290,78.24922180175781,78.55185241699219,73.21639181772868,46.89044546677715,0.5907623111655909,0.9890261182063428,-0.3982638070407519,81.81203664613531,78.55185241699219,75.29166818784907,382492.5,0.8582913390458636,1.788811793956544,-0.4913986651177038,0.3835740796985343,1.3376209140048223,2.270556439941962,1.0705208576054392
2025-07-02,76.79280090332031,77.26566299561983,76.50908797712236,76.60365895252168,191478,77.85201568603516,78.58022384643554,73.32357374827068,47.60076137781026,0.4413529957749347,0.8794914937200612,-0.4381384979451265,81.76414594075644,78.58022384643554,75.39630175211465,383807.05,0.49889130488874556,1.6511802238953346,0.24690767828001725,0.06608253165516498,0.10649919614669212,4.384332753205156,6.043641820942125
2025-07-03,77.17108917236328,77.9276713782434,76.98194722854458,77.17108917236328,307000,77.4548110961914,78.63223838806152,73.55369993845622,49.067974722135176,0.3494415935460893,0.7734815136852669,-0.4240399201391776,81.67869705706919,78.63223838806152,75.58577971905386,392406.9,0.7823511768014273,1.5823389240323689,0.4926090266185623,-0.8820979000624507,0.5989548437806524,1.1617474572264808,1.1163031118018418
2025-07-04,75.46879577636719,77.17109504621337,75.46879577636719,77.07652406710578,472690,76.6036590576172,78.56603813171387,73.86106039683024,43.2052317517147,0.13765351071130283,0.6463159130904741,-0.5086624023791713,81.83053660767159,78.56603813171387,75.30153965575614,404438.9,1.1687550332077354,1.5983336368075436,-2.2058693407760344,-0.17605120273233021,-0.7285295494271593,1.1617474572264808,1.1163031118018418
2025-07-07,74.52306365966797,76.2253627491716,74.23934353709949,76.1307917800829,772799,76.11188201904297,78.30596351623535,74.05808614095052,40.32272085413865,-0.10528904225164126,0.4959949220220511,-0.6012839642736924,81.98438471109297,78.30596351623535,74.62754232137773,329470.85,2.345576247488966,1.6500250468428188,-1.2531432454569114,-0.05568275052999505,-0.526795861514584,-3.515897380596944,-3.3120289068293673
2025-07-08,74.21810913085938,75.20374135028764,74.02097817510749,75.20374135028764,481821,75.63477172851563,77.92661170959472,74.25318183898926,39.40968215801925,-0.3187556311474822,0.33304481138814446,-0.6518004425356266,81.6502019839234,77.92661170959472,74.20302143526605,315851.4,1.5254673558515175,1.587723463954464,-0.4092082555828047,0.57887679791917,-0.2962771383824059,5.511807888466946,4.266834869938019
2025-07-09,75.8936767578125,75.8936767578125,73.92241242644074,74.21810508405717,189166,75.45494689941407,77.67832450866699,74.43679847717286,46.56860126470317,-0.3487054769226319,0.1966947537259892,-0.5454002306486211,81.23709030110416,77.67832450866699,74.11955871622982,306406.65,0.6173691073610836,1.6388622462767697,2.2576264022016623,0.13347628020465852,0.7366883497436749,0.26032892860035073,1.498566355113451
2025-07-10,75.49942016601562,76.18936717356007,74.90804238796069,75.10516580738685,200899,75.12061309814453,77.44815368652344,74.56182924906413,45.21488592685167,-0.39964727250891485,0.07742634847900841,-0.4770736209879233,80.94153568226268,77.44815368652344,73.9547716907842,305046.55,0.6585847307566665,1.5911905848531178,-0.5194854283513073,0.3384095530795994,0.7379596142790046,3.0292539140266195,1.5332019156035326
2025-07-11,76.87931060791016,76.97787232268288,75.20373889744336,75.49942404176153,392030,75.40271606445313,77.36736373901367,74.73980611165365,50.624833490249486,-0.32492782043813406,-0.003044485304420086,-0.321883335133714,80.8334273317552,77.36736373901367,73.90130014627213,300685.4,1.3037879458064807,1.6155829635713057,1.8276834959265686,0.12805520532523929,0.25461005750608834,0.3528210397472531,-0.16776631016416355
2025-07-14,75.99224090576172,76.68218795571867,75.69655575844608,76.68218795571867,149120,75.69655151367188,77.20912017822266,74.90299847920735,47.38537352627961,-0.3334474530846734,-0.06912507886047074,-0.2643223742242026,80.61967740944633,77.20912017822266,73.798562946999,299038.85,0.49866430398592027,1.5578725483570084,-1.1538471080633883,-0.10259100165578294,-0.5980326954644122,-1.1049721286962466,-2.128870118089199
2025-07-15,76.48505401611328,76.87930838357411,75.79511451288928,75.9922379367314,173252,76.14994049072266,77.03295936584473,75.05391375223796,49.3254037521523,-0.2970096812203309,-0.11470199933244277,-0.18230768188788812,80.18923651831689,77.03295936584473,73.87668221337258,292933.2,0.5914385941914402,1.494715391334051,0.6485045110891097,0.45562082851131613,0.9770905870307711,-0.23700590887374418,-2.7475481902609955
2025-07-16,77.9635009765625,80.03332697208998,76.58361447295202,76.58361447295202,518020,76.56390533447265,76.9543643951416,75.26572265625,54.719530036797075,-0.14713805478113784,-0.12118921042218178,-0.025948844358956058,79.92084588953192,76.9543643951416,73.98788290075127,312075.9,1.659916706160264,1.7685230666197373,1.932988058212981,0.14311890542244576,0.9062948249833447,1.0011881037375048,0.11771067121881806
2025-07-17,80.03333282470703,80.6247181693411,77.96350667781887,77.96350667781887,442073,77.47068786621094,77.04546165466309,75.53094317118327,60.98155469211847,0.13707431341813958,-0.06953650565411751,0.2066108190722571,80.27473643462444,77.04546165466309,73.81618687470173,322873.75,1.3691822267991747,1.8875489501075848,2.654872885668347,0.04389327295191148,0.3054255543222917,-0.1848128519918668,1.587306146190115
2025-07-18,84.27155303955078,85.25718523884377,80.62471691007748,80.82184034202531,2082150,78.94913635253906,77.38157005310059,75.8337003072103,70.09979687622496,0.6962773618989218,0.08362626785649035,0.6126510940424315,81.95234920825709,77.38157005310059,72.81079089794409,408130.4,5.10167828713568,2.3323894119781396,5.295568815216667,0.007486413359902855,1.1675174216255968,2.2050183077859,-0.23147040819108122
2025-07-21,86.83419036865234,88.70689294591018,84.37011000904373,84.7643643705364,2609503,81.11752624511719,77.89309654235839,76.17916806538899,74.04879559965921,1.3308915331224682,0.33307932090968595,0.9978122122127823,84.09582608765746,77.89309654235839,71.69036699705933,527898.15,4.943194061202904,2.612782811228975,3.0409280909998726,-0.08570458320372731,-0.182055656943525,-0.2799769107788008,1.2180843834669774
2025-07-22,85.9471206665039,88.70689370065719,85.25718116785386,87.91838497096296,1790605,83.00993957519532,78.26096839904785,76.4767510732015,70.57412500827661,1.7421661180051728,0.6148966803287834,1.1272694376763894,85.43440305618316,78.26096839904785,71.08753374191255,606120.95,2.9542041072825485,2.7243734407722227,-1.0215673093540767,-0.15113747849135883,-1.5108489973571504,3.13790511943719,0.4011493470250427
2025-07-23,86.04569244384766,86.73563196291468,84.66580588593683,86.63707024873035,669014,84.62637786865234,78.62431144714355,76.75075759887696,70.73843828825026,2.052399326370846,0.9023972095371959,1.1500021168336503,86.59953182786339,78.62431144714355,70.64909106642372,629769.15,1.0623162471518333,2.6371004589329727,0.11468886517587151,0.22295619800545285,1.4387991654924104,-4.547638299266876,0.5707824056738975
2025-07-24,86.73563385009766,88.21408215436068,85.060062113177,85.55287821459801,983325,85.96683807373047,79.00323753356933,77.01577237447103,71.92033495490153,2.327108427140274,1.1873394530578116,1.1397689740824626,87.76628964019699,79.00323753356933,70.24018542694168,668244.65,1.4715044856700312,2.7060230698997345,0.8018314300861196,-0.5605654715466812,0.23612215902308886,-6.995473814704911,-3.916005459272498
2025-07-25,86.24281311035156,86.6370674742399,85.35574267154692,86.53850576321196,468120,86.36109008789063,79.329150390625,77.29148801167806,69.7530952877485,2.476503265573726,1.4451722155609945,1.0313310500127313,88.67090060418847,79.329150390625,69.98740017706153,679697.8,0.6887178390161038,2.529205484386535,-0.5681871658398396,0.5363622959012604,-0.040000501364123586,2.6695519099874554,0.4134704973604242
2025-07-28,85.5528793334961,86.34138059421592,84.17299272751512,86.34138059421592,770100,86.10482788085938,79.75769691467285,77.54782384236654,66.72181426440382,2.5102907919411024,1.658195930837016,0.8520948611040864,89.4267121633763,79.75769691467285,70.0886816659694,699572.75,1.1008147472868262,2.4810964686951036,-0.7999898797047211,0.27559243417745183,0.20800726399519132,3.056925042938796,0.35292425830670826
2025-07-29,83.68017578125,85.65144019296483,83.48304482821234,85.35574752329681,480155,85.6514389038086,80.11152267456055,77.81550547281901,59.20141168146664,2.358765741002017,1.7983098928700163,0.5604558481320008,89.81242721558193,80.11152267456055,70.41061813353916,707166.0,0.6789848493847273,2.4394029881694212,-2.188942753108347,0.6277126261405197,-0.9031782082688844,-0.47732488923494243,0.937867374629997
2025-07-30,81.21609497070312,83.77873719264026,79.34339228244167,83.77873719264026,1844709,84.68551940917969,80.33268737792969,78.02005221048991,51.0482719750562,2.0166041607525216,1.8419687464465175,0.17463541430600404,89.91599245096626,80.33268737792969,70.74938230489312,789827.55,2.3355845209501744,2.705528577773311,-2.9446410545172386,0.10959038727660353,1.1214833214890696,-0.5652652021531424,-1.974444770392747
2025-07-31,79.8362045288086,81.61034541513719,79.44195016298262,81.31465276082356,726537,83.30563354492188,80.46594314575195,78.15589065551758,47.13358002848497,1.6154708741865278,1.7966691719945196,-0.1811982978079918,89.93761166542954,80.46594314575195,70.99427462607436,810804.4,0.8960693849219368,2.6339108010241454,-1.6990356928541006,0.46648917126204115,0.34438577266941994,-2.911281048958303,-2.9028437322041745
2025-08-04,78.25919342041016,79.24482556041588,77.66781564036201,79.24482556041588,862400,81.70890960693359,80.6054630279541,78.24495493570963,43.06865375470315,1.1569812777832595,1.6687315931522677,-0.5117503153690082,89.84659924386618,80.6054630279541,71.36432681204202,830289.9,1.0386733597506124,2.571841212680471,-1.97530821725046,-0.30428543721531254,-0.23658148505263377,-15.575498982143166,1.2515658330415125
2025-08-05,79.24482727050781,79.8362050633178,78.45631853357673,78.75201118987005,557134,80.44729919433594,80.8415512084961,78.34414164225261,46.19209859420837,0.8632068723151463,1.5076266489848436,-0.6444197766696973,89.66000480457257,80.8415512084961,72.02309761241963,819506.65,0.6798407310056606,2.439197270044095,1.2594480047894319,0.23176060718361757,1.204718422705664,-1.52178345561782,-1.0506779743206907
2025-08-06,78.35775756835938,79.34338973903057,78.16063414213582,79.34338973903057,460176,79.38281555175782,81.0485336303711,78.40962931315104,43.85984230851923,0.5524412294286947,1.316589565073614,-0.7641483356449192,89.39405558883105,81.0485336303711,72.70301167191114,818424.4,0.5622706263400749,2.2716717136241824,-1.1194039190979166,0.1783585840453794,-0.9012052115274116,-0.5503855355470599,-14.05370397347837
2025-08-07,78.4563217163086,79.34339220139762,78.06206733184936,78.94913781693839,464019,78.8308609008789,81.17666587829589,78.47518361409506,44.19698376731657,0.31053091441754077,1.1153778349423993,-0.8048469205248585,89.26363272075726,81.17666587829589,73.08969903583453,832167.05,0.5576031879656854,2.1396254677473925,0.12578735151171916,-0.07582910609321702,2.3730184169192814,1.298426173468048,3.9244009245697153
2025-08-08,78.4563217163086,79.44195391756818,78.16063656779687,78.65345266842667,528000,78.55488433837891,81.32451095581055,78.51709467569987,44.19698376731657,0.11746122699379669,0.9157945133526788,-0.7983332863588821,89.07560453598197,81.32451095581055,73.57341737563914,848522.1,0.6222583949198259,2.025184385350582,0.0,-0.3563459079548914,0.07286453218204869,0.14708908300016255,2.027984494222501
2025-08-11,78.4563217163086,78.85057610076782,77.37212779887842,78.85057610076782,366086,78.5943099975586,81.40336151123047,78.57161547342936,44.19698376731657,-0.03514278710736107,0.7256070532606709,-0.760749840368032,88.99448861289261,81.40336151123047,73.81223440956833,847224.9,0.43210014247692674,1.9522862408890913,0.0,0.1439209000700048,0.4755796968586967,-1.1749923942171892,-4.249490075790307
2025-08-12,80.82183837890625,80.92040009248616,78.45631965410487,78.45631965410487,889409,78.90971221923829,81.6448413848877,78.65137570699056,52.70975873119927,0.03439833489647981,0.5873653095878327,-0.5529669746913529,88.80630908300981,81.6448413848877,74.48337368676559,884239.35,1.0058464373927716,2.0205254672213844,3.0150746438905918,0.3249476487076741,0.09471266391829491,6.178343825235988,5.726555721100257
2025-08-13,81.21609497070312,82.9902284229164,80.8218405858412,80.8218405858412,1483021,79.48137969970703,81.88139343261719,78.76134999593098,53.9701084416715,0.11994078441722422,0.49388040455371107,-0.37393962013648685,88.62563422605575,81.88139343261719,75.13715263917862,949727.8,1.5615221540319235,2.0402407441265535,0.4878094828139501,-0.23340628022624488,0.8761363011638768,3.759250412343551,4.671633168370581
2025-08-14,84.46867370605469,84.46867370605469,81.80746986300029,81.80746986300029,1147670,80.68385009765625,82.2066520690918,78.91292432149251,62.78260641201743,0.44505934587130014,0.4841161928172289,-0.03905684694592876,88.7806198325072,82.2066520690918,75.6326843056764,981210.3,1.1696473222916637,2.2018858096232217,4.004845020589642,0.20617018015440802,-0.541320542258239,-0.5203323587194664,-0.9055636582817606
2025-08-15,83.68017578125,85.25718580666647,82.89166700865329,85.25718580666647,616212,81.72862091064454,82.38899421691895,79.03874727884929,59.79396473209584,0.6318098447939633,0.5136549232125758,0.11815492158138752,88.9112473011209,82.38899421691895,75.866741132717,989917.25,0.622488394863308,2.22370354140855,-0.9334797034325493,0.4652728781409321,0.39764198071750023,-1.0267314805570527,-3.1331560883252063
2025-08-18,83.58161163330078,83.58161163330078,82.59597945611458,83.38448068599749,373047,82.75367889404296,82.35449714660645,79.14243672688802,59.41323150272599,0.76306155898763,0.5635362503675867,0.19952530862004325,88.84203155413795,82.35449714660645,75.86696273907495,904462.1,0.41245177658632687,2.0717692459054664,-0.11778673625982838,-0.2992125774545329,0.6083510296844397,-1.0961075976090973,-0.5390840903627514
2025-08-19,82.59597778320312,84.1729877308047,82.59597778320312,84.1729877308047,374060,83.10850677490234,82.14258651733398,79.2454610188802,55.60060493393794,0.7785721782599211,0.6065434359460535,0.17202874231386756,88.2815222558979,82.14258651733398,76.00365077877007,792689.95,0.47188689600517836,2.0058013394649485,-1.1792472421110367,0.12037876283805815,-0.5269863303297595,-1.5040537104556329,0.2032423045858156
2025-08-20,81.01895904541016,82.59597648805996,80.82183562496716,82.59597648805996,465016,83.06907958984375,81.8961784362793,79.3332352956136,50.0648145834912,0.6560496908771256,0.616444686932268,0.039605003944857664,87.78255426285968,81.8961784362793,76.00980260969892,726410.5,0.6401559448824047,1.9749134486344169,-1.9093166279020357,0.2737679299698925,-2.989552002278928,-0.6027712161970622,-0.1352200453873742
2025-08-21,82.10316467285156,82.8916659152706,81.80747200708389,81.80747200708389,309002,82.59597778320312,81.6990520477295,79.43119850158692,53.493100184183064,0.6390692771294937,0.620969604971713,0.018099672157780633,87.25511932987452,81.6990520477295,76.14298476558447,708409.9,0.43619096796925055,1.9612859047978863,1.3382122409567376,0.5739473988298771,1.4251223005524505,-1.3341415628182807,-1.5572088510043547
2025-08-22,82.20172882080078,82.79310665006008,81.51178175351735,82.79310665006008,314050,82.30028839111328,81.47235679626465,79.54814275105794,53.803606471362826,0.6263453604726834,0.6220447560719071,0.004300604400776287,86.50884806140434,81.47235679626465,76.43586553112496,674946.15,0.4652963795704294,1.870624437030532,0.12004914590315607,0.7790624202977492,-0.8248855555042067,6.228225804749865,7.152676025747828
2025-08-25,84.56724548339844,85.75000111150848,83.28592061979847,83.97586014956651,1044801,82.4974151611328,81.38857841491699,79.68875020345052,60.60216830338545,0.7979408249462523,0.6572239698467762,0.14071685509947607,86.13854498434387,81.38857841491699,76.63861184549012,703780.2,1.4845558314939808,2.094310817520821,2.8776969736907354,-0.4872876866823028,2.158306669891674,-1.7357719144983963,-1.7971715111141595
2025-08-26,85.25718688964844,85.75000299883715,84.07443123550632,84.76437078045971,450904,83.02965698242187,81.37379379272461,79.86765225728352,62.34288044288847,0.978326434078582,0.7214444626931373,0.25688197138544466,86.07072950466353,81.37379379272461,76.67685808078569,687820.4,0.6555548512373288,2.0384789436288213,0.8158494489281187,0.2525750082704059,0.11417520761634048,0.07851013724897715,0.8496772639024153
2025-08-27,86.53850555419922,87.03132162792524,85.45430417618077,85.84855853911688,826268,84.1335662841797,81.51671028137207,80.06002845764161,65.4003100754339,1.2107186260515164,0.8192992953648132,0.3914193306867032,86.66170419753621,81.51671028137207,76.37171636520793,705126.05,1.171801835997975,2.003233049581885,1.502886397376968,0.3370125372272659,0.8837683642618943,0.5099005941845203,0.712894487512461
2025-08-28,85.75,87.42557170473296,85.45430733691687,87.03132484699118,436072,84.86293334960938,81.74340553283692,80.21877225240071,62.06097313177098,1.3160941895010012,0.9186582741920508,0.3974359153089504,87.22139265688911,81.74340553283692,76.26541840878473,634694.2,0.687058429082856,1.998970558679779,-0.9111615103006065,0.09297408164834486,-1.1560045814190012,-0.917075552591462,0.9652425049500479
2025-08-29,84.96149444580078,86.43994277736189,84.07443146268578,86.43994277736189,377594,85.41488647460938,81.99967002868652,80.36595052083334,58.826255872523575,1.3207544392816999,0.9990775072099807,0.3216769320717192,87.58055619995099,81.99967002868652,76.41878385742206,617247.05,0.6117388491366625,2.0478426594792905,-0.9195400048970459,-0.2688503744142423,-0.01382054501782859,-2.343439652058732,-1.4658941046697627
2025-09-01,82.10316467285156,84.66580687032291,81.80747200708389,84.37011420455524,642490,84.9220703125,82.19186859130859,80.45445658365885,48.88035064008084,1.0813393888258247,1.0155298835331494,0.06580950529267526,87.48785753635453,82.19186859130859,76.89587964626266,606251.55,1.0597746100607908,2.1953332967109707,-3.3642649433063165,0.2220177645487098,-0.6659038390721239,-2.343439652058732,-1.4658941046697627
2025-09-02,82.59597778320312,83.28591728534863,81.51177639443648,82.49740855165955,348162,84.38982849121093,82.35942611694335,80.5023136138916,50.43628601420644,0.9207532653476846,0.9965745598960565,-0.07582129454837183,87.47168920646409,82.35942611694335,77.24716302742262,595802.95,0.5843576303205615,2.139174309271128,0.6002364370669921,0.2120392800051274,-0.2282809370366512,-1.310751207660532,-3.945660745212476
2025-09-03,89.49540710449219,90.28390835559149,82.69454339495957,82.79310511137487,2772671,84.98120880126953,82.91630859375,80.63048464457194,66.02668463258686,1.3348268379352106,1.0642250155038875,0.27060182243132314,88.58893673487806,82.91630859375,77.24368045262194,711427.7,3.8973334887016633,2.87900847768676,8.353226762928578,0.38758813655075386,0.3477630507512153,-2.349811490501408,0.808081579037756
2025-09-04,89.6925277709961,92.64942429091904,88.80545731106388,89.88965119774694,3606616,85.76971435546875,83.47811889648438,80.77770309448242,66.35233530340199,1.6597564783110954,1.1833313080653292,0.47642517024576625,89.50545870765309,83.47811889648438,77.45077908531566,868557.55,4.152420297307875,3.0076696113092147,0.22025785778454487,-0.07155659478953469,0.33007400549494026,0.5649726984540582,2.3380017742930193
2025-09-05,90.48104095458984,91.36810393824543,88.01696040048638,90.67816439100729,2102357,86.87362365722656,84.07935485839843,80.9506731669108,67.6866477725094,1.9583177157206109,1.3383285895963857,0.6199891261242252,90.3898256305905,84.07935485839843,77.76888408620637,947275.4,2.219372528833748,3.0534661348358587,0.8791291796424572,-0.09113950204554522,1.3016229374229527,2.184767388800113,1.5665812330930784
2025-09-08,91.86091613769531,92.74798660335716,89.69252835032347,91.17097661983429,2515293,88.8251739501953,84.74958457946778,81.17343660990397,69.93362761999862,2.27999171729239,1.5266612151355865,0.7533305021568033,91.38449596408365,84.74958457946778,78.1146731948519,1054735.75,2.384761301586677,3.05373175059557,1.5250434439608052,-0.7004631226877445,0.215561079559623,-0.4683354497614256,-1.1568135016018388
2025-09-09,91.17097473144531,93.53649341762193,90.97385130750418,92.74798468230418,2513001,90.54017333984375,85.26704139709473,81.3736676534017,67.409589362872,2.4509946352071097,1.7115278991498912,0.7394667360572185,92.21885393232715,85.26704139709473,78.31522886186231,1135915.35,2.2123136200245908,2.988253131865194,-0.7510717672527978,-0.4852509178164821,1.2538968205540568,-0.5319192523505656,-0.8452576117433552
2025-09-10,88.01696014404297,90.77672584473183,87.62270575257969,90.67816412681027,2408778,90.2444839477539,85.60708465576172,81.50714581807455,57.23915976241999,2.3054374142340492,1.830309802166723,0.47512761206732623,92.38779818837287,85.60708465576172,78.82637112315058,1182203.2,2.0375329723350437,3.0629219114652515,-3.4594503313064906,0.06758799645232294,1.3575043934189956,-1.0078113421104873,0.26229535925967884
2025-09-11,88.3126449584961,95.40920141823787,88.01695980586749,90.0867859533758,6981040,89.9685073852539,85.79928321838379,81.65343322753907,57.88073618388839,2.1887114580521683,1.901990133343812,0.2867213247083562,92.66155432265865,85.79928321838379,78.93701211410894,1473871.7,4.736531680471238,3.6401645382526024,0.3359407254797553,-0.3782383940657219,0.09177735950691712,1.8491572198157336,2.0408237602321133
2025-09-12,93.63505554199219,96.59195203279194,89.39683423060188,90.18534296939248,10526135,90.59931030273438,86.29702720642089,81.91049435933431,67.3708591468738,2.496896679008472,2.0209714424767444,0.4759252365317277,93.91466411573876,86.29702720642089,78.67939029710303,1969367.85,5.344930861951463,4.258716876391701,6.026781992541896,0.17595008979807147,1.026858565050115,-1.5503919402964916,-1.6129053469985055
2025-09-15,91.26953887939453,93.73361934330786,90.2839066938292,93.63505762870669,3763044,90.48103485107421,86.68142356872559,82.13916358947753,60.81262198837161,2.521195489533298,2.1210162518880553,0.40017923764524266,94.49547355612535,86.68142356872559,78.86737358132584,2138867.7,1.7593626758681706,4.15084964613663,-2.526315223401343,-0.0168380656651812,-0.4611663437352198,-0.3108116792343796,-0.9180319771442291
2025-09-16,90.9738540649414,93.24080358808257,90.67816140029059,91.1709774948574,3255422,90.44161071777344,87.1003173828125,82.3786668141683,60.026042823856024,2.487914054010531,2.1943958123125507,0.29351824169798046,94.89041492257496,87.1003173828125,79.31021984305005,2282935.8,1.4259805291064254,3.9390886516906773,-0.32396878310501087,-0.29982346654272574,1.0745701295846288,3.013927966210561,0.5956333370165545
2025-09-17,91.86091613769531,94.12787315885595,89.98822101213634,90.67816052999736,3767072,91.21040191650391,87.64241523742676,82.5998540242513,61.62949459794342,2.504249344757838,2.256366518801608,0.2478828259562298,95.1546462897681,87.64241523742676,80.13018418508543,2448038.6,1.5388123373544844,3.965830451027869,0.9750736427201145,-0.48651948491017505,-0.7467550083917751,0.4842571773996607,-0.1315742669778075
2025-09-18,94.62068939208984,96.00057594967984,93.24080283449985,93.33936454866125,7040115,92.47201080322266,88.26829147338867,82.86388498942057,66.17535486932726,2.708662047605486,2.346825624562384,0.36183642304310215,95.92181856092743,88.26829147338867,80.61476438584991,2784594.25,2.528237282684901,3.9890076991554237,3.0042953743872447,0.1304608418786879,1.3016200996530891,4.076310492156465,4.150193685552983
2025-09-19,94.42356872558594,96.7890800137562,92.64942773968124,94.62069215967446,4782292,92.62971343994141,88.87938346862794,83.11832593282064,65.57774401654046,2.822221781025931,2.4419048558550935,0.38031692517083737,96.44459264971002,88.87938346862794,81.31417428754585,3008006.35,1.589854356524214,4.009093642478029,-0.2083272355870025,0.08010681923562579,-0.7411524345470877,-1.4663363098225912,-2.8463121247410017
2025-09-22,93.63505554199219,95.3106272122014,92.8465468032016,94.81781113040144,2855021,93.10281677246094,89.33277397155761,83.35016759236653,63.12210157921604,2.816129673977187,2.5167498194795126,0.29937985449767446,96.8967394615015,89.33277397155761,81.76880848161373,3098517.35,0.9214152052432432,3.803091878014264,-0.8350808958357936,0.35037367829144905,1.1815861562103347,0.8419821964858132,0.0
2025-09-23,94.12787628173828,94.52213067064338,92.35373529155387,94.12787628173828,2537323,93.7336212158203,89.77630844116212,83.63593304951986,64.02872959438352,2.8185773451412217,2.5771153246118548,0.24146202052936694,97.37426683412082,89.77630844116212,82.17835004820341,3202838.3,0.7922107713024413,3.585132344824296,0.5263207640487488,0.005624330335418648,1.417160099788184,-2.097090934086776,-0.9765499964767943
2025-09-24,93.93074798583984,94.91638014720321,92.15660708747514,94.22643312238289,2029614,94.14758758544922,90.14592056274414,83.92471783955892,63.357752936896844,2.7726491625326304,2.61622209219601,0.1564270703366204,97.7996964283927,90.14592056274414,82.49214469709557,3263005.6,0.6220075135635685,3.4750844401448,-0.2094260528181957,0.18631834557791827,-0.19292856211109433,1.0313377164776538,0.13148776075060375
2025-09-25,91.86091613769531,94.02931144484391,91.86091613769531,93.43793364099493,1550481,93.59563293457032,90.4514663696289,84.17585309346516,56.64549435296958,2.5399536109214154,2.600968395941091,-0.06101478501967561,97.84999084817868,90.4514663696289,83.05294189107913,3318726.05,0.4671916201097708,3.3008592224119733,-2.203572198165138,0.2976129160905838,-0.6599329621733818,-2.296816255373546,-2.166772404543049
2025-09-26,91.07241821289062,91.86091947339614,89.59396988969362,91.86091947339614,1349410,92.92540283203125,90.7570125579834,84.4075419108073,54.28606255189521,2.265796821658455,2.533934081084564,-0.2681372594261089,97.69106129077478,90.7570125579834,83.82296382519202,3367316.85,0.40073745955923334,3.1630046039173787,-0.8583606151094436,0.6501132916399088,-1.7043185521454118,0.7836033475213666,0.8724749884053695
2025-09-30,93.14224243164062,93.14224243164062,90.8752853751291,91.86091757017292,916170,92.82684020996093,91.30896644592285,84.70209935506185,59.10181035064518,2.1902947526870946,2.46520621540507,-0.2749114627179754,96.98610578540318,91.30896644592285,85.63182710644251,3381000.85,0.270975974466259,3.0435315975965986,2.272723464871196,0.046643707979932,0.9390763957033643,-0.9043347335633944,0.9234949122875813
2025-10-01,94.52212524414062,95.90201176620083,93.63505479997502,94.02930916624602,2244305,92.9056900024414,91.90527381896973,85.0354170481364,61.977544222969556,2.216256207878331,2.4154162138997224,-0.1991600060213914,96.01914370899557,91.90527381896973,87.7914039289439,3475808.0,0.6456930302249146,3.005696629191746,1.4814790544824374,-0.05285909728485194,0.6288447090782023,-1.946872586561943,0.7843048432874866
2025-10-02,93.63505554199219,96.19769766339665,93.14223946019223,94.91638036258274,1800125,92.84655151367187,92.11225624084473,85.35903282165528,59.10056664257361,2.140576503279817,2.3604482717757413,-0.21987176849592416,96.13106723968093,92.11225624084473,88.09344524200853,3427180.7,0.5252495148563365,3.0123315057267703,-0.9384783719761147,0.01609605957935134,1.5220791911750853,0.8066250602974723,2.5940297543473267
2025-10-03,93.24080657958984,95.90201808749808,93.24080657958984,94.32500051846635,2097132,93.12252960205078,92.28967018127442,85.64815165201823,57.81602600850244,2.025439193522061,2.293446456125005,-0.26800726260294416,96.16959217275429,92.28967018127442,88.40974818979454,3351706.5,0.6256908234655988,2.965515506017632,-0.42104846322811307,0.055177608565615266,1.4506947270404247,1.0874000021444896,2.0859759849808146
2025-10-07,93.5364990234375,94.42356952388958,93.43793730555994,93.83218417707015,1048538,93.61534576416015,92.4424430847168,85.94876963297526,58.54380578517356,1.9357379726396147,2.221904759427927,-0.2861667867883124,96.26267112741026,92.4424430847168,88.62221504202334,3299015.55,0.3178336034214813,2.7278151644552464,0.31712771982002064,0.29750124162626346,1.684868471805201,-4.329692892237635,-4.415419825937206
2025-10-08,91.17097473144531,91.86091423501588,89.49540306861589,91.86091423501588,2350608,93.2210922241211,92.4079460144043,86.18696403503418,50.968104462595164,1.6546967538105122,2.108463158304444,-0.453766404493932,96.26259005264721,92.4079460144043,88.55330197616139,3290781.3,0.7143008865402268,2.9029192698374287,-2.528985280280216,0.0858699164537402,-0.5448692045472381,5.625914474119775,4.4892597680341595
2025-10-09,91.26953887939453,91.95948592115634,90.38246840843037,91.26953887939453,998688,92.57057495117188,92.41287422180176,86.44158566792807,51.25116697652492,1.4235134887088918,1.971473224385334,-0.5479597356764421,96.26110608504358,92.41287422180176,88.56464235855994,3215065.65,0.3106275605911811,2.7261323688892345,0.10810913038885595,-0.03831349420129193,0.8802950564221979,-1.788521675134902,-1.0585321778200152
2025-10-13,90.3824691772461,90.3824691772461,87.22844916451886,87.22844916451886,1055515,91.92005767822266,92.53114967346191,86.67320925394694,48.53544000790089,1.155401227974025,1.808258825103072,-0.6528575971290471,95.92962991165638,92.53114967346191,89.13266943526745,3147402.5,0.3353606664543223,2.901460015020759,-0.9719230676958124,0.2671434399057038,-1.3863493889187506,9.553998188727753,8.321966588922546
2025-10-14,88.11551666259766,91.5652292247369,87.72126229439785,91.17097485653709,905710,90.89499969482422,92.52129325866699,86.84240951538087,42.3582654446635,0.7513352820363082,1.5968741164897193,-0.8455388344534112,95.97202964210246,92.52129325866699,89.07055687523152,2843636.0,0.3185041967396671,3.0271276037298644,-2.5081772331344343,0.0847841788281345,-0.4838520946744862,-1.137496882621214,1.0075575065143116
2025-10-15,93.33936309814453,93.33936309814453,87.42557010304071,88.11551713100215,2573439,90.85557250976562,92.5065086364746,87.06417668660482,56.193877554723464,0.8429142676040868,1.4460821467125928,-0.603167879108506,95.93964170548476,92.5065086364746,89.07337556746445,2446001.2,1.0521004650365666,3.412016322579725,5.9284069746188495,-0.02313105345168598,1.8010593746521364,1.6552274518977672,5.797995351543328
2025-10-16,93.24080657958984,95.014947584862,92.64942875109149,93.63506097184778,2020716,91.26953887939453,92.60507202148438,87.21366424560547,55.92115746924618,0.8971962660120596,1.336304970572486,-0.4391087045604265,96.00167147116044,92.60507202148438,89.20847257180831,2358884.8,0.8566403921039298,3.2724833240718296,-0.10558944831352557,-0.24149632990847492,1.364430807973327,5.182685819537247,-0.2946414383581675
2025-10-17,91.56523132324219,93.93075006687772,91.46666960887754,93.93075006687772,768248,91.32867736816407,92.63464088439942,87.29251492818197,51.35767153041694,0.7958363153579455,1.228211239529578,-0.43237492417163237,95.98137935814098,92.63464088439942,89.28790241065785,2234526.1,0.3438080226496347,3.164696275262277,-1.7970407140540878,0.006860517943563238,-1.2496442248141726,-0.8306634534006374,-2.5413585044733566
2025-10-20,94.9163818359375,95.40919792538728,93.043679192073,93.33936433387682,2438382,92.23545989990234,92.78741416931152,87.44200261433919,58.62924918676943,0.9746821349139481,1.177505418606452,-0.2028232836925039,96.26195391800107,92.78741416931152,89.31287442062197,2168091.6,1.1246674264131644,3.255265652179985,3.659850430416256,0.03266778205262,1.4147553157768167,4.492672121061769,6.124921105043879
2025-10-21,103.98419189453125,103.98419189453125,96.9862051288072,96.9862051288072,17366669,95.40919494628906,93.25558929443359,87.74097760518391,71.18265201262162,1.8270540821472139,1.3074151513146044,0.5196389308326095,99.32479023272897,93.25558929443359,87.18638835613821,2684419.3,6.469432327505618,4.030271573035154,9.553472101651984,-0.08033787001248127,0.23034471151326397,0.34615129079793583,-1.6000096736979552
2025-10-22,100.04166412353516,104.4770088383717,98.56321588525631,103.98419275894541,13775364,96.7496551513672,93.53649406433105,87.96274477640787,62.327343267034266,2.1595420923257507,1.477840539516834,0.6817015528089168,100.31223540624107,93.53649406433105,86.76075272242103,3134072.9,4.395355321824199,4.281407757045852,-3.791468394537223,0.2614607328592866,-0.37294058215946446,-5.718956828543353,-3.4262369860514896
2025-10-23,100.53448486328125,102.01293317009421,97.57758824965534,98.26752778492394,5968530,98.20839080810546,93.8814655303955,88.20093930562338,62.94784347587628,2.4347415656667266,1.6692207447468126,0.765520820919914,101.34587569271089,93.8814655303955,86.41705536808011,3289748.35,1.8142816303867133,4.3019327121649225,0.4926154958173612,0.22101202829689637,-0.42189869317011963,-0.28885331214595356,1.803968759288166
2025-10-27,104.9698257446289,105.46264182793702,99.54884882823963,102.50574532808832,8730001,100.88930969238281,94.42356300354004,88.52455507914225,68.04853611901684,2.9764237126292414,1.9306613383232984,1.045762374305943,103.38748321224328,94.42356300354004,85.4596427948368,3599382.25,2.425416472507192,4.516847417169252,4.411760688264699,0.1894395419437922,1.6757472785653427,3.884837815558817,2.9691133632120836
2025-10-28,99.05603790283203,102.99856677458655,97.47902785808564,102.01293455664792,8200158,101.71724090576171,94.67982749938965,88.78081944783528,56.817470174661,2.8951440430960673,2.1235578792778522,0.7715861638182151,103.87450431609331,94.67982749938965,85.48515068268598,3907909.45,2.0983490290441607,4.9133741464191205,-5.633797903203119,-0.7530777372024122,-0.15904147839432836,-1.6704651917566093,0.8650407458005382
2025-10-29,97.6761474609375,100.04166619512235,97.57758574696662,99.5488501054912,3329295,100.45563201904297,94.97058906555176,89.05515365600586,54.55491277521914,2.6883935654121416,2.23652501650471,0.45186854890743167,104.15771638309974,94.97058906555176,85.78346174800379,3996850.15,0.8329796902693487,4.586801653317335,-1.3930402135083564,-0.18953750952860338,1.2366435536016018,-0.7721963650058505,-1.2006685328784683
2025-10-30,95.8034439086914,98.36609356631486,95.2120661106924,97.67614653550213,3226514,99.60798797607421,95.2071403503418,89.32127431233724,51.55441905816073,2.346383152057115,2.258496643615191,0.0878865084419238,104.2135064689149,95.2071403503418,86.2007742317687,4090705.35,0.7887427042380356,4.395765093624684,-1.9172577962240145,0.3997594261948789,-0.025485081114973163,-1.0700448160121057,-2.3148222527537676
2025-10-31,101.02729797363281,103.98419449969036,99.05603362292779,99.54884971060405,8857747,99.70655059814453,95.60139312744141,89.70074272155762,58.42370135494087,2.468404569542855,2.3004782288007237,0.16792634074213142,104.91235126620677,95.60139312744141,86.29043498867605,4487784.2,1.9737461975110122,4.90042982660792,5.452678788791943,0.21359802296341268,-0.19153205969807408,-1.5142510642518037,0.592424760847754
2025-11-03,98.56321716308594,100.04166542053223,97.77470841787057,100.04166542053223,3784351,98.42522888183593,95.80344772338867,90.02271588643391,54.49826056290153,2.3393105776200684,2.308244698564593,0.03106587905547542,105.19086688783787,95.80344772338867,86.41602855893947,4564786.5,0.8290313249042425,4.680717790495163,-2.439024758625119,0.16628250572858772,0.3585838583650913,0.7587804303599954,-1.1778600857392574
2025-11-04,96.09913635253906,100.04166502341246,96.09913635253906,99.54884893955328,2782933,97.83384857177734,95.92665176391601,90.31840553283692,50.82097750326797,2.014944900171159,2.2495847388859063,-0.23463983871474747,105.25876051871461,95.92665176391601,86.59454300911742,4613926.9,0.6031593175002403,4.582292574545596,-2.50000038703051,0.3940632008074152,-0.7694810409372921,-4.320254349442909,-4.052443833152886
2025-11-05,99.5488510131836,100.53448320143293,93.33936521930201,93.63505788368754,4589730,98.20838928222656,96.2420539855957,90.66994768778483,55.362079775144686,2.013040824954402,2.2022759560996055,-0.18923513114520363,105.61824103939843,96.2420539855957,86.86586693179298,4738556.8,0.9685923781688129,4.930669295556973,3.5897457475468686,0.051456216481238215,-1.4208708043573326,3.7282582793470853,-4.844729035111229
2025-11-06,99.5488510131836,100.53448320143293,98.56321882493425,100.04166710730827,3086674,98.957470703125,96.54267158508301,91.02148984273275,55.362079775144686,1.9886083919503506,2.1595424432697543,-0.17093405131940376,105.9391284484409,96.54267158508301,87.14621472172513,4840463.6,0.6376814815837062,4.536081973015867,0.0,-0.08441462583944626,0.6580375706382924,-2.555915629380845,-4.830280555791755
2025-11-07,95.31063079833984,98.07040396816893,94.81781469799729,97.57758786782638,3640512,97.8141372680664,96.74965438842773,91.30239499409994,48.92509110577522,1.6087123273932349,2.0493764200944504,-0.44066409270121554,105.8247750032411,96.74965438842773,87.67453377361436,4904958.8,0.7422105156112626,4.5620758853052585,-4.2574275561276576,0.2780553192774038,-0.8890464487496197,-1.9876996335467245,-1.440334601831772
2025-11-10,94.22643280029297,95.70488103728431,93.83217843313996,95.2120649582872,1713397,96.94678039550782,96.89749908447266,91.52580490112305,47.40657740214131,1.2062513273701967,1.8807514015495999,-0.6745000741794032,105.68861226985196,96.89749908447266,88.10638589909335,4940694.25,0.3467927609566206,4.203492781150471,-1.137541519729146,-0.038733360616827195,0.7887467877500054,1.4844220307172806,2.1572731993265704
2025-11-11,94.52212524414062,96.98620563361365,94.32499430111683,94.42356353251702,1720619,96.63137817382812,97.10448188781739,91.74757207234701,47.88168692124772,0.90077442740413,1.684756006720506,-0.783981579316376,105.43246118405133,97.10448188781739,88.77650259158344,4973949.45,0.3459261131011293,4.0109967881065,0.31381050418661793,0.0,-0.30341598250608337,-0.22661847605440766,-3.065388739731878
2025-11-12,94.81781005859375,95.5077570771806,94.12787055978345,95.11350271224191,1074316,95.68516998291015,97.4395965576172,91.92005767822266,48.383823210212,0.6747628308355047,1.4827573715435058,-0.8079945407080011,104.71780804120134,97.4395965576172,90.16138507403305,4982379.75,0.21562306646738438,3.6601820853452534,0.31282074296299367,-0.008074886659015235,0.5835555923585645,1.7344624144016718,-0.28110674020414006
2025-11-13,94.81781005859375,96.39482751834854,93.93074713720237,94.81781005859375,1379676,94.73896179199218,97.51351890563964,92.10568491617839,48.383823210212,0.48999861322947424,1.2842056198806995,-0.7942070066512252,104.64493614357868,97.51351890563964,90.38210166770061,4922691.6,0.2802686237748471,3.500701858118708,0.0,0.3223070095614844,-0.1557560988223461,-2.3137799453151864,-4.0169110775657435
2025-11-14,91.7623519897461,94.71924845033799,91.46666685555284,93.73361629680736,1989350,94.02930603027343,97.43959617614746,92.24203058878581,43.37549919324093,0.0959160484935353,1.0465477056032666,-0.9506316571097313,104.78493970689149,97.43959617614746,90.09425264540343,4921123.3,0.4042471360146575,3.4807607041083344,-3.2224516332527653,0.1957261013469047,-1.8136056365454567,-2.514030484764551,-2.7900154378036723
2025-11-17,90.3824691772461,93.0436806127755,90.3824691772461,92.55086451580081,1804107,93.26051330566406,97.38045806884766,92.37180544535319,41.29649215807077,-0.32400727984365574,0.7724367085138822,-1.0964439883575379,104.94083640477112,97.38045806884766,89.8200797329242,4972916.25,0.3627865239033535,3.3714874682978113,-1.503757022982799,-1.8326170463155322,0.18180690528333265,-1.9181537645014624,-4.45618552355006
2025-11-18,88.70689392089844,91.26953601910242,88.70689392089844,89.79108778708743,1797120,92.09746704101562,97.0699836730957,92.499937693278,38.86076185040058,-0.7829787708724041,0.461353612636625,-1.244332383509029,105.51470085205096,97.0699836730957,88.62526649414045,4940853.15,0.36372665720696434,3.2636414189519676,-1.8538719638890866,2.0307929943259806,-2.518248208944085,-0.999563406990478,-1.818182376254629
2025-11-19,87.32701110839844,89.39683721715122,87.22844939270104,89.19971378575643,1317200,90.59930725097657,96.23712463378907,92.58700180053711,36.92902980100746,-1.2437251061983545,0.1203378688696291,-1.3640629750679836,105.08655618953918,96.23712463378907,87.38769307803895,4138379.7,0.3182888220720781,3.1176076063517293,-1.5555530709151721,-0.23030738201144096,-0.6577934530601293,1.229142980057163,-0.9661804788432371
2025-11-20,89.6925277709961,90.97385260420673,88.31264122441004,88.80545731106388,2010424,89.57425079345703,95.71966781616212,92.71184844970703,42.23057098511133,-1.4018330128567982,-0.18409630747565636,-1.2177367053811419,104.83860220438996,95.71966781616212,86.60073342793427,3550132.7,0.5662954514348153,3.1881721249459374,2.708802960931944,0.2565641148130293,3.183733789520926,-2.6452676371647166,-3.902450072983854
2025-11-21,87.03132629394531,89.002590694535,86.9327570580943,88.11552021031426,1189112,88.62804565429687,95.04450988769531,92.75291646321615,38.32739316481924,-1.7220210004268068,-0.4916812460658865,-1.2303397543609202,104.64904972907225,95.04450988769531,85.43997004631838,3311161.8,0.3591222875306184,3.1310519366733853,-2.967026956632768,0.5422820276357987,-3.614843327615369,4.008906850533367,5.837582190073665
2025-11-24,86.83419036865234,88.01695345313037,85.74999651437984,87.91838422292484,1084263,87.91838989257812,94.13772811889649,92.77919985453288,38.046860836049284,-1.9689823066611183,-0.7871414581849329,-1.1818408484761855,103.20619888479968,94.13772811889649,85.0692573529933,2928874.9,0.37019778482174165,3.0158392702836707,-0.22651145706679143,-0.04305999745704003,0.2621560052100236,1.4775130951530047,2.717821949657795
2025-11-25,88.50977325439453,89.29827449082674,87.52414106902165,88.11551887629003,1122434,87.87896575927735,93.61041488647462,92.8120543162028,41.936939490863274,-2.006367233119832,-1.0309866131719128,-0.9753806199479191,102.70117873112906,93.61041488647462,84.51965104182017,2574988.7,0.4358986119045881,2.9422719172024343,1.9296349498147514,0.27920716971145954,1.5391110399419539,1.9413420457724984,3.501937883043227
2025-11-26,89.49540710449219,90.28390835559149,89.10115271905406,89.39683786829994,791050,88.3126449584961,93.20137786865234,92.87447776794434,44.15814764639535,-1.9341667716979885,-1.211622644877128,-0.7225441268208606,102.25799884438996,93.20137786865234,84.14475689291473,2448076.45,0.3231312486176647,2.786520341735038,1.113587589095677,-0.12091894024681693,1.8481197988450715,2.753049013765363,1.353379145409228
2025-11-27,90.18534088134766,90.57959524161485,89.69252481095778,89.88964823120314,1416100,88.41120758056641,92.92047271728515,92.96154187520345,45.723379279309405,-1.8005202197613812,-1.3294021598539785,-0.47111805990740274,101.98577845970753,92.92047271728515,83.85516697486277,2357555.75,0.6006644805748496,2.5595427144533884,0.7709152895968518,-0.44348084794223475,0.5289772806627235,2.753049013765363,1.353379145409228
2025-11-28,91.6637954711914,92.05804985889387,89.9882237231772,90.87528669578649,2349247,89.33770141601562,92.45229759216309,93.12088572184244,49.020962025429135,-1.5573532363504512,-1.374992375153273,-0.1823608611971781,100.68354437340771,92.45229759216309,84.22105081091847,2032130.75,1.1560511054714369,2.4942471706218257,1.6393513351453448,0.2105664976116417,0.261122848805706,1.208707284842303,1.4095067190949218
2025-12-01,89.8896484375,91.36809665206268,89.79108672715113,91.36809665206268,721343,89.94879302978515,92.01861915588378,93.24244689941406,45.452302670393735,-1.4906175769770869,-1.3981174155180358,-0.09250016145905104,99.79565762537906,92.01861915588378,84.2415806863885,1878980.35,0.3839013005112054,2.411375380410953,-1.9354937514550086,0.19863050869839416,-1.027822462568817,0.37818196727970044,0.5852164776918523
2025-12-02,88.01696014404297,90.18534801742544,88.01696014404297,89.8896553438837,952573,89.85023040771485,91.61451034545898,93.21780611673991,41.978458589445545,-1.5707329490033288,-1.4326405222150944,-0.1380924267882344,99.33853480210527,91.61451034545898,83.89048588881269,1787462.35,0.5329191968714754,2.3789770461404887,-2.0833191874803036,0.0608734112671927,0.8109719183892139,2.0820924662036555,2.1818182845035894
2025-12-03,89.49540710449219,89.98822320634561,88.4112056645931,88.70689833361592,468028,89.85023040771485,91.11183815002441,93.21452077229817,45.51865371005123,-1.4976625234153715,-1.44564492245515,-0.052017600960221566,97.91541121401052,91.11183815002441,84.3082650860383,1581377.25,0.29596226959759286,2.3246151816287757,1.679729631686544,0.01911236723253218,0.8299495511413513,11.013989965152726,7.168455537406682
2025-12-04,88.50977325439453,90.38246839078154,88.50977325439453,90.08678324703575,486029,89.51511688232422,90.55988426208496,93.18166631062826,43.608351190811085,-1.5019722974107594,-1.456910397446272,-0.045061899964487395,96.1674989037638,90.55988426208496,84.95226962040613,1451345.0,0.33488178207111335,2.26435917559654,-1.1013233885252438,-0.2780117606670518,0.009613468300440076,-4.129484772249558,1.3377972346409805
2025-12-05,88.50977325439453,88.8054583981403,87.52414106902165,88.8054583981403,304174,88.88431243896484,90.2198413848877,93.12581392923991,43.608351190811085,-1.488232407550612,-1.46317479946714,-0.025057608083471905,95.42482186780626,90.2198413848877,85.01486090196914,1284528.1,0.23679824520771478,2.133286929399488,0.0,0.16062935130458644,0.6662167696174004,-0.09125613474186833,0.3300293500792195
2025-12-08,88.01696014404297,88.5097762534278,85.84856475088344,86.73563525173157,1127096,88.50977478027343,89.9093677520752,93.07324701944987,42.572312462316845,-1.4998203498528966,-1.4705039095442913,-0.02931644030860525,94.84171398866813,89.9093677520752,84.97702151548226,1255213.05,0.897932028351681,2.203676872485471,-0.5567894846314037,-0.2901310503285237,1.1539613810094718,2.995979794230741,0.5263112508548939
2025-12-09,87.32701110839844,88.90402111888737,87.32701110839844,87.91838892235967,945309,88.37178497314453,89.54961204528809,93.06174786885579,41.100106038212736,-1.5468459217382673,-1.4857723119830868,-0.0610736097551805,94.10016407477269,89.54961204528809,84.99906001580348,1216447.55,0.7771062550128034,2.120121290885933,-0.7838819183432433,-0.3494935499670837,-0.42813960011827135,-2.039733068627536,0.45812781067045005
2025-12-10,87.81982421875,88.70689466939932,87.72126250640599,88.21407858790266,1167100,88.03666839599609,89.1997127532959,93.05353418986003,42.62628123785099,-1.5267487180108503,-1.4939675931886396,-0.03278112482221074,93.06998822965151,89.1997127532959,85.32943727694028,1221086.75,0.9557879487268206,2.021422926901259,0.5643306739764986,-0.043961550810267536,0.7739912655269743,-0.23538125872302196,2.9315949049908196
2025-12-11,87.32701110839844,89.10115207005904,87.22844939270104,88.6083359717952,1090021,87.80011596679688,88.82517280578614,92.94840011596679,41.46910573148727,-1.53291692653724,-1.5017574598583596,-0.031159466678880365,91.73753462259653,88.82517280578614,85.91281098897575,1206604.0,0.9033792362697289,2.001593560295492,-0.5611638542158959,-0.23755066327988406,-1.3238408398111412,1.5789523968692043,0.2531593063891169
2025-12-12,87.42557525634766,88.312645761857,87.0313283825898,87.72126793144314,534005,87.5832763671875,88.60833396911622,92.88433405558268,41.809354345543035,-1.5124177627082531,-1.5038895204283385,-0.008528242279914666,91.23131997513904,88.60833396911622,85.98534796309339,1133836.75,0.47097168088792324,1.9055567361583854,0.11286788211137821,0.33175603858714986,0.618273245078016,-1.8045419228200243,-3.219700334624631
2025-12-15,86.24281311035156,86.83419089629581,85.94712045749117,86.24281311035156,564051,87.22844696044922,88.40135116577149,92.80548337300618,38.88796431513394,-1.5734730304692022,-1.5178062224365114,-0.05566680803269075,91.08743850302481,88.40135116577149,85.71526382851816,1071833.95,0.5262484921288414,1.8486098111847993,-1.3528788830133753,0.449008499969894,-1.1741252883312847,0.23653760968123105,-1.1741629086437388
2025-12-16,85.25718688964844,86.53851178144993,84.07443123550632,86.24281910802587,759049,86.81448211669922,88.22886581420899,92.69542121887207,36.593309886311346,-1.6820024911303761,-1.5506454761752846,-0.13135701495509156,91.25398689263456,88.22886581420899,85.20374473578342,1019930.4,0.744216468104098,1.9306725758193064,-1.1428502679312835,0.027453065033000712,-1.1852011859090683,-0.962059861733322,-1.7821763030300253
2025-12-17,89.29827117919922,90.57959598057673,85.45430429484321,85.45430429484321,3024275,87.11017150878907,88.32742881774902,92.60671424865723,49.6987402437404,-1.4254988774833066,-1.525616156436889,0.10011727895358247,91.35727824676206,88.32742881774902,85.29757938873598,1105284.15,2.7361968413280877,2.382904111167171,4.739875237475655,0.4478345884427748,-0.04172704427407581,-2.25439793122596,-2.083332253820569
2025-12-18,88.50977325439453,89.4954054397674,88.01695716170809,89.4954054397674,939006,87.34672393798829,88.26829109191894,92.50815099080404,47.63009974128692,-1.2711896257216182,-1.474730850293835,0.2035412245722168,91.23138868346675,88.26829109191894,85.30519350037113,1051713.25,0.8928346200829932,2.262310000086122,-0.8829934940424167,0.518285581531619,-0.20577756708046735,1.8938651544261997,1.715848679705001
2025-12-19,88.60833740234375,89.39683866042984,88.2140830134122,89.39683866042984,777152,87.5832763671875,88.34714164733887,92.42437235514323,47.92190815315103,-1.1279429052659822,-1.4053732612882643,0.27743035602228217,91.25506010094574,88.34714164733887,85.439223193732,1031115.25,0.753700422915867,2.1183694196769896,0.11135962089285911,-0.37303888670811025,0.8293866411184903,1.6010285782881661,0.3373846940545322
2025-12-22,90.18534088134766,90.48103353149217,88.60833096005534,89.00258532032254,1144250,88.37178192138671,88.51469917297364,92.35866343180338,52.48390676608705,-0.877057671196269,-1.2997101432698654,0.42265247207359646,91.44168417087542,88.51469917297364,85.58771417507185,1034114.6,1.1065021226854355,2.0856138399116353,1.7797461562146344,-0.032362001212404845,1.6366453414191628,2.1010684054482143,0.4034950995185138
2025-12-23,89.39683532714844,90.57959844984217,88.60833409846269,90.57959844984217,634094,89.19971160888672,88.55905227661133,92.2830982208252,50.119804585864564,-0.7334009346253794,-1.1864483015409681,0.4530473669155888,91.51248708585,88.55905227661133,85.60561746737265,1009697.6,0.6280038696734547,2.070367241440681,-0.874316764225147,0.08982802507242482,0.571339720700248,-1.2063159802388257,0.20093677970003387
2025-12-24,89.59396362304688,91.07241184283387,89.39683268187603,89.59396362304688,1462042,89.25885009765625,88.56398010253906,92.2453156789144,50.71747523834523,-0.596766180834365,-1.0685118773996476,0.47174569656528265,91.52431390416295,88.56398010253906,85.60364630091517,1043247.2,1.4014339075149207,2.0177288307096353,0.22050925536349908,-0.13541653938790033,0.21726860803557013,-1.0953435279162371,0.4010741093858128
2025-12-26,89.8896484375,90.38246450902089,89.59396330645336,89.8896484375,626164,89.53482513427734,88.54919548034668,92.22560284932455,51.653238329181676,-0.45932801325443506,-0.9466751045706052,0.48734709131617016,91.47822266173094,88.54919548034668,85.62016829896243,1003750.4,0.6238244089367238,1.8538318136240213,0.3300276073253894,0.2562756491433227,0.6486648427758146,-0.2723339159265148,-0.06657330789580085
2025-12-29,89.49540710449219,90.28390835559149,89.49540710449219,90.1853466391762,583457,89.71223907470703,88.44077606201172,92.16482226053874,50.2823368877696,-0.37786348102287093,-0.8329127798610584,0.45504929883818745,91.02455905022568,88.44077606201172,85.85699307379777,915460.9,0.6373368868075087,1.7117877386207259,-0.4385836855084868,-0.602469435943731,0.8925301842964695,-1.6566536361849682,-0.7328520210256206
2025-12-30,88.60833740234375,89.49540789749548,88.50977568505512,89.49540789749548,524204,89.39683837890625,88.3767105102539,92.06625912984212,47.244002048778036,-0.3804952513145423,-0.7424292741517553,0.361934022837213,90.8712285741293,88.3767105102539,85.8821924463785,905603.95,0.5788446483697427,1.614967001796678,-0.9911901971826564,-0.1982110917127744,-0.360140777928486,0.40725882791343704,-0.8053653940878314
2025-12-31,88.80545806884766,89.59396682213286,88.7068963546312,88.7068963546312,464773,89.2785629272461,88.41613540649413,91.98576583862305,47.9959989219176,-0.3624963258525611,-0.6664426844919165,0.3039463586393554,90.91163723162686,88.41613540649413,85.92063358136141,881213.95,0.5274235615539223,1.5310553241956684,0.22246288812399762,-0.23692492856227654,0.893397362684345,-0.16592947972495775,-1.9621191802681182
2026-01-02,90.9738540649414,91.0724157798994,89.2982748315482,89.692529211157,1418895,89.554541015625,88.4900577545166,91.94798329671224,55.508911633304166,-0.1712861329862534,-0.5674113741907839,0.3961252412045305,91.19866281493618,88.4900577545166,85.78145269409701,928757.3,1.5277349636982664,1.6291756424431454,2.4417373022417976,0.1917140625415037,1.3334355629436079,4.709139732603473,5.521048049108668
2026-01-05,89.49540710449219,91.9594876137593,88.90402176644652,91.86091837756705,1162878,89.47569274902344,88.53933944702149,91.88063176472981,50.185371159429906,-0.13746438746601086,-0.4814219768458293,0.34395758937981846,91.28506670888466,88.53933944702149,85.79361218515832,962599.75,1.2080597361468253,1.819347669759096,-1.6251339196796444,0.1763399560895884,2.5731972423427285,3.5096963615391052,0.8502334178639659
2026-01-06,90.3824691772461,91.4666706064119,90.18534574636696,90.67816184334166,1066148,89.65310516357422,88.63297424316406,91.86749000549317,53.09217729782795,-0.03863653673940348,-0.3928648888245442,0.3542283520851407,91.4995232402492,88.63297424316406,85.76642524607891,1000698.45,1.065403868667929,1.8396031140471778,0.9911816722820266,0.3695945317161664,1.5653914873574148,5.230873686589432,7.392999416476376
2026-01-07,89.49540710449219,90.28390835559149,89.19971443546935,90.0867849227609,872026,89.83051910400391,88.70689659118652,91.83792114257812,49.95307083832474,-0.031529792979668514,-0.3205978696555691,0.28906807667590056,91.58279523424774,88.70689659118652,85.8309979481253,987944.95,0.8826665898742638,1.752023331077787,-0.9814536832516874,0.055600146772261105,-0.46058572988449953,0.2104939631611069,-2.1739145617344136
2026-01-08,87.32701110839844,89.29827550145383,87.22844939270104,89.29827550145383,1401002,89.53482971191406,88.70689659118652,91.78699684143066,43.22514445183094,-0.1985799758422786,-0.29619429089291105,0.09761431505063245,91.58279523424774,88.70689659118652,85.8309979481253,1010729.6,1.3861293861384885,1.8206812485062356,-2.4229131597356623,-0.13653985571981941,-0.2461598922053443,-1.615769930298716,-0.740737303358785
2026-01-09,87.52413940429688,88.11551720031713,85.84856020916673,87.42557017181295,604250,88.84488677978516,88.69211235046387,91.77714055379232,43.964036407348935,-0.31147139492688325,-0.2992497116997055,-0.01222168322717776,91.59016659674126,88.69211235046387,85.79405810418649,982587.1,0.614958205740743,1.88018468085879,0.22573576422275643,0.304299038122946,-0.23579889662018738,2.085729135316061,0.6840863933733621
2026-01-12,89.19971466064453,90.08678515017539,87.91838978468029,88.90402199087525,779201,88.78574829101562,88.78574752807617,91.70814641316731,49.92903709255961,-0.26270543336229935,-0.29194085603222425,0.029235422669924904,91.61836655954076,88.78574752807617,85.95312849661158,967046.1,0.8057537277695448,1.9711794895280863,1.914415003394354,0.15374978232687297,0.918909452108041,-5.485842753833403,-0.6794384474033133
2026-01-13,87.22844696044922,89.10114958558934,86.7356308759269,89.10114958558934,936300,88.15494384765626,88.77589111328125,91.60794041951497,43.99544461576505,-0.37875681353821733,-0.3093040475334229,-0.06945276600479444,91.62973040037367,88.77589111328125,85.92205182618882,987160.85,0.948477646778638,2.0369000622200253,-2.209948437273479,-0.07406428934867426,0.4577823055845309,1.1234039955950736,-0.4975141077010248
2026-01-14,89.19971466064453,89.9882234335113,87.22845024825459,87.22845024825459,1681051,88.09580535888672,88.92373619079589,91.56851514180501,50.349783269572626,-0.3081118183495164,-0.3090656016966416,0.0009537833471252033,91.51976038195276,88.92373619079589,86.32771199963902,1043010.85,1.6117291589056817,2.133283583665632,2.259890860018543,0.1488727455515093,0.7638548470983331,1.9693687706574536,6.562487500861391
2026-01-15,88.80545806884766,89.88965196478223,88.80545806884766,89.39683587392317,694449,88.39149475097656,89.10114974975586,91.46666641235352,49.14868930591408,-0.2807025978937361,-0.3033930009360605,0.022690403042324392,91.04525106417346,89.10114974975586,87.15704843533827,1039780.85,0.6678801595547754,1.9934049586348244,-0.4419931087187967,-0.335893987830016,-0.4240196321329548,-0.4952179641632526,4.8094037780081145
2026-01-16,89.59396362304688,90.9738501321367,88.01695369256272,89.10114754978454,1425272,88.80545959472656,89.11593437194824,91.22682927449544,51.63372426791963,-0.19312851944788179,-0.28134010463842474,0.08821158519054295,91.07081512362788,89.11593437194824,87.1610536202686,959830.7,1.4849202051986876,2.121870489426712,0.8879021305063572,0.16978112646923726,1.9412784151040752,0.0829513151466621,2.3502966657756863
2026-01-19,93.43793487548828,94.62069049881269,89.49540610470441,89.59396782001865,3808607,89.65310363769531,89.36234245300292,91.11676712036133,61.50900675232657,0.18432612647453084,-0.18820685841583362,0.37253298489036446,92.08651581026977,89.36234245300292,86.63816909573607,1103310.75,3.4519803237664455,2.5223256767175872,4.290435534936643,0.13876592712758207,0.7341591644532297,0.0829513151466621,2.3502966657756863
2026-01-20,95.31063079833984,95.70488518256927,90.57960074691745,91.959487331832,4017522,91.26954040527343,89.69745712280273,91.02970288594564,65.23328681552992,0.6273409668238372,-0.025097293367899454,0.6524382601917367,93.47600867114849,89.69745712280273,85.91890557445697,1265329.25,3.175080320003667,2.869386844575485,2.004213733262672,-0.1866616541035815,0.3814914160573224,-0.4475392832239078,-2.3510129164593607
2026-01-21,96.78907775878906,99.54885089039388,94.32499729120507,94.62068995522587,7616369,92.78741302490235,90.0276439666748,90.89335708618164,67.87592110066072,1.0852219700185373,0.1969665593093879,0.8882554107091494,94.96281274664419,90.0276439666748,85.09247518670541,1588935.2,4.793379239128191,3.183315745190596,1.5511878875057894,0.4225198331249791,-1.617195376823788,5.1115544865596,6.662923035130386
2026-01-22,98.56321716308594,101.52011367797851,98.16896279047825,101.02729759216308,6255334,94.73896484375,90.48596305847168,90.88514340718588,70.74920043200734,1.573120235884005,0.47219729462431137,1.1009229412596937,96.70896697290857,90.48596305847168,84.2629591440348,1869997.2,3.3451034044329053,3.38967843505711,1.8329954633086398,-0.13351674979606987,1.5992608141158327,-0.09504415060325178,0.15749478364932568
2026-01-23,95.50775909423828,99.5488495007077,95.40919738086619,99.5488495007077,2950786,95.92172393798828,90.78165283203126,90.84900360107422,60.68256453071105,1.69370917104564,0.716499669908577,0.977209501137063,97.37705103243543,90.78165283203126,84.18625463162708,1944434.4,1.517554924969441,3.489674926361697,-3.099998312546959,-0.1769903822365304,0.6786024824792181,-1.7282387154939904,-3.301886601837545
2026-01-26,94.52212524414062,95.40919568830623,93.83217822322223,94.91637961041162,1430882,96.13856201171875,91.01327667236328,90.82764828999838,57.824332896744245,1.6902600903690939,0.9112517540006805,0.7790083363684134,97.7993931140665,91.01327667236328,84.22716023066005,1984670.3,0.720967104712556,3.2477957189822777,-1.0319934835086308,-0.6750241196508577,0.32229317820207104,-1.3714076805403375,-2.276422628324193
2026-01-27,93.63505554199219,95.4091964443827,93.63505554199219,94.91638036258274,1000340,95.80344696044922,91.22025909423829,90.70444424947102,55.29978420766812,1.5975322008885229,1.0485078433782489,0.549024357510274,98.0637269696505,91.22025909423829,84.37679121882607,2005514.45,0.4987947107536423,3.051308410103376,-0.9384783719761147,0.22218190498228818,0.7902828245345717,2.4537869684127633,2.4958340046357996
2026-01-28,94.81781005859375,96.9862053058683,92.94511498474391,93.83217790613529,2551841,95.40919342041016,91.53073272705078,90.64202079772949,57.936710013208824,1.601027437509984,1.159011762204596,0.4420156753053881,98.43838462684782,91.53073272705078,84.62308082725373,2106896.3,1.2111849073919776,3.1832793315728436,1.2631535376952163,-1.050238363220013,1.5035014375913036,3.672360207305614,4.274894755068237
2026-01-29,94.12787628173828,99.05603734360939,94.12787628173828,97.57758902504806,4841268,94.52212524414062,91.7968536376953,90.60916646321614,55.86639508223924,1.5304830915524548,1.2333060280741677,0.2971770634782871,98.67245483324288,91.7968536376953,84.92125244214773,2325721.05,2.081620235582423,3.415930228945946,-0.7276415437449057,0.5120485824171128,-0.8156086050381428,-4.204527228407717,4.6704806771550755
2026-01-30,91.17097473144531,95.01494165651022,90.97385130750418,94.12787120922192,1296278,93.65476837158204,91.80670967102051,90.46953519185384,47.956914581363755,1.2218937157327048,1.231023565605875,-0.009129849873170226,98.67790721211763,91.80670967102051,84.9355121299234,2319590.2,0.5588392294466497,3.4992849116206255,-3.1413664762206417,0.29453572698179276,-1.4522855203057627,-3.7138285288693784,-0.09916944040702091
2026-02-02,87.52413940429688,89.49540373754881,86.93275408849996,89.39683450506489,1301631,92.25517120361329,91.70814628601075,90.26912333170573,40.366251655736974,0.6752810593978751,1.119875064364275,-0.4445940049663999,98.7727717731573,91.70814628601075,84.64352079886419,2326527.85,0.559473637936464,3.5978096757972557,-3.999995983250826,0.7056381660207167,-1.3713951210479136,2.738352657141463,2.580649296333526
2026-02-03,87.1298828125,89.69252487644307,86.04568896080598,89.69252487644307,890998,90.95413665771484,91.54551696777344,90.13277753194173,39.63584604823776,0.20787710127827097,0.9374754717470742,-0.7295983704688033,98.8831136456333,91.54551696777344,84.20792028991357,2317770.35,0.3844203115291383,3.6043465077759014,-0.4504546911060725,-0.018679128920895405,1.8066327752278566,-3.4129668710926153,0.33865504661296786
2026-02-04,88.50977325439453,88.50977325439453,86.73563231281264,86.83419402739456,561606,89.692529296875,91.49623527526856,90.03749987284343,43.48993562136951,-0.05061482041674026,0.7398574133143114,-0.7904722337310517,98.90470495914623,91.49623527526856,84.08776559139089,2302249.35,0.2439379557214339,3.360319098950033,1.5837166278118486,-0.012352394174863779,0.2933689007004636,4.425376164580275,-4.243004583063192
2026-02-05,91.7623519897461,95.0149411043078,86.9327529334907,87.91838508702133,3683458,89.21942443847657,91.71800231933594,89.99150365193685,51.37132864254813,0.006904796122810808,0.5932668898760113,-0.5863620937532005,98.86179660876333,91.71800231933594,84.57420802990855,2416372.15,1.5243752912811879,3.989901641865641,3.6748243902998246,0.26573312511892766,-1.5129881759937458,1.6757929065687405,-1.0574017393819468
2026-02-06,88.60833740234375,92.15661186317364,87.03132736639458,91.7623574742421,1445005,88.70689697265625,91.77221221923828,89.88801244099935,44.84050126806283,-0.19971096764750484,0.43467131837130807,-0.6343822860188129,98.79747925693115,91.77221221923828,84.74694518154541,2458409.9,0.5877803372008875,4.141286022520763,-3.4371553464047966,-0.026220914336294587,-0.057700870579924235,3.3280483754406953,1.526720253008107
2026-02-09,89.29827117919922,92.15660591473453,89.29827117919922,91.17097376591383,978700,89.06172332763671,91.77714004516602,89.79602012634277,46.444413425810666,-0.30427605429791527,0.2868818438374634,-0.5911578981353787,98.79494365160343,91.77714004516602,84.75933643872861,2468384.85,0.3964940880268326,4.062217021170098,0.7786330238007899,-0.2331814588317105,1.9560796184812101,-0.153371900002508,-2.3558963981442638
2026-02-10,88.90402221679688,90.57960148345245,88.70689878296774,89.69253099166738,801100,89.41655120849609,91.8609188079834,89.74838129679362,45.627945704181066,-0.414182793782075,0.14666891631355572,-0.5608517100956307,98.68748094010658,91.8609188079834,85.03435667586021,2461624.85,0.32543545374105237,3.770281778412046,-0.44149674702120834,-0.043710449322398315,2.0625133919167205,3.5023023544358933,-0.6160135824988533
2026-02-11,88.3126449584961,89.29827717347881,87.72126713346186,88.90402278353031,1160146,89.3771255493164,91.81656532287597,89.71388422648111,44.36799350140697,-0.5427474245952908,0.008785648131786422,-0.5515330727270772,98.72694135418722,91.81656532287597,84.90618929156473,2435579.6,0.4763326150375048,3.4778455466260327,-0.6651861676839288,-0.2613923188501621,1.6108084869157713,5.63966044324089,4.287198372869261
2026-02-23,93.5364990234375,93.83218417707015,89.1997157588317,89.29827747670926,2214698,89.7319549560547,92.05311737060546,89.79437764485677,55.941478920043785,-0.22057184042689926,-0.037085849579950717,-0.18348599084694855,98.85250477119169,92.05311737060546,85.25372997001924,2511592.05,0.8817904961914497,3.7500713695524355,5.91518243779976,-0.21533548382927092,0.49857829689010646,0.5209095748403669,-1.7793594306049876
2026-02-24,93.93074798583984,95.01494185938424,92.94511582447647,93.43793190515817,1307103,90.7964370727539,92.26995658874512,89.90443992614746,56.674053277093854,0.06580862668218401,-0.01650695432752377,0.08231558100970779,99.0155298350828,92.26995658874512,85.52438334240743,2505683.6,0.521655248092776,3.5260386582664793,0.4214921089825685,-0.24182185904723097,2.7464288213389976,0.8060998254695084,1.5010366219891491
2026-02-25,94.12787628173828,94.62069238792539,92.94512063480002,94.62069238792539,833011,91.76235809326172,92.30445365905761,89.97836240132649,57.05852275701647,0.3051561658087252,0.04782566969972602,0.25733049610899916,99.08215694732823,92.30445365905761,85.526750370787,2356903.8,0.353434450739992,3.2793097375809976,0.20986556598927564,-0.18355200278042938,2.052545137509143,-0.49978363590170716,2.5497208992717013
2026-02-26,96.9862060546875,98.26752335091048,94.7192490786195,96.00057389461908,4416323,93.37879486083985,92.388232421875,90.14427706400554,62.28465021677192,0.7172165140683973,0.18170383857346029,0.535512675494937,99.36101138510007,92.388232421875,85.41545345864994,2376843.85,1.8580619000276353,3.394021381793158,3.0366453444607977,-0.3441994373834856,0.004004083061670549,-2.181395861666635,-3.281943711844426
2026-03-02,97.38046264648438,98.56321825766565,93.33936468209866,94.62068952735902,3725929,95.1923583984375,92.41780166625976,90.32004826863607,62.95436725428549,1.0633330789842006,0.35802968665560836,0.7053033923285923,99.47368024356965,92.41780166625976,85.36192308894988,2182321.85,1.7073233263003804,3.637999007629669,0.4065079023449547,0.4102837192432096,-0.901886354995296,0.0,2.2970099166270908
2026-03-03,97.6761474609375,101.02729837438463,96.6905152816752,99.05603401586005,4388510,96.0202880859375,92.37344818115234,90.47282117207845,63.47816133032675,1.3459766625756515,0.5556190818396171,0.7903575807360345,99.27616284316021,92.37344818115234,85.47073351914447,2088980.65,2.100790162895956,3.731170218973636,0.30363874479271136,0.5099596730266498,-2.1981462640061733,-4.602895658050743,-6.266309549704685
2026-03-04,93.24080657958984,97.47902813675273,92.25517435883356,96.19770324185872,2462040,95.8822998046875,92.26010055541992,90.53524449666341,51.67525723114942,1.1982659336856614,0.6841484522088259,0.5141174814768354,99.0190623739474,92.26010055541992,85.50113873689244,2064543.35,1.1925349012409936,3.956477270057677,-4.54086386148822,0.6310429867452783,-4.35492612031565,-1.4033418721923652,-0.9470904044745598
2026-03-05,96.39482879638672,98.4646548400367,94.81781131572325,95.60632005605498,2184561,96.33569030761718,92.35373573303222,90.63873596191407,57.698650146794755,1.320485614286298,0.8114158846243203,0.5090697296619776,99.29409525822628,92.35373573303222,85.41337620783817,2102227.3,1.0391649846807718,4.125460068776235,3.3826629482281545,-0.32772450369655814,2.5710975461891383,-2.686710919514701,-3.655796123378008
2026-03-06,99.5488510131836,100.53448320143293,95.31062959580069,95.40919883044708,4905390,96.84821929931641,92.6494255065918,90.7701535542806,62.70485509459336,1.6527964170735885,0.979691991114174,0.6731044259594144,100.28838463530343,92.6494255065918,85.01046637788016,2297479.8,2.135117792983425,4.271912540357036,3.2719827984331706,0.8722728245506239,-0.21798613570590541,-6.540673199735547,-2.5685851564775986
2026-03-09,95.1135025024414,95.50775686651046,92.25516776266143,95.1135025024414,3746590,96.39482727050782,92.66421012878418,90.85721778869629,53.17456667283065,1.5405016216246707,1.0918539172162736,0.4486477044083972,100.3219612193377,92.66421012878418,85.00645903823066,2357217.25,1.5894122614281734,4.674815301712386,-4.4554492247778965,-0.3247034292450657,-4.431963003584727,4.149816519564586,0.5991660943988952
2026-03-10,97.6761474609375,100.04166619512235,96.19769919204406,96.78907699564608,2927457,96.39482727050782,92.84162368774415,91.01820424397786,57.22022111584128,1.6393933128011327,1.2013617963332455,0.4380315164678872,100.80063918728563,92.84162368774415,84.88260818820267,2261526.7,1.2944605075854287,4.70859508717486,2.694301956160561,-0.0009416103239789919,2.0599268819414984,0.6078011364745173,3.097074731129279
2026-03-11,99.5488510131836,101.52011538968227,99.05603491905892,99.05603491905892,4189504,97.65643615722657,93.26051750183106,91.18576164245606,59.943812007977975,1.8475794703088724,1.330605331128371,0.5169741391805014,101.71571891048829,93.26051750183106,84.80531609317383,2406188.0,1.7411374339827146,4.593311466050849,1.9172577962240256,-0.0883622645329818,4.095952619427945,-0.5873443081471308,1.0976393460220946
2026-03-12,99.5488510131836,101.52011538968227,99.05603491905892,100.04166710730827,3243007,98.28724060058593,93.86175308227538,91.3697462717692,59.943812007977975,1.989633246472394,1.4624109141971757,0.5272223322752183,102.30957393860268,93.86175308227538,85.41393222594809,2503256.8,1.2955151065603818,4.3094139999938506,0.0,0.11834075149077528,-1.560441591332784,-2.616480431872148,-1.4367945546694738
2026-03-13,109.4051742553711,109.4051742553711,98.56322004988387,99.54885225038271,9180218,100.25850524902344,94.97551765441895,91.71800295511882,71.15383849612874,2.8645144608322965,1.7428316235242,1.1216828373080965,105.34203664372961,94.97551765441895,84.60899866510829,2917717.8,3.1463693987129258,5.180419360726301,9.900991464866028,0.26499563387061276,-0.5405866913823942,1.4907273891897832,0.46647924948493014
2026-03-16,110.88362121582031,114.82614997016059,106.44827636718749,113.34770168728298,16082098,103.41252899169922,96.09421005249024,92.09911397298177,72.4015033519774,3.6352574551292207,2.1213167898452046,1.5139406652840162,108.2050130197721,96.09421005249024,83.98340708520838,3693742.4,4.353876437079099,5.606746593025874,1.3513501262730543,0.8380462709563163,-0.1730779621546441,2.271565923800778,0.8705735785674129
2026-03-17,110.88362121582031,114.33333387586805,109.89798902723524,113.34770168728298,6333010,106.05402374267578,97.05027351379394,92.49172414143881,72.40150335197738,4.197688491058386,2.536591130087841,1.6610973609705453,110.64880591816144,97.05027351379394,83.45174110942644,3826220.0,1.6551609682663306,5.4505596937734655,0.0,-0.6781109201310698,1.481767774178122,1.8370047670336787,1.7261310397797214
2026-03-18,112.36206817626953,113.84051644174676,109.40517164531506,111.86925208777711,4317896,108.61666717529297,98.23796005249024,92.9007615407308,73.71978495880896,4.708441470570833,2.9709611981844395,1.7374802723863931,112.84396589051535,98.23796005249024,83.63195421446513,3969864.55,1.0876683437473957,5.315197707461229,1.3333321407059895,-0.18782115046350745,1.5131788114791656,-0.8527393599003008,-1.074662926622294
2026-03-19,110.88362121582031,113.34770168728298,109.89798902723524,110.39080512152778,2704945,110.88362121582031,99.31722755432129,93.29337170918782,70.11311254891875,4.937007819833099,3.3641705225141716,1.572837297318927,114.3262881396958,99.31722755432129,84.30816696894678,4056176.8,0.6668705861144909,5.066466367806096,-1.3157883122352998,0.45852337777712027,-1.9182699065508957,-1.9351607453890862,1.372211038921911
2026-03-20,105.95545959472656,112.85488487066225,105.4626435035883,111.37643659724746,5402442,110.19367828369141,100.16979942321777,93.60220311482747,59.63900756374879,4.666692120052957,3.624674842021929,1.0420172780310284,114.6148694381799,100.16979942321777,85.72472940825564,4286243.9,1.2604140422340409,5.37656970104181,-4.444445056048208,-0.7152438188559485,-0.432775801380203,-0.050603126211601346,-6.091374125034299
2026-03-23,102.50574493408203,104.9698253411513,101.52011277125432,102.50574493408203,2606130,108.51810302734376,100.87945442199707,93.87325197855631,53.60250140909047,4.126533725700256,3.7250466187575944,0.4014871069426613,114.22449136134853,100.87945442199707,87.53441748264561,4358543.1,0.5979360396826179,5.251073317365869,-3.2558158624760747,0.6905285819817086,-2.448670019784016,1.0631135436369288,4.864870775862817
2026-03-24,103.98419189453125,105.46264012051984,102.01292759321312,104.96982404519031,2154035,107.13821716308594,101.40183906555175,94.1853687286377,55.67325461679516,3.7742454679873845,3.734886388603553,0.03935907938383165,114.3486146308527,101.40183906555175,88.45506350025082,4355509.95,0.4945540303495346,5.010891878691315,1.442306439897556,-0.49873146018064585,-0.3369539785315956,4.090834509781138,4.581903274589827
2026-03-25,102.99856567382812,107.43391060715086,102.99856567382812,106.44827839974582,1965331,105.26551666259766,101.85522994995117,94.41370697021485,53.94473611828708,3.376599351398582,3.663228981162559,-0.286629629763977,114.32676643880532,101.85522994995117,89.38369346109701,4388421.35,0.44784464463513746,4.934152285975506,-0.947861595830668,0.20024107948439784,2.535456425815963,1.2191182542075296,0.16429333660528123
2026-03-26,102.01293182373047,105.46264449409816,102.01293182373047,104.47701230256453,1624813,103.49137878417969,102.24948272705078,94.63875961303711,52.199392606901,2.947947421853698,3.520172669300787,-0.572225247447089,114.17923744715016,102.24948272705078,90.3197280069514,4428011.45,0.3669396564003916,4.736227003894463,-0.9569393939124593,0.03163401045052083,-0.3035017473458024,-3.534072260161636,-4.483332711594235
2026-03-27,101.02729797363281,102.01293014898533,99.05603362292779,100.53448188595655,1129126,102.50574645996093,102.45153732299805,94.84574228922526,50.44184346783329,2.49988811098477,3.3161157576375837,-0.8162276466528136,114.14040390651977,102.45153732299805,90.76267073947633,4263651.6,0.26482604723143893,4.498983163482226,-0.966185200716263,-0.018472719949447214,-0.6750069219611743,-4.139971253463671,-2.575841384471822
2026-03-30,97.87327575683594,99.05603133199389,96.49338923930061,99.05603133199389,1901326,101.57925262451172,102.47617797851562,94.97387453715007,45.197509368391295,1.8687528260753368,3.0266431713251345,-1.1578903452497977,114.12203241952272,102.47617797851562,90.83032353750852,4172421.45,0.4556888662337789,4.503639906262222,-3.121950482749769,0.14719379020335932,-1.7951772733723503,-4.6101091637595015,-2.7027033113866894
2026-03-31,95.21206665039062,99.0560336388382,94.62068884903947,97.8732780361359,1387452,99.8248275756836,102.35297393798828,95.0707950592041,41.29621610919781,1.1406871006198855,2.649451957184085,-1.5087648565641993,114.26180818732215,102.35297393798828,90.44413968865442,4022368.55,0.3449340811895519,4.4945338907337575,-2.719035493465072,0.1938961860005195,-2.4453103067768933,11.246852926149021,8.695653683493454
2026-04-01,97.87327575683594,99.05603133199389,97.47902139185776,98.26752260203754,1018425,98.79976959228516,102.58459739685058,95.20878359476725,46.2889920811041,0.7695561378784248,2.273472793322953,-1.5039166554445282,113.91327266561098,102.58459739685058,91.25592212809019,3950187.8,0.25781685620111533,4.407791329516359,2.7950334448857417,-0.31555578204207624,4.5765864674125245,0.4522005850681188,2.2777822083515087
2026-04-02,99.05603790283203,100.53448622973997,97.8732822492165,98.46466007602427,1465502,98.20839080810546,102.71765785217285,95.36155675252279,48.389931448117245,0.5643655418170823,1.931651343021779,-1.3672858012046967,113.80005822838805,102.71765785217285,91.63525747595764,3914234.85,0.3744031863596534,4.174913881968048,1.2084628177099654,0.20069684313648306,-1.8158067453737603,-0.016080604674895138,0.9234065978910966
2026-04-07,102.50574493408203,102.99856101549588,99.05603236418504,100.5344806084266,1642068,98.50408020019532,102.86550254821778,95.57839571634928,54.03705795583421,0.6723624671471811,1.6797935678468594,-1.0074311006996783,113.84835521367623,102.86550254821778,91.88264988275932,3751068.75,0.43776003838905914,4.143929184547087,3.482581278522323,-0.15330159053532633,2.0182425176967334,0.47251414258868696,1.1727099367268456
2026-04-08,106.94109344482422,109.89799003776866,104.47701295070384,105.462645148352,3977457,100.31764373779296,103.45688209533691,95.88394165039062,60.08441728538445,1.1031301677111855,1.5644608878197248,-0.46133072010853926,113.94478832619775,103.45688209533691,92.96897586447606,3762612.1,1.0570999333149436,4.577037973765694,4.326926762587213,-0.06266985661774749,4.6089884909003676,7.195479341611599,7.955746978509759
2026-04-09,106.44827270507812,107.92672093709311,105.46264055040147,107.92672093709311,2063308,102.56488494873047,103.89548835754394,96.17798856099446,59.153134390694866,1.3887416100797623,1.5293170322717324,-0.14057542219197017,114.09523920136955,103.89548835754394,93.69573751371833,3719404.65,0.5547414691757188,4.295310295489152,-0.46083383278698875,-0.5443006460909006,0.28704629430582607,0.1608666492686428,4.099555776384878
2026-04-10,105.95545959472656,108.41954005041788,105.4626435035883,107.92672395927961,1729653,104.18132171630859,104.2158187866211,96.42768198649088,58.181984506246934,1.557372416692857,1.5349281091559575,0.022444307536899633,114.24172051197179,104.2158187866211,94.1899170612704,3596412.1,0.4809384886676363,4.11685512900121,-0.46296017570611747,0.01702281183058041,1.596814237549693,0.233616100306544,5.344578848473436
2026-04-13,109.4051742553711,110.39080645586994,105.46264545337574,106.44827765387458,2752501,106.2511489868164,104.70863494873046,96.75951143900554,62.78754440730594,1.9469336493135927,1.6173292171874845,0.32960443212610824,114.7375963502796,104.70863494873046,94.67967354718132,3571886.8,0.7706014087568509,4.225029245466941,3.2558158624760747,0.1298647737427494,0.11141546387523071,3.4522870568241437,1.6466495111356005
2026-04-14,109.4051742553711,112.36207085686762,107.92672595462284,112.36207085686762,2414704,107.63103485107422,104.70863494873046,97.07655652364095,62.78754440730594,2.229958163198063,1.7398550063896003,0.4901031568084626,114.7375963502796,104.70863494873046,94.67967354718132,3233611.1,0.7467515187587029,4.25307133303732,0.0,-0.39601185393721705,2.3657534273739955,1.450304783690748,1.269697952491211
2026-04-15,107.43390655517578,109.89798698075322,105.95545829982933,109.89798698075322,2053341,107.72959747314454,104.53614921569825,97.37553151448567,58.516545189966955,2.269036263084004,1.8456912577284812,0.423345005355523,114.23104142094058,104.53614921569825,94.8412570104559,2532173.25,0.8109006759312382,4.211665646088862,-1.801804817379138,-0.3925227774549067,1.1737329455939083,0.527407685388992,2.723740534949015
2026-04-16,114.33333587646484,116.30460028812803,103.98419771523311,106.9410943327279,5735545,109.30661010742188,104.70863494873046,97.82563692728678,66.98213510956808,2.824176871096512,2.041388380402087,0.7827884906944247,114.98437418196791,104.70863494873046,94.43289571549302,2502300.0,2.2921092594812773,5.292830569663003,6.422022192542776,0.22210138777056798,1.1161628904905463,10.35482530498355,10.47979336609397
2026-04-17,125.66810607910156,125.66810607910156,112.85488742005592,113.34770352232691,10599431,113.24913940429687,105.37393684387207,98.4613697052002,75.74087567099096,4.131129934893892,2.459336691300448,1.6717932435934437,118.93415914769325,105.37393684387207,91.8137145400509,2816376.75,3.763498970796432,6.295548981580689,9.913792959634925,-0.09180779659778704,-0.8824720325923185,3.8533739763482178,-1.2571413885599458
2026-04-20,124.18965148925781,129.11781226264105,122.21838717990451,127.14654795328777,13213301,116.20603485107422,106.03923835754395,99.04453531901042,73.01996520267707,4.990078209221764,2.9654849948847115,2.0245932143370524,121.85562034497909,106.03923835754395,90.22285637010881,3341794.55,3.9539537222597962,6.376065795068136,-1.1764755879372757,-0.28518965390006423,0.41968131518117513,3.071913452283015,1.5817931815304886
2026-04-21,126.16091918945312,136.01724100112915,124.68247091770172,127.14655137062073,8874192,119.55718383789062,107.04951133728028,99.69340985616049,74.34340806471134,5.763428517508785,3.5250736994095266,2.2383548180992587,125.2455907404323,107.04951133728028,88.85343193412825,3515382.05,2.52438906320296,7.102935623975229,1.5873043176756418,-0.15571306004650287,1.748727177527587,1.5778472908336783,2.2028029572868535
2026-04-22,126.16091918945312,128.13218355178833,123.20402264595032,126.16091918945312,3984847,123.30258636474609,108.23227005004883,100.30942993164062,74.34340806471134,6.303649659129576,4.080788891353537,2.222860767776039,128.17605386107905,108.23227005004883,88.2884862390186,3584317.9,1.111744859461266,6.812965661556934,0.0,0.20051473340130244,0.7269208348100964,2.3932736325116277,0.11148259313937814
2026-04-23,115.31896209716797,128.62499618530273,113.840513865153,127.14654795328777,7537041,123.49971160888671,108.79900856018067,100.75132166544596,56.625694477870944,5.790177911907961,4.422666695464422,1.367511216443539,128.8782469642126,108.79900856018067,88.71977015614873,3853468.2,1.9559110413834477,7.875834549369308,-8.593752456736636,-0.04828048118112882,-0.4338092798431781,9.877515593363118,1.4476598221025094
2026-04-24,114.33333587646484,120.24712911145441,113.34770367063325,118.27586469979121,3888026,121.23275756835938,109.3657470703125,101.16364453633626,55.33461972631233,5.243274845488386,4.5867883254692146,0.6564865200191718,129.39543509424794,109.3657470703125,89.33605904637704,3949602.95,0.9844093315759752,7.745646668229556,-0.8546957089959228,0.2008465924816294,3.230220091059155,0.6340793151178747,3.1467263547939606
2026-04-27,117.29022979736328,120.24712634687664,110.39080451516544,120.24712634687664,3981645,119.85287322998047,110.12961196899414,101.56118278503418,58.3990469118681,4.990914694883898,4.667613599352151,0.3233010955317468,130.14386296471727,110.12961196899414,90.11536097327101,4067444.55,0.97890578496024,8.027070023360443,2.586204538012704,-0.28544291350430795,1.757483474460031,-0.36585427313929886,-1.4898883436983423
2026-04-28,116.79741668701172,118.27586499950554,114.33333616618869,117.29023279117632,2056771,117.98017272949218,110.91811790466309,101.9192958831787,57.68865198181432,4.697007380679878,4.673492355617697,0.023515025062181394,130.6632376019977,110.91811790466309,91.17299820732848,4113826.8,0.49996538502787724,7.482464531354632,-0.42016552546871866,0.04993443489185179,-0.23954193004298574,-4.834759097823326,-3.709043466510209
2026-04-29,117.29022979736328,118.2758619805344,113.84051715626435,114.82614933943547,1957800,116.20603485107422,111.88896560668945,102.26098175048828,58.23577278360103,4.452523694528935,4.6292986233999445,-0.17677492887100943,130.8263489609002,111.88896560668945,92.95158225247872,4116650.5,0.47558081503397,7.076181903743354,0.42193836501724924,0.18216274879112593,-0.5521784247846995,5.959268356625191,3.9641039284819435
2026-04-30,116.79741668701172,119.26149720783475,115.31896837451791,117.29023279117632,1682579,116.50172576904296,112.96823310852051,102.56488507588705,57.435948027158894,4.170922909459222,4.5376234806118,-0.36670057115257837,130.29569160861737,112.96823310852051,95.64077460842364,4131406.85,0.40726538467156775,6.658361494353152,-0.42016552546871866,0.3601646494638011,-0.9588741301665205,1.9724832451983643,4.208635151839379
2026-05-04,117.78304290771484,118.7686750659384,116.79741074949129,118.7686750659384,1974198,117.19166717529296,113.96372146606446,102.93613980611165,58.6588789532229,3.9813890822446467,4.42637660093837,-0.4449875186937229,129.86902412635183,113.96372146606446,98.05841880577708,4179195.5,0.4723870898119028,6.03341520396568,0.8438767300344985,-0.047513033458257414,4.5688819420590665,-0.9608831170523691,3.3468585597033362
2026-05-05,122.7112045288086,123.20402061125361,118.27585978680347,118.27585978680347,4119764,118.27586212158204,115.14647979736328,103.40595779418945,64.19780971650968,4.180651665086899,4.377231613768076,-0.196579948681177,129.85737576423998,115.14647979736328,100.43558383048658,4311908.6,0.9554386194549672,5.951756870575425,4.1841011230751235,0.13943942787038033,0.1575929637265494,0.6174022420281089,4.972193219165422
2026-05-06,120.24712371826172,125.1752845263872,118.76867547582407,125.1752845263872,3275376,118.96580352783204,116.03354873657227,103.84949226379395,59.877990314856945,4.092561468294761,4.320297584673413,-0.22773611637865177,129.63262184871851,116.03354873657227,102.43447562442604,4393574.0,0.7454923941192296,6.01240382790712,-2.0080324531150606,-0.16773054363118378,0.9064727604973788,3.019381055232895,4.5808788502675
2026-05-07,126.16091918945312,126.65373528003693,120.73994219303131,122.71120655536652,7972156,120.73994140625,116.99454002380371,104.37187741597494,65.82209972768037,4.448661819298593,4.345970431598449,0.10269138770014408,130.6046063769029,116.99454002380371,103.38447367070452,4593308.95,1.7356019564066119,6.064964859089532,4.918034867135268,-0.4644147517347985,1.9323088936799904,-4.87850637844669,-2.890355233473474
2026-05-08,124.18965148925781,125.6680997212728,118.76867463853624,124.68246756659615,4609608,122.21838836669922,117.8816089630127,104.87290700276692,62.49828937701744,4.519708695775492,4.380718084433858,0.13899061134163393,130.8971389801558,117.8816089630127,104.86607894586959,4720623.95,0.9764827804171946,6.241935484666513,-1.5625026457163793,-0.020386521399129442,-0.7865731014896293,2.5742931340606123,5.124251399461643
2026-05-11,133.0603485107422,135.5244290387189,122.71121029324001,125.17529082121673,11972680,125.27384948730469,119.23685340881347,105.57106323242188,69.87125718340188,5.2314995016148345,4.550874367870054,0.6806251337447806,132.6618610875304,119.23685340881347,105.81184573009655,5232775.3,2.2880172209955205,7.118106586108162,7.142863286198753,-0.29019653733958206,0.44735470056218585,3.9147296850730706,1.6637741064092104
2026-05-12,129.11781311035156,137.4956864801072,127.63936486862998,133.06034175494244,7161532,126.55517120361328,120.2224853515625,106.26429112752278,63.861803690946786,5.415047884487834,4.7237090711936105,0.6913388132942231,133.50197877238944,120.2224853515625,106.94299193073554,5453226.85,1.313265007488181,7.483201922824035,-2.962967889770962,0.16229616472482888,0.2590609403122279,-2.918684554054274,-3.4453124157411086
2026-05-13,130.10345458984375,130.59627070571437,125.17529343113755,126.6537417787494,3480238,128.52643737792968,121.25739936828613,106.98051732381185,64.67968271653308,5.575770320892104,4.894121321133309,0.6816489997587949,134.20943139326477,121.25739936828613,108.30536734330751,5506503.55,0.6320232010020225,7.208238636391074,0.7633659955577077,0.4762074815726436,-1.2502179290078241,11.142059750374944,14.481114016192143
2026-05-14,134.0459747314453,142.91666423573213,134.0459747314453,134.0459747314453,17544537,130.10344848632812,122.5880027770996,107.73945401509603,67.8171995378714,5.952653946796531,5.105827846265954,0.8468261005305768,135.01789444043334,122.5880027770996,110.15811111376587,6281063.35,2.793243121803572,7.955568104324048,3.0302962777049247,0.18380143583822672,0.9117934959939067,2.298853757804875,-1.324668807907592
2026-05-15,132.56753540039062,139.4669610346117,131.5819031669305,135.03161598404103,8172593,131.77902526855468,123.4997127532959,108.41954040527344,65.46860094081364,6.062158448411907,5.2970939666951455,0.7650644817167613,136.05454177806388,123.4997127532959,110.94488372852791,6402915.75,1.2763861526680247,7.946166739438336,-1.102934522291077,0.01710987032821354,-1.3877038088223825,-4.443695205018782,-2.00053072504508
2026-05-18,136.5100555419922,139.46695205192705,128.62499818216594,132.56752686207906,7770626,132.46896667480468,124.04181022644043,109.21790237426758,68.59224105028503,6.393371178085488,5.516349408973214,0.8770217691122735,137.8632460776763,124.04181022644043,110.22037437520456,6261475.5,1.2410215451613602,8.33227169014804,2.973971062895653,0.07160020197189976,-0.6813771830388338,-3.253470325628305,-0.752087627969078
2026-05-19,133.55316162109375,137.495690377436,131.08908114837985,134.04597771563652,5846269,133.3560363769531,124.50998573303222,109.95548388163249,63.9219560920861,6.344131822423748,5.681905891663321,0.6622259307604264,138.97200571944978,124.50998573303222,110.04796574661466,5893123.9,0.9920492253692477,8.07551669533579,-2.1660630853592044,-0.1041563196208406,-1.751601452995355,-3.1161506466230837,0.24357730830475433
2026-05-20,146.85919189453125,146.85919189453125,133.5531577295905,134.5387898899565,11100425,136.70718383789062,125.54489936828614,110.9214033762614,72.87290567912281,7.294705889545071,6.004465891239671,1.2902399983053998,143.1296003446809,125.54489936828614,107.96019839189138,6004435.55,1.8487041633746906,8.77291902461645,9.963096426865793,0.5549209970649338,-0.38515527018477824,3.9520869402708714,8.423326603284863
2026-05-21,147.84483337402344,153.75862670898437,141.43822392781576,146.85920115152996,19722092,139.46695556640626,126.62909507751465,111.91360651652018,73.39937505800282,8.034953770815633,6.410563467154864,1.6243903036607694,146.84998622639577,126.62909507751465,106.40820392863353,6791297.8,2.9040240291038337,9.245916858823405,0.6711472852172884,-0.434932134128041,3.3667241562741257,-0.5444138273345001,5.004969415640059
2026-05-22,157.70114135742188,162.13648595809937,146.8591878890991,148.83045215606688,11310506,144.4936767578125,128.74820404052736,112.98301722208659,77.99785974571597,9.309611821531576,6.990373138030206,2.3192386835013696,152.5453360243165,128.74820404052736,104.9510720567382,6979971.05,1.6204230531873052,10.050101020180321,6.666657033907697,-0.12788229491633718,2.1749981256365514,6.012221787423533,12.046489821080142
2026-05-25,173.4712677001953,173.4712677001953,164.10776177319613,164.10776177319613,4773913,151.88591918945312,131.70510063171386,114.30869255065917,83.0475162072099,11.460198870700822,7.884338284564329,3.5758605861364927,161.81871297775376,131.70510063171386,101.59148828567395,7024265.4,0.6796316380642451,10.812771063192738,10.000007740610585,-0.354352809800873,3.256436796480777,6.012221787423533,12.046489821080142
2026-05-26,190.71983337402344,190.71983337402344,182.83477566346951,190.71983337402344,14177376,163.31925354003906,135.37658081054687,115.91855850219727,86.65508887208676,14.39048514393707,9.185567656438877,5.204917487498193,174.6135013289885,135.37658081054687,96.13966029210525,7534051.95,1.881773061041874,11.670877011277458,9.943183042645565,0.029903373699946556,-0.27272077978219844,9.294323008087812,6.603174948275092
2026-05-27,192.19827270507812,209.44683564014923,185.2988475310497,209.44683564014923,19081098,172.38706970214844,139.1466236114502,117.50542627970377,86.91217836156054,16.64023752522985,10.676501630197073,5.963735895032777,184.82755491296427,139.1466236114502,93.46569230993612,8385268.3,2.275550085857122,13.334491824320402,0.7751890848998855,-0.007951228100844254,1.6804674357044913,-1.6614178034264238,-2.918404174386635
2026-05-28,187.27011108398438,195.15516839278374,180.86350202058492,187.27011108398438,16390095,180.27212524414062,142.64561767578124,119.00358708699544,81.29039642860714,17.820101996352236,12.105221703428105,5.71488029292413,191.86127512968093,142.64561767578124,93.42996022188154,9106883.05,1.7997480488123758,13.462115097370859,-2.5641029712352603,0.06360275198662446,-1.4017266590648503,-0.8967913780571823,6.830270882112943
2026-05-29,178.39942932128906,190.22701579562866,171.0071877748268,190.22701579562866,16474486,184.41178283691406,145.72571830749513,120.3489751180013,72.23332659008983,17.833786418625124,13.25093464646751,4.582851772157614,195.8326032493556,145.72571830749513,95.61883336563464,9846478.4,1.6731348336680452,14.229810153828325,-4.736837988373443,-0.1331620395565447,2.512808021606805,-2.545038363027896,-0.36371408810408346
2026-06-01,171.5,185.79166666666666,169.5287356321839,179.8778735632184,8780015,184.017529296875,148.41156616210938,121.65329500834147,66.06768313879778,17.090891972626423,14.018926111699294,3.071965860927129,197.96763653761414,148.41156616210938,98.85549578660462,10186769.25,0.8619037876017462,14.500892937915584,-3.8674054886484566,-0.03531969758715503,1.352401006913162,0.24871117188876024,7.569648205872115
2026-06-02,165.0933837890625,175.9353373513293,159.17959093691698,173.9640730672808,8768299,178.89223937988282,150.53067512512206,122.79827092488607,60.87182445314676,15.80301506537171,14.375743902433777,1.4272711629379327,199.0737249780396,150.53067512512206,101.98762527220453,10419196.0,0.8415523616217605,14.80154006811515,-3.73563627459913,-0.2623166699323165,0.48391828547871274,6.384387477344311,11.609218261948563
2026-06-03,168.54310607910156,176.920979773092,165.5862094812226,169.03592217874805,9990909,174.1612060546875,152.94547424316406,123.9481751759847,62.578419532569576,14.88909487837617,14.478414097622256,0.4106807807539141,199.92533691758072,152.94547424316406,105.96561156874739,10754972.65,0.9289571740565978,14.405014190237063,2.0895581705725474,0.47142964549633515,1.9795979840295574,4.11224604417908,2.368380197071396
2026-06-04,173.96408081054688,174.4568969034946,164.6005750445401,164.6005750445401,6985680,171.5,155.33563232421875,125.2623514811198,65.1506700022743,14.435826677644485,14.469896613626702,-0.03406993598221675,201.43363531754187,155.33563232421875,109.23762933089563,10705648.85,0.6525228034170016,13.798521879399386,3.2163728660020707,0.08672630642823087,-1.682551333517468,-1.5754390106407112,-0.4689752549730142
2026-06-05,168.54310607910156,172.48563487627354,165.0933933815761,170.51437047768755,5425285,169.5287353515625,157.55330505371094,126.44346745808919,60.66031695422601,13.483748744903039,14.27266703988197,-0.7889182949789308,201.56257853575056,157.55330505371094,113.54403157167134,10746432.7,0.5048452031900782,13.141477286008904,-3.116145991855035,-0.007936817364084803,-1.3278310983176,-11.045368213473939,-10.161770946634174
2026-06-08,153.7586212158203,155.7298855903821,151.78735684125851,151.78735684125851,4813021,165.98045959472657,158.58821868896484,127.34696362813314,50.44810232848456,11.404768680357762,13.699087367977128,-2.2943186876193664,201.12105555042157,158.58821868896484,116.05538182750811,10388449.75,0.46330502777856725,13.623380212920123,-8.771930936375716,0.2701335531519966,-3.4793152912322878,3.1042122832468877,0.034967228108029325
2026-06-09,162.13648986816406,162.6293059467907,149.8160879024981,155.72988084601778,5691760,165.3890808105469,160.23915252685546,128.3900909423828,55.06463164854643,10.314289278062176,13.022127749994139,-2.7078384719319626,200.4557353260127,160.23915252685546,120.02256972769823,10314961.15,0.5517965523311739,13.515358590436454,5.4487147361865995,-0.01931012262229581,2.7622605307562997,-3.225807672999992,2.376792984775622
2026-06-10,154.25143432617188,165.5862042606829,154.25143432617188,157.7011469149361,7023272,162.53074645996094,161.44655151367186,129.13752861022948,50.31351334340735,8.713376036126817,12.160377407220675,-3.447001371093858,199.23003581994033,161.44655151367186,123.66306720740342,10492112.85,0.6693858615903088,13.224613436313065,-4.863220826109938,-0.13014202626587812,-3.308177660269873,-5.837608402610838,-6.708776092807467
2026-06-11,155.72988891601562,156.71552112434483,147.8448312493819,155.23707281185102,4888460,158.8839080810547,162.5307472229004,129.88496640523275,51.16435347167984,7.477740944499743,11.223850114676491,-3.746109170176748,198.18829835813307,162.5307472229004,126.87319608766774,9859309.0,0.4958217660081452,12.644090294799714,0.9584705622363909,0.3452662184263211,-0.17600272119220328,5.25551512368041,7.227810668941248
2026-06-12,171.00718688964844,171.00718688964844,160.65804877817115,163.61494538145038,13685387,159.37672424316406,164.45272979736328,130.88702583312988,58.980962410576915,7.643136184631516,10.507707328667497,-2.864571144035981,197.3468667023559,164.45272979736328,131.55859289237065,10134948.7,1.3503163563126868,12.99518465197746,9.810125776094125,-0.22369454265829258,2.3628988702241616,0.715765641262256,1.3310630234695253
2026-06-15,183.3275909423828,184.80603925643427,167.55747559250042,172.9784527440225,20719368,165.29051818847657,166.79360656738282,132.06978454589844,63.98709839794706,8.66844233783462,10.139854330500922,-1.4714119926663027,197.9316300674958,166.79360656738282,135.65558306726984,10782385.8,1.9215940130801106,13.562301853571647,7.20461185101231,0.10766774191464101,2.7801130493521287,7.800325831781363,7.30885800138672
2026-06-16,175.44253540039062,184.3132253925452,171.00719040431332,180.37069650714315,12034200,167.95172729492188,168.88807525634766,133.1457664489746,59.022340317558964,8.74395193214724,9.860673850830187,-1.1167219186829467,195.98489666071026,168.88807525634766,141.79125385198506,11091782.35,1.0849653933211194,13.528132938193012,-4.30107410535403,-0.298612606480253,0.9079966328300548,-6.076252131185589,-5.194602149510463
2026-06-17,192.6910858154297,192.6910858154297,173.47125884151214,173.47125884151214,13924169,175.63965759277343,171.17966995239257,134.59136021931965,65.35490901316342,10.079418434507573,9.904422767565665,0.17499566694190882,198.18420252723843,171.17966995239257,144.17513737754672,11232969.55,1.2395804099727128,14.287025476289617,9.831453002930468,0.143723164615861,0.14887671372583178,-4.507401125627641,-0.13243036270157438
2026-06-18,211.91091918945312,211.91091918945312,211.91091918945312,211.91091918945312,2804186,186.87586364746093,174.38297424316406,136.4147797902425,70.77460417226897,12.544065012523873,10.432351216557308,2.1117137959665655,204.72561265226176,174.38297424316406,144.04033583406635,10387074.25,0.26996880281278435,14.94473319598746,9.974427873862979,0.2360263790704975,1.2812598662263142,7.704573785610758,7.753615039223938
2026-06-22,233.1020050048828,233.1020050048828,233.1020050048828,233.1020050048828,1329457,199.29482727050782,178.15301742553712,138.5667433420817,75.35275245974147,16.022560601516517,11.55039309354915,4.472167507967367,217.24423629398336,178.15301742553712,139.06179855709087,9888021.8,0.13445126101967128,15.77758021191309,9.999997119772953,0.2089372068782236,2.746813790663727,8.164775596878403,-0.9707384551159048
2026-06-23,256.2643737792969,256.2643737792969,247.39368391770583,256.2643737792969,21527541,213.88218383789064,182.29267272949218,141.12117347717285,79.1899713715508,20.4129947047943,13.322913415798181,7.090081288996119,234.59808435485934,182.29267272949218,129.98726110412503,10725703.2,2.0070983317904973,16.76221868691322,9.936580671594353,-0.04731370199756446,-1.3423606797903442,-11.014827181313736,-8.26201375804504
2026-06-24,242.9583282470703,264.6422358391009,236.55171918578856,245.91522473689267,32255763,227.38534240722657,184.90459747314452,143.47026341756185,72.23279101481089,22.5587158577284,15.170073904184228,7.388641953544173,243.78570535511534,184.90459747314452,126.0234895911737,11629622.55,2.773586405003316,18.27265841576644,-5.192311883229683,0.0476551235367495,-2.244229984227597,-1.1276266208390284,-5.715736053128795
2026-06-25,251.8290252685547,258.72845061837813,240.9870711474036,256.26437013629834,14356008,239.21293029785156,187.88613510131836,145.98362553914387,73.88028891325902,24.690390986581775,17.074137320663738,7.6162536659180375,253.9261040443427,187.88613510131836,121.84616615829403,11393368.05,1.2600319709675314,18.201821223127517,3.6511187270203527,0.3340466665395114,0.45969504788345716,2.5920166367473962,7.7711783899880205
2026-06-26,240.49424743652344,276.962637416652,238.0301670324607,247.88648864871166,23559745,244.92959594726562,190.5473419189453,148.36064173380535,68.30360278881633,25.174936049805325,18.694297066492055,6.48063898331327,260.6475133713059,190.5473419189453,120.44717046658477,11751850.55,2.004768942539011,20.965907777936025,-4.50098149724546,0.16348102632479655,-3.6395859356203264,-23.656726329166933,-5.942248494585412
2026-06-29,242.46551513671875,251.33620471489138,231.13074512016482,246.4080438381288,11840554,246.80229797363282,193.7506462097168,150.81486587524415,68.74545604514827,25.424923638958404,20.040422380985326,5.384501257973078,267.28454593386346,193.7506462097168,120.21674648557011,11520153.95,1.0278121326668557,20.86451468684143,0.819673535316312,-0.04080504718203537,0.9605559714053191,-2.29454141869031,-0.1242224214272114
2026-06-30,266.6134948730469,266.6134948730469,243.45113949590603,250.3505645018629,7059762,248.87212219238282,198.50632095336914,153.62720286051433,73.60041100287197,27.25737470755797,21.483812846299855,5.773561861258116,278.03908554134614,198.50632095336914,118.97355636539216,11434141.3,0.6174282628464631,21.30231002677299,9.959346063175968,0.05934599029766563,2.50225391133696,6.740432698739185,-4.442075791865974
2026-07-01,293.2255859375,293.2255859375,287.31179260766805,293.2255859375,12285195,258.9255737304687,204.912931060791,156.86336199442545,77.70973314327972,30.505332242712768,23.288116725582437,7.217215517130331,293.2667172449351,204.912931060791,116.55914487664691,11609986.1,1.05815759762193,22.010280831797008,9.981524407504194,-0.09885131953493165,1.9361745317864276,0.0951939253428069,-4.778727410795913
2026-07-02,322.3017272949219,322.3017272949219,277.94827858461156,287.8046005202361,29098244,273.0201141357422,212.60086212158203,160.52662836710613,81.16029337113646,35.02185347121571,25.634864074709093,9.386989396506614,313.49751525504587,212.60086212158203,111.70420898811817,12565352.85,2.3157522393014216,24.98936988226545,9.915963255545979,0.1897318900919931,-0.5845045481542077,-3.603504313312955,-10.330015650836888
2026-07-03,315.40228271484375,347.43532705307007,311.95257024765016,314.9094666481018,34465081,288.00172119140626,219.6727722167969,164.00098152160643,78.07191009830372,37.61094599460958,28.03008045868919,9.580865535920388,328.6688922562,219.6727722167969,110.67665217739375,13939322.9,2.472507541955284,26.388488138686043,-2.140678747825886,0.11318580885453233,0.07800105377469002,-3.603504313312955,-10.330015650836888
2026-07-06,346.9425354003906,346.9425354003906,346.9425354003906,346.9425354003906,3152573,308.8971252441406,228.59274368286134,168.00921923319498,81.531703344621,41.72685407196059,30.769435181343475,10.957418890617113,348.6127108064561,228.59274368286134,108.57277655926654,13825687.3,0.22802287738707933,27.07539007826749,10.000007740610585,-0.009085485277215977,-0.4793234110779254,3.803991640284665,0.5444234864537156
2026-07-07,337.0862121582031,375.0330518309833,332.6508672613847,351.870695147598,26254055,322.9916687011719,237.75912322998047,171.86139844258625,77.4207623807948,43.689789269118506,33.353505998898484,10.336283270220022,361.6546657784198,237.75912322998047,113.86358068154111,14897739.0,1.762284531901116,29.116296010444973,-2.840909440755879,0.3974618785651973,-2.31392776703252,-3.791323133090674,-8.620310244637485
2026-07-08,343.0,350.39224137931035,313.9238505747126,349.89942528735634,15295750,332.94655151367186,246.80229873657225,175.75464553833007,78.13318188769387,45.20156727969476,35.72311825505774,9.478449024637015,373.8201424502175,246.80229873657225,119.78445502292702,15377938.5,0.9946554279691,30.096575316332007,1.7543843766061107,0.25268356539331904,0.5613583571852931,2.9528018512211096,0.0
2026-07-09,325.0,351.0,318.5,336.5,3034081,333.4862060546875,255.33972702026367,179.3478926340739,70.80980515057496,44.434993729238016,37.4654933498938,6.969500379344218,379.0760717628293,255.33972702026367,131.603382277698,15178478.95,0.19989361318711057,30.417031940821072,-5.247813411078717,-0.08308174762022835,-0.8304486270893752,4.350145848414444,4.3849249271312285
2026-07-10,325.0,325.0,325.0,325.0,0,335.40574951171874,263.80323257446287,182.97399419148763,70.80980515057496,43.32802022128203,38.637998724171446,4.690021497110585,381.87864073456524,263.80323257446287,145.72782441436047,14934055.95,0.0,26.36142768204493,0.0,-0.03737569847767075,-0.8304486270893752,-1.9515720941124415,1.4305127450049193
2026-07-13,292.5,332.0,292.5,332.0,4755930,324.5172424316406,269.8778732299805,185.94343859354655,59.19211149885202,39.37437408004831,38.785273795346825,0.5891002847014875,380.0909995299807,269.8778732299805,159.66474692998025,14487583.1,0.32827628785093904,28.113237324438938,-9.999999999999998,0.005918645015356994,0.057127944892587657,-5.825340132579415,-6.111486144973622
2026-07-14,307.0,307.0,263.5,278.0,6107670,318.5,276.06149368286134,188.96563682556152,62.17396731025802,36.984772412927384,38.42517351886294,-1.4404011059355568,379.49750536529933,276.06149368286134,172.62548200042335,13756998.2,0.44396821975305634,30.164805681180415,4.957264957264962,0.19595735310091733,-1.4159606790255297,3.7180485871775026,-0.47685938159380825
2026-07-15,304.0,311.0,291.5,307.5,2516309,310.7,282.4893669128418,191.96247596740722,61.177930851872745,34.45178224737191,37.630495264564736,-3.178713017192827,374.9986264434982,282.4893669128418,189.98010738218537,13281103.65,0.18946535365680997,28.74283159035636,-0.9771986970684043,-0.08736726929839955,1.9975001997308173,-1.269606741477003,-3.0905636861998653
2026-07-16,278.5,296.5,276.0,288.0,1961586,301.4,286.7798126220703,194.501460647583,53.35380761379415,30.040444855584894,36.112485182768765,-6.0720403271838705,369.15808005821907,286.7798126220703,204.40154518592158,12682974.5,0.15466293021404404,28.643787378308847,-8.388157894736848,0.23962128796235493,-0.014484209344078902,-4.7763109198367015,-9.91347992822128
2026-07-17,251.0,260.0,251.0,251.0,3972509,286.6,288.73426666259763,196.58211199442545,46.45394150122892,24.048195390730882,33.699627224361194,-9.651431833630312,365.2818727209097,288.73426666259763,212.18666060428558,12741390.65,0.3117798605445003,28.491282394534338,-9.874326750448837,0.16578843836740909,-6.473889757658291,-0.8511120933085703,3.7596156340277354
2026-07-20,229.0,251.0,226.0,251.0,2702128,273.9,288.5291664123535,198.47679595947267,41.79705553183678,17.324373782760006,30.42457653604096,-13.100202753280954,365.723642247284,288.5291664123535,211.33469057742303,12810024.2,0.21093855544784998,28.02577807526309,-8.764940239043828,0.15093593640875813,-0.5192494034838457,-0.7668602235062383,-1.1637194814616558
2026-07-21,243.5,249.5,230.0,234.0,2206193,261.2,287.89094772338865,200.62957369486492,45.66335807201893,13.015688776141644,26.942798984061096,-13.927110207919451,366.4083292982641,287.89094772338865,209.3735661485132,11843956.8,0.18627161828216054,27.022340998561347,6.331877729257651,-0.11480806865203919,4.200670223388481,5.028835944428445,6.449018822357444
2026-07-22,254.0,266.0,248.5,254.0,2047574,251.2,288.44303131103516,202.90806986490887,48.33953703724571,10.329218314817979,23.620082850212473,-13.290864535394494,365.77650110375225,288.44303131103516,211.10956151831806,10333547.35,0.19814821867536128,26.41936219875317,4.312114989733051,0.15336368301654968,1.3404288294859956,1.394689552504924,0.27652236165969235
2026-07-23,235.0,259.5,232.0,259.5,2143048,242.5,287.6015800476074,204.87811292012532,44.10630548720323,6.591052360050753,20.21427675218013,-13.623224392129377,366.95239699829085,287.6015800476074,208.25076309692392,9722899.35,0.22041244312582545,26.563447238919416,-7.480314960629919,0.16612166048495247,0.055832476427841726,-2.3827624109249768,2.281270991371187
2026-07-24,217.0,234.0,215.5,221.5,2193647,235.7,286.42686767578124,206.5399424235026,40.48880893173219,2.151280716172778,16.60167754497866,-14.450396828805882,369.330116361255,286.42686767578124,203.52361899030745,8654594.45,0.253466180613466,25.62165427373016,-7.659574468085106,-0.2473849217723867,-2.6665489151664,-3.683567952952882,-6.348035270843622
2026-07-27,216.5,219.0,196.0,216.5,2765168,233.2,285.1285919189453,208.20165214538574,40.38971195988861,-1.3915749104116628,13.003027053900597,-14.39460196431226,371.66420911841544,285.1285919189453,198.59297471947514,8200825.15,0.3371816798215726,25.27210037056614,-0.23041474654378336,0.0721389858897803,-0.047299308791204364,2.56883241521626,-2.6956266223224334
2026-07-28,195.0,208.0,195.0,195.5,4116472,223.5,281.547917175293,209.48860143025715,36.27800701766371,-5.866557809753743,9.229110081169729,-15.095667890923472,376.797054858605,281.547917175293,186.29877949198095,8053660.65,0.5111305503044755,24.769153654490655,-9.930715935334877,-0.06281056383515837,-4.65422176004644,-5.222373627657961,-11.995698122575716
2026-07-29,175.5,195.0,175.5,193.0,4775744,207.8,275.661637878418,210.36841468811036,32.9970046847629,-10.861298738756773,5.211028317184429,-16.0723270559412,381.8002946588673,275.661637878418,169.52298109796868,7678188.1,0.6219884089580978,24.066599833891903,-9.999999999999998,0.1913253481581556,-3.759743710600294,-6.552907713345957,-8.435210054401699
2026-07-30,158.0,175.5,158.0,164.5,7905351,192.4,267.44655151367186,210.99762929280598,30.344640044345553,-16.046793213174993,0.9594640111125439,-17.006257224287538,383.36842076220205,267.44655151367186,151.52468226514168,6618543.45,1.1944245829495914,23.191053189372983,-9.971509971509974,-0.04603973420009844,-0.26443825042463676,6.188178056870819,12.783714960070824
2026-07-31,163.5,173.5,159.5,173.5,14454277,181.7,259.8514373779297,211.6199473063151,32.18950652468769,-19.48788668215596,-3.130006127541157,-16.357880554614802,382.2669052255705,259.8514373779297,137.4359695302889,5618003.25,2.572849526208444,22.16557943078992,3.4810126582278444,0.14251061606802562,7.979428588197601,-2.5435840790002273,1.2725747330602166
2026-08-03,171.0,179.5,155.5,158.0,10795345,172.6,251.05431060791017,212.40011978149414,34.728250523533816,-21.36352530677459,-6.7767099633878445,-14.586815343386746,372.40051123449064,251.05431060791017,129.70810998132967,6000141.85,1.7991816310142736,22.410168840017928,4.587155963302747,-0.3145609094511337,0.6184176769345795,-1.4826603056282472,3.44826660729316
2026-08-04,180.0,187.0,165.5,171.5,10847465,169.6,243.2,213.1824473063151,37.740517369234844,-21.871635051911426,-9.795694981092561,-12.075940070818865,361.3940420619731,243.2,125.00595793802685,5229812.35,2.074159505933325,22.288812994682207,5.263157894736836,0.3186484533235223,-0.059350381622413906,0.4726333908036784,9.745763902806882
2026-08-05,179.5,192.0,178.5,190.5,10795980,170.4,235.025,214.02215042114258,37.636599378011546,-22.06036337015925,-12.2486286589059,-9.81173471125335,346.58592270004004,235.025,123.46407729995995,5004823.85,2.1571148802769553,21.116971262057913,-0.2777777777777768,-0.002778949738335701,2.88496854462601,-4.790783827270051,-14.594593050521187
2026-08-06,186.5,186.5,171.0,177.5,6196147,176.1,228.1,214.96209284464518,40.12236540560916,-21.398422726391487,-14.078587472403019,-7.319835253988469,333.1491614235429,228.1,123.05083857645708,5162927.15,1.2001228799054426,20.36804176045019,3.8997214484679743,-0.4022170511909673,-0.48171851317403425,1.846311404669576,-1.2055487976401769
2026-08-07,172.0,184.0,169.5,183.0,6665992,177.8,220.45,215.59465993245442,36.8461169358786,-21.792646749349586,-15.621399327792332,-6.171247421557254,317.7882058381475,220.45,123.11179416185247,5496226.75,1.2128306023764395,19.918969525723497,-7.774798927613946,-0.17977012124817948,-0.38468864916847423,3.6256814394260317,8.023183380177645
2026-08-10,179.0,181.5,174.0,175.5,5015523,179.4,214.775,216.36853434244793,39.41798529488117,-21.294757915492283,-16.756071045332323,-4.53868687015996,307.55401021697855,214.775,121.99598978302149,5509206.4,0.9103893802199895,18.529773588960364,4.069767441860472,0.08787349343861717,1.589230295129762,-1.7124546273308061,-6.410617614806169
2026-08-11,184.0,191.5,176.5,178.0,7419311,180.2,208.625,217.16003341674804,41.25813458493302,-20.263138368561386,-17.457484509978137,-2.8056538585832485,291.4347852087293,208.625,125.81521479127068,5574788.45,1.330868617983163,18.059137110432317,2.7932960893854775,-0.02481586909149902,0.4272475445720847,1.667086802964235,0.45263080831747793
2026-08-12,184.0,190.0,183.5,184.0,4759673,181.1,202.625,218.00081405639648,41.25813458493301,-19.22397048001369,-17.81078170398525,-1.4131887760284414,272.7571121733463,202.625,132.49288782665369,5686956.65,0.8369455392279102,16.517918829041342,0.0,-0.055858442703549116,0.8806410303470624,2.724693709582593,0.781011114079444
2026-08-13,202.0,202.0,187.0,187.0,10901636,184.2,198.8,218.91982752482096,47.86925605227857,-16.75483358180668,-17.599592079549538,0.844758497742859,259.17374821629267,198.8,138.42625178370736,6133959.15,1.777259308940784,16.71552965183583,9.782608695652172,-0.02110518697276964,1.1059567173957285,-2.112340545699498,-0.6855455655172094
2026-08-14,185.0,202.5,185.0,202.5,11947176,186.8,195.5,219.53908030192056,42.9525173933813,-15.98551169766381,-17.276776003172394,1.2912643055085837,250.86767059727643,195.5,140.13232940272357,6532692.5,1.8288287715976224,16.82012569825772,-8.415841584158413,-0.24284380760136726,-0.45732720428869333,1.3487078671445163,5.2821182773778785
2026-08-17,195.5,197.5,180.5,187.0,7429444,190.1,193.825,220.16906127929687,46.600735409559995,-14.36298872065538,-16.694018546668993,2.331029826013612,246.9051528970955,193.825,140.7448471029045,6769058.3,1.0975594640690272,16.844108938490024,5.675675675675684,-0.4168200504919728,0.10097531306225704,0.8710301952703947,1.425320167692945
2026-08-18,186.5,210.5,185.0,196.5,12955426,190.6,190.975,220.38620681762694,44.00317189334181,-13.646049194843584,-16.08442467630391,2.4383754814603265,238.67303592999434,190.975,143.27696407000565,7306519.95,1.7731322282915274,17.998227746691352,-4.6035805626598485,-0.4373220778009723,-1.1962985353416111,-4.749339427821009,-5.789773590149427
2026-08-19,183.5,202.0,179.5,181.0,11587933,190.5,187.45,220.26587626139323,43.13996164316843,-13.168150145334721,-15.501169770110074,2.3330196247753534,224.84392013627317,187.45,150.0560798637268,7783537.9,1.4887745327224526,18.598464047132506,-1.608579088471851,0.09921712609282096,-1.3006958690137793,-3.5759209309590645,-4.653947061530561
2026-08-20,179.5,189.5,176.0,186.0,6488846,186.0,184.675,220.05423838297526,41.95808623299599,-12.96275174306615,-14.99348616470129,2.03073442163514,214.72806709980438,184.675,154.62193290019565,8000827.8,0.8110218295161908,17.918668840848174,-2.1798365122615793,-0.20952662644722064,0.47940480185713064,-2.4418943612818045,-0.40675629010867853
2026-08-21,177.5,181.0,176.0,180.5,2428777,184.5,182.7,219.8914031982422,41.348124699835886,-12.8136475618806,-14.557518444137152,1.7438708822565516,208.7311554225251,182.7,156.66884457747489,8012584.3,0.303120305392606,16.196179662068417,-1.1142061281337101,0.07292445718072305,0.6466205402973157,-0.6692544587434179,-0.6283397852270167
2026-08-24,177.5,185.5,177.5,178.0,2888591,180.9,180.75,219.87641270955405,41.348124699835886,-12.550803573067043,-14.15617546992313,1.605371896856088,201.40888365048525,180.75,160.09111634951475,8018755.45,0.36022934207327645,15.103355707125962,0.0,-0.05119683229035665,-1.0215058314384073,-3.072360608307745,-3.793865052348333
2026-08-25,177.5,178.5,169.5,177.0,3017888,179.1,179.875,219.97641270955404,41.348124699835886,-12.201842572451682,-13.765308890428841,1.5634663179771593,199.44639427031927,179.875,160.30360572968073,7963826.25,0.37894950307334996,14.289574946175833,0.0,-0.03142551921185843,0.9095610374029395,0.8063420389182951,2.8918859898291904
2026-08-26,186.0,188.0,175.5,177.5,6541979,179.6,180.4,220.32485631306966,45.54986060815588,-11.111325064021429,-13.23451212514736,2.1231870611259307,200.04045234767085,180.4,160.75954765232916,8052138.0,0.8124524194692143,14.050964953352388,4.788732394366191,0.09398842232435367,1.4681604395669012,0.9791739946976241,-2.0760151596919907
2026-08-27,185.0,190.0,182.0,186.0,4623657,180.7,181.75,220.59913787841796,45.14015149916752,-10.210078297427685,-12.629625359603425,2.41954706217574,198.39015435151316,181.75,165.10984564848684,7888053.3,0.586159452041228,13.244169626238737,-0.5376344086021501,-0.11305637616038089,0.3111269939336747,2.1578828253391746,3.522503353574913
2026-08-28,187.5,200.0,186.0,186.0,10983666,182.7,182.95,220.82473653157552,46.437259239107256,-9.188188912803781,-11.941338070243498,2.753149157439717,197.36088769682854,182.95,168.53911230317144,7714522.75,1.423764807745236,13.47828034274024,1.3513513513513598,-0.4558916903721677,0.774831481905669,-2.927810631091654,-3.7177088142796744
2026-08-31,178.5,185.5,177.5,183.0,2695996,182.9,183.325,220.9906847635905,42.53797048997483,-9.00080333894968,-11.353231123984735,2.3524277850350543,196.78556618814162,183.325,169.86443381185836,7309555.3,0.36883174001023017,13.014509630374874,-4.800000000000004,-0.11023270076141456,-0.4381051578845385,2.038280836108508,-0.42539041444666914
2026-09-01,182.0,185.0,179.5,179.5,2283831,183.8,183.425,221.46137440999348,44.490060285292856,-8.47221574303606,-10.777028047795,2.30481230475894,196.81106895639425,183.425,170.03893104360577,6881373.6,0.3318859188229513,12.145908346324893,1.9607843137254832,0.19604210375987474,1.7781860578235609,-1.943575223630134,-2.6289855486184677
2026-09-02,177.0,182.5,177.0,179.0,1840632,182.0,183.3,221.70909957885743,42.28030788240085,-8.360391093895345,-10.29370065701507,1.9333095631197246,196.88559608750055,183.3,169.71440391249948,6433606.2,0.2860964663954719,11.259787233481573,-2.7472527472527486,-0.04102653494677533,-1.6699071260597553,-0.4267105044421182,3.3074659142100282
2026-09-03,173.0,184.5,173.0,179.0,3541636,179.6,182.625,222.0215756734212,40.54532161883865,-8.496592396205102,-9.934279004853076,1.437686608647974,196.8668028131448,182.625,168.3831971868552,6300880.65,0.5620858728692155,11.291815602350697,-2.259887005649719,0.16164441336217195,-0.6651369315447186,1.8109002686002684,-0.5227089151055297
2026-09-04,180.5,185.5,174.5,178.5,3466931,178.2,183.05,222.4344108581543,45.09475866532616,-7.908184956177649,-9.529060195117992,1.620875238940343,196.43852611675482,183.05,169.6614738832452,6140927.6,0.564561451595684,11.452906855370603,4.335260115606943,-0.09708022272419958,1.5122200906831251,0.9911686522946717,4.43349558683217
2026-09-07,181.0,186.5,180.0,183.5,3098833,178.7,183.15,222.60095774332683,45.394743638310004,-7.317174170330759,-9.086682990160547,1.7695088198297881,196.44067738165504,183.15,169.85932261834498,6045093.1,0.5126195657764147,10.792519274654524,0.27700831024930483,-0.23473421241366754,1.6651381893682204,0.9911686522946717,4.43349558683217
2026-09-08,170.5,180.0,170.5,179.5,4032447,176.4,182.475,222.38716456095378,40.40247810231322,-7.608351769221855,-8.791016745972808,1.182664976750953,196.90623440028148,182.475,168.0437655997185,5875749.9,0.6862863581038396,10.753516704700587,-5.8011049723756924,-0.3671620448905233,-0.46588983968915976,-4.4366705353859555,-1.037735411977092
2026-09-09,170.5,173.5,169.0,170.5,1656374,175.1,181.8,222.30478897094727,40.40247810231322,-7.749777503176745,-8.582768897413596,0.832991394236851,197.16366184421005,181.8,166.43633815578997,5720584.95,0.28954626397078503,9.919714477407176,0.0,-0.0180897502252253,0.1646891802691508,-0.1406844000352958,0.6990822432745514
2026-09-10,168.0,170.5,166.0,168.0,1984518,174.1,180.1,221.89327087402344,39.21170793692295,-7.971694787578116,-8.4605540754465,0.48885928786838484,193.44403079638283,180.1,166.75596920361716,5274729.05,0.37623126822030795,9.197085880419552,-1.4662756598240456,-0.11174924474647296,-0.5147388760934346,-1.141173780895799,-0.9496651966175107
2026-09-11,162.0,166.0,162.0,164.5,1611217,170.4,178.95,221.0614222208659,36.4361615770472,-8.533348559829022,-8.475112972323005,-0.058235587506016984,194.32564718364287,178.95,163.5743528163571,4757931.1,0.3386381530409299,8.770807763030279,-3.57142857142857,0.5434767453688316,-1.6097760087677493,8.50791132462254,6.13613970203668
2026-09-14,166.5,170.5,158.0,158.0,2663600,167.5,177.5,219.95138880411784,39.87366699343158,-8.517170192677128,-8.48352441639383,-0.033645776283297124,191.73117408331262,177.5,163.26882591668738,4519638.9,0.5893391173352366,9.268033394626242,2.777777777777768,0.13023751389060756,-0.6979172181896032,-5.897029025166978,-7.256850086873101
2026-09-15,165.0,172.0,164.5,166.5,1830266,166.4,176.425,218.43031590779623,39.11433335842985,-8.527091184878032,-8.492237770090671,-0.03485341478736004,191.03672924670528,176.425,161.81327075329474,3963380.9,0.46179412127661007,9.032295608676076,-0.9009009009009028,0.4665917444771184,-0.7653989654031412,-5.897029025166978,-7.256850086873101
