date,ticker,name,source,source_path,generated_at,official_eligible,status,prior_date,prior_close,actual_close,actual_change_price,actual_pct,predicted_pct,predicted_close,direction_correct,abs_error_pp,accuracy_result,has_us_shadow
2026-06-02,2327.TW,國巨,legacy_news_json,C:\Users\danie\OneDrive\桌面\hiu\trading-system\news\2026-06-02_pre_market.json,,False,legacy_timestamp_unverified;base_price_mismatch,2026-06-01,784.3719482421875,839.9729614257812,55.60101318359375,7.088602965493362,-20.5966,627.29,,,,False
2026-06-02,2472.TW,立隆電,legacy_news_json,C:\Users\danie\OneDrive\桌面\hiu\trading-system\news\2026-06-02_pre_market.json,,False,legacy_timestamp_unverified;base_price_mismatch,2026-06-01,386.1367492675781,374.3162536621094,-11.82049560546875,-3.061220054265701,-5.0474,372.21,,,,False
2026-06-02,2481.TW,強茂,legacy_news_json,C:\Users\danie\OneDrive\桌面\hiu\trading-system\news\2026-06-02_pre_market.json,,False,legacy_timestamp_unverified,2026-06-01,157.0,146.0,-11.0,-7.006369426751591,-8.2612,144.03,True,1.2548305732484097,方向對、幅度偏差,False
2026-06-02,2492.TW,華新科,legacy_news_json,C:\Users\danie\OneDrive\桌面\hiu\trading-system\news\2026-06-02_pre_market.json,,False,legacy_timestamp_unverified;base_price_mismatch,2026-06-01,413.8031921386719,453.5919494628906,39.78875732421875,9.615381920709032,-37.4731,260.11,,,,False
2026-06-02,3026.TW,禾伸堂,legacy_news_json,C:\Users\danie\OneDrive\桌面\hiu\trading-system\news\2026-06-02_pre_market.json,,False,legacy_timestamp_unverified;base_price_mismatch,2026-06-01,667.678955078125,645.8203735351562,-21.85858154296875,-3.273816162201948,-59.8478,269.82,,,,False
2026-06-02,3357.TWO,臺慶科,legacy_news_json,C:\Users\danie\OneDrive\桌面\hiu\trading-system\news\2026-06-02_pre_market.json,,False,legacy_timestamp_unverified;base_price_mismatch,2026-06-01,279.6859436035156,284.601318359375,4.915374755859375,1.7574622065481549,-6.9148,264.83,,,,False
2026-06-02,3675.TWO,德微,legacy_news_json,C:\Users\danie\OneDrive\桌面\hiu\trading-system\news\2026-06-02_pre_market.json,,False,legacy_timestamp_unverified;base_price_mismatch,2026-06-01,366.769775390625,365.2908630371094,-1.478912353515625,-0.40322634326683815,-5.4136,351.86,,,,False
2026-06-02,5425.TWO,台半,legacy_news_json,C:\Users\danie\OneDrive\桌面\hiu\trading-system\news\2026-06-02_pre_market.json,,False,legacy_timestamp_unverified;base_price_mismatch,2026-06-01,103.96711730957033,101.03845977783205,-2.9286575317382812,-2.816907506455113,-8.8452,97.08,,,,False
2026-06-02,8255.TWO,朋程,legacy_news_json,C:\Users\danie\OneDrive\桌面\hiu\trading-system\news\2026-06-02_pre_market.json,,False,legacy_timestamp_unverified;base_price_mismatch,2026-06-01,182.6661834716797,177.2647705078125,-5.4014129638671875,-2.9569857218288087,-0.797,184.52,,,,False
2026-06-02,8261.TW,富鼎,legacy_news_json,C:\Users\danie\OneDrive\桌面\hiu\trading-system\news\2026-06-02_pre_market.json,,False,legacy_timestamp_unverified;base_price_mismatch,2026-06-01,171.5,165.0933837890625,-6.4066162109375,-3.73563627459913,-4.2756,166.56,,,,False
2026-06-05,2327.TW,國巨,legacy_news_json,C:\Users\danie\OneDrive\桌面\hiu\trading-system\news\2026-06-05_pre_market.json,,False,legacy_timestamp_unverified;base_price_mismatch,2026-06-04,737.706787109375,763.5215454101562,25.81475830078125,3.4993250369748763,1.1953,799.44,,,,False
2026-06-05,2472.TW,立隆電,legacy_news_json,C:\Users\danie\OneDrive\桌面\hiu\trading-system\news\2026-06-05_pre_market.json,,False,legacy_timestamp_unverified;base_price_mismatch,2026-06-04,344.76495361328125,358.06304931640625,13.298095703125,3.857148345200234,1.7661,398.92,,,,False
2026-06-05,2481.TW,強茂,legacy_news_json,C:\Users\danie\OneDrive\桌面\hiu\trading-system\news\2026-06-05_pre_market.json,,False,legacy_timestamp_unverified;base_price_mismatch,2026-06-04,159.5,165.0,5.5,3.4482758620689724,0.3897,157.61,,,,False
2026-06-05,2492.TW,華新科,legacy_news_json,C:\Users\danie\OneDrive\桌面\hiu\trading-system\news\2026-06-05_pre_market.json,,False,legacy_timestamp_unverified;base_price_mismatch,2026-06-04,389.929931640625,413.8031921386719,23.873260498046875,6.122448819868853,1.4069,421.85,,,,False
2026-06-05,3026.TW,禾伸堂,legacy_news_json,C:\Users\danie\OneDrive\桌面\hiu\trading-system\news\2026-06-05_pre_market.json,,False,legacy_timestamp_unverified;base_price_mismatch,2026-06-04,618.0004272460938,621.9747314453125,3.97430419921875,0.6430908497796484,1.1049,679.42,,,,False
2026-06-05,3357.TWO,臺慶科,legacy_news_json,C:\Users\danie\OneDrive\桌面\hiu\trading-system\news\2026-06-05_pre_market.json,,False,legacy_timestamp_unverified;base_price_mismatch,2026-06-04,265.9228210449219,290.9913330078125,25.068511962890625,9.426987824657541,0.4642,285.82,,,,False
2026-06-05,3675.TWO,德微,legacy_news_json,C:\Users\danie\OneDrive\桌面\hiu\trading-system\news\2026-06-05_pre_market.json,,False,legacy_timestamp_unverified;base_price_mismatch,2026-06-04,355.9244079589844,378.6010437011719,22.6766357421875,6.371194342142639,-0.6496,369.58,,,,False
2026-06-05,5425.TWO,台半,legacy_news_json,C:\Users\danie\OneDrive\桌面\hiu\trading-system\news\2026-06-05_pre_market.json,,False,legacy_timestamp_unverified;base_price_mismatch,2026-06-04,99.08602905273438,98.5979232788086,-0.48810577392578125,-0.49260806855627726,0.622,107.16,,,,False
2026-06-05,8255.TWO,朋程,legacy_news_json,C:\Users\danie\OneDrive\桌面\hiu\trading-system\news\2026-06-05_pre_market.json,,False,legacy_timestamp_unverified;base_price_mismatch,2026-06-04,176.7737274169922,171.8633575439453,-4.910369873046875,-2.777771303913157,0.2674,186.5,,,,False
2026-06-05,8261.TW,富鼎,legacy_news_json,C:\Users\danie\OneDrive\桌面\hiu\trading-system\news\2026-06-05_pre_market.json,,False,legacy_timestamp_unverified;base_price_mismatch,2026-06-04,173.96408081054688,168.54310607910156,-5.4209747314453125,-3.116145991855035,0.9929,175.73,,,,False
2026-06-08,2327.TW,國巨,legacy_news_json,C:\Users\danie\OneDrive\桌面\hiu\trading-system\news\2026-06-08_pre_market.json,,False,legacy_timestamp_unverified;base_price_mismatch,2026-06-05,763.5215454101562,745.6497802734375,-17.87176513671875,-2.340702137896866,0.937,758.04,,,,False
2026-06-08,2472.TW,立隆電,legacy_news_json,C:\Users\danie\OneDrive\桌面\hiu\trading-system\news\2026-06-08_pre_market.json,,False,legacy_timestamp_unverified;base_price_mismatch,2026-06-05,358.06304931640625,333.92950439453125,-24.133544921875,-6.74002664277964,1.6326,344.53,,,,False
2026-06-08,2481.TW,強茂,legacy_news_json,C:\Users\danie\OneDrive\桌面\hiu\trading-system\news\2026-06-08_pre_market.json,,False,legacy_timestamp_unverified;base_price_mismatch,2026-06-05,165.0,148.5,-16.5,-9.999999999999998,0.1902,148.78,,,,False
2026-06-08,2492.TW,華新科,legacy_news_json,C:\Users\danie\OneDrive\桌面\hiu\trading-system\news\2026-06-08_pre_market.json,,False,legacy_timestamp_unverified;base_price_mismatch,2026-06-05,413.8031921386719,397.8876953125,-15.915496826171875,-3.8461512933033015,1.1831,404.73,,,,False
2026-06-08,3026.TW,禾伸堂,legacy_news_json,C:\Users\danie\OneDrive\桌面\hiu\trading-system\news\2026-06-08_pre_market.json,,False,legacy_timestamp_unverified;base_price_mismatch,2026-06-05,621.9747314453125,597.135498046875,-24.8392333984375,-3.993608123069148,0.5553,604.34,,,,False
2026-06-08,3357.TWO,臺慶科,legacy_news_json,C:\Users\danie\OneDrive\桌面\hiu\trading-system\news\2026-06-08_pre_market.json,,False,legacy_timestamp_unverified;base_price_mismatch,2026-06-05,290.9913330078125,278.2113037109375,-12.780029296875,-4.391893450837547,0.3991,284.13,,,,False
2026-06-08,3675.TWO,德微,legacy_news_json,C:\Users\danie\OneDrive\桌面\hiu\trading-system\news\2026-06-08_pre_market.json,,False,legacy_timestamp_unverified;base_price_mismatch,2026-06-05,378.6010437011719,341.13531494140625,-37.465728759765625,-9.895833459280468,-2.4297,337.59,,,,False
2026-06-08,5425.TWO,台半,legacy_news_json,C:\Users\danie\OneDrive\桌面\hiu\trading-system\news\2026-06-08_pre_market.json,,False,legacy_timestamp_unverified;base_price_mismatch,2026-06-05,98.5979232788086,88.73812866210938,-9.859794616699219,-10.000002321365686,0.3348,91.2,,,,False
2026-06-08,8255.TWO,朋程,legacy_news_json,C:\Users\danie\OneDrive\桌面\hiu\trading-system\news\2026-06-08_pre_market.json,,False,legacy_timestamp_unverified;base_price_mismatch,2026-06-05,171.8633575439453,160.07843017578125,-11.784927368164062,-6.8571495032911045,-0.8237,161.66,,,,False
2026-06-08,8261.TW,富鼎,legacy_news_json,C:\Users\danie\OneDrive\桌面\hiu\trading-system\news\2026-06-08_pre_market.json,,False,legacy_timestamp_unverified;base_price_mismatch,2026-06-05,168.54310607910156,153.7586212158203,-14.78448486328125,-8.771930936375716,0.7455,157.16,,,,False
2026-06-09,2327.TW,國巨,legacy_news_json,C:\Users\danie\OneDrive\桌面\hiu\trading-system\news\2026-06-09_pre_market.json,,False,legacy_timestamp_unverified;base_price_mismatch,2026-06-08,745.6497802734375,820.115478515625,74.4656982421875,9.98668546712107,0.937,758.04,,,,False
2026-06-09,2472.TW,立隆電,legacy_news_json,C:\Users\danie\OneDrive\桌面\hiu\trading-system\news\2026-06-09_pre_market.json,,False,legacy_timestamp_unverified;base_price_mismatch,2026-06-08,333.92950439453125,366.9284362792969,32.998931884765625,9.88200546836917,1.6326,344.53,,,,False
2026-06-09,2481.TW,強茂,legacy_news_json,C:\Users\danie\OneDrive\桌面\hiu\trading-system\news\2026-06-09_pre_market.json,,False,legacy_timestamp_unverified,2026-06-08,148.5,146.0,-2.5,-1.683501683501687,0.1902,148.78,False,1.8737016835016869,方向錯,False
2026-06-09,2492.TW,華新科,legacy_news_json,C:\Users\danie\OneDrive\桌面\hiu\trading-system\news\2026-06-09_pre_market.json,,False,legacy_timestamp_unverified;base_price_mismatch,2026-06-08,397.8876953125,437.6764526367188,39.78875732421881,9.999996932041032,1.1831,404.73,,,,False
2026-06-09,3026.TW,禾伸堂,legacy_news_json,C:\Users\danie\OneDrive\桌面\hiu\trading-system\news\2026-06-09_pre_market.json,,False,legacy_timestamp_unverified;base_price_mismatch,2026-06-08,597.135498046875,656.7496948242188,59.61419677734375,9.983361728172468,0.5553,604.34,,,,False
2026-06-09,3357.TWO,臺慶科,legacy_news_json,C:\Users\danie\OneDrive\桌面\hiu\trading-system\news\2026-06-09_pre_market.json,,False,legacy_timestamp_unverified;base_price_mismatch,2026-06-08,278.2113037109375,292.9574890136719,14.746185302734375,5.3003544809436365,0.3991,284.13,,,,False
2026-06-09,3675.TWO,德微,legacy_news_json,C:\Users\danie\OneDrive\桌面\hiu\trading-system\news\2026-06-09_pre_market.json,,False,legacy_timestamp_unverified;base_price_mismatch,2026-06-08,341.13531494140625,307.1203918457031,-34.014923095703125,-9.971094051504338,-2.4297,337.59,,,,False
2026-06-09,5425.TWO,台半,legacy_news_json,C:\Users\danie\OneDrive\桌面\hiu\trading-system\news\2026-06-09_pre_market.json,,False,legacy_timestamp_unverified;base_price_mismatch,2026-06-08,88.73812866210938,90.4953155517578,1.7571868896484233,1.9801937635391287,0.3348,91.2,,,,False
2026-06-09,8255.TWO,朋程,legacy_news_json,C:\Users\danie\OneDrive\桌面\hiu\trading-system\news\2026-06-09_pre_market.json,,False,legacy_timestamp_unverified;base_price_mismatch,2026-06-08,160.07843017578125,164.9888153076172,4.9103851318359375,3.0674870602140913,-0.8237,161.66,,,,False
2026-06-09,8261.TW,富鼎,legacy_news_json,C:\Users\danie\OneDrive\桌面\hiu\trading-system\news\2026-06-09_pre_market.json,,False,legacy_timestamp_unverified;base_price_mismatch,2026-06-08,153.7586212158203,162.13648986816406,8.37786865234375,5.4487147361865995,0.7455,157.16,,,,False
2026-06-10,2327.TW,國巨,legacy_news_json,C:\Users\danie\OneDrive\桌面\hiu\trading-system\news\2026-06-10_pre_market.json,,False,legacy_timestamp_unverified;base_price_mismatch,2026-06-09,820.115478515625,813.1653442382812,-6.95013427734375,-0.8474580055388259,0.8941,835.4,,,,False
2026-06-10,2472.TW,立隆電,legacy_news_json,C:\Users\danie\OneDrive\桌面\hiu\trading-system\news\2026-06-10_pre_market.json,,False,legacy_timestamp_unverified;base_price_mismatch,2026-06-09,366.9284362792969,330.4818420410156,-36.44659423828125,-9.932888987251731,1.4875,347.09,,,,False
2026-06-10,2481.TW,強茂,legacy_news_json,C:\Users\danie\OneDrive\桌面\hiu\trading-system\news\2026-06-10_pre_market.json,,False,legacy_timestamp_unverified;base_price_mismatch,2026-06-09,146.0,135.5,-10.5,-7.191780821917804,0.195,137.27,,,,False
2026-06-10,2492.TW,華新科,legacy_news_json,C:\Users\danie\OneDrive\桌面\hiu\trading-system\news\2026-06-10_pre_market.json,,False,legacy_timestamp_unverified;base_price_mismatch,2026-06-09,437.6764526367188,405.34808349609375,-32.32836914062506,-7.386362447846451,1.1233,424.72,,,,False
2026-06-10,3026.TW,禾伸堂,legacy_news_json,C:\Users\danie\OneDrive\桌面\hiu\trading-system\news\2026-06-10_pre_market.json,,False,legacy_timestamp_unverified;base_price_mismatch,2026-06-09,656.7496948242188,637.871826171875,-18.87786865234375,-2.874438892186537,0.4273,652.78,,,,False
2026-06-10,3357.TWO,臺慶科,legacy_news_json,C:\Users\danie\OneDrive\桌面\hiu\trading-system\news\2026-06-10_pre_market.json,,False,legacy_timestamp_unverified;base_price_mismatch,2026-06-09,292.9574890136719,290.4997863769531,-2.45770263671875,-0.8389280796313958,0.5209,302.57,,,,False
2026-06-10,3675.TWO,德微,legacy_news_json,C:\Users\danie\OneDrive\桌面\hiu\trading-system\news\2026-06-10_pre_market.json,,False,legacy_timestamp_unverified;base_price_mismatch,2026-06-09,307.1203918457031,291.8383178710937,-15.282073974609432,-4.975922921551601,0.4379,300.81,,,,False
2026-06-10,5425.TWO,台半,legacy_news_json,C:\Users\danie\OneDrive\桌面\hiu\trading-system\news\2026-06-10_pre_market.json,,False,legacy_timestamp_unverified;base_price_mismatch,2026-06-09,90.4953155517578,85.22374725341797,-5.2715682983398295,-5.825238871425132,0.2975,88.46,,,,False
2026-06-10,8255.TWO,朋程,legacy_news_json,C:\Users\danie\OneDrive\桌面\hiu\trading-system\news\2026-06-10_pre_market.json,,False,legacy_timestamp_unverified;base_price_mismatch,2026-06-09,164.9888153076172,159.58740234375,-5.4014129638671875,-3.273805532694074,-0.0576,162.41,,,,False
2026-06-10,8261.TW,富鼎,legacy_news_json,C:\Users\danie\OneDrive\桌面\hiu\trading-system\news\2026-06-10_pre_market.json,,False,legacy_timestamp_unverified;base_price_mismatch,2026-06-09,162.13648986816406,154.25143432617188,-7.8850555419921875,-4.863220826109938,0.7144,159.13,,,,False
2026-06-11,2327.TW,國巨,legacy_news_json,C:\Users\danie\OneDrive\桌面\hiu\trading-system\news\2026-06-11_pre_market.json,,False,legacy_timestamp_unverified;base_price_mismatch,2026-06-10,813.1653442382812,836.00146484375,22.83612060546875,2.808299783958468,0.8988,826.36,,,,False
2026-06-11,2472.TW,立隆電,legacy_news_json,C:\Users\danie\OneDrive\桌面\hiu\trading-system\news\2026-06-11_pre_market.json,,False,legacy_timestamp_unverified;base_price_mismatch,2026-06-10,330.4818420410156,344.76495361328125,14.283111572265625,4.321905095921408,1.4841,340.48,,,,False
2026-06-11,2481.TW,強茂,legacy_news_json,C:\Users\danie\OneDrive\桌面\hiu\trading-system\news\2026-06-11_pre_market.json,,False,legacy_timestamp_unverified,2026-06-10,135.5,137.0,1.5,1.1070110701107083,0.1806,135.74,True,0.9264110701107083,準確,False
2026-06-11,2492.TW,華新科,legacy_news_json,C:\Users\danie\OneDrive\桌面\hiu\trading-system\news\2026-06-11_pre_market.json,,False,legacy_timestamp_unverified;base_price_mismatch,2026-06-10,405.34808349609375,415.2952575683594,9.947174072265625,2.453983249771907,1.1348,412.12,,,,False
2026-06-11,3026.TW,禾伸堂,legacy_news_json,C:\Users\danie\OneDrive\桌面\hiu\trading-system\news\2026-06-11_pre_market.json,,False,legacy_timestamp_unverified;base_price_mismatch,2026-06-10,637.871826171875,690.5310668945312,52.65924072265625,8.255458003010663,0.4317,644.77,,,,False
2026-06-11,3357.TWO,臺慶科,legacy_news_json,C:\Users\danie\OneDrive\桌面\hiu\trading-system\news\2026-06-11_pre_market.json,,False,legacy_timestamp_unverified;base_price_mismatch,2026-06-10,290.4997863769531,282.14361572265625,-8.356170654296875,-2.8764808258598507,0.5529,297.13,,,,False
2026-06-11,3675.TWO,德微,legacy_news_json,C:\Users\danie\OneDrive\桌面\hiu\trading-system\news\2026-06-11_pre_market.json,,False,legacy_timestamp_unverified;base_price_mismatch,2026-06-10,291.8383178710937,295.7820739746094,3.943756103515682,1.3513496556191384,-0.9756,293.11,,,,False
2026-06-11,5425.TWO,台半,legacy_news_json,C:\Users\danie\OneDrive\桌面\hiu\trading-system\news\2026-06-11_pre_market.json,,False,legacy_timestamp_unverified;base_price_mismatch,2026-06-10,85.22374725341797,89.71434783935547,4.4906005859375,5.269189317132961,0.2958,87.56,,,,False
2026-06-11,8255.TWO,朋程,legacy_news_json,C:\Users\danie\OneDrive\桌面\hiu\trading-system\news\2026-06-11_pre_market.json,,False,legacy_timestamp_unverified;base_price_mismatch,2026-06-10,159.58740234375,156.64117431640625,-2.94622802734375,-1.8461532577600304,-0.2335,162.12,,,,False
2026-06-11,8261.TW,富鼎,legacy_news_json,C:\Users\danie\OneDrive\桌面\hiu\trading-system\news\2026-06-11_pre_market.json,,False,legacy_timestamp_unverified;base_price_mismatch,2026-06-10,154.25143432617188,155.72988891601562,1.47845458984375,0.9584705622363909,0.7046,157.6,,,,False
2026-06-12,2327.TW,國巨,legacy_news_json,C:\Users\danie\OneDrive\桌面\hiu\trading-system\news\2026-06-12_pre_market.json,,False,legacy_timestamp_unverified;base_price_mismatch,2026-06-11,836.00146484375,855.0,18.99853515625,2.2725480702119105,0.8945,927.22,,,,False
2026-06-12,2472.TW,立隆電,legacy_news_json,C:\Users\danie\OneDrive\桌面\hiu\trading-system\news\2026-06-12_pre_market.json,,False,legacy_timestamp_unverified;base_price_mismatch,2026-06-11,344.76495361328125,365.9433898925781,21.178436279296875,6.142862276846284,1.3535,385.14,,,,False
2026-06-12,2481.TW,強茂,legacy_news_json,C:\Users\danie\OneDrive\桌面\hiu\trading-system\news\2026-06-12_pre_market.json,,False,legacy_timestamp_unverified;base_price_mismatch,2026-06-11,137.0,145.0,8.0,5.8394160583941535,0.2868,143.91,,,,False
2026-06-12,2492.TW,華新科,legacy_news_json,C:\Users\danie\OneDrive\桌面\hiu\trading-system\news\2026-06-12_pre_market.json,,False,legacy_timestamp_unverified;base_price_mismatch,2026-06-11,415.2952575683594,406.8401489257813,-8.455108642578068,-2.0359270876543323,1.0949,462.51,,,,False
2026-06-12,3026.TW,禾伸堂,legacy_news_json,C:\Users\danie\OneDrive\桌面\hiu\trading-system\news\2026-06-12_pre_market.json,,False,legacy_timestamp_unverified;base_price_mismatch,2026-06-11,690.5310668945312,759.0873413085938,68.5562744140625,9.928050699061952,0.4772,767.65,,,,False
2026-06-12,3357.TWO,臺慶科,legacy_news_json,C:\Users\danie\OneDrive\桌面\hiu\trading-system\news\2026-06-12_pre_market.json,,False,legacy_timestamp_unverified;base_price_mismatch,2026-06-11,282.14361572265625,288.0421142578125,5.89849853515625,2.0906014548826013,0.615,307.88,,,,False
2026-06-12,3675.TWO,德微,legacy_news_json,C:\Users\danie\OneDrive\桌面\hiu\trading-system\news\2026-06-12_pre_market.json,,False,legacy_timestamp_unverified;base_price_mismatch,2026-06-11,295.7820739746094,306.6274108886719,10.8453369140625,3.666664706324796,2.1616,318.74,,,,False
2026-06-12,5425.TWO,台半,legacy_news_json,C:\Users\danie\OneDrive\桌面\hiu\trading-system\news\2026-06-12_pre_market.json,,False,legacy_timestamp_unverified;base_price_mismatch,2026-06-11,89.71434783935547,98.5979232788086,8.883575439453125,9.902067677469217,0.3462,95.63,,,,False
2026-06-12,8255.TWO,朋程,legacy_news_json,C:\Users\danie\OneDrive\桌面\hiu\trading-system\news\2026-06-12_pre_market.json,,False,legacy_timestamp_unverified;base_price_mismatch,2026-06-11,156.64117431640625,164.9888153076172,8.347640991210938,5.329148627518054,-0.5478,163.6,,,,False
2026-06-12,8261.TW,富鼎,legacy_news_json,C:\Users\danie\OneDrive\桌面\hiu\trading-system\news\2026-06-12_pre_market.json,,False,legacy_timestamp_unverified;base_price_mismatch,2026-06-11,155.72988891601562,171.00718688964844,15.277297973632812,9.810125776094125,0.724,165.69,,,,False
2026-06-15,2327.TW,國巨,legacy_news_json,C:\Users\danie\OneDrive\桌面\hiu\trading-system\news\2026-06-15_pre_market.json,,False,legacy_timestamp_unverified,2026-06-12,855.0,940.0,85.0,9.941520467836252,1.8134,870.5,True,8.128120467836252,方向對、幅度偏差,False
2026-06-15,2472.TW,立隆電,legacy_news_json,C:\Users\danie\OneDrive\桌面\hiu\trading-system\news\2026-06-15_pre_market.json,,False,legacy_timestamp_unverified;base_price_mismatch,2026-06-12,365.9433898925781,380.22650146484375,14.283111572265625,3.9030932015081454,1.5105,377.11,,,,False
2026-06-15,2481.TW,強茂,legacy_news_json,C:\Users\danie\OneDrive\桌面\hiu\trading-system\news\2026-06-15_pre_market.json,,False,legacy_timestamp_unverified,2026-06-12,145.0,142.5,-2.5,-1.7241379310344862,0.4155,145.6,False,2.1396379310344864,方向錯,False
2026-06-15,2492.TW,華新科,legacy_news_json,C:\Users\danie\OneDrive\桌面\hiu\trading-system\news\2026-06-15_pre_market.json,,False,legacy_timestamp_unverified;base_price_mismatch,2026-06-12,406.8401489257813,447.1262817382813,40.2861328125,9.902201864509031,1.1751,413.81,,,,False
2026-06-15,3026.TW,禾伸堂,legacy_news_json,C:\Users\danie\OneDrive\桌面\hiu\trading-system\news\2026-06-15_pre_market.json,,False,legacy_timestamp_unverified;base_price_mismatch,2026-06-12,759.0873413085938,834.5986938476562,75.5113525390625,9.947650083175951,2.092,779.98,,,,False
2026-06-15,3357.TWO,臺慶科,legacy_news_json,C:\Users\danie\OneDrive\桌面\hiu\trading-system\news\2026-06-15_pre_market.json,,False,legacy_timestamp_unverified;base_price_mismatch,2026-06-12,288.0421142578125,316.5513916015625,28.50927734375,9.897607305518076,1.0282,296.01,,,,False
2026-06-15,3675.TWO,德微,legacy_news_json,C:\Users\danie\OneDrive\桌面\hiu\trading-system\news\2026-06-15_pre_market.json,,False,legacy_timestamp_unverified;base_price_mismatch,2026-06-12,306.6274108886719,313.52899169921875,6.901580810546875,2.250803602503959,0.5357,312.67,,,,False
2026-06-15,5425.TWO,台半,legacy_news_json,C:\Users\danie\OneDrive\桌面\hiu\trading-system\news\2026-06-15_pre_market.json,,False,legacy_timestamp_unverified;base_price_mismatch,2026-06-12,98.5979232788086,98.5979232788086,0.0,0.0,0.2011,101.2,,,,False
2026-06-15,8255.TWO,朋程,legacy_news_json,C:\Users\danie\OneDrive\桌面\hiu\trading-system\news\2026-06-15_pre_market.json,,False,legacy_timestamp_unverified;base_price_mismatch,2026-06-12,164.9888153076172,179.71995544433594,14.73114013671875,8.928568951327364,-0.4041,167.32,,,,False
2026-06-15,8261.TW,富鼎,legacy_news_json,C:\Users\danie\OneDrive\桌面\hiu\trading-system\news\2026-06-15_pre_market.json,,False,legacy_timestamp_unverified;base_price_mismatch,2026-06-12,171.00718688964844,183.3275909423828,12.320404052734375,7.20461185101231,0.0831,173.64,,,,False
2026-06-16,2327.TW,國巨,legacy_news_json,C:\Users\danie\OneDrive\桌面\hiu\trading-system\news\2026-06-16_pre_market.json,,False,legacy_timestamp_unverified;base_price_mismatch,2026-06-15,940.0,950.0,10.0,1.0638297872340496,1.8298,996.91,,,,False
2026-06-16,2472.TW,立隆電,legacy_news_json,C:\Users\danie\OneDrive\桌面\hiu\trading-system\news\2026-06-16_pre_market.json,,False,legacy_timestamp_unverified;base_price_mismatch,2026-06-15,380.22650146484375,342.3023681640625,-37.92413330078125,-9.974089958137167,1.5097,362.39,,,,False
2026-06-16,2481.TW,強茂,legacy_news_json,C:\Users\danie\OneDrive\桌面\hiu\trading-system\news\2026-06-16_pre_market.json,,False,legacy_timestamp_unverified;base_price_mismatch,2026-06-15,142.5,140.0,-2.5,-1.7543859649122862,0.8916,147.81,,,,False
2026-06-16,2492.TW,華新科,legacy_news_json,C:\Users\danie\OneDrive\桌面\hiu\trading-system\news\2026-06-16_pre_market.json,,False,legacy_timestamp_unverified;base_price_mismatch,2026-06-15,447.1262817382813,491.3912963867188,44.2650146484375,9.899891027731478,1.3684,466.29,,,,False
2026-06-16,3026.TW,禾伸堂,legacy_news_json,C:\Users\danie\OneDrive\桌面\hiu\trading-system\news\2026-06-16_pre_market.json,,False,legacy_timestamp_unverified;base_price_mismatch,2026-06-15,834.5986938476562,809.7593994140625,-24.83929443359375,-2.976196178678392,2.2514,875.27,,,,False
2026-06-16,3357.TWO,臺慶科,legacy_news_json,C:\Users\danie\OneDrive\桌面\hiu\trading-system\news\2026-06-16_pre_market.json,,False,legacy_timestamp_unverified;base_price_mismatch,2026-06-15,316.5513916015625,295.90673828125,-20.6446533203125,-6.521738292118318,1.0633,319.87,,,,False
2026-06-16,3675.TWO,德微,legacy_news_json,C:\Users\danie\OneDrive\桌面\hiu\trading-system\news\2026-06-16_pre_market.json,,False,legacy_timestamp_unverified;base_price_mismatch,2026-06-15,313.52899169921875,315.5008544921875,1.97186279296875,0.6289251856046674,0.9249,323.97,,,,False
2026-06-16,5425.TWO,台半,legacy_news_json,C:\Users\danie\OneDrive\桌面\hiu\trading-system\news\2026-06-16_pre_market.json,,False,legacy_timestamp_unverified;base_price_mismatch,2026-06-15,98.5979232788086,95.9621353149414,-2.6357879638671875,-2.6732692497121735,0.4067,101.91,,,,False
2026-06-16,8255.TWO,朋程,legacy_news_json,C:\Users\danie\OneDrive\桌面\hiu\trading-system\news\2026-06-16_pre_market.json,,False,legacy_timestamp_unverified;base_price_mismatch,2026-06-15,179.71995544433594,172.35438537597656,-7.365570068359375,-4.098359611846602,-0.1923,174.16,,,,False
2026-06-16,8261.TW,富鼎,legacy_news_json,C:\Users\danie\OneDrive\桌面\hiu\trading-system\news\2026-06-16_pre_market.json,,False,legacy_timestamp_unverified;base_price_mismatch,2026-06-15,183.3275909423828,175.44253540039062,-7.8850555419921875,-4.30107410535403,0.1741,180.31,,,,False
2026-06-17,2327.TW,國巨,legacy_news_json,C:\Users\danie\OneDrive\桌面\hiu\trading-system\news\2026-06-17_pre_market.json,,False,legacy_timestamp_unverified,2026-06-16,950.0,984.0,34.0,3.5789473684210593,1.8399,967.48,True,1.7390473684210592,方向對、幅度偏差,False
2026-06-17,2472.TW,立隆電,legacy_news_json,C:\Users\danie\OneDrive\桌面\hiu\trading-system\news\2026-06-17_pre_market.json,,False,legacy_timestamp_unverified;base_price_mismatch,2026-06-16,342.3023681640625,360.0331115722656,17.730743408203125,5.1798483029205755,1.5144,352.76,,,,False
2026-06-17,2481.TW,強茂,legacy_news_json,C:\Users\danie\OneDrive\桌面\hiu\trading-system\news\2026-06-17_pre_market.json,,False,legacy_timestamp_unverified,2026-06-16,140.0,145.5,5.5,3.928571428571437,0.2275,140.32,True,3.701071428571437,方向對、幅度偏差,False
2026-06-17,2492.TW,華新科,legacy_news_json,C:\Users\danie\OneDrive\桌面\hiu\trading-system\news\2026-06-17_pre_market.json,,False,legacy_timestamp_unverified;base_price_mismatch,2026-06-16,491.3912963867188,539.1378173828125,47.74652099609369,9.716598838274448,1.3751,500.79,,,,False
2026-06-17,3026.TW,禾伸堂,legacy_news_json,C:\Users\danie\OneDrive\桌面\hiu\trading-system\news\2026-06-17_pre_market.json,,False,legacy_timestamp_unverified;base_price_mismatch,2026-06-16,809.7593994140625,890.2385864257812,80.47918701171875,9.938654255813884,2.2445,833.29,,,,False
2026-06-17,3357.TWO,臺慶科,legacy_news_json,C:\Users\danie\OneDrive\桌面\hiu\trading-system\news\2026-06-17_pre_market.json,,False,legacy_timestamp_unverified;base_price_mismatch,2026-06-16,295.90673828125,311.1444396972656,15.237701416015625,5.149494568634205,1.0777,304.24,,,,False
2026-06-17,3675.TWO,德微,legacy_news_json,C:\Users\danie\OneDrive\桌面\hiu\trading-system\news\2026-06-17_pre_market.json,,False,legacy_timestamp_unverified;base_price_mismatch,2026-06-16,315.5008544921875,330.2899780273437,14.789123535156193,4.687506650008899,-0.2284,319.27,,,,False
2026-06-17,5425.TWO,台半,legacy_news_json,C:\Users\danie\OneDrive\桌面\hiu\trading-system\news\2026-06-17_pre_market.json,,False,legacy_timestamp_unverified;base_price_mismatch,2026-06-16,95.9621353149414,105.4314422607422,9.469306945800795,9.867753478726948,0.2632,98.56,,,,False
2026-06-17,8255.TWO,朋程,legacy_news_json,C:\Users\danie\OneDrive\桌面\hiu\trading-system\news\2026-06-17_pre_market.json,,False,legacy_timestamp_unverified;base_price_mismatch,2026-06-16,172.35438537597656,174.31854248046875,1.9641571044921875,1.1396037879787935,-1.0935,173.58,,,,False
2026-06-17,8261.TW,富鼎,legacy_news_json,C:\Users\danie\OneDrive\桌面\hiu\trading-system\news\2026-06-17_pre_market.json,,False,legacy_timestamp_unverified;base_price_mismatch,2026-06-16,175.44253540039062,192.6910858154297,17.248550415039062,9.831453002930468,0.127,178.23,,,,False
2026-06-18,2327.TW,國巨,legacy_news_json,C:\Users\danie\OneDrive\桌面\hiu\trading-system\news\2026-06-18_pre_market.json,,False,legacy_timestamp_unverified,2026-06-17,984.0,1080.0,96.0,9.756097560975618,1.8262,1001.97,True,7.929897560975618,方向對、幅度偏差,False
2026-06-18,2472.TW,立隆電,legacy_news_json,C:\Users\danie\OneDrive\桌面\hiu\trading-system\news\2026-06-18_pre_market.json,,False,legacy_timestamp_unverified;base_price_mismatch,2026-06-17,360.0331115722656,395.9871826171875,35.954071044921875,9.986323448949008,1.5274,371.08,,,,False
2026-06-18,2481.TW,強茂,legacy_news_json,C:\Users\danie\OneDrive\桌面\hiu\trading-system\news\2026-06-18_pre_market.json,,False,legacy_timestamp_unverified,2026-06-17,145.5,160.0,14.5,9.965635738831624,0.4717,146.19,True,9.493935738831624,方向對、幅度偏差,False
2026-06-18,2492.TW,華新科,legacy_news_json,C:\Users\danie\OneDrive\桌面\hiu\trading-system\news\2026-06-18_pre_market.json,,False,legacy_timestamp_unverified;base_price_mismatch,2026-06-17,539.1378173828125,558.0374755859375,18.899658203125,3.5055337603419057,1.4493,549.85,,,,False
2026-06-18,3026.TW,禾伸堂,legacy_news_json,C:\Users\danie\OneDrive\桌面\hiu\trading-system\news\2026-06-18_pre_market.json,,False,legacy_timestamp_unverified;base_price_mismatch,2026-06-17,890.2385864257812,896.2000122070312,5.96142578125,0.6696436070227518,2.2651,916.29,,,,False
2026-06-18,3357.TWO,臺慶科,legacy_news_json,C:\Users\danie\OneDrive\桌面\hiu\trading-system\news\2026-06-18_pre_market.json,,False,legacy_timestamp_unverified;base_price_mismatch,2026-06-17,311.1444396972656,342.1114501953125,30.967010498046875,9.952615745978566,1.1165,320.03,,,,False
2026-06-18,3675.TWO,德微,legacy_news_json,C:\Users\danie\OneDrive\桌面\hiu\trading-system\news\2026-06-18_pre_market.json,,False,legacy_timestamp_unverified;base_price_mismatch,2026-06-17,330.2899780273437,363.3189697265625,33.02899169921881,9.99999815207364,-0.0664,334.78,,,,False
2026-06-18,5425.TWO,台半,legacy_news_json,C:\Users\danie\OneDrive\桌面\hiu\trading-system\news\2026-06-18_pre_market.json,,False,legacy_timestamp_unverified;base_price_mismatch,2026-06-17,105.4314422607422,115.68171691894533,10.250274658203125,9.722218001014538,0.3216,108.35,,,,False
2026-06-18,8255.TWO,朋程,legacy_news_json,C:\Users\danie\OneDrive\桌面\hiu\trading-system\news\2026-06-18_pre_market.json,,False,legacy_timestamp_unverified;base_price_mismatch,2026-06-17,174.31854248046875,191.5048828125,17.18634033203125,9.859157888471248,-0.5289,176.56,,,,False
2026-06-18,8261.TW,富鼎,legacy_news_json,C:\Users\danie\OneDrive\桌面\hiu\trading-system\news\2026-06-18_pre_market.json,,False,legacy_timestamp_unverified;base_price_mismatch,2026-06-17,192.6910858154297,211.91091918945312,19.219833374023438,9.974427873862979,0.1372,195.77,,,,False
2026-06-23,2327.TW,國巨,legacy_news_json,C:\Users\danie\OneDrive\桌面\hiu\trading-system\news\2026-06-23_pre_market.json,,False,legacy_timestamp_unverified,2026-06-22,1065.0,1020.0,-45.0,-4.225352112676061,1.8352,1084.54,False,6.060552112676062,方向錯,False
2026-06-23,2472.TW,立隆電,legacy_news_json,C:\Users\danie\OneDrive\桌面\hiu\trading-system\news\2026-06-23_pre_market.json,,False,legacy_timestamp_unverified;base_price_mismatch,2026-06-22,387.61431884765625,357.5705261230469,-30.043792724609375,-7.750950174886972,1.5008,399.41,,,,False
2026-06-23,2481.TW,強茂,legacy_news_json,C:\Users\danie\OneDrive\桌面\hiu\trading-system\news\2026-06-23_pre_market.json,,False,legacy_timestamp_unverified,2026-06-22,176.0,193.5,17.5,9.943181818181813,0.8622,177.52,True,9.080981818181813,方向對、幅度偏差,False
2026-06-23,2492.TW,華新科,legacy_news_json,C:\Users\danie\OneDrive\桌面\hiu\trading-system\news\2026-06-23_pre_market.json,,False,legacy_timestamp_unverified;base_price_mismatch,2026-06-22,613.7417602539062,573.9530029296875,-39.78875732421875,-6.482980286001405,1.5517,626.57,,,,False
2026-06-23,3026.TW,禾伸堂,legacy_news_json,C:\Users\danie\OneDrive\桌面\hiu\trading-system\news\2026-06-23_pre_market.json,,False,legacy_timestamp_unverified,2026-06-22,897.0,808.0,-89.0,-9.921962095875136,2.202,916.75,False,12.123962095875136,方向錯,False
2026-06-23,3357.TWO,臺慶科,legacy_news_json,C:\Users\danie\OneDrive\桌面\hiu\trading-system\news\2026-06-23_pre_market.json,,False,legacy_timestamp_unverified;base_price_mismatch,2026-06-22,340.6368103027344,309.6698303222656,-30.96697998046875,-9.09090827645651,0.9483,349.79,,,,False
2026-06-23,3675.TWO,德微,legacy_news_json,C:\Users\danie\OneDrive\桌面\hiu\trading-system\news\2026-06-23_pre_market.json,,False,legacy_timestamp_unverified;base_price_mismatch,2026-06-22,399.3057861328125,439.2363586425781,39.930572509765625,9.999998471468263,0.7016,407.84,,,,False
2026-06-23,5425.TWO,台半,legacy_news_json,C:\Users\danie\OneDrive\桌面\hiu\trading-system\news\2026-06-23_pre_market.json,,False,legacy_timestamp_unverified;base_price_mismatch,2026-06-22,126.90821075439452,130.81307983398438,3.904869079589858,3.0769239093181744,0.3882,130.5,,,,False
2026-06-23,8255.TWO,朋程,legacy_news_json,C:\Users\danie\OneDrive\桌面\hiu\trading-system\news\2026-06-23_pre_market.json,,False,legacy_timestamp_unverified;base_price_mismatch,2026-06-22,210.6553649902344,195.9242248535156,-14.731140136718807,-6.993004966857463,-0.864,212.65,,,,False
2026-06-23,8261.TW,富鼎,legacy_news_json,C:\Users\danie\OneDrive\桌面\hiu\trading-system\news\2026-06-23_pre_market.json,,False,legacy_timestamp_unverified;base_price_mismatch,2026-06-22,233.1020050048828,256.2643737792969,23.162368774414062,9.936580671594353,0.2231,237.03,,,,False
2026-06-24,2327.TW,國巨,legacy_news_json,C:\Users\danie\OneDrive\桌面\hiu\trading-system\news\2026-06-24_pre_market.json,,False,legacy_timestamp_unverified,2026-06-23,1020.0,1050.0,30.0,2.941176470588225,1.8373,1038.74,True,1.103876470588225,方向對、幅度偏差,False
2026-06-24,2472.TW,立隆電,legacy_news_json,C:\Users\danie\OneDrive\桌面\hiu\trading-system\news\2026-06-24_pre_market.json,,False,legacy_timestamp_unverified;base_price_mismatch,2026-06-23,357.5705261230469,355.6004333496094,-1.9700927734375,-0.5509662093232892,1.4854,368.39,,,,False
2026-06-24,2481.TW,強茂,legacy_news_json,C:\Users\danie\OneDrive\桌面\hiu\trading-system\news\2026-06-24_pre_market.json,,False,legacy_timestamp_unverified,2026-06-23,193.5,195.0,1.5,0.7751937984496138,0.5819,194.63,True,0.1932937984496138,準確,False
2026-06-24,2492.TW,華新科,legacy_news_json,C:\Users\danie\OneDrive\桌面\hiu\trading-system\news\2026-06-24_pre_market.json,,False,legacy_timestamp_unverified;base_price_mismatch,2026-06-23,573.9530029296875,586.8843383789062,12.93133544921875,2.2530303671575824,1.5096,585.71,,,,False
2026-06-24,3026.TW,禾伸堂,legacy_news_json,C:\Users\danie\OneDrive\桌面\hiu\trading-system\news\2026-06-24_pre_market.json,,False,legacy_timestamp_unverified,2026-06-23,808.0,796.0,-12.0,-1.4851485148514865,2.0839,824.84,False,3.5690485148514863,方向錯,False
2026-06-24,3357.TWO,臺慶科,legacy_news_json,C:\Users\danie\OneDrive\桌面\hiu\trading-system\news\2026-06-24_pre_market.json,,False,legacy_timestamp_unverified;base_price_mismatch,2026-06-23,309.6698303222656,314.0936889648437,4.423858642578068,1.4285726956269063,0.8562,317.7,,,,False
2026-06-24,3675.TWO,德微,legacy_news_json,C:\Users\danie\OneDrive\桌面\hiu\trading-system\news\2026-06-24_pre_market.json,,False,legacy_timestamp_unverified;base_price_mismatch,2026-06-23,439.2363586425781,407.19329833984375,-32.043060302734375,-7.295174835198226,-0.7921,441.97,,,,False
2026-06-24,5425.TWO,台半,legacy_news_json,C:\Users\danie\OneDrive\桌面\hiu\trading-system\news\2026-06-24_pre_market.json,,False,legacy_timestamp_unverified;base_price_mismatch,2026-06-23,130.81307983398438,129.3487548828125,-1.464324951171875,-1.119402549829307,0.1641,134.22,,,,False
2026-06-24,8255.TWO,朋程,legacy_news_json,C:\Users\danie\OneDrive\桌面\hiu\trading-system\news\2026-06-24_pre_market.json,,False,legacy_timestamp_unverified;base_price_mismatch,2026-06-23,195.9242248535156,192.4869537353516,-3.4372711181640057,-1.7543880144141988,-0.8902,197.72,,,,False
2026-06-24,8261.TW,富鼎,legacy_news_json,C:\Users\danie\OneDrive\桌面\hiu\trading-system\news\2026-06-24_pre_market.json,,False,legacy_timestamp_unverified;base_price_mismatch,2026-06-23,256.2643737792969,242.9583282470703,-13.306045532226562,-5.192311883229683,0.2451,260.64,,,,False
2026-06-25,2327.TW,國巨,legacy_news_json,C:\Users\danie\OneDrive\桌面\hiu\trading-system\news\2026-06-25_pre_market.json,,False,legacy_timestamp_unverified,2026-06-24,1050.0,1125.0,75.0,7.14285714285714,1.799,1068.89,True,5.343857142857139,方向對、幅度偏差,False
2026-06-25,2472.TW,立隆電,legacy_news_json,C:\Users\danie\OneDrive\桌面\hiu\trading-system\news\2026-06-25_pre_market.json,,False,legacy_timestamp_unverified;base_price_mismatch,2026-06-24,355.6004333496094,391.0619812011719,35.4615478515625,9.97230164134766,1.4819,366.35,,,,False
2026-06-25,2481.TW,強茂,legacy_news_json,C:\Users\danie\OneDrive\桌面\hiu\trading-system\news\2026-06-25_pre_market.json,,False,legacy_timestamp_unverified,2026-06-24,195.0,192.0,-3.0,-1.538461538461533,0.7881,196.54,False,2.326561538461533,方向錯,False
2026-06-25,2492.TW,華新科,legacy_news_json,C:\Users\danie\OneDrive\桌面\hiu\trading-system\news\2026-06-25_pre_market.json,,False,legacy_timestamp_unverified;base_price_mismatch,2026-06-24,586.8843383789062,595.8367919921875,8.95245361328125,1.5254204325863885,1.4964,598.83,,,,False
2026-06-25,3026.TW,禾伸堂,legacy_news_json,C:\Users\danie\OneDrive\桌面\hiu\trading-system\news\2026-06-25_pre_market.json,,False,legacy_timestamp_unverified,2026-06-24,796.0,771.0,-25.0,-3.1407035175879394,1.9097,811.2,False,5.05040351758794,方向錯,False
2026-06-25,3357.TWO,臺慶科,legacy_news_json,C:\Users\danie\OneDrive\桌面\hiu\trading-system\news\2026-06-25_pre_market.json,,False,legacy_timestamp_unverified;base_price_mismatch,2026-06-24,314.0936889648437,310.6529235839844,-3.440765380859318,-1.0954582985092887,0.867,322.27,,,,False
2026-06-25,3675.TWO,德微,legacy_news_json,C:\Users\danie\OneDrive\桌面\hiu\trading-system\news\2026-06-25_pre_market.json,,False,legacy_timestamp_unverified;base_price_mismatch,2026-06-24,407.19329833984375,380.0799560546875,-27.11334228515625,-6.658592465961322,-1.4059,407.19,,,,False
2026-06-25,5425.TWO,台半,legacy_news_json,C:\Users\danie\OneDrive\桌面\hiu\trading-system\news\2026-06-25_pre_market.json,,False,legacy_timestamp_unverified;base_price_mismatch,2026-06-24,129.3487548828125,123.97956085205078,-5.369194030761719,-4.150943730093193,-0.0146,132.48,,,,False
2026-06-25,8255.TWO,朋程,legacy_news_json,C:\Users\danie\OneDrive\桌面\hiu\trading-system\news\2026-06-25_pre_market.json,,False,legacy_timestamp_unverified;base_price_mismatch,2026-06-24,192.4869537353516,184.1392974853516,-8.34765625,-4.336738718135214,-0.5371,194.95,,,,False
2026-06-25,8261.TW,富鼎,legacy_news_json,C:\Users\danie\OneDrive\桌面\hiu\trading-system\news\2026-06-25_pre_market.json,,False,legacy_timestamp_unverified;base_price_mismatch,2026-06-24,242.9583282470703,251.8290252685547,8.870697021484375,3.6511187270203527,0.299,247.24,,,,False
2026-06-26,2327.TW,國巨,legacy_news_json,C:\Users\danie\OneDrive\桌面\hiu\trading-system\news\2026-06-26_pre_market.json,,False,legacy_timestamp_unverified,2026-06-25,1125.0,1015.0,-110.0,-9.777777777777775,1.7979,1145.23,False,11.575677777777775,方向錯,False
2026-06-26,2472.TW,立隆電,legacy_news_json,C:\Users\danie\OneDrive\桌面\hiu\trading-system\news\2026-06-26_pre_market.json,,False,legacy_timestamp_unverified;base_price_mismatch,2026-06-25,391.0619812011719,370.3760681152344,-20.6859130859375,-5.289676337852988,1.4845,402.89,,,,False
2026-06-26,2481.TW,強茂,legacy_news_json,C:\Users\danie\OneDrive\桌面\hiu\trading-system\news\2026-06-26_pre_market.json,,False,legacy_timestamp_unverified,2026-06-25,192.0,175.0,-17.0,-8.854166666666663,1.0669,194.05,False,9.921066666666663,方向錯,False
2026-06-26,2492.TW,華新科,legacy_news_json,C:\Users\danie\OneDrive\桌面\hiu\trading-system\news\2026-06-26_pre_market.json,,False,legacy_timestamp_unverified;base_price_mismatch,2026-06-25,595.8367919921875,537.1483764648438,-58.68841552734375,-9.849746829348739,1.5122,608.06,,,,False
2026-06-26,3026.TW,禾伸堂,legacy_news_json,C:\Users\danie\OneDrive\桌面\hiu\trading-system\news\2026-06-26_pre_market.json,,False,legacy_timestamp_unverified,2026-06-25,771.0,729.0,-42.0,-5.447470817120625,1.7409,784.42,False,7.188370817120625,方向錯,False
2026-06-26,3357.TWO,臺慶科,legacy_news_json,C:\Users\danie\OneDrive\桌面\hiu\trading-system\news\2026-06-26_pre_market.json,,False,legacy_timestamp_unverified;base_price_mismatch,2026-06-25,310.6529235839844,295.4151916503906,-15.23773193359375,-4.905066322182627,0.8883,318.81,,,,False
2026-06-26,3675.TWO,德微,legacy_news_json,C:\Users\danie\OneDrive\桌面\hiu\trading-system\news\2026-06-26_pre_market.json,,False,legacy_timestamp_unverified;base_price_mismatch,2026-06-25,380.0799560546875,354.44549560546875,-25.63446044921875,-6.744491531547736,-0.516,383.51,,,,False
2026-06-26,5425.TWO,台半,legacy_news_json,C:\Users\danie\OneDrive\桌面\hiu\trading-system\news\2026-06-26_pre_market.json,,False,legacy_timestamp_unverified;base_price_mismatch,2026-06-25,123.97956085205078,111.77684783935548,-12.202713012695298,-9.842519951540417,-0.0862,126.89,,,,False
2026-06-26,8255.TWO,朋程,legacy_news_json,C:\Users\danie\OneDrive\桌面\hiu\trading-system\news\2026-06-26_pre_market.json,,False,legacy_timestamp_unverified;base_price_mismatch,2026-06-25,184.1392974853516,171.8633575439453,-12.275939941406278,-6.666659484992787,0.2338,187.94,,,,False
2026-06-26,8261.TW,富鼎,legacy_news_json,C:\Users\danie\OneDrive\桌面\hiu\trading-system\news\2026-06-26_pre_market.json,,False,legacy_timestamp_unverified;base_price_mismatch,2026-06-25,251.8290252685547,240.49424743652344,-11.33477783203125,-4.50098149724546,0.3258,256.33,,,,False
2026-06-29,2327.TW,國巨,legacy_news_json,C:\Users\danie\OneDrive\桌面\hiu\trading-system\news\2026-06-29_pre_market.json,,False,legacy_timestamp_unverified,2026-06-26,1015.0,1040.0,25.0,2.4630541871921263,1.6696,1031.95,True,0.7934541871921263,準確,False
2026-06-29,2472.TW,立隆電,legacy_news_json,C:\Users\danie\OneDrive\桌面\hiu\trading-system\news\2026-06-29_pre_market.json,,False,legacy_timestamp_unverified;base_price_mismatch,2026-06-26,370.3760681152344,406.33013916015625,35.954071044921875,9.707449843583182,2.1206,383.97,,,,False
2026-06-29,2481.TW,強茂,legacy_news_json,C:\Users\danie\OneDrive\桌面\hiu\trading-system\news\2026-06-29_pre_market.json,,False,legacy_timestamp_unverified,2026-06-26,175.0,166.0,-9.0,-5.142857142857138,0.3287,175.58,False,5.471557142857138,方向錯,False
2026-06-29,2492.TW,華新科,legacy_news_json,C:\Users\danie\OneDrive\桌面\hiu\trading-system\news\2026-06-29_pre_market.json,,False,legacy_timestamp_unverified;base_price_mismatch,2026-06-26,537.1483764648438,511.2856750488281,-25.862701416015625,-4.814815151490704,0.5651,543.05,,,,False
2026-06-29,3026.TW,禾伸堂,legacy_news_json,C:\Users\danie\OneDrive\桌面\hiu\trading-system\news\2026-06-29_pre_market.json,,False,legacy_timestamp_unverified,2026-06-26,729.0,766.0,37.0,5.075445816186552,1.0305,736.51,True,4.044945816186552,方向對、幅度偏差,False
2026-06-29,3357.TWO,臺慶科,legacy_news_json,C:\Users\danie\OneDrive\桌面\hiu\trading-system\news\2026-06-29_pre_market.json,,False,legacy_timestamp_unverified,2026-06-26,295.4151916503906,290.0,-5.415191650390625,-1.833078258480103,0.501,296.9,False,2.334078258480103,方向錯,False
2026-06-29,3675.TWO,德微,legacy_news_json,C:\Users\danie\OneDrive\桌面\hiu\trading-system\news\2026-06-29_pre_market.json,,False,legacy_timestamp_unverified;base_price_mismatch,2026-06-26,354.44549560546875,339.1634216308594,-15.282073974609375,-4.311544134170564,-1.7749,353.12,,,,False
2026-06-29,5425.TWO,台半,legacy_news_json,C:\Users\danie\OneDrive\桌面\hiu\trading-system\news\2026-06-29_pre_market.json,,False,legacy_timestamp_unverified;base_price_mismatch,2026-06-26,111.77684783935548,107.38387298583984,-4.392974853515639,-3.9301294842642,-0.1961,114.28,,,,False
2026-06-29,8255.TWO,朋程,legacy_news_json,C:\Users\danie\OneDrive\桌面\hiu\trading-system\news\2026-06-29_pre_market.json,,False,legacy_timestamp_unverified;base_price_mismatch,2026-06-26,171.8633575439453,173.3364715576172,1.473114013671875,0.857142578106096,-0.4523,174.21,,,,False
2026-06-29,8261.TW,富鼎,legacy_news_json,C:\Users\danie\OneDrive\桌面\hiu\trading-system\news\2026-06-29_pre_market.json,,False,legacy_timestamp_unverified;base_price_mismatch,2026-06-26,240.49424743652344,242.46551513671875,1.9712677001953125,0.819673535316312,0.7777,245.9,,,,False
2026-06-30,2327.TW,國巨,legacy_news_json,C:\Users\danie\OneDrive\桌面\hiu\trading-system\news\2026-06-30_pre_market.json,,False,legacy_timestamp_unverified,2026-06-29,1040.0,1140.0,100.0,9.615384615384626,2.0088,1060.89,True,7.606584615384626,方向對、幅度偏差,False
2026-06-30,2472.TW,立隆電,legacy_news_json,C:\Users\danie\OneDrive\桌面\hiu\trading-system\news\2026-06-30_pre_market.json,,False,legacy_timestamp_unverified;base_price_mismatch,2026-06-29,406.33013916015625,446.7168884277344,40.386749267578125,9.939392965299954,0.8799,416.13,,,,False
2026-06-30,2481.TW,強茂,legacy_news_json,C:\Users\danie\OneDrive\桌面\hiu\trading-system\news\2026-06-30_pre_market.json,,False,legacy_timestamp_unverified,2026-06-29,166.0,182.5,16.5,9.939759036144569,-0.689,164.86,False,10.628759036144569,方向錯,False
2026-06-30,2492.TW,華新科,legacy_news_json,C:\Users\danie\OneDrive\桌面\hiu\trading-system\news\2026-06-30_pre_market.json,,False,legacy_timestamp_unverified;base_price_mismatch,2026-06-29,511.2856750488281,562.016357421875,50.730682373046875,9.922179487661587,1.719,522.84,,,,False
2026-06-30,3026.TW,禾伸堂,legacy_news_json,C:\Users\danie\OneDrive\桌面\hiu\trading-system\news\2026-06-30_pre_market.json,,False,legacy_timestamp_unverified,2026-06-29,766.0,842.0,76.0,9.921671018276768,-0.3169,763.57,False,10.238571018276769,方向錯,False
2026-06-30,3357.TWO,臺慶科,legacy_news_json,C:\Users\danie\OneDrive\桌面\hiu\trading-system\news\2026-06-30_pre_market.json,,False,legacy_timestamp_unverified,2026-06-29,290.0,319.0,29.0,10.000000000000009,0.933,292.71,True,9.067000000000009,方向對、幅度偏差,False
2026-06-30,3675.TWO,德微,legacy_news_json,C:\Users\danie\OneDrive\桌面\hiu\trading-system\news\2026-06-30_pre_market.json,,False,legacy_timestamp_unverified;base_price_mismatch,2026-06-29,339.1634216308594,372.6853942871094,33.52197265625,9.883722865826861,-1.3553,339.34,,,,False
2026-06-30,5425.TWO,台半,legacy_news_json,C:\Users\danie\OneDrive\桌面\hiu\trading-system\news\2026-06-30_pre_market.json,,False,legacy_timestamp_unverified;base_price_mismatch,2026-06-29,107.38387298583984,117.6341552734375,10.250282287597656,9.545457807197266,0.6626,110.73,,,,False
2026-06-30,8255.TWO,朋程,legacy_news_json,C:\Users\danie\OneDrive\桌面\hiu\trading-system\news\2026-06-30_pre_market.json,,False,legacy_timestamp_unverified;base_price_mismatch,2026-06-29,173.3364715576172,180.70204162597656,7.365570068359375,4.249290413132156,0.6285,177.61,,,,False
2026-06-30,8261.TW,富鼎,legacy_news_json,C:\Users\danie\OneDrive\桌面\hiu\trading-system\news\2026-06-30_pre_market.json,,False,legacy_timestamp_unverified;base_price_mismatch,2026-06-29,242.46551513671875,266.6134948730469,24.147979736328125,9.959346063175968,1.3139,249.23,,,,False
2026-07-01,2327.TW,國巨,legacy_news_json,C:\Users\danie\OneDrive\桌面\hiu\trading-system\news\2026-07-01_pre_market.json,,False,legacy_timestamp_unverified,2026-06-30,1140.0,1140.0,0.0,0.0,2.0384,1163.24,False,2.0384,方向錯,False
2026-07-01,2472.TW,立隆電,legacy_news_json,C:\Users\danie\OneDrive\桌面\hiu\trading-system\news\2026-07-01_pre_market.json,,False,legacy_timestamp_unverified;base_price_mismatch,2026-06-30,446.7168884277344,418.6431579589844,-28.07373046875,-6.284456933687544,0.9092,457.62,,,,False
2026-07-01,2481.TW,強茂,legacy_news_json,C:\Users\danie\OneDrive\桌面\hiu\trading-system\news\2026-07-01_pre_market.json,,False,legacy_timestamp_unverified,2026-06-30,182.5,194.5,12.0,6.57534246575342,-0.6222,181.36,False,7.19754246575342,方向錯,False
2026-07-01,2492.TW,華新科,legacy_news_json,C:\Users\danie\OneDrive\桌面\hiu\trading-system\news\2026-07-01_pre_market.json,,False,legacy_timestamp_unverified;base_price_mismatch,2026-06-30,562.016357421875,599.815673828125,37.79931640625,6.7256612564883245,1.7098,574.66,,,,False
2026-07-01,3026.TW,禾伸堂,legacy_news_json,C:\Users\danie\OneDrive\桌面\hiu\trading-system\news\2026-07-01_pre_market.json,,False,legacy_timestamp_unverified,2026-06-30,842.0,899.0,57.0,6.76959619952493,-0.3206,839.3,False,7.09019619952493,方向錯,False
2026-07-01,3357.TWO,臺慶科,legacy_news_json,C:\Users\danie\OneDrive\桌面\hiu\trading-system\news\2026-07-01_pre_market.json,,False,legacy_timestamp_unverified,2026-06-30,319.0,305.5,-13.5,-4.2319749216300995,0.9864,322.15,False,5.218374921630099,方向錯,False
2026-07-01,3675.TWO,德微,legacy_news_json,C:\Users\danie\OneDrive\桌面\hiu\trading-system\news\2026-07-01_pre_market.json,,False,legacy_timestamp_unverified;base_price_mismatch,2026-06-30,372.6853942871094,386.9815368652344,14.296142578125,3.8359814463540642,0.836,381.16,,,,False
2026-07-01,5425.TWO,台半,legacy_news_json,C:\Users\danie\OneDrive\桌面\hiu\trading-system\news\2026-07-01_pre_market.json,,False,legacy_timestamp_unverified;base_price_mismatch,2026-06-30,117.6341552734375,118.61036682128906,0.9762115478515625,0.8298708360529927,0.6728,121.31,,,,False
2026-07-01,8255.TWO,朋程,legacy_news_json,C:\Users\danie\OneDrive\桌面\hiu\trading-system\news\2026-07-01_pre_market.json,,False,legacy_timestamp_unverified;base_price_mismatch,2026-06-30,180.70204162597656,178.24684143066406,-2.4552001953125,-1.358700860942319,-0.6831,182.74,,,,False
2026-07-01,8261.TW,富鼎,legacy_news_json,C:\Users\danie\OneDrive\桌面\hiu\trading-system\news\2026-07-01_pre_market.json,,False,legacy_timestamp_unverified;base_price_mismatch,2026-06-30,266.6134948730469,293.2255859375,26.612091064453125,9.981524407504194,1.3071,274.04,,,,False
2026-07-02,2327.TW,國巨,legacy_news_json,C:\Users\danie\OneDrive\桌面\hiu\trading-system\news\2026-07-02_pre_market.json,,False,legacy_timestamp_unverified,2026-07-01,1140.0,1055.0,-85.0,-7.4561403508771935,2.0886,1163.81,False,9.544740350877193,方向錯,False
2026-07-02,2472.TW,立隆電,legacy_news_json,C:\Users\danie\OneDrive\桌面\hiu\trading-system\news\2026-07-02_pre_market.json,,False,legacy_timestamp_unverified;base_price_mismatch,2026-07-01,418.6431579589844,421.5982971191406,2.95513916015625,0.7058849772114906,0.9054,428.85,,,,False
2026-07-02,2481.TW,強茂,legacy_news_json,C:\Users\danie\OneDrive\桌面\hiu\trading-system\news\2026-07-02_pre_market.json,,False,legacy_timestamp_unverified,2026-07-01,194.5,213.5,19.0,9.768637532133685,-0.6726,193.19,False,10.441237532133684,方向錯,False
2026-07-02,2492.TW,華新科,legacy_news_json,C:\Users\danie\OneDrive\桌面\hiu\trading-system\news\2026-07-02_pre_market.json,,False,legacy_timestamp_unverified;base_price_mismatch,2026-07-01,599.815673828125,558.0374755859375,-41.7781982421875,-6.965172813099729,1.7044,613.28,,,,False
2026-07-02,3026.TW,禾伸堂,legacy_news_json,C:\Users\danie\OneDrive\桌面\hiu\trading-system\news\2026-07-02_pre_market.json,,False,legacy_timestamp_unverified,2026-07-01,899.0,899.0,0.0,0.0,-0.2747,896.53,False,0.2747,方向錯,False
2026-07-02,3357.TWO,臺慶科,legacy_news_json,C:\Users\danie\OneDrive\桌面\hiu\trading-system\news\2026-07-02_pre_market.json,,False,legacy_timestamp_unverified,2026-07-01,305.5,299.0,-6.5,-2.127659574468088,1.0345,308.66,False,3.162159574468088,方向錯,False
2026-07-02,3675.TWO,德微,legacy_news_json,C:\Users\danie\OneDrive\桌面\hiu\trading-system\news\2026-07-02_pre_market.json,,False,legacy_timestamp_unverified;base_price_mismatch,2026-07-01,386.9815368652344,401.2776794433594,14.296142578125,3.694269936992778,-0.5069,390.51,,,,False
2026-07-02,5425.TWO,台半,legacy_news_json,C:\Users\danie\OneDrive\桌面\hiu\trading-system\news\2026-07-02_pre_market.json,,False,legacy_timestamp_unverified;base_price_mismatch,2026-07-01,118.61036682128906,130.32496643066406,11.714599609375,9.876539398133266,0.6676,122.31,,,,False
2026-07-02,8255.TWO,朋程,legacy_news_json,C:\Users\danie\OneDrive\桌面\hiu\trading-system\news\2026-07-02_pre_market.json,,False,legacy_timestamp_unverified;base_price_mismatch,2026-07-01,178.24684143066406,191.5048828125,13.258041381835938,7.438023179217557,-0.918,179.83,,,,False
2026-07-02,8261.TW,富鼎,legacy_news_json,C:\Users\danie\OneDrive\桌面\hiu\trading-system\news\2026-07-02_pre_market.json,,False,legacy_timestamp_unverified;base_price_mismatch,2026-07-01,293.2255859375,322.3017272949219,29.076141357421875,9.915963255545979,1.3005,301.37,,,,False
2026-07-03,2327.TW,國巨,legacy_news_json,C:\Users\danie\OneDrive\桌面\hiu\trading-system\news\2026-07-03_pre_market.json,,False,legacy_timestamp_unverified,2026-07-02,1055.0,1045.0,-10.0,-0.9478672985781977,2.0118,1076.22,False,2.9596672985781978,方向錯,False
2026-07-03,2472.TW,立隆電,legacy_news_json,C:\Users\danie\OneDrive\桌面\hiu\trading-system\news\2026-07-03_pre_market.json,,False,legacy_timestamp_unverified;base_price_mismatch,2026-07-02,421.5982971191406,418.6431579589844,-2.95513916015625,-0.7009371670495979,0.8658,431.71,,,,False
2026-07-03,2481.TW,強茂,legacy_news_json,C:\Users\danie\OneDrive\桌面\hiu\trading-system\news\2026-07-03_pre_market.json,,False,legacy_timestamp_unverified,2026-07-02,213.5,207.0,-6.5,-3.0444964871194413,-0.856,211.67,True,2.1884964871194414,方向對、幅度偏差,False
2026-07-03,2492.TW,華新科,legacy_news_json,C:\Users\danie\OneDrive\桌面\hiu\trading-system\news\2026-07-03_pre_market.json,,False,legacy_timestamp_unverified;base_price_mismatch,2026-07-02,558.0374755859375,560.0269165039062,1.98944091796875,0.3565066872757594,1.6901,570.48,,,,False
2026-07-03,3026.TW,禾伸堂,legacy_news_json,C:\Users\danie\OneDrive\桌面\hiu\trading-system\news\2026-07-03_pre_market.json,,False,legacy_timestamp_unverified,2026-07-02,899.0,988.0,89.0,9.899888765294772,-0.2111,897.1,False,10.110988765294772,方向錯,False
2026-07-03,3357.TWO,臺慶科,legacy_news_json,C:\Users\danie\OneDrive\桌面\hiu\trading-system\news\2026-07-03_pre_market.json,,False,legacy_timestamp_unverified,2026-07-02,299.0,292.0,-7.0,-2.341137123745818,1.0161,302.04,False,3.3572371237458176,方向錯,False
2026-07-03,3675.TWO,德微,legacy_news_json,C:\Users\danie\OneDrive\桌面\hiu\trading-system\news\2026-07-03_pre_market.json,,False,legacy_timestamp_unverified;base_price_mismatch,2026-07-02,401.2776794433594,411.6300354003906,10.35235595703125,2.5798484409578215,-1.9646,399.0,,,,False
2026-07-03,5425.TWO,台半,legacy_news_json,C:\Users\danie\OneDrive\桌面\hiu\trading-system\news\2026-07-03_pre_market.json,,False,legacy_timestamp_unverified;base_price_mismatch,2026-07-02,130.32496643066406,127.88442993164062,-2.4405364990234375,-1.8726546155082735,0.604,134.31,,,,False
2026-07-03,8255.TWO,朋程,legacy_news_json,C:\Users\danie\OneDrive\桌面\hiu\trading-system\news\2026-07-03_pre_market.json,,False,legacy_timestamp_unverified,2026-07-02,191.5048828125,186.5,-5.0048828125,-2.6134491919979963,-1.199,189.2,True,1.4144491919979962,方向對、幅度偏差,False
2026-07-03,8261.TW,富鼎,legacy_news_json,C:\Users\danie\OneDrive\桌面\hiu\trading-system\news\2026-07-03_pre_market.json,,False,legacy_timestamp_unverified;base_price_mismatch,2026-07-02,322.3017272949219,315.4022827148437,-6.899444580078182,-2.140678747825897,1.2888,331.21,,,,False
2026-07-06,2327.TW,國巨,legacy_news_json,C:\Users\danie\OneDrive\桌面\hiu\trading-system\news\2026-07-06_pre_market.json,,False,legacy_timestamp_unverified,2026-07-03,1045.0,1005.0,-40.0,-3.8277511961722466,1.9497,1065.37,False,5.777451196172247,方向錯,False
2026-07-06,2472.TW,立隆電,legacy_news_json,C:\Users\danie\OneDrive\桌面\hiu\trading-system\news\2026-07-06_pre_market.json,,False,legacy_timestamp_unverified;base_price_mismatch,2026-07-03,418.6431579589844,398.94232177734375,-19.700836181640625,-4.7058779791573135,0.8417,428.58,,,,False
2026-07-06,2481.TW,強茂,legacy_news_json,C:\Users\danie\OneDrive\桌面\hiu\trading-system\news\2026-07-06_pre_market.json,,False,legacy_timestamp_unverified,2026-07-03,207.0,227.5,20.5,9.903381642512077,-1.0467,204.83,False,10.950081642512076,方向錯,False
2026-07-06,2492.TW,華新科,legacy_news_json,C:\Users\danie\OneDrive\桌面\hiu\trading-system\news\2026-07-06_pre_market.json,,False,legacy_timestamp_unverified;base_price_mismatch,2026-07-03,560.0269165039062,554.05859375,-5.96832275390625,-1.0657206962773946,1.6837,572.48,,,,False
2026-07-06,3026.TW,禾伸堂,legacy_news_json,C:\Users\danie\OneDrive\桌面\hiu\trading-system\news\2026-07-06_pre_market.json,,False,legacy_timestamp_unverified,2026-07-03,988.0,963.0,-25.0,-2.53036437246964,-0.1694,986.33,True,2.36096437246964,方向對、幅度偏差,False
2026-07-06,3357.TWO,臺慶科,legacy_news_json,C:\Users\danie\OneDrive\桌面\hiu\trading-system\news\2026-07-06_pre_market.json,,False,legacy_timestamp_unverified,2026-07-03,292.0,284.0,-8.0,-2.73972602739726,1.0483,295.06,False,3.78802602739726,方向錯,False
2026-07-06,3675.TWO,德微,legacy_news_json,C:\Users\danie\OneDrive\桌面\hiu\trading-system\news\2026-07-06_pre_market.json,,False,legacy_timestamp_unverified;base_price_mismatch,2026-07-03,411.6300354003906,443.673095703125,32.043060302734375,7.784432025609167,-2.2243,408.21,,,,False
2026-07-06,5425.TWO,台半,legacy_news_json,C:\Users\danie\OneDrive\桌面\hiu\trading-system\news\2026-07-06_pre_market.json,,False,legacy_timestamp_unverified;base_price_mismatch,2026-07-03,127.88442993164062,140.57525634765625,12.690826416015625,9.923668129731954,0.5845,131.77,,,,False
2026-07-06,8255.TWO,朋程,legacy_news_json,C:\Users\danie\OneDrive\桌面\hiu\trading-system\news\2026-07-06_pre_market.json,,False,legacy_timestamp_unverified,2026-07-03,186.5,202.0,15.5,8.310991957104562,-1.6478,183.43,False,9.958791957104562,方向錯,False
2026-07-06,8261.TW,富鼎,legacy_news_json,C:\Users\danie\OneDrive\桌面\hiu\trading-system\news\2026-07-06_pre_market.json,,False,legacy_timestamp_unverified;base_price_mismatch,2026-07-03,315.4022827148437,346.9425354003906,31.540252685546932,10.000007740610606,1.2635,324.04,,,,False
2026-07-07,2327.TW,國巨,legacy_news_json,C:\Users\danie\OneDrive\桌面\hiu\trading-system\news\2026-07-07_pre_market.json,,False,legacy_timestamp_unverified,2026-07-06,1005.0,905.0,-100.0,-9.950248756218905,1.8523,1023.62,False,11.802548756218904,方向錯,False
2026-07-07,2472.TW,立隆電,legacy_news_json,C:\Users\danie\OneDrive\桌面\hiu\trading-system\news\2026-07-07_pre_market.json,,False,legacy_timestamp_unverified;base_price_mismatch,2026-07-06,398.94232177734375,363.4807739257813,-35.46154785156244,-8.888890928787973,0.7888,408.19,,,,False
2026-07-07,2481.TW,強茂,legacy_news_json,C:\Users\danie\OneDrive\桌面\hiu\trading-system\news\2026-07-07_pre_market.json,,False,legacy_timestamp_unverified,2026-07-06,227.5,216.0,-11.5,-5.054945054945059,-1.011,225.2,True,4.043945054945059,方向對、幅度偏差,False
2026-07-07,2492.TW,華新科,legacy_news_json,C:\Users\danie\OneDrive\桌面\hiu\trading-system\news\2026-07-07_pre_market.json,,False,legacy_timestamp_unverified;base_price_mismatch,2026-07-06,554.05859375,499.3490295410156,-54.709564208984375,-9.874328243642438,1.665,566.27,,,,False
2026-07-07,3026.TW,禾伸堂,legacy_news_json,C:\Users\danie\OneDrive\桌面\hiu\trading-system\news\2026-07-07_pre_market.json,,False,legacy_timestamp_unverified,2026-07-06,963.0,867.0,-96.0,-9.968847352024923,-0.0743,962.28,True,9.894547352024924,方向對、幅度偏差,False
2026-07-07,3357.TWO,臺慶科,legacy_news_json,C:\Users\danie\OneDrive\桌面\hiu\trading-system\news\2026-07-07_pre_market.json,,False,legacy_timestamp_unverified,2026-07-06,284.0,262.5,-21.5,-7.570422535211263,1.0493,286.98,False,8.619722535211263,方向錯,False
2026-07-07,3675.TWO,德微,legacy_news_json,C:\Users\danie\OneDrive\桌面\hiu\trading-system\news\2026-07-07_pre_market.json,,False,legacy_timestamp_unverified;base_price_mismatch,2026-07-06,443.673095703125,399.3057861328125,-44.3673095703125,-9.999999999999998,0.0942,450.42,,,,False
2026-07-07,5425.TWO,台半,legacy_news_json,C:\Users\danie\OneDrive\桌面\hiu\trading-system\news\2026-07-07_pre_market.json,,False,legacy_timestamp_unverified;base_price_mismatch,2026-07-06,140.57525634765625,127.88442993164062,-12.690826416015625,-9.027781094440957,0.591,144.85,,,,False
2026-07-07,8255.TWO,朋程,legacy_news_json,C:\Users\danie\OneDrive\桌面\hiu\trading-system\news\2026-07-07_pre_market.json,,False,legacy_timestamp_unverified,2026-07-06,202.0,182.5,-19.5,-9.65346534653465,-0.1223,201.75,True,9.531165346534651,方向對、幅度偏差,False
2026-07-07,8261.TW,富鼎,legacy_news_json,C:\Users\danie\OneDrive\桌面\hiu\trading-system\news\2026-07-07_pre_market.json,,False,legacy_timestamp_unverified;base_price_mismatch,2026-07-06,346.9425354003906,337.0862121582031,-9.8563232421875,-2.840909440755879,1.2568,356.42,,,,False
2026-07-08,2327.TW,國巨,legacy_news_json,C:\Users\danie\OneDrive\桌面\hiu\trading-system\news\2026-07-08_pre_market.json,,False,legacy_timestamp_unverified,2026-07-07,905.0,891.0,-14.0,-1.5469613259668558,1.6639,920.06,False,3.2108613259668557,方向錯,False
2026-07-08,2472.TW,立隆電,legacy_news_json,C:\Users\danie\OneDrive\桌面\hiu\trading-system\news\2026-07-08_pre_market.json,,False,legacy_timestamp_unverified;base_price_mismatch,2026-07-07,363.4807739257813,345.75,-17.730773925781307,-4.878050009159973,0.7389,371.73,,,,False
2026-07-08,2481.TW,強茂,legacy_news_json,C:\Users\danie\OneDrive\桌面\hiu\trading-system\news\2026-07-08_pre_market.json,,False,legacy_timestamp_unverified,2026-07-07,216.0,211.5,-4.5,-2.083333333333337,-1.3417,213.1,True,0.7416333333333371,準確,False
2026-07-08,2492.TW,華新科,legacy_news_json,C:\Users\danie\OneDrive\桌面\hiu\trading-system\news\2026-07-08_pre_market.json,,False,legacy_timestamp_unverified;base_price_mismatch,2026-07-07,499.3490295410156,471.4969177246094,-27.85211181640625,-5.577684178540798,1.6476,510.27,,,,False
2026-07-08,3026.TW,禾伸堂,legacy_news_json,C:\Users\danie\OneDrive\桌面\hiu\trading-system\news\2026-07-08_pre_market.json,,False,legacy_timestamp_unverified,2026-07-07,867.0,953.0,86.0,9.919261822376013,-0.0084,866.93,False,9.927661822376013,方向錯,False
2026-07-08,3357.TWO,臺慶科,legacy_news_json,C:\Users\danie\OneDrive\桌面\hiu\trading-system\news\2026-07-08_pre_market.json,,False,legacy_timestamp_unverified,2026-07-07,262.5,272.0,9.5,3.6190476190476106,1.1303,265.47,True,2.4887476190476105,方向對、幅度偏差,False
2026-07-08,3675.TWO,德微,legacy_news_json,C:\Users\danie\OneDrive\桌面\hiu\trading-system\news\2026-07-08_pre_market.json,,False,legacy_timestamp_unverified;base_price_mismatch,2026-07-07,399.3057861328125,433.8136901855469,34.507904052734375,8.64197445945769,-2.8332,393.53,,,,False
2026-07-08,5425.TWO,台半,legacy_news_json,C:\Users\danie\OneDrive\桌面\hiu\trading-system\news\2026-07-08_pre_market.json,,False,legacy_timestamp_unverified;base_price_mismatch,2026-07-07,127.88442993164062,132.76551818847656,4.8810882568359375,3.8167963523355164,0.593,131.78,,,,False
2026-07-08,8255.TWO,朋程,legacy_news_json,C:\Users\danie\OneDrive\桌面\hiu\trading-system\news\2026-07-08_pre_market.json,,False,legacy_timestamp_unverified,2026-07-07,182.5,181.5,-1.0,-0.5479452054794498,-0.9691,180.73,True,0.42115479452055016,準確,False
2026-07-08,8261.TW,富鼎,legacy_news_json,C:\Users\danie\OneDrive\桌面\hiu\trading-system\news\2026-07-08_pre_market.json,,False,legacy_timestamp_unverified;base_price_mismatch,2026-07-07,337.0862121582031,343.0,5.913787841796875,1.7543843766061107,1.2186,346.17,,,,False
2026-07-09,2327.TW,國巨,legacy_news_json,C:\Users\danie\OneDrive\桌面\hiu\trading-system\news\2026-07-09_pre_market.json,,False,legacy_timestamp_unverified,2026-07-08,891.0,900.0,9.0,1.0101010101010166,1.5349,904.68,True,0.5247989898989833,準確,False
2026-07-09,2472.TW,立隆電,legacy_news_json,C:\Users\danie\OneDrive\桌面\hiu\trading-system\news\2026-07-09_pre_market.json,,False,legacy_timestamp_unverified;base_price_mismatch,2026-07-08,345.75,370.3760681152344,24.626068115234375,7.122507047067073,0.7183,353.52,,,,False
2026-07-09,2481.TW,強茂,legacy_news_json,C:\Users\danie\OneDrive\桌面\hiu\trading-system\news\2026-07-09_pre_market.json,,False,legacy_timestamp_unverified,2026-07-08,211.5,213.0,1.5,0.7092198581560183,-1.3471,208.65,False,2.0563198581560185,方向錯,False
2026-07-09,2492.TW,華新科,legacy_news_json,C:\Users\danie\OneDrive\桌面\hiu\trading-system\news\2026-07-09_pre_market.json,,False,legacy_timestamp_unverified,2026-07-08,471.4969177246094,465.5,-5.996917724609375,-1.2718890620854628,1.6171,479.12,False,2.8889890620854626,方向錯,False
2026-07-09,3026.TW,禾伸堂,legacy_news_json,C:\Users\danie\OneDrive\桌面\hiu\trading-system\news\2026-07-09_pre_market.json,,False,legacy_timestamp_unverified,2026-07-08,953.0,1005.0,52.0,5.456453305351516,-0.0166,952.84,False,5.473053305351517,方向錯,False
2026-07-09,3357.TWO,臺慶科,legacy_news_json,C:\Users\danie\OneDrive\桌面\hiu\trading-system\news\2026-07-09_pre_market.json,,False,legacy_timestamp_unverified,2026-07-08,272.0,275.0,3.0,1.1029411764705843,1.2098,275.29,True,0.10685882352941567,準確,False
2026-07-09,3675.TWO,德微,legacy_news_json,C:\Users\danie\OneDrive\桌面\hiu\trading-system\news\2026-07-09_pre_market.json,,False,legacy_timestamp_unverified;base_price_mismatch,2026-07-08,433.8136901855469,390.4323120117188,-43.38137817382807,-10.000002110415963,0.4906,442.16,,,,False
2026-07-09,5425.TWO,台半,legacy_news_json,C:\Users\danie\OneDrive\桌面\hiu\trading-system\news\2026-07-09_pre_market.json,,False,legacy_timestamp_unverified;base_price_mismatch,2026-07-08,132.76551818847656,127.39632415771484,-5.369194030761719,-4.044117858327867,0.6353,136.86,,,,False
2026-07-09,8255.TWO,朋程,legacy_news_json,C:\Users\danie\OneDrive\桌面\hiu\trading-system\news\2026-07-09_pre_market.json,,False,legacy_timestamp_unverified,2026-07-08,181.5,176.5,-5.0,-2.754820936639113,1.5881,184.38,False,4.342920936639113,方向錯,False
2026-07-09,8261.TW,富鼎,legacy_news_json,C:\Users\danie\OneDrive\桌面\hiu\trading-system\news\2026-07-09_pre_market.json,,False,legacy_timestamp_unverified,2026-07-08,343.0,325.0,-18.0,-5.247813411078717,1.2059,347.14,False,6.453713411078716,方向錯,False
2026-07-14,2327.TW,國巨,legacy_news_json,C:\Users\danie\OneDrive\桌面\hiu\trading-system\news\2026-07-14_pre_market.json,,False,legacy_timestamp_unverified,2026-07-13,816.0,778.0,-38.0,-4.656862745098033,1.3655,827.14,False,6.022362745098033,方向錯,False
2026-07-14,2472.TW,立隆電,legacy_news_json,C:\Users\danie\OneDrive\桌面\hiu\trading-system\news\2026-07-14_pre_market.json,,False,legacy_timestamp_unverified;base_price_mismatch,2026-07-13,337.8696594238281,316.19873046875,-21.670928955078125,-6.4139908247558335,0.7123,345.44,,,,False
2026-07-14,2481.TW,強茂,legacy_news_json,C:\Users\danie\OneDrive\桌面\hiu\trading-system\news\2026-07-14_pre_market.json,,False,legacy_timestamp_unverified,2026-07-13,192.0,176.0,-16.0,-8.333333333333337,-1.4756,189.17,True,6.8577333333333375,方向對、幅度偏差,False
2026-07-14,2492.TW,華新科,legacy_news_json,C:\Users\danie\OneDrive\桌面\hiu\trading-system\news\2026-07-14_pre_market.json,,False,legacy_timestamp_unverified,2026-07-13,419.0,390.0,-29.0,-6.921241050119331,1.4503,425.08,False,8.371541050119331,方向錯,False
2026-07-14,3026.TW,禾伸堂,legacy_news_json,C:\Users\danie\OneDrive\桌面\hiu\trading-system\news\2026-07-14_pre_market.json,,False,legacy_timestamp_unverified,2026-07-13,905.0,815.0,-90.0,-9.944751381215466,0.1031,905.93,False,10.047851381215466,方向錯,False
2026-07-14,3357.TWO,臺慶科,legacy_news_json,C:\Users\danie\OneDrive\桌面\hiu\trading-system\news\2026-07-14_pre_market.json,,False,legacy_timestamp_unverified,2026-07-13,258.0,246.0,-12.0,-4.651162790697672,1.0624,260.74,False,5.713562790697672,方向錯,False
2026-07-14,3675.TWO,德微,legacy_news_json,C:\Users\danie\OneDrive\桌面\hiu\trading-system\news\2026-07-14_pre_market.json,,False,legacy_timestamp_unverified;base_price_mismatch,2026-07-13,351.4877014160156,327.3321533203125,-24.155548095703125,-6.8723736274097895,-2.5378,347.45,,,,False
2026-07-14,5425.TWO,台半,legacy_news_json,C:\Users\danie\OneDrive\桌面\hiu\trading-system\news\2026-07-14_pre_market.json,,False,legacy_timestamp_unverified;base_price_mismatch,2026-07-13,114.70549774169922,104.4552230834961,-10.250274658203125,-8.93616684466626,0.7037,118.33,,,,False
2026-07-14,8255.TWO,朋程,legacy_news_json,C:\Users\danie\OneDrive\桌面\hiu\trading-system\news\2026-07-14_pre_market.json,,False,legacy_timestamp_unverified,2026-07-13,176.5,169.0,-7.5,-4.249291784702547,-0.1233,176.28,True,4.1259917847025465,方向對、幅度偏差,False
2026-07-14,8261.TW,富鼎,legacy_news_json,C:\Users\danie\OneDrive\桌面\hiu\trading-system\news\2026-07-14_pre_market.json,,False,legacy_timestamp_unverified,2026-07-13,292.5,307.0,14.5,4.957264957264962,1.061,295.6,True,3.896264957264962,方向對、幅度偏差,False
2026-07-15,2327.TW,國巨,legacy_news_json,C:\Users\danie\OneDrive\桌面\hiu\trading-system\news\2026-07-15_pre_market.json,,False,legacy_timestamp_unverified,2026-07-14,778.0,798.0,20.0,2.570694087403602,1.2921,788.05,True,1.2785940874036021,方向對、幅度偏差,False
2026-07-15,2472.TW,立隆電,legacy_news_json,C:\Users\danie\OneDrive\桌面\hiu\trading-system\news\2026-07-15_pre_market.json,,False,legacy_timestamp_unverified;base_price_mismatch,2026-07-14,316.19873046875,335.8995666503906,19.700836181640625,6.230523491487472,0.7032,323.26,,,,False
2026-07-15,2481.TW,強茂,legacy_news_json,C:\Users\danie\OneDrive\桌面\hiu\trading-system\news\2026-07-15_pre_market.json,,False,legacy_timestamp_unverified,2026-07-14,176.0,174.5,-1.5,-0.8522727272727293,-1.2524,173.8,True,0.40012727272727067,準確,False
2026-07-15,2492.TW,華新科,legacy_news_json,C:\Users\danie\OneDrive\桌面\hiu\trading-system\news\2026-07-15_pre_market.json,,False,legacy_timestamp_unverified,2026-07-14,390.0,379.0,-11.0,-2.8205128205128216,1.3744,395.36,False,4.194912820512822,方向錯,False
2026-07-15,3026.TW,禾伸堂,legacy_news_json,C:\Users\danie\OneDrive\桌面\hiu\trading-system\news\2026-07-15_pre_market.json,,False,legacy_timestamp_unverified,2026-07-14,815.0,838.0,23.0,2.822085889570558,0.1505,816.23,True,2.671585889570558,方向對、幅度偏差,False
2026-07-15,3357.TWO,臺慶科,legacy_news_json,C:\Users\danie\OneDrive\桌面\hiu\trading-system\news\2026-07-15_pre_market.json,,False,legacy_timestamp_unverified,2026-07-14,246.0,250.0,4.0,1.6260162601626105,1.0751,248.64,True,0.5509162601626105,準確,False
2026-07-15,3675.TWO,德微,legacy_news_json,C:\Users\danie\OneDrive\桌面\hiu\trading-system\news\2026-07-15_pre_market.json,,False,legacy_timestamp_unverified;base_price_mismatch,2026-07-14,327.3321533203125,319.44464111328125,-7.88751220703125,-2.4096356337206193,-0.2266,331.25,,,,False
2026-07-15,5425.TWO,台半,legacy_news_json,C:\Users\danie\OneDrive\桌面\hiu\trading-system\news\2026-07-15_pre_market.json,,False,legacy_timestamp_unverified;base_price_mismatch,2026-07-14,104.4552230834961,104.94332885742188,0.48810577392578125,0.46728709155654524,0.773,107.83,,,,False
2026-07-15,8255.TWO,朋程,legacy_news_json,C:\Users\danie\OneDrive\桌面\hiu\trading-system\news\2026-07-15_pre_market.json,,False,legacy_timestamp_unverified,2026-07-14,169.0,171.5,2.5,1.4792899408283988,-0.1426,168.76,False,1.6218899408283989,方向錯,False
2026-07-15,8261.TW,富鼎,legacy_news_json,C:\Users\danie\OneDrive\桌面\hiu\trading-system\news\2026-07-15_pre_market.json,,False,legacy_timestamp_unverified,2026-07-14,307.0,304.0,-3.0,-0.9771986970684043,1.0349,310.18,False,2.0120986970684043,方向錯,False
2026-07-17,2327.TW,國巨,legacy_news_json,C:\Users\danie\OneDrive\桌面\hiu\trading-system\news\2026-07-17_pre_market.json,,False,legacy_timestamp_unverified,2026-07-16,776.0,699.0,-77.0,-9.922680412371133,1.2761,785.9,False,11.198780412371132,方向錯,False
2026-07-17,2472.TW,立隆電,legacy_news_json,C:\Users\danie\OneDrive\桌面\hiu\trading-system\news\2026-07-17_pre_market.json,,False,legacy_timestamp_unverified;base_price_mismatch,2026-07-16,315.21368408203125,283.6923217773437,-31.521362304687557,-9.99999806368953,0.6782,322.17,,,,False
2026-07-17,2481.TW,強茂,legacy_news_json,C:\Users\danie\OneDrive\桌面\hiu\trading-system\news\2026-07-17_pre_market.json,,False,legacy_timestamp_unverified,2026-07-16,167.0,151.5,-15.5,-9.281437125748504,-0.8991,165.5,True,8.382337125748503,方向對、幅度偏差,False
2026-07-17,2492.TW,華新科,legacy_news_json,C:\Users\danie\OneDrive\桌面\hiu\trading-system\news\2026-07-17_pre_market.json,,False,legacy_timestamp_unverified,2026-07-16,341.5,307.5,-34.0,-9.956076134699854,1.141,345.4,False,11.097076134699854,方向錯,False
2026-07-17,3026.TW,禾伸堂,legacy_news_json,C:\Users\danie\OneDrive\桌面\hiu\trading-system\news\2026-07-17_pre_market.json,,False,legacy_timestamp_unverified,2026-07-16,766.0,690.0,-76.0,-9.921671018276768,0.2576,767.97,False,10.179271018276769,方向錯,False
2026-07-17,3357.TWO,臺慶科,legacy_news_json,C:\Users\danie\OneDrive\桌面\hiu\trading-system\news\2026-07-17_pre_market.json,,False,legacy_timestamp_unverified,2026-07-16,236.5,218.0,-18.5,-7.822410147991543,1.0239,238.92,False,8.846310147991543,方向錯,False
2026-07-17,3675.TWO,德微,legacy_news_json,C:\Users\danie\OneDrive\桌面\hiu\trading-system\news\2026-07-17_pre_market.json,,False,legacy_timestamp_unverified;base_price_mismatch,2026-07-16,312.5430603027344,281.4859313964844,-31.05712890625,-9.936912013393462,-0.9882,313.87,,,,False
2026-07-17,5425.TWO,台半,legacy_news_json,C:\Users\danie\OneDrive\桌面\hiu\trading-system\news\2026-07-17_pre_market.json,,False,legacy_timestamp_unverified;base_price_mismatch,2026-07-16,99.57413482666016,90.3000717163086,-9.274063110351562,-9.313727030112751,0.7424,102.76,,,,False
2026-07-17,8255.TWO,朋程,legacy_news_json,C:\Users\danie\OneDrive\桌面\hiu\trading-system\news\2026-07-17_pre_market.json,,False,legacy_timestamp_unverified,2026-07-16,164.5,150.5,-14.0,-8.510638297872342,-1.0902,162.71,True,7.420438297872342,方向對、幅度偏差,False
2026-07-17,8261.TW,富鼎,legacy_news_json,C:\Users\danie\OneDrive\桌面\hiu\trading-system\news\2026-07-17_pre_market.json,,False,legacy_timestamp_unverified,2026-07-16,278.5,251.0,-27.5,-9.874326750448837,0.9327,281.1,False,10.807026750448838,方向錯,False
2026-07-21,2327.TW,國巨,legacy_news_json,C:\Users\danie\OneDrive\桌面\hiu\trading-system\news\2026-07-21_pre_market.json,,False,legacy_timestamp_unverified,2026-07-20,630.0,670.0,40.0,6.349206349206349,1.072,636.75,True,5.277206349206349,方向對、幅度偏差,False
2026-07-21,2472.TW,立隆電,legacy_news_json,C:\Users\danie\OneDrive\桌面\hiu\trading-system\news\2026-07-21_pre_market.json,,False,legacy_timestamp_unverified;base_price_mismatch,2026-07-20,261.5288391113281,268.9166564941406,7.3878173828125,2.8248576363189004,0.5483,266.96,,,,False
2026-07-21,2481.TW,強茂,legacy_news_json,C:\Users\danie\OneDrive\桌面\hiu\trading-system\news\2026-07-21_pre_market.json,,False,legacy_timestamp_unverified,2026-07-20,139.5,143.5,4.0,2.8673835125448077,-0.3261,139.05,False,3.1934835125448076,方向錯,False
2026-07-21,2492.TW,華新科,legacy_news_json,C:\Users\danie\OneDrive\桌面\hiu\trading-system\news\2026-07-21_pre_market.json,,False,legacy_timestamp_unverified,2026-07-20,277.0,273.0,-4.0,-1.4440433212996373,0.7994,279.21,False,2.243443321299637,方向錯,False
2026-07-21,3026.TW,禾伸堂,legacy_news_json,C:\Users\danie\OneDrive\桌面\hiu\trading-system\news\2026-07-21_pre_market.json,,False,legacy_timestamp_unverified,2026-07-20,621.0,682.0,61.0,9.822866344605474,0.242,622.5,True,9.580866344605475,方向對、幅度偏差,False
2026-07-21,3357.TWO,臺慶科,legacy_news_json,C:\Users\danie\OneDrive\桌面\hiu\trading-system\news\2026-07-21_pre_market.json,,False,legacy_timestamp_unverified,2026-07-20,207.5,219.0,11.5,5.542168674698789,1.0253,209.63,True,4.516868674698788,方向對、幅度偏差,False
2026-07-21,3675.TWO,德微,legacy_news_json,C:\Users\danie\OneDrive\桌面\hiu\trading-system\news\2026-07-21_pre_market.json,,False,legacy_timestamp_unverified;base_price_mismatch,2026-07-20,260.7811889648437,263.739013671875,2.957824707031307,1.1342170494629045,0.5056,265.84,,,,False
2026-07-21,5425.TWO,台半,legacy_news_json,C:\Users\danie\OneDrive\桌面\hiu\trading-system\news\2026-07-21_pre_market.json,,False,legacy_timestamp_unverified;base_price_mismatch,2026-07-20,83.95466613769531,87.37142181396484,3.4167556762695312,4.069762686764378,0.8099,86.7,,,,False
2026-07-21,8255.TWO,朋程,legacy_news_json,C:\Users\danie\OneDrive\桌面\hiu\trading-system\news\2026-07-21_pre_market.json,,False,legacy_timestamp_unverified,2026-07-20,146.0,148.0,2.0,1.3698630136986356,0.3351,146.49,True,1.0347630136986357,方向對、幅度偏差,False
2026-07-21,8261.TW,富鼎,legacy_news_json,C:\Users\danie\OneDrive\桌面\hiu\trading-system\news\2026-07-21_pre_market.json,,False,legacy_timestamp_unverified,2026-07-20,229.0,243.5,14.5,6.331877729257651,0.7567,230.73,True,5.575177729257651,方向對、幅度偏差,False
2026-07-23,2327.TW,國巨,legacy_news_json,C:\Users\danie\OneDrive\桌面\hiu\trading-system\news\2026-07-23_pre_market.json,,False,legacy_timestamp_unverified;base_price_mismatch,2026-07-22,703.0,696.0,-7.0,-0.9957325746799417,1.1457,703.97,,,,False
2026-07-23,2472.TW,立隆電,legacy_news_json,C:\Users\danie\OneDrive\桌面\hiu\trading-system\news\2026-07-23_pre_market.json,,False,legacy_timestamp_unverified;base_price_mismatch,2026-07-22,278.2745666503906,271.8717956542969,-6.40277099609375,-2.3008825683081047,0.5144,277.42,,,,False
2026-07-23,2481.TW,強茂,legacy_news_json,C:\Users\danie\OneDrive\桌面\hiu\trading-system\news\2026-07-23_pre_market.json,,False,legacy_timestamp_unverified;base_price_mismatch,2026-07-22,157.5,144.5,-13.0,-8.253968253968258,0.619,145.39,,,,False
2026-07-23,2492.TW,華新科,legacy_news_json,C:\Users\danie\OneDrive\桌面\hiu\trading-system\news\2026-07-23_pre_market.json,,False,legacy_timestamp_unverified,2026-07-22,300.0,300.0,0.0,0.0,0.4218,301.27,False,0.4218,方向錯,False
2026-07-23,3026.TW,禾伸堂,legacy_news_json,C:\Users\danie\OneDrive\桌面\hiu\trading-system\news\2026-07-23_pre_market.json,,False,legacy_timestamp_unverified;base_price_mismatch,2026-07-22,663.0,697.0,34.0,5.128205128205132,0.1414,697.99,,,,False
2026-07-23,3357.TWO,臺慶科,legacy_news_json,C:\Users\danie\OneDrive\桌面\hiu\trading-system\news\2026-07-23_pre_market.json,,False,legacy_timestamp_unverified;base_price_mismatch,2026-07-22,219.0,214.0,-5.0,-2.2831050228310557,1.0393,216.22,,,,False
2026-07-23,3675.TWO,德微,legacy_news_json,C:\Users\danie\OneDrive\桌面\hiu\trading-system\news\2026-07-23_pre_market.json,,False,legacy_timestamp_unverified;base_price_mismatch,2026-07-22,269.16168212890625,259.7952575683594,-9.366424560546875,-3.479850655733807,2.3425,269.67,,,,False
2026-07-23,5425.TWO,台半,legacy_news_json,C:\Users\danie\OneDrive\桌面\hiu\trading-system\news\2026-07-23_pre_market.json,,False,legacy_timestamp_unverified;base_price_mismatch,2026-07-22,90.59294128417967,86.68807220458984,-3.9048690795898295,-4.310345843988772,0.7952,89.51,,,,False
2026-07-23,8255.TWO,朋程,legacy_news_json,C:\Users\danie\OneDrive\桌面\hiu\trading-system\news\2026-07-23_pre_market.json,,False,legacy_timestamp_unverified;base_price_mismatch,2026-07-22,152.0,149.5,-2.5,-1.6447368421052655,0.3655,150.05,,,,False
2026-07-23,8261.TW,富鼎,legacy_news_json,C:\Users\danie\OneDrive\桌面\hiu\trading-system\news\2026-07-23_pre_market.json,,False,legacy_timestamp_unverified;base_price_mismatch,2026-07-22,254.0,235.0,-19.0,-7.480314960629919,0.5447,236.28,,,,False
2026-07-24,2327.TW,國巨,legacy_news_json,C:\Users\danie\OneDrive\桌面\hiu\trading-system\news\2026-07-24_pre_market.json,,False,legacy_timestamp_unverified;base_price_mismatch,2026-07-23,696.0,642.0,-54.0,-7.758620689655171,1.1455,649.35,,,,False
2026-07-24,2472.TW,立隆電,legacy_news_json,C:\Users\danie\OneDrive\桌面\hiu\trading-system\news\2026-07-24_pre_market.json,,False,legacy_timestamp_unverified;base_price_mismatch,2026-07-23,271.8717956542969,254.633544921875,-17.238250732421875,-6.3405807472362685,0.4431,259.65,,,,False
2026-07-24,2481.TW,強茂,legacy_news_json,C:\Users\danie\OneDrive\桌面\hiu\trading-system\news\2026-07-24_pre_market.json,,False,legacy_timestamp_unverified;base_price_mismatch,2026-07-23,144.5,140.0,-4.5,-3.114186851211076,0.7014,140.98,,,,False
2026-07-24,2492.TW,華新科,legacy_news_json,C:\Users\danie\OneDrive\桌面\hiu\trading-system\news\2026-07-24_pre_market.json,,False,legacy_timestamp_unverified;base_price_mismatch,2026-07-23,300.0,274.0,-26.0,-8.666666666666668,0.3033,274.83,,,,False
2026-07-24,3026.TW,禾伸堂,legacy_news_json,C:\Users\danie\OneDrive\桌面\hiu\trading-system\news\2026-07-24_pre_market.json,,False,legacy_timestamp_unverified;base_price_mismatch,2026-07-23,697.0,640.0,-57.0,-8.177905308464851,0.1782,641.14,,,,False
2026-07-24,3357.TWO,臺慶科,legacy_news_json,C:\Users\danie\OneDrive\桌面\hiu\trading-system\news\2026-07-24_pre_market.json,,False,legacy_timestamp_unverified;base_price_mismatch,2026-07-23,214.0,207.0,-7.0,-3.2710280373831724,0.9371,208.94,,,,False
2026-07-24,3675.TWO,德微,legacy_news_json,C:\Users\danie\OneDrive\桌面\hiu\trading-system\news\2026-07-24_pre_market.json,,False,legacy_timestamp_unverified;base_price_mismatch,2026-07-23,259.7952575683594,236.6256561279297,-23.169601440429688,-8.918408156212443,1.4699,243.53,,,,False
2026-07-24,5425.TWO,台半,legacy_news_json,C:\Users\danie\OneDrive\桌面\hiu\trading-system\news\2026-07-24_pre_market.json,,False,legacy_timestamp_unverified;base_price_mismatch,2026-07-23,86.68807220458984,82.97844696044922,-3.709625244140625,-4.279279893761689,0.7922,85.67,,,,False
2026-07-24,8255.TWO,朋程,legacy_news_json,C:\Users\danie\OneDrive\桌面\hiu\trading-system\news\2026-07-24_pre_market.json,,False,legacy_timestamp_unverified;base_price_mismatch,2026-07-23,149.5,144.0,-5.5,-3.678929765886285,0.588,144.85,,,,False
2026-07-24,8261.TW,富鼎,legacy_news_json,C:\Users\danie\OneDrive\桌面\hiu\trading-system\news\2026-07-24_pre_market.json,,False,legacy_timestamp_unverified;base_price_mismatch,2026-07-23,235.0,217.0,-18.0,-7.659574468085106,0.4379,217.95,,,,False
2026-07-27,2327.TW,國巨,legacy_news_json,C:\Users\danie\OneDrive\桌面\hiu\trading-system\news\2026-07-27_pre_market.json,,False,legacy_timestamp_unverified;base_price_mismatch,2026-07-24,642.0,625.0,-17.0,-2.6479750778816147,1.1009,631.88,,,,False
2026-07-27,2472.TW,立隆電,legacy_news_json,C:\Users\danie\OneDrive\桌面\hiu\trading-system\news\2026-07-27_pre_market.json,,False,legacy_timestamp_unverified;base_price_mismatch,2026-07-24,254.633544921875,256.6036376953125,1.9700927734375,0.7736972652373719,0.4016,261.55,,,,False
2026-07-27,2481.TW,強茂,legacy_news_json,C:\Users\danie\OneDrive\桌面\hiu\trading-system\news\2026-07-27_pre_market.json,,False,legacy_timestamp_unverified;base_price_mismatch,2026-07-24,140.0,137.0,-3.0,-2.1428571428571463,0.6367,137.87,,,,False
2026-07-27,2492.TW,華新科,legacy_news_json,C:\Users\danie\OneDrive\桌面\hiu\trading-system\news\2026-07-27_pre_market.json,,False,legacy_timestamp_unverified;base_price_mismatch,2026-07-24,274.0,272.0,-2.0,-0.7299270072992692,0.2075,272.56,,,,False
2026-07-27,3026.TW,禾伸堂,legacy_news_json,C:\Users\danie\OneDrive\桌面\hiu\trading-system\news\2026-07-27_pre_market.json,,False,legacy_timestamp_unverified;base_price_mismatch,2026-07-24,640.0,585.0,-55.0,-8.59375,0.1965,586.15,,,,False
2026-07-27,3357.TWO,臺慶科,legacy_news_json,C:\Users\danie\OneDrive\桌面\hiu\trading-system\news\2026-07-27_pre_market.json,,False,legacy_timestamp_unverified;base_price_mismatch,2026-07-24,207.0,212.0,5.0,2.4154589371980784,0.8341,213.77,,,,False
2026-07-27,3675.TWO,德微,legacy_news_json,C:\Users\danie\OneDrive\桌面\hiu\trading-system\news\2026-07-27_pre_market.json,,False,legacy_timestamp_unverified;base_price_mismatch,2026-07-24,236.6256561279297,236.6256561279297,0.0,0.0,1.1151,242.68,,,,False
2026-07-27,5425.TWO,台半,legacy_news_json,C:\Users\danie\OneDrive\桌面\hiu\trading-system\news\2026-07-27_pre_market.json,,False,legacy_timestamp_unverified;base_price_mismatch,2026-07-24,82.97844696044922,82.80000305175781,-0.17844390869140625,-0.2150485038319161,0.7001,83.38,,,,False
2026-07-27,8255.TWO,朋程,legacy_news_json,C:\Users\danie\OneDrive\桌面\hiu\trading-system\news\2026-07-27_pre_market.json,,False,legacy_timestamp_unverified;base_price_mismatch,2026-07-24,144.0,146.5,2.5,1.736111111111116,-0.4963,145.77,,,,False
2026-07-27,8261.TW,富鼎,legacy_news_json,C:\Users\danie\OneDrive\桌面\hiu\trading-system\news\2026-07-27_pre_market.json,,False,legacy_timestamp_unverified;base_price_mismatch,2026-07-24,217.0,216.5,-0.5,-0.23041474654378336,0.3513,217.26,,,,False
2026-07-28,2327.TW,國巨,legacy_news_json,C:\Users\danie\OneDrive\桌面\hiu\trading-system\news\2026-07-28_pre_market.json,,False,legacy_timestamp_unverified;base_price_mismatch,2026-07-27,625.0,563.0,-62.0,-9.919999999999995,0.9945,568.6,,,,False
2026-07-28,2472.TW,立隆電,legacy_news_json,C:\Users\danie\OneDrive\桌面\hiu\trading-system\news\2026-07-28_pre_market.json,,False,legacy_timestamp_unverified;base_price_mismatch,2026-07-27,256.6036376953125,231.48504638671875,-25.11859130859375,-9.78886797326669,0.3082,235.72,,,,False
2026-07-28,2481.TW,強茂,legacy_news_json,C:\Users\danie\OneDrive\桌面\hiu\trading-system\news\2026-07-28_pre_market.json,,False,legacy_timestamp_unverified;base_price_mismatch,2026-07-27,137.0,124.5,-12.5,-9.124087591240881,0.7073,125.38,,,,False
2026-07-28,2492.TW,華新科,legacy_news_json,C:\Users\danie\OneDrive\桌面\hiu\trading-system\news\2026-07-28_pre_market.json,,False,legacy_timestamp_unverified;base_price_mismatch,2026-07-27,272.0,245.0,-27.0,-9.926470588235292,0.0921,245.23,,,,False
2026-07-28,3026.TW,禾伸堂,legacy_news_json,C:\Users\danie\OneDrive\桌面\hiu\trading-system\news\2026-07-28_pre_market.json,,False,legacy_timestamp_unverified;base_price_mismatch,2026-07-27,585.0,527.0,-58.0,-9.914529914529913,0.2047,528.08,,,,False
2026-07-28,3357.TWO,臺慶科,legacy_news_json,C:\Users\danie\OneDrive\桌面\hiu\trading-system\news\2026-07-28_pre_market.json,,False,legacy_timestamp_unverified;base_price_mismatch,2026-07-27,212.0,193.0,-19.0,-8.9622641509434,0.7067,194.36,,,,False
2026-07-28,3675.TWO,德微,legacy_news_json,C:\Users\danie\OneDrive\桌面\hiu\trading-system\news\2026-07-28_pre_market.json,,False,legacy_timestamp_unverified;base_price_mismatch,2026-07-27,236.6256561279297,212.9630889892578,-23.662567138671875,-10.000000644849305,1.3132,218.84,,,,False
2026-07-28,5425.TWO,台半,legacy_news_json,C:\Users\danie\OneDrive\桌面\hiu\trading-system\news\2026-07-28_pre_market.json,,False,legacy_timestamp_unverified;base_price_mismatch,2026-07-27,82.80000305175781,75.30000305175781,-7.5,-9.057970680643324,0.7533,75.87,,,,False
2026-07-28,8255.TWO,朋程,legacy_news_json,C:\Users\danie\OneDrive\桌面\hiu\trading-system\news\2026-07-28_pre_market.json,,False,legacy_timestamp_unverified;base_price_mismatch,2026-07-27,146.5,138.0,-8.5,-5.802047781569963,-0.3085,137.57,,,,False
2026-07-28,8261.TW,富鼎,legacy_news_json,C:\Users\danie\OneDrive\桌面\hiu\trading-system\news\2026-07-28_pre_market.json,,False,legacy_timestamp_unverified;base_price_mismatch,2026-07-27,216.5,195.0,-21.5,-9.930715935334877,0.2338,195.46,,,,False
2026-07-29,2327.TW,國巨,legacy_news_json,C:\Users\danie\OneDrive\桌面\hiu\trading-system\news\2026-07-29_pre_market.json,,False,legacy_timestamp_unverified;base_price_mismatch,2026-07-28,563.0,507.0,-56.0,-9.946714031971581,-0.1611,506.18,,,,False
2026-07-29,2472.TW,立隆電,legacy_news_json,C:\Users\danie\OneDrive\桌面\hiu\trading-system\news\2026-07-29_pre_market.json,,False,legacy_timestamp_unverified;base_price_mismatch,2026-07-28,231.48504638671875,216.70941162109372,-14.775634765625028,-6.382975918427514,0.6912,221.52,,,,False
2026-07-29,2481.TW,強茂,legacy_news_json,C:\Users\danie\OneDrive\桌面\hiu\trading-system\news\2026-07-29_pre_market.json,,False,legacy_timestamp_unverified;base_price_mismatch,2026-07-28,124.5,112.5,-12.0,-9.638554216867467,0.8729,113.48,,,,False
2026-07-29,2492.TW,華新科,legacy_news_json,C:\Users\danie\OneDrive\桌面\hiu\trading-system\news\2026-07-29_pre_market.json,,False,legacy_timestamp_unverified;base_price_mismatch,2026-07-28,245.0,220.5,-24.5,-9.999999999999998,-1.3743,217.47,,,,False
2026-07-29,3026.TW,禾伸堂,legacy_news_json,C:\Users\danie\OneDrive\桌面\hiu\trading-system\news\2026-07-29_pre_market.json,,False,legacy_timestamp_unverified;base_price_mismatch,2026-07-28,527.0,474.5,-52.5,-9.962049335863377,-1.4197,467.76,,,,False
2026-07-29,3357.TWO,臺慶科,legacy_news_json,C:\Users\danie\OneDrive\桌面\hiu\trading-system\news\2026-07-29_pre_market.json,,False,legacy_timestamp_unverified;base_price_mismatch,2026-07-28,193.0,185.0,-8.0,-4.145077720207258,1.6021,187.96,,,,False
2026-07-29,3675.TWO,德微,legacy_news_json,C:\Users\danie\OneDrive\桌面\hiu\trading-system\news\2026-07-29_pre_market.json,,False,legacy_timestamp_unverified;base_price_mismatch,2026-07-28,212.9630889892578,199.65289306640625,-13.310195922851562,-6.2500013434360735,-0.3001,201.89,,,,False
2026-07-29,5425.TWO,台半,legacy_news_json,C:\Users\danie\OneDrive\桌面\hiu\trading-system\news\2026-07-29_pre_market.json,,False,legacy_timestamp_unverified;base_price_mismatch,2026-07-28,75.30000305175781,70.0999984741211,-5.200004577636719,-6.905716290691877,-0.9381,69.44,,,,False
2026-07-29,8255.TWO,朋程,legacy_news_json,C:\Users\danie\OneDrive\桌面\hiu\trading-system\news\2026-07-29_pre_market.json,,False,legacy_timestamp_unverified;base_price_mismatch,2026-07-28,138.0,131.0,-7.0,-5.072463768115942,-0.6814,130.11,,,,False
2026-07-29,8261.TW,富鼎,legacy_news_json,C:\Users\danie\OneDrive\桌面\hiu\trading-system\news\2026-07-29_pre_market.json,,False,legacy_timestamp_unverified;base_price_mismatch,2026-07-28,195.0,175.5,-19.5,-9.999999999999998,-0.259,175.05,,,,False
2026-07-30,2327.TW,國巨,legacy_news_json,C:\Users\danie\OneDrive\桌面\hiu\trading-system\news\2026-07-30_pre_market.json,,False,legacy_timestamp_unverified;base_price_mismatch,2026-07-29,507.0,456.5,-50.5,-9.960552268244571,-0.102,456.03,,,,False
2026-07-30,2472.TW,立隆電,legacy_news_json,C:\Users\danie\OneDrive\桌面\hiu\trading-system\news\2026-07-30_pre_market.json,,False,legacy_timestamp_unverified;base_price_mismatch,2026-07-29,216.70941162109372,199.96368408203125,-16.74572753906247,-7.7272728552932435,0.8279,204.68,,,,False
2026-07-30,2481.TW,強茂,legacy_news_json,C:\Users\danie\OneDrive\桌面\hiu\trading-system\news\2026-07-30_pre_market.json,,False,legacy_timestamp_unverified;base_price_mismatch,2026-07-29,112.5,107.0,-5.5,-4.8888888888888875,1.0021,108.07,,,,False
2026-07-30,2492.TW,華新科,legacy_news_json,C:\Users\danie\OneDrive\桌面\hiu\trading-system\news\2026-07-30_pre_market.json,,False,legacy_timestamp_unverified;base_price_mismatch,2026-07-29,220.5,198.5,-22.0,-9.977324263038545,-1.3667,195.79,,,,False
2026-07-30,3026.TW,禾伸堂,legacy_news_json,C:\Users\danie\OneDrive\桌面\hiu\trading-system\news\2026-07-30_pre_market.json,,False,legacy_timestamp_unverified;base_price_mismatch,2026-07-29,474.5,427.5,-47.0,-9.905163329820866,-1.4159,421.45,,,,False
2026-07-30,3357.TWO,臺慶科,legacy_news_json,C:\Users\danie\OneDrive\桌面\hiu\trading-system\news\2026-07-30_pre_market.json,,False,legacy_timestamp_unverified;base_price_mismatch,2026-07-29,185.0,176.5,-8.5,-4.594594594594592,2.523,180.95,,,,False
2026-07-30,3675.TWO,德微,legacy_news_json,C:\Users\danie\OneDrive\桌面\hiu\trading-system\news\2026-07-30_pre_market.json,,False,legacy_timestamp_unverified;base_price_mismatch,2026-07-29,199.65289306640625,194.230224609375,-5.42266845703125,-2.716048024021178,-0.313,196.38,,,,False
2026-07-30,5425.TWO,台半,legacy_news_json,C:\Users\danie\OneDrive\桌面\hiu\trading-system\news\2026-07-30_pre_market.json,,False,legacy_timestamp_unverified;base_price_mismatch,2026-07-29,70.0999984741211,67.19999694824219,-2.9000015258789062,-4.136949485026742,-0.8998,66.6,,,,False
2026-07-30,8255.TWO,朋程,legacy_news_json,C:\Users\danie\OneDrive\桌面\hiu\trading-system\news\2026-07-30_pre_market.json,,False,legacy_timestamp_unverified;base_price_mismatch,2026-07-29,131.0,126.5,-4.5,-3.435114503816794,-0.1689,126.29,,,,False
2026-07-30,8261.TW,富鼎,legacy_news_json,C:\Users\danie\OneDrive\桌面\hiu\trading-system\news\2026-07-30_pre_market.json,,False,legacy_timestamp_unverified;base_price_mismatch,2026-07-29,175.5,158.0,-17.5,-9.971509971509974,-0.2982,157.53,,,,False
2026-07-31,2327.TW,國巨,legacy_news_json,C:\Users\danie\OneDrive\桌面\hiu\trading-system\news\2026-07-31_pre_market.json,,False,legacy_timestamp_unverified;base_price_mismatch,2026-07-30,456.5,502.0,45.5,9.967141292442495,-0.0061,501.97,,,,False
2026-07-31,2472.TW,立隆電,legacy_news_json,C:\Users\danie\OneDrive\桌面\hiu\trading-system\news\2026-07-31_pre_market.json,,False,legacy_timestamp_unverified;base_price_mismatch,2026-07-30,199.96368408203125,216.70941162109372,16.74572753906247,8.374384386813393,0.9906,222.18,,,,False
2026-07-31,2481.TW,強茂,legacy_news_json,C:\Users\danie\OneDrive\桌面\hiu\trading-system\news\2026-07-31_pre_market.json,,False,legacy_timestamp_unverified;base_price_mismatch,2026-07-30,107.0,117.5,10.5,9.81308411214954,1.5775,119.35,,,,False
2026-07-31,2492.TW,華新科,legacy_news_json,C:\Users\danie\OneDrive\桌面\hiu\trading-system\news\2026-07-31_pre_market.json,,False,legacy_timestamp_unverified;base_price_mismatch,2026-07-30,198.5,218.0,19.5,9.823677581863976,-1.3465,215.06,,,,False
2026-07-31,3026.TW,禾伸堂,legacy_news_json,C:\Users\danie\OneDrive\桌面\hiu\trading-system\news\2026-07-31_pre_market.json,,False,legacy_timestamp_unverified;base_price_mismatch,2026-07-30,427.5,450.0,22.5,5.263157894736836,-1.3237,444.04,,,,False
2026-07-31,3357.TWO,臺慶科,legacy_news_json,C:\Users\danie\OneDrive\桌面\hiu\trading-system\news\2026-07-31_pre_market.json,,False,legacy_timestamp_unverified;base_price_mismatch,2026-07-30,176.5,194.0,17.5,9.915014164305958,3.1322,200.08,,,,False
2026-07-31,3675.TWO,德微,legacy_news_json,C:\Users\danie\OneDrive\桌面\hiu\trading-system\news\2026-07-31_pre_market.json,,False,legacy_timestamp_unverified;base_price_mismatch,2026-07-30,194.230224609375,213.4560546875,19.225830078125,9.898474924173573,0.0736,216.66,,,,False
2026-07-31,5425.TWO,台半,legacy_news_json,C:\Users\danie\OneDrive\桌面\hiu\trading-system\news\2026-07-31_pre_market.json,,False,legacy_timestamp_unverified;base_price_mismatch,2026-07-30,67.19999694824219,73.0999984741211,5.900001525878906,8.779764574131033,-0.6028,72.66,,,,False
2026-07-31,8255.TWO,朋程,legacy_news_json,C:\Users\danie\OneDrive\桌面\hiu\trading-system\news\2026-07-31_pre_market.json,,False,legacy_timestamp_unverified;base_price_mismatch,2026-07-30,126.5,136.0,9.5,7.509881422924902,2.9688,140.04,,,,False
2026-07-31,8261.TW,富鼎,legacy_news_json,C:\Users\danie\OneDrive\桌面\hiu\trading-system\news\2026-07-31_pre_market.json,,False,legacy_timestamp_unverified;base_price_mismatch,2026-07-30,158.0,163.5,5.5,3.4810126582278444,-0.2983,163.01,,,,False
2026-08-04,2327.TW,國巨,legacy_news_json,C:\Users\danie\OneDrive\桌面\hiu\trading-system\news\2026-08-04_pre_market.json,,False,legacy_timestamp_unverified;base_price_mismatch,2026-08-03,552.0,566.0,14.0,2.53623188405796,-0.0747,565.58,,,,False
2026-08-04,2472.TW,立隆電,legacy_news_json,C:\Users\danie\OneDrive\桌面\hiu\trading-system\news\2026-08-04_pre_market.json,,False,legacy_timestamp_unverified;base_price_mismatch,2026-08-03,227.05235290527344,232.4700927734375,5.4177398681640625,2.3861192358682004,0.8103,237.91,,,,False
2026-08-04,2481.TW,強茂,legacy_news_json,C:\Users\danie\OneDrive\桌面\hiu\trading-system\news\2026-08-04_pre_market.json,,False,legacy_timestamp_unverified;base_price_mismatch,2026-08-03,129.0,130.0,1.0,0.7751937984496138,1.5079,131.96,,,,False
2026-08-04,3026.TW,禾伸堂,legacy_news_json,C:\Users\danie\OneDrive\桌面\hiu\trading-system\news\2026-08-04_pre_market.json,,False,legacy_timestamp_unverified;base_price_mismatch,2026-08-03,459.5,498.0,38.5,8.378672470076175,-1.0322,492.86,,,,False
2026-08-04,3357.TWO,臺慶科,legacy_news_json,C:\Users\danie\OneDrive\桌面\hiu\trading-system\news\2026-08-04_pre_market.json,,False,legacy_timestamp_unverified;base_price_mismatch,2026-08-03,204.0,206.0,2.0,0.9803921568627416,1.7913,209.69,,,,False
2026-08-04,3675.TWO,德微,legacy_news_json,C:\Users\danie\OneDrive\桌面\hiu\trading-system\news\2026-08-04_pre_market.json,,False,legacy_timestamp_unverified;base_price_mismatch,2026-08-03,234.65377807617188,248.9499053955078,14.296127319335938,6.092434324537166,0.2367,253.1,,,,False
2026-08-04,5425.TWO,台半,legacy_news_json,C:\Users\danie\OneDrive\桌面\hiu\trading-system\news\2026-08-04_pre_market.json,,False,legacy_timestamp_unverified;base_price_mismatch,2026-08-03,80.4000015258789,81.5999984741211,1.1999969482421875,1.4925334893879816,-0.4251,81.25,,,,False
2026-08-04,8255.TWO,朋程,legacy_news_json,C:\Users\danie\OneDrive\桌面\hiu\trading-system\news\2026-08-04_pre_market.json,,False,legacy_timestamp_unverified;base_price_mismatch,2026-08-03,140.0,141.5,1.5,1.0714285714285676,0.5127,142.23,,,,False
2026-08-04,8261.TW,富鼎,legacy_news_json,C:\Users\danie\OneDrive\桌面\hiu\trading-system\news\2026-08-04_pre_market.json,,False,legacy_timestamp_unverified;base_price_mismatch,2026-08-03,171.0,180.0,9.0,5.263157894736836,-0.385,179.31,,,,False
2026-08-05,2327.TW,國巨,legacy_news_json,C:\Users\danie\OneDrive\桌面\hiu\trading-system\news\2026-08-05_pre_market.json,,False,legacy_timestamp_unverified;base_price_mismatch,2026-08-04,566.0,578.0,12.0,2.1201413427561766,-0.1103,577.36,,,,False
2026-08-05,2472.TW,立隆電,legacy_news_json,C:\Users\danie\OneDrive\桌面\hiu\trading-system\news\2026-08-05_pre_market.json,,False,legacy_timestamp_unverified;base_price_mismatch,2026-08-04,232.4700927734375,236.9027862548828,4.4326934814453125,1.9067801060179246,0.7063,242.2,,,,False
2026-08-05,2481.TW,強茂,legacy_news_json,C:\Users\danie\OneDrive\桌面\hiu\trading-system\news\2026-08-05_pre_market.json,,False,legacy_timestamp_unverified;base_price_mismatch,2026-08-04,130.0,134.0,4.0,3.076923076923066,1.6019,136.15,,,,False
2026-08-05,2492.TW,華新科,legacy_news_json,C:\Users\danie\OneDrive\桌面\hiu\trading-system\news\2026-08-05_pre_market.json,,False,legacy_timestamp_unverified,2026-08-04,259.5,259.5,0.0,0.0,-1.1174,256.6,False,1.1174,方向錯,False
2026-08-05,3026.TW,禾伸堂,legacy_news_json,C:\Users\danie\OneDrive\桌面\hiu\trading-system\news\2026-08-05_pre_market.json,,False,legacy_timestamp_unverified;base_price_mismatch,2026-08-04,498.0,547.0,49.0,9.839357429718865,-0.8163,542.53,,,,False
2026-08-05,3357.TWO,臺慶科,legacy_news_json,C:\Users\danie\OneDrive\桌面\hiu\trading-system\news\2026-08-05_pre_market.json,,False,legacy_timestamp_unverified;base_price_mismatch,2026-08-04,206.0,210.0,4.0,1.9417475728155331,1.0112,212.12,,,,False
2026-08-05,3675.TWO,德微,legacy_news_json,C:\Users\danie\OneDrive\桌面\hiu\trading-system\news\2026-08-05_pre_market.json,,False,legacy_timestamp_unverified;base_price_mismatch,2026-08-04,248.9499053955078,263.739013671875,14.789108276367188,5.940596062035719,0.3837,268.53,,,,False
2026-08-05,5425.TWO,台半,legacy_news_json,C:\Users\danie\OneDrive\桌面\hiu\trading-system\news\2026-08-05_pre_market.json,,False,legacy_timestamp_unverified;base_price_mismatch,2026-08-04,81.5999984741211,83.5,1.9000015258789062,2.3284332860392,-0.3197,83.23,,,,False
2026-08-05,8255.TWO,朋程,legacy_news_json,C:\Users\danie\OneDrive\桌面\hiu\trading-system\news\2026-08-05_pre_market.json,,False,legacy_timestamp_unverified;base_price_mismatch,2026-08-04,141.5,146.0,4.5,3.180212014134276,1.1725,147.71,,,,False
2026-08-05,8261.TW,富鼎,legacy_news_json,C:\Users\danie\OneDrive\桌面\hiu\trading-system\news\2026-08-05_pre_market.json,,False,legacy_timestamp_unverified;base_price_mismatch,2026-08-04,180.0,179.5,-0.5,-0.2777777777777768,-0.3583,178.86,,,,False
2026-08-06,2327.TW,國巨,legacy_news_json,C:\Users\danie\OneDrive\桌面\hiu\trading-system\news\2026-08-06_pre_market.json,,False,legacy_timestamp_unverified;base_price_mismatch,2026-08-05,578.0,570.0,-8.0,-1.384083044982698,-0.1588,569.09,,,,False
2026-08-06,2472.TW,立隆電,legacy_news_json,C:\Users\danie\OneDrive\桌面\hiu\trading-system\news\2026-08-06_pre_market.json,,False,legacy_timestamp_unverified;base_price_mismatch,2026-08-05,236.9027862548828,234.44017028808597,-2.4626159667968466,-1.039504855864093,0.5604,239.33,,,,False
2026-08-06,2481.TW,強茂,legacy_news_json,C:\Users\danie\OneDrive\桌面\hiu\trading-system\news\2026-08-06_pre_market.json,,False,legacy_timestamp_unverified;base_price_mismatch,2026-08-05,134.0,139.0,5.0,3.731343283582089,1.2257,140.7,,,,False
2026-08-06,2492.TW,華新科,legacy_news_json,C:\Users\danie\OneDrive\桌面\hiu\trading-system\news\2026-08-06_pre_market.json,,False,legacy_timestamp_unverified;base_price_mismatch,2026-08-05,259.5,256.5,-3.0,-1.1560693641618491,-1.0674,253.76,,,,False
2026-08-06,3026.TW,禾伸堂,legacy_news_json,C:\Users\danie\OneDrive\桌面\hiu\trading-system\news\2026-08-06_pre_market.json,,False,legacy_timestamp_unverified;base_price_mismatch,2026-08-05,547.0,593.0,46.0,8.40950639853748,-0.6115,589.37,,,,False
2026-08-06,3357.TWO,臺慶科,legacy_news_json,C:\Users\danie\OneDrive\桌面\hiu\trading-system\news\2026-08-06_pre_market.json,,False,legacy_timestamp_unverified,2026-08-05,210.0,210.0,0.0,0.0,0.3626,210.76,False,0.3626,方向錯,False
2026-08-06,3675.TWO,德微,legacy_news_json,C:\Users\danie\OneDrive\桌面\hiu\trading-system\news\2026-08-06_pre_market.json,,False,legacy_timestamp_unverified;base_price_mismatch,2026-08-05,263.739013671875,263.2460327148437,-0.49298095703130684,-0.18691999722295627,0.2109,267.56,,,,False
2026-08-06,5425.TWO,台半,legacy_news_json,C:\Users\danie\OneDrive\桌面\hiu\trading-system\news\2026-08-06_pre_market.json,,False,legacy_timestamp_unverified;base_price_mismatch,2026-08-05,83.5,84.9000015258789,1.4000015258789062,1.6766485339867243,-0.3618,84.59,,,,False
2026-08-06,8255.TWO,朋程,legacy_news_json,C:\Users\danie\OneDrive\桌面\hiu\trading-system\news\2026-08-06_pre_market.json,,False,legacy_timestamp_unverified;base_price_mismatch,2026-08-05,146.0,143.0,-3.0,-2.0547945205479423,-0.9052,141.71,,,,False
2026-08-06,8261.TW,富鼎,legacy_news_json,C:\Users\danie\OneDrive\桌面\hiu\trading-system\news\2026-08-06_pre_market.json,,False,legacy_timestamp_unverified;base_price_mismatch,2026-08-05,179.5,186.5,7.0,3.8997214484679743,-0.4377,185.68,,,,False
2026-08-07,2327.TW,國巨,legacy_news_json,C:\Users\danie\OneDrive\桌面\hiu\trading-system\news\2026-08-07_pre_market.json,,False,legacy_timestamp_unverified;base_price_mismatch,2026-08-06,570.0,540.0,-30.0,-5.263157894736848,-0.1725,539.07,,,,False
2026-08-07,2472.TW,立隆電,legacy_news_json,C:\Users\danie\OneDrive\桌面\hiu\trading-system\news\2026-08-07_pre_market.json,,False,legacy_timestamp_unverified;base_price_mismatch,2026-08-06,234.44017028808597,226.0673065185547,-8.372863769531278,-3.571428803878829,0.4778,230.6,,,,False
2026-08-07,2481.TW,強茂,legacy_news_json,C:\Users\danie\OneDrive\桌面\hiu\trading-system\news\2026-08-07_pre_market.json,,False,legacy_timestamp_unverified;base_price_mismatch,2026-08-06,139.0,133.0,-6.0,-4.316546762589923,1.2992,134.73,,,,False
2026-08-07,2492.TW,華新科,legacy_news_json,C:\Users\danie\OneDrive\桌面\hiu\trading-system\news\2026-08-07_pre_market.json,,False,legacy_timestamp_unverified;base_price_mismatch,2026-08-06,256.5,251.0,-5.5,-2.1442495126705707,-0.9635,248.58,,,,False
2026-08-07,3026.TW,禾伸堂,legacy_news_json,C:\Users\danie\OneDrive\桌面\hiu\trading-system\news\2026-08-07_pre_market.json,,False,legacy_timestamp_unverified;base_price_mismatch,2026-08-06,593.0,535.0,-58.0,-9.780775716694768,-0.4895,532.38,,,,False
2026-08-07,3357.TWO,臺慶科,legacy_news_json,C:\Users\danie\OneDrive\桌面\hiu\trading-system\news\2026-08-07_pre_market.json,,False,legacy_timestamp_unverified;base_price_mismatch,2026-08-06,210.0,207.0,-3.0,-1.4285714285714235,0.4119,207.85,,,,False
2026-08-07,3675.TWO,德微,legacy_news_json,C:\Users\danie\OneDrive\桌面\hiu\trading-system\news\2026-08-07_pre_market.json,,False,legacy_timestamp_unverified;base_price_mismatch,2026-08-06,263.2460327148437,261.7671203613281,-1.4789123535155682,-0.5617985343458476,0.3667,266.47,,,,False
2026-08-07,5425.TWO,台半,legacy_news_json,C:\Users\danie\OneDrive\桌面\hiu\trading-system\news\2026-08-07_pre_market.json,,False,legacy_timestamp_unverified;base_price_mismatch,2026-08-06,84.9000015258789,82.5,-2.4000015258789062,-2.826856870134853,-0.2449,82.3,,,,False
2026-08-07,8255.TWO,朋程,legacy_news_json,C:\Users\danie\OneDrive\桌面\hiu\trading-system\news\2026-08-07_pre_market.json,,False,legacy_timestamp_unverified;base_price_mismatch,2026-08-06,143.0,141.0,-2.0,-1.3986013986013957,0.0859,141.12,,,,False
2026-08-07,8261.TW,富鼎,legacy_news_json,C:\Users\danie\OneDrive\桌面\hiu\trading-system\news\2026-08-07_pre_market.json,,False,legacy_timestamp_unverified;base_price_mismatch,2026-08-06,186.5,172.0,-14.5,-7.774798927613946,-0.3723,171.36,,,,False
2026-08-11,2327.TW,國巨,legacy_news_json,C:\Users\danie\OneDrive\桌面\hiu\trading-system\news\2026-08-11_pre_market.json,,False,legacy_timestamp_unverified;base_price_mismatch,2026-08-10,573.0,617.0,44.0,7.678883071553222,0.4502,619.78,,,,False
2026-08-11,2472.TW,立隆電,legacy_news_json,C:\Users\danie\OneDrive\桌面\hiu\trading-system\news\2026-08-11_pre_market.json,,False,legacy_timestamp_unverified;base_price_mismatch,2026-08-10,236.9027862548828,240.84295654296875,3.9401702880859375,1.6632013284329838,0.3926,245.46,,,,False
2026-08-11,2481.TW,強茂,legacy_news_json,C:\Users\danie\OneDrive\桌面\hiu\trading-system\news\2026-08-11_pre_market.json,,False,legacy_timestamp_unverified;base_price_mismatch,2026-08-10,137.5,141.5,4.0,2.9090909090909056,1.2362,143.25,,,,False
2026-08-11,2492.TW,華新科,legacy_news_json,C:\Users\danie\OneDrive\桌面\hiu\trading-system\news\2026-08-11_pre_market.json,,False,legacy_timestamp_unverified;base_price_mismatch,2026-08-10,273.5,300.5,27.0,9.872029250457048,-0.7287,298.31,,,,False
2026-08-11,3026.TW,禾伸堂,legacy_news_json,C:\Users\danie\OneDrive\桌面\hiu\trading-system\news\2026-08-11_pre_market.json,,False,legacy_timestamp_unverified;base_price_mismatch,2026-08-10,588.0,646.0,58.0,9.863945578231291,-0.1149,645.26,,,,False
2026-08-11,3357.TWO,臺慶科,legacy_news_json,C:\Users\danie\OneDrive\桌面\hiu\trading-system\news\2026-08-11_pre_market.json,,False,legacy_timestamp_unverified;base_price_mismatch,2026-08-10,218.0,219.0,1.0,0.4587155963302836,1.615,222.54,,,,False
2026-08-11,3675.TWO,德微,legacy_news_json,C:\Users\danie\OneDrive\桌面\hiu\trading-system\news\2026-08-11_pre_market.json,,False,legacy_timestamp_unverified;base_price_mismatch,2026-08-10,276.5562438964844,268.668701171875,-7.887542724609375,-2.852057365792726,0.5011,273.87,,,,False
2026-08-11,5425.TWO,台半,legacy_news_json,C:\Users\danie\OneDrive\桌面\hiu\trading-system\news\2026-08-11_pre_market.json,,False,legacy_timestamp_unverified;base_price_mismatch,2026-08-10,84.30000305175781,86.0,1.6999969482421875,2.0166036615662186,-0.0745,85.94,,,,False
2026-08-11,8255.TWO,朋程,legacy_news_json,C:\Users\danie\OneDrive\桌面\hiu\trading-system\news\2026-08-11_pre_market.json,,False,legacy_timestamp_unverified,2026-08-10,142.0,142.0,0.0,0.0,0.2677,142.38,False,0.2677,方向錯,False
2026-08-11,8261.TW,富鼎,legacy_news_json,C:\Users\danie\OneDrive\桌面\hiu\trading-system\news\2026-08-11_pre_market.json,,False,legacy_timestamp_unverified;base_price_mismatch,2026-08-10,179.0,184.0,5.0,2.7932960893854775,-0.3715,183.32,,,,False
2026-08-12,2327.TW,國巨,legacy_news_json,C:\Users\danie\OneDrive\桌面\hiu\trading-system\news\2026-08-12_pre_market.json,,False,legacy_timestamp_unverified;base_price_mismatch,2026-08-11,617.0,602.0,-15.0,-2.4311183144246407,0.6615,605.98,,,,False
2026-08-12,2472.TW,立隆電,legacy_news_json,C:\Users\danie\OneDrive\桌面\hiu\trading-system\news\2026-08-12_pre_market.json,,False,legacy_timestamp_unverified;base_price_mismatch,2026-08-11,240.84295654296875,246.26068115234372,5.417724609374972,2.249484347452113,0.3442,250.86,,,,False
2026-08-12,2481.TW,強茂,legacy_news_json,C:\Users\danie\OneDrive\桌面\hiu\trading-system\news\2026-08-12_pre_market.json,,False,legacy_timestamp_unverified;base_price_mismatch,2026-08-11,141.5,139.0,-2.5,-1.7667844522968212,1.105,140.54,,,,False
2026-08-12,2492.TW,華新科,legacy_news_json,C:\Users\danie\OneDrive\桌面\hiu\trading-system\news\2026-08-12_pre_market.json,,False,legacy_timestamp_unverified;base_price_mismatch,2026-08-11,300.5,288.0,-12.5,-4.159733777038266,-0.5733,286.35,,,,False
2026-08-12,3026.TW,禾伸堂,legacy_news_json,C:\Users\danie\OneDrive\桌面\hiu\trading-system\news\2026-08-12_pre_market.json,,False,legacy_timestamp_unverified;base_price_mismatch,2026-08-11,646.0,685.0,39.0,6.037151702786381,0.1398,685.96,,,,False
2026-08-12,3357.TWO,臺慶科,legacy_news_json,C:\Users\danie\OneDrive\桌面\hiu\trading-system\news\2026-08-12_pre_market.json,,False,legacy_timestamp_unverified;base_price_mismatch,2026-08-11,219.0,230.5,11.5,5.251141552511407,1.3626,233.64,,,,False
2026-08-12,3675.TWO,德微,legacy_news_json,C:\Users\danie\OneDrive\桌面\hiu\trading-system\news\2026-08-12_pre_market.json,,False,legacy_timestamp_unverified;base_price_mismatch,2026-08-11,268.668701171875,271.62652587890625,2.95782470703125,1.100918973490339,0.5762,277.09,,,,False
2026-08-12,5425.TWO,台半,legacy_news_json,C:\Users\danie\OneDrive\桌面\hiu\trading-system\news\2026-08-12_pre_market.json,,False,legacy_timestamp_unverified;base_price_mismatch,2026-08-11,86.0,86.69999694824219,0.6999969482421875,0.813949939816494,-0.0198,86.68,,,,False
2026-08-12,8255.TWO,朋程,legacy_news_json,C:\Users\danie\OneDrive\桌面\hiu\trading-system\news\2026-08-12_pre_market.json,,False,legacy_timestamp_unverified;base_price_mismatch,2026-08-11,142.0,148.0,6.0,4.225352112676051,0.168,148.25,,,,False
2026-08-12,8261.TW,富鼎,legacy_news_json,C:\Users\danie\OneDrive\桌面\hiu\trading-system\news\2026-08-12_pre_market.json,,False,legacy_timestamp_unverified,2026-08-11,184.0,184.0,0.0,0.0,-0.3503,183.36,False,0.3503,方向錯,False
2026-08-13,2327.TW,國巨,legacy_news_json,C:\Users\danie\OneDrive\桌面\hiu\trading-system\news\2026-08-13_pre_market.json,,False,legacy_timestamp_unverified;base_price_mismatch,2026-08-12,602.0,662.0,60.0,9.966777408637872,0.686,666.54,,,,False
2026-08-13,2472.TW,立隆電,legacy_news_json,C:\Users\danie\OneDrive\桌面\hiu\trading-system\news\2026-08-13_pre_market.json,,False,legacy_timestamp_unverified;base_price_mismatch,2026-08-12,246.26068115234372,249.2158203125,2.9551391601562784,1.2000044612595406,0.321,253.81,,,,False
2026-08-13,2481.TW,強茂,legacy_news_json,C:\Users\danie\OneDrive\桌面\hiu\trading-system\news\2026-08-13_pre_market.json,,False,legacy_timestamp_unverified;base_price_mismatch,2026-08-12,139.0,143.0,4.0,2.877697841726623,1.029,144.47,,,,False
2026-08-13,2492.TW,華新科,legacy_news_json,C:\Users\danie\OneDrive\桌面\hiu\trading-system\news\2026-08-13_pre_market.json,,False,legacy_timestamp_unverified;base_price_mismatch,2026-08-12,288.0,316.5,28.5,9.895833333333325,-0.473,315.0,,,,False
2026-08-13,3026.TW,禾伸堂,legacy_news_json,C:\Users\danie\OneDrive\桌面\hiu\trading-system\news\2026-08-13_pre_market.json,,False,legacy_timestamp_unverified;base_price_mismatch,2026-08-12,685.0,691.0,6.0,0.8759124087591275,0.3751,693.59,,,,False
2026-08-13,3357.TWO,臺慶科,legacy_news_json,C:\Users\danie\OneDrive\桌面\hiu\trading-system\news\2026-08-13_pre_market.json,,False,legacy_timestamp_unverified;base_price_mismatch,2026-08-12,230.5,253.5,23.0,9.97830802603037,0.3557,254.4,,,,False
2026-08-13,3675.TWO,德微,legacy_news_json,C:\Users\danie\OneDrive\桌面\hiu\trading-system\news\2026-08-13_pre_market.json,,False,legacy_timestamp_unverified;base_price_mismatch,2026-08-12,271.62652587890625,274.09136962890625,2.46484375,0.9074385287020315,0.6186,279.72,,,,False
2026-08-13,5425.TWO,台半,legacy_news_json,C:\Users\danie\OneDrive\桌面\hiu\trading-system\news\2026-08-13_pre_market.json,,False,legacy_timestamp_unverified;base_price_mismatch,2026-08-12,86.69999694824219,88.80000305175781,2.100006103515625,2.422152453787607,0.0335,88.83,,,,False
2026-08-13,8255.TWO,朋程,legacy_news_json,C:\Users\danie\OneDrive\桌面\hiu\trading-system\news\2026-08-13_pre_market.json,,False,legacy_timestamp_unverified;base_price_mismatch,2026-08-12,148.0,152.0,4.0,2.7027027027026973,0.2292,152.35,,,,False
2026-08-13,8261.TW,富鼎,legacy_news_json,C:\Users\danie\OneDrive\桌面\hiu\trading-system\news\2026-08-13_pre_market.json,,False,legacy_timestamp_unverified;base_price_mismatch,2026-08-12,184.0,202.0,18.0,9.782608695652172,-0.3477,201.3,,,,False
2026-08-14,2327.TW,國巨,legacy_news_json,C:\Users\danie\OneDrive\桌面\hiu\trading-system\news\2026-08-14_pre_market.json,,False,legacy_timestamp_unverified;base_price_mismatch,2026-08-13,662.0,622.0,-40.0,-6.042296072507558,0.6389,625.97,,,,False
2026-08-14,2472.TW,立隆電,legacy_news_json,C:\Users\danie\OneDrive\桌面\hiu\trading-system\news\2026-08-14_pre_market.json,,False,legacy_timestamp_unverified;base_price_mismatch,2026-08-13,249.2158203125,241.33547973632807,-7.880340576171932,-3.162054706755979,0.2441,245.6,,,,False
2026-08-14,2481.TW,強茂,legacy_news_json,C:\Users\danie\OneDrive\桌面\hiu\trading-system\news\2026-08-14_pre_market.json,,False,legacy_timestamp_unverified;base_price_mismatch,2026-08-13,143.0,138.0,-5.0,-3.4965034965035002,0.7371,139.02,,,,False
2026-08-14,2492.TW,華新科,legacy_news_json,C:\Users\danie\OneDrive\桌面\hiu\trading-system\news\2026-08-14_pre_market.json,,False,legacy_timestamp_unverified;base_price_mismatch,2026-08-13,316.5,302.5,-14.0,-4.423380726698268,-0.3653,301.39,,,,False
2026-08-14,3026.TW,禾伸堂,legacy_news_json,C:\Users\danie\OneDrive\桌面\hiu\trading-system\news\2026-08-14_pre_market.json,,False,legacy_timestamp_unverified;base_price_mismatch,2026-08-13,691.0,647.0,-44.0,-6.367583212735162,0.4973,650.22,,,,False
2026-08-14,3357.TWO,臺慶科,legacy_news_json,C:\Users\danie\OneDrive\桌面\hiu\trading-system\news\2026-08-14_pre_market.json,,False,legacy_timestamp_unverified;base_price_mismatch,2026-08-13,253.5,228.5,-25.0,-9.861932938856011,-0.2014,228.04,,,,False
2026-08-14,3675.TWO,德微,legacy_news_json,C:\Users\danie\OneDrive\桌面\hiu\trading-system\news\2026-08-14_pre_market.json,,False,legacy_timestamp_unverified;base_price_mismatch,2026-08-13,274.09136962890625,263.739013671875,-10.35235595703125,-3.776972609917406,0.566,269.01,,,,False
2026-08-14,5425.TWO,台半,legacy_news_json,C:\Users\danie\OneDrive\桌面\hiu\trading-system\news\2026-08-14_pre_market.json,,False,legacy_timestamp_unverified;base_price_mismatch,2026-08-13,88.80000305175781,85.5,-3.3000030517578125,-3.716219525166431,-0.0073,85.49,,,,False
2026-08-14,8255.TWO,朋程,legacy_news_json,C:\Users\danie\OneDrive\桌面\hiu\trading-system\news\2026-08-14_pre_market.json,,False,legacy_timestamp_unverified;base_price_mismatch,2026-08-13,152.0,149.0,-3.0,-1.9736842105263164,-0.0896,148.87,,,,False
2026-08-14,8261.TW,富鼎,legacy_news_json,C:\Users\danie\OneDrive\桌面\hiu\trading-system\news\2026-08-14_pre_market.json,,False,legacy_timestamp_unverified;base_price_mismatch,2026-08-13,202.0,185.0,-17.0,-8.415841584158413,-0.2895,184.46,,,,False
2026-08-17,2327.TW,國巨,legacy_news_json,C:\Users\danie\OneDrive\桌面\hiu\trading-system\news\2026-08-17_pre_market.json,,False,legacy_timestamp_unverified;base_price_mismatch,2026-08-14,622.0,608.0,-14.0,-2.2508038585209,0.6284,611.82,,,,False
2026-08-17,2472.TW,立隆電,legacy_news_json,C:\Users\danie\OneDrive\桌面\hiu\trading-system\news\2026-08-17_pre_market.json,,False,legacy_timestamp_unverified;base_price_mismatch,2026-08-14,241.33547973632807,237.3953094482422,-3.9401702880858807,-1.6326527257371048,0.2143,241.52,,,,False
2026-08-17,2481.TW,強茂,legacy_news_json,C:\Users\danie\OneDrive\桌面\hiu\trading-system\news\2026-08-17_pre_market.json,,False,legacy_timestamp_unverified;base_price_mismatch,2026-08-14,138.0,144.5,6.5,4.710144927536231,0.6707,145.47,,,,False
2026-08-17,2492.TW,華新科,legacy_news_json,C:\Users\danie\OneDrive\桌面\hiu\trading-system\news\2026-08-17_pre_market.json,,False,legacy_timestamp_unverified;base_price_mismatch,2026-08-14,302.5,291.5,-11.0,-3.6363636363636376,-0.2982,290.63,,,,False
2026-08-17,3026.TW,禾伸堂,legacy_news_json,C:\Users\danie\OneDrive\桌面\hiu\trading-system\news\2026-08-17_pre_market.json,,False,legacy_timestamp_unverified;base_price_mismatch,2026-08-14,647.0,689.0,42.0,6.4914992272024685,0.6185,693.26,,,,False
2026-08-17,3357.TWO,臺慶科,legacy_news_json,C:\Users\danie\OneDrive\桌面\hiu\trading-system\news\2026-08-17_pre_market.json,,False,legacy_timestamp_unverified;base_price_mismatch,2026-08-14,228.5,220.0,-8.5,-3.7199124726477018,0.0489,220.11,,,,False
2026-08-17,3675.TWO,德微,legacy_news_json,C:\Users\danie\OneDrive\桌面\hiu\trading-system\news\2026-08-17_pre_market.json,,False,legacy_timestamp_unverified;base_price_mismatch,2026-08-14,263.739013671875,289.8664245605469,26.127410888671875,9.906540001388532,0.7667,296.25,,,,False
2026-08-17,5425.TWO,台半,legacy_news_json,C:\Users\danie\OneDrive\桌面\hiu\trading-system\news\2026-08-17_pre_market.json,,False,legacy_timestamp_unverified;base_price_mismatch,2026-08-14,85.5,89.9000015258789,4.400001525878906,5.146200615063057,0.0541,89.95,,,,False
2026-08-17,8255.TWO,朋程,legacy_news_json,C:\Users\danie\OneDrive\桌面\hiu\trading-system\news\2026-08-17_pre_market.json,,False,legacy_timestamp_unverified,2026-08-14,149.0,149.0,0.0,0.0,0.338,149.5,False,0.338,方向錯,False
2026-08-17,8261.TW,富鼎,legacy_news_json,C:\Users\danie\OneDrive\桌面\hiu\trading-system\news\2026-08-17_pre_market.json,,False,legacy_timestamp_unverified;base_price_mismatch,2026-08-14,185.0,195.5,10.5,5.675675675675684,-0.2877,194.94,,,,False
2026-08-18,2327.TW,國巨,legacy_news_json,C:\Users\danie\OneDrive\桌面\hiu\trading-system\news\2026-08-18_pre_market.json,,False,legacy_timestamp_unverified;base_price_mismatch,2026-08-17,608.0,576.0,-32.0,-5.263157894736848,0.6071,579.5,,,,False
2026-08-18,2472.TW,立隆電,legacy_news_json,C:\Users\danie\OneDrive\桌面\hiu\trading-system\news\2026-08-18_pre_market.json,,False,legacy_timestamp_unverified;base_price_mismatch,2026-08-17,237.3953094482422,225.082275390625,-12.313034057617188,-5.186721711661169,0.1956,228.95,,,,False
2026-08-18,2481.TW,強茂,legacy_news_json,C:\Users\danie\OneDrive\桌面\hiu\trading-system\news\2026-08-18_pre_market.json,,False,legacy_timestamp_unverified;base_price_mismatch,2026-08-17,144.5,139.5,-5.0,-3.460207612456745,0.3635,140.01,,,,False
2026-08-18,2492.TW,華新科,legacy_news_json,C:\Users\danie\OneDrive\桌面\hiu\trading-system\news\2026-08-18_pre_market.json,,False,legacy_timestamp_unverified;base_price_mismatch,2026-08-17,291.5,282.0,-9.5,-3.2590051457976,-0.278,281.22,,,,False
2026-08-18,3026.TW,禾伸堂,legacy_news_json,C:\Users\danie\OneDrive\桌面\hiu\trading-system\news\2026-08-18_pre_market.json,,False,legacy_timestamp_unverified;base_price_mismatch,2026-08-17,689.0,668.0,-21.0,-3.0478955007256947,0.6732,672.5,,,,False
2026-08-18,3357.TWO,臺慶科,legacy_news_json,C:\Users\danie\OneDrive\桌面\hiu\trading-system\news\2026-08-18_pre_market.json,,False,legacy_timestamp_unverified;base_price_mismatch,2026-08-17,220.0,213.0,-7.0,-3.1818181818181857,0.3266,213.7,,,,False
2026-08-18,3675.TWO,德微,legacy_news_json,C:\Users\danie\OneDrive\桌面\hiu\trading-system\news\2026-08-18_pre_market.json,,False,legacy_timestamp_unverified;base_price_mismatch,2026-08-17,289.8664245605469,270.1476135253906,-19.71881103515625,-6.8027233802780085,0.6021,275.65,,,,False
2026-08-18,5425.TWO,台半,legacy_news_json,C:\Users\danie\OneDrive\桌面\hiu\trading-system\news\2026-08-18_pre_market.json,,False,legacy_timestamp_unverified;base_price_mismatch,2026-08-17,89.9000015258789,91.5,1.5999984741210938,1.779753556133712,0.0147,91.51,,,,False
2026-08-18,8255.TWO,朋程,legacy_news_json,C:\Users\danie\OneDrive\桌面\hiu\trading-system\news\2026-08-18_pre_market.json,,False,legacy_timestamp_unverified;base_price_mismatch,2026-08-17,149.0,146.5,-2.5,-1.6778523489932917,0.0263,146.54,,,,False
2026-08-18,8261.TW,富鼎,legacy_news_json,C:\Users\danie\OneDrive\桌面\hiu\trading-system\news\2026-08-18_pre_market.json,,False,legacy_timestamp_unverified;base_price_mismatch,2026-08-17,195.5,186.5,-9.0,-4.6035805626598485,-0.2403,186.05,,,,False
2026-08-19,2327.TW,國巨,legacy_news_json,C:\Users\danie\OneDrive\桌面\hiu\trading-system\news\2026-08-19_pre_market.json,,False,legacy_timestamp_unverified,2026-08-18,576.0,576.0,0.0,0.0,0.5854,579.37,False,0.5854,方向錯,False
2026-08-19,2472.TW,立隆電,legacy_news_json,C:\Users\danie\OneDrive\桌面\hiu\trading-system\news\2026-08-19_pre_market.json,,False,legacy_timestamp_unverified;base_price_mismatch,2026-08-18,225.082275390625,230.5,5.417724609375,2.4069974412568307,0.2225,234.52,,,,False
2026-08-19,2481.TW,強茂,legacy_news_json,C:\Users\danie\OneDrive\桌面\hiu\trading-system\news\2026-08-19_pre_market.json,,False,legacy_timestamp_unverified;base_price_mismatch,2026-08-18,139.5,136.5,-3.0,-2.1505376344086002,0.0218,136.53,,,,False
2026-08-19,2492.TW,華新科,legacy_news_json,C:\Users\danie\OneDrive\桌面\hiu\trading-system\news\2026-08-19_pre_market.json,,False,legacy_timestamp_unverified;base_price_mismatch,2026-08-18,282.0,298.0,16.0,5.673758865248235,-0.2285,297.32,,,,False
2026-08-19,3026.TW,禾伸堂,legacy_news_json,C:\Users\danie\OneDrive\桌面\hiu\trading-system\news\2026-08-19_pre_market.json,,False,legacy_timestamp_unverified;base_price_mismatch,2026-08-18,668.0,690.0,22.0,3.293413173652704,0.7341,695.07,,,,False
2026-08-19,3357.TWO,臺慶科,legacy_news_json,C:\Users\danie\OneDrive\桌面\hiu\trading-system\news\2026-08-19_pre_market.json,,False,legacy_timestamp_unverified;base_price_mismatch,2026-08-18,213.0,218.5,5.5,2.5821596244131495,0.3224,219.2,,,,False
2026-08-19,3675.TWO,德微,legacy_news_json,C:\Users\danie\OneDrive\桌面\hiu\trading-system\news\2026-08-19_pre_market.json,,False,legacy_timestamp_unverified;base_price_mismatch,2026-08-18,270.1476135253906,272.6124572753906,2.46484375,0.9124062647950515,0.6104,278.19,,,,False
2026-08-19,5425.TWO,台半,legacy_news_json,C:\Users\danie\OneDrive\桌面\hiu\trading-system\news\2026-08-19_pre_market.json,,False,legacy_timestamp_unverified;base_price_mismatch,2026-08-18,91.5,91.8000030517578,0.3000030517577983,0.3278721877134405,-0.0583,91.75,,,,False
2026-08-19,8255.TWO,朋程,legacy_news_json,C:\Users\danie\OneDrive\桌面\hiu\trading-system\news\2026-08-19_pre_market.json,,False,legacy_timestamp_unverified;base_price_mismatch,2026-08-18,146.5,146.0,-0.5,-0.34129692832765013,-0.3749,145.45,,,,False
2026-08-19,8261.TW,富鼎,legacy_news_json,C:\Users\danie\OneDrive\桌面\hiu\trading-system\news\2026-08-19_pre_market.json,,False,legacy_timestamp_unverified;base_price_mismatch,2026-08-18,186.5,183.5,-3.0,-1.608579088471851,-0.2183,183.1,,,,False
2026-08-20,2327.TW,國巨,legacy_news_json,C:\Users\danie\OneDrive\桌面\hiu\trading-system\news\2026-08-20_pre_market.json,,False,legacy_timestamp_unverified;base_price_mismatch,2026-08-19,576.0,562.0,-14.0,-2.430555555555558,0.6112,565.43,,,,False
2026-08-20,2472.TW,立隆電,legacy_news_json,C:\Users\danie\OneDrive\桌面\hiu\trading-system\news\2026-08-20_pre_market.json,,False,legacy_timestamp_unverified;base_price_mismatch,2026-08-19,230.5,223.5,-7.0,-3.0368763557483747,0.2848,224.14,,,,False
2026-08-20,2481.TW,強茂,legacy_news_json,C:\Users\danie\OneDrive\桌面\hiu\trading-system\news\2026-08-20_pre_market.json,,False,legacy_timestamp_unverified;base_price_mismatch,2026-08-19,136.5,138.5,2.0,1.46520146520146,-0.1593,138.28,,,,False
2026-08-20,2492.TW,華新科,legacy_news_json,C:\Users\danie\OneDrive\桌面\hiu\trading-system\news\2026-08-20_pre_market.json,,False,legacy_timestamp_unverified;base_price_mismatch,2026-08-19,298.0,272.5,-25.5,-8.557046979865767,-0.1442,272.11,,,,False
2026-08-20,3026.TW,禾伸堂,legacy_news_json,C:\Users\danie\OneDrive\桌面\hiu\trading-system\news\2026-08-20_pre_market.json,,False,legacy_timestamp_unverified;base_price_mismatch,2026-08-19,690.0,710.0,20.0,2.898550724637672,0.8013,715.69,,,,False
2026-08-20,3357.TWO,臺慶科,legacy_news_json,C:\Users\danie\OneDrive\桌面\hiu\trading-system\news\2026-08-20_pre_market.json,,False,legacy_timestamp_unverified;base_price_mismatch,2026-08-19,218.5,214.0,-4.5,-2.0594965675057253,0.2675,214.57,,,,False
2026-08-20,3675.TWO,德微,legacy_news_json,C:\Users\danie\OneDrive\桌面\hiu\trading-system\news\2026-08-20_pre_market.json,,False,legacy_timestamp_unverified;base_price_mismatch,2026-08-19,272.6124572753906,265.2179260253906,-7.39453125,-2.712470047738913,0.5773,270.55,,,,False
2026-08-20,5425.TWO,台半,legacy_news_json,C:\Users\danie\OneDrive\桌面\hiu\trading-system\news\2026-08-20_pre_market.json,,False,legacy_timestamp_unverified;base_price_mismatch,2026-08-19,91.8000030517578,90.3000030517578,-1.5,-1.6339868737850538,-0.0926,90.22,,,,False
2026-08-20,8255.TWO,朋程,legacy_news_json,C:\Users\danie\OneDrive\桌面\hiu\trading-system\news\2026-08-20_pre_market.json,,False,legacy_timestamp_unverified;base_price_mismatch,2026-08-19,146.0,146.5,0.5,0.3424657534246478,-0.2565,146.12,,,,False
2026-08-20,8261.TW,富鼎,legacy_news_json,C:\Users\danie\OneDrive\桌面\hiu\trading-system\news\2026-08-20_pre_market.json,,False,legacy_timestamp_unverified;base_price_mismatch,2026-08-19,183.5,179.5,-4.0,-2.1798365122615793,-0.1864,179.17,,,,False
2026-08-21,2327.TW,國巨,legacy_news_json,C:\Users\danie\OneDrive\桌面\hiu\trading-system\news\2026-08-21_pre_market.json,,False,legacy_timestamp_unverified;base_price_mismatch,2026-08-20,562.0,554.0,-8.0,-1.4234875444839812,0.6407,557.55,,,,False
2026-08-21,2472.TW,立隆電,legacy_news_json,C:\Users\danie\OneDrive\桌面\hiu\trading-system\news\2026-08-21_pre_market.json,,False,legacy_timestamp_unverified;base_price_mismatch,2026-08-20,223.5,218.0,-5.5,-2.460850111856827,0.3421,218.75,,,,False
2026-08-21,2481.TW,強茂,legacy_news_json,C:\Users\danie\OneDrive\桌面\hiu\trading-system\news\2026-08-21_pre_market.json,,False,legacy_timestamp_unverified;base_price_mismatch,2026-08-20,138.5,133.0,-5.5,-3.971119133574008,-0.2872,132.62,,,,False
2026-08-21,2492.TW,華新科,legacy_news_json,C:\Users\danie\OneDrive\桌面\hiu\trading-system\news\2026-08-21_pre_market.json,,False,legacy_timestamp_unverified;base_price_mismatch,2026-08-20,272.5,266.0,-6.5,-2.3853211009174258,-0.1274,265.66,,,,False
2026-08-21,3026.TW,禾伸堂,legacy_news_json,C:\Users\danie\OneDrive\桌面\hiu\trading-system\news\2026-08-21_pre_market.json,,False,legacy_timestamp_unverified;base_price_mismatch,2026-08-20,710.0,639.0,-71.0,-9.999999999999998,0.7413,643.74,,,,False
2026-08-21,3357.TWO,臺慶科,legacy_news_json,C:\Users\danie\OneDrive\桌面\hiu\trading-system\news\2026-08-21_pre_market.json,,False,legacy_timestamp_unverified;base_price_mismatch,2026-08-20,214.0,210.5,-3.5,-1.6355140186915862,0.2617,211.05,,,,False
2026-08-21,3675.TWO,德微,legacy_news_json,C:\Users\danie\OneDrive\桌面\hiu\trading-system\news\2026-08-21_pre_market.json,,False,legacy_timestamp_unverified;base_price_mismatch,2026-08-20,265.2179260253906,256.3444519042969,-8.87347412109375,-3.345729398488795,0.5859,261.52,,,,False
2026-08-21,5425.TWO,台半,legacy_news_json,C:\Users\danie\OneDrive\桌面\hiu\trading-system\news\2026-08-21_pre_market.json,,False,legacy_timestamp_unverified;base_price_mismatch,2026-08-20,90.3000030517578,88.19999694824219,-2.100006103515611,-2.3255880759073033,-0.1125,88.1,,,,False
2026-08-21,8255.TWO,朋程,legacy_news_json,C:\Users\danie\OneDrive\桌面\hiu\trading-system\news\2026-08-21_pre_market.json,,False,legacy_timestamp_unverified;base_price_mismatch,2026-08-20,146.5,143.5,-3.0,-2.0477815699658675,0.1224,143.68,,,,False
2026-08-21,8261.TW,富鼎,legacy_news_json,C:\Users\danie\OneDrive\桌面\hiu\trading-system\news\2026-08-21_pre_market.json,,False,legacy_timestamp_unverified;base_price_mismatch,2026-08-20,179.5,177.5,-2.0,-1.1142061281337101,-0.1768,177.19,,,,False
2026-08-24,2327.TW,國巨,legacy_news_json,C:\Users\danie\OneDrive\桌面\hiu\trading-system\news\2026-08-24_pre_market.json,,False,legacy_timestamp_unverified;base_price_mismatch,2026-08-21,554.0,551.0,-3.0,-0.5415162454873612,0.6531,554.6,,,,False
2026-08-24,2472.TW,立隆電,legacy_news_json,C:\Users\danie\OneDrive\桌面\hiu\trading-system\news\2026-08-24_pre_market.json,,False,legacy_timestamp_unverified;base_price_mismatch,2026-08-21,218.0,220.0,2.0,0.917431192660545,0.3703,220.81,,,,False
2026-08-24,2481.TW,強茂,legacy_news_json,C:\Users\danie\OneDrive\桌面\hiu\trading-system\news\2026-08-24_pre_market.json,,False,legacy_timestamp_unverified;base_price_mismatch,2026-08-21,133.0,134.0,1.0,0.7518796992481258,-0.3649,133.51,,,,False
2026-08-24,2492.TW,華新科,legacy_news_json,C:\Users\danie\OneDrive\桌面\hiu\trading-system\news\2026-08-24_pre_market.json,,False,legacy_timestamp_unverified;base_price_mismatch,2026-08-21,266.0,265.0,-1.0,-0.3759398496240629,-0.1112,264.71,,,,False
2026-08-24,3026.TW,禾伸堂,legacy_news_json,C:\Users\danie\OneDrive\桌面\hiu\trading-system\news\2026-08-24_pre_market.json,,False,legacy_timestamp_unverified;base_price_mismatch,2026-08-21,639.0,643.0,4.0,0.6259780907668322,0.6691,647.3,,,,False
2026-08-24,3357.TWO,臺慶科,legacy_news_json,C:\Users\danie\OneDrive\桌面\hiu\trading-system\news\2026-08-24_pre_market.json,,False,legacy_timestamp_unverified;base_price_mismatch,2026-08-21,210.5,210.0,-0.5,-0.23752969121140222,0.1814,210.38,,,,False
2026-08-24,3675.TWO,德微,legacy_news_json,C:\Users\danie\OneDrive\桌面\hiu\trading-system\news\2026-08-24_pre_market.json,,False,legacy_timestamp_unverified;base_price_mismatch,2026-08-21,256.3444519042969,261.274169921875,4.929718017578125,1.9230835623540443,0.6295,266.67,,,,False
2026-08-24,5425.TWO,台半,legacy_news_json,C:\Users\danie\OneDrive\桌面\hiu\trading-system\news\2026-08-24_pre_market.json,,False,legacy_timestamp_unverified;base_price_mismatch,2026-08-21,88.19999694824219,86.0999984741211,-2.0999984741210938,-2.380950733312859,-0.1442,85.98,,,,False
2026-08-24,8255.TWO,朋程,legacy_news_json,C:\Users\danie\OneDrive\桌面\hiu\trading-system\news\2026-08-24_pre_market.json,,False,legacy_timestamp_unverified;base_price_mismatch,2026-08-21,143.5,144.0,0.5,0.34843205574912606,0.077,144.11,,,,False
2026-08-24,8261.TW,富鼎,legacy_news_json,C:\Users\danie\OneDrive\桌面\hiu\trading-system\news\2026-08-24_pre_market.json,,False,legacy_timestamp_unverified,2026-08-21,177.5,177.5,0.0,0.0,-0.1872,177.17,False,0.1872,方向錯,False
2026-08-25,2327.TW,國巨,legacy_news_json,C:\Users\danie\OneDrive\桌面\hiu\trading-system\news\2026-08-25_pre_market.json,,False,legacy_timestamp_unverified,2026-08-24,551.0,544.0,-7.0,-1.2704174228675091,0.6523,554.59,False,1.922717422867509,方向錯,False
2026-08-25,2472.TW,立隆電,legacy_news_json,C:\Users\danie\OneDrive\桌面\hiu\trading-system\news\2026-08-25_pre_market.json,,False,legacy_timestamp_unverified,2026-08-24,220.0,218.0,-2.0,-0.9090909090909038,0.3825,220.84,False,1.291590909090904,方向錯,False
2026-08-25,2481.TW,強茂,legacy_news_json,C:\Users\danie\OneDrive\桌面\hiu\trading-system\news\2026-08-25_pre_market.json,,False,legacy_timestamp_unverified,2026-08-24,134.0,137.0,3.0,2.238805970149249,-0.3866,133.48,False,2.625405970149249,方向錯,False
2026-08-25,2492.TW,華新科,legacy_news_json,C:\Users\danie\OneDrive\桌面\hiu\trading-system\news\2026-08-25_pre_market.json,,False,legacy_timestamp_unverified,2026-08-24,265.0,268.0,3.0,1.132075471698113,-0.1037,264.73,False,1.2357754716981129,方向錯,False
2026-08-25,3026.TW,禾伸堂,legacy_news_json,C:\Users\danie\OneDrive\桌面\hiu\trading-system\news\2026-08-25_pre_market.json,,False,legacy_timestamp_unverified,2026-08-24,643.0,628.0,-15.0,-2.3328149300155476,0.6713,647.32,False,3.0041149300155476,方向錯,False
2026-08-25,3357.TWO,臺慶科,legacy_news_json,C:\Users\danie\OneDrive\桌面\hiu\trading-system\news\2026-08-25_pre_market.json,,False,legacy_timestamp_unverified,2026-08-24,210.0,209.5,-0.5,-0.23809523809523725,0.2163,210.45,False,0.45439523809523724,方向錯,False
2026-08-25,3675.TWO,德微,legacy_news_json,C:\Users\danie\OneDrive\桌面\hiu\trading-system\news\2026-08-25_pre_market.json,,False,legacy_timestamp_unverified;base_price_mismatch,2026-08-24,261.274169921875,264.2319641113281,2.957794189453125,1.1320652900122408,0.6019,266.6,,,,False
2026-08-25,5425.TWO,台半,legacy_news_json,C:\Users\danie\OneDrive\桌面\hiu\trading-system\news\2026-08-25_pre_market.json,,False,legacy_timestamp_unverified,2026-08-24,86.0999984741211,87.9000015258789,1.8000030517578125,2.090595915978821,-0.1475,85.97,False,2.238095915978821,方向錯,False
2026-08-25,8255.TWO,朋程,legacy_news_json,C:\Users\danie\OneDrive\桌面\hiu\trading-system\news\2026-08-25_pre_market.json,,False,legacy_timestamp_unverified,2026-08-24,144.0,146.0,2.0,1.388888888888884,-0.031,143.96,False,1.4198888888888839,方向錯,False
2026-08-25,8261.TW,富鼎,legacy_news_json,C:\Users\danie\OneDrive\桌面\hiu\trading-system\news\2026-08-25_pre_market.json,,False,legacy_timestamp_unverified,2026-08-24,177.5,177.5,0.0,0.0,-0.1881,177.17,False,0.1881,方向錯,False
2026-08-26,2327.TW,國巨,legacy_news_json,C:\Users\danie\OneDrive\桌面\hiu\trading-system\news\2026-08-26_pre_market.json,,False,legacy_timestamp_unverified;base_price_mismatch,2026-08-25,544.0,537.0,-7.0,-1.2867647058823484,0.688,540.69,,,,False
2026-08-26,2472.TW,立隆電,legacy_news_json,C:\Users\danie\OneDrive\桌面\hiu\trading-system\news\2026-08-26_pre_market.json,,False,legacy_timestamp_unverified;base_price_mismatch,2026-08-25,218.0,218.5,0.5,0.2293577981651307,0.4162,219.41,,,,False
2026-08-26,2481.TW,強茂,legacy_news_json,C:\Users\danie\OneDrive\桌面\hiu\trading-system\news\2026-08-26_pre_market.json,,False,legacy_timestamp_unverified;base_price_mismatch,2026-08-25,137.0,150.5,13.5,9.85401459854014,-0.2816,150.08,,,,False
2026-08-26,2492.TW,華新科,legacy_news_json,C:\Users\danie\OneDrive\桌面\hiu\trading-system\news\2026-08-26_pre_market.json,,False,legacy_timestamp_unverified;base_price_mismatch,2026-08-25,268.0,269.5,1.5,0.5597014925373234,-0.0461,269.38,,,,False
2026-08-26,3026.TW,禾伸堂,legacy_news_json,C:\Users\danie\OneDrive\桌面\hiu\trading-system\news\2026-08-26_pre_market.json,,False,legacy_timestamp_unverified;base_price_mismatch,2026-08-25,628.0,614.0,-14.0,-2.2292993630573243,0.4464,616.74,,,,False
2026-08-26,3357.TWO,臺慶科,legacy_news_json,C:\Users\danie\OneDrive\桌面\hiu\trading-system\news\2026-08-26_pre_market.json,,False,legacy_timestamp_unverified,2026-08-25,209.5,209.5,0.0,0.0,0.1271,209.77,False,0.1271,方向錯,False
2026-08-26,3675.TWO,德微,legacy_news_json,C:\Users\danie\OneDrive\桌面\hiu\trading-system\news\2026-08-26_pre_market.json,,False,legacy_timestamp_unverified;base_price_mismatch,2026-08-25,264.2319641113281,279.0210876464844,14.78912353515625,5.597022898003812,0.7069,285.0,,,,False
2026-08-26,5425.TWO,台半,legacy_news_json,C:\Users\danie\OneDrive\桌面\hiu\trading-system\news\2026-08-26_pre_market.json,,False,legacy_timestamp_unverified;base_price_mismatch,2026-08-25,87.9000015258789,96.5999984741211,8.699996948242188,9.897607277834686,-0.0741,96.53,,,,False
2026-08-26,8255.TWO,朋程,legacy_news_json,C:\Users\danie\OneDrive\桌面\hiu\trading-system\news\2026-08-26_pre_market.json,,False,legacy_timestamp_unverified;base_price_mismatch,2026-08-25,146.0,149.0,3.0,2.0547945205479534,0.4018,149.6,,,,False
2026-08-26,8261.TW,富鼎,legacy_news_json,C:\Users\danie\OneDrive\桌面\hiu\trading-system\news\2026-08-26_pre_market.json,,False,legacy_timestamp_unverified;base_price_mismatch,2026-08-25,177.5,186.0,8.5,4.788732394366191,-0.2082,185.61,,,,False
2026-08-27,2327.TW,國巨,legacy_news_json,C:\Users\danie\OneDrive\桌面\hiu\trading-system\news\2026-08-27_pre_market.json,,False,legacy_timestamp_unverified;base_price_mismatch,2026-08-26,537.0,555.0,18.0,3.3519553072625774,0.7115,558.95,,,,False
2026-08-27,2472.TW,立隆電,legacy_news_json,C:\Users\danie\OneDrive\桌面\hiu\trading-system\news\2026-08-27_pre_market.json,,False,legacy_timestamp_unverified;base_price_mismatch,2026-08-26,218.5,229.0,10.5,4.8054919908466776,0.408,229.93,,,,False
2026-08-27,2481.TW,強茂,legacy_news_json,C:\Users\danie\OneDrive\桌面\hiu\trading-system\news\2026-08-27_pre_market.json,,False,legacy_timestamp_unverified;base_price_mismatch,2026-08-26,150.5,146.5,-4.0,-2.657807308970095,-0.4172,145.89,,,,False
2026-08-27,2492.TW,華新科,legacy_news_json,C:\Users\danie\OneDrive\桌面\hiu\trading-system\news\2026-08-27_pre_market.json,,False,legacy_timestamp_unverified;base_price_mismatch,2026-08-26,269.5,285.0,15.5,5.75139146567718,-0.0066,284.98,,,,False
2026-08-27,3026.TW,禾伸堂,legacy_news_json,C:\Users\danie\OneDrive\桌面\hiu\trading-system\news\2026-08-27_pre_market.json,,False,legacy_timestamp_unverified;base_price_mismatch,2026-08-26,614.0,675.0,61.0,9.934853420195445,0.4045,677.73,,,,False
2026-08-27,3357.TWO,臺慶科,legacy_news_json,C:\Users\danie\OneDrive\桌面\hiu\trading-system\news\2026-08-27_pre_market.json,,False,legacy_timestamp_unverified;base_price_mismatch,2026-08-26,209.5,217.0,7.5,3.5799522673030992,0.0045,217.01,,,,False
2026-08-27,3675.TWO,德微,legacy_news_json,C:\Users\danie\OneDrive\桌面\hiu\trading-system\news\2026-08-27_pre_market.json,,False,legacy_timestamp_unverified;base_price_mismatch,2026-08-26,279.0210876464844,274.5843505859375,-4.436737060546875,-1.5901081520290572,0.6471,280.3,,,,False
2026-08-27,5425.TWO,台半,legacy_news_json,C:\Users\danie\OneDrive\桌面\hiu\trading-system\news\2026-08-27_pre_market.json,,False,legacy_timestamp_unverified;base_price_mismatch,2026-08-26,96.5999984741211,95.1999969482422,-1.400001525878892,-1.4492769647961756,-0.1205,95.09,,,,False
2026-08-27,8255.TWO,朋程,legacy_news_json,C:\Users\danie\OneDrive\桌面\hiu\trading-system\news\2026-08-27_pre_market.json,,False,legacy_timestamp_unverified,2026-08-26,149.0,149.0,0.0,0.0,0.052,149.08,False,0.052,方向錯,False
2026-08-27,8261.TW,富鼎,legacy_news_json,C:\Users\danie\OneDrive\桌面\hiu\trading-system\news\2026-08-27_pre_market.json,,False,legacy_timestamp_unverified;base_price_mismatch,2026-08-26,186.0,185.0,-1.0,-0.5376344086021501,-0.2104,184.61,,,,False
2026-08-28,2327.TW,國巨,legacy_news_json,C:\Users\danie\OneDrive\桌面\hiu\trading-system\news\2026-08-28_pre_market.json,,False,legacy_timestamp_unverified;base_price_mismatch,2026-08-27,555.0,597.0,42.0,7.567567567567557,0.7331,601.38,,,,False
2026-08-28,2472.TW,立隆電,legacy_news_json,C:\Users\danie\OneDrive\桌面\hiu\trading-system\news\2026-08-28_pre_market.json,,False,legacy_timestamp_unverified;base_price_mismatch,2026-08-27,229.0,232.5,3.5,1.5283842794759916,0.3886,233.4,,,,False
2026-08-28,2481.TW,強茂,legacy_news_json,C:\Users\danie\OneDrive\桌面\hiu\trading-system\news\2026-08-28_pre_market.json,,False,legacy_timestamp_unverified;base_price_mismatch,2026-08-27,146.5,154.0,7.5,5.119453924914685,-0.3768,153.42,,,,False
2026-08-28,2492.TW,華新科,legacy_news_json,C:\Users\danie\OneDrive\桌面\hiu\trading-system\news\2026-08-28_pre_market.json,,False,legacy_timestamp_unverified;base_price_mismatch,2026-08-27,285.0,313.5,28.5,10.000000000000009,0.0398,313.62,,,,False
2026-08-28,3026.TW,禾伸堂,legacy_news_json,C:\Users\danie\OneDrive\桌面\hiu\trading-system\news\2026-08-28_pre_market.json,,False,legacy_timestamp_unverified;base_price_mismatch,2026-08-27,675.0,742.0,67.0,9.925925925925917,0.4557,745.38,,,,False
2026-08-28,3357.TWO,臺慶科,legacy_news_json,C:\Users\danie\OneDrive\桌面\hiu\trading-system\news\2026-08-28_pre_market.json,,False,legacy_timestamp_unverified;base_price_mismatch,2026-08-27,217.0,223.0,6.0,2.764976958525356,-0.1226,222.73,,,,False
2026-08-28,3675.TWO,德微,legacy_news_json,C:\Users\danie\OneDrive\桌面\hiu\trading-system\news\2026-08-28_pre_market.json,,False,legacy_timestamp_unverified;base_price_mismatch,2026-08-27,274.5843505859375,273.5984191894531,-0.985931396484375,-0.3590632147755235,0.6942,279.43,,,,False
2026-08-28,5425.TWO,台半,legacy_news_json,C:\Users\danie\OneDrive\桌面\hiu\trading-system\news\2026-08-28_pre_market.json,,False,legacy_timestamp_unverified;base_price_mismatch,2026-08-27,95.1999969482422,96.3000030517578,1.1000061035155966,1.1554686331698427,-0.1092,96.19,,,,False
2026-08-28,8255.TWO,朋程,legacy_news_json,C:\Users\danie\OneDrive\桌面\hiu\trading-system\news\2026-08-28_pre_market.json,,False,legacy_timestamp_unverified;base_price_mismatch,2026-08-27,149.0,152.0,3.0,2.0134228187919545,0.4695,152.71,,,,False
2026-08-28,8261.TW,富鼎,legacy_news_json,C:\Users\danie\OneDrive\桌面\hiu\trading-system\news\2026-08-28_pre_market.json,,False,legacy_timestamp_unverified;base_price_mismatch,2026-08-27,185.0,187.5,2.5,1.3513513513513598,-0.1913,187.14,,,,False
2026-08-31,2327.TW,國巨,legacy_news_json,C:\Users\danie\OneDrive\桌面\hiu\trading-system\news\2026-08-31_pre_market.json,,False,legacy_timestamp_unverified,2026-08-28,597.0,545.0,-52.0,-8.710217755443884,0.3768,599.25,False,9.087017755443883,方向錯,False
2026-08-31,2472.TW,立隆電,legacy_news_json,C:\Users\danie\OneDrive\桌面\hiu\trading-system\news\2026-08-31_pre_market.json,,False,legacy_timestamp_unverified,2026-08-28,232.5,224.0,-8.5,-3.655913978494618,1.6584,236.36,False,5.314313978494618,方向錯,False
2026-08-31,2481.TW,強茂,legacy_news_json,C:\Users\danie\OneDrive\桌面\hiu\trading-system\news\2026-08-31_pre_market.json,,False,legacy_timestamp_unverified,2026-08-28,154.0,151.0,-3.0,-1.9480519480519431,0.4945,154.76,False,2.442551948051943,方向錯,False
2026-08-31,2492.TW,華新科,legacy_news_json,C:\Users\danie\OneDrive\桌面\hiu\trading-system\news\2026-08-31_pre_market.json,,False,legacy_timestamp_unverified,2026-08-28,313.5,295.0,-18.5,-5.901116427432218,0.089,313.78,False,5.990116427432218,方向錯,False
2026-08-31,3026.TW,禾伸堂,legacy_news_json,C:\Users\danie\OneDrive\桌面\hiu\trading-system\news\2026-08-31_pre_market.json,,False,legacy_timestamp_unverified,2026-08-28,742.0,742.0,0.0,0.0,1.2506,751.28,False,1.2506,方向錯,False
2026-08-31,3357.TWO,臺慶科,legacy_news_json,C:\Users\danie\OneDrive\桌面\hiu\trading-system\news\2026-08-31_pre_market.json,,False,legacy_timestamp_unverified,2026-08-28,223.0,215.5,-7.5,-3.363228699551568,0.0763,223.17,False,3.439528699551568,方向錯,False
2026-08-31,3675.TWO,德微,legacy_news_json,C:\Users\danie\OneDrive\桌面\hiu\trading-system\news\2026-08-31_pre_market.json,,False,legacy_timestamp_unverified;base_price_mismatch,2026-08-28,273.5984191894531,268.668701171875,-4.929718017578125,-1.8018079315599178,-0.5231,276.05,,,,False
2026-08-31,5425.TWO,台半,legacy_news_json,C:\Users\danie\OneDrive\桌面\hiu\trading-system\news\2026-08-31_pre_market.json,,False,legacy_timestamp_unverified,2026-08-28,96.3000030517578,94.8000030517578,-1.5,-1.557632349392346,-0.1114,96.19,True,1.4462323493923461,方向對、幅度偏差,False
2026-08-31,8255.TWO,朋程,legacy_news_json,C:\Users\danie\OneDrive\桌面\hiu\trading-system\news\2026-08-31_pre_market.json,,False,legacy_timestamp_unverified,2026-08-28,152.0,147.5,-4.5,-2.960526315789469,0.3259,152.5,False,3.286426315789469,方向錯,False
2026-08-31,8261.TW,富鼎,legacy_news_json,C:\Users\danie\OneDrive\桌面\hiu\trading-system\news\2026-08-31_pre_market.json,,False,legacy_timestamp_unverified,2026-08-28,187.5,178.5,-9.0,-4.800000000000004,-0.7032,186.18,True,4.096800000000004,方向對、幅度偏差,False
2026-09-01,2327.TW,國巨,legacy_news_json,C:\Users\danie\OneDrive\桌面\hiu\trading-system\news\2026-09-01_pre_market.json,,False,legacy_timestamp_unverified;base_price_mismatch,2026-08-31,545.0,568.0,23.0,4.220183486238538,0.4574,570.6,,,,False
2026-09-01,2472.TW,立隆電,legacy_news_json,C:\Users\danie\OneDrive\桌面\hiu\trading-system\news\2026-09-01_pre_market.json,,False,legacy_timestamp_unverified,2026-08-31,224.0,224.0,0.0,0.0,1.6305,227.65,False,1.6305,方向錯,False
2026-09-01,2481.TW,強茂,legacy_news_json,C:\Users\danie\OneDrive\桌面\hiu\trading-system\news\2026-09-01_pre_market.json,,False,legacy_timestamp_unverified;base_price_mismatch,2026-08-31,151.0,157.0,6.0,3.9735099337748325,0.2537,157.4,,,,False
2026-09-01,2492.TW,華新科,legacy_news_json,C:\Users\danie\OneDrive\桌面\hiu\trading-system\news\2026-09-01_pre_market.json,,False,legacy_timestamp_unverified;base_price_mismatch,2026-08-31,295.0,302.5,7.5,2.5423728813559254,0.0876,302.76,,,,False
2026-09-01,3026.TW,禾伸堂,legacy_news_json,C:\Users\danie\OneDrive\桌面\hiu\trading-system\news\2026-09-01_pre_market.json,,False,legacy_timestamp_unverified;base_price_mismatch,2026-08-31,742.0,731.0,-11.0,-1.482479784366575,1.1722,739.57,,,,False
2026-09-01,3357.TWO,臺慶科,legacy_news_json,C:\Users\danie\OneDrive\桌面\hiu\trading-system\news\2026-09-01_pre_market.json,,False,legacy_timestamp_unverified,2026-08-31,215.5,215.5,0.0,0.0,0.0312,215.57,False,0.0312,方向錯,False
2026-09-01,3675.TWO,德微,legacy_news_json,C:\Users\danie\OneDrive\桌面\hiu\trading-system\news\2026-09-01_pre_market.json,,False,legacy_timestamp_unverified;base_price_mismatch,2026-08-31,268.668701171875,274.5843505859375,5.9156494140625,2.2018379469807003,-0.422,277.32,,,,False
2026-09-01,5425.TWO,台半,legacy_news_json,C:\Users\danie\OneDrive\桌面\hiu\trading-system\news\2026-09-01_pre_market.json,,False,legacy_timestamp_unverified;base_price_mismatch,2026-08-31,94.8000030517578,95.1999969482422,0.3999938964844034,0.42193447637972614,-0.2102,95.0,,,,False
2026-09-01,8255.TWO,朋程,legacy_news_json,C:\Users\danie\OneDrive\桌面\hiu\trading-system\news\2026-09-01_pre_market.json,,False,legacy_timestamp_unverified;base_price_mismatch,2026-08-31,147.5,150.0,2.5,1.6949152542372836,0.2008,150.3,,,,False
2026-09-01,8261.TW,富鼎,legacy_news_json,C:\Users\danie\OneDrive\桌面\hiu\trading-system\news\2026-09-01_pre_market.json,,False,legacy_timestamp_unverified;base_price_mismatch,2026-08-31,178.5,182.0,3.5,1.9607843137254832,-0.646,180.82,,,,False
2026-09-02,2327.TW,國巨,legacy_news_json,C:\Users\danie\OneDrive\桌面\hiu\trading-system\news\2026-09-02_pre_market.json,,False,legacy_timestamp_unverified;base_price_mismatch,2026-09-01,568.0,540.0,-28.0,-4.929577464788737,0.4537,542.45,,,,False
2026-09-02,2472.TW,立隆電,legacy_news_json,C:\Users\danie\OneDrive\桌面\hiu\trading-system\news\2026-09-02_pre_market.json,,False,legacy_timestamp_unverified;base_price_mismatch,2026-09-01,224.0,217.0,-7.0,-3.125,1.6022,220.48,,,,False
2026-09-02,2481.TW,強茂,legacy_news_json,C:\Users\danie\OneDrive\桌面\hiu\trading-system\news\2026-09-02_pre_market.json,,False,legacy_timestamp_unverified;base_price_mismatch,2026-09-01,157.0,148.0,-9.0,-5.73248407643312,0.0926,148.14,,,,False
2026-09-02,2492.TW,華新科,legacy_news_json,C:\Users\danie\OneDrive\桌面\hiu\trading-system\news\2026-09-02_pre_market.json,,False,legacy_timestamp_unverified;base_price_mismatch,2026-09-01,302.5,293.0,-9.5,-3.1404958677686,0.0542,293.16,,,,False
2026-09-02,3026.TW,禾伸堂,legacy_news_json,C:\Users\danie\OneDrive\桌面\hiu\trading-system\news\2026-09-02_pre_market.json,,False,legacy_timestamp_unverified;base_price_mismatch,2026-09-01,731.0,686.0,-45.0,-6.155950752393979,1.11,693.61,,,,False
2026-09-02,3357.TWO,臺慶科,legacy_news_json,C:\Users\danie\OneDrive\桌面\hiu\trading-system\news\2026-09-02_pre_market.json,,False,legacy_timestamp_unverified;base_price_mismatch,2026-09-01,215.5,209.0,-6.5,-3.0162412993039456,-0.07,208.85,,,,False
2026-09-02,3675.TWO,德微,legacy_news_json,C:\Users\danie\OneDrive\桌面\hiu\trading-system\news\2026-09-02_pre_market.json,,False,legacy_timestamp_unverified;base_price_mismatch,2026-09-01,274.5843505859375,270.1476135253906,-4.436737060546875,-1.6158011376392278,-0.586,272.39,,,,False
2026-09-02,5425.TWO,台半,legacy_news_json,C:\Users\danie\OneDrive\桌面\hiu\trading-system\news\2026-09-02_pre_market.json,,False,legacy_timestamp_unverified;base_price_mismatch,2026-09-01,95.1999969482422,92.5,-2.6999969482422017,-2.836131339069392,-0.2923,92.23,,,,False
2026-09-02,8255.TWO,朋程,legacy_news_json,C:\Users\danie\OneDrive\桌面\hiu\trading-system\news\2026-09-02_pre_market.json,,False,legacy_timestamp_unverified;base_price_mismatch,2026-09-01,150.0,146.5,-3.5,-2.3333333333333317,0.0809,146.62,,,,False
2026-09-02,8261.TW,富鼎,legacy_news_json,C:\Users\danie\OneDrive\桌面\hiu\trading-system\news\2026-09-02_pre_market.json,,False,legacy_timestamp_unverified;base_price_mismatch,2026-09-01,182.0,177.0,-5.0,-2.7472527472527486,-0.6412,175.87,,,,False
2026-09-03,2327.TW,國巨,legacy_news_json,C:\Users\danie\OneDrive\桌面\hiu\trading-system\news\2026-09-03_pre_market.json,,False,legacy_timestamp_unverified;base_price_mismatch,2026-09-02,540.0,511.0,-29.0,-5.37037037037037,0.4069,513.08,,,,False
2026-09-03,2472.TW,立隆電,legacy_news_json,C:\Users\danie\OneDrive\桌面\hiu\trading-system\news\2026-09-03_pre_market.json,,False,legacy_timestamp_unverified;base_price_mismatch,2026-09-02,217.0,207.0,-10.0,-4.608294930875578,1.6759,210.47,,,,False
2026-09-03,2481.TW,強茂,legacy_news_json,C:\Users\danie\OneDrive\桌面\hiu\trading-system\news\2026-09-03_pre_market.json,,False,legacy_timestamp_unverified;base_price_mismatch,2026-09-02,148.0,156.0,8.0,5.405405405405395,0.2006,156.31,,,,False
2026-09-03,2492.TW,華新科,legacy_news_json,C:\Users\danie\OneDrive\桌面\hiu\trading-system\news\2026-09-03_pre_market.json,,False,legacy_timestamp_unverified;base_price_mismatch,2026-09-02,293.0,271.5,-21.5,-7.337883959044367,0.0538,271.65,,,,False
2026-09-03,3026.TW,禾伸堂,legacy_news_json,C:\Users\danie\OneDrive\桌面\hiu\trading-system\news\2026-09-03_pre_market.json,,False,legacy_timestamp_unverified;base_price_mismatch,2026-09-02,686.0,638.0,-48.0,-6.99708454810496,1.0236,644.53,,,,False
2026-09-03,3357.TWO,臺慶科,legacy_news_json,C:\Users\danie\OneDrive\桌面\hiu\trading-system\news\2026-09-03_pre_market.json,,False,legacy_timestamp_unverified;base_price_mismatch,2026-09-02,209.0,203.0,-6.0,-2.8708133971291905,-0.0543,202.89,,,,False
2026-09-03,3675.TWO,德微,legacy_news_json,C:\Users\danie\OneDrive\桌面\hiu\trading-system\news\2026-09-03_pre_market.json,,False,legacy_timestamp_unverified;base_price_mismatch,2026-09-02,270.1476135253906,273.1054382324219,2.95782470703125,1.0948920364063364,-0.3604,276.0,,,,False
2026-09-03,5425.TWO,台半,legacy_news_json,C:\Users\danie\OneDrive\桌面\hiu\trading-system\news\2026-09-03_pre_market.json,,False,legacy_timestamp_unverified;base_price_mismatch,2026-09-02,92.5,91.1999969482422,-1.3000030517577983,-1.4054087046030284,-0.2612,90.96,,,,False
2026-09-03,8255.TWO,朋程,legacy_news_json,C:\Users\danie\OneDrive\桌面\hiu\trading-system\news\2026-09-03_pre_market.json,,False,legacy_timestamp_unverified;base_price_mismatch,2026-09-02,146.5,145.0,-1.5,-1.0238907849829393,0.4022,145.58,,,,False
2026-09-03,8261.TW,富鼎,legacy_news_json,C:\Users\danie\OneDrive\桌面\hiu\trading-system\news\2026-09-03_pre_market.json,,False,legacy_timestamp_unverified;base_price_mismatch,2026-09-02,177.0,173.0,-4.0,-2.259887005649719,-0.6065,171.95,,,,False
2026-09-04,2327.TW,國巨,legacy_news_json,C:\Users\danie\OneDrive\桌面\hiu\trading-system\news\2026-09-04_pre_market.json,,False,legacy_timestamp_unverified;base_price_mismatch,2026-09-03,511.0,562.0,51.0,9.980430528375738,0.4465,564.51,,,,False
2026-09-04,2472.TW,立隆電,legacy_news_json,C:\Users\danie\OneDrive\桌面\hiu\trading-system\news\2026-09-04_pre_market.json,,False,legacy_timestamp_unverified;base_price_mismatch,2026-09-03,207.0,225.0,18.0,8.695652173913038,1.6203,228.65,,,,False
2026-09-04,2481.TW,強茂,legacy_news_json,C:\Users\danie\OneDrive\桌面\hiu\trading-system\news\2026-09-04_pre_market.json,,False,legacy_timestamp_unverified,2026-09-03,156.0,156.0,0.0,0.0,0.1466,156.23,False,0.1466,方向錯,False
2026-09-04,2492.TW,華新科,legacy_news_json,C:\Users\danie\OneDrive\桌面\hiu\trading-system\news\2026-09-04_pre_market.json,,False,legacy_timestamp_unverified;base_price_mismatch,2026-09-03,271.5,298.5,27.0,9.944751381215466,0.1327,298.9,,,,False
2026-09-04,3026.TW,禾伸堂,legacy_news_json,C:\Users\danie\OneDrive\桌面\hiu\trading-system\news\2026-09-04_pre_market.json,,False,legacy_timestamp_unverified;base_price_mismatch,2026-09-03,638.0,701.0,63.0,9.874608150470209,0.92,707.45,,,,False
2026-09-04,3357.TWO,臺慶科,legacy_news_json,C:\Users\danie\OneDrive\桌面\hiu\trading-system\news\2026-09-04_pre_market.json,,False,legacy_timestamp_unverified;base_price_mismatch,2026-09-03,203.0,214.0,11.0,5.418719211822665,0.0386,214.08,,,,False
2026-09-04,3675.TWO,德微,legacy_news_json,C:\Users\danie\OneDrive\桌面\hiu\trading-system\news\2026-09-04_pre_market.json,,False,legacy_timestamp_unverified;base_price_mismatch,2026-09-03,273.1054382324219,278.03515625,4.929718017578125,1.8050603640425322,-0.2778,281.22,,,,False
2026-09-04,5425.TWO,台半,legacy_news_json,C:\Users\danie\OneDrive\桌面\hiu\trading-system\news\2026-09-04_pre_market.json,,False,legacy_timestamp_unverified;base_price_mismatch,2026-09-03,91.1999969482422,92.9000015258789,1.7000045776367045,1.864040169432779,-0.2568,92.66,,,,False
2026-09-04,8255.TWO,朋程,legacy_news_json,C:\Users\danie\OneDrive\桌面\hiu\trading-system\news\2026-09-04_pre_market.json,,False,legacy_timestamp_unverified,2026-09-03,145.0,145.0,0.0,0.0,0.3541,145.51,False,0.3541,方向錯,False
2026-09-04,8261.TW,富鼎,legacy_news_json,C:\Users\danie\OneDrive\桌面\hiu\trading-system\news\2026-09-04_pre_market.json,,False,legacy_timestamp_unverified;base_price_mismatch,2026-09-03,173.0,180.5,7.5,4.335260115606943,-0.5843,179.45,,,,False
2026-09-08,2327.TW,國巨,immutable_point,C:\Users\danie\OneDrive\桌面\hiu\trading-system\predictions\2026-09-08_point.json,2026-09-08T08:31:39.581012+08:00,True,verified,2026-09-07,589.0,567.0,-22.0,-3.73514431239389,0.5599,592.3,False,4.29504431239389,方向錯,False
2026-09-08,2472.TW,立隆電,immutable_point,C:\Users\danie\OneDrive\桌面\hiu\trading-system\predictions\2026-09-08_point.json,2026-09-08T08:31:39.581012+08:00,True,verified,2026-09-07,226.0,215.5,-10.5,-4.6460176991150455,1.6266,229.68,False,6.272617699115045,方向錯,False
2026-09-08,2481.TW,強茂,immutable_point,C:\Users\danie\OneDrive\桌面\hiu\trading-system\predictions\2026-09-08_point.json,2026-09-08T08:31:39.581012+08:00,True,verified,2026-09-07,158.0,152.5,-5.5,-3.4810126582278444,0.1605,158.25,False,3.6415126582278443,方向錯,False
2026-09-08,2492.TW,華新科,immutable_point,C:\Users\danie\OneDrive\桌面\hiu\trading-system\predictions\2026-09-08_point.json,2026-09-08T08:31:39.581012+08:00,True,verified,2026-09-07,323.0,318.5,-4.5,-1.393188854489169,0.1763,323.57,False,1.569488854489169,方向錯,False
2026-09-08,3026.TW,禾伸堂,immutable_point,C:\Users\danie\OneDrive\桌面\hiu\trading-system\predictions\2026-09-08_point.json,2026-09-08T08:31:39.581012+08:00,True,verified,2026-09-07,771.0,747.0,-24.0,-3.11284046692607,0.8677,777.69,False,3.98054046692607,方向錯,False
2026-09-08,3357.TWO,臺慶科,immutable_point,C:\Users\danie\OneDrive\桌面\hiu\trading-system\predictions\2026-09-08_point.json,2026-09-08T08:31:39.581012+08:00,True,verified,2026-09-07,213.5,206.5,-7.0,-3.2786885245901676,0.0492,213.61,False,3.3278885245901675,方向錯,False
2026-09-08,3675.TWO,德微,immutable_point,C:\Users\danie\OneDrive\桌面\hiu\trading-system\predictions\2026-09-08_point.json,2026-09-08T08:31:39.581012+08:00,False,base_price_mismatch,2026-09-07,278.03515625,270.1476135253906,-7.887542724609375,-2.836886827907892,-0.1837,281.48,,,,False
2026-09-08,5425.TWO,台半,immutable_point,C:\Users\danie\OneDrive\桌面\hiu\trading-system\predictions\2026-09-08_point.json,2026-09-08T08:31:39.581012+08:00,True,verified,2026-09-07,92.4000015258789,89.5999984741211,-2.8000030517578125,-3.030306283029227,-0.226,92.19,True,2.804306283029227,方向對、幅度偏差,False
2026-09-08,8255.TWO,朋程,immutable_point,C:\Users\danie\OneDrive\桌面\hiu\trading-system\predictions\2026-09-08_point.json,2026-09-08T08:31:39.581012+08:00,True,verified,2026-09-07,143.0,139.5,-3.5,-2.447552447552448,0.5898,143.84,False,3.037352447552448,方向錯,False
2026-09-08,8261.TW,富鼎,immutable_point,C:\Users\danie\OneDrive\桌面\hiu\trading-system\predictions\2026-09-08_point.json,2026-09-08T08:31:39.581012+08:00,True,verified,2026-09-07,181.0,170.5,-10.5,-5.8011049723756924,-0.5633,179.98,True,5.2378049723756925,方向對、幅度偏差,False
2026-09-09,2327.TW,國巨,immutable_point,C:\Users\danie\OneDrive\桌面\hiu\trading-system\predictions\2026-09-09_point.json,2026-09-09T08:31:38.142150+08:00,True,verified,2026-09-08,567.0,565.0,-2.0,-0.3527336860670194,0.6016,570.41,False,0.9543336860670194,方向錯,False
2026-09-09,2472.TW,立隆電,immutable_point,C:\Users\danie\OneDrive\桌面\hiu\trading-system\predictions\2026-09-09_point.json,2026-09-09T08:31:38.142150+08:00,True,verified,2026-09-08,215.5,215.0,-0.5,-0.23201856148491462,1.5704,218.88,False,1.8024185614849146,方向錯,False
2026-09-09,2481.TW,強茂,immutable_point,C:\Users\danie\OneDrive\桌面\hiu\trading-system\predictions\2026-09-09_point.json,2026-09-09T08:31:38.142150+08:00,True,verified,2026-09-08,152.5,152.0,-0.5,-0.3278688524590123,0.0164,152.53,False,0.34426885245901234,方向錯,False
2026-09-09,2492.TW,華新科,immutable_point,C:\Users\danie\OneDrive\桌面\hiu\trading-system\predictions\2026-09-09_point.json,2026-09-09T08:31:38.142150+08:00,True,verified,2026-09-08,318.5,319.5,1.0,0.31397174254317317,0.1209,318.89,True,0.19307174254317316,準確,False
2026-09-09,3026.TW,禾伸堂,immutable_point,C:\Users\danie\OneDrive\桌面\hiu\trading-system\predictions\2026-09-09_point.json,2026-09-09T08:31:38.142150+08:00,True,verified,2026-09-08,747.0,758.0,11.0,1.4725568942436373,0.8465,753.32,True,0.6260568942436373,準確,False
2026-09-09,3357.TWO,臺慶科,immutable_point,C:\Users\danie\OneDrive\桌面\hiu\trading-system\predictions\2026-09-09_point.json,2026-09-09T08:31:38.142150+08:00,True,verified,2026-09-08,206.5,208.0,1.5,0.7263922518159882,-0.0676,206.36,False,0.7939922518159882,方向錯,False
2026-09-09,3675.TWO,德微,immutable_point,C:\Users\danie\OneDrive\桌面\hiu\trading-system\predictions\2026-09-09_point.json,2026-09-09T08:31:38.142150+08:00,False,base_price_mismatch,2026-09-08,270.1476135253906,267.6827697753906,-2.46484375,-0.9124062647950515,-0.3459,273.05,,,,False
2026-09-09,5425.TWO,台半,immutable_point,C:\Users\danie\OneDrive\桌面\hiu\trading-system\predictions\2026-09-09_point.json,2026-09-09T08:31:38.142150+08:00,True,verified,2026-09-08,89.5999984741211,90.0,0.40000152587890625,0.44643028202109303,-0.2555,89.37,False,0.7019302820210931,方向錯,False
2026-09-09,8255.TWO,朋程,immutable_point,C:\Users\danie\OneDrive\桌面\hiu\trading-system\predictions\2026-09-09_point.json,2026-09-09T08:31:38.142150+08:00,True,verified,2026-09-08,139.5,138.5,-1.0,-0.7168458781361964,0.4665,140.15,False,1.1833458781361963,方向錯,False
2026-09-09,8261.TW,富鼎,immutable_point,C:\Users\danie\OneDrive\桌面\hiu\trading-system\predictions\2026-09-09_point.json,2026-09-09T08:31:38.142150+08:00,True,verified,2026-09-08,170.5,170.5,0.0,0.0,-0.5689,169.53,False,0.5689,方向錯,False
2026-09-16,2327.TW,國巨,immutable_point,C:\Users\danie\OneDrive\桌面\hiu\trading-system\predictions\2026-09-16_point.json,2026-09-16T08:32:26.795507+08:00,True,verified,2026-09-15,537.0,536.0,-1.0,-0.18621973929237035,0.5679,540.05,False,0.7541197392923703,方向錯,False
2026-09-16,2472.TW,立隆電,immutable_point,C:\Users\danie\OneDrive\桌面\hiu\trading-system\predictions\2026-09-16_point.json,2026-09-16T08:32:26.795507+08:00,True,verified,2026-09-15,208.0,210.5,2.5,1.2019230769230838,1.7061,211.55,True,0.5041769230769162,準確,False
2026-09-16,2481.TW,強茂,immutable_point,C:\Users\danie\OneDrive\桌面\hiu\trading-system\predictions\2026-09-16_point.json,2026-09-16T08:32:26.795507+08:00,True,verified,2026-09-15,153.5,168.5,15.0,9.771986970684043,0.0586,153.59,True,9.713386970684043,方向對、幅度偏差,False
2026-09-16,2492.TW,華新科,immutable_point,C:\Users\danie\OneDrive\桌面\hiu\trading-system\predictions\2026-09-16_point.json,2026-09-16T08:32:26.795507+08:00,True,verified,2026-09-15,300.0,307.5,7.5,2.499999999999991,0.1368,300.41,True,2.363199999999991,方向對、幅度偏差,False
2026-09-16,3026.TW,禾伸堂,immutable_point,C:\Users\danie\OneDrive\桌面\hiu\trading-system\predictions\2026-09-16_point.json,2026-09-16T08:32:26.795507+08:00,True,verified,2026-09-15,726.0,772.0,46.0,6.336088154269981,0.8525,732.19,True,5.483588154269981,方向對、幅度偏差,False
2026-09-16,3357.TWO,臺慶科,immutable_point,C:\Users\danie\OneDrive\桌面\hiu\trading-system\predictions\2026-09-16_point.json,2026-09-16T08:32:26.795507+08:00,True,verified,2026-09-15,199.0,201.0,2.0,1.005025125628145,-0.0099,198.98,False,1.014925125628145,方向錯,False
2026-09-16,3675.TWO,德微,immutable_point,C:\Users\danie\OneDrive\桌面\hiu\trading-system\predictions\2026-09-16_point.json,2026-09-16T08:32:26.795507+08:00,True,verified,2026-09-15,269.0,295.5,26.5,9.85130111524164,-0.2673,268.28,False,10.11860111524164,方向錯,False
2026-09-16,5425.TWO,台半,immutable_point,C:\Users\danie\OneDrive\桌面\hiu\trading-system\predictions\2026-09-16_point.json,2026-09-16T08:32:26.795507+08:00,True,verified,2026-09-15,89.4000015258789,94.8000030517578,5.400001525878892,6.040270060080188,-0.2072,89.21,False,6.247470060080189,方向錯,False
2026-09-16,8255.TWO,朋程,immutable_point,C:\Users\danie\OneDrive\桌面\hiu\trading-system\predictions\2026-09-16_point.json,2026-09-16T08:32:26.795507+08:00,True,verified,2026-09-15,132.5,136.0,3.5,2.6415094339622636,0.1999,132.76,True,2.4416094339622636,方向對、幅度偏差,False
2026-09-16,8261.TW,富鼎,immutable_point,C:\Users\danie\OneDrive\桌面\hiu\trading-system\predictions\2026-09-16_point.json,2026-09-16T08:32:26.795507+08:00,True,verified,2026-09-15,165.0,173.5,8.5,5.151515151515151,-0.5898,164.03,False,5.741315151515152,方向錯,False
2026-09-17,2327.TW,國巨,immutable_point,C:\Users\danie\OneDrive\桌面\hiu\trading-system\predictions\2026-09-17_point.json,2026-09-17T08:32:24.508073+08:00,True,verified,2026-09-16,536.0,529.0,-7.0,-1.3059701492537323,0.5425,538.91,False,1.8484701492537323,方向錯,False
2026-09-17,2472.TW,立隆電,immutable_point,C:\Users\danie\OneDrive\桌面\hiu\trading-system\predictions\2026-09-17_point.json,2026-09-17T08:32:24.508073+08:00,True,verified,2026-09-16,210.5,208.5,-2.0,-0.9501187648456089,1.7087,214.1,False,2.658818764845609,方向錯,False
2026-09-17,2481.TW,強茂,immutable_point,C:\Users\danie\OneDrive\桌面\hiu\trading-system\predictions\2026-09-17_point.json,2026-09-17T08:32:24.508073+08:00,True,verified,2026-09-16,168.5,163.0,-5.5,-3.264094955489616,0.0714,168.62,False,3.335494955489616,方向錯,False
2026-09-17,2492.TW,華新科,immutable_point,C:\Users\danie\OneDrive\桌面\hiu\trading-system\predictions\2026-09-17_point.json,2026-09-17T08:32:24.508073+08:00,True,verified,2026-09-16,307.5,297.0,-10.5,-3.4146341463414664,0.174,308.03,False,3.5886341463414664,方向錯,False
2026-09-17,3026.TW,禾伸堂,immutable_point,C:\Users\danie\OneDrive\桌面\hiu\trading-system\predictions\2026-09-17_point.json,2026-09-17T08:32:24.508073+08:00,True,verified,2026-09-16,772.0,760.0,-12.0,-1.5544041450777257,0.8335,778.43,False,2.3879041450777256,方向錯,False
2026-09-17,3357.TWO,臺慶科,immutable_point,C:\Users\danie\OneDrive\桌面\hiu\trading-system\predictions\2026-09-17_point.json,2026-09-17T08:32:24.508073+08:00,True,verified,2026-09-16,201.0,200.0,-1.0,-0.497512437810943,0.011,201.02,False,0.508512437810943,方向錯,False
2026-09-17,3675.TWO,德微,immutable_point,C:\Users\danie\OneDrive\桌面\hiu\trading-system\predictions\2026-09-17_point.json,2026-09-17T08:32:24.508073+08:00,True,verified,2026-09-16,295.5,284.0,-11.5,-3.891708967851104,0.0184,295.55,False,3.9101089678511043,方向錯,False
2026-09-17,5425.TWO,台半,immutable_point,C:\Users\danie\OneDrive\桌面\hiu\trading-system\predictions\2026-09-17_point.json,2026-09-17T08:32:24.508073+08:00,True,verified,2026-09-16,94.8000030517578,92.5999984741211,-2.2000045776367045,-2.320679859509678,-0.1654,94.64,True,2.155279859509678,方向對、幅度偏差,False
2026-09-17,8255.TWO,朋程,immutable_point,C:\Users\danie\OneDrive\桌面\hiu\trading-system\predictions\2026-09-17_point.json,2026-09-17T08:32:24.508073+08:00,True,verified,2026-09-16,136.0,135.5,-0.5,-0.3676470588235281,0.2391,136.33,False,0.6067470588235281,方向錯,False
2026-09-17,8261.TW,富鼎,immutable_point,C:\Users\danie\OneDrive\桌面\hiu\trading-system\predictions\2026-09-17_point.json,2026-09-17T08:32:24.508073+08:00,True,verified,2026-09-16,173.5,169.0,-4.5,-2.5936599423631135,-0.5778,172.5,True,2.0158599423631136,方向對、幅度偏差,False
2026-09-21,2327.TW,國巨,immutable_point,C:\Users\danie\OneDrive\桌面\hiu\trading-system\predictions\2026-09-21_point.json,2026-09-21T08:32:46.546062+08:00,False,base_price_mismatch;data_date_mismatch,2026-09-18,550.0,557.0,7.0,1.2727272727272698,0.5944,549.25,,,,True
2026-09-21,2472.TW,立隆電,immutable_point,C:\Users\danie\OneDrive\桌面\hiu\trading-system\predictions\2026-09-21_point.json,2026-09-21T08:32:46.546062+08:00,False,data_date_mismatch,2026-09-18,216.0,213.0,-3.0,-1.388888888888884,1.661,219.59,,,,True
2026-09-21,2481.TW,強茂,immutable_point,C:\Users\danie\OneDrive\桌面\hiu\trading-system\predictions\2026-09-21_point.json,2026-09-21T08:32:46.546062+08:00,False,data_date_mismatch,2026-09-18,168.5,168.0,-0.5,-0.29673590504450953,0.0394,168.57,,,,True
2026-09-21,2492.TW,華新科,immutable_point,C:\Users\danie\OneDrive\桌面\hiu\trading-system\predictions\2026-09-21_point.json,2026-09-21T08:32:46.546062+08:00,False,base_price_mismatch;data_date_mismatch,2026-09-18,309.5,308.5,-1.0,-0.3231017770597755,0.2597,307.8,,,,True
2026-09-21,3026.TW,禾伸堂,immutable_point,C:\Users\danie\OneDrive\桌面\hiu\trading-system\predictions\2026-09-21_point.json,2026-09-21T08:32:46.546062+08:00,False,base_price_mismatch;data_date_mismatch,2026-09-18,797.0,791.0,-6.0,-0.7528230865746499,0.8027,811.46,,,,True
2026-09-21,3357.TWO,臺慶科,immutable_point,C:\Users\danie\OneDrive\桌面\hiu\trading-system\predictions\2026-09-21_point.json,2026-09-21T08:32:46.546062+08:00,False,base_price_mismatch;data_date_mismatch,2026-09-18,207.5,209.0,1.5,0.7228915662650603,0.0178,212.04,,,,True
2026-09-21,3675.TWO,德微,immutable_point,C:\Users\danie\OneDrive\桌面\hiu\trading-system\predictions\2026-09-21_point.json,2026-09-21T08:32:46.546062+08:00,False,base_price_mismatch;data_date_mismatch,2026-09-18,294.0,294.5,0.5,0.1700680272108901,0.1351,295.9,,,,True
2026-09-21,5425.TWO,台半,immutable_point,C:\Users\danie\OneDrive\桌面\hiu\trading-system\predictions\2026-09-21_point.json,2026-09-21T08:32:46.546062+08:00,False,base_price_mismatch;data_date_mismatch,2026-09-18,92.5999984741211,93.3000030517578,0.7000045776367045,0.7559444807467619,-0.117,93.19,,,,True
2026-09-21,8255.TWO,朋程,immutable_point,C:\Users\danie\OneDrive\桌面\hiu\trading-system\predictions\2026-09-21_point.json,2026-09-21T08:32:46.546062+08:00,False,base_price_mismatch;data_date_mismatch,2026-09-18,136.0,137.5,1.5,1.1029411764705843,0.2387,146.35,,,,True
2026-09-21,8261.TW,富鼎,immutable_point,C:\Users\danie\OneDrive\桌面\hiu\trading-system\predictions\2026-09-21_point.json,2026-09-21T08:32:46.546062+08:00,False,base_price_mismatch;data_date_mismatch,2026-09-18,177.0,173.5,-3.5,-1.9774011299435013,-0.5408,175.05,,,,True
2026-09-22,2327.TW,國巨,immutable_point,C:\Users\danie\OneDrive\桌面\hiu\trading-system\predictions\2026-09-22_point.json,2026-09-22T08:32:45.160600+08:00,True,verified,2026-09-21,557.0,571.0,14.0,2.5134649910233398,0.5877,560.27,True,1.9257649910233399,方向對、幅度偏差,True
2026-09-22,2472.TW,立隆電,immutable_point,C:\Users\danie\OneDrive\桌面\hiu\trading-system\predictions\2026-09-22_point.json,2026-09-22T08:32:45.160600+08:00,True,verified,2026-09-21,213.0,217.5,4.5,2.1126760563380254,1.689,216.6,True,0.4236760563380253,準確,True
2026-09-22,2481.TW,強茂,immutable_point,C:\Users\danie\OneDrive\桌面\hiu\trading-system\predictions\2026-09-22_point.json,2026-09-22T08:32:45.160600+08:00,True,verified,2026-09-21,168.0,171.0,3.0,1.7857142857142794,-0.0017,168.0,False,1.7874142857142794,方向錯,True
2026-09-22,2492.TW,華新科,immutable_point,C:\Users\danie\OneDrive\桌面\hiu\trading-system\predictions\2026-09-22_point.json,2026-09-22T08:32:45.160600+08:00,True,verified,2026-09-21,308.5,311.0,2.5,0.8103727714748876,0.2717,309.34,True,0.5386727714748876,準確,True
2026-09-22,3026.TW,禾伸堂,immutable_point,C:\Users\danie\OneDrive\桌面\hiu\trading-system\predictions\2026-09-22_point.json,2026-09-22T08:32:45.160600+08:00,True,verified,2026-09-21,791.0,780.0,-11.0,-1.3906447534766109,0.8,797.33,False,2.1906447534766107,方向錯,True
2026-09-22,3357.TWO,臺慶科,immutable_point,C:\Users\danie\OneDrive\桌面\hiu\trading-system\predictions\2026-09-22_point.json,2026-09-22T08:32:45.160600+08:00,True,verified,2026-09-21,209.0,210.5,1.5,0.7177033492822948,0.0217,209.05,True,0.6960033492822948,準確,True
2026-09-22,3675.TWO,德微,immutable_point,C:\Users\danie\OneDrive\桌面\hiu\trading-system\predictions\2026-09-22_point.json,2026-09-22T08:32:45.160600+08:00,True,verified,2026-09-21,294.5,302.0,7.5,2.5466893039049143,-0.0377,294.39,False,2.5843893039049144,方向錯,True
2026-09-22,5425.TWO,台半,immutable_point,C:\Users\danie\OneDrive\桌面\hiu\trading-system\predictions\2026-09-22_point.json,2026-09-22T08:32:45.160600+08:00,True,verified,2026-09-21,93.3000030517578,93.5,0.1999969482422017,0.21435899431991867,-0.1357,93.17,False,0.35005899431991866,方向錯,True
2026-09-22,8255.TWO,朋程,immutable_point,C:\Users\danie\OneDrive\桌面\hiu\trading-system\predictions\2026-09-22_point.json,2026-09-22T08:32:45.160600+08:00,True,verified,2026-09-21,137.5,139.5,2.0,1.454545454545464,0.5067,138.2,True,0.9478454545454639,準確,True
2026-09-22,8261.TW,富鼎,immutable_point,C:\Users\danie\OneDrive\桌面\hiu\trading-system\predictions\2026-09-22_point.json,2026-09-22T08:32:45.160600+08:00,True,verified,2026-09-21,173.5,176.5,3.0,1.729106628242083,-0.5463,172.55,False,2.275406628242083,方向錯,True
