date,previous_tw_date,us_session,us_available_taipei,new_us_sessions,repeated_session,sox_last,nasdaq_last,sp500_last,on_last,vsh_last,gap_mean,intraday_mean,close_to_close_mean,gap_up_share,intraday_up_share,close_to_close_up_share,stock_count
2024-01-12,2024-01-11,2024-01-11,2024-01-12T06:00:00+08:00,1.0,False,0.4707475237199388,0.003607559618346,-0.0671055578386869,-1.5606405179875549,0.9379309971943028,0.019766156549597687,-0.5287435169729238,-0.5089418582220373,0.4,0.4,0.4,10
2024-01-15,2024-01-12,2024-01-12,2024-01-13T06:00:00+08:00,1.0,False,-0.3802937897811054,0.0171630143889434,0.0750975594110414,-1.2898012636524236,-0.840706969130367,0.47624452109687015,1.0377369479494214,1.5181346983424016,0.9,0.7,0.9,10
2024-01-16,2024-01-15,2024-01-12,2024-01-13T06:00:00+08:00,0.0,True,-0.3802937897811054,0.0171630143889434,0.0750975594110414,-1.2898012636524236,-0.840706969130367,-0.2806307784433604,-0.48362921230856176,-0.7622370440997849,0.3,0.4,0.4,10
2024-01-17,2024-01-16,2024-01-16,2024-01-17T06:00:00+08:00,1.0,False,1.3204425657758811,-0.1897456226822358,-0.3731340236743152,0.4491654084275431,-0.5354731732666984,1.6661012864164213,-3.140741932305052,-1.5502038244389005,0.8,0.1,0.3,10
2024-01-18,2024-01-17,2024-01-17,2024-01-18T06:00:00+08:00,1.0,False,-0.876534745952684,-0.5937327117390034,-0.5616897183990499,-2.073179329841457,-2.512354804569772,0.16490812258977416,-1.006932386874576,-0.8470088693230104,0.6,0.2,0.2,10
2024-01-19,2024-01-18,2024-01-18,2024-01-19T06:00:00+08:00,1.0,False,3.35557119861023,1.3464956148553586,0.8805260963896,1.3145214082805223,2.2089474521333363,0.7638450212573888,-0.5783873091822522,0.17650118827914346,0.9,0.3,0.5,10
2024-01-22,2024-01-19,2024-01-19,2024-01-20T06:00:00+08:00,1.0,False,4.020660356475547,1.6958373056834786,1.2313502764936146,0.8877376605330056,0.4502413454223752,0.3194798381025743,0.17671222477631643,0.4937445860058432,0.7,0.4,0.8,10
2024-01-23,2024-01-22,2024-01-22,2024-01-23T06:00:00+08:00,1.0,False,0.2502530037111761,0.3221240285939286,0.2194325202627078,1.7869224932244745,1.6136290546922227,0.2469345225391517,0.5174116769021353,0.7639554724547382,0.7,0.7,0.8,10
2024-01-24,2024-01-23,2024-01-23,2024-01-24T06:00:00+08:00,1.0,False,0.653345810666961,0.4274033267473776,0.2921374261968035,2.0747406675633684,0.4411143533090911,0.10267697326844405,-0.02757174230206494,0.07494365008012152,0.6,0.3,0.4,10
2024-01-25,2024-01-24,2024-01-24,2024-01-25T06:00:00+08:00,1.0,False,1.541705723182174,0.3628919250833196,0.0811928411783124,-2.0846885656300884,-1.0540320812020942,0.5371821697258794,-1.3254158947509764,-0.7956385077617135,0.9,0.0,0.1,10
2024-01-26,2024-01-25,2024-01-25,2024-01-26T06:00:00+08:00,1.0,False,-0.2469216476835845,0.1846029321248332,0.5260365527706368,-3.2734518090801634,-1.2871566518810162,-0.22268528418059375,-0.17798732437180217,-0.40063858661234075,0.2,0.3,0.1,10
2024-01-29,2024-01-26,2024-01-26,2024-01-27T06:00:00+08:00,1.0,False,-2.9103780815504576,-0.3554988455401142,-0.0651785251076453,-1.3481955207300331,-0.4946318715767894,0.14315590542415602,0.497860624067431,0.6394647186086577,0.5,0.7,0.7,10
2024-01-30,2024-01-29,2024-01-29,2024-01-30T06:00:00+08:00,1.0,False,1.0633085566111422,1.1172802417547256,0.7556774896180896,1.8267990173177928,0.903756406804712,0.15586093620007513,-1.1110960102562306,-0.9593425409580403,0.6,0.1,0.0,10
2024-01-31,2024-01-30,2024-01-30,2024-01-31T06:00:00+08:00,1.0,False,-1.5559613435898734,-0.7559466711257956,-0.0600649934539898,-0.6162653641876292,-0.0447713440267172,-0.16257003684166826,0.24692933476373136,0.08446009446599458,0.1,0.5,0.4,10
2024-02-01,2024-01-31,2024-01-31,2024-02-01T06:00:00+08:00,1.0,False,-1.367371435934417,-2.23012795884282,-1.6105744611597972,-1.9842944019041409,-2.6433794788685683,0.11731924244674949,-0.28528088441046817,-0.16820266647311066,0.8,0.3,0.2,10
2024-02-02,2024-02-01,2024-02-01,2024-02-02T06:00:00+08:00,1.0,False,0.4590571743282812,1.3032824817912123,1.2493688211609788,-1.3215167275527295,1.196502757528295,0.3844326198735581,-0.5034110712282736,-0.1238286262347155,0.8,0.4,0.6,10
2024-02-05,2024-02-02,2024-02-02,2024-02-03T06:00:00+08:00,1.0,False,1.3141049661874682,1.740117285606213,1.068444607751462,0.9118098979732814,-0.3183092796899212,0.48985347673775836,-0.6239474239972354,-0.1435613320961482,0.6,0.3,0.3,10
2024-02-15,2024-02-05,2024-02-14,2024-02-15T06:00:00+08:00,8.0,False,2.1760532620363597,1.3001787624161487,0.957976327501764,3.919076185997628,2.4586196356825907,1.2012135497020582,0.4231275030370895,1.6276739113887362,1.0,0.7,0.9,10
2024-02-16,2024-02-15,2024-02-15,2024-02-16T06:00:00+08:00,1.0,False,-0.1601183320570354,0.2964820314573346,0.5821250684729495,-1.285656233506005,2.9072553640130616,0.5020211422356624,0.9550316067682108,1.4605259445129204,0.7,0.9,0.9,10
2024-02-19,2024-02-16,2024-02-16,2024-02-17T06:00:00+08:00,1.0,False,-0.6673816112691688,-0.8205591408306456,-0.4803469837112106,-2.4559703416997647,-0.0896721902841846,0.3044872682450883,0.34261024455184635,0.6464339923214668,0.9,0.8,0.8,10
2024-02-20,2024-02-19,2024-02-16,2024-02-17T06:00:00+08:00,0.0,True,-0.6673816112691688,-0.8205591408306456,-0.4803469837112106,-2.4559703416997647,-0.0896721902841846,-0.0038464623422862373,-0.7878129674183487,-0.7918435416074632,0.3,0.1,0.1,10
2024-02-21,2024-02-20,2024-02-20,2024-02-21T06:00:00+08:00,1.0,False,-1.5639368472295412,-0.918314703992118,-0.6005322001165325,-1.4877901551704764,-1.9748667157856723,0.08662654559516533,0.4707417769698452,0.5554916689577882,0.6,0.6,0.9,10
2024-02-22,2024-02-21,2024-02-21,2024-02-22T06:00:00+08:00,1.0,False,-0.2358214089685506,-0.3193068764124063,0.1264199922982101,0.1936253046538327,-1.9230833188291885,0.5268443959841318,-0.5656656298460405,-0.04249141162198323,0.8,0.0,0.4,10
2024-02-23,2024-02-22,2024-02-22,2024-02-23T06:00:00+08:00,1.0,False,4.970588542132814,2.9571519211352597,2.112288421741404,0.9533597495294144,0.4668563367672851,0.5638994886916737,-2.138263428202777,-1.5885541313078122,0.9,0.0,0.0,10
2024-02-26,2024-02-23,2024-02-23,2024-02-24T06:00:00+08:00,1.0,False,-1.1214095029341675,-0.2792723201286873,0.0347947546211591,-2.769267677441356,0.8828985782809884,-0.23674468356370104,0.6507668032254788,0.41114094168236087,0.3,0.7,0.5,10
2024-02-27,2024-02-26,2024-02-26,2024-02-27T06:00:00+08:00,1.0,False,1.0496233381483977,-0.1285900078775381,-0.3786751350190576,1.8112576574324857,0.5527385535024854,0.028425944218047887,-1.130162249168869,-1.1025829081994531,0.4,0.1,0.1,10
2024-02-29,2024-02-27,2024-02-28,2024-02-29T06:00:00+08:00,2.0,False,-1.1233356218232735,-0.5460426146002173,-0.1658155060430544,-0.6496037314151826,0.5055151021697846,0.4415089281399898,1.0492399794777962,1.4975553379364848,0.6,0.9,0.8,10
2024-03-01,2024-02-29,2024-02-29,2024-03-01T06:00:00+08:00,1.0,False,2.701078120648725,0.9040759717745096,0.5229094697149161,3.203866757071383,-0.54871320815989,0.48596238138855047,-0.26175834613035076,0.2199417435626183,0.8,0.4,0.4,10
2024-03-04,2024-03-01,2024-03-01,2024-03-02T06:00:00+08:00,1.0,False,4.287361740827045,1.1373441373127011,0.800782894888763,2.8129767767489438,3.4023096540101605,0.668949943487811,-1.3968591120009066,-0.7424951694034165,0.9,0.1,0.1,10
2024-03-05,2024-03-04,2024-03-04,2024-03-05T06:00:00+08:00,1.0,False,1.0627707814552243,-0.4143220330287578,-0.1193262070918965,-1.5528742244373397,1.600705431803373,0.03917794918574135,-0.43844389708571524,-0.4003551544445849,0.8,0.2,0.3,10
2024-03-06,2024-03-05,2024-03-05,2024-03-06T06:00:00+08:00,1.0,False,-2.0501956518010456,-1.6530603760192664,-1.0193100883444606,-3.6179262506481615,0.0,0.07082563697680011,0.3991140310523156,0.47415362071002826,0.4,0.5,0.4,10
2024-03-07,2024-03-06,2024-03-06,2024-03-07T06:00:00+08:00,1.0,False,2.420168238760234,0.5768667588931464,0.5141103203274655,0.8182944542059367,0.8315354788441365,0.2608031787853249,-1.7996078910783264,-1.545144177568244,0.9,0.0,0.0,10
2024-03-08,2024-03-07,2024-03-07,2024-03-08T06:00:00+08:00,1.0,False,3.359388715699785,1.5085253391797115,1.0304127925951478,6.879665226661902,1.822896347350467,0.12411703925028883,-1.6439416984105868,-1.514678357163709,0.6,0.2,0.2,10
2024-03-11,2024-03-08,2024-03-08,2024-03-09T06:00:00+08:00,1.0,False,-4.027431987160224,-1.156917202239249,-0.6528519003437983,-4.83365740174051,-1.023014075538442,-0.3582756048760561,0.643105665104069,0.2838316961483411,0.4,0.7,0.6,10
2024-03-12,2024-03-11,2024-03-11,2024-03-12T05:00:00+08:00,1.0,False,-1.3631018877862555,-0.4093277501581061,-0.1122238087346461,3.356556843968206,-0.1722733266738663,0.6723933667359994,0.31756146796045437,0.9898413722031407,1.0,0.7,0.8,10
2024-03-13,2024-03-12,2024-03-12,2024-03-13T05:00:00+08:00,1.0,False,2.092134600349671,1.5379609957051343,1.1201787981366396,1.2132326988749886,0.2588385212161981,0.3540304253832982,-1.5579073744992689,-1.2113461245265666,0.6,0.1,0.1,10
2024-03-14,2024-03-13,2024-03-13,2024-03-14T05:00:00+08:00,1.0,False,-2.474898920844315,-0.540219254125307,-0.1924529715340739,-3.269157365252817,-2.2471761839156668,-0.2511338914111872,0.3324440396128103,0.08220897671275544,0.6,0.5,0.6,10
2024-03-15,2024-03-14,2024-03-14,2024-03-15T05:00:00+08:00,1.0,False,-1.751923711416714,-0.3043636993182885,-0.2871091562127392,-3.404682990967156,-2.077804497861324,-0.28215305932902557,-0.31937173175835887,-0.6016491721040318,0.3,0.2,0.1,10
2024-03-18,2024-03-15,2024-03-15,2024-03-16T05:00:00+08:00,1.0,False,-0.5422625387685787,-0.9632641594030876,-0.6482917484461503,-2.9804269495095626,0.135430541600634,0.2693932570303037,0.449831784183794,0.7202586811292134,0.6,0.3,0.5,10
2024-03-19,2024-03-18,2024-03-18,2024-03-19T05:00:00+08:00,1.0,False,-0.002309163066938,0.8156194047562515,0.6318059504952345,-1.4024349048200713,-3.4265083768775018,0.029299728761701394,0.3335145352265523,0.3614903960790239,0.4,0.6,0.6,10
2024-03-20,2024-03-19,2024-03-19,2024-03-20T05:00:00+08:00,1.0,False,-0.9414418644510536,0.3933308886094222,0.5649149650123642,0.2980238710547533,0.3267991633251199,0.3119548717779086,-0.15730576803259957,0.15259053145850743,0.6,0.3,0.4,10
2024-03-21,2024-03-20,2024-03-20,2024-03-21T05:00:00+08:00,1.0,False,1.5992606587244884,1.253310748131975,0.8904173912846591,2.0664488930010494,0.8375954118191364,0.3017819154250345,0.27145664717708295,0.5711131183366924,0.7,0.6,0.6,10
2024-03-22,2024-03-21,2024-03-21,2024-03-22T05:00:00+08:00,1.0,False,2.2910521952810736,0.1981115213709694,0.3236535401516027,0.2778868404402557,2.768802690140615,-0.11585280296756542,1.1989300714296847,1.0783934749478719,0.6,0.8,0.9,10
2024-03-25,2024-03-22,2024-03-22,2024-03-23T05:00:00+08:00,1.0,False,0.2119260386300059,0.1644965992048774,-0.140218784901569,-1.4515683449992545,-1.1674911362416718,0.21682041913279598,-0.311281467110297,-0.09643402922879349,0.5,0.1,0.1,10
2024-03-26,2024-03-25,2024-03-25,2024-03-26T05:00:00+08:00,1.0,False,-0.3416594078301527,-0.2699500544251276,-0.3054964452501529,-1.5265122991294788,2.2717006351561158,0.021233587482105683,-0.9920407593315195,-0.9711213020650178,0.6,0.0,0.0,10
2024-03-27,2024-03-26,2024-03-26,2024-03-27T05:00:00+08:00,1.0,False,-0.8097808574601184,-0.4197298103708835,-0.2799795225030266,-0.8838747862208174,-1.5992825915096764,-0.2337637291083361,0.7892706934692817,0.5398926292697293,0.7,0.8,0.7,10
2024-03-28,2024-03-27,2024-03-27,2024-03-28T05:00:00+08:00,1.0,False,0.9907564420604588,0.5137342249128984,0.8630626525532925,3.731652138125008,3.2957093043104235,0.3361539460922869,0.7792176163061282,1.1186611765007548,0.8,0.5,0.6,10
2024-03-29,2024-03-28,2024-03-28,2024-03-29T05:00:00+08:00,1.0,False,0.1073432466728308,-0.1223180366612286,0.1116485507179021,-2.7245040893594696,-0.874136849677698,0.5219127644124177,-0.8034626431959146,-0.2875044110110503,0.8,0.1,0.2,10
2024-04-01,2024-03-29,2024-03-28,2024-03-29T05:00:00+08:00,0.0,True,0.1073432466728308,-0.1223180366612286,0.1116485507179021,-2.7245040893594696,-0.874136849677698,0.516758320244165,3.4171182250815035,3.9482777706372496,0.8,0.9,1.0,10
2024-04-02,2024-04-01,2024-04-01,2024-04-02T05:00:00+08:00,1.0,False,1.1597900430724284,0.1060481678206937,-0.2013584540116464,0.4078795512111322,-0.7054585923743972,0.4851560269959842,-0.476731443868389,0.00484936131559421,0.8,0.1,0.3,10
2024-04-03,2024-04-02,2024-04-02,2024-04-03T05:00:00+08:00,1.0,False,-1.5146844031925233,-0.953720213403486,-0.723905907316913,-4.563297477072304,-2.397849658047746,-0.37392620531209503,-0.017577490794596917,-0.3915979552612214,0.2,0.3,0.2,10
2024-04-08,2024-04-03,2024-04-05,2024-04-06T05:00:00+08:00,3.0,False,1.325885887390399,1.242684640827707,1.1099194174331697,0.3183809342420129,0.1830594689510301,0.8770747542934221,-0.7996936731352833,0.06243786790972263,0.9,0.5,0.6,10
2024-04-09,2024-04-08,2024-04-08,2024-04-09T05:00:00+08:00,1.0,False,0.1299042370403347,0.0334826177673441,-0.0374630998317915,-0.8222730775152898,0.5939066406623894,0.7915277255511688,-1.103125394400719,-0.3277020085785354,0.7,0.1,0.3,10
2024-04-10,2024-04-09,2024-04-09,2024-04-10T05:00:00+08:00,1.0,False,0.941269422535962,0.3241037115053968,0.1445493193248381,3.1854580965908985,2.2706409254009907,0.36134244428261186,0.34194005418024753,0.7058304042015007,0.9,0.6,0.7,10
2024-04-11,2024-04-10,2024-04-10,2024-04-11T05:00:00+08:00,1.0,False,-1.6518804874261384,-0.8357288798496176,-0.9456980649108492,-2.410486362592179,-3.4635824235897505,0.07354813157991472,-0.4771772025006505,-0.4048259979152503,0.5,0.2,0.2,10
2024-04-12,2024-04-11,2024-04-11,2024-04-12T05:00:00+08:00,1.0,False,2.421952825285456,1.6810934405752542,0.7444797710585593,1.978903727801562,1.2879646089499763,0.41057186961346853,-0.014940620973573538,0.3964898651786819,0.8,0.5,0.5,10
2024-04-15,2024-04-12,2024-04-12,2024-04-13T05:00:00+08:00,1.0,False,-3.287976827000449,-1.62453557122334,-1.455068829580164,-5.609063980255213,-1.816543759756295,-0.47556473754464257,-1.4145479724648802,-1.8819132531481073,0.3,0.2,0.1,10
2024-04-16,2024-04-15,2024-04-15,2024-04-16T05:00:00+08:00,1.0,False,-1.3898633259044058,-1.793315000423834,-1.202135494776202,-1.5006002538399454,-0.925080941678602,-0.6658648822859381,-2.421877100422385,-3.0696194835753863,0.0,0.1,0.1,10
2024-04-17,2024-04-16,2024-04-16,2024-04-17T05:00:00+08:00,1.0,False,0.8854199875046875,-0.1244539310204073,-0.205650701333615,-1.4015816232478495,-0.4201757122306637,0.5668795361961476,1.4818118883179365,2.0555757885345316,1.0,0.8,1.0,10
2024-04-18,2024-04-17,2024-04-17,2024-04-18T05:00:00+08:00,1.0,False,-3.245816328588813,-1.1464041399442126,-0.5780602724641426,-0.3862793499454175,-1.1251524148177094,-0.33787104850429794,0.6195394427068779,0.2808249788451722,0.2,0.8,0.5,10
2024-04-19,2024-04-18,2024-04-18,2024-04-19T05:00:00+08:00,1.0,False,-1.6552433858525228,-0.5220186514490188,-0.2208160119998248,-2.388709301021086,-0.0474283345386683,-0.5664096378315497,-2.2514251549882114,-2.8027031053670104,0.2,0.0,0.0,10
2024-04-22,2024-04-19,2024-04-19,2024-04-20T05:00:00+08:00,1.0,False,-4.115133108715252,-2.0478174173957586,-0.875854812743615,-3.527731145617896,-0.8538959197900486,0.27849368081843684,-2.205995764063209,-1.9382495826123116,0.6,0.2,0.2,10
2024-04-23,2024-04-22,2024-04-22,2024-04-23T05:00:00+08:00,1.0,False,1.7425602037079546,1.1078373020564358,0.8731248071466746,-0.0988264857495146,0.6698697325461911,0.9994017614598372,-0.25326594359961874,0.7424348775784961,1.0,0.4,0.8,10
2024-04-24,2024-04-23,2024-04-23,2024-04-24T05:00:00+08:00,1.0,False,2.210900348243827,1.5877623641452845,1.1964576270872662,1.6982666997252815,2.5665290595723755,1.1896958356541232,2.677971842357807,3.9017652503177147,1.0,0.9,1.0,10
2024-04-25,2024-04-24,2024-04-24,2024-04-25T05:00:00+08:00,1.0,False,1.0583279604368778,0.1026356718592635,0.0213010061354879,6.241891139870881,3.243752542043743,-0.5495062350044144,0.3331937831428123,-0.21577899486535213,0.0,0.6,0.3,10
2024-04-26,2024-04-25,2024-04-25,2024-04-26T05:00:00+08:00,1.0,False,1.9627908602453337,-0.6427279398895758,-0.4576430353515626,1.2971135204562725,-0.8078870449532038,1.1945386198831864,-0.8577483298062993,0.32421602035973107,0.9,0.1,0.5,10
2024-04-29,2024-04-26,2024-04-26,2024-04-27T05:00:00+08:00,1.0,False,2.6056111969166684,2.025015947888842,1.020914263474304,2.5308833604829277,2.398176623632109,0.9636489497683698,1.4230416325944306,2.395719437223718,0.9,0.8,0.9,10
2024-04-30,2024-04-29,2024-04-29,2024-04-30T05:00:00+08:00,1.0,False,0.644099933655573,0.3464341573386376,0.3178448666589117,4.05524865594411,1.9443105676972603,0.7512460241887864,-0.710047378333527,0.03329098909364614,0.7,0.3,0.5,10
2024-05-02,2024-04-30,2024-05-01,2024-05-02T05:00:00+08:00,2.0,False,-3.543954717823305,-0.3342728598578648,-0.3435438815494018,-1.6391126936328493,-3.932596707051162,-0.3989313101200542,-0.1880637102928706,-0.5891027095075307,0.3,0.7,0.4,10
2024-05-03,2024-05-02,2024-05-02,2024-05-03T05:00:00+08:00,1.0,False,2.1667447127184936,1.5089538105478306,0.9128437077573048,1.4490653079910487,1.6194446869421286,1.4305008550771237,0.14013877241067507,1.5806096856723018,1.0,0.4,0.6,10
2024-05-06,2024-05-03,2024-05-03,2024-05-04T05:00:00+08:00,1.0,False,2.406762600011847,1.9908523092361683,1.2556739721478527,0.514213111508055,0.7968183116583649,1.6276497801475578,-1.1627162195669885,0.43289141318435204,1.0,0.3,0.5,10
2024-05-07,2024-05-06,2024-05-06,2024-05-07T05:00:00+08:00,1.0,False,2.2106881868960926,1.1940825728499194,1.032612390701182,-0.9947485438612124,1.405349034492498,0.7084681227248102,-1.1630587242016688,-0.464330366679675,0.8,0.1,0.3,10
2024-05-08,2024-05-07,2024-05-07,2024-05-08T05:00:00+08:00,1.0,False,-0.7379043669943797,-0.1020868216431991,0.1343429823275066,1.60758256928053,-0.5197033448528954,0.33708308486583016,0.154330676123553,0.49000295483831335,0.7,0.4,0.7,10
2024-05-09,2024-05-08,2024-05-08,2024-05-09T05:00:00+08:00,1.0,False,0.1149454141943229,-0.1824564273542717,-0.0005835618166138,-0.1695193459952504,-1.741388737971139,0.3435227930078899,-1.5047251434704514,-1.170803128944827,0.7,0.1,0.1,10
2024-05-10,2024-05-09,2024-05-09,2024-05-10T05:00:00+08:00,1.0,False,-0.6389861353392035,0.2668259891292823,0.5090947698625836,0.834871915341906,2.126698830278695,0.5310111216873481,-0.47861464874791587,0.04884004248493112,1.0,0.3,0.6,10
2024-05-13,2024-05-10,2024-05-10,2024-05-11T05:00:00+08:00,1.0,False,1.0139096096443811,-0.0329717532620787,0.1649398844549843,-1.1226537016213012,-2.342732239637036,0.31325338984807044,-0.5774879774310604,-0.2662292039734015,0.6,0.3,0.5,10
2024-05-14,2024-05-13,2024-05-13,2024-05-14T05:00:00+08:00,1.0,False,0.3132272316665796,0.2898873612469099,-0.0241304055357272,2.653992010899886,0.8884873536940674,0.30021247869962076,0.21099016548662758,0.5088544101250325,0.6,0.5,0.8,10
2024-05-15,2024-05-14,2024-05-14,2024-05-15T05:00:00+08:00,1.0,False,1.6761108469917296,0.7501687268846036,0.4837813139759728,0.9124789382094044,2.7300873373532264,0.3926925440625084,-0.7552666130081243,-0.36709216830745567,0.9,0.2,0.3,10
2024-05-16,2024-05-15,2024-05-15,2024-05-16T05:00:00+08:00,1.0,False,2.878301633266278,1.40032960621852,1.171592788259623,2.3975887809535745,1.6716603755550177,0.8047889086742144,-0.12694252340462842,0.6762272992709462,1.0,0.5,0.8,10
2024-05-17,2024-05-16,2024-05-16,2024-05-17T05:00:00+08:00,1.0,False,-0.545879126515969,-0.2632259244638169,-0.2081667792128705,-2.3280678532277554,0.3794166107538688,-0.03689714005634003,-0.11375900939465389,-0.15301138171876283,0.6,0.4,0.3,10
2024-05-20,2024-05-17,2024-05-17,2024-05-18T05:00:00+08:00,1.0,False,-0.687986927109796,-0.0739571953578765,0.1164773510270222,0.2328742040346831,0.5039963307062356,0.4601550528085574,-1.273462673897866,-0.8201095279823944,0.8,0.0,0.2,10
2024-05-21,2024-05-20,2024-05-20,2024-05-21T05:00:00+08:00,1.0,False,2.153916253683774,0.6526347159389712,0.0916389937406947,1.517016042269992,0.3343042352395242,0.180919687745561,-0.07561052627256261,0.10398057573161479,0.6,0.6,0.5,10
2024-05-22,2024-05-21,2024-05-21,2024-05-22T05:00:00+08:00,1.0,False,-0.3133418135590315,0.2247710278890258,0.2501874243978186,-1.9655346102127047,-1.6659601958795678,0.488214451860578,0.5103107901233506,1.0019956888234216,0.8,0.8,0.9,10
2024-05-23,2024-05-22,2024-05-22,2024-05-23T05:00:00+08:00,1.0,False,1.032834566818286,-0.1846419613332095,-0.2706123039226127,4.765176098936119,0.7200365544845599,0.24594018679084734,-1.1069830921253687,-0.8650080639501556,0.7,0.1,0.2,10
2024-05-24,2024-05-23,2024-05-23,2024-05-24T05:00:00+08:00,1.0,False,-0.0161909279944638,-0.3899033617177028,-0.7380789485015526,-6.082054442214657,-1.0092556852315138,-0.18253423920787326,2.292602669851833,2.1120116535647404,0.2,0.8,0.8,10
2024-05-27,2024-05-24,2024-05-24,2024-05-25T05:00:00+08:00,1.0,False,1.8521325047697208,1.1039641622729413,0.700104258816947,1.2700572412216449,1.9541239085960167,0.8039137704334888,1.7064206775212074,2.5229383587174037,0.9,0.9,1.0,10
2024-05-28,2024-05-27,2024-05-24,2024-05-25T05:00:00+08:00,0.0,True,1.8521325047697208,1.1039641622729413,0.700104258816947,1.2700572412216449,1.9541239085960167,0.8021201927880284,0.06135830826119011,0.8645720567440074,0.9,0.6,0.7,10
2024-05-29,2024-05-28,2024-05-28,2024-05-29T05:00:00+08:00,1.0,False,1.856956183263625,0.5856216072961384,0.0248801852934077,1.5022105898018443,-0.7500052316797068,0.23923961643966152,-0.3492479357656919,-0.11390059004119157,0.7,0.4,0.3,10
2024-05-30,2024-05-29,2024-05-29,2024-05-30T05:00:00+08:00,1.0,False,-1.8531910482400216,-0.5834399316332561,-0.7367046509680453,-3.584520481945685,-1.847185226499004,-0.3017403296831134,-0.6810936263394063,-0.9800674803381249,0.3,0.2,0.1,10
2024-05-31,2024-05-30,2024-05-30,2024-05-31T05:00:00+08:00,1.0,False,-0.8824915917208465,-1.0844781866387043,-0.5975035585443322,1.5490753992807749,0.0855399798227019,1.0626663157643135,-0.9448426807010646,0.09612740501394597,1.0,0.3,0.6,10
2024-06-03,2024-05-31,2024-05-31,2024-06-01T05:00:00+08:00,1.0,False,-0.9645736847649132,-0.01231126854494,0.802787620486467,1.289696709616006,0.9829076559429106,0.8497950495603213,-0.3320655656594207,0.5163460484211735,0.8,0.2,0.6,10
2024-06-04,2024-06-03,2024-06-03,2024-06-04T05:00:00+08:00,1.0,False,0.5689606649079026,0.5596072980382338,0.1116082580673749,0.2053690087605364,1.0156708629920574,0.22681053593228473,-0.45697456062477765,-0.23301578470495526,0.6,0.6,0.4,10
2024-06-05,2024-06-04,2024-06-04,2024-06-05T05:00:00+08:00,1.0,False,-0.7033416284918825,0.1686458853061845,0.1502809091306511,-2.281740323313697,-4.105576783739018,0.33617570226600835,-1.3643409296548934,-1.0358959103419174,0.7,0.0,0.0,10
2024-06-06,2024-06-05,2024-06-05,2024-06-06T05:00:00+08:00,1.0,False,4.518329192800885,1.962677894658782,1.1847649793331303,4.222601250294833,1.8785358200030575,0.7855332089225064,0.4045992765123806,1.1872190183851408,1.0,0.3,0.6,10
2024-06-07,2024-06-06,2024-06-06,2024-06-07T05:00:00+08:00,1.0,False,-0.8557322031926606,-0.0859979966375767,-0.0199816635633176,-2.803868985262903,-0.986270979773729,1.0270466036076975,0.5795231072907292,1.6060059642798266,1.0,0.7,0.9,10
2024-06-11,2024-06-07,2024-06-10,2024-06-11T05:00:00+08:00,2.0,False,1.421529278736,0.3466875843506356,0.258085466451452,1.6456955906297477,0.0,0.44151451299442535,-1.937035837753959,-1.5087328709663972,0.6,0.0,0.0,10
2024-06-12,2024-06-11,2024-06-11,2024-06-12T05:00:00+08:00,1.0,False,0.0555717686673729,0.8784134188007497,0.2710381315137455,0.6530657917463767,0.4860754225639807,0.5196881278982102,-0.27257169856260477,0.24641611841709987,0.8,0.3,0.6,10
2024-06-13,2024-06-12,2024-06-12,2024-06-13T05:00:00+08:00,1.0,False,2.898028429880584,1.5273035793879508,0.8503672791998707,3.027842338641351,2.4626165966135094,0.41873232826544654,0.426716954411519,0.8451440952822609,0.8,0.6,0.8,10
2024-06-14,2024-06-13,2024-06-13,2024-06-14T05:00:00+08:00,1.0,False,1.4771186960841565,0.3357543063789547,0.2344655853681709,-1.5481504674330404,-0.818968010980492,0.5989007635403909,0.7082810657885752,1.3133174643392442,1.0,0.6,0.7,10
2024-06-17,2024-06-14,2024-06-14,2024-06-15T05:00:00+08:00,1.0,False,-0.0733587153151971,0.1206749083634495,-0.0393860697500914,-4.09115092932918,-3.129063332634108,0.7245312383245506,0.7534119790586735,1.4832501094473882,0.5,0.7,0.7,10
2024-06-18,2024-06-17,2024-06-17,2024-06-18T05:00:00+08:00,1.0,False,1.6038775652425177,0.950533124235986,0.7664386564552705,-1.7229371164896312,0.3589040382873998,0.511767122390151,-1.1181508718513955,-0.6176051419459416,0.9,0.2,0.2,10
2024-06-19,2024-06-18,2024-06-18,2024-06-19T05:00:00+08:00,1.0,False,1.3540552769629732,0.0291814515344102,0.2521327394745754,0.0,-0.1341132852183957,0.559825526895763,-2.1923840738075273,-1.647574664375212,1.0,0.1,0.1,10
2024-06-20,2024-06-19,2024-06-18,2024-06-19T05:00:00+08:00,0.0,True,1.3540552769629732,0.0291814515344102,0.2521327394745754,0.0,-0.1341132852183957,0.22328116488784078,0.5354084629377676,0.7606004979676562,0.5,0.6,0.7,10
2024-06-21,2024-06-20,2024-06-20,2024-06-21T05:00:00+08:00,1.0,False,-2.690496440829926,-0.7873631753103294,-0.2525931847270901,-4.382872835268614,0.7162015690245882,0.11181337504376776,1.405194935262677,1.5166693982764912,0.6,0.6,0.7,10
2024-06-24,2024-06-21,2024-06-21,2024-06-22T05:00:00+08:00,1.0,False,-1.2739679527908554,-0.1818712036232295,-0.1562130321101196,1.3159831817137313,-0.3999974751226265,0.5545426658914387,-0.8561693018522176,-0.30148079368346503,0.9,0.3,0.3,10
2024-06-25,2024-06-24,2024-06-24,2024-06-25T05:00:00+08:00,1.0,False,-3.015596499317197,-1.088445649264791,-0.3065171894990004,-1.0653761869571454,-1.51718112493896,0.2878034506287841,0.5278832919359111,0.8070895423976487,0.7,0.4,0.5,10
2024-06-26,2024-06-25,2024-06-25,2024-06-26T05:00:00+08:00,1.0,False,1.78981249942618,1.2621154825899206,0.3933590015736898,0.0737504376575826,-0.3171726407463771,-0.13701153547337364,-0.043077148480850085,-0.18144505755197216,0.7,0.4,0.3,10
2024-06-27,2024-06-26,2024-06-26,2024-06-27T05:00:00+08:00,1.0,False,-0.2805648411361994,0.4939129269155407,0.1572431200220325,0.486441404582405,0.1818220833135653,-0.14459840214523179,-0.7133271160151544,-0.8595933891771879,0.3,0.2,0.1,10
2024-06-28,2024-06-27,2024-06-27,2024-06-28T05:00:00+08:00,1.0,False,-0.5727833559951656,0.3005843855395707,0.0907321223891477,-0.4547419200826241,0.2268537683093097,0.43739637661472824,1.2231713547169145,1.6787792186857686,0.5,0.7,0.7,10
2024-07-01,2024-06-28,2024-06-28,2024-06-29T05:00:00+08:00,1.0,False,0.9439047008968916,-0.7059876784354269,-0.4083652583445674,1.0168028812263197,0.9506655102287098,0.34471275563607406,-0.8666759570303318,-0.5282352679392387,0.7,0.1,0.1,10
2024-07-02,2024-07-01,2024-07-01,2024-07-02T05:00:00+08:00,1.0,False,0.0893622914151182,0.8272964771473212,0.26755639309195,0.9190331515263273,-2.287001835023028,-0.042270255720189276,-0.29655162015394865,-0.3384443270502447,0.5,0.3,0.4,10
2024-07-03,2024-07-02,2024-07-02,2024-07-03T05:00:00+08:00,1.0,False,1.2386064511803907,0.8359330501992446,0.6195317856513505,5.406183647399776,0.780170478059028,0.9740491579558652,1.1580328318230038,2.147360773989292,1.0,0.7,0.9,10
2024-07-04,2024-07-03,2024-07-03,2024-07-04T02:00:00+08:00,1.0,False,1.9248001521643852,0.8849250735993186,0.5084444409779065,-0.3291248900109567,1.2750547293310932,1.0955212172247775,-0.3416911491267582,0.7510769839696673,1.0,0.4,0.8,10
2024-07-05,2024-07-04,2024-07-03,2024-07-04T02:00:00+08:00,0.0,True,1.9248001521643852,0.8849250735993186,0.5084444409779065,-0.3291248900109567,1.2750547293310932,0.7784519426171044,0.15276930783377887,0.9300642116309643,1.0,0.5,0.8,10
2024-07-08,2024-07-05,2024-07-05,2024-07-06T05:00:00+08:00,1.0,False,0.0812114467015678,0.904202027187373,0.5448765178485582,0.9631218289804178,0.0,0.1516136927312539,-1.7379672981105432,-1.5910803137776808,0.6,0.1,0.1,10
2024-07-09,2024-07-08,2024-07-08,2024-07-09T05:00:00+08:00,1.0,False,1.925281698062076,0.2777809408560205,0.1016698964751094,2.2213204467469216,1.2140480193817194,0.15087447695243394,-1.5200256304983129,-1.3759852136639605,0.7,0.1,0.1,10
2024-07-10,2024-07-09,2024-07-09,2024-07-10T05:00:00+08:00,1.0,False,-0.0001693888872389,0.1388241074891993,0.0741071936285697,-2.0397263507847208,-1.999133925461949,0.3874300412819431,1.0570631146430798,1.4401859701217268,0.6,0.7,0.8,10
2024-07-11,2024-07-10,2024-07-10,2024-07-11T05:00:00+08:00,1.0,False,2.4169124927056806,1.1837687037744349,1.0208065293514812,4.232434456827727,1.7225709321516458,0.502868737949892,1.728236603001023,2.2418037518813962,0.9,0.9,0.9,10
2024-07-12,2024-07-11,2024-07-11,2024-07-12T05:00:00+08:00,1.0,False,-3.469870327867741,-1.9522190849242784,-0.8763028841120457,-3.06828383142056,2.4955527133173394,-0.9485255550435723,0.6362535071555875,-0.3215709176426762,0.0,0.6,0.3,10
2024-07-15,2024-07-12,2024-07-12,2024-07-13T05:00:00+08:00,1.0,False,1.3251629585919744,0.6291991565953836,0.5517027074430692,3.542571334172928,0.91305214137134,1.2998088592861023,-1.990833590493807,-0.7260271568285526,1.0,0.1,0.5,10
2024-07-16,2024-07-15,2024-07-15,2024-07-16T05:00:00+08:00,1.0,False,0.0436352666633998,0.4028659854356853,0.282620262521549,-0.650448786437996,1.0340246136089526,1.2985077200313255,0.26927225112215347,1.5625386824239806,0.9,0.7,0.9,10
2024-07-17,2024-07-16,2024-07-16,2024-07-17T05:00:00+08:00,1.0,False,0.4555407660941091,0.1990493506207835,0.6389375498743188,3.103306313935628,3.3262333244334474,0.4951861813547409,-1.0741043657290983,-0.589676011609207,0.7,0.1,0.2,10
2024-07-18,2024-07-17,2024-07-17,2024-07-18T05:00:00+08:00,1.0,False,-6.811126731805828,-2.768439750961882,-1.3927543241993745,-4.165606893934259,0.165088132312241,-1.523456415899328,-0.05618144513676704,-1.583977365390772,0.0,0.4,0.0,10
2024-07-19,2024-07-18,2024-07-18,2024-07-19T05:00:00+08:00,1.0,False,0.5123210735577421,-0.6984485083873393,-0.7816403936922511,-0.0397545450050884,-1.318511840635905,-0.07486722105275012,-2.9864157046250197,-3.059061815752765,0.4,0.0,0.0,10
2024-07-22,2024-07-19,2024-07-19,2024-07-20T05:00:00+08:00,1.0,False,-3.1134417145359694,-0.8073385271033628,-0.7140265531926926,-3.844626162198117,-1.753661817762997,0.12054541763063975,-3.5927456849063013,-3.477807363643811,0.6,0.0,0.0,10
2024-07-23,2024-07-22,2024-07-22,2024-07-23T05:00:00+08:00,1.0,False,3.999687034862976,1.5830756353462316,1.079203564940956,6.617955511572315,3.1449423283993694,1.161906258810984,-0.8125182955084387,0.3378827270960638,0.9,0.2,0.7,10
2024-07-26,2024-07-23,2024-07-25,2024-07-26T05:00:00+08:00,3.0,False,-1.9642952607553776,-0.926569327315152,-0.5142620237842288,-3.665667768436398,-0.8939889735029904,-3.281564789353813,0.7088250785409544,-2.603914879793167,0.0,0.6,0.2,10
2024-07-29,2024-07-26,2024-07-26,2024-07-27T05:00:00+08:00,1.0,False,1.9533064994682992,1.0252765674276132,1.1090468702846357,3.893984628024105,3.092780936251538,1.0895793842442014,-3.5063554571278885,-2.4597545445362488,1.0,0.0,0.0,10
2024-07-30,2024-07-29,2024-07-29,2024-07-30T05:00:00+08:00,1.0,False,-0.3039265309949801,0.0709669542889424,0.0813310129293309,11.543392739756197,0.2499845181794802,-0.2496815337191849,1.9233427351197865,1.666213862248479,0.5,0.9,0.9,10
2024-07-31,2024-07-30,2024-07-30,2024-07-31T05:00:00+08:00,1.0,False,-3.881386783903862,-1.2825373737482826,-0.4960171878030217,-5.493797887806862,-0.9143713435122992,-0.3232643523871559,1.5177678669474481,1.2006624081512651,0.3,0.7,0.6,10
2024-08-01,2024-07-31,2024-07-31,2024-08-01T05:00:00+08:00,1.0,False,7.014718981786072,2.635851170667425,1.57933986591674,5.786127766209859,1.9714873926367948,1.3732055039846713,0.7544523541326642,2.1385190330641324,0.9,0.7,0.9,10
2024-08-02,2024-08-01,2024-08-01,2024-08-02T05:00:00+08:00,1.0,False,-7.138877689711453,-2.3026352660052707,-1.3693502993456064,-8.115014024435908,-3.208571242607849,-1.9455007159229354,-1.5126637057544579,-3.4247198337244265,0.0,0.0,0.0,10
2024-08-05,2024-08-02,2024-08-02,2024-08-03T05:00:00+08:00,1.0,False,-5.182126192169956,-2.4310025495816623,-1.8381860868696756,-5.49374755745311,-4.674877509801512,-3.3830392816531116,-6.307746619326471,-9.487381687173785,0.0,0.0,0.0,10
2024-08-06,2024-08-05,2024-08-05,2024-08-06T05:00:00+08:00,1.0,False,-1.916540245246956,-3.4339209494872347,-2.996879838863975,1.5011101078310274,-3.834148289537276,1.6869010478688786,-2.343099993606436,-0.6949984122678753,1.0,0.1,0.4,10
2024-08-07,2024-08-06,2024-08-06,2024-08-07T05:00:00+08:00,1.0,False,1.0647230708761724,1.0294364623245844,1.0354085880061037,-0.6669553085850488,-0.4636121667961568,0.6123555938665494,4.971608670995716,5.611119914373835,0.8,1.0,1.0,10
2024-08-08,2024-08-07,2024-08-07,2024-08-08T05:00:00+08:00,1.0,False,-3.0935444913897547,-1.0450394739652702,-0.7734647858502863,-3.0944426805978757,-7.54542069114974,-1.67139557523971,0.29910415932597356,-1.375534076455459,0.0,0.4,0.2,10
2024-08-09,2024-08-08,2024-08-08,2024-08-09T05:00:00+08:00,1.0,False,6.862205530920518,2.8662349907374374,2.3042611519136447,8.796511554413012,1.612125486116156,2.684128558101535,-0.3508136087414959,2.3170072256554786,1.0,0.4,0.9,10
2024-08-12,2024-08-09,2024-08-09,2024-08-10T05:00:00+08:00,1.0,False,-0.4346623227274304,0.511891656789687,0.4671676849538508,-1.287554010734393,-0.099193981954071,1.0404220455495083,0.39391898464051556,1.4380611303902402,0.9,0.6,0.9,10
2024-08-13,2024-08-12,2024-08-12,2024-08-13T05:00:00+08:00,1.0,False,0.7298013033550932,0.2108567305612929,0.0043033977655149,-1.304348198275218,-2.630247910534722,1.3103327642177565,-0.4440732330542563,0.851657706669654,1.0,0.2,0.9,10
2024-08-14,2024-08-13,2024-08-13,2024-08-14T05:00:00+08:00,1.0,False,4.184185777074467,2.4254184750069685,1.6847579753558328,3.609493841679168,2.395507323935941,1.179398598743,-0.6765338719593406,0.49431159701377236,1.0,0.2,0.4,10
2024-08-15,2024-08-14,2024-08-14,2024-08-15T05:00:00+08:00,1.0,False,-0.1812909516253458,0.0290339061478794,0.38237284285767,-2.5099461516084443,-2.3892398477867283,0.5712187899555932,-0.5797240732004993,-0.018888255852367287,0.8,0.4,0.5,10
2024-08-16,2024-08-15,2024-08-15,2024-08-16T05:00:00+08:00,1.0,False,4.86545208438145,2.337635958240125,1.6133247764330785,6.752947803479348,3.008674612274187,1.5184752303070792,-0.18811493024696646,1.3297936389027174,1.0,0.2,0.9,10
2024-08-19,2024-08-16,2024-08-16,2024-08-17T05:00:00+08:00,1.0,False,-0.0604997677224217,0.2115473763107722,0.1989779357261412,-0.0527160213168564,0.2970310756198691,0.5929107044991433,0.2455214834011188,0.8357210750129784,1.0,0.7,0.9,10
2024-08-20,2024-08-19,2024-08-19,2024-08-20T05:00:00+08:00,1.0,False,1.8629626075866712,1.3898180004721097,0.9722284736913168,2.478909511593974,0.9871483417939864,0.5535887853509835,-0.30898985537860524,0.24070083181285007,0.7,0.4,0.5,10
2024-08-21,2024-08-20,2024-08-20,2024-08-21T05:00:00+08:00,1.0,False,-1.3342654113899233,-0.3346805921529139,-0.1984555398297116,-2.4446751107008224,-1.7595196673994784,-0.15103801823361795,-0.5183219304953968,-0.6682734055383288,0.3,0.2,0.2,10
2024-08-22,2024-08-21,2024-08-21,2024-08-22T05:00:00+08:00,1.0,False,1.378488035450398,0.5727739128175591,0.4239676828782013,1.1342661749051297,1.044766078327064,0.5722505751203044,0.5453172526402084,1.1251030820394847,0.9,0.6,0.8,10
2024-08-23,2024-08-22,2024-08-22,2024-08-23T05:00:00+08:00,1.0,False,-3.436459242944556,-1.6721959277882892,-0.8932805548120926,-4.31663738317738,-1.821750041045933,-0.69650697057134,0.5755265774253637,-0.1263725788513615,0.0,0.8,0.5,10
2024-08-26,2024-08-23,2024-08-23,2024-08-24T05:00:00+08:00,1.0,False,2.7865694769163785,1.4667933769104025,1.148337085011919,4.075232045577137,3.5105211604957054,0.8012775539736994,-0.1523747674514775,0.6488405126382046,0.9,0.4,0.7,10
2024-08-27,2024-08-26,2024-08-26,2024-08-27T05:00:00+08:00,1.0,False,-2.5111607611870257,-0.8503262384321975,-0.3153726693138181,-2.016763885827655,-0.8236295543296079,-0.19467883174031142,0.32633385971947426,0.13139636300415036,0.2,0.6,0.3,10
2024-08-28,2024-08-27,2024-08-27,2024-08-28T05:00:00+08:00,1.0,False,1.1040988764363435,0.1638900990943437,0.1595196086545014,1.657308031044158,-1.270163810176772,0.32888634270812117,-0.882251234585375,-0.5598373738524276,0.7,0.1,0.2,10
2024-08-29,2024-08-28,2024-08-28,2024-08-29T05:00:00+08:00,1.0,False,-1.8253119909226625,-1.1196453251911764,-0.597597320797616,-1.8800951236872756,-2.078169162690724,-0.5114076490775543,1.3331765253659045,0.8139372565331993,0.0,1.0,1.0,10
2024-08-30,2024-08-29,2024-08-29,2024-08-30T05:00:00+08:00,1.0,False,-0.5990651013672244,-0.2255613083423591,-0.0039379068060729,2.237713868150193,1.8190685519146488,0.2645004174661114,0.45846494476987304,0.7244371187942489,0.9,0.7,0.8,10
2024-09-02,2024-08-30,2024-08-30,2024-08-31T05:00:00+08:00,1.0,False,2.576324983223155,1.125739986075569,1.0093051774424433,2.057666621270271,0.0,0.31847227585469984,-0.7952756973925501,-0.47959953415967815,0.9,0.1,0.1,10
2024-09-03,2024-09-02,2024-08-30,2024-08-31T05:00:00+08:00,0.0,True,2.576324983223155,1.125739986075569,1.0093051774424433,2.057666621270271,0.0,0.22390104253318777,-1.6824793346734377,-1.4669010530153315,0.5,0.1,0.1,10
2024-09-04,2024-09-03,2024-09-03,2024-09-04T05:00:00+08:00,1.0,False,-7.750218806668608,-3.259177894657106,-2.115107439771169,-9.130602747620475,-6.054577505161952,-3.956292332326973,-0.8165399908900761,-4.742438303723334,0.0,0.0,0.0,10
2024-09-05,2024-09-04,2024-09-04,2024-09-05T05:00:00+08:00,1.0,False,0.2490039431865875,-0.3034493888955158,-0.1602543580910387,-0.3250471311331826,0.8980515095192931,1.3168127354093517,-2.151784054074054,-0.8683177657061325,0.9,0.1,0.3,10
2024-09-06,2024-09-05,2024-09-05,2024-09-06T05:00:00+08:00,1.0,False,-0.5959142542587226,0.2537966028295813,-0.3018017615584734,-0.3969924629845134,-1.1518518933559596,0.9103238406972558,-0.21232101479373822,0.6899438158661808,0.9,0.4,0.8,10
2024-09-09,2024-09-06,2024-09-06,2024-09-07T05:00:00+08:00,1.0,False,-4.516675253560476,-2.550436394346589,-1.7260249859284649,-3.316728585131224,-2.224576675234524,-1.872387379463002,1.5429118284425725,-0.38206552388206355,0.1,0.9,0.3,10
2024-09-10,2024-09-09,2024-09-09,2024-09-10T05:00:00+08:00,1.0,False,2.154479369017759,1.160934059858132,1.15800702824842,2.164312809677371,-3.141915145567775,1.2373736083299192,-2.841500969689529,-1.6453572486253034,0.9,0.0,0.1,10
2024-09-11,2024-09-10,2024-09-10,2024-09-11T05:00:00+08:00,1.0,False,1.1866137012161326,0.8367462259605718,0.4472672652839682,-1.6717049184581612,1.1187600734707814e-05,0.5097275901645248,-0.4630424521909859,0.04255338768118786,0.7,0.2,0.5,10
2024-09-12,2024-09-11,2024-09-11,2024-09-12T05:00:00+08:00,1.0,False,4.903144289825634,2.171097287436141,1.0665025888896509,3.444230336363141,1.3498174407515997,2.234292949114325,0.12776947540055988,2.359814233649995,1.0,0.5,1.0,10
2024-09-13,2024-09-12,2024-09-12,2024-09-13T05:00:00+08:00,1.0,False,-0.2388915384881618,1.0011215390628214,0.7495302358939249,-1.771039908715344,-0.0554799963484287,0.655138080024219,-0.10911528810356401,0.5427917794332815,0.8,0.4,0.6,10
2024-09-16,2024-09-13,2024-09-13,2024-09-14T05:00:00+08:00,1.0,False,1.6750290694631742,0.650557000941343,0.5407711405364557,3.447280147882381,2.2764837347078792,0.4932144229120916,0.8463591424477868,1.3429165177350932,0.8,0.9,1.0,10
2024-09-18,2024-09-16,2024-09-17,2024-09-18T05:00:00+08:00,2.0,False,0.033808706955174,0.2042372682832471,0.0264550081098713,1.4921065530500988,0.6549987670930735,-0.02297746370642617,-1.6411580241293666,-1.6646997687243392,0.6,0.1,0.1,10
2024-09-19,2024-09-18,2024-09-18,2024-09-19T05:00:00+08:00,1.0,False,-1.0751014340881992,-0.3106397636846503,-0.2896455862498093,-1.0921293745370542,-0.4880658224909573,0.5941753097936253,0.9561554294108898,1.555977457868516,0.9,0.9,1.0,10
2024-09-20,2024-09-19,2024-09-19,2024-09-20T05:00:00+08:00,1.0,False,4.267287229499384,2.507665992778008,1.697685316676334,3.836352077983984,2.288829478003352,0.9141431104792751,-1.0152521098252576,-0.11071470804607579,1.0,0.1,0.4,10
2024-09-23,2024-09-20,2024-09-20,2024-09-21T05:00:00+08:00,1.0,False,-1.3142775805211393,-0.3644955448014686,-0.1941027395123806,-5.153372676116019,-1.5982868465857836,0.6316278346266435,2.7556013658899703,3.416308029943931,0.9,1.0,0.9,10
2024-09-24,2024-09-23,2024-09-23,2024-09-24T05:00:00+08:00,1.0,False,0.5149938140391441,0.1445774217207818,0.2809273058532735,0.2443555694854549,0.0541175135151172,0.28018075563435607,0.28312611578064095,0.5630418015421845,0.6,0.6,0.6,10
2024-09-25,2024-09-24,2024-09-24,2024-09-25T05:00:00+08:00,1.0,False,1.3126187777370737,0.5577417197717205,0.2511178844347039,1.0467498986156842,0.2164713713355359,1.075601812300756,-0.3969294275590063,0.6641713249583514,0.8,0.6,0.7,10
2024-09-26,2024-09-25,2024-09-25,2024-09-26T05:00:00+08:00,1.0,False,0.8001177602724896,0.042553862838246,-0.1861248930141723,-1.163615269788465,-3.4557276017307403,1.238073770252307,-2.164189731689099,-0.9533363144496176,0.9,0.0,0.4,10
2024-09-27,2024-09-26,2024-09-26,2024-09-27T05:00:00+08:00,1.0,False,3.467691889977376,0.5977041489758417,0.403867571712313,5.2692004142766535,3.4675605257244118,0.6962332478692979,-0.7490167422844007,-0.06072466194283253,1.0,0.4,0.5,10
2024-09-30,2024-09-27,2024-09-27,2024-09-28T05:00:00+08:00,1.0,False,-1.7563321632850015,-0.3886646248835501,-0.1253216966990544,1.4593558364400128,3.08109409995021,-0.07803401661888754,-1.1625984584522886,-1.244676646340367,0.4,0.2,0.1,10
2024-10-01,2024-09-30,2024-09-30,2024-10-01T05:00:00+08:00,1.0,False,-0.8466163469955323,0.3840047083019327,0.4236552581176722,-2.3927931091562327,-0.8390333352978008,0.19750353393075404,-0.24097997004924654,-0.04335274153241754,0.7,0.3,0.5,10
2024-10-04,2024-10-01,2024-10-03,2024-10-04T05:00:00+08:00,3.0,False,0.5100753967045568,-0.0370355801984856,-0.1681413492255035,-1.6501192419597688,-2.5246772098458603,-0.08444550935441386,-1.6193523051150436,-1.7063065530117227,0.3,0.1,0.1,10
2024-10-07,2024-10-04,2024-10-04,2024-10-05T05:00:00+08:00,1.0,False,1.5927129509747615,1.2242619624335926,0.8970249395274354,1.7204593387887268,1.351337426781507,0.9959492153596461,0.8940029128284044,1.894640855846026,1.0,0.8,1.0,10
2024-10-08,2024-10-07,2024-10-07,2024-10-08T05:00:00+08:00,1.0,False,-0.1928240422941263,-1.1795732314343057,-0.9586022165882668,-0.6290251214395082,-1.055578436981408,-0.6008227519225862,-0.7879591975184652,-1.3787648940818364,0.3,0.3,0.2,10
2024-10-09,2024-10-08,2024-10-08,2024-10-09T05:00:00+08:00,1.0,False,1.3335186186360648,1.445106955545672,0.9689347495581924,-0.7877304648210681,-0.3930285952595147,0.8002964889560472,-2.0278367961985,-1.2458586737431476,0.9,0.0,0.0,10
2024-10-11,2024-10-09,2024-10-10,2024-10-11T05:00:00+08:00,2.0,False,-0.5253755510355673,-0.0523100732714776,-0.2070122839989974,-0.9718344245158494,-0.8933539556868153,0.07020412316674943,0.2016860900512995,0.268221397874685,0.5,0.3,0.3,10
2024-10-14,2024-10-11,2024-10-11,2024-10-12T05:00:00+08:00,1.0,False,0.7933599637483413,0.3330516505153147,0.6051847587953629,0.0284515334313173,2.591549889246081,0.3177645229639514,0.9206271885572459,1.2415174449633182,0.8,0.6,1.0,10
2024-10-15,2024-10-14,2024-10-14,2024-10-15T05:00:00+08:00,1.0,False,1.8041810925232935,0.8709073069135931,0.770766688322233,3.497794711255686,0.9884604965350928,0.5395761623196405,-0.4148444313947319,0.1215570097546359,0.9,0.3,0.6,10
2024-10-16,2024-10-15,2024-10-15,2024-10-16T05:00:00+08:00,1.0,False,-5.283300941307301,-1.0112022354858197,-0.7609466332438197,-4.767139960239941,-1.5225529549070749,-0.5008330337228051,0.9249203175705212,0.4233915122329767,0.3,0.5,0.4,10
2024-10-17,2024-10-16,2024-10-16,2024-10-17T05:00:00+08:00,1.0,False,0.2069867396006008,0.2811279069593775,0.4679145956573816,-0.4183510051991468,1.0491337784237276,0.44770480326645323,-0.10891217016884447,0.33351712744909884,0.6,0.5,0.6,10
2024-10-18,2024-10-17,2024-10-17,2024-10-18T05:00:00+08:00,1.0,False,0.9494089562269048,0.0355489105901885,-0.0171160478911747,0.3042142375578871,0.8196732893943848,0.7076118141411902,-1.2274427840782676,-0.5252994784408149,0.9,0.1,0.2,10
2024-10-21,2024-10-18,2024-10-18,2024-10-19T05:00:00+08:00,1.0,False,0.0732026443012845,0.6310213953266919,0.397155273894878,-1.083188941564717,-1.138206508602313,0.5534761728606041,1.1137381728248041,1.6677937888185568,0.9,0.8,1.0,10
2024-10-22,2024-10-21,2024-10-21,2024-10-22T05:00:00+08:00,1.0,False,0.1265180336007754,0.2729054100447436,-0.1822769490636977,-1.9710885037641843,-2.192989056811101,-0.13037275488908648,0.25647001023874516,0.12356943752338094,0.4,0.6,0.4,10
2024-10-23,2024-10-22,2024-10-22,2024-10-23T05:00:00+08:00,1.0,False,-0.4697797439318418,0.214453854812513,-0.0474853888384418,-0.893652784592669,-0.8968592865510883,0.22499398029179885,0.49360028707009507,0.712774575525984,0.6,0.3,0.5,10
2024-10-24,2024-10-23,2024-10-23,2024-10-24T05:00:00+08:00,1.0,False,-1.143193208569926,-1.6314472583482398,-0.9191323428069388,2.1490836872562813,-0.6221623175459157,0.20451702264952193,-1.7476470655443208,-1.5556040761599932,0.5,0.0,0.0,10
2024-10-25,2024-10-24,2024-10-24,2024-10-25T05:00:00+08:00,1.0,False,0.5113594516571673,0.7596569436006506,0.2145772011323821,3.1043115675402966,1.081389388033105,0.5198241177217655,0.8401562027877952,1.3637353463109214,0.9,0.7,0.8,10
2024-10-28,2024-10-25,2024-10-25,2024-10-26T05:00:00+08:00,1.0,False,1.0706551349856983,0.5599587049413213,-0.0299447169930133,1.6695178915175912,0.0562921925439496,0.17909545407444605,-2.000830329496838,-1.8233427004896776,0.8,0.0,0.0,10
2024-10-29,2024-10-28,2024-10-28,2024-10-29T05:00:00+08:00,1.0,False,-0.0222557849117066,0.2623311348128654,0.2651443502033945,1.3894706859923334,0.8441205179639644,-0.3807624656375064,-2.177631362448255,-2.5458710927935524,0.0,0.0,0.0,10
2024-10-30,2024-10-29,2024-10-29,2024-10-30T05:00:00+08:00,1.0,False,2.312118798894458,0.7839665084609759,0.1614127248163344,3.4053144479762265,0.558029111155034,0.32016733186856594,-1.6970027428649903,-1.3782492978003358,0.7,0.1,0.1,10
2024-11-01,2024-10-30,2024-10-31,2024-11-01T05:00:00+08:00,2.0,False,-4.011654722773972,-2.7557031087636963,-1.8614700871699583,-4.264565403746056,-2.86371120293073,-1.7526301087469656,2.384092333423653,0.5808597141219107,0.1,1.0,0.7,10
2024-11-04,2024-11-01,2024-11-01,2024-11-02T05:00:00+08:00,1.0,False,1.1053757675494102,0.8000460240717544,0.4092509543626166,0.709320492485066,-0.0589474997803818,0.12155655492249728,-0.39203307954949196,-0.2683556344985549,0.6,0.3,0.3,10
2024-11-05,2024-11-04,2024-11-04,2024-11-05T06:00:00+08:00,1.0,False,-0.5484466406044608,-0.3286168655439958,-0.2812083478299976,-2.098884221167119,0.4129697619057459,-0.05324077349685319,0.8607541893926364,0.8124746881545175,0.4,0.3,0.2,10
2024-11-06,2024-11-05,2024-11-05,2024-11-06T06:00:00+08:00,1.0,False,1.685365462907118,1.4256860922954528,1.2265644545291332,1.007189853585877,0.1175144438750219,0.5947691847915948,-0.06969780875139664,0.5237631380541374,1.0,0.3,0.7,10
2024-11-07,2024-11-06,2024-11-06,2024-11-07T06:00:00+08:00,1.0,False,3.118723714661176,2.951872473414752,2.5295927786425976,2.9487176421822525,6.748828277758001,0.1678036126761329,2.356641214257594,2.522527251226524,0.8,0.9,0.9,10
2024-11-08,2024-11-07,2024-11-07,2024-11-08T06:00:00+08:00,1.0,False,2.2705172042057464,1.50652237858655,0.7431229727488331,-0.3044051494773381,-1.649260190593671,1.0146929595752208,-2.135507261529013,-1.1358757722057733,0.9,0.0,0.2,10
2024-11-11,2024-11-08,2024-11-08,2024-11-09T06:00:00+08:00,1.0,False,-0.8149661497991789,0.0898746437753006,0.3756833309231711,-2.2761961418243493,0.0,-0.148246100655961,-0.06161660009793457,-0.21284291430563318,0.6,0.5,0.5,10
2024-11-12,2024-11-11,2024-11-11,2024-11-12T06:00:00+08:00,1.0,False,-2.535287312349765,0.062117518770699,0.0969063429798744,-0.639120230409651,-2.962529494037369,-0.6104700046762657,-1.3781326419380369,-1.982074829897702,0.1,0.1,0.0,10
2024-11-13,2024-11-12,2024-11-12,2024-11-13T06:00:00+08:00,1.0,False,-0.9260354382414016,-0.0899507284966572,-0.289265965137242,0.3859409319530105,-3.974677690435235,0.041874413583495855,0.030785890389498628,0.0704794048691626,0.6,0.5,0.4,10
2024-11-14,2024-11-13,2024-11-13,2024-11-14T06:00:00+08:00,1.0,False,-2.003470491503223,-0.262842358300086,0.023222772482434,-2.477581389709949,-2.039582403837692,0.31649564697499244,-1.1880163935087862,-0.8771708273515111,0.9,0.3,0.2,10
2024-11-15,2024-11-14,2024-11-14,2024-11-15T06:00:00+08:00,1.0,False,-0.0339611828166996,-0.6399672399173273,-0.6049734794859041,-2.146300578994087,-1.7758661747984017,0.3459918698578246,-0.23914296241641542,0.10483990920894581,0.8,0.3,0.6,10
2024-11-18,2024-11-15,2024-11-15,2024-11-16T06:00:00+08:00,1.0,False,-3.4168634261517727,-2.237487295715668,-1.3203489851361216,-3.3721196956665977,-4.23941168628642,0.006658935696303164,-1.639427113738554,-1.637439088035102,0.5,0.1,0.1,10
2024-11-19,2024-11-18,2024-11-18,2024-11-19T06:00:00+08:00,1.0,False,1.1415982233701438,0.5979159201779272,0.3917814394541086,2.6559622667783334,-0.911443671581902,0.5813252448510231,0.7654065205371495,1.3507727340440634,0.8,0.9,1.0,10
2024-11-20,2024-11-19,2024-11-19,2024-11-20T06:00:00+08:00,1.0,False,0.6216315473490885,1.0411990678702132,0.3963584828470035,0.2557132376070914,0.0656930872287686,-0.39721314156667686,-0.5687540552194981,-0.9678099774475257,0.4,0.0,0.0,10
2024-11-21,2024-11-20,2024-11-20,2024-11-21T06:00:00+08:00,1.0,False,-0.7096771631971643,-0.1123376486447447,0.0021950862252095,0.9902415868041414,-0.3939650623099977,0.0038552935129277043,0.7442445744105465,0.7447244954399523,0.4,0.8,0.7,10
2024-11-22,2024-11-21,2024-11-21,2024-11-22T06:00:00+08:00,1.0,False,1.6133450312228126,0.0331079316512328,0.5340461540581654,1.7233749876451654,2.175338734998156,0.8580192958806409,0.35616912911773385,1.2179665732657008,1.0,0.6,1.0,10
2024-11-25,2024-11-22,2024-11-22,2024-11-23T06:00:00+08:00,1.0,False,-0.1460795334584874,0.16460983300286,0.3467959094991535,1.6795698924731095,3.09678787960066,0.7215015090684029,0.1476533338787056,0.8702891508776434,0.9,0.6,0.8,10
2024-11-26,2024-11-25,2024-11-25,2024-11-26T06:00:00+08:00,1.0,False,0.6481318546628811,0.2693664220967395,0.3020480305938378,3.97873676211884,7.1964848465083,-0.06621044803281742,-0.7082525686516772,-0.7733876845990627,0.5,0.1,0.1,10
2024-11-27,2024-11-26,2024-11-26,2024-11-27T06:00:00+08:00,1.0,False,-1.210120936716241,0.6269322569991687,0.5722005647630368,-2.1688074431020388,6.187980415005412,0.2538978182614071,-2.7796849953686853,-2.5338461892128583,0.6,0.0,0.0,10
2024-11-28,2024-11-27,2024-11-27,2024-11-28T06:00:00+08:00,1.0,False,-1.512925100501472,-0.5936086733931978,-0.3801238017440034,-0.6636560614634912,4.233084388192565,0.18897844111839923,-1.1885758080239772,-1.0035769581642895,0.6,0.2,0.1,10
2024-11-29,2024-11-28,2024-11-27,2024-11-28T06:00:00+08:00,0.0,True,-1.512925100501472,-0.5936086733931978,-0.3801238017440034,-0.6636560614634912,4.233084388192565,-0.3714165914542644,1.2407241089373366,0.8643049324065434,0.2,0.9,0.6,10
2024-12-02,2024-11-29,2024-11-29,2024-11-30T03:00:00+08:00,1.0,False,1.515560374300584,0.8273110081539414,0.5607785488815242,1.0945334600741985,0.7384110445133318,0.8700279415818513,-0.7317577134702913,0.13159759342211141,0.9,0.1,0.5,10
2024-12-03,2024-12-02,2024-12-02,2024-12-03T06:00:00+08:00,1.0,False,2.613583597755897,0.9666856814682268,0.2448456466299875,3.979181794669096,1.623025711341719,0.8738669482997506,0.5062431473696781,1.38069672469602,0.9,0.6,0.8,10
2024-12-04,2024-12-03,2024-12-03,2024-12-04T06:00:00+08:00,1.0,False,-0.3849402533203205,0.3966251232281781,0.0451449114514668,-5.598376687623174,-4.24650360579265,0.3674796139138891,3.1822521364549106,3.564113104232696,0.9,1.0,1.0,10
2024-12-05,2024-12-04,2024-12-04,2024-12-05T06:00:00+08:00,1.0,False,1.7061618910701126,1.304913283496889,0.6051417924264779,-5.500639553335596,2.217414384697869,0.9462181149421012,-2.1758728586215437,-1.2586017560537888,1.0,0.0,0.0,10
2024-12-06,2024-12-05,2024-12-05,2024-12-06T06:00:00+08:00,1.0,False,-1.86282253378528,-0.1766362531262388,-0.1869775626924807,-0.3486484048470961,-3.386235076394728,0.08449006599565492,-0.026077996575948337,0.06095390902206459,0.5,0.3,0.4,10
2024-12-09,2024-12-06,2024-12-06,2024-12-07T06:00:00+08:00,1.0,False,0.6949286798550558,0.8096835652052103,0.2495453842181527,1.186490423856168,-0.4381231159876986,0.6183785939564934,-1.894746296080836,-1.2895284637328042,0.9,0.0,0.0,10
2024-12-10,2024-12-09,2024-12-09,2024-12-10T06:00:00+08:00,1.0,False,-0.8389141638710296,-0.6197457524939054,-0.6144213927296471,1.743842033447085,-0.1650177949268583,0.26202047045538635,-1.1532086875602932,-0.8951174473980906,0.6,0.0,0.2,10
2024-12-11,2024-12-10,2024-12-10,2024-12-11T06:00:00+08:00,1.0,False,-2.473472999782844,-0.2505446461395832,-0.2963883313944371,-1.9799112902525784,-1.5977796114320042,0.5422050306816251,-0.46623451759129964,0.0654218040560284,0.6,0.2,0.5,10
2024-12-12,2024-12-11,2024-12-11,2024-12-12T06:00:00+08:00,1.0,False,2.7192596903578448,1.765866553596385,0.8165786048233592,2.4570469894366065,0.9518254697078676,0.6806495685747305,-1.503561283541488,-0.8339975343836548,0.9,0.0,0.2,10
2024-12-13,2024-12-12,2024-12-12,2024-12-13T06:00:00+08:00,1.0,False,-0.907153527448068,-0.6591040785879021,-0.5414022527810203,-1.2652649623457912,-2.3848962933954776,-0.20976970623445834,-2.346370745498094,-2.553120648269933,0.3,0.0,0.0,10
2024-12-16,2024-12-13,2024-12-13,2024-12-14T06:00:00+08:00,1.0,False,3.363778694127761,0.1199871956086617,-0.00264666391242,-1.7136067879896857,1.1931685428429928,0.5833970750132389,-2.6676799238588442,-2.1009103052372646,0.9,0.1,0.1,10
2024-12-17,2024-12-16,2024-12-16,2024-12-17T06:00:00+08:00,1.0,False,2.063782877548337,1.240394370741793,0.3799354326022186,0.7277188653669775,-0.3930481128935015,0.6554251907910469,0.3155763785213484,0.9722592619941173,0.8,0.5,0.7,10
2024-12-18,2024-12-17,2024-12-17,2024-12-18T06:00:00+08:00,1.0,False,-1.6413438691629256,-0.321356347816526,-0.3863994965801476,1.9566456571246336,-1.2964856431036842,0.03619115009589778,0.9275849539360603,0.9646137886899631,0.5,0.8,0.8,10
2024-12-19,2024-12-18,2024-12-18,2024-12-19T06:00:00+08:00,1.0,False,-3.845611854476838,-3.5624294435839587,-2.949284635160343,-4.148210285221554,-0.742446191468249,-1.2864227699001762,0.3000405869030887,-0.9936897935908128,0.1,0.5,0.1,10
2024-12-20,2024-12-19,2024-12-19,2024-12-20T06:00:00+08:00,1.0,False,-1.559245177601598,-0.1027187173968324,-0.0865112324907046,-0.2002113858108334,-2.1288740130512296,0.14040014792433772,-1.0314233761100244,-0.8947720499181401,0.6,0.0,0.1,10
2024-12-23,2024-12-20,2024-12-20,2024-12-21T06:00:00+08:00,1.0,False,1.4599034686988643,1.0314997956417882,1.0869123768910471,1.0802421532034143,0.9994237785075688,0.9411684845042556,0.5319221761189818,1.4791264289633421,1.0,0.7,0.8,10
2024-12-24,2024-12-23,2024-12-23,2024-12-24T06:00:00+08:00,1.0,False,3.0985423483714136,0.9824001606199452,0.7287273468533639,1.725186646439636,0.2910076069277956,0.6833779265526307,-0.36732136572883656,0.3141424848349816,0.9,0.3,0.5,10
2024-12-25,2024-12-24,2024-12-24,2024-12-25T03:00:00+08:00,1.0,False,1.0707703754578857,1.34708628852529,1.104275925539211,1.906054817368008,1.799209447670003,0.5357355413413634,0.23336846855667726,0.7687739711076336,0.9,0.5,0.8,10
2024-12-26,2024-12-25,2024-12-24,2024-12-25T03:00:00+08:00,0.0,True,1.0707703754578857,1.34708628852529,1.104275925539211,1.906054817368008,1.799209447670003,0.7054992491368539,0.7914134955483221,1.4994573688017332,0.9,0.6,0.7,10
2024-12-27,2024-12-26,2024-12-26,2024-12-27T06:00:00+08:00,1.0,False,0.0338258371446409,-0.0537737207680355,-0.0405658786473916,-1.2960307261217108,1.311291120709046,0.32850103915635476,-0.5507929617593543,-0.22407523955910608,0.6,0.2,0.4,10
2024-12-30,2024-12-27,2024-12-27,2024-12-28T06:00:00+08:00,1.0,False,-1.0113373528816585,-1.4901334813076983,-1.1055736101235558,-1.507004711168436,-1.6319914331251906,0.23919862376406198,-1.0774702985182825,-0.8407844769268913,0.7,0.3,0.3,10
2024-12-31,2024-12-30,2024-12-30,2024-12-31T06:00:00+08:00,1.0,False,-1.882900840205104,-1.1927790534834837,-1.0701995701766776,-3.8630555510286935,-3.661307464738539,-0.2842666309777597,0.32100783424639734,0.03456932542021951,0.2,0.5,0.3,10
2025-01-02,2024-12-31,2024-12-31,2025-01-01T06:00:00+08:00,1.0,False,-0.9266785904266216,-0.903175989823235,-0.4284800394927401,-0.6460760373890873,0.5938249398013795,-0.08060540017926221,-0.925622863791481,-1.0067953734152701,0.7,0.1,0.0,10
2025-01-03,2025-01-02,2025-01-02,2025-01-03T06:00:00+08:00,1.0,False,0.8347471300082843,-0.1553535689448271,-0.2223886641222194,-2.1252976507575294,-1.4758045297583733,0.6209716351648309,-0.8387826378595509,-0.22293260500583223,0.7,0.4,0.4,10
2025-01-06,2025-01-03,2025-01-03,2025-01-04T06:00:00+08:00,1.0,False,2.8308254972368774,1.7680325421069565,1.259602672149196,3.565063677813307,2.816059906470847,0.5001654885283591,0.7315919064137866,1.2365861167331849,0.9,0.6,0.8,10
2025-01-07,2025-01-06,2025-01-06,2025-01-07T06:00:00+08:00,1.0,False,2.8369513260089407,1.239958989876877,0.5538045085450305,0.9388237994850446,0.1748380778674674,0.5826933750780627,-1.0130890037654052,-0.43780978317098596,1.0,0.0,0.3,10
2025-01-08,2025-01-07,2025-01-07,2025-01-08T06:00:00+08:00,1.0,False,-1.8434567487561335,-1.8892582443783112,-1.110391288210788,-2.7592660596029384,0.0581584560058079,-0.11035840919336626,0.4789598756788605,0.37071863404342875,0.4,0.7,0.7,10
2025-01-09,2025-01-08,2025-01-08,2025-01-09T06:00:00+08:00,1.0,False,-0.95735819163989,-0.0554079302387156,0.1560360190925314,-7.046067593176552,-3.255820375037466,0.1031329337040876,-3.575459359996942,-3.478734620989133,0.7,0.0,0.0,10
2025-01-10,2025-01-09,2025-01-08,2025-01-09T06:00:00+08:00,0.0,True,-0.95735819163989,-0.0554079302387156,0.1560360190925314,-7.046067593176552,-3.255820375037466,-0.39776784300415646,-0.4327910148396185,-0.8261453122398311,0.2,0.4,0.3,10
2025-01-13,2025-01-10,2025-01-10,2025-01-11T06:00:00+08:00,1.0,False,-2.4190510223085493,-1.628686998448936,-1.541164380306681,-7.494430875770353,-1.6826778995038372,-0.5573087563112922,-2.6281391520225337,-3.1690445594334924,0.3,0.0,0.0,10
2025-01-14,2025-01-13,2025-01-13,2025-01-14T06:00:00+08:00,1.0,False,-0.3460104980847145,-0.3837421278994335,0.1575444088200761,3.5780503416997345,-0.6112355723330021,-0.3885174315261597,1.8833604292684392,1.4801892361630165,0.3,0.9,0.9,10
2025-01-15,2025-01-14,2025-01-14,2025-01-15T06:00:00+08:00,1.0,False,0.5161344540757673,-0.2289855211858427,0.1146279811244044,-1.2350074098805952,-1.1070134727541925,0.3640142757008702,-0.29084470585865385,0.0675901613664309,0.8,0.4,0.5,10
2025-01-16,2025-01-15,2025-01-15,2025-01-16T06:00:00+08:00,1.0,False,2.1347758577277887,2.451324660066412,1.8312792279639112,0.0906111576368662,2.3631694386851088,1.0552270342697256,0.45825659072132885,1.5213572121488017,1.0,0.6,0.9,10
2025-01-17,2025-01-16,2025-01-16,2025-01-17T06:00:00+08:00,1.0,False,0.1802606531525752,-0.8863685277409328,-0.2112689464192296,-3.1142517381116064,0.3037730945908645,0.47913635409267963,0.4249906988321305,0.9033474092706006,0.8,0.3,0.4,10
2025-01-20,2025-01-17,2025-01-17,2025-01-18T06:00:00+08:00,1.0,False,2.8429481256493583,1.509493188909139,0.9991058969353706,2.093071914994482,-0.0605778133339174,0.18107583169924224,0.6110679059023261,0.7949498464092452,0.8,0.6,0.6,10
2025-01-21,2025-01-20,2025-01-17,2025-01-18T06:00:00+08:00,0.0,True,2.8429481256493583,1.509493188909139,0.9991058969353706,2.093071914994482,-0.0605778133339174,0.2817707793346458,0.42735684887404535,0.7198119960242522,0.5,0.5,0.5,10
2025-01-22,2025-01-21,2025-01-21,2025-01-22T06:00:00+08:00,1.0,False,1.294974190636533,0.6448231967207674,0.8768227105582893,1.793885270136486,4.848484957515553,0.6247631807342735,0.07065226076041871,0.6939228085952942,1.0,0.6,0.7,10
2025-02-03,2025-01-22,2025-01-31,2025-02-01T06:00:00+08:00,8.0,False,-0.2918119587188572,-0.2759436883153165,-0.5046825754019935,-1.7458237228909934,1.6816788263476434,-2.221498435718653,-1.1979060204550052,-3.403806360736025,0.0,0.1,0.0,10
2025-02-04,2025-02-03,2025-02-03,2025-02-04T06:00:00+08:00,1.0,False,-1.815047046661944,-1.1997413936106094,-0.7608597684666707,-3.9740195357103834,-3.95746366519556,0.7608611822415612,-0.2299726467587316,0.5257063851243238,0.9,0.4,0.5,10
2025-02-05,2025-02-04,2025-02-04,2025-02-05T06:00:00+08:00,1.0,False,1.051406745441774,1.351377483662497,0.7224881828679752,0.6366962200720527,2.3369966642151407,1.8589222081361576,1.7508989361072445,3.6109762684631797,1.0,0.8,1.0,10
2025-02-06,2025-02-05,2025-02-05,2025-02-06T06:00:00+08:00,1.0,False,2.3090140007079984,0.1949247420563793,0.3908672930614365,2.253853990468846,9.855768087262206,1.152015884666111,0.2544249431013146,1.4017001445535417,0.9,0.5,0.7,10
2025-02-07,2025-02-06,2025-02-06,2025-02-07T06:00:00+08:00,1.0,False,0.0214051605617271,0.5060861556485108,0.3644298722618622,1.3921063205962314,-3.829315977837966,0.00593514285521346,0.7918112824922519,0.7967090203880756,0.5,0.8,0.8,10
2025-02-10,2025-02-07,2025-02-07,2025-02-08T06:00:00+08:00,1.0,False,-1.6347281551089443,-1.3570633401157828,-0.9464770111542896,-2.26925754743037,-2.3322065493055266,-0.26868773015078173,0.49851903040383777,0.22969078497659834,0.3,0.9,0.7,10
2025-02-11,2025-02-10,2025-02-10,2025-02-11T06:00:00+08:00,1.0,False,1.4638671044946427,0.9776429146874044,0.6712541085862833,-8.21463235994665,-1.3977634309855658,0.9160023147213225,-0.7115360146040783,0.19929580747458542,1.0,0.2,0.3,10
2025-02-12,2025-02-11,2025-02-11,2025-02-12T06:00:00+08:00,1.0,False,-0.0531159227875721,-0.3571532596649884,0.033958278885926,1.892005468381397,0.4725298346846873,0.2930770163759999,-0.9449767836238075,-0.6562448857736869,0.6,0.2,0.2,10
2025-02-13,2025-02-12,2025-02-12,2025-02-13T06:00:00+08:00,1.0,False,0.2129899145300928,0.0310012591403063,-0.2723866714385736,4.443983005535723,1.5285167979675274,0.4265334135278165,1.2854889138440262,1.7182509721484496,0.7,0.9,0.9,10
2025-02-14,2025-02-13,2025-02-13,2025-02-14T06:00:00+08:00,1.0,False,1.2886034810488889,1.5047947603236134,1.0426292122230674,1.7179320256933472,2.779384852067235,0.2164007262881218,-1.0170752415299589,-0.8018039885327433,0.7,0.3,0.3,10
2025-02-17,2025-02-14,2025-02-14,2025-02-15T06:00:00+08:00,1.0,False,0.0882362382764734,0.4067500652163103,-0.0071943807494645,1.78712430249921,4.957725525461187,0.3248751719084175,-0.5207265185866328,-0.2007340549390002,0.8,0.3,0.3,10
2025-02-18,2025-02-17,2025-02-14,2025-02-15T06:00:00+08:00,0.0,True,0.0882362382764734,0.4067500652163103,-0.0071943807494645,1.78712430249921,4.957725525461187,0.6780662452054609,-0.17865142544648438,0.4951785017224797,0.8,0.4,0.8,10
2025-02-19,2025-02-18,2025-02-18,2025-02-19T06:00:00+08:00,1.0,False,1.6841878196961924,0.072354327303703,0.2444987775061191,0.2315240741760149,-0.16102125652665,0.4375920304493719,0.5232180706110323,0.9602869216162112,0.7,0.4,0.6,10
2025-02-20,2025-02-19,2025-02-19,2025-02-20T06:00:00+08:00,1.0,False,1.1781960596474628,0.0747968668152854,0.2376969389917382,6.871991611925088,2.6881754750388565,0.770008334980361,0.1324307473094699,0.9062442271638572,0.8,0.5,0.7,10
2025-02-21,2025-02-20,2025-02-20,2025-02-21T06:00:00+08:00,1.0,False,0.0177023784180052,-0.4681364911187313,-0.433418507617167,0.3962557977111203,-0.1047059556096852,0.5765518480230103,0.16082959045819584,0.7383926391664452,0.7,0.6,0.7,10
2025-02-24,2025-02-21,2025-02-21,2025-02-22T06:00:00+08:00,1.0,False,-3.277201441316202,-2.195880763092417,-1.706412670256352,-3.0319382678797524,-2.3585089120833125,-0.7529833798444197,0.36290818038588796,-0.39237683152918534,0.0,0.5,0.2,10
2025-02-25,2025-02-24,2025-02-24,2025-02-25T06:00:00+08:00,1.0,False,-2.5902361047843825,-1.214300141062297,-0.4969106504402409,-1.2025859766080391,-1.5029287938489233,-0.49986722411778145,-0.7313067076713886,-1.2281881453561139,0.1,0.1,0.0,10
2025-02-26,2025-02-25,2025-02-25,2025-02-26T06:00:00+08:00,1.0,False,-2.2915806679840944,-1.3508581548304033,-0.4679730915472357,-4.082397458583031,-1.907364500131836,-0.08536220954288075,-0.12271036065902297,-0.20982899590967324,0.3,0.4,0.5,10
2025-02-27,2025-02-26,2025-02-26,2025-02-27T06:00:00+08:00,1.0,False,2.0851390062708086,0.2568492447579062,0.0136024280046997,-1.3080866217780596,-0.166667967614964,0.45626347164114733,-1.9748133236574852,-1.5295280552610158,0.9,0.0,0.1,10
2025-03-03,2025-02-27,2025-02-28,2025-03-01T06:00:00+08:00,2.0,False,1.7069397770310024,1.6331563687400408,1.585414463498891,-0.6965002609017779,2.145392354295605,-0.8805465676277013,-1.2121891520442196,-2.073083161777841,0.2,0.1,0.1,10
2025-03-04,2025-03-03,2025-03-03,2025-03-04T06:00:00+08:00,1.0,False,-4.014892386059687,-2.637462075666386,-1.75967394669998,-4.548351592666533,-3.0338244233430234,-0.9851440637097431,2.145955080313413,1.1361202232809076,0.1,1.0,0.9,10
2025-03-05,2025-03-04,2025-03-04,2025-03-05T06:00:00+08:00,1.0,False,0.6368806826804185,-0.3543794304746273,-1.2234826602200433,-0.9351996668276908,1.925386151817432,0.21314890529777308,0.2939888280666381,0.506491221936648,0.7,0.7,0.7,10
2025-03-06,2025-03-05,2025-03-05,2025-03-06T06:00:00+08:00,1.0,False,2.090999440511143,1.4633194908524991,1.1159277893187936,4.495392053374547,2.774488684949561,0.4867696801250176,-1.1061687975184875,-0.6277319443118046,0.8,0.1,0.1,10
2025-03-07,2025-03-06,2025-03-06,2025-03-07T06:00:00+08:00,1.0,False,-4.529875608924616,-2.605927488351933,-1.7819007085749905,-5.614111671586497,1.2062242037313098,-0.34613422141129724,-0.9356271139196315,-1.283286692925527,0.4,0.1,0.0,10
2025-03-10,2025-03-07,2025-03-07,2025-03-08T06:00:00+08:00,1.0,False,3.158299475460935,0.7026349676013233,0.552061780274804,3.463993666281296,0.9080510180645484,0.7500965960722428,-1.02220172431161,-0.2881621915732602,0.8,0.2,0.4,10
2025-03-11,2025-03-10,2025-03-10,2025-03-11T05:00:00+08:00,1.0,False,-4.849241673170623,-4.000283369282231,-2.69730913054258,-2.73128113830563,-0.8436733458679013,-1.3572274603184553,-0.22126892564346523,-1.5832458703745225,0.2,0.5,0.1,10
2025-03-12,2025-03-11,2025-03-11,2025-03-12T05:00:00+08:00,1.0,False,-0.704185853899475,-0.1844522114810565,-0.7567865323653167,-2.943838862211257,-3.3465653379100013,0.6058454508729705,1.1471812681606164,1.7527187274338154,0.7,0.7,0.9,10
2025-03-13,2025-03-12,2025-03-12,2025-03-13T05:00:00+08:00,1.0,False,2.445095748593862,1.217873343995035,0.4886869929446424,-0.0233367617546442,-2.406079984800502,0.8323448127114009,-2.673927057213259,-1.8691074534798666,0.9,0.1,0.1,10
2025-03-14,2025-03-13,2025-03-13,2025-03-14T05:00:00+08:00,1.0,False,-0.6199433395782106,-1.957336017705169,-1.3890984206835322,-1.633598537150327,0.9074295054469328,0.20281674098782565,0.38283560025293656,0.588303426006046,0.9,0.7,0.8,10
2025-03-17,2025-03-14,2025-03-14,2025-03-15T05:00:00+08:00,1.0,False,3.2684022650291134,2.6069457524154904,2.1265869083087807,2.4673714428967264,1.139095636320531,0.7442051708673803,-0.30167943992267743,0.43721765871086565,0.9,0.3,0.6,10
2025-03-18,2025-03-17,2025-03-17,2025-03-18T05:00:00+08:00,1.0,False,1.417333151276834,0.3073675585752999,0.6416130719105961,1.9912031435438404,1.3633683473136315,0.5994994032103661,0.22644538702731754,0.8273206352718965,0.9,0.5,0.6,10
2025-03-19,2025-03-18,2025-03-18,2025-03-19T05:00:00+08:00,1.0,False,-1.6067947743103383,-1.7100725880162315,-1.0653512117636543,-1.4301954120925275,-0.3508750538338989,0.2632015892784956,-0.9079468511994992,-0.6473691367428991,0.9,0.1,0.1,10
2025-03-20,2025-03-19,2025-03-19,2025-03-20T05:00:00+08:00,1.0,False,0.9914949810780228,1.4092107114519692,1.0798495567894584,0.3685022313607788,1.701877141674757,0.8991325689489592,1.4029251398877496,2.3147769491940484,1.0,0.9,1.0,10
2025-03-21,2025-03-20,2025-03-20,2025-03-21T05:00:00+08:00,1.0,False,-0.7154915278558716,-0.3332708361115988,-0.2184893152315181,-0.8719620287956253,-0.6924366230258827,0.15016365060565584,-0.5789237948863712,-0.4304941409514685,0.5,0.1,0.2,10
2025-03-24,2025-03-21,2025-03-21,2025-03-22T05:00:00+08:00,1.0,False,-0.9436302833543796,0.5223934560336208,0.0824653447666134,1.3425879771164162,-2.0337097773532653,1.4143804551422845,-1.1499311125716027,0.2751109352837977,0.9,0.1,0.3,10
2025-03-25,2025-03-24,2025-03-24,2025-03-25T05:00:00+08:00,1.0,False,2.989721556663638,2.2747295735711326,1.7646000146633645,4.339884830644158,2.787667585031373,1.2173166349871667,-1.680771330172938,-0.48814072015451304,0.9,0.1,0.3,10
2025-03-26,2025-03-25,2025-03-25,2025-03-26T05:00:00+08:00,1.0,False,-0.7004437284339082,0.4578119137620406,0.1574333454425147,-0.8099801431981191,-2.135026163017373,0.39169696166356344,0.05671730592576196,0.44763384687542374,0.7,0.5,0.5,10
2025-03-27,2025-03-26,2025-03-26,2025-03-27T05:00:00+08:00,1.0,False,-3.273728466282244,-2.040513973417113,-1.1156934922627149,-0.5958959381599738,-0.9434097937959018,-0.4156630738138345,-0.7885685587148761,-1.2045381827765589,0.1,0.2,0.0,10
2025-03-28,2025-03-27,2025-03-27,2025-03-28T05:00:00+08:00,1.0,False,-2.073533393257454,-0.5307007694424604,-0.3306980860763864,-2.841923996393314,-1.011896768147491,-0.466447665579075,-3.2694214014547063,-3.720257581939078,0.1,0.0,0.0,10
2025-03-31,2025-03-28,2025-03-28,2025-03-29T05:00:00+08:00,1.0,False,-2.952037681897968,-2.701855037861756,-1.973722070834405,-6.444240866061857,-2.70594854837668,-3.4621990526943156,-2.423565168042459,-5.8132499963924245,0.0,0.0,0.0,10
2025-04-01,2025-03-31,2025-03-31,2025-04-01T05:00:00+08:00,1.0,False,-0.3379296167418943,-0.1368191724080536,0.5538521570653376,-0.6106497517977538,-1.7305351494722343,1.0014920654773696,1.6311993256001744,2.649406331416444,1.0,0.9,1.0,10
2025-04-02,2025-04-01,2025-04-01,2025-04-02T05:00:00+08:00,1.0,False,0.2816996101346891,0.8705650385741004,0.378123545590836,-1.2042218734504615,-1.6981090994024115,-0.007603578388390986,1.6293054943757448,1.6179549737369512,0.4,0.9,0.9,10
2025-04-07,2025-04-02,2025-04-04,2025-04-05T05:00:00+08:00,3.0,False,-7.602814650155743,-5.817425293064171,-5.974960534553109,-5.230597689876926,-4.5783241792444525,-9.956844991710222,0.0,-9.956844991710222,0.0,0.0,0.0,10
2025-04-08,2025-04-07,2025-04-07,2025-04-08T05:00:00+08:00,1.0,False,2.704258919388991,0.0992425900254945,-0.2331472492127395,4.094958566389262,-2.188552578791647,-8.286157003010988,-0.7117622721285322,-8.976442975503543,0.1,0.0,0.0,10
2025-04-09,2025-04-08,2025-04-08,2025-04-09T05:00:00+08:00,1.0,False,-3.5727144213078543,-2.149227881944238,-1.5700524562941354,-8.92246552092364,-9.036156968221745,-5.195000343194196,-4.668141481932572,-9.698443902655638,0.1,0.0,0.0,10
2025-04-10,2025-04-09,2025-04-09,2025-04-10T05:00:00+08:00,1.0,False,18.73481632819192,12.163161348672212,9.515387644904848,22.691705248438264,22.23274373962993,9.571066186818594,0.30792197702417257,9.901589627853053,1.0,0.3,1.0,10
2025-04-11,2025-04-10,2025-04-10,2025-04-11T05:00:00+08:00,1.0,False,-7.969604437323252,-4.307511931190577,-3.4607579584726933,-11.020407170268331,-11.377708489305348,-4.962007283404542,6.542161889803429,1.2200860625279089,0.0,1.0,0.7,10
2025-04-14,2025-04-11,2025-04-11,2025-04-12T05:00:00+08:00,1.0,False,2.506866984089817,2.0573869620679863,1.809209520170896,0.5733966651803701,-2.532750033950204,2.426643788849381,0.02222433827811394,2.441362332505004,1.0,0.4,1.0,10
2025-04-15,2025-04-14,2025-04-14,2025-04-15T05:00:00+08:00,1.0,False,0.308704018162409,0.6398982403674314,0.7944712390868913,1.5393303097038125,1.8817178004941315,1.2875279284359609,3.8123910100146063,5.1523259728413136,1.0,1.0,1.0,10
2025-04-16,2025-04-15,2025-04-15,2025-04-16T05:00:00+08:00,1.0,False,0.4663726203314455,-0.0493750201619458,-0.1727780890394714,0.6457033945344914,-0.087953098370197,-0.7289410298989485,-2.107515239167401,-2.822253099669405,0.1,0.0,0.0,10
2025-04-17,2025-04-16,2025-04-16,2025-04-17T05:00:00+08:00,1.0,False,-4.09558628164074,-3.067256456549472,-2.24083715440897,-4.4630363799766375,-4.0493002101460345,-0.6578300169523432,-0.1195546935073599,-0.7794777348230386,0.1,0.6,0.1,10
2025-04-18,2025-04-17,2025-04-17,2025-04-18T05:00:00+08:00,1.0,False,-0.640364611156885,-0.1269991877130283,0.1326838095580207,1.1386843493385037,3.1192774620690145,1.6085900041881138,-0.48181069258452547,1.0751096036133478,0.8,0.1,0.5,10
2025-04-21,2025-04-18,2025-04-17,2025-04-18T05:00:00+08:00,0.0,True,-0.640364611156885,-0.1269991877130283,0.1326838095580207,1.1386843493385037,3.1192774620690145,0.12129619096658661,-3.0578615563823783,-2.9373432689224765,0.6,0.0,0.0,10
2025-04-22,2025-04-21,2025-04-21,2025-04-22T05:00:00+08:00,1.0,False,-2.102040177994402,-2.5515063117136583,-2.3567493023827546,0.2886902153013349,-1.5124608796916903,-1.0668932672499634,-0.6139634435775232,-1.6774790956425476,0.1,0.2,0.1,10
2025-04-23,2025-04-22,2025-04-22,2025-04-23T05:00:00+08:00,1.0,False,2.135982435508277,2.70633373456064,2.5117204723895226,2.043750864044269,0.9936942919904768,2.9690405137856124,1.2039685715797044,4.210180658001834,1.0,0.9,1.0,10
2025-04-24,2025-04-23,2025-04-23,2025-04-24T05:00:00+08:00,1.0,False,3.963149518188525,2.50073839403342,1.6661138470960069,3.300417894965091,5.008919270180434,0.8763106576878776,-0.31389799833645987,0.5515362623706921,0.8,0.3,0.6,10
2025-04-25,2025-04-24,2025-04-24,2025-04-25T05:00:00+08:00,1.0,False,5.629380708678977,2.741123349732466,2.0259113708281262,9.12069975425307,10.22147939098488,2.3796385670173614,-0.39104967197580603,1.9785511195466163,1.0,0.2,1.0,10
2025-04-28,2025-04-25,2025-04-25,2025-04-26T05:00:00+08:00,1.0,False,1.0317956765157454,1.2635436155963742,0.7373133469998461,-0.825820880675765,-0.3091120564266747,0.6211153572260464,0.6150517321499294,1.2392571462349156,0.8,0.7,1.0,10
2025-04-29,2025-04-28,2025-04-28,2025-04-29T05:00:00+08:00,1.0,False,-0.3760868613991275,-0.0966959230073061,0.064070670391314,1.0345693574608017,2.0930103303726355,0.33544486813967933,1.8024129713919996,2.133700584450413,0.7,0.9,1.0,10
2025-04-30,2025-04-29,2025-04-29,2025-04-30T05:00:00+08:00,1.0,False,-0.9176960188136518,0.5481327642628653,0.5802410694099036,-2.947053641844899,-0.6074349905435761,0.03574994545973985,-1.5141831061452482,-1.4794537739424354,0.6,0.2,0.2,10
2025-05-02,2025-04-30,2025-05-01,2025-05-02T05:00:00+08:00,2.0,False,0.415364995756784,1.5155063640452937,0.6299102138585644,-0.2518949292104833,2.001532570066677,1.3767412907295151,-0.3739874905970353,0.9964920366437313,1.0,0.2,0.8,10
2025-05-05,2025-05-02,2025-05-02,2025-05-03T05:00:00+08:00,1.0,False,3.5169868337439514,1.5075046601202846,1.472657412963474,5.833337026011831,3.5471832113429747,0.41908139402196065,-4.547146385582527,-4.14863629692368,1.0,0.0,0.0,10
2025-05-06,2025-05-05,2025-05-05,2025-05-06T05:00:00+08:00,1.0,False,-0.9294784167029556,-0.742531069797947,-0.6381597588933863,-8.351228854075309,-0.3644268681769591,0.020615907713978913,0.7025977903911218,0.7167663226605703,0.6,0.7,0.8,10
2025-05-07,2025-05-06,2025-05-06,2025-05-07T05:00:00+08:00,1.0,False,-1.0325555567885392,-0.8662743613326751,-0.7693239651855532,0.2603448959082266,-1.6825324696534638,0.6718829595814867,-0.2560979765888871,0.41615438536106497,0.8,0.4,0.3,10
2025-05-08,2025-05-07,2025-05-07,2025-05-08T05:00:00+08:00,1.0,False,1.7433583355852988,0.274171462716688,0.4346356233135839,0.7530535657416237,-9.747021424725432,0.7223340522171129,1.7493044602511265,2.484250166246049,1.0,0.9,1.0,10
2025-05-09,2025-05-08,2025-05-08,2025-05-09T05:00:00+08:00,1.0,False,1.0049352880049822,1.071026910776096,0.5799775094835535,2.500003195300615,6.018143822484778,1.4541127102714635,-0.5304293755840339,0.8971515830820209,0.9,0.3,0.8,10
2025-05-12,2025-05-09,2025-05-09,2025-05-10T05:00:00+08:00,1.0,False,0.813915978337465,0.0043467802451013,-0.0711480912216289,3.042492005394104,2.177298513830861,1.008133888267293,2.3432449892365406,3.3724610265627897,1.0,0.8,1.0,10
2025-05-13,2025-05-12,2025-05-12,2025-05-13T05:00:00+08:00,1.0,False,7.039744224364708,4.3472776122114976,3.2558782749008364,8.882380259416166,12.176555245817578,2.172051921992011,-1.5830907154510332,0.5497076791172428,1.0,0.1,0.7,10
2025-05-14,2025-05-13,2025-05-13,2025-05-14T05:00:00+08:00,1.0,False,3.146248038446209,1.6129170333668563,0.7248200983532183,2.577323069044568,0.6784241412957082,1.120970289571358,-0.009529171681117443,1.1016430340770433,0.9,0.6,0.8,10
2025-05-15,2025-05-14,2025-05-14,2025-05-15T05:00:00+08:00,1.0,False,0.5957776720509678,0.7192007205055306,0.1024415597859818,-1.2453565416723378,1.9541836987684305,0.13177491182477796,-0.22966364760203417,-0.10148115908288133,0.8,0.4,0.3,10
2025-05-16,2025-05-15,2025-05-15,2025-05-16T05:00:00+08:00,1.0,False,-0.5700730591584824,-0.1801356643215457,0.4132332074135769,-1.5044254285352388,-0.2643759587211858,0.2581412991322496,-0.014650592525383699,0.24382193419430717,0.7,0.5,0.7,10
2025-05-19,2025-05-16,2025-05-16,2025-05-17T05:00:00+08:00,1.0,False,-0.2080153574789411,0.5168357125659773,0.7005272294898557,0.8984674462461539,1.192842151942819,-0.019675805279792954,-1.9978473032174116,-2.0175801442130217,0.4,0.0,0.0,10
2025-05-20,2025-05-19,2025-05-19,2025-05-20T05:00:00+08:00,1.0,False,-0.4973392079574257,0.0227021264460614,0.0876113129142375,-2.40426994741968,-1.7026853196181355,0.945249960729566,-1.1290784091424109,-0.19655236199198511,1.0,0.1,0.2,10
2025-05-21,2025-05-20,2025-05-20,2025-05-21T05:00:00+08:00,1.0,False,-0.1414982887211091,-0.378601378528598,-0.3880229448625205,0.9580250170699856,-0.8660927136783236,0.4595856745659422,1.5538530915288762,2.0149686953869517,0.8,0.9,1.0,10
2025-05-22,2025-05-21,2025-05-21,2025-05-22T05:00:00+08:00,1.0,False,-1.8007317460100314,-1.410825840612473,-1.613513066101424,-1.355622451140459,-4.032266592992018,-0.6406990204868591,0.5249128275381898,-0.11087689242723964,0.1,0.5,0.3,10
2025-05-23,2025-05-22,2025-05-22,2025-05-23T05:00:00+08:00,1.0,False,-0.5671744976336823,0.281357603475274,-0.0444871037942995,-3.1378812108859178,-0.4901885496863767,0.37524745672193993,-1.4963107903366624,-1.1277046056961315,0.8,0.0,0.0,10
2025-05-26,2025-05-23,2025-05-23,2025-05-24T05:00:00+08:00,1.0,False,-1.530536863240417,-0.9961528296397736,-0.6708297825321674,-2.411918741267194,-2.1111834146783197,0.13130478676930069,-0.7690421116278113,-0.6424538768461974,0.6,0.2,0.2,10
2025-05-27,2025-05-26,2025-05-23,2025-05-24T05:00:00+08:00,0.0,True,-1.530536863240417,-0.9961528296397736,-0.6708297825321674,-2.411918741267194,-2.1111834146783197,0.4332009372216216,-0.4805854733337367,-0.04915397616918278,0.8,0.2,0.3,10
2025-05-28,2025-05-27,2025-05-27,2025-05-28T05:00:00+08:00,1.0,False,3.375098671155752,2.465410782271072,2.04590558452733,5.16113652650696,4.025881916900498,0.9983411554241695,-0.749482194068165,0.23678031488258644,1.0,0.1,0.5,10
2025-05-29,2025-05-28,2025-05-28,2025-05-29T05:00:00+08:00,1.0,False,-0.5486407931606152,-0.511588539944674,-0.5571225417268844,-1.2672880931348771,-2.280573305899458,1.014645732644217,-0.7870216952858822,0.21087642212670338,1.0,0.4,0.8,10
2025-06-02,2025-05-29,2025-05-30,2025-05-31T05:00:00+08:00,2.0,False,-2.107197690075091,-0.3238424757678326,-0.0081185161301622,-2.1425202570292123,-1.5395448380019827,-0.9576244075139873,-2.5000380005130363,-3.4361636799678883,0.1,0.0,0.0,10
2025-06-03,2025-06-02,2025-06-02,2025-06-03T05:00:00+08:00,1.0,False,1.570597671077656,0.6740682079448224,0.4102041927156907,1.2375070254612377,-0.9239484459415026,1.1167495772048697,-0.9231621923875555,0.1786403693603289,0.9,0.2,0.6,10
2025-06-04,2025-06-03,2025-06-03,2025-06-04T05:00:00+08:00,1.0,False,2.723480973177828,0.8125278617521214,0.5800290454605506,11.354014838759552,6.025837930837663,0.9176793978669606,1.2536895294888462,2.1811323841535812,0.9,0.8,1.0,10
2025-06-05,2025-06-04,2025-06-04,2025-06-05T05:00:00+08:00,1.0,False,1.3886834334076337,0.3171783121438176,0.0073687459506643,6.143128378779417,0.3382840348195026,0.3660322290000584,-0.11766984156141302,0.2478622621208093,0.7,0.4,0.4,10
2025-06-06,2025-06-05,2025-06-05,2025-06-06T05:00:00+08:00,1.0,False,-0.445631147169645,-0.8326666680717576,-0.5277383403094138,-1.4717539413987346,-0.7417396452396252,0.19124679677685164,-0.39707699124362783,-0.2054117987000137,0.9,0.6,0.6,10
2025-06-09,2025-06-06,2025-06-06,2025-06-07T05:00:00+08:00,1.0,False,0.5416198450961307,1.1995782530291654,1.0280683010067904,1.2716940689851963,2.9891301442864338,1.3560418978011413,-0.6346082561663391,0.709625099704696,1.0,0.3,0.5,10
2025-06-10,2025-06-09,2025-06-09,2025-06-10T05:00:00+08:00,1.0,False,1.957104451108349,0.3138309011380125,0.0919948079285859,4.405028861527627,2.9023938587839027,0.372705447436762,0.22958934812295723,0.5991163572206026,0.7,0.6,0.5,10
2025-06-11,2025-06-10,2025-06-10,2025-06-11T05:00:00+08:00,1.0,False,2.060479777335855,0.6316598567499998,0.548298940767844,2.7109548300671804,2.3717821698221897,0.36452116323122286,0.3042966785173762,0.6713632369966305,0.7,0.4,0.6,10
2025-06-12,2025-06-11,2025-06-11,2025-06-12T05:00:00+08:00,1.0,False,-0.1901805406533174,-0.5027107486322402,-0.2743888954607865,-3.7546477442553017,-0.4383273833508894,0.20156690062083094,-0.8700291739769851,-0.6708396641372838,0.7,0.1,0.2,10
2025-06-13,2025-06-12,2025-06-12,2025-06-13T05:00:00+08:00,1.0,False,0.3176306274385254,0.2376104103309906,0.3822419955717526,2.317498631188153,0.3144614407106783,-0.2186764963901633,-2.0291464410570237,-2.2453776896168565,0.3,0.1,0.1,10
2025-06-16,2025-06-13,2025-06-13,2025-06-14T05:00:00+08:00,1.0,False,-2.60822553205462,-1.3002430170469537,-1.1296379879250695,-3.69950755267584,-4.890271179463501,-0.4089858269216983,0.8620867449470582,0.4491644310315846,0.2,0.6,0.6,10
2025-06-17,2025-06-16,2025-06-16,2025-06-17T05:00:00+08:00,1.0,False,3.0331041422871907,1.516893063884872,0.9392659896159116,5.6056459911622,3.691478040214746,0.5725386619962936,0.8377910763369245,1.4161692034304108,1.0,0.7,0.9,10
2025-06-18,2025-06-17,2025-06-17,2025-06-18T05:00:00+08:00,1.0,False,-0.8286959915382974,-0.9142640740278152,-0.8352184790166306,-1.74462216550052,-2.542898560601625,-0.1916850588516572,0.43606826503022394,0.24577631029972236,0.4,0.5,0.5,10
2025-06-19,2025-06-18,2025-06-18,2025-06-19T05:00:00+08:00,1.0,False,0.5239653824277157,0.1289870990889507,-0.0309240210107031,-1.2844735980644728,1.4445124207615123,-0.038828399261684465,-1.7379821188255462,-1.7787179618308158,0.4,0.0,0.0,10
2025-06-20,2025-06-19,2025-06-18,2025-06-19T05:00:00+08:00,0.0,True,0.5239653824277157,0.1289870990889507,-0.0309240210107031,-1.2844735980644728,1.4445124207615123,0.0436564551312868,-2.1408809701150253,-2.0981070461083173,0.6,0.0,0.0,10
2025-06-23,2025-06-20,2025-06-20,2025-06-21T05:00:00+08:00,1.0,False,-0.7529973017705194,-0.505771062053284,-0.2178658486505891,1.0715679128911804,-1.3592215572118982,-1.4414252995734522,0.5482220380151837,-0.9019336429931247,0.0,0.7,0.1,10
2025-06-24,2025-06-23,2025-06-23,2025-06-24T05:00:00+08:00,1.0,False,0.6297601514684947,0.943881706613814,0.9606504133156336,0.6626249075033508,0.984249772493584,1.2051659798967873,1.5393140230085491,2.7551919682903137,1.0,0.8,1.0,10
2025-06-25,2025-06-24,2025-06-24,2025-06-25T05:00:00+08:00,1.0,False,3.76733443658972,1.434257113455839,1.112172017970181,1.955992009295904,0.779727912327921,0.8393464750475687,0.019439403256592547,0.8556343491291196,1.0,0.2,0.9,10
2025-06-26,2025-06-25,2025-06-25,2025-06-26T05:00:00+08:00,1.0,False,0.9450737778096796,0.3064476815839656,-0.0003286102950417,-0.8669939382833891,0.3223824474871684,0.4319798209871162,0.0658857944771718,0.4963613318472637,0.8,0.4,0.7,10
2025-06-27,2025-06-26,2025-06-26,2025-06-27T05:00:00+08:00,1.0,False,0.8767072244792562,0.9730837402353698,0.8020121275230219,-0.1674732969425107,0.8354606666416853,0.5251135687716502,0.1863344816157464,0.7106697314511423,0.9,0.7,0.8,10
2025-06-30,2025-06-27,2025-06-27,2025-06-28T05:00:00+08:00,1.0,False,0.0637065586034157,0.5233600330041721,0.5218970885222163,-1.34203392399872,1.7208400618436537,0.07479935568469598,-1.4912316567085648,-1.4195331275271883,0.6,0.0,0.0,10
2025-07-01,2025-06-30,2025-06-30,2025-07-01T05:00:00+08:00,1.0,False,0.0279496378170707,0.4748549423642334,0.5164427424532603,-0.9824304832146802,-0.5012475630950641,0.38155319919357056,-0.3459443841362164,0.03347355440729616,0.8,0.4,0.5,10
2025-07-02,2025-07-01,2025-07-01,2025-07-02T05:00:00+08:00,1.0,False,-0.7038629269337959,-0.819057689575009,-0.1118531087121899,2.27055643994194,1.0705270105546116,0.03686110079529015,-0.3202825317606761,-0.28413034223413347,0.4,0.5,0.6,10
2025-07-03,2025-07-02,2025-07-02,2025-07-03T05:00:00+08:00,1.0,False,1.8801598672265163,0.941648588344024,0.4745096791088032,4.384332753205178,6.043611014129424,0.7049187763844855,0.2245804837800569,0.9297618843651655,0.8,0.5,0.9,10
2025-07-04,2025-07-03,2025-07-03,2025-07-04T02:00:00+08:00,1.0,False,0.6428442761257758,1.0197980458914957,0.8338955206607324,1.1617474572264586,1.116337813090218,0.5799026442130883,-2.66616464299927,-2.1052896558846323,0.9,0.0,0.0,10
2025-07-07,2025-07-04,2025-07-03,2025-07-04T02:00:00+08:00,0.0,True,0.6428442761257758,1.0197980458914957,0.8338955206607324,1.1617474572264586,1.116337813090218,0.07018354583432473,-1.414932556906312,-1.3532359442138953,0.6,0.1,0.0,10
2025-07-08,2025-07-07,2025-07-07,2025-07-08T05:00:00+08:00,1.0,False,-1.8756449247931408,-0.9153884098457632,-0.7862297279128794,-3.515897380596933,-3.312028530752109,-0.15075686983331507,-0.8587380835428782,-1.0112802743583038,0.5,0.2,0.0,10
2025-07-09,2025-07-08,2025-07-08,2025-07-09T05:00:00+08:00,1.0,False,1.8050244713385453,0.0291066776000104,-0.0715886881094696,5.511807888466946,4.26684611269752,0.0018061441254058064,1.1313362507705715,1.1331991327331703,0.4,1.0,0.9,10
2025-07-10,2025-07-09,2025-07-09,2025-07-10T05:00:00+08:00,1.0,False,0.4390897463295795,0.9446299936140878,0.6062103402663555,0.2603289286003507,1.498532227746363,0.23006852607392103,-0.021181460485902838,0.2053952153968696,0.6,0.5,0.6,10
2025-07-11,2025-07-10,2025-07-10,2025-07-11T05:00:00+08:00,1.0,False,0.7463752853770211,0.0937363249864597,0.2746205004445334,3.0292539140266195,1.5332353766595477,0.25549672268501133,0.7936294436609325,1.0497808636069428,0.8,0.8,0.9,10
2025-07-14,2025-07-11,2025-07-11,2025-07-12T05:00:00+08:00,1.0,False,-0.2100413179628613,-0.2187562542022125,-0.3297522962698473,0.3528210397472531,-0.1677990616892444,0.1622715326959745,-0.9561138790694891,-0.7951199153766797,0.6,0.0,0.2,10
2025-07-15,2025-07-14,2025-07-14,2025-07-15T05:00:00+08:00,1.0,False,-0.8702124343884066,0.2662102123277332,0.1407413809457303,-1.1049721286962466,-2.128848455614618,0.5809899765020943,0.7481115052963316,1.3290760913177246,0.8,0.7,1.0,10
2025-07-16,2025-07-15,2025-07-15,2025-07-16T05:00:00+08:00,1.0,False,1.273122196642951,0.1815412010523598,-0.3956298214731202,-0.2370059088737441,-2.747570254723075,0.3402534601543794,1.058926428379523,1.4006806773658909,0.7,0.9,0.9,10
2025-07-17,2025-07-16,2025-07-16,2025-07-17T05:00:00+08:00,1.0,False,-0.3917018799897143,0.2548116875793482,0.3193657417327689,1.0011881037375048,0.1177221866812683,0.18623260870835992,2.559952347659291,2.7456569959374533,0.7,0.9,1.0,10
2025-07-18,2025-07-17,2025-07-17,2025-07-18T05:00:00+08:00,1.0,False,0.7273288039830517,0.748463516761011,0.537376740890938,-0.1848128519918668,1.5873176345891693,0.6960043439140273,-0.17099577505481528,0.5243069193653027,0.9,0.4,0.7,10
2025-07-21,2025-07-18,2025-07-18,2025-07-19T05:00:00+08:00,1.0,False,-0.0874927568064731,0.0478797634402949,-0.0090486208684459,2.2050183077859,-0.2314929997964454,0.21025138338828686,0.5688649064978601,0.7771692311816891,0.7,0.5,0.5,10
2025-07-22,2025-07-21,2025-07-21,2025-07-22T05:00:00+08:00,1.0,False,0.1186160001621638,0.3758164757112991,0.1399134882868358,-0.2799769107788008,1.2180958566695432,0.5604947382555769,-2.1665878490509103,-1.6159373720421875,0.8,0.1,0.1,10
2025-07-23,2025-07-22,2025-07-22,2025-07-23T05:00:00+08:00,1.0,False,-1.75470626489026,-0.3885264434134949,0.0637531633625787,3.13790511943719,0.4011493470250427,0.7125557773552194,1.4050121854980269,2.127319533465326,1.0,0.8,1.0,10
2025-07-24,2025-07-23,2025-07-23,2025-07-24T05:00:00+08:00,1.0,False,-0.0163144031413708,0.6094480005107927,0.7811886951519131,-4.547638299266876,0.5707824056738975,0.3701756657299682,-0.03393567970061182,0.33277526660942414,0.8,0.4,0.8,10
2025-07-25,2025-07-24,2025-07-24,2025-07-25T05:00:00+08:00,1.0,False,0.1167137846462607,0.1805012892285518,0.0698223641654394,-6.995473814704923,-3.916016549944734,-0.09220042732227983,-0.020011884370578752,-0.11033282134905953,0.5,0.4,0.2,10
2025-07-28,2025-07-25,2025-07-25,2025-07-26T05:00:00+08:00,1.0,False,0.0263934870113002,0.2391464926232211,0.397432777929585,2.6695519099874776,0.4134820877717438,0.5999164256863532,-0.38249068978580486,0.2152675634255607,0.9,0.4,0.5,10
2025-07-29,2025-07-28,2025-07-28,2025-07-29T05:00:00+08:00,1.0,False,1.616055597985966,0.3328534179168896,0.0176858108818178,3.056925042938796,0.3529357534620247,0.09945139668658287,-1.1465131938229312,-1.051503731833734,0.4,0.2,0.3,10
2025-07-30,2025-07-29,2025-07-29,2025-07-30T05:00:00+08:00,1.0,False,0.0468867783455451,-0.3791142528385638,-0.2959442388724254,-0.4773248892349424,0.9378672671998434,-0.05501360678717537,-1.1215442638099549,-1.1696323679314813,0.6,0.2,0.3,10
2025-07-31,2025-07-30,2025-07-30,2025-07-31T05:00:00+08:00,1.0,False,0.8280753273688157,0.1487365126245032,-0.1249432746649681,-0.5652652021531424,-1.974455894622451,0.24337449937586247,-1.0569564209201932,-0.8160269178187362,0.7,0.2,0.4,10
2025-08-04,2025-07-31,2025-08-01,2025-08-02T05:00:00+08:00,2.0,False,-1.4320828348579284,-2.2360965552978174,-1.5992133140148468,0.8161800558748933,-2.501542535528989,0.07351807721557639,0.3926991620273723,0.47094258925766364,0.5,0.7,0.6,10
2025-08-05,2025-08-04,2025-08-04,2025-08-05T05:00:00+08:00,1.0,False,1.7512142745777617,1.9537368624801488,1.473710033091602,-15.575498982143166,1.251578061932368,0.7714430622442903,1.061849097109957,1.8435889042868503,0.9,0.9,1.0,10
2025-08-06,2025-08-05,2025-08-05,2025-08-06T05:00:00+08:00,1.0,False,-1.1151429767982668,-0.6508598365053131,-0.4857865996303334,-1.52178345561782,-1.0506838862869738,0.11977310230965263,-0.7580677345933307,-0.6401060197569031,0.7,0.2,0.2,10
2025-08-07,2025-08-06,2025-08-06,2025-08-07T05:00:00+08:00,1.0,False,-0.2047963269931951,1.208942828430759,0.7281907295092482,-0.5503855355470599,-14.053709218770006,0.5110106201087261,-0.5586274452808947,-0.05041280901422864,0.8,0.1,0.5,10
2025-08-08,2025-08-07,2025-08-07,2025-08-08T05:00:00+08:00,1.0,False,1.5026285707046672,0.3461563762513719,-0.0797480015480189,1.298426173468048,3.924408025501447,-0.182561096820828,-0.3387431694666943,-0.5167226274662229,0.3,0.2,0.2,10
2025-08-11,2025-08-08,2025-08-08,2025-08-09T05:00:00+08:00,1.0,False,0.7866912097244105,0.9759603069510404,0.7799715348974834,0.1470890830001625,2.02797069008398,0.05712810267710531,-0.38013711809996015,-0.3270666929718324,0.4,0.1,0.2,10
2025-08-12,2025-08-11,2025-08-11,2025-08-12T05:00:00+08:00,1.0,False,-0.1347283439902646,-0.3012544605418998,-0.2504127821786328,-1.1749923942172005,-4.249476966432109,1.0812428242452732,0.3204575411791588,1.3999048439620387,0.4,0.4,0.6,10
2025-08-13,2025-08-12,2025-08-12,2025-08-13T05:00:00+08:00,1.0,False,2.993097858781057,1.386459895929648,1.134543584661274,6.17834382523601,5.726541332195789,1.4071963137625976,0.6722051345806357,2.0614533298246074,1.0,0.7,0.9,10
2025-08-14,2025-08-13,2025-08-13,2025-08-14T05:00:00+08:00,1.0,False,0.8993015678937955,0.144084392106647,0.3230078882404896,3.759250412343551,4.671640092773788,0.49957304120792134,0.8464418411911623,1.3547732620947783,0.9,0.5,0.7,10
2025-08-15,2025-08-14,2025-08-14,2025-08-15T05:00:00+08:00,1.0,False,-0.1208230151229727,-0.0113788381315704,0.0303090801292427,-0.5203323587194664,-0.9055636582817606,0.5610448006184887,-0.46482157979782956,0.08905745573904779,0.6,0.2,0.3,10
2025-08-18,2025-08-15,2025-08-15,2025-08-16T05:00:00+08:00,1.0,False,-2.2555470269011058,-0.4039002639741107,-0.2897135097229109,-1.0267314805570529,-3.133162466186179,-0.14174385047991844,1.3966082412280312,1.2602382529250813,0.3,0.7,0.6,10
2025-08-19,2025-08-18,2025-08-18,2025-08-19T05:00:00+08:00,1.0,False,0.4097147317362104,0.0313974408375994,-0.0100763180785445,-1.0961075976090862,-0.5390841258568813,0.4995930796036207,-1.6788894447159852,-1.1966718434379897,0.6,0.1,0.0,10
2025-08-20,2025-08-19,2025-08-19,2025-08-20T05:00:00+08:00,1.0,False,-1.8143121111172444,-1.4554954552111976,-0.5858103118756786,-1.504053710455655,0.203255557719495,0.03528285523249575,-0.8902707228880169,-0.8513790753471151,0.4,0.2,0.1,10
2025-08-21,2025-08-20,2025-08-20,2025-08-21T05:00:00+08:00,1.0,False,-0.7174446150630232,-0.6666206064662283,-0.2431669322826235,-0.6027712161970622,-0.1352332492777552,0.8486872375727271,0.3655742318593813,1.205464547238676,0.9,0.7,0.8,10
2025-08-22,2025-08-21,2025-08-21,2025-08-22T05:00:00+08:00,1.0,False,-0.489450194716079,-0.3426501203265042,-0.4004181529308925,-1.334141562818281,-1.5572023386613454,0.3595242462981796,0.28811304930222115,0.6487398274112499,0.6,0.4,0.5,10
2025-08-25,2025-08-22,2025-08-22,2025-08-23T05:00:00+08:00,1.0,False,2.698432727322153,1.8778326259453195,1.5186444876893468,6.228225804749865,7.152682745749805,2.0689032700486676,-0.48118369979940673,1.575018443195455,1.0,0.2,1.0,10
2025-08-26,2025-08-25,2025-08-25,2025-08-26T05:00:00+08:00,1.0,False,0.0319724832997136,-0.2198028243645344,-0.4266385548063467,-1.7357719144983852,-1.7971713984058613,0.08917897429613353,0.844335877013761,0.9376742732834931,0.5,0.5,0.5,10
2025-08-27,2025-08-26,2025-08-26,2025-08-27T05:00:00+08:00,1.0,False,0.8967586633598312,0.442814064714403,0.4133995191134998,0.0785101372489771,0.849664437245079,0.7258486879022219,0.6135814329704925,1.355272927053549,0.9,0.6,0.7,10
2025-08-28,2025-08-27,2025-08-27,2025-08-28T05:00:00+08:00,1.0,False,0.2873652121715642,0.2129155211480382,0.2390984308174415,0.5099005941845203,0.7129008650492707,0.6286936177146862,-0.6591955297951169,-0.04180134938443601,0.9,0.4,0.6,10
2025-08-29,2025-08-28,2025-08-28,2025-08-29T05:00:00+08:00,1.0,False,0.4882720400818163,0.5327410008474587,0.3156719419534992,-0.9170755525914508,0.965242504950048,0.8561126506783377,-0.5915436765252369,0.2576222400011141,1.0,0.4,0.6,10
2025-09-01,2025-08-29,2025-08-29,2025-08-30T05:00:00+08:00,1.0,False,-3.14553727415412,-1.1500001529734185,-0.639818429357164,-2.343439652058743,-1.4658941046697629,-0.0830102130075272,-2.3126903078405325,-2.394422037473345,0.3,0.1,0.1,10
2025-09-02,2025-09-01,2025-08-29,2025-08-30T05:00:00+08:00,0.0,True,-3.14553727415412,-1.1500001529734185,-0.639818429357164,-2.343439652058743,-1.4658941046697629,1.494316728816698,-0.11607181064530406,1.3712170308204885,1.0,0.3,0.5,10
2025-09-03,2025-09-02,2025-09-02,2025-09-03T05:00:00+08:00,1.0,False,-1.1197857293404834,-0.8199273170313437,-0.6922279936861564,-1.3107512076605432,-3.945667065317848,0.5477803134200376,3.643701181688196,4.219645622947328,0.7,0.8,0.9,10
2025-09-04,2025-09-03,2025-09-03,2025-09-04T05:00:00+08:00,1.0,False,-0.2254968692459669,1.0249219585447555,0.5100073627984258,-2.3498114905013967,0.8080882119264166,0.8154549803389965,-1.3942494883690926,-0.6022194773989431,0.8,0.3,0.5,10
2025-09-05,2025-09-04,2025-09-04,2025-09-05T05:00:00+08:00,1.0,False,1.341721017679709,0.9766565111615222,0.8346486409699372,0.5649726984540582,2.3380017742930197,1.5534416088371361,-0.6886833247939006,0.8491023274930164,0.9,0.3,0.5,10
2025-09-08,2025-09-05,2025-09-05,2025-09-06T05:00:00+08:00,1.0,False,1.6503590653059508,-0.033623238165259,-0.3165152978388819,2.184767388800113,1.566587610954051,0.9475653273577056,-0.21649164333768844,0.738683743137678,0.9,0.5,0.6,10
2025-09-09,2025-09-08,2025-09-08,2025-09-09T05:00:00+08:00,1.0,False,0.8367751198435025,0.4530268392346048,0.2105978915952988,-0.4683354497614256,-1.1568134289598908,-0.08534422915858708,-0.9941686514924019,-1.0781352005993683,0.6,0.1,0.4,10
2025-09-10,2025-09-09,2025-09-09,2025-09-10T05:00:00+08:00,1.0,False,0.175919125109325,0.3706231037653218,0.2688153653112701,-0.5319192523505656,-0.8452575580442989,0.04801780587707083,0.21768717912155727,0.26873491159007074,0.6,0.7,0.6,10
2025-09-11,2025-09-10,2025-09-10,2025-09-11T05:00:00+08:00,1.0,False,2.3756667079452454,0.0300295501842962,0.2983469943562689,-1.0078113421104873,0.2622889353178337,0.8404132357466898,-3.2904598559373377,-2.487211657048777,0.7,0.0,0.1,10
2025-09-12,2025-09-11,2025-09-11,2025-09-12T05:00:00+08:00,1.0,False,0.6260444865207493,0.717396195120279,0.8485890387959882,1.8491572198157336,2.0408237602321133,1.4307193999883472,2.930462668031384,4.407647860682458,0.9,1.0,1.0,10
2025-09-15,2025-09-12,2025-09-12,2025-09-13T05:00:00+08:00,1.0,False,0.1059163375767502,0.4447170720106586,-0.0482761314667401,-1.5503919402964916,-1.6129053469985055,-0.09805221503571104,-0.7724206287216019,-0.8666205694313799,0.4,0.2,0.2,10
2025-09-16,2025-09-15,2025-09-15,2025-09-16T05:00:00+08:00,1.0,False,0.9678833385238894,0.9378503971730234,0.4706619226962694,-0.3108116792343796,-0.9180383423764148,0.7206777690285282,1.5861454844063307,2.3270938196905835,0.7,0.6,0.8,10
2025-09-17,2025-09-16,2025-09-16,2025-09-17T05:00:00+08:00,1.0,False,0.3199782249463601,-0.0661740030203028,-0.1287930338240261,3.013927966210561,0.5956397994901774,0.2804496597405326,-0.1989680265897941,0.07757198581366143,0.5,0.4,0.5,10
2025-09-18,2025-09-17,2025-09-17,2025-09-18T05:00:00+08:00,1.0,False,-0.3125400845589876,-0.3252036644026179,-0.097016816051032,0.4842571773996607,-0.1315806531481334,1.4371533397349934,1.5090100458939437,2.9706218121428885,1.0,0.8,1.0,10
2025-09-19,2025-09-18,2025-09-18,2025-09-19T05:00:00+08:00,1.0,False,3.596237986079021,0.940602489901332,0.4789119185128365,4.076310492156465,4.150193950940628,1.106746975995776,3.7120994780935392,4.851582380987908,1.0,0.7,0.8,10
2025-09-22,2025-09-19,2025-09-19,2025-09-20T05:00:00+08:00,1.0,False,-0.731267682050063,0.7154188232273428,0.4885418870829605,-1.4663363098225912,-2.846300019954262,0.9526031734951544,-1.0472598650681553,-0.06043512942181635,0.6,0.4,0.5,10
2025-09-23,2025-09-22,2025-09-22,2025-09-23T05:00:00+08:00,1.0,False,1.5703817591961269,0.6959332608287738,0.4410046474333073,0.8419821964858132,0.0,0.13027676308885905,-1.7929907011115165,-1.6659100904743216,0.7,0.2,0.3,10
2025-09-24,2025-09-23,2025-09-23,2025-09-24T05:00:00+08:00,1.0,False,-0.3461254422409743,-0.9456753272509166,-0.5502159197012135,-2.097090934086776,-0.9765562544103212,0.294962709588934,1.3338485906362565,1.6312531342648295,0.7,0.7,0.7,10
2025-09-25,2025-09-24,2025-09-24,2025-09-25T05:00:00+08:00,1.0,False,-0.177704309255966,-0.3349565918303043,-0.2846617843333288,1.0313377164776316,0.1314877607506037,-0.43076851349266193,-2.9099670118022147,-3.321744853480053,0.2,0.0,0.0,10
2025-09-26,2025-09-25,2025-09-25,2025-09-26T05:00:00+08:00,1.0,False,-0.195808768064154,-0.5029818809150544,-0.500906134312662,-2.296816255373535,-2.166772404543049,0.2778788508905305,-1.4898911819135041,-1.2047412904230312,0.5,0.1,0.1,10
2025-09-30,2025-09-26,2025-09-29,2025-09-30T05:00:00+08:00,2.0,False,0.1595555769642098,0.476248635752885,0.263554421636214,-0.7974512103184228,0.8649416186204517,0.44035759855551754,1.1638533684876418,1.6106331340825975,0.8,1.0,0.9,10
2025-10-01,2025-09-30,2025-09-30,2025-10-01T05:00:00+08:00,1.0,False,0.866334270059288,0.3048068549381,0.4090848383371703,-0.9043347335633944,0.9234884501354124,0.7277873644606547,-1.5639926984044616,-0.8483507875515139,0.9,0.1,0.1,10
2025-10-02,2025-10-01,2025-10-01,2025-10-02T05:00:00+08:00,1.0,False,2.048094993856453,0.4199044555106113,0.3399920834961989,-1.9468725865619647,0.7843048432875088,1.1108078198547022,-1.4230430419350382,-0.32803763576323197,1.0,0.2,0.5,10
2025-10-03,2025-10-02,2025-10-02,2025-10-03T05:00:00+08:00,1.0,False,1.9399180008252248,0.3906394171239613,0.0618354723891156,0.8066250602974723,2.594036049405357,0.3700067250630579,0.3588473783597468,0.7291977944251415,0.8,0.6,0.6,10
2025-10-07,2025-10-03,2025-10-06,2025-10-07T05:00:00+08:00,2.0,False,2.8907553676716047,0.7074475413767267,0.3646591979693303,2.191999200980788,-0.4334241541989914,0.7255047424004324,1.754792943500728,2.493016279450855,0.8,0.8,0.9,10
2025-10-08,2025-10-07,2025-10-07,2025-10-08T05:00:00+08:00,1.0,False,-2.056378180350349,-0.6682623688557987,-0.3811405791021571,-4.329692892237624,-4.415431632748801,-0.19344029480653502,-0.1599326118872901,-0.35071384610348755,0.6,0.6,0.5,10
2025-10-09,2025-10-08,2025-10-08,2025-10-09T05:00:00+08:00,1.0,False,3.3978687646765597,1.119086636200639,0.5827663640568082,5.625914474119775,4.489266367091305,0.9970613603933876,-1.2835911802079025,-0.29838235015825165,0.9,0.0,0.5,10
2025-10-13,2025-10-09,2025-10-10,2025-10-11T05:00:00+08:00,2.0,False,-6.324377727317176,-3.562277184309504,-2.711167321141361,-8.465077924560449,-7.74072604780085,-4.612111378565254,3.676755587688601,-1.1171268016276714,0.0,1.0,0.2,10
2025-10-14,2025-10-13,2025-10-13,2025-10-14T05:00:00+08:00,1.0,False,4.929616586138663,2.207576120615018,1.5598671787557583,9.553998188727752,8.321973761358613,1.2223962170682356,-2.6098208722114835,-1.409505939607215,1.0,0.2,0.3,10
2025-10-15,2025-10-14,2025-10-14,2025-10-15T05:00:00+08:00,1.0,False,-2.277694878169534,-0.7618996801966316,-0.1564326660462689,-1.137496882621214,1.0075636192213857,0.9651893996255879,3.7899947693672758,4.792521143839595,1.0,0.9,1.0,10
2025-10-16,2025-10-15,2025-10-15,2025-10-16T05:00:00+08:00,1.0,False,2.994217613567618,0.6588350991361569,0.4026001159503689,1.6552274518977672,5.797976845468122,1.1848781232555972,-0.12933795037191165,1.0422602276485204,1.0,0.5,0.6,10
2025-10-17,2025-10-16,2025-10-16,2025-10-17T05:00:00+08:00,1.0,False,0.4870647024278085,-0.4743742203573875,-0.6294387099829435,5.182685819537247,-0.2946185917338861,-0.22638081511602737,0.4263631509194653,0.19929237305842498,0.4,0.5,0.5,10
2025-10-20,2025-10-17,2025-10-17,2025-10-18T05:00:00+08:00,1.0,False,-0.3241172672903247,0.5204717443356266,0.5270715550257155,-0.8306634534006152,-2.54136968684896,1.9944463323685002,5.125580874869831,7.21554796551271,1.0,1.0,1.0,10
2025-10-21,2025-10-20,2025-10-20,2025-10-21T05:00:00+08:00,1.0,False,1.5793762300268188,1.369350796084623,1.0672270853256949,4.492672121061769,6.124921105043879,3.0111652057151983,2.4417867682938654,5.536930284590608,1.0,0.7,0.8,10
2025-10-22,2025-10-21,2025-10-21,2025-10-22T05:00:00+08:00,1.0,False,-0.6646269813335492,-0.1603665774202678,0.0032696450934288,0.3461512907979358,-1.5999985800076444,-1.0817214745001802,0.6750332898294265,-0.42559178303712697,0.4,0.6,0.5,10
2025-10-23,2025-10-22,2025-10-22,2025-10-23T05:00:00+08:00,1.0,False,-2.364290265638358,-0.9291304265325872,-0.5337539220865439,-5.718956828543353,-3.426247873850308,-0.26225919290742916,2.597586347601292,2.3133234109885623,0.3,0.8,0.9,10
2025-10-27,2025-10-23,2025-10-24,2025-10-25T05:00:00+08:00,2.0,False,1.891958864630716,1.1466770280299965,0.7902422587873881,-2.066434376302151,-0.5315961910108857,3.540868160425899,-0.7030537426683138,2.8209976719558463,1.0,0.4,0.5,10
2025-10-28,2025-10-27,2025-10-27,2025-10-28T05:00:00+08:00,1.0,False,2.738163731763388,1.864228555883796,1.2290050865671145,3.884837815558817,2.969125233984893,-0.22567591627124628,-1.3504144920959682,-1.5721974732923925,0.5,0.3,0.3,10
2025-10-29,2025-10-28,2025-10-28,2025-10-29T05:00:00+08:00,1.0,False,0.3729081350894336,0.8039327801639073,0.2287943860398655,-1.6704651917566091,0.8650407458005382,1.237150526205072,-4.359845073586538,-3.1815154574822646,0.9,0.0,0.1,10
2025-10-30,2025-10-29,2025-10-29,2025-10-30T05:00:00+08:00,1.0,False,1.851641213711841,0.5497031683221021,-0.0043578255173426,-0.7721963650058505,-1.2006685328784683,0.17484833541079325,-1.9086339023061094,-1.737506751720256,0.5,0.1,0.1,10
2025-10-31,2025-10-30,2025-10-30,2025-10-31T05:00:00+08:00,1.0,False,-1.527445992200882,-1.574933904590925,-0.990481243951924,-1.070044816012128,-2.3148334876825327,0.25991798206071337,-0.2944755089457917,-0.03023885318290338,0.7,0.4,0.3,10
2025-11-03,2025-10-31,2025-10-31,2025-11-01T05:00:00+08:00,1.0,False,0.1754456243070912,0.6098954871908369,0.26179217059763,-1.5142510642517926,0.5924363301449853,-0.4872034009315084,-0.4268786991589325,-0.9208129174387214,0.4,0.4,0.3,10
2025-11-04,2025-11-03,2025-11-03,2025-11-04T06:00:00+08:00,1.0,False,0.5853098316866978,0.4626341257806254,0.1720712726992479,0.7587804303599954,-1.177848652313529,0.8161711296274643,-3.885289783671136,-3.096974062528436,0.9,0.1,0.1,10
2025-11-05,2025-11-04,2025-11-04,2025-11-05T06:00:00+08:00,1.0,False,-4.007723618920944,-2.0393781164017133,-1.1736830084583816,-4.320254349442898,-4.0524549339965965,-2.986284885230085,2.4530709609442813,-0.6124129879043639,0.0,0.9,0.3,10
2025-11-06,2025-11-05,2025-11-05,2025-11-06T06:00:00+08:00,1.0,False,3.018813488782368,0.6474045263609396,0.3653555698264865,3.728258279347085,-4.844729035111229,1.0146711108557604,0.47311806558175906,1.4931891204707868,1.0,0.5,0.6,10
2025-11-07,2025-11-06,2025-11-06,2025-11-07T06:00:00+08:00,1.0,False,-2.390451017077455,-1.8970822392277544,-1.117818904241907,-2.555915629380845,-4.830280555791755,-1.2375848146606239,-2.5759500724551434,-3.7862470689929117,0.1,0.0,0.0,10
2025-11-10,2025-11-07,2025-11-07,2025-11-08T06:00:00+08:00,1.0,False,-1.0120593477111584,-0.2145015737937905,0.1261841800771046,-1.9876996335467243,-1.4403412595677456,-0.22704434145289337,-0.8231932875467687,-1.0575645373906428,0.5,0.3,0.2,10
2025-11-11,2025-11-10,2025-11-10,2025-11-11T06:00:00+08:00,1.0,False,3.0168342529511616,2.2718597314864253,1.540101862170995,1.4844220307172806,2.1572868551140267,1.2617930916983953,0.7693667772197899,2.0377545422257226,1.0,0.7,1.0,10
2025-11-12,2025-11-11,2025-11-11,2025-11-12T06:00:00+08:00,1.0,False,-2.476613573699193,-0.2502176879772722,0.2075350517340535,-0.2266184760544076,-3.065395149420025,0.46824931479034104,-0.3302835575548868,0.13363785941318812,0.6,0.3,0.5,10
2025-11-13,2025-11-12,2025-11-12,2025-11-13T06:00:00+08:00,1.0,False,1.4675370665460763,-0.2635037122048822,0.0629517188771799,1.7344624144016718,-0.281099918715133,0.9863887624440082,2.663991251015715,3.6955181604470155,0.7,0.6,0.7,10
2025-11-14,2025-11-13,2025-11-13,2025-11-14T06:00:00+08:00,1.0,False,-3.719073962152486,-2.290399919626896,-1.6556854961596978,-2.3137799453151864,-4.016917643498418,-1.2989104172040877,-0.9313445819427146,-2.2241597457134445,0.0,0.2,0.2,10
2025-11-17,2025-11-14,2025-11-14,2025-11-15T06:00:00+08:00,1.0,False,-0.110578183114951,0.1321818702291421,-0.0501725564885147,-2.514030484764551,-2.7900154378036834,0.9833996916059584,-2.9366988889630794,-1.9963590468310977,0.9,0.1,0.2,10
2025-11-18,2025-11-17,2025-11-17,2025-11-18T06:00:00+08:00,1.0,False,-1.548331540894632,-0.8406749894371957,-0.916226617680782,-1.9181537645014624,-4.456192855105745,-0.5723734479760278,-0.12192489183262649,-0.6978229738498276,0.3,0.6,0.3,10
2025-11-19,2025-11-18,2025-11-18,2025-11-19T06:00:00+08:00,1.0,False,-2.307134541622602,-1.2119951159984763,-0.8256436690967983,-0.999563406990478,-1.8181671687694467,0.6705714368227955,-1.9354405166538935,-1.2733869380107754,0.8,0.2,0.2,10
2025-11-20,2025-11-19,2025-11-19,2025-11-20T06:00:00+08:00,1.0,False,1.816508303314968,0.5856628188694035,0.3753835796229232,1.229142980057163,-0.9661882189328396,3.276523150694648,1.3150890881866695,4.636205146355437,1.0,0.7,1.0,10
2025-11-21,2025-11-20,2025-11-20,2025-11-21T06:00:00+08:00,1.0,False,-4.76699461890111,-2.154647765069262,-1.5567283563270418,-2.6452676371647166,-3.902442181131272,-2.1994951656734063,-0.11545435353667814,-2.321182633084765,0.0,0.5,0.2,10
2025-11-24,2025-11-21,2025-11-21,2025-11-22T06:00:00+08:00,1.0,False,0.8557895783078306,0.8833628421609951,0.982303541531948,4.008906850533367,5.837565286003565,1.492956957296108,-1.2489261013126063,0.19249138250293626,0.9,0.3,0.6,10
2025-11-25,2025-11-24,2025-11-24,2025-11-25T06:00:00+08:00,1.0,False,4.632377336338633,2.6890294714480234,1.5467217001293498,1.4775130951530049,2.717822160543814,1.3220010093778023,-0.7686629817864876,0.5441769069774804,1.0,0.5,0.5,10
2025-11-26,2025-11-25,2025-11-25,2025-11-26T06:00:00+08:00,1.0,False,0.163802066905716,0.671476095449286,0.9061696817220576,1.9413420457724984,3.501945701651432,1.1171446212091596,-0.13128056610825606,0.9851983880676828,0.9,0.6,0.6,10
2025-11-27,2025-11-26,2025-11-26,2025-11-27T06:00:00+08:00,1.0,False,2.7595295375684614,0.8212584809258683,0.6906711511012631,2.753049013765363,1.353379145409228,0.7370561405396026,-0.043238473697470026,0.6870226570090476,0.9,0.6,0.6,10
2025-11-28,2025-11-27,2025-11-26,2025-11-27T06:00:00+08:00,0.0,True,2.7595295375684614,0.8212584809258683,0.6906711511012631,2.753049013765363,1.353379145409228,1.3091409769654183,-1.0746588093524967,0.2074000706777812,0.9,0.4,0.5,10
2025-12-01,2025-11-28,2025-11-28,2025-11-29T03:00:00+08:00,1.0,False,1.8217359346654136,0.6504502259437883,0.5354773163420257,1.208707284842303,1.4095067190949218,0.19074943553331392,-2.0344496206634934,-1.8489032333455035,0.6,0.1,0.1,10
2025-12-02,2025-12-01,2025-12-01,2025-12-02T06:00:00+08:00,1.0,False,-0.0657653893756604,-0.3841938044674031,-0.5323329342915684,0.3781819672797004,0.5852235786270921,0.42779893370729294,-1.3969097736074843,-0.9772659005236962,0.7,0.1,0.2,10
2025-12-03,2025-12-02,2025-12-02,2025-12-03T06:00:00+08:00,1.0,False,1.836619651698124,0.5918133438435724,0.2457235261999812,2.0820924662036555,2.1818110708548,1.0777362878855654,1.0588800470618875,2.1394818754316147,0.9,0.7,1.0,10
2025-12-04,2025-12-03,2025-12-03,2025-12-04T06:00:00+08:00,1.0,False,1.8328567969859488,0.172633858809279,0.2979791299498435,11.013989965152726,7.168455537406682,0.5830895880134868,-1.1671476488674015,-0.5941394499142018,0.9,0.2,0.4,10
2025-12-05,2025-12-04,2025-12-04,2025-12-05T06:00:00+08:00,1.0,False,-0.8864702178681738,0.2176625978244972,0.108032183967377,-4.129484772249558,1.3377972346410028,0.04409142675930954,0.32399549691070173,0.36607797077741977,0.5,0.4,0.4,10
2025-12-08,2025-12-05,2025-12-05,2025-12-06T06:00:00+08:00,1.0,False,1.092987173699944,0.3105288138432582,0.1936641757662061,-0.0912561347418683,0.3300293500792195,0.2710347921445688,0.20766784675432914,0.4758061796420865,0.7,0.7,0.6,10
2025-12-09,2025-12-08,2025-12-08,2025-12-09T06:00:00+08:00,1.0,False,1.101879860496413,-0.1366964537699355,-0.3477255626794018,2.995979794230741,0.5263112508548939,0.3818906760722329,-0.05924813640771687,0.3289146429712919,0.8,0.4,0.6,10
2025-12-10,2025-12-09,2025-12-09,2025-12-10T06:00:00+08:00,1.0,False,-0.0367507564492108,0.1299157952871388,-0.0876358934025711,-2.039733068627536,0.45812781067045,0.31870420620032425,0.1422861611892789,0.4648572782754313,0.7,0.4,0.6,10
2025-12-11,2025-12-10,2025-12-10,2025-12-11T06:00:00+08:00,1.0,False,1.288305770619047,0.3293965958375278,0.674955693920154,-0.235381258723033,2.93159490499082,0.667733970212715,-2.9230502624085966,-2.277012866625806,0.8,0.0,0.0,10
2025-12-12,2025-12-11,2025-12-11,2025-12-12T06:00:00+08:00,1.0,False,-0.7500545986443896,-0.2548855681956619,0.2079350841514227,1.5789523968692265,0.2531593063891169,0.820813054266738,-1.6674159531768704,-0.8628607251990795,1.0,0.0,0.3,10
2025-12-15,2025-12-12,2025-12-12,2025-12-13T06:00:00+08:00,1.0,False,-5.098983701580462,-1.689801769130872,-1.0663649289958,-1.8045419228200243,-3.219700334624631,-1.466566840224074,-0.6946188477751836,-2.1528007080815073,0.1,0.2,0.0,10
2025-12-16,2025-12-15,2025-12-15,2025-12-16T06:00:00+08:00,1.0,False,-0.6136239356029138,-0.5939157423247909,-0.1596563026907249,0.236537609681231,-1.1741629086437388,-0.47002959090119206,-1.5085154468490858,-1.971575088909865,0.3,0.0,0.0,10
2025-12-17,2025-12-16,2025-12-16,2025-12-17T06:00:00+08:00,1.0,False,-0.4573439058531692,0.2344182667685546,-0.2383917951962355,-0.962059861733322,-1.7821763030300253,0.4072199806080922,0.9501698382812662,1.3574870509839734,0.8,0.5,0.5,10
2025-12-18,2025-12-17,2025-12-17,2025-12-18T06:00:00+08:00,1.0,False,-3.781449362618528,-1.8092349338311944,-1.1592143912241393,-2.25439793122596,-2.083332253820558,-0.41814688371603187,0.3812034634528704,-0.03619502251968165,0.3,0.5,0.4,10
2025-12-19,2025-12-18,2025-12-18,2025-12-19T06:00:00+08:00,1.0,False,2.513995957553949,1.3794326180095018,0.7934262269941872,1.8938651544262,1.715848679705001,1.1486827956797185,-0.8828720435367632,0.2563255928243924,1.0,0.0,0.6,10
2025-12-22,2025-12-19,2025-12-19,2025-12-20T06:00:00+08:00,1.0,False,2.9756883436626858,1.3094630085295655,0.8818059450332205,1.601028578288166,0.3373846940545322,0.9162298266444013,0.7640369706437844,1.68633516357507,0.9,0.9,1.0,10
2025-12-23,2025-12-22,2025-12-22,2025-12-23T06:00:00+08:00,1.0,False,1.0993369394593389,0.5200485590942661,0.6436496360377575,2.1010684054482143,0.4034950995185138,0.6324643140651254,-1.960711637081112,-1.3417459088778971,0.9,0.0,0.0,10
2025-12-24,2025-12-23,2025-12-23,2025-12-24T06:00:00+08:00,1.0,False,0.5453758874717884,0.5677183418099307,0.4550388765703239,-1.2063159802388368,0.2009367797000338,0.5679224524507798,-0.9218702744227547,-0.36024446840455693,1.0,0.1,0.3,10
2025-12-26,2025-12-24,2025-12-24,2025-12-25T03:00:00+08:00,1.0,False,0.2760104059158053,0.2184494227374767,0.3221482201218872,-1.095343527916226,0.4010741093858128,0.40674910394414726,-0.15762703680860302,0.24647408155449746,0.7,0.3,0.6,10
2025-12-29,2025-12-26,2025-12-26,2025-12-27T06:00:00+08:00,1.0,False,0.0453893883581635,-0.0855912916567946,-0.0304363549122665,-0.2723339159265148,-0.0665733078958008,0.4861553748135461,-0.1052679461933681,0.37579757747367665,0.9,0.3,0.3,10
2025-12-30,2025-12-29,2025-12-29,2025-12-30T06:00:00+08:00,1.0,False,-0.4074858987184515,-0.5033251330520905,-0.349205148036813,-1.6566536361849682,-0.7328520210256206,-0.18617763407589025,-0.09249915258166652,-0.2810459581925783,0.4,0.4,0.4,10
2025-12-31,2025-12-30,2025-12-30,2025-12-31T06:00:00+08:00,1.0,False,-0.1277455689191131,-0.2354464859291694,-0.1375667151902293,0.407258827913437,-0.8053653940878314,0.2491807501199539,0.595073328604826,0.8439817359284552,0.7,0.7,0.6,10
2026-01-02,2025-12-31,2025-12-31,2026-01-01T06:00:00+08:00,1.0,False,-1.1991772143320478,-0.7561776259325192,-0.7357666300846111,-0.1659294797249577,-1.9621191802681293,0.8417640182286036,2.8618970704689852,3.7397397199649944,1.0,0.7,0.8,10
2026-01-05,2026-01-02,2026-01-02,2026-01-03T06:00:00+08:00,1.0,False,4.014331753554501,-0.0273615767663271,0.1894706718829963,4.709139732603473,5.52104804910869,1.2463017197009818,-3.056063385354728,-1.8436214029002795,1.0,0.0,0.2,10
2026-01-06,2026-01-05,2026-01-05,2026-01-06T06:00:00+08:00,1.0,False,1.0720094980448458,0.6894129713735264,0.6354126864826393,3.509696361539083,0.8502334178639659,0.66846728380897,2.0118201871663977,2.6907827824869823,0.9,0.9,1.0,10
2026-01-07,2026-01-06,2026-01-06,2026-01-07T06:00:00+08:00,1.0,False,2.746006151998026,0.646908752731945,0.6196712678341321,5.230873686589455,7.392999416476376,0.6182658595361301,0.04698434891204366,0.6396999241713942,0.7,0.5,0.5,10
2026-01-08,2026-01-07,2026-01-07,2026-01-08T06:00:00+08:00,1.0,False,-0.9941282542940356,0.1575959027055873,-0.3439923431013958,0.2104939631611069,-2.1739145617344136,0.1963483884045969,-3.3882337060169005,-3.2101459882649293,0.6,0.1,0.1,10
2026-01-09,2026-01-08,2026-01-08,2026-01-09T06:00:00+08:00,1.0,False,-1.8319788641178003,-0.4420731467457472,0.0076548259091424,-1.615769930298716,-0.740737303358785,0.26940362200217227,0.672956982767553,0.9399603629823694,0.8,0.6,0.7,10
2026-01-12,2026-01-09,2026-01-09,2026-01-10T06:00:00+08:00,1.0,False,2.7256180637466265,0.8148633687052653,0.6475487031883276,2.085729135316061,0.6840863933733621,1.9301527054704657,0.9794256699222859,2.922312791833736,0.8,0.6,0.9,10
2026-01-13,2026-01-12,2026-01-12,2026-01-13T06:00:00+08:00,1.0,False,0.4720656912223342,0.2642467889757638,0.1577633215136931,-5.485842753833403,-0.6794384474033133,1.0397908425630586,1.810716566592103,2.870924306505507,0.9,0.6,0.8,10
2026-01-14,2026-01-13,2026-01-13,2026-01-14T06:00:00+08:00,1.0,False,0.9531194411121158,-0.1012528476334706,-0.1939123055059721,1.1234039955950736,-0.4975141077010137,1.4732542156226236,0.3507693023240799,1.8157756946769221,0.9,0.5,0.8,10
2026-01-15,2026-01-14,2026-01-14,2026-01-15T06:00:00+08:00,1.0,False,-0.6004140186555484,-1.0043039006782273,-0.5333360445499591,1.9693687706574536,6.562487500861369,0.3998865337126023,-0.4166823949837406,-0.02606996374277415,0.7,0.2,0.3,10
2026-01-16,2026-01-15,2026-01-15,2026-01-16T06:00:00+08:00,1.0,False,1.7636838948224876,0.2482538849893911,0.2579926217127326,-0.4952179641632415,4.8094037780081145,0.8279501451001113,1.3623036524250476,2.207211983832919,1.0,0.6,0.7,10
2026-01-19,2026-01-16,2026-01-16,2026-01-17T06:00:00+08:00,1.0,False,1.1497627219594797,-0.0621712456743694,-0.0642302303956343,0.0829513151466398,2.3502966657756863,0.9749285366658,2.174072489820212,3.1582274635327714,0.9,0.8,0.8,10
2026-01-20,2026-01-19,2026-01-16,2026-01-17T06:00:00+08:00,0.0,True,1.1497627219594797,-0.0621712456743694,-0.0642302303956343,0.0829513151466398,2.3502966657756863,-0.7772874024153886,1.3286621791814954,0.5251332501510776,0.2,0.5,0.4,10
2026-01-21,2026-01-20,2026-01-20,2026-01-21T06:00:00+08:00,1.0,False,-1.68050109957687,-2.385970624291933,-2.062675805627745,-0.4475392832239078,-2.3510129164593607,-1.2169617093523133,-0.5655782365159256,-1.7738353006328915,0.1,0.4,0.2,10
2026-01-22,2026-01-21,2026-01-21,2026-01-22T06:00:00+08:00,1.0,False,3.1803161672472324,1.178427399798454,1.158774132327456,5.1115544865596,6.662923035130386,2.6373513281189287,1.7986965259365697,4.491234835694041,1.0,0.7,0.9,10
2026-01-23,2026-01-22,2026-01-22,2026-01-23T06:00:00+08:00,1.0,False,0.1628946022925514,0.909368580287051,0.5487502192628835,-0.0950441506032517,0.1574947836493256,1.254588779175989,-4.820999139905709,-3.6178022423393394,1.0,0.0,0.1,10
2026-01-26,2026-01-23,2026-01-23,2026-01-24T06:00:00+08:00,1.0,False,-1.207171878890867,0.278292578814554,0.0326869837789178,-1.7282387154939904,-3.301886601837545,0.04257545864056356,-0.9389712060179844,-0.9024261989260041,0.5,0.2,0.1,10
2026-01-27,2026-01-26,2026-01-26,2026-01-27T06:00:00+08:00,1.0,False,-0.3881679788138803,0.4260164128638388,0.5006083031276365,-1.3714076805403377,-2.276422628324193,0.7831864757409024,-0.009634552594717261,0.7676127173344405,0.9,0.4,0.7,10
2026-01-28,2026-01-27,2026-01-27,2026-01-28T06:00:00+08:00,1.0,False,2.3986271771277323,0.9141008826954566,0.4081896177137167,2.453786968412764,2.4958340046358,1.0056116349256827,-1.2373538834222317,-0.24443601453302605,1.0,0.4,0.5,10
2026-01-29,2026-01-28,2026-01-28,2026-01-29T06:00:00+08:00,1.0,False,2.33529445557128,0.1694144544750475,-0.0081723052190896,3.672360207305614,4.274894755068237,0.8367670978811093,-1.4294674565916587,-0.6046570390896078,0.9,0.3,0.3,10
2026-01-30,2026-01-29,2026-01-29,2026-01-30T06:00:00+08:00,1.0,False,0.1643173336035808,-0.7223323690009664,-0.1292631274007694,-4.204527228407717,4.670480677155053,-0.11707429925624013,-3.3249599122420195,-3.4400150197250468,0.4,0.1,0.1,10
2026-02-02,2026-01-30,2026-01-30,2026-01-31T06:00:00+08:00,1.0,False,-3.869042763570618,-0.9427811057196478,-0.4301899620894223,-3.7138285288693775,-0.0991694404069987,-1.7392454113724873,-2.6108018946345743,-4.29969285837179,0.1,0.0,0.0,10
2026-02-03,2026-02-02,2026-02-02,2026-02-03T06:00:00+08:00,1.0,False,1.7005754335225332,0.5553237590460336,0.539126612916796,2.738352657141463,2.580649296333548,2.9072155571963343,-1.1145956853538141,1.7561772145100307,1.0,0.3,0.7,10
2026-02-04,2026-02-03,2026-02-03,2026-02-04T06:00:00+08:00,1.0,False,-2.0672488552433643,-1.428104272151376,-0.8403983020698336,-3.4129668710926264,0.3386550466129678,-0.6644890670999803,1.8637737703904467,1.1829191247650372,0.2,1.0,0.9,10
2026-02-05,2026-02-04,2026-02-04,2026-02-05T06:00:00+08:00,1.0,False,-4.357965568465527,-1.5076607984928048,-0.5072391906223106,4.425376164580275,-4.243004583063192,-0.7369540072951676,0.18312698603615168,-0.5550085040039908,0.2,0.5,0.3,10
2026-02-06,2026-02-05,2026-02-05,2026-02-06T06:00:00+08:00,1.0,False,-0.0593243800964371,-1.589159168749088,-1.2251015567674717,1.6757929065687405,-1.0574017393819468,-0.7770895736040817,-1.9721013066358375,-2.7405139231616835,0.2,0.0,0.0,10
2026-02-09,2026-02-06,2026-02-06,2026-02-07T06:00:00+08:00,1.0,False,5.699284177279029,2.1766116022293724,1.9695796697335897,3.328048375440717,1.526720253008107,2.898651365240923,-1.8863095533736018,0.9575226205747456,1.0,0.1,0.6,10
2026-02-10,2026-02-09,2026-02-09,2026-02-10T06:00:00+08:00,1.0,False,1.4158943928058276,0.900773237403718,0.4691086716887227,-0.153371900002508,-2.3558963981442527,1.2937711447082,-0.9785774246130796,0.2999402847494836,1.0,0.2,0.5,10
2026-02-11,2026-02-10,2026-02-10,2026-02-11T06:00:00+08:00,1.0,False,-0.6793219151515761,-0.5860887013236171,-0.3303712975458173,3.5023023544358933,-0.6160135824988755,0.47825689855806486,-1.3074399728183672,-0.8373435535904793,0.7,0.0,0.2,10
2026-02-23,2026-02-11,2026-02-20,2026-02-21T06:00:00+08:00,7.0,False,1.0659111897196594,0.8964522328127167,0.6939724763506794,1.4980236852991655,-0.2029384859034477,3.461454077538355,2.7509210211217394,6.292542400248527,1.0,0.9,1.0,10
2026-02-24,2026-02-23,2026-02-23,2026-02-24T06:00:00+08:00,1.0,False,-0.5684936284309439,-1.1308222762413167,-1.038565224728483,0.5209095748403669,-1.7793594306049876,0.8531003194702503,3.7341872394036573,4.637609824830586,0.6,1.0,1.0,10
2026-02-25,2026-02-24,2026-02-24,2026-02-25T06:00:00+08:00,1.0,False,1.4473788559009604,1.044801963062758,0.7651614086322311,0.8060998254695084,1.5010366219891491,1.6070333145070204,-0.32354254367527363,1.2835346494926214,1.0,0.4,0.7,10
2026-02-26,2026-02-25,2026-02-25,2026-02-26T06:00:00+08:00,1.0,False,1.621271410951031,1.2613909684129787,0.8136355657339944,-0.4997836359017071,2.5497208992717013,0.5349976725083017,1.4391666774006964,1.9820474045589223,0.9,0.5,0.6,10
2026-03-02,2026-02-26,2026-02-27,2026-02-28T06:00:00+08:00,2.0,False,-1.2063744625025907,-0.918639842420832,-0.4339352811031149,-2.4647890477002776,-3.753217296112532,-3.7525907688131652,3.1917449500644812,-0.6518329907248189,0.0,0.9,0.3,10
2026-03-03,2026-03-02,2026-03-02,2026-03-03T06:00:00+08:00,1.0,False,0.4814517678193075,0.3557776911568444,0.0398354735317685,0.0,2.297009916627113,0.31632010118339937,-3.6782321725201506,-3.368100035038291,0.8,0.0,0.1,10
2026-03-04,2026-03-03,2026-03-03,2026-03-04T06:00:00+08:00,1.0,False,-4.577405776897203,-1.0205782982251166,-0.9444031095625416,-4.602895658050743,-6.266309549704707,-2.682710248514307,-4.221821924831789,-6.798960563893613,0.0,0.0,0.0,10
2026-03-05,2026-03-04,2026-03-04,2026-03-05T06:00:00+08:00,1.0,False,1.92662475033758,1.2914465789047869,0.7756049264286302,-1.403341872192354,-0.9470904044745598,3.213105576283268,-0.22484896040941846,2.986986904287585,1.0,0.5,0.9,10
2026-03-06,2026-03-05,2026-03-05,2026-03-06T06:00:00+08:00,1.0,False,-1.1715263046032542,-0.2564519761625639,-0.5646704863891072,-2.686710919514723,-3.655796123378008,-0.7385263060613301,2.1801968712910935,1.4207291289205382,0.2,0.9,0.8,10
2026-03-09,2026-03-06,2026-03-06,2026-03-07T06:00:00+08:00,1.0,False,-3.925197659474111,-1.5882487229215148,-1.3276795812569242,-6.5406731997355365,-2.5685851564775986,-6.836947447670397,-0.6940514916126374,-7.49113370799783,0.0,0.3,0.0,10
2026-03-10,2026-03-09,2026-03-09,2026-03-10T05:00:00+08:00,1.0,False,3.9343963829421735,1.376960612055389,0.8304161513105202,4.149816519564586,0.5991660943988952,3.129147655568789,-0.46352814838769635,2.6470139660124614,1.0,0.3,1.0,10
2026-03-11,2026-03-10,2026-03-10,2026-03-11T05:00:00+08:00,1.0,False,0.700607081941218,0.0050687046129427,-0.2135119887732517,0.6078011364745173,3.097074731129279,1.621308925173477,3.4276110242118847,5.093151798499598,1.0,1.0,1.0,10
2026-03-12,2026-03-11,2026-03-11,2026-03-12T05:00:00+08:00,1.0,False,0.6287215744256613,0.0838488191334363,-0.0837601201744919,-0.5873443081471308,1.0976393460220946,-0.37611607996702706,0.18926615286272272,-0.1496082587891264,0.4,0.4,0.3,10
2026-03-13,2026-03-12,2026-03-12,2026-03-13T05:00:00+08:00,1.0,False,-3.429117543612548,-1.77913392525737,-1.5227676506708532,-2.616480431872159,-1.4367945546694738,-1.682337403495723,4.861869099835035,3.1026124126127206,0.1,1.0,0.8,10
2026-03-16,2026-03-13,2026-03-13,2026-03-14T05:00:00+08:00,1.0,False,0.0454028221172686,-0.9260544757082044,-0.6059115470564369,1.4907273891898054,0.4664792494849301,2.0431057194329485,-0.300256602307324,1.7306827144982706,0.9,0.4,0.7,10
2026-03-17,2026-03-16,2026-03-16,2026-03-17T05:00:00+08:00,1.0,False,1.9564160857770572,1.2160865966468926,1.013088316225197,2.271565923800778,0.8705735785674129,0.8675615407408366,2.8897002485661796,3.7761538867654694,0.8,0.7,0.7,10
2026-03-18,2026-03-17,2026-03-17,2026-03-18T05:00:00+08:00,1.0,False,0.5206335686146701,0.4708535054532392,0.24942548757938,1.8370047670336789,1.7261310397797214,1.1345607726572515,-0.843062734725961,0.2709962293848789,0.9,0.3,0.4,10
2026-03-19,2026-03-18,2026-03-18,2026-03-19T05:00:00+08:00,1.0,False,-0.5321053907867412,-1.4551433469982555,-1.3607567880073446,-0.8527393599003008,-1.074662926622294,-1.502430371975766,0.4183822743577171,-1.091795483858501,0.0,0.4,0.2,10
2026-03-20,2026-03-19,2026-03-19,2026-03-20T05:00:00+08:00,1.0,False,0.8745193845365984,-0.2786624168723106,-0.2748797741878972,-1.9351607453890864,1.372211038921911,0.9014007681296453,-3.4978997986596716,-2.630844185681236,0.8,0.0,0.1,10
2026-03-23,2026-03-20,2026-03-20,2026-03-21T05:00:00+08:00,1.0,False,-2.4504971982803325,-2.0057322297033164,-1.5138182356779215,-0.0506031262116013,-6.091374125034299,-3.3951504057630886,0.4776456713874423,-2.925510863578218,0.0,0.3,0.2,10
2026-03-24,2026-03-23,2026-03-23,2026-03-24T05:00:00+08:00,1.0,False,1.3365302284764402,1.3819095930771796,1.1453200463990454,1.0631135436369288,4.864870775862817,2.911320445961192,-1.60873375046233,1.262571348758191,1.0,0.2,0.7,10
2026-03-25,2026-03-24,2026-03-24,2026-03-25T05:00:00+08:00,1.0,False,1.281080846792304,-0.8423527782655094,-0.3742574504254636,4.090834509781138,4.581903274589849,3.6340693234413934,0.08833350542434282,3.7230157003215227,1.0,0.4,0.9,10
2026-03-26,2026-03-25,2026-03-25,2026-03-26T05:00:00+08:00,1.0,False,1.2072086935002837,0.7716686495385705,0.5419124381509377,1.2191182542075296,0.1642933366052812,1.4443280229937683,-1.4960199939436014,-0.060267479317245166,0.8,0.2,0.3,10
2026-03-27,2026-03-26,2026-03-26,2026-03-27T05:00:00+08:00,1.0,False,-4.792819589124909,-2.379135929707588,-1.7406172392416708,-3.534072260161625,-4.483332711594256,-2.1354146321601766,1.6619457337072194,-0.539737021567529,0.0,0.7,0.4,10
2026-03-30,2026-03-27,2026-03-27,2026-03-28T05:00:00+08:00,1.0,False,-1.6899866901495364,-2.1474167765036856,-1.6721843521074309,-4.139971253463681,-2.575841384471822,-1.9523074552577182,-1.3622043472766265,-3.2924493210086245,0.0,0.2,0.1,10
2026-03-31,2026-03-30,2026-03-30,2026-03-31T05:00:00+08:00,1.0,False,-4.228396363119236,-0.7337985149493353,-0.3945748828622641,-4.610109163759491,-2.7027033113866894,-0.44372880178619506,-4.072339378673403,-4.498430271785867,0.3,0.0,0.0,10
2026-04-01,2026-03-31,2026-03-31,2026-04-01T05:00:00+08:00,1.0,False,6.242642279346322,3.827862422484163,2.913114047102594,11.24685292614902,8.695653683493454,4.160849255923269,-1.7427951738581027,2.3418842193729805,1.0,0.1,0.9,10
2026-04-02,2026-04-01,2026-04-01,2026-04-02T05:00:00+08:00,1.0,False,2.82161590061254,1.1593841838405838,0.7168516684867399,0.4522005850681188,2.2777822083514865,1.317583125090076,-1.8981617978682652,-0.6043178695926743,1.0,0.2,0.2,10
2026-04-07,2026-04-02,2026-04-06,2026-04-07T05:00:00+08:00,2.0,False,1.055988851809575,0.5354869694540465,0.4426782512640281,2.090373179714944,0.9687825057590028,1.9535584450097243,2.5418159146992236,4.539827297295071,1.0,0.7,0.8,10
2026-04-08,2026-04-07,2026-04-07,2026-04-08T05:00:00+08:00,1.0,False,1.108628548895263,0.0977879309821183,0.0759248116169564,0.4725141425886869,1.1727099367268234,3.8060862334527767,0.4147850423934175,4.244092887521473,0.9,0.7,0.8,10
2026-04-09,2026-04-08,2026-04-08,2026-04-09T05:00:00+08:00,1.0,False,6.335057881544848,2.8029105291791367,2.5081414644149813,7.195479341611599,7.955746978509759,0.6879477351212193,0.9562033854767261,1.6638273648718893,0.9,0.6,0.6,10
2026-04-10,2026-04-09,2026-04-09,2026-04-10T05:00:00+08:00,1.0,False,2.098602186391507,0.8280528754784022,0.6170023529293189,0.1608666492686428,4.099555776384878,1.5211801836491334,-0.4929585512744682,1.019624243115561,1.0,0.4,0.7,10
2026-04-13,2026-04-10,2026-04-10,2026-04-11T05:00:00+08:00,1.0,False,2.305070566354828,0.3525949632005032,-0.1138521091652355,0.233616100306544,5.344578848473436,2.676644681132123,1.311945499867907,4.0380429664922035,0.7,0.8,0.8,10
2026-04-14,2026-04-13,2026-04-13,2026-04-14T05:00:00+08:00,1.0,False,1.6838280575613762,1.226262719293758,1.01732749487482,3.452287056824144,1.6466495111356003,3.5631973290630725,-0.5222533208791246,3.0091966548141613,1.0,0.3,0.8,10
2026-04-15,2026-04-14,2026-04-14,2026-04-15T05:00:00+08:00,1.0,False,2.0421504184965578,1.964048247378392,1.1782866364792757,1.450304783690748,1.269697952491211,1.7097988103489357,-1.4152244344507814,0.2735570200619186,0.9,0.1,0.5,10
2026-04-16,2026-04-15,2026-04-15,2026-04-16T05:00:00+08:00,1.0,False,0.1644592837286795,1.5945605830651963,0.7975783355387733,0.527407685388992,2.723740534949015,0.8355276974068993,3.0471899809531378,3.913265807545968,0.6,1.0,0.9,10
2026-04-17,2026-04-16,2026-04-16,2026-04-17T05:00:00+08:00,1.0,False,0.974745569537694,0.3609244545592194,0.2609955835367383,10.35482530498355,10.47979336609397,0.027510312059256824,3.6860197437723388,3.7096282852510556,0.6,0.7,0.7,10
2026-04-20,2026-04-17,2026-04-17,2026-04-18T05:00:00+08:00,1.0,False,2.428146472395687,1.51759455105116,1.2040463669150905,3.8533739763482178,-1.2571413885599458,0.38551560167228827,-1.4747418430096326,-1.0858121409777133,0.8,0.1,0.5,10
2026-04-21,2026-04-20,2026-04-20,2026-04-21T05:00:00+08:00,1.0,False,0.453438915687232,-0.2619281725804501,-0.2374372617670483,3.071913452283015,1.5817931815304886,1.2620226559678305,1.1180797932510225,2.3966619708528674,0.8,0.6,0.9,10
2026-04-22,2026-04-21,2026-04-21,2026-04-22T05:00:00+08:00,1.0,False,0.5000411512544156,-0.5918184547990535,-0.6348217959672997,1.5778472908336785,2.202802957286853,1.1744556133810424,-2.1053882199587735,-0.95192512321326,0.8,0.2,0.2,10
2026-04-23,2026-04-22,2026-04-22,2026-04-23T05:00:00+08:00,1.0,False,2.7164285982538505,1.6389530717891398,1.0460084168953945,2.393273632511628,0.1114825931394003,1.6505678057804984,-7.298099773796714,-5.7539869837644275,1.0,0.0,0.1,10
2026-04-24,2026-04-23,2026-04-23,2026-04-24T05:00:00+08:00,1.0,False,1.7085091965264532,-0.8884505234035278,-0.4132868267081369,9.877515593363118,1.4476598221025094,1.794972996871682,-2.9705875307826535,-1.254086706413129,1.0,0.1,0.2,10
2026-04-27,2026-04-24,2026-04-24,2026-04-25T05:00:00+08:00,1.0,False,4.3169797923657605,1.6289854507232526,0.7973689797975636,0.6340793151178747,3.146726354793961,2.427378156259068,-1.0831312985258423,1.2922992430715563,0.9,0.3,0.7,10
2026-04-28,2026-04-27,2026-04-27,2026-04-28T05:00:00+08:00,1.0,False,-1.004598927659961,0.2033289612678679,0.1232376753465436,-0.3658542731392988,-1.4898883436983423,0.23372762388867652,1.4107719436373722,1.6629155463631897,0.7,0.5,0.5,10
2026-04-29,2026-04-28,2026-04-28,2026-04-29T05:00:00+08:00,1.0,False,-3.578579247770164,-0.8972472953050814,-0.4894172187521972,-4.834759097823338,-3.709043466510198,-0.6230415174600967,1.4799180033472594,0.8524310476024122,0.4,0.6,0.6,10
2026-04-30,2026-04-29,2026-04-29,2026-04-30T05:00:00+08:00,1.0,False,2.3488400742903703,0.0382724998823968,-0.0399172053140994,5.959268356625214,3.964103928481921,0.7434668076582018,-2.455305859828507,-1.7192086383229697,0.8,0.0,0.2,10
2026-05-04,2026-04-30,2026-05-01,2026-05-02T05:00:00+08:00,2.0,False,0.8724511051676487,0.8923595334057399,0.2928328889657106,2.2021637481072,2.1056262544161264,1.3959960623458423,1.20506735924639,2.633238307817657,0.9,0.6,0.7,10
2026-05-05,2026-05-04,2026-05-04,2026-05-05T05:00:00+08:00,1.0,False,-0.5727016631353665,-0.1857046101389148,-0.4062189384334225,-0.9608831170523692,3.3468585597033584,0.32045295508688065,4.309016695780292,4.646412534431851,0.8,1.0,1.0,10
2026-05-06,2026-05-05,2026-05-05,2026-05-06T05:00:00+08:00,1.0,False,4.232883788001884,1.0305254951532117,0.8120017337603702,0.6174022420281311,4.972193219165422,3.1427104430971804,-3.090883333533281,-0.01275340946428032,1.0,0.0,0.2,10
2026-05-07,2026-05-06,2026-05-06,2026-05-07T05:00:00+08:00,1.0,False,4.482185079233458,2.0248201219420503,1.4588330317794274,3.0193810552328726,4.5808788502675,2.5786393003734798,3.7881825569597694,6.446549328964342,0.9,0.9,1.0,10
2026-05-08,2026-05-07,2026-05-07,2026-05-08T05:00:00+08:00,1.0,False,-2.7173935248741565,-0.126708893894023,-0.3803095327784889,-4.87850637844669,-2.890355233473474,0.9476465815623836,0.7918078940380282,1.7486633125401283,0.5,0.4,0.5,10
2026-05-11,2026-05-08,2026-05-08,2026-05-09T05:00:00+08:00,1.0,False,5.5058713673304505,1.70843003899106,0.8425703533400997,2.5742931340606345,5.124251399461643,1.009406013564812,3.9914000785962798,5.052570443821042,0.7,0.8,0.8,10
2026-05-12,2026-05-11,2026-05-11,2026-05-12T05:00:00+08:00,1.0,False,2.5947096858944363,0.1030620593585274,0.1879956647554248,3.914729685073048,1.6637741064092104,0.7042079833884918,1.320619406057364,2.0589338377838784,0.6,0.7,0.6,10
2026-05-13,2026-05-12,2026-05-12,2026-05-13T05:00:00+08:00,1.0,False,-3.0111668553474136,-0.7076604802653486,-0.1602608860154508,-2.918684554054252,-3.4453124157411086,-2.0716473747074318,4.400817595501039,2.237526368709216,0.0,0.8,0.7,10
2026-05-14,2026-05-13,2026-05-13,2026-05-14T05:00:00+08:00,1.0,False,2.5664763702450744,1.2041483674895437,0.5849246488426552,11.142059750374944,14.481114016192144,5.826372338217196,-2.5958189108425556,3.103093646726618,1.0,0.1,0.5,10
2026-05-15,2026-05-14,2026-05-14,2026-05-15T05:00:00+08:00,1.0,False,0.4643026740856815,0.8820462911741878,0.7655604577358366,2.298853757804875,-1.324668807907592,-0.09354381788911344,-3.3851724473574665,-3.4862248741235944,0.7,0.0,0.1,10
2026-05-18,2026-05-15,2026-05-15,2026-05-16T05:00:00+08:00,1.0,False,-4.019621870771594,-1.5396158443578667,-1.236332012805175,-4.443695205018794,-2.00053072504508,0.7471687423094442,5.485615066528533,6.233642064296172,0.4,0.9,0.9,10
2026-05-19,2026-05-18,2026-05-18,2026-05-19T05:00:00+08:00,1.0,False,-2.467458408203949,-0.5125240629667793,-0.0735667856178734,-3.253470325628305,-0.752087627969078,1.8218662049252043,0.8278331501559789,2.644032913286938,0.7,0.5,0.6,10
2026-05-20,2026-05-19,2026-05-19,2026-05-20T05:00:00+08:00,1.0,False,0.0263699500076874,-0.8432862066224178,-0.6678320788135905,-3.116150646623084,0.2435773083047543,1.6442617584668215,4.685580134856122,6.379932389431183,0.8,0.8,0.9,10
2026-05-21,2026-05-20,2026-05-20,2026-05-21T05:00:00+08:00,1.0,False,4.49153101643005,1.5447910900689754,1.0792026370445518,3.952086940270872,8.423326603284863,4.493707964606624,0.36040444558824936,4.904013087848908,1.0,0.6,0.8,10
2026-05-22,2026-05-21,2026-05-21,2026-05-22T05:00:00+08:00,1.0,False,1.2764440605782967,0.086562326957118,0.1715330430698936,-0.5444138273345001,5.004969415640059,2.2204721289816542,2.060665144037098,4.377051036630745,0.8,0.7,0.8,10
2026-05-25,2026-05-22,2026-05-22,2026-05-23T05:00:00+08:00,1.0,False,1.993132437933931,0.1934769749697418,0.372697324090665,6.012221787423555,12.046489821080142,4.31399994569587,1.9808561687676174,6.359759025345008,0.9,0.8,0.9,10
2026-05-26,2026-05-25,2026-05-22,2026-05-23T05:00:00+08:00,0.0,True,1.993132437933931,0.1934769749697418,0.372697324090665,6.012221787423555,12.046489821080142,0.96209651831758,4.472952242434418,5.437988458991273,0.7,0.6,0.7,10
2026-05-27,2026-05-26,2026-05-26,2026-05-27T05:00:00+08:00,1.0,False,5.526473300056556,1.1851250059960128,0.6108260424063872,9.294323008087812,6.603174948275092,6.750248320622201,-1.392776373293124,5.205804816481275,1.0,0.5,0.9,10
2026-05-28,2026-05-27,2026-05-27,2026-05-28T05:00:00+08:00,1.0,False,-1.3568451161220296,0.0695927978707988,0.0164879144690877,-1.6614178034264238,-2.918404174386624,0.36119976275786003,3.0715150007542737,3.444952354640042,0.5,0.6,0.6,10
2026-05-29,2026-05-28,2026-05-28,2026-05-29T05:00:00+08:00,1.0,False,0.9994277715542176,0.9100007014480438,0.5753716619668614,-0.8967913780571823,6.830270882112921,5.915427504280504,-2.702477697819574,3.033975389399027,1.0,0.4,0.7,10
2026-06-01,2026-05-29,2026-05-29,2026-05-30T05:00:00+08:00,1.0,False,0.001872568087835,0.2048797158850313,0.2172260678511728,-2.545038363027885,-0.3637140881040834,1.804127027825898,-2.84986918562567,-1.027466340159733,0.8,0.4,0.4,10
2026-06-02,2026-06-01,2026-06-01,2026-06-02T05:00:00+08:00,1.0,False,1.0621753277027857,0.4233604666074475,0.2625296130891241,0.2487111718887602,7.569648205872115,-1.7636907786904366,1.42761838352508,-0.479271439661858,0.2,0.5,0.3,10
2026-06-03,2026-06-02,2026-06-02,2026-06-03T05:00:00+08:00,1.0,False,5.866417169284288,0.0261745240833333,0.1292088941155178,6.384387477344311,11.609218261948564,0.5760713364379211,-1.1461377356237548,-0.5725628532091553,0.5,0.3,0.5,10
2026-06-04,2026-06-03,2026-06-03,2026-06-04T05:00:00+08:00,1.0,False,1.3892371066542395,-0.8855126741294739,-0.7372041104846239,4.11224604417908,2.368380197071396,-3.325095493541678,0.285343913373859,-3.0521603600824556,0.0,0.5,0.2,10
2026-06-05,2026-06-04,2026-06-04,2026-06-05T05:00:00+08:00,1.0,False,-2.1517627540643347,-0.0857211141446545,0.4054961568363158,-1.5754390106407112,-0.4689752549730142,-2.6062622070139474,5.484642006929905,2.6981945716368294,0.0,0.8,0.7,10
2026-06-08,2026-06-05,2026-06-05,2026-06-06T05:00:00+08:00,1.0,False,-10.256950500275384,-4.179989127532524,-2.6445361894386843,-11.045368213473928,-10.161770946634174,-9.947036986086129,3.6232355607495137,-6.6837297868199474,0.0,0.7,0.0,10
2026-06-09,2026-06-08,2026-06-08,2026-06-09T05:00:00+08:00,1.0,False,5.612831585086142,0.8566135905265782,0.297813105495992,3.104212283246888,0.0349672281080293,2.0003010876113425,2.309468159153066,4.3994203901581175,0.9,0.8,0.8,10
2026-06-10,2026-06-09,2026-06-09,2026-06-10T05:00:00+08:00,1.0,False,-1.9283088932119496,-0.9673857745857828,-0.2576393978084512,-3.225807672999992,2.376792984775622,-0.9419728271944641,-3.850529404565917,-4.801004538615349,0.2,0.2,0.0,10
2026-06-11,2026-06-10,2026-06-10,2026-06-11T05:00:00+08:00,1.0,False,-3.565779741493269,-1.9834256648155744,-1.6199450298948426,-5.837608402610828,-6.708776092807467,1.6821569477757614,0.4967640218119895,2.1803032654141763,0.9,0.6,0.8,10
2026-06-12,2026-06-11,2026-06-11,2026-06-12T05:00:00+08:00,1.0,False,7.905489976930924,2.543396397425446,1.7518885564244746,5.255515123680388,7.227810668941248,6.475967224474057,-1.0354092812053817,5.294555825914875,1.0,0.4,0.9,10
2026-06-15,2026-06-12,2026-06-12,2026-06-13T05:00:00+08:00,1.0,False,1.5186592380902253,0.3067831463903436,0.5025513873057053,0.715765641262256,1.331063023469525,5.188833406755533,0.8140217400350114,6.02519193963566,1.0,0.5,0.8,10
2026-06-16,2026-06-15,2026-06-15,2026-06-16T05:00:00+08:00,1.0,False,5.445552400111442,3.0712060261246066,1.6528391294663436,7.800325831781363,7.30885800138672,1.4644577468971032,-3.4653947635650746,-2.0706467360188774,0.8,0.2,0.3,10
2026-06-17,2026-06-16,2026-06-16,2026-06-17T05:00:00+08:00,1.0,False,-5.712213406680466,-1.152751863776913,-0.5684179609759754,-6.076252131185589,-5.194602149510463,-0.932417584972287,7.305762224613181,6.301843168228072,0.1,1.0,1.0,10
2026-06-18,2026-06-17,2026-06-17,2026-06-18T05:00:00+08:00,1.0,False,1.3754142002945446,-1.3446887991323877,-1.2148282108228825,-4.507401125627631,-0.1324303627015965,5.028026452737227,3.2637409514878457,8.33916517775219,0.8,0.6,1.0,10
2026-06-22,2026-06-18,2026-06-18,2026-06-19T05:00:00+08:00,1.0,False,6.41615678249805,1.907140160428256,1.0846212235623431,7.704573785610758,7.75361503922396,7.371929906974449,-1.701151375719028,5.5746736662199865,0.9,0.3,0.7,10
2026-06-23,2026-06-22,2026-06-22,2026-06-23T05:00:00+08:00,1.0,False,2.0425599021870022,-1.324877478239217,-0.3705051979052687,8.164775596878403,-0.9707384551159048,3.7732892462422165,-4.874743920581008,-1.1508473042190945,0.7,0.0,0.4,10
2026-06-24,2026-06-23,2026-06-23,2026-06-24T05:00:00+08:00,1.0,False,-7.873126253632323,-2.21488674694802,-1.4362785193208103,-11.014827181313724,-8.26201375804504,-3.044518295346106,2.1157656353845153,-0.9999418675023865,0.0,0.6,0.4,10
2026-06-25,2026-06-24,2026-06-24,2026-06-25T05:00:00+08:00,1.0,False,-0.1803044888161631,-0.4314623400946682,-0.098293197331134,-1.1276266208390506,-5.715736053128795,2.40726245771683,-2.240279685087761,0.13707996750630497,0.9,0.2,0.4,10
2026-06-26,2026-06-25,2026-06-25,2026-06-26T05:00:00+08:00,1.0,False,3.5864373755051915,-0.4633303792383358,-0.0099206118794548,2.5920166367474184,7.77117838998802,-1.8611513545474712,-5.42895084151057,-7.1878557216275825,0.1,0.0,0.0,10
2026-06-29,2026-06-26,2026-06-26,2026-06-27T05:00:00+08:00,1.0,False,-5.288764607156715,-0.2404725406345176,-0.0471657417571158,-23.656726329166933,-5.942248494585412,-0.6196639747019071,0.5081809862944464,-0.110965821087844,0.3,0.4,0.5,10
2026-06-30,2026-06-29,2026-06-29,2026-06-30T05:00:00+08:00,1.0,False,3.832977230945467,2.065496683582735,1.1750057250389023,-2.29454141869031,-0.1242224214272114,3.575687184696032,5.529776371793014,9.297620427209976,1.0,1.0,1.0,10
2026-07-01,2026-06-30,2026-06-30,2026-07-01T05:00:00+08:00,1.0,False,3.9191329220699567,1.5243142314411706,0.7920198981480553,6.740432698739185,-4.442075791865974,4.61284882528408,-2.2698294270509,2.2842843895417966,1.0,0.4,0.6,10
2026-07-02,2026-07-01,2026-07-01,2026-07-02T05:00:00+08:00,1.0,False,-6.272774612621235,-0.6625973024473875,-0.2150834618762087,0.0951939253428069,-4.778727410795913,-2.139040260638453,4.71307496216743,2.4850345540789744,0.0,0.6,0.6,10
2026-07-03,2026-07-02,2026-07-02,2026-07-03T05:00:00+08:00,1.0,False,-5.444808556301162,-0.7963100679955204,0.000137025138569,-3.603504313312933,-10.330015650836888,-2.2050666063438227,2.2016929415459523,-0.0824976738296868,0.1,0.6,0.3,10
2026-07-06,2026-07-03,2026-07-02,2026-07-03T05:00:00+08:00,0.0,True,-5.444808556301162,-0.7963100679955204,0.000137025138569,-3.603504313312933,-10.330015650836888,5.465196496107632,-2.3062495925238116,3.105304122409451,0.8,0.1,0.5,10
2026-07-07,2026-07-06,2026-07-06,2026-07-07T05:00:00+08:00,1.0,False,2.169453152306056,1.116765070151371,0.724150765029874,3.803991640284665,0.5444234864537156,-0.8502521985528511,-7.4858195364789,-8.282983875256203,0.1,0.0,0.0,10
2026-07-08,2026-07-07,2026-07-07,2026-07-08T05:00:00+08:00,1.0,False,-4.648167644139633,-1.1579527912071952,-0.445510967821594,-3.791323133090652,-8.620310244637485,2.1109497067565153,-0.7668178091671474,1.3117490577342525,1.0,0.4,0.5,10
2026-07-09,2026-07-08,2026-07-08,2026-07-09T05:00:00+08:00,1.0,False,2.231208158446041,0.2012531952651386,-0.2817238676629863,2.9528018512211096,0.0,0.5405902506445404,-1.3692254775475332,-0.7917420981400918,0.7,0.2,0.5,10
2026-07-10,2026-07-09,2026-07-09,2026-07-10T05:00:00+08:00,1.0,False,3.0618783329886545,1.2996976469398902,0.8142795337428232,4.350145848414466,4.3849249271312285,0.0,0.0,0.0,0.0,0.0,0.0,10
2026-07-13,2026-07-10,2026-07-10,2026-07-11T05:00:00+08:00,1.0,False,0.0552481192129583,0.285111084215095,0.4208843399813977,-1.9515720941124528,1.430512745004919,1.0587431851473728,-9.35525319529356,-8.402683968841318,0.7,0.0,0.0,10
2026-07-14,2026-07-13,2026-07-13,2026-07-14T05:00:00+08:00,1.0,False,-4.776526821209703,-1.554051282295188,-0.7927023147980106,-5.825340132579404,-6.111486144973622,-2.616789538280321,-3.0320743336414027,-5.602190942473331,0.0,0.1,0.1,10
2026-07-15,2026-07-14,2026-07-14,2026-07-15T05:00:00+08:00,1.0,False,2.544177229475797,0.9037547025500192,0.3758978381196431,3.71804858717748,-0.4768593815938082,1.9274331694795663,-1.0880623586066984,0.8136276882434611,1.0,0.4,0.6,10
2026-07-16,2026-07-15,2026-07-15,2026-07-16T05:00:00+08:00,1.0,False,-2.077408780133849,0.6213683780001311,0.3819144358387927,-1.269606741477003,-3.0905636861998653,-2.4906076794713803,-3.2793442301278892,-5.684614808886387,0.0,0.1,0.0,10
2026-07-17,2026-07-16,2026-07-16,2026-07-17T05:00:00+08:00,1.0,False,-4.28578415894253,-1.474277103247135,-0.5101405539945647,-4.7763109198367015,-9.91347992822128,-7.161907828846546,-2.406478692455117,-9.453987699460473,0.0,0.0,0.0,10
2026-07-20,2026-07-17,2026-07-17,2026-07-18T05:00:00+08:00,1.0,False,-1.6314333394775615,-1.3975337843293634,-1.0098540030789804,-0.8511120933085703,3.759615634027736,-2.1199560474675727,-5.628033589015449,-7.64772677189212,0.2,0.0,0.0,10
2026-07-21,2026-07-20,2026-07-20,2026-07-21T05:00:00+08:00,1.0,False,0.5992857825828812,-0.0476873327336813,-0.1932254674466005,-0.7668602235062383,-1.1637194814616558,1.2281198976658625,2.6664017587317335,3.8868159675258256,0.8,0.8,0.9,10
2026-07-22,2026-07-21,2026-07-21,2026-07-22T05:00:00+08:00,1.0,False,5.21388273216814,1.290339178807698,0.8856366018608064,5.028835944428445,6.449018822357444,5.065889441669425,-1.2037146814899702,3.8023558054605333,1.0,0.3,0.8,10
2026-07-23,2026-07-22,2026-07-22,2026-07-23T05:00:00+08:00,1.0,False,0.4411545733925104,-0.5662784084122907,-0.1363691752603979,1.3946895525048797,0.2765223616596923,0.2238831781321204,-2.7627912032190105,-2.562073159403999,0.7,0.2,0.1,10
2026-07-24,2026-07-23,2026-07-23,2026-07-24T05:00:00+08:00,1.0,False,-0.5384888853357195,-2.153334173145116,-1.2089697334330851,-2.382762410924988,2.281270991371187,-2.84147202110119,-3.442351984592476,-6.186518058456273,0.0,0.0,0.0,10
2026-07-27,2026-07-24,2026-07-24,2026-07-25T05:00:00+08:00,1.0,False,-4.2528092358821485,-0.6439300673470538,0.0496763883519157,-3.683567952952871,-6.348035270843622,-0.2295524646844438,-0.7291626493593018,-0.9634705164867162,0.2,0.5,0.3,10
2026-07-28,2026-07-27,2026-07-27,2026-07-28T05:00:00+08:00,1.0,False,-2.2337142150325007,-0.175130321357686,0.0161926410441326,2.56883241521626,-2.695626622322433,-6.520420752307439,-2.8706678522647167,-9.242695526061365,0.0,0.0,0.0,10
2026-07-29,2026-07-28,2026-07-28,2026-07-29T05:00:00+08:00,1.0,False,-4.493341346497193,-0.2212808626561591,0.2104307328987253,-5.222373627657961,-11.995698122575716,-1.3299575957419563,-6.512996169487427,-7.830355262558109,0.4,0.0,0.0,10
2026-07-30,2026-07-29,2026-07-29,2026-07-30T05:00:00+08:00,1.0,False,-5.329888776957126,-1.7444718833619757,-1.516128975010811,-6.552907713345957,-8.435210054401699,-4.623333982821259,-2.158437146136749,-6.731341818425539,0.1,0.1,0.0,10
2026-07-31,2026-07-30,2026-07-30,2026-07-31T05:00:00+08:00,1.0,False,8.188569511031263,2.778881139388334,1.6604359135647728,6.188178056870819,12.783714960070824,9.572049869439567,-1.1745059352801668,8.282559301176956,1.0,0.1,1.0,10
2026-08-03,2026-07-31,2026-07-31,2026-08-01T05:00:00+08:00,1.0,False,0.071572597890035,1.0017837823213416,0.700361981598796,-2.5435840790002278,1.2725747330602166,0.44654802867380655,6.497302053838752,6.909362969191866,0.4,1.0,1.0,10
2026-08-04,2026-08-03,2026-08-03,2026-08-04T05:00:00+08:00,1.0,False,1.054448650581663,2.128375432045071,1.479091100582064,-1.4826603056282472,3.44826660729316,1.3029322887155415,2.41146355038146,3.7326894514340525,0.5,0.9,1.0,10
2026-08-05,2026-08-04,2026-08-04,2026-08-05T05:00:00+08:00,1.0,False,6.551944444776692,2.5896906047874646,1.789619360979544,0.4726333908036784,9.745763902806882,4.7617620726260785,-1.6576477544028243,3.005641311266298,1.0,0.2,0.8,10
2026-08-06,2026-08-05,2026-08-05,2026-08-06T05:00:00+08:00,1.0,False,-1.3989346322457408,-0.8333679241436354,-0.1676492119325745,-4.790783827270051,-14.594593050521189,-1.4095012129605944,2.6499469006721177,1.1895847881794732,0.0,0.8,0.4,10
2026-08-07,2026-08-06,2026-08-06,2026-08-07T05:00:00+08:00,1.0,False,0.3315092436887212,-0.0572377658720535,-0.1759533387323042,1.846311404669576,-1.2055487976401769,0.7133620348421366,-4.563288624833608,-3.9066785849838404,0.4,0.0,0.0,10
2026-08-10,2026-08-07,2026-08-07,2026-08-08T05:00:00+08:00,1.0,False,2.5571211342259703,1.2990169643422922,0.6184231308959065,3.625681439426032,8.023183380177645,2.011371206831165,3.027757320584281,5.108283211726536,1.0,0.9,1.0,10
2026-08-11,2026-08-10,2026-08-10,2026-08-11T05:00:00+08:00,1.0,False,-2.93708711042836,-0.3194371969259757,-0.0583975713961959,-1.712454627330806,-6.410617614806169,0.03851863471702517,3.4052664420608805,3.44037081192547,0.3,0.8,0.8,10
2026-08-12,2026-08-11,2026-08-11,2026-08-12T05:00:00+08:00,1.0,False,0.8721910371948915,-0.601044902254777,-0.3212861472107087,1.667086802964235,0.4526308083174779,0.024204533048347597,1.108045301070002,1.1320362084973057,0.4,0.6,0.6,10
2026-08-13,2026-08-12,2026-08-12,2026-08-13T05:00:00+08:00,1.0,False,2.4871753457327284,0.5408908521152389,0.2626718275208883,2.724693709582593,0.781011114079444,2.106035841075651,2.9011903209764833,5.060943586059136,0.8,0.7,1.0,10
2026-08-14,2026-08-13,2026-08-13,2026-08-14T05:00:00+08:00,1.0,False,0.456636684436007,0.8068869672887002,0.6516130138091158,-2.112340545699498,-0.6855455655172094,0.4466785342053403,-5.550464645246444,-5.123646908382504,0.8,0.0,0.0,10
2026-08-17,2026-08-14,2026-08-14,2026-08-15T05:00:00+08:00,1.0,False,-0.3127022745062602,-0.2755999697154121,-0.1696433557729748,1.3487078671445163,5.282118277377901,-0.25986856143971343,2.314842384223785,2.0690327753596627,0.3,0.6,0.5,10
2026-08-18,2026-08-17,2026-08-17,2026-08-18T05:00:00+08:00,1.0,False,1.642501226301829,-0.3151988296957397,-0.5227454770816764,0.8710301952703947,1.4253201676929228,0.288722342711657,-3.7446458441410555,-3.4703208782993675,0.6,0.1,0.1,10
2026-08-19,2026-08-18,2026-08-18,2026-08-19T05:00:00+08:00,1.0,False,-4.980112820398541,-1.3330846929753393,-0.6881843725615733,-4.749339427821009,-5.789773590149427,-2.929154045961353,4.190528679168201,1.109619390587131,0.0,1.0,0.6,10
2026-08-20,2026-08-19,2026-08-19,2026-08-20T05:00:00+08:00,1.0,False,-2.119911119283202,0.1573958205488557,0.2108778138942835,-3.5759209309590645,-4.653947061530561,1.6209715132673108,-3.36838177435493,-1.7904050949197192,1.0,0.0,0.3,10
2026-08-21,2026-08-20,2026-08-20,2026-08-21T05:00:00+08:00,1.0,False,0.526391628316536,-1.0023129442841672,-0.8668915122777232,-2.4418943612818045,-0.4067562901086674,-0.08561548847768163,-2.9950679429596962,-3.07095970820195,0.3,0.0,0.0,10
2026-08-24,2026-08-21,2026-08-21,2026-08-22T05:00:00+08:00,1.0,False,-0.5055026723009282,0.4346118737267535,0.4346193543703691,-0.6692544587434179,-0.6283397852270278,0.47832235322397,-0.37448321845925725,0.10308680811429882,0.7,0.2,0.5,10
2026-08-25,2026-08-24,2026-08-24,2026-08-25T05:00:00+08:00,1.0,False,-2.7017904218209376,-0.7649654635688119,-0.280286897527604,-3.072360608307745,-3.793865052348322,-0.35483159314060314,0.686023160131225,0.32320130366581096,0.1,0.6,0.5,10
2026-08-26,2026-08-25,2026-08-25,2026-08-26T05:00:00+08:00,1.0,False,1.4432956728742896,0.6586223261910051,0.3190953749482306,0.8063420389182951,2.891885989829168,-0.35424355012683045,3.317690780459027,2.9465166911055563,0.2,0.8,0.7,10
2026-08-27,2026-08-26,2026-08-26,2026-08-27T05:00:00+08:00,1.0,False,0.2002081045137327,-0.0806902978804369,-0.0205748635969227,0.979173994697624,-2.0760151596919907,1.0739156383418713,1.0067812260095077,2.1188817616887503,0.7,0.5,0.5,10
2026-08-28,2026-08-27,2026-08-27,2026-08-28T05:00:00+08:00,1.0,False,2.3333397813776635,1.573468258634536,0.720325672650235,2.157882825339174,3.522503353574935,3.0285286649142895,1.0221708779670338,4.106748824494715,1.0,0.5,0.9,10
2026-08-31,2026-08-28,2026-08-28,2026-08-29T05:00:00+08:00,1.0,False,-3.471670312217734,-0.5234462058060774,-0.2487452210778062,-2.927810631091654,-3.7177088142796855,-1.6400070869825654,-1.86686491255576,-3.469849540571597,0.0,0.1,0.0,10
2026-09-01,2026-08-31,2026-08-31,2026-09-01T05:00:00+08:00,1.0,False,0.5701097290303547,-0.1194182085138217,-0.3322150804080936,2.038280836108508,-0.425390414446658,0.5722539329415433,0.9937039826796912,1.5533058508325914,0.7,0.8,0.7,10
2026-09-02,2026-09-01,2026-09-01,2026-09-02T05:00:00+08:00,1.0,False,-2.136440304096942,-1.0281074598708195,-0.7112792754561781,-1.943575223630134,-2.6289855486184788,-1.5611989832528728,-2.0342426920435996,-3.563226801798308,0.1,0.0,0.0,10
2026-09-03,2026-09-02,2026-09-02,2026-09-03T05:00:00+08:00,1.0,False,0.448590631268364,0.4523432543480643,0.4603291610071336,-0.4267105044421182,3.307465914210028,1.0564017319687369,-3.567886020795408,-2.537333625894842,1.0,0.1,0.2,10
2026-09-04,2026-09-03,2026-09-03,2026-09-04T05:00:00+08:00,1.0,False,0.1135867258637013,1.396875590614055,1.057963924661287,1.8109002686002684,-0.5227089151055297,3.375675804388527,1.7429659399567488,5.191852209487936,1.0,0.8,0.8,10
2026-09-07,2026-09-04,2026-09-04,2026-09-05T05:00:00+08:00,1.0,False,3.374960353409717,-0.2899117400221973,-0.3757221608451599,0.9911686522946715,4.43349558683217,2.631362046206478,-0.3497356293582289,2.2850046028571933,1.0,0.3,0.6,10
2026-09-08,2026-09-07,2026-09-04,2026-09-05T05:00:00+08:00,0.0,True,3.374960353409717,-0.2899117400221973,-0.3757221608451599,0.9911686522946715,4.43349558683217,-0.6220930394073609,-2.7470887876318826,-3.3762743046607446,0.5,0.1,0.0,10
2026-09-09,2026-09-08,2026-09-08,2026-09-09T05:00:00+08:00,1.0,False,1.3004428927046563,-0.3228585266312755,-0.5840447432778451,-4.436670535385956,-1.037735411977092,0.5700985167865102,-0.5174094686375497,0.041747792768169714,0.7,0.3,0.4,10
2026-09-10,2026-09-09,2026-09-09,2026-09-10T05:00:00+08:00,1.0,False,0.3655002526455897,-0.636114088937989,-0.4842647983639425,-0.1406844000352958,0.6990822432745514,-0.26806272103430784,1.2293328796545788,0.9560264532040286,0.3,0.5,0.5,10
2026-09-11,2026-09-10,2026-09-10,2026-09-11T05:00:00+08:00,1.0,False,-2.658133235202253,-0.6537040302163954,-0.5848292742657635,-1.141173780895799,-0.9496651966175108,-2.3961454226157852,-1.6297709620357324,-3.9830232250635405,0.0,0.1,0.0,10
2026-09-14,2026-09-11,2026-09-11,2026-09-12T05:00:00+08:00,1.0,False,1.80667305142308,0.9635804410131898,0.8598836028398171,8.50791132462254,6.13613970203668,-1.7757074260611716,3.571606931415218,1.7379270710355588,0.1,0.9,0.5,10
2026-09-15,2026-09-14,2026-09-14,2026-09-15T05:00:00+08:00,1.0,False,-5.858590380264717,-0.5568248537587528,-0.4832192338804386,-5.897029025166978,-7.256850086873101,0.32888252917461563,-1.817566993727855,-1.5125677205128063,0.5,0.1,0.0,10
