date,code,news_score,n_kw
2024-06-21,2327,-0.008,6
2024-06-21,2492,0.1472,2
2024-06-21,3026,0.0,0
2024-06-24,2327,0.0,0
2024-06-24,2492,0.0,0
2024-06-24,3026,0.0,0
2024-06-24,2472,0.0,0
2024-06-24,3357,0.0,0
2024-06-24,5425,0.0,0
2024-06-24,2481,0.0,0
2024-06-24,3675,0.0,0
2024-06-24,8255,0.0,0
2024-06-24,8261,0.0,0
2024-06-25,2327,-0.1115,2
2024-06-25,2492,0.0,0
2024-06-25,3026,0.0,0
2024-06-25,2472,0.0,0
2024-06-25,3357,0.0,0
2024-06-25,5425,0.0,0
2024-06-25,2481,0.0,0
2024-06-25,3675,0.0,0
2024-06-25,8255,0.0,0
2024-06-25,8261,0.0,0
2024-06-26,2327,-0.0326,4
2024-06-26,2492,0.0,0
2024-06-26,3026,0.0,0
2024-06-26,2472,0.0,0
2024-06-26,3357,0.0,0
2024-06-26,5425,0.0,0
2024-06-26,2481,0.0,0
2024-06-26,3675,0.0,0
2024-06-26,8255,0.0,0
2024-06-26,8261,0.0,0
2024-06-27,2327,0.0,0
2024-06-27,2492,0.0,0
2024-06-27,3026,0.0,0
2024-06-27,2472,0.0,0
2024-06-27,3357,0.0,0
2024-06-27,5425,0.0,0
2024-06-27,2481,0.0,0
2024-06-27,3675,0.0,0
2024-06-27,8255,0.0,0
2024-06-27,8261,0.0,0
2024-06-28,2327,0.0,0
2024-06-28,2492,0.0,0
2024-06-28,3026,0.0,0
2024-06-28,2472,0.0342,2
2024-06-28,3357,0.0,0
2024-06-28,5425,0.0,0
2024-06-28,2481,0.0,0
2024-06-28,3675,0.3321,8
2024-06-28,8255,0.0,0
2024-06-28,8261,0.0,0
2024-07-01,2327,0.0,0
2024-07-01,2492,0.0,0
2024-07-01,3026,0.0,0
2024-07-01,2472,0.0,0
2024-07-01,3357,0.0,0
2024-07-01,5425,0.0,0
2024-07-01,2481,0.0,0
2024-07-01,3675,-0.103,7
2024-07-01,8255,0.0,0
2024-07-01,8261,0.0,0
2024-07-02,2327,0.0,0
2024-07-02,2492,0.0,0
2024-07-02,3026,0.0,0
2024-07-02,2472,0.0,0
2024-07-02,3357,0.0,0
2024-07-02,5425,0.0,0
2024-07-02,2481,0.0,0
2024-07-02,3675,-0.0394,2
2024-07-02,8255,0.0,0
2024-07-02,8261,0.1564,1
2024-07-03,2327,0.0,0
2024-07-03,2492,0.0,0
2024-07-03,3026,0.0,0
2024-07-03,2472,0.0,0
2024-07-03,3357,0.0,0
2024-07-03,5425,0.0,0
2024-07-03,2481,0.0,0
2024-07-03,3675,0.0,0
2024-07-03,8255,0.0,0
2024-07-03,8261,0.0,0
2024-07-04,2327,0.0613,4
2024-07-04,2492,0.0,0
2024-07-04,3026,0.0,0
2024-07-04,2472,0.0,0
2024-07-04,3357,0.0,0
2024-07-04,5425,0.0,0
2024-07-04,2481,0.0142,1
2024-07-04,3675,0.0,0
2024-07-04,8255,0.0,0
2024-07-04,8261,0.0,0
2024-07-05,2327,-0.0326,4
2024-07-05,2492,0.0,0
2024-07-05,3026,-0.1732,3
2024-07-05,2472,0.0,0
2024-07-05,3357,0.0,0
2024-07-05,5425,0.0,0
2024-07-05,2481,0.0,0
2024-07-05,3675,0.0,0
2024-07-05,8255,0.0,0
2024-07-05,8261,0.0,0
2024-07-08,2327,-0.2278,8
2024-07-08,2492,0.0,0
2024-07-08,3026,0.0,0
2024-07-08,2472,0.0,0
2024-07-08,3357,0.0,0
2024-07-08,5425,0.0,0
2024-07-08,2481,0.0,0
2024-07-08,3675,0.0,0
2024-07-08,8255,-0.0394,2
2024-07-08,8261,-0.1732,3
2024-07-09,2327,-0.02,2
2024-07-09,2492,-0.1732,3
2024-07-09,3026,0.0,0
2024-07-09,2472,-0.1732,3
2024-07-09,3357,0.0,0
2024-07-09,5425,0.0,0
2024-07-09,2481,0.0,0
2024-07-09,3675,0.0,0
2024-07-09,8255,-0.0648,3
2024-07-09,8261,0.0,0
2024-07-10,2327,0.0,0
2024-07-10,2492,-0.0756,2
2024-07-10,3026,0.0,0
2024-07-10,2472,0.0,0
2024-07-10,3357,0.0,0
2024-07-10,5425,-0.1732,3
2024-07-10,2481,0.0,0
2024-07-10,3675,0.0,0
2024-07-10,8255,0.0,0
2024-07-10,8261,0.0,0
2024-07-11,2327,0.0,0
2024-07-11,2492,0.0,0
2024-07-11,3026,0.0,0
2024-07-11,2472,0.0,0
2024-07-11,3357,0.0,0
2024-07-11,5425,0.0,0
2024-07-11,2481,0.0,0
2024-07-11,3675,0.0,0
2024-07-11,8255,0.0,0
2024-07-11,8261,0.0,0
2024-07-12,2327,0.0,0
2024-07-12,2492,0.0,0
2024-07-12,3026,0.0,0
2024-07-12,2472,0.0,0
2024-07-12,3357,0.0,0
2024-07-12,5425,0.0,0
2024-07-12,2481,0.0,0
2024-07-12,3675,0.0,0
2024-07-12,8255,0.0,0
2024-07-12,8261,0.0,0
2024-07-15,2327,-0.0425,1
2024-07-15,2492,-0.0425,1
2024-07-15,3026,0.0,0
2024-07-15,2472,0.0,0
2024-07-15,3357,0.0,0
2024-07-15,5425,0.0,0
2024-07-15,2481,0.1564,1
2024-07-15,3675,0.0,0
2024-07-15,8255,0.0,0
2024-07-15,8261,0.0,0
2024-07-16,2327,-0.0485,2
2024-07-16,2492,-0.0425,1
2024-07-16,3026,0.0,0
2024-07-16,2472,0.0,0
2024-07-16,3357,0.0,0
2024-07-16,5425,0.0,0
2024-07-16,2481,0.0,0
2024-07-16,3675,0.0,0
2024-07-16,8255,0.0,0
2024-07-16,8261,0.0,0
2024-07-17,2327,0.1354,1
2024-07-17,2492,-0.0425,1
2024-07-17,3026,0.0,0
2024-07-17,2472,0.0,0
2024-07-17,3357,0.0,0
2024-07-17,5425,0.0,0
2024-07-17,2481,0.0,0
2024-07-17,3675,0.0,0
2024-07-17,8255,0.0,0
2024-07-17,8261,0.0,0
2024-07-18,2327,0.0,0
2024-07-18,2492,0.0,0
2024-07-18,3026,0.0,0
2024-07-18,2472,0.1564,1
2024-07-18,3357,0.0,0
2024-07-18,5425,0.0,0
2024-07-18,2481,0.0,0
2024-07-18,3675,0.0,0
2024-07-18,8255,0.0,0
2024-07-18,8261,0.0,0
2024-07-19,2327,0.0,0
2024-07-19,2492,-0.0425,1
2024-07-19,3026,0.0,0
2024-07-19,2472,0.0,0
2024-07-19,3357,0.0,0
2024-07-19,5425,0.0,0
2024-07-19,2481,0.0,0
2024-07-19,3675,0.0,0
2024-07-19,8255,0.0,0
2024-07-19,8261,0.0,0
2024-07-22,2327,0.0,0
2024-07-22,2492,0.0,0
2024-07-22,3026,0.0,0
2024-07-22,2472,0.0,0
2024-07-22,3357,0.0,0
2024-07-22,5425,0.0,0
2024-07-22,2481,0.0081,2
2024-07-22,3675,0.0,0
2024-07-22,8255,0.0,0
2024-07-22,8261,0.0,0
2024-07-23,2327,0.1564,1
2024-07-23,2492,0.0,0
2024-07-23,3026,0.0,0
2024-07-23,2472,0.0,0
2024-07-23,3357,0.0,0
2024-07-23,5425,0.0,0
2024-07-23,2481,0.0,0
2024-07-23,3675,0.0,0
2024-07-23,8255,0.0,0
2024-07-23,8261,0.0,0
2024-07-26,2327,0.0851,6
2024-07-26,2492,0.0,0
2024-07-26,3026,0.0,0
2024-07-26,2472,0.0,0
2024-07-26,3357,0.0,0
2024-07-26,5425,0.0,0
2024-07-26,2481,0.0,0
2024-07-26,3675,-0.3325,6
2024-07-26,8255,0.0,1
2024-07-26,8261,0.0,0
2024-07-29,2327,-0.0669,1
2024-07-29,2492,0.0,0
2024-07-29,3026,0.0,0
2024-07-29,2472,0.0,0
2024-07-29,3357,0.0,0
2024-07-29,5425,0.0,0
2024-07-29,2481,0.0,0
2024-07-29,3675,-0.0507,3
2024-07-29,8255,0.0,0
2024-07-29,8261,0.0,0
2024-07-30,2327,0.1172,4
2024-07-30,2492,0.0,0
2024-07-30,3026,-0.0193,1
2024-07-30,2472,0.0,0
2024-07-30,3357,0.0,0
2024-07-30,5425,0.0,0
2024-07-30,2481,0.0,0
2024-07-30,3675,0.0,0
2024-07-30,8255,0.0,0
2024-07-30,8261,0.0,0
2024-07-31,2327,0.2781,12
2024-07-31,2492,0.0,0
2024-07-31,3026,0.0,0
2024-07-31,2472,0.0142,1
2024-07-31,3357,0.0,0
2024-07-31,5425,0.0,0
2024-07-31,2481,0.0,0
2024-07-31,3675,0.0,0
2024-07-31,8255,0.0,0
2024-07-31,8261,0.0,0
2024-08-01,2327,-0.0465,5
2024-08-01,2492,-0.0193,1
2024-08-01,3026,0.0,0
2024-08-01,2472,0.0,0
2024-08-01,3357,0.0,0
2024-08-01,5425,0.0,0
2024-08-01,2481,-0.0193,1
2024-08-01,3675,0.0,0
2024-08-01,8255,0.0,0
2024-08-01,8261,0.0,0
2024-08-02,2327,0.0,0
2024-08-02,2492,0.0,0
2024-08-02,3026,0.0,0
2024-08-02,2472,0.0,0
2024-08-02,3357,0.0,0
2024-08-02,5425,0.0,0
2024-08-02,2481,0.0,0
2024-08-02,3675,0.0,0
2024-08-02,8255,-0.0193,1
2024-08-02,8261,0.0,0
2024-08-05,2327,0.0,0
2024-08-05,2492,-0.389,1
2024-08-05,3026,0.0,0
2024-08-05,2472,0.0,0
2024-08-05,3357,0.0,0
2024-08-05,5425,0.0,0
2024-08-05,2481,-0.389,1
2024-08-05,3675,-0.506,6
2024-08-05,8255,-0.4507,2
2024-08-05,8261,0.0,0
2024-08-06,2327,0.0,0
2024-08-06,2492,0.0,0
2024-08-06,3026,0.0,0
2024-08-06,2472,0.0,0
2024-08-06,3357,0.0,0
2024-08-06,5425,0.0,0
2024-08-06,2481,0.0,0
2024-08-06,3675,-0.0225,4
2024-08-06,8255,0.0,0
2024-08-06,8261,0.0,0
2024-08-07,2327,0.0,0
2024-08-07,2492,0.0,0
2024-08-07,3026,-0.1925,4
2024-08-07,2472,0.0,0
2024-08-07,3357,0.0,0
2024-08-07,5425,0.0,0
2024-08-07,2481,0.0,0
2024-08-07,3675,0.0,0
2024-08-07,8255,0.0,0
2024-08-07,8261,0.0,0
2024-08-08,2327,0.0814,8
2024-08-08,2492,0.0,0
2024-08-08,3026,-0.0139,1
2024-08-08,2472,0.0,0
2024-08-08,3357,0.0,0
2024-08-08,5425,0.0,0
2024-08-08,2481,0.0,0
2024-08-08,3675,0.0,0
2024-08-08,8255,-0.0756,2
2024-08-08,8261,0.0,0
2024-08-09,2327,0.1189,4
2024-08-09,2492,-0.0816,3
2024-08-09,3026,0.0,0
2024-08-09,2472,-0.1925,4
2024-08-09,3357,0.0,0
2024-08-09,5425,0.0,0
2024-08-09,2481,0.0,0
2024-08-09,3675,0.0,0
2024-08-09,8255,0.0,0
2024-08-09,8261,0.0,0
2024-08-12,2327,0.0,0
2024-08-12,2492,0.0,0
2024-08-12,3026,0.0,0
2024-08-12,2472,0.0,0
2024-08-12,3357,0.0,0
2024-08-12,5425,0.0,0
2024-08-12,2481,-0.159,4
2024-08-12,3675,0.0,0
2024-08-12,8255,0.0,0
2024-08-12,8261,0.0,0
2024-08-13,2327,0.0,0
2024-08-13,2492,0.0,0
2024-08-13,3026,0.0,0
2024-08-13,2472,0.0,0
2024-08-13,3357,0.0,0
2024-08-13,5425,0.0,0
2024-08-13,2481,0.0,0
2024-08-13,3675,0.0,0
2024-08-13,8255,0.0,0
2024-08-13,8261,0.0,0
2024-08-14,2327,0.0,0
2024-08-14,2492,0.0,0
2024-08-14,3026,0.0,0
2024-08-14,2472,0.0,0
2024-08-14,3357,0.0,0
2024-08-14,5425,0.0,0
2024-08-14,2481,0.0,0
2024-08-14,3675,0.0,0
2024-08-14,8255,0.0,0
2024-08-14,8261,0.0,0
2024-08-15,2327,0.0061,2
2024-08-15,2492,0.0,0
2024-08-15,3026,0.0,0
2024-08-15,2472,0.0,0
2024-08-15,3357,0.0,0
2024-08-15,5425,0.0,0
2024-08-15,2481,0.0,0
2024-08-15,3675,0.0,0
2024-08-15,8255,0.0,0
2024-08-15,8261,0.0,0
2024-08-16,2327,0.0,0
2024-08-16,2492,0.0,0
2024-08-16,3026,0.0,0
2024-08-16,2472,0.0,0
2024-08-16,3357,0.0,0
2024-08-16,5425,0.0,0
2024-08-16,2481,-0.0163,2
2024-08-16,3675,0.0,0
2024-08-16,8255,0.0,0
2024-08-16,8261,0.0,0
2024-08-19,2327,0.0,0
2024-08-19,2492,0.0,0
2024-08-19,3026,0.0,0
2024-08-19,2472,0.0,0
2024-08-19,3357,0.0,0
2024-08-19,5425,0.0,0
2024-08-19,2481,0.0,0
2024-08-19,3675,0.0,0
2024-08-19,8255,0.0,0
2024-08-19,8261,0.0,0
2024-08-20,2327,-0.006,1
2024-08-20,2492,0.0,0
2024-08-20,3026,0.0,0
2024-08-20,2472,0.0,0
2024-08-20,3357,0.0,0
2024-08-20,5425,0.0,0
2024-08-20,2481,0.0,0
2024-08-20,3675,0.0,0
2024-08-20,8255,0.0,0
2024-08-20,8261,0.0,0
2024-08-21,2327,-0.006,1
2024-08-21,2492,0.0,0
2024-08-21,3026,0.0,0
2024-08-21,2472,0.0,0
2024-08-21,3357,0.0,0
2024-08-21,5425,0.0,0
2024-08-21,2481,0.0,0
2024-08-21,3675,0.0,0
2024-08-21,8255,0.0,0
2024-08-21,8261,0.0,0
2024-08-22,2327,-0.0633,1
2024-08-22,2492,0.0,0
2024-08-22,3026,0.0,0
2024-08-22,2472,0.0,0
2024-08-22,3357,0.0,0
2024-08-22,5425,0.0,0
2024-08-22,2481,0.0,0
2024-08-22,3675,0.0,0
2024-08-22,8255,0.0,0
2024-08-22,8261,0.0,0
2024-08-23,2327,0.0,0
2024-08-23,2492,0.0,0
2024-08-23,3026,0.0,0
2024-08-23,2472,0.0,0
2024-08-23,3357,0.0,0
2024-08-23,5425,0.0,0
2024-08-23,2481,0.0,0
2024-08-23,3675,0.0,0
2024-08-23,8255,0.0,0
2024-08-23,8261,0.0,0
2024-08-26,2327,0.0,0
2024-08-26,2492,0.0,0
2024-08-26,3026,0.0,0
2024-08-26,2472,0.0,0
2024-08-26,3357,0.0,0
2024-08-26,5425,0.0,0
2024-08-26,2481,0.0,0
2024-08-26,3675,0.0,0
2024-08-26,8255,0.0,0
2024-08-26,8261,0.0,0
2024-08-27,2327,0.0,0
2024-08-27,2492,0.0,0
2024-08-27,3026,0.0,0
2024-08-27,2472,0.0,0
2024-08-27,3357,0.0,0
2024-08-27,5425,0.0,0
2024-08-27,2481,0.0,0
2024-08-27,3675,0.0,0
2024-08-27,8255,0.0,0
2024-08-27,8261,0.0,0
2024-08-28,2327,0.0,0
2024-08-28,2492,0.0,0
2024-08-28,3026,0.0,0
2024-08-28,2472,0.0,0
2024-08-28,3357,0.0,0
2024-08-28,5425,0.0,0
2024-08-28,2481,0.0,0
2024-08-28,3675,0.0,0
2024-08-28,8255,0.0,0
2024-08-28,8261,0.0,0
2024-08-29,2327,0.0,0
2024-08-29,2492,0.0,0
2024-08-29,3026,0.0,0
2024-08-29,2472,0.0,0
2024-08-29,3357,0.0,0
2024-08-29,5425,0.0,0
2024-08-29,2481,0.0,0
2024-08-29,3675,0.0,0
2024-08-29,8255,0.0,0
2024-08-29,8261,0.0,0
2024-08-30,2327,0.0,0
2024-08-30,2492,0.0,0
2024-08-30,3026,0.0,0
2024-08-30,2472,0.0,0
2024-08-30,3357,0.0,0
2024-08-30,5425,0.0,0
2024-08-30,2481,0.0,0
2024-08-30,3675,0.0,0
2024-08-30,8255,0.0,0
2024-08-30,8261,0.0,0
2024-09-02,2327,0.0,0
2024-09-02,2492,0.0,0
2024-09-02,3026,0.0,0
2024-09-02,2472,0.0,0
2024-09-02,3357,0.0,0
2024-09-02,5425,0.0,0
2024-09-02,2481,0.0,0
2024-09-02,3675,0.0,0
2024-09-02,8255,0.0,0
2024-09-02,8261,0.0,0
2024-09-03,2327,0.0,0
2024-09-03,2492,0.0,0
2024-09-03,3026,0.0,0
2024-09-03,2472,0.0,0
2024-09-03,3357,0.0,0
2024-09-03,5425,0.0,0
2024-09-03,2481,0.0,0
2024-09-03,3675,0.0,0
2024-09-03,8255,0.0,0
2024-09-03,8261,0.0,0
2024-09-04,2327,0.0,0
2024-09-04,2492,0.0,0
2024-09-04,3026,0.0,0
2024-09-04,2472,0.0,0
2024-09-04,3357,0.0,0
2024-09-04,5425,0.0,0
2024-09-04,2481,0.0,0
2024-09-04,3675,-0.1532,4
2024-09-04,8255,0.0,0
2024-09-04,8261,0.0,0
2024-09-05,2327,0.0,0
2024-09-05,2492,0.0,0
2024-09-05,3026,0.0,0
2024-09-05,2472,0.0,0
2024-09-05,3357,0.0,0
2024-09-05,5425,0.0,0
2024-09-05,2481,0.1564,1
2024-09-05,3675,0.0,0
2024-09-05,8255,0.0,0
2024-09-05,8261,0.0,0
2024-09-06,2327,0.0,0
2024-09-06,2492,0.0915,1
2024-09-06,3026,-0.1732,3
2024-09-06,2472,0.0,0
2024-09-06,3357,0.0,0
2024-09-06,5425,0.0,0
2024-09-06,2481,0.0,0
2024-09-06,3675,0.0061,2
2024-09-06,8255,-0.1732,3
2024-09-06,8261,0.0,0
2024-09-09,2327,-0.153,5
2024-09-09,2492,0.0,0
2024-09-09,3026,0.0,0
2024-09-09,2472,-0.1732,3
2024-09-09,3357,0.0,0
2024-09-09,5425,-0.1732,3
2024-09-09,2481,0.0,0
2024-09-09,3675,0.0,0
2024-09-09,8255,0.0,0
2024-09-09,8261,0.0,0
2024-09-10,2327,-0.0809,2
2024-09-10,2492,-0.1732,3
2024-09-10,3026,0.0,0
2024-09-10,2472,0.0,0
2024-09-10,3357,0.0,0
2024-09-10,5425,0.0,0
2024-09-10,2481,-0.1732,3
2024-09-10,3675,0.0,0
2024-09-10,8255,0.0,0
2024-09-10,8261,0.0,0
2024-09-11,2327,0.0,0
2024-09-11,2492,0.1711,4
2024-09-11,3026,0.0,0
2024-09-11,2472,0.0,0
2024-09-11,3357,0.0,0
2024-09-11,5425,0.0,0
2024-09-11,2481,0.0,0
2024-09-11,3675,0.0,0
2024-09-11,8255,0.0,0
2024-09-11,8261,0.0,0
2024-09-12,2327,0.0998,5
2024-09-12,2492,0.1711,4
2024-09-12,3026,0.0,0
2024-09-12,2472,0.0,0
2024-09-12,3357,0.0,0
2024-09-12,5425,0.0,0
2024-09-12,2481,0.0,0
2024-09-12,3675,0.0,0
2024-09-12,8255,0.0,0
2024-09-12,8261,0.0,0
2024-09-13,2327,-0.02,2
2024-09-13,2492,0.0,0
2024-09-13,3026,0.0,0
2024-09-13,2472,0.0,0
2024-09-13,3357,0.0,0
2024-09-13,5425,0.0,0
2024-09-13,2481,0.0,0
2024-09-13,3675,0.0,0
2024-09-13,8255,0.0,0
2024-09-13,8261,0.0,0
2024-09-16,2327,0.0,0
2024-09-16,2492,0.0,0
2024-09-16,3026,0.0,0
2024-09-16,2472,0.0,0
2024-09-16,3357,0.0,0
2024-09-16,5425,0.0,0
2024-09-16,2481,0.0,0
2024-09-16,3675,0.0,0
2024-09-16,8255,0.0,0
2024-09-16,8261,0.0,0
2024-09-18,2327,0.0,0
2024-09-18,2492,0.0,0
2024-09-18,3026,0.0,0
2024-09-18,2472,0.0,0
2024-09-18,3357,0.0,0
2024-09-18,5425,0.0,0
2024-09-18,2481,0.0,0
2024-09-18,3675,0.0,0
2024-09-18,8255,0.1564,1
2024-09-18,8261,0.0,0
2024-09-19,2327,0.0,0
2024-09-19,2492,0.1564,1
2024-09-19,3026,0.0,0
2024-09-19,2472,0.0,0
2024-09-19,3357,0.0,0
2024-09-19,5425,0.0,0
2024-09-19,2481,0.0,0
2024-09-19,3675,0.0,0
2024-09-19,8255,0.0,0
2024-09-19,8261,0.0,0
2024-09-20,2327,0.0,0
2024-09-20,2492,0.0,0
2024-09-20,3026,0.0,0
2024-09-20,2472,0.0,0
2024-09-20,3357,0.0,0
2024-09-20,5425,0.0,0
2024-09-20,2481,0.0,0
2024-09-20,3675,0.0,0
2024-09-20,8255,0.0,0
2024-09-20,8261,0.0,0
2024-09-23,2327,0.0,0
2024-09-23,2492,0.0,0
2024-09-23,3026,0.0,0
2024-09-23,2472,0.0,0
2024-09-23,3357,0.0,0
2024-09-23,5425,0.0,0
2024-09-23,2481,0.0,0
2024-09-23,3675,0.0,0
2024-09-23,8255,-0.0139,1
2024-09-23,8261,0.0,0
2024-09-24,2327,0.0,0
2024-09-24,2492,0.0,0
2024-09-24,3026,0.0,0
2024-09-24,2472,0.0,0
2024-09-24,3357,0.0,0
2024-09-24,5425,0.0,0
2024-09-24,2481,0.0,0
2024-09-24,3675,0.0,0
2024-09-24,8255,0.0,0
2024-09-24,8261,0.0,0
2024-09-25,2327,0.1361,3
2024-09-25,2492,0.1392,5
2024-09-25,3026,0.0,0
2024-09-25,2472,0.0,0
2024-09-25,3357,0.0,0
2024-09-25,5425,0.0,0
2024-09-25,2481,0.0,0
2024-09-25,3675,0.0,0
2024-09-25,8255,0.0,0
2024-09-25,8261,0.0,0
2024-09-26,2327,0.0501,3
2024-09-26,2492,0.1117,3
2024-09-26,3026,0.0,0
2024-09-26,2472,0.0,0
2024-09-26,3357,0.0,0
2024-09-26,5425,0.0,0
2024-09-26,2481,0.0,0
2024-09-26,3675,0.0,0
2024-09-26,8255,0.0,0
2024-09-26,8261,0.0,0
2024-09-27,2327,0.1239,5
2024-09-27,2492,0.0,0
2024-09-27,3026,0.0,0
2024-09-27,2472,0.0,0
2024-09-27,3357,0.0,0
2024-09-27,5425,0.0,0
2024-09-27,2481,-0.0631,3
2024-09-27,3675,0.0,0
2024-09-27,8255,0.0,0
2024-09-27,8261,0.0,0
2024-09-30,2327,-0.006,1
2024-09-30,2492,0.0,0
2024-09-30,3026,0.0,0
2024-09-30,2472,0.0,0
2024-09-30,3357,0.0,0
2024-09-30,5425,-0.0556,3
2024-09-30,2481,0.0,0
2024-09-30,3675,0.0,0
2024-09-30,8255,0.0,0
2024-09-30,8261,0.0,0
2024-10-01,2327,0.0,0
2024-10-01,2492,0.0,0
2024-10-01,3026,0.0,0
2024-10-01,2472,0.0,0
2024-10-01,3357,0.0,0
2024-10-01,5425,0.0,0
2024-10-01,2481,0.0,0
2024-10-01,3675,0.0,0
2024-10-01,8255,0.0,0
2024-10-01,8261,0.0,0
2024-10-04,2327,0.0,0
2024-10-04,2492,0.0,0
2024-10-04,3026,0.0,0
2024-10-04,2472,0.0,0
2024-10-04,3357,0.0,0
2024-10-04,5425,0.0,0
2024-10-04,2481,0.0,0
2024-10-04,3675,-0.1532,4
2024-10-04,8255,0.0,0
2024-10-04,8261,0.0,0
2024-10-07,2327,-0.006,1
2024-10-07,2492,0.0,0
2024-10-07,3026,-0.1115,2
2024-10-07,2472,0.0,0
2024-10-07,3357,0.0,0
2024-10-07,5425,0.0,0
2024-10-07,2481,0.0,0
2024-10-07,3675,0.0,0
2024-10-07,8255,0.0,0
2024-10-07,8261,0.0,0
2024-10-08,2327,-0.153,5
2024-10-08,2492,0.0,0
2024-10-08,3026,0.0,0
2024-10-08,2472,0.0,0
2024-10-08,3357,0.0,0
2024-10-08,5425,-0.1732,3
2024-10-08,2481,0.0,0
2024-10-08,3675,0.0,0
2024-10-08,8255,-0.1732,3
2024-10-08,8261,0.0,0
2024-10-09,2327,-0.2199,6
2024-10-09,2492,-0.1732,3
2024-10-09,3026,0.0,0
2024-10-09,2472,-0.1732,3
2024-10-09,3357,0.0,0
2024-10-09,5425,0.0,0
2024-10-09,2481,-0.1732,3
2024-10-09,3675,0.0,0
2024-10-09,8255,0.0,0
2024-10-09,8261,0.0,0
2024-10-11,2327,0.0,0
2024-10-11,2492,0.0,0
2024-10-11,3026,0.0,0
2024-10-11,2472,0.0,0
2024-10-11,3357,0.0,0
2024-10-11,5425,0.0,0
2024-10-11,2481,0.0,0
2024-10-11,3675,0.0,0
2024-10-11,8255,0.0,0
2024-10-11,8261,0.0,0
2024-10-14,2327,0.0,0
2024-10-14,2492,0.0,0
2024-10-14,3026,0.0,0
2024-10-14,2472,0.0,0
2024-10-14,3357,0.0,0
2024-10-14,5425,0.0,0
2024-10-14,2481,0.0,0
2024-10-14,3675,0.0,0
2024-10-14,8255,0.0,0
2024-10-14,8261,0.0,0
2024-10-15,2327,0.0,0
2024-10-15,2492,0.0,0
2024-10-15,3026,0.0,0
2024-10-15,2472,0.0,0
2024-10-15,3357,0.0,0
2024-10-15,5425,0.0,0
2024-10-15,2481,0.0,0
2024-10-15,3675,0.0,0
2024-10-15,8255,0.0,0
2024-10-15,8261,0.0,0
2024-10-16,2327,0.0,0
2024-10-16,2492,0.0,0
2024-10-16,3026,0.0,0
2024-10-16,2472,0.0,0
2024-10-16,3357,0.0,0
2024-10-16,5425,0.0,0
2024-10-16,2481,0.0,0
2024-10-16,3675,0.02,1
2024-10-16,8255,0.0,0
2024-10-16,8261,0.0,0
2024-10-17,2327,0.0,0
2024-10-17,2492,0.0,0
2024-10-17,3026,0.0,0
2024-10-17,2472,0.0,0
2024-10-17,3357,0.0,0
2024-10-17,5425,0.0,0
2024-10-17,2481,0.0,0
2024-10-17,3675,0.0,0
2024-10-17,8255,0.0,0
2024-10-17,8261,0.0,0
2024-10-18,2327,0.0,0
2024-10-18,2492,0.0,0
2024-10-18,3026,0.0,0
2024-10-18,2472,0.0,0
2024-10-18,3357,0.0,0
2024-10-18,5425,0.0,0
2024-10-18,2481,0.0,0
2024-10-18,3675,-0.0184,1
2024-10-18,8255,0.0,0
2024-10-18,8261,0.0,0
2024-10-21,2327,0.2071,2
2024-10-21,2492,0.0,0
2024-10-21,3026,0.0,0
2024-10-21,2472,0.0,0
2024-10-21,3357,0.0,0
2024-10-21,5425,0.0,0
2024-10-21,2481,0.0,0
2024-10-21,3675,0.0,0
2024-10-21,8255,0.0,0
2024-10-21,8261,0.0,0
2024-10-22,2327,-0.2287,2
2024-10-22,2492,-0.0193,1
2024-10-22,3026,0.0,0
2024-10-22,2472,0.0,0
2024-10-22,3357,0.0,0
2024-10-22,5425,0.0,0
2024-10-22,2481,0.0,0
2024-10-22,3675,0.0,0
2024-10-22,8255,0.0,0
2024-10-22,8261,0.0,0
2024-10-23,2327,0.0,0
2024-10-23,2492,0.0,0
2024-10-23,3026,0.0,0
2024-10-23,2472,0.0,0
2024-10-23,3357,0.0,0
2024-10-23,5425,0.0,0
2024-10-23,2481,0.07,1
2024-10-23,3675,0.0,0
2024-10-23,8255,0.0,0
2024-10-23,8261,0.0,0
2024-10-24,2327,0.0,0
2024-10-24,2492,0.0,0
2024-10-24,3026,0.0,0
2024-10-24,2472,0.0,0
2024-10-24,3357,0.0,0
2024-10-24,5425,0.0,0
2024-10-24,2481,0.0,0
2024-10-24,3675,0.0,0
2024-10-24,8255,0.0,0
2024-10-24,8261,0.0,0
2024-10-25,2327,0.0,0
2024-10-25,2492,0.0,0
2024-10-25,3026,0.0,0
2024-10-25,2472,0.0,0
2024-10-25,3357,0.0,0
2024-10-25,5425,0.0,0
2024-10-25,2481,0.0,0
2024-10-25,3675,0.143,1
2024-10-25,8255,0.0,0
2024-10-25,8261,0.0,0
2024-10-28,2327,0.1504,2
2024-10-28,2492,0.0,0
2024-10-28,3026,0.0,0
2024-10-28,2472,0.0,0
2024-10-28,3357,0.0,0
2024-10-28,5425,0.0,0
2024-10-28,2481,0.0,0
2024-10-28,3675,-0.0053,3
2024-10-28,8255,0.0,0
2024-10-28,8261,0.0,0
2024-10-29,2327,-0.2948,9
2024-10-29,2492,0.0,0
2024-10-29,3026,-0.0193,1
2024-10-29,2472,0.0,0
2024-10-29,3357,0.0,0
2024-10-29,5425,0.0,0
2024-10-29,2481,0.0,0
2024-10-29,3675,0.0715,3
2024-10-29,8255,0.0,0
2024-10-29,8261,0.0,0
2024-10-30,2327,-0.469,7
2024-10-30,2492,0.0508,2
2024-10-30,3026,0.0,0
2024-10-30,2472,0.0,0
2024-10-30,3357,0.0,0
2024-10-30,5425,0.0,0
2024-10-30,2481,0.0,0
2024-10-30,3675,-0.006,1
2024-10-30,8255,0.0,0
2024-10-30,8261,0.0,0
2024-11-01,2327,-0.4083,3
2024-11-01,2492,0.0,0
2024-11-01,3026,0.0,0
2024-11-01,2472,0.0,0
2024-11-01,3357,0.0,0
2024-11-01,5425,0.0,0
2024-11-01,2481,0.0,0
2024-11-01,3675,0.0,0
2024-11-01,8255,0.0,0
2024-11-01,8261,0.0,0
2024-11-04,2327,0.0,0
2024-11-04,2492,0.0,0
2024-11-04,3026,0.0,0
2024-11-04,2472,-0.0193,1
2024-11-04,3357,0.0,0
2024-11-04,5425,0.0,0
2024-11-04,2481,0.0,0
2024-11-04,3675,0.0,0
2024-11-04,8255,0.0,0
2024-11-04,8261,0.0,0
2024-11-05,2327,0.0,0
2024-11-05,2492,0.0,0
2024-11-05,3026,0.0,0
2024-11-05,2472,0.0,0
2024-11-05,3357,0.0,0
2024-11-05,5425,0.0,0
2024-11-05,2481,0.0,0
2024-11-05,3675,0.0,0
2024-11-05,8255,0.0,0
2024-11-05,8261,0.0,0
2024-11-06,2327,-0.0669,1
2024-11-06,2492,0.0,0
2024-11-06,3026,-0.1925,4
2024-11-06,2472,0.0,0
2024-11-06,3357,0.0,0
2024-11-06,5425,0.0,0
2024-11-06,2481,0.0,0
2024-11-06,3675,-0.1732,3
2024-11-06,8255,0.0462,2
2024-11-06,8261,0.0,0
2024-11-07,2327,-0.2199,6
2024-11-07,2492,0.0,0
2024-11-07,3026,0.0,0
2024-11-07,2472,0.0,0
2024-11-07,3357,0.0,0
2024-11-07,5425,0.0,0
2024-11-07,2481,0.0,0
2024-11-07,3675,0.0,0
2024-11-07,8255,0.0,0
2024-11-07,8261,0.0,0
2024-11-08,2327,-0.0914,4
2024-11-08,2492,-0.0332,2
2024-11-08,3026,0.0,0
2024-11-08,2472,-0.1732,3
2024-11-08,3357,0.0,0
2024-11-08,5425,-0.0193,1
2024-11-08,2481,-0.0193,1
2024-11-08,3675,0.0,0
2024-11-08,8255,-0.1732,3
2024-11-08,8261,0.0,0
2024-11-11,2327,0.0,0
2024-11-11,2492,0.0,0
2024-11-11,3026,0.0,0
2024-11-11,2472,0.0,0
2024-11-11,3357,0.0,0
2024-11-11,5425,-0.1732,3
2024-11-11,2481,-0.1732,3
2024-11-11,3675,-0.0669,1
2024-11-11,8255,0.0,0
2024-11-11,8261,0.0,0
2024-11-12,2327,0.0,0
2024-11-12,2492,0.0,0
2024-11-12,3026,0.0,0
2024-11-12,2472,-0.0332,2
2024-11-12,3357,0.0,0
2024-11-12,5425,0.0,0
2024-11-12,2481,0.0,0
2024-11-12,3675,0.0,0
2024-11-12,8255,0.0,0
2024-11-12,8261,0.0,0
2024-11-13,2327,0.0,0
2024-11-13,2492,0.0,0
2024-11-13,3026,0.0,0
2024-11-13,2472,0.0,0
2024-11-13,3357,0.0,0
2024-11-13,5425,0.0,0
2024-11-13,2481,0.0,0
2024-11-13,3675,0.0,0
2024-11-13,8255,-0.0332,2
2024-11-13,8261,0.0,0
2024-11-14,2327,0.0,0
2024-11-14,2492,0.0,0
2024-11-14,3026,0.0,0
2024-11-14,2472,0.0,0
2024-11-14,3357,0.0,0
2024-11-14,5425,-0.0332,2
2024-11-14,2481,0.0,0
2024-11-14,3675,0.0,0
2024-11-14,8255,-0.0332,2
2024-11-14,8261,0.0,0
2024-11-15,2327,0.0,0
2024-11-15,2492,0.0,0
2024-11-15,3026,0.0,0
2024-11-15,2472,0.0,0
2024-11-15,3357,0.0,0
2024-11-15,5425,0.0,0
2024-11-15,2481,0.0,0
2024-11-15,3675,0.0,0
2024-11-15,8255,0.0,0
2024-11-15,8261,0.0,0
2024-11-18,2327,0.0,0
2024-11-18,2492,0.0,0
2024-11-18,3026,0.0,0
2024-11-18,2472,0.0,0
2024-11-18,3357,0.0,0
2024-11-18,5425,0.0,0
2024-11-18,2481,0.0,0
2024-11-18,3675,0.0,0
2024-11-18,8255,0.0,0
2024-11-18,8261,0.0,0
2024-11-19,2327,0.0,0
2024-11-19,2492,0.0,0
2024-11-19,3026,0.0,0
2024-11-19,2472,0.0,0
2024-11-19,3357,0.0,0
2024-11-19,5425,0.0,0
2024-11-19,2481,0.0,0
2024-11-19,3675,0.0,0
2024-11-19,8255,0.0,0
2024-11-19,8261,0.0,0
2024-11-20,2327,0.1195,4
2024-11-20,2492,0.0,0
2024-11-20,3026,0.0,0
2024-11-20,2472,0.0142,1
2024-11-20,3357,0.0,0
2024-11-20,5425,0.0,0
2024-11-20,2481,0.0,0
2024-11-20,3675,0.0,0
2024-11-20,8255,0.0,0
2024-11-20,8261,0.0,0
2024-11-21,2327,0.0,0
2024-11-21,2492,0.0,0
2024-11-21,3026,0.0,0
2024-11-21,2472,0.0142,1
2024-11-21,3357,0.0,0
2024-11-21,5425,0.0,0
2024-11-21,2481,0.0,0
2024-11-21,3675,0.0,0
2024-11-21,8255,0.0,0
2024-11-21,8261,0.0,0
2024-11-22,2327,0.0,0
2024-11-22,2492,0.0,0
2024-11-22,3026,0.0,0
2024-11-22,2472,0.0142,1
2024-11-22,3357,0.0,0
2024-11-22,5425,0.0,0
2024-11-22,2481,0.0,0
2024-11-22,3675,0.0,0
2024-11-22,8255,0.0,0
2024-11-22,8261,0.0,0
2024-11-25,2327,0.0,0
2024-11-25,2492,0.0,0
2024-11-25,3026,0.0,0
2024-11-25,2472,0.0,0
2024-11-25,3357,0.0,0
2024-11-25,5425,0.0,0
2024-11-25,2481,0.0,0
2024-11-25,3675,0.0,0
2024-11-25,8255,0.0,0
2024-11-25,8261,0.0,0
2024-11-26,2327,0.0,0
2024-11-26,2492,0.0,0
2024-11-26,3026,0.0,0
2024-11-26,2472,0.0,0
2024-11-26,3357,0.0,0
2024-11-26,5425,0.0,0
2024-11-26,2481,0.0,0
2024-11-26,3675,0.0,0
2024-11-26,8255,0.0,0
2024-11-26,8261,0.0,0
2024-11-27,2327,0.0,0
2024-11-27,2492,0.0,0
2024-11-27,3026,0.0,0
2024-11-27,2472,0.0,0
2024-11-27,3357,0.0,0
2024-11-27,5425,0.0,0
2024-11-27,2481,0.0,0
2024-11-27,3675,0.0,0
2024-11-27,8255,0.0,0
2024-11-27,8261,0.0,0
2024-11-28,2327,0.0,0
2024-11-28,2492,0.0,0
2024-11-28,3026,0.0,0
2024-11-28,2472,0.0,0
2024-11-28,3357,0.0,0
2024-11-28,5425,0.0,0
2024-11-28,2481,0.0,0
2024-11-28,3675,0.0,0
2024-11-28,8255,0.0,0
2024-11-28,8261,0.0,0
2024-11-29,2327,0.0,0
2024-11-29,2492,0.0,0
2024-11-29,3026,0.0,0
2024-11-29,2472,0.0,0
2024-11-29,3357,0.0,0
2024-11-29,5425,0.0,0
2024-11-29,2481,0.0,0
2024-11-29,3675,0.0,0
2024-11-29,8255,0.0,0
2024-11-29,8261,0.0,0
2024-12-02,2327,0.0,0
2024-12-02,2492,0.0,0
2024-12-02,3026,0.0,0
2024-12-02,2472,0.0,0
2024-12-02,3357,0.0,0
2024-12-02,5425,0.0,0
2024-12-02,2481,0.0,0
2024-12-02,3675,0.0,0
2024-12-02,8255,0.0,0
2024-12-02,8261,0.0,0
2024-12-03,2327,0.0081,2
2024-12-03,2492,0.0,0
2024-12-03,3026,0.0,0
2024-12-03,2472,0.0,0
2024-12-03,3357,0.0,0
2024-12-03,5425,0.0,0
2024-12-03,2481,0.0,0
2024-12-03,3675,0.0,0
2024-12-03,8255,0.0,0
2024-12-03,8261,0.0,0
2024-12-04,2327,0.0,0
2024-12-04,2492,0.0,0
2024-12-04,3026,0.0,0
2024-12-04,2472,0.02,1
2024-12-04,3357,0.0,0
2024-12-04,5425,0.0,0
2024-12-04,2481,0.0,0
2024-12-04,3675,0.0,0
2024-12-04,8255,0.0,0
2024-12-04,8261,0.0,0
2024-12-05,2327,0.0,0
2024-12-05,2492,0.0,0
2024-12-05,3026,0.0,0
2024-12-05,2472,0.1354,1
2024-12-05,3357,0.0,0
2024-12-05,5425,0.0,0
2024-12-05,2481,0.0,0
2024-12-05,3675,0.0,0
2024-12-05,8255,0.0,0
2024-12-05,8261,0.0,0
2024-12-06,2327,0.0,0
2024-12-06,2492,0.0,0
2024-12-06,3026,-0.1732,3
2024-12-06,2472,-0.1651,5
2024-12-06,3357,0.0,0
2024-12-06,5425,0.0,0
2024-12-06,2481,0.0,0
2024-12-06,3675,0.0,0
2024-12-06,8255,0.0,0
2024-12-06,8261,0.0,0
2024-12-09,2327,0.0,0
2024-12-09,2492,0.0,0
2024-12-09,3026,0.0,0
2024-12-09,2472,0.0,0
2024-12-09,3357,0.0,0
2024-12-09,5425,0.0,0
2024-12-09,2481,-0.1732,3
2024-12-09,3675,0.0,0
2024-12-09,8255,-0.1732,3
2024-12-09,8261,0.0,0
2024-12-10,2327,-0.1792,4
2024-12-10,2492,0.0,0
2024-12-10,3026,0.0,0
2024-12-10,2472,0.0,0
2024-12-10,3357,0.0,0
2024-12-10,5425,-0.1532,4
2024-12-10,2481,0.0,0
2024-12-10,3675,0.0,0
2024-12-10,8255,0.0,0
2024-12-10,8261,0.0,0
2024-12-11,2327,-0.0139,1
2024-12-11,2492,0.0,0
2024-12-11,3026,0.0,0
2024-12-11,2472,0.0,0
2024-12-11,3357,0.0,0
2024-12-11,5425,0.0,0
2024-12-11,2481,0.0,0
2024-12-11,3675,0.0,0
2024-12-11,8255,0.0,0
2024-12-11,8261,0.0,0
2024-12-12,2327,-0.1111,2
2024-12-12,2492,0.0,0
2024-12-12,3026,0.0,0
2024-12-12,2472,0.0,0
2024-12-12,3357,0.0,0
2024-12-12,5425,0.0,0
2024-12-12,2481,0.0,0
2024-12-12,3675,0.0,0
2024-12-12,8255,0.0,0
2024-12-12,8261,0.0,0
2024-12-13,2327,0.0,0
2024-12-13,2492,0.0,0
2024-12-13,3026,0.0,0
2024-12-13,2472,0.0,0
2024-12-13,3357,0.0,0
2024-12-13,5425,0.0,0
2024-12-13,2481,0.0,0
2024-12-13,3675,0.0,0
2024-12-13,8255,0.0,0
2024-12-13,8261,0.0,0
2024-12-16,2327,0.1354,1
2024-12-16,2492,0.0,0
2024-12-16,3026,0.0,0
2024-12-16,2472,0.0,0
2024-12-16,3357,0.0,0
2024-12-16,5425,0.0,0
2024-12-16,2481,0.0,0
2024-12-16,3675,0.0,0
2024-12-16,8255,0.0,0
2024-12-16,8261,0.0,0
2024-12-17,2327,0.0699,2
2024-12-17,2492,0.0,0
2024-12-17,3026,0.0,0
2024-12-17,2472,0.0,0
2024-12-17,3357,0.0,0
2024-12-17,5425,0.0,0
2024-12-17,2481,0.0,0
2024-12-17,3675,0.0,0
2024-12-17,8255,0.0,0
2024-12-17,8261,0.0,0
2024-12-18,2327,0.0699,2
2024-12-18,2492,0.0,0
2024-12-18,3026,0.0,0
2024-12-18,2472,0.0,0
2024-12-18,3357,0.0,0
2024-12-18,5425,0.0,0
2024-12-18,2481,0.0,0
2024-12-18,3675,0.0,0
2024-12-18,8255,0.0,0
2024-12-18,8261,0.0,0
2024-12-19,2327,0.0699,2
2024-12-19,2492,0.0,0
2024-12-19,3026,0.0,0
2024-12-19,2472,0.0142,1
2024-12-19,3357,0.0,0
2024-12-19,5425,0.0,0
2024-12-19,2481,0.0,0
2024-12-19,3675,0.0,0
2024-12-19,8255,0.0,0
2024-12-19,8261,0.0,0
2024-12-20,2327,0.0,0
2024-12-20,2492,0.0,0
2024-12-20,3026,0.0,0
2024-12-20,2472,0.0,0
2024-12-20,3357,0.0,0
2024-12-20,5425,0.0,0
2024-12-20,2481,0.0,0
2024-12-20,3675,0.0,0
2024-12-20,8255,0.0,0
2024-12-20,8261,0.0,0
2024-12-23,2327,0.0,0
2024-12-23,2492,0.0,0
2024-12-23,3026,0.0,0
2024-12-23,2472,0.0,0
2024-12-23,3357,0.0,0
2024-12-23,5425,0.0002,2
2024-12-23,2481,0.0,0
2024-12-23,3675,0.0,0
2024-12-23,8255,0.0,0
2024-12-23,8261,0.0,0
2024-12-24,2327,0.0,0
2024-12-24,2492,0.0,0
2024-12-24,3026,0.0,0
2024-12-24,2472,0.0,0
2024-12-24,3357,0.0,0
2024-12-24,5425,0.0,0
2024-12-24,2481,0.0,0
2024-12-24,3675,0.0,0
2024-12-24,8255,0.0,0
2024-12-24,8261,0.0,0
2024-12-25,2327,0.0,0
2024-12-25,2492,0.0,0
2024-12-25,3026,0.0,0
2024-12-25,2472,0.0,0
2024-12-25,3357,-0.0058,3
2024-12-25,5425,0.0,0
2024-12-25,2481,0.0,0
2024-12-25,3675,0.0,0
2024-12-25,8255,0.0,0
2024-12-25,8261,0.0,0
2024-12-26,2327,0.0,0
2024-12-26,2492,0.0,0
2024-12-26,3026,0.0,0
2024-12-26,2472,0.0,0
2024-12-26,3357,0.0,0
2024-12-26,5425,0.0,0
2024-12-26,2481,0.0,0
2024-12-26,3675,0.0,0
2024-12-26,8255,0.1433,4
2024-12-26,8261,0.0,0
2024-12-27,2327,0.0,0
2024-12-27,2492,0.0,0
2024-12-27,3026,0.0,0
2024-12-27,2472,0.0,0
2024-12-27,3357,0.0,0
2024-12-27,5425,0.0,0
2024-12-27,2481,0.0,0
2024-12-27,3675,0.0,0
2024-12-27,8255,0.1036,3
2024-12-27,8261,0.0,0
2024-12-30,2327,0.0,0
2024-12-30,2492,0.0,0
2024-12-30,3026,0.0,0
2024-12-30,2472,0.0,0
2024-12-30,3357,0.0,0
2024-12-30,5425,0.0,0
2024-12-30,2481,0.0,0
2024-12-30,3675,0.0,0
2024-12-30,8255,0.0,0
2024-12-30,8261,0.0,0
2024-12-31,2327,0.0,0
2024-12-31,2492,0.0,0
2024-12-31,3026,0.0,0
2024-12-31,2472,0.0,0
2024-12-31,3357,0.0,0
2024-12-31,5425,0.0,0
2024-12-31,2481,0.0,0
2024-12-31,3675,0.0,0
2024-12-31,8255,0.0,0
2024-12-31,8261,0.0,0
2025-01-02,2327,0.014,2
2025-01-02,2492,0.0,0
2025-01-02,3026,0.0,0
2025-01-02,2472,0.0,0
2025-01-02,3357,0.0,0
2025-01-02,5425,0.0,0
2025-01-02,2481,0.0,0
2025-01-02,3675,0.0,0
2025-01-02,8255,0.1862,3
2025-01-02,8261,0.0,0
2025-01-03,2327,0.1328,3
2025-01-03,2492,0.0,0
2025-01-03,3026,0.0,0
2025-01-03,2472,0.0,0
2025-01-03,3357,0.0,0
2025-01-03,5425,0.0,0
2025-01-03,2481,0.0,0
2025-01-03,3675,0.0,0
2025-01-03,8255,0.0,0
2025-01-03,8261,0.0,0
2025-01-06,2327,0.0,0
2025-01-06,2492,0.0,0
2025-01-06,3026,0.0,0
2025-01-06,2472,0.0,0
2025-01-06,3357,0.0,0
2025-01-06,5425,0.0,0
2025-01-06,2481,0.0,0
2025-01-06,3675,0.0,0
2025-01-06,8255,0.0,0
2025-01-06,8261,0.0,0
2025-01-07,2327,0.0,0
2025-01-07,2492,0.0,0
2025-01-07,3026,-0.1732,3
2025-01-07,2472,-0.1732,3
2025-01-07,3357,0.0,0
2025-01-07,5425,0.0,0
2025-01-07,2481,0.0,0
2025-01-07,3675,0.0,0
2025-01-07,8255,0.0,0
2025-01-07,8261,-0.1732,3
2025-01-08,2327,-0.2425,5
2025-01-08,2492,0.0,0
2025-01-08,3026,0.0,0
2025-01-08,2472,0.0,0
2025-01-08,3357,0.0,0
2025-01-08,5425,0.0,0
2025-01-08,2481,0.0,0
2025-01-08,3675,0.0,0
2025-01-08,8255,-0.1732,3
2025-01-08,8261,0.0,0
2025-01-09,2327,-0.1485,4
2025-01-09,2492,-0.1732,3
2025-01-09,3026,0.0,0
2025-01-09,2472,0.0,0
2025-01-09,3357,0.0,0
2025-01-09,5425,0.0,0
2025-01-09,2481,-0.1732,3
2025-01-09,3675,0.0,0
2025-01-09,8255,0.0,0
2025-01-09,8261,0.0,0
2025-01-10,2327,0.0,0
2025-01-10,2492,0.0,0
2025-01-10,3026,0.0,0
2025-01-10,2472,0.0,0
2025-01-10,3357,0.0,0
2025-01-10,5425,-0.0756,2
2025-01-10,2481,0.0,0
2025-01-10,3675,0.0,0
2025-01-10,8255,0.0,0
2025-01-10,8261,0.0,0
2025-01-13,2327,0.0915,1
2025-01-13,2492,0.0,0
2025-01-13,3026,0.0,0
2025-01-13,2472,0.0,0
2025-01-13,3357,0.0,0
2025-01-13,5425,0.0,0
2025-01-13,2481,0.0,0
2025-01-13,3675,0.0,0
2025-01-13,8255,0.0,0
2025-01-13,8261,0.0,0
2025-01-14,2327,-0.02,2
2025-01-14,2492,0.0,0
2025-01-14,3026,0.0,0
2025-01-14,2472,0.0,0
2025-01-14,3357,0.0,0
2025-01-14,5425,0.0142,1
2025-01-14,2481,0.0,0
2025-01-14,3675,0.0,0
2025-01-14,8255,0.0,0
2025-01-14,8261,0.0,0
2025-01-15,2327,0.0,0
2025-01-15,2492,0.0,0
2025-01-15,3026,0.0,0
2025-01-15,2472,0.0915,1
2025-01-15,3357,0.0,0
2025-01-15,5425,0.0,0
2025-01-15,2481,0.0,0
2025-01-15,3675,0.0,0
2025-01-15,8255,0.0,0
2025-01-15,8261,0.0,0
2025-01-16,2327,0.0,0
2025-01-16,2492,0.0,0
2025-01-16,3026,0.0,0
2025-01-16,2472,0.0,0
2025-01-16,3357,0.0,0
2025-01-16,5425,0.0,0
2025-01-16,2481,-0.0193,1
2025-01-16,3675,0.0202,2
2025-01-16,8255,0.0,0
2025-01-16,8261,0.0,0
2025-01-17,2327,0.0915,1
2025-01-17,2492,0.0,0
2025-01-17,3026,0.0,0
2025-01-17,2472,0.0808,5
2025-01-17,3357,0.0,0
2025-01-17,5425,0.0,0
2025-01-17,2481,0.0,0
2025-01-17,3675,0.0,0
2025-01-17,8255,0.0,0
2025-01-17,8261,0.0,0
2025-01-20,2327,0.0,0
2025-01-20,2492,0.0,0
2025-01-20,3026,0.0,0
2025-01-20,2472,0.1007,6
2025-01-20,3357,0.0,0
2025-01-20,5425,0.0,0
2025-01-20,2481,0.0,0
2025-01-20,3675,0.0,0
2025-01-20,8255,0.0,0
2025-01-20,8261,0.0,0
2025-01-21,2327,0.0336,1
2025-01-21,2492,0.0,0
2025-01-21,3026,0.0,0
2025-01-21,2472,0.1767,3
2025-01-21,3357,0.0,0
2025-01-21,5425,0.0,0
2025-01-21,2481,0.0,0
2025-01-21,3675,0.0,0
2025-01-21,8255,0.0,0
2025-01-21,8261,0.0,0
2025-01-22,2327,0.0,0
2025-01-22,2492,0.0,0
2025-01-22,3026,0.0,0
2025-01-22,2472,0.0915,1
2025-01-22,3357,0.0,0
2025-01-22,5425,0.0,0
2025-01-22,2481,0.0,0
2025-01-22,3675,0.0,0
2025-01-22,8255,0.0,0
2025-01-22,8261,0.0,0
2025-02-03,2327,0.0,0
2025-02-03,2492,0.0,0
2025-02-03,3026,0.0,0
2025-02-03,2472,-0.389,1
2025-02-03,3357,0.0,0
2025-02-03,5425,0.0,0
2025-02-03,2481,0.0,0
2025-02-03,3675,0.0,0
2025-02-03,8255,0.0,0
2025-02-03,8261,0.0,0
2025-02-04,2327,0.0605,5
2025-02-04,2492,0.0,0
2025-02-04,3026,0.0,0
2025-02-04,2472,0.0,0
2025-02-04,3357,0.0,0
2025-02-04,5425,0.0,0
2025-02-04,2481,0.0,0
2025-02-04,3675,0.0,0
2025-02-04,8255,0.0,0
2025-02-04,8261,-0.0139,1
2025-02-05,2327,0.3351,9
2025-02-05,2492,0.0,0
2025-02-05,3026,0.0,0
2025-02-05,2472,0.0,0
2025-02-05,3357,0.0,0
2025-02-05,5425,0.0,0
2025-02-05,2481,0.0,0
2025-02-05,3675,0.0,0
2025-02-05,8255,0.0,0
2025-02-05,8261,-0.1485,4
2025-02-06,2327,0.3225,12
2025-02-06,2492,0.0,0
2025-02-06,3026,0.0,0
2025-02-06,2472,0.0,0
2025-02-06,3357,0.0,0
2025-02-06,5425,0.0,0
2025-02-06,2481,0.0,0
2025-02-06,3675,0.0,0
2025-02-06,8255,0.0,0
2025-02-06,8261,-0.137,4
2025-02-07,2327,0.1487,6
2025-02-07,2492,0.0,0
2025-02-07,3026,-0.1115,2
2025-02-07,2472,-0.1732,3
2025-02-07,3357,0.0,0
2025-02-07,5425,0.0,0
2025-02-07,2481,0.0,0
2025-02-07,3675,0.0,0
2025-02-07,8255,0.0,0
2025-02-07,8261,0.0,0
2025-02-10,2327,0.0,0
2025-02-10,2492,0.0,0
2025-02-10,3026,0.0,0
2025-02-10,2472,0.0,0
2025-02-10,3357,0.0,0
2025-02-10,5425,-0.1732,3
2025-02-10,2481,0.0,0
2025-02-10,3675,0.0,0
2025-02-10,8255,0.0,0
2025-02-10,8261,0.0,0
2025-02-11,2327,0.0,0
2025-02-11,2492,0.0,0
2025-02-11,3026,0.0,0
2025-02-11,2472,0.0,0
2025-02-11,3357,0.0,0
2025-02-11,5425,0.0,0
2025-02-11,2481,-0.0756,2
2025-02-11,3675,0.0,0
2025-02-11,8255,0.0,0
2025-02-11,8261,0.0,0
2025-02-12,2327,0.0,0
2025-02-12,2492,0.0,0
2025-02-12,3026,0.0,0
2025-02-12,2472,0.0,0
2025-02-12,3357,0.0,0
2025-02-12,5425,0.0,0
2025-02-12,2481,0.0,0
2025-02-12,3675,0.0,0
2025-02-12,8255,0.0,0
2025-02-12,8261,0.0,0
2025-02-13,2327,0.0,0
2025-02-13,2492,0.0,0
2025-02-13,3026,0.0,0
2025-02-13,2472,0.0,0
2025-02-13,3357,0.0,0
2025-02-13,5425,0.0,0
2025-02-13,2481,0.0,0
2025-02-13,3675,0.0,0
2025-02-13,8255,0.0,0
2025-02-13,8261,0.0,0
2025-02-14,2327,0.0,0
2025-02-14,2492,0.0,0
2025-02-14,3026,0.0,0
2025-02-14,2472,0.0,0
2025-02-14,3357,0.0,0
2025-02-14,5425,0.0,0
2025-02-14,2481,0.0,0
2025-02-14,3675,0.0,0
2025-02-14,8255,0.0,0
2025-02-14,8261,0.0,0
2025-02-17,2327,0.0497,2
2025-02-17,2492,0.0,0
2025-02-17,3026,0.0,0
2025-02-17,2472,0.0,0
2025-02-17,3357,0.0,0
2025-02-17,5425,0.0,0
2025-02-17,2481,0.0,0
2025-02-17,3675,0.0,0
2025-02-17,8255,0.0,0
2025-02-17,8261,0.0,0
2025-02-18,2327,0.0,0
2025-02-18,2492,0.0,0
2025-02-18,3026,0.0,0
2025-02-18,2472,0.0,0
2025-02-18,3357,0.0,0
2025-02-18,5425,0.0142,1
2025-02-18,2481,0.0,0
2025-02-18,3675,0.0,0
2025-02-18,8255,0.0,0
2025-02-18,8261,0.0,0
2025-02-19,2327,0.0,0
2025-02-19,2492,0.0,0
2025-02-19,3026,0.0,0
2025-02-19,2472,0.0,0
2025-02-19,3357,0.0,0
2025-02-19,5425,0.0,0
2025-02-19,2481,0.0,0
2025-02-19,3675,0.0,0
2025-02-19,8255,-0.0139,1
2025-02-19,8261,0.1564,1
2025-02-20,2327,0.0,0
2025-02-20,2492,0.0,0
2025-02-20,3026,0.0,0
2025-02-20,2472,0.0,0
2025-02-20,3357,0.0,0
2025-02-20,5425,0.0,0
2025-02-20,2481,-0.0139,1
2025-02-20,3675,0.0,0
2025-02-20,8255,0.0,0
2025-02-20,8261,0.0,0
2025-02-21,2327,0.0,0
2025-02-21,2492,0.0,0
2025-02-21,3026,0.0,0
2025-02-21,2472,0.0,0
2025-02-21,3357,0.0,0
2025-02-21,5425,0.0,0
2025-02-21,2481,0.0142,1
2025-02-21,3675,0.0,0
2025-02-21,8255,0.0,0
2025-02-21,8261,0.0,0
2025-02-24,2327,0.0,0
2025-02-24,2492,0.0,0
2025-02-24,3026,0.0,0
2025-02-24,2472,0.0,0
2025-02-24,3357,0.0,0
2025-02-24,5425,0.0,0
2025-02-24,2481,0.0275,2
2025-02-24,3675,0.0,0
2025-02-24,8255,0.0,0
2025-02-24,8261,0.0,0
2025-02-25,2327,0.0,0
2025-02-25,2492,0.0,0
2025-02-25,3026,0.0,0
2025-02-25,2472,0.0,0
2025-02-25,3357,0.0,0
2025-02-25,5425,0.0,0
2025-02-25,2481,-0.006,1
2025-02-25,3675,0.0,0
2025-02-25,8255,0.0,0
2025-02-25,8261,-0.0193,1
2025-02-26,2327,0.0,0
2025-02-26,2492,0.0,0
2025-02-26,3026,0.0,0
2025-02-26,2472,0.0,0
2025-02-26,3357,0.0,0
2025-02-26,5425,0.0,0
2025-02-26,2481,0.0,0
2025-02-26,3675,0.0,0
2025-02-26,8255,0.0,0
2025-02-26,8261,0.0,0
2025-02-27,2327,0.1643,6
2025-02-27,2492,0.0,0
2025-02-27,3026,0.1371,2
2025-02-27,2472,0.0,0
2025-02-27,3357,0.0,0
2025-02-27,5425,0.0,0
2025-02-27,2481,0.0,0
2025-02-27,3675,0.0,0
2025-02-27,8255,0.0,0
2025-02-27,8261,0.1371,2
2025-03-03,2327,0.0185,3
2025-03-03,2492,0.0,0
2025-03-03,3026,-0.0133,1
2025-03-03,2472,0.0,0
2025-03-03,3357,0.0,0
2025-03-03,5425,0.0,0
2025-03-03,2481,0.0,0
2025-03-03,3675,0.0,0
2025-03-03,8255,0.0,0
2025-03-03,8261,0.0,0
2025-03-04,2327,0.0301,2
2025-03-04,2492,0.0,0
2025-03-04,3026,0.0,0
2025-03-04,2472,0.0,0
2025-03-04,3357,0.0,0
2025-03-04,5425,0.0,0
2025-03-04,2481,0.0,0
2025-03-04,3675,0.0,0
2025-03-04,8255,0.0,0
2025-03-04,8261,0.0,0
2025-03-05,2327,0.0,0
2025-03-05,2492,0.0,0
2025-03-05,3026,0.0,0
2025-03-05,2472,-0.0756,2
2025-03-05,3357,0.0,0
2025-03-05,5425,0.0,0
2025-03-05,2481,0.0,0
2025-03-05,3675,0.0,0
2025-03-05,8255,0.0,0
2025-03-05,8261,0.0,0
2025-03-06,2327,-0.006,1
2025-03-06,2492,0.0,0
2025-03-06,3026,0.0,0
2025-03-06,2472,-0.0756,2
2025-03-06,3357,0.0,0
2025-03-06,5425,0.0,0
2025-03-06,2481,0.0,0
2025-03-06,3675,0.0,0
2025-03-06,8255,0.0,0
2025-03-06,8261,-0.1732,3
2025-03-07,2327,0.0,0
2025-03-07,2492,0.0,0
2025-03-07,3026,-0.0756,2
2025-03-07,2472,0.0,0
2025-03-07,3357,-0.0756,2
2025-03-07,5425,0.0,0
2025-03-07,2481,0.0,0
2025-03-07,3675,0.0,0
2025-03-07,8255,-0.0139,1
2025-03-07,8261,0.0,0
2025-03-10,2327,-0.0756,2
2025-03-10,2492,0.0,0
2025-03-10,3026,0.0,0
2025-03-10,2472,0.0,0
2025-03-10,3357,0.0,0
2025-03-10,5425,-0.1732,3
2025-03-10,2481,-0.0756,2
2025-03-10,3675,0.0,0
2025-03-10,8255,0.0,0
2025-03-10,8261,0.0,0
2025-03-11,2327,-0.02,2
2025-03-11,2492,0.0,0
2025-03-11,3026,0.0,0
2025-03-11,2472,0.0,0
2025-03-11,3357,0.0,0
2025-03-11,5425,0.0,0
2025-03-11,2481,-0.0332,2
2025-03-11,3675,0.0,0
2025-03-11,8255,0.0,0
2025-03-11,8261,0.0,0
2025-03-12,2327,-0.006,1
2025-03-12,2492,0.0,0
2025-03-12,3026,0.0,0
2025-03-12,2472,0.0,0
2025-03-12,3357,0.0,0
2025-03-12,5425,0.0,0
2025-03-12,2481,0.0,0
2025-03-12,3675,0.0,0
2025-03-12,8255,0.0,0
2025-03-12,8261,0.0,0
2025-03-13,2327,0.0501,3
2025-03-13,2492,0.0,0
2025-03-13,3026,0.0,0
2025-03-13,2472,0.0,0
2025-03-13,3357,0.0,0
2025-03-13,5425,0.0,0
2025-03-13,2481,0.0,0
2025-03-13,3675,0.0,0
2025-03-13,8255,0.0,0
2025-03-13,8261,0.0,0
2025-03-14,2327,0.0,0
2025-03-14,2492,0.0,0
2025-03-14,3026,0.0,0
2025-03-14,2472,-0.0332,2
2025-03-14,3357,0.0,0
2025-03-14,5425,0.1564,1
2025-03-14,2481,0.0,0
2025-03-14,3675,0.0,0
2025-03-14,8255,0.0,0
2025-03-14,8261,0.0,0
2025-03-17,2327,0.0,0
2025-03-17,2492,0.0,0
2025-03-17,3026,0.0,0
2025-03-17,2472,0.0,0
2025-03-17,3357,0.0,0
2025-03-17,5425,0.0,0
2025-03-17,2481,0.0,0
2025-03-17,3675,0.0,0
2025-03-17,8255,0.0,0
2025-03-17,8261,0.0,0
2025-03-18,2327,0.0,0
2025-03-18,2492,0.0,0
2025-03-18,3026,0.0,0
2025-03-18,2472,0.0,0
2025-03-18,3357,0.0,0
2025-03-18,5425,0.0,0
2025-03-18,2481,0.0061,2
2025-03-18,3675,0.0,0
2025-03-18,8255,-0.0332,2
2025-03-18,8261,0.0,0
2025-03-19,2327,0.0,0
2025-03-19,2492,0.0,0
2025-03-19,3026,0.0,0
2025-03-19,2472,0.0,0
2025-03-19,3357,0.0,0
2025-03-19,5425,0.0,0
2025-03-19,2481,0.0142,1
2025-03-19,3675,0.0,0
2025-03-19,8255,0.0,0
2025-03-19,8261,0.0,0
2025-03-20,2327,0.0,0
2025-03-20,2492,0.0,0
2025-03-20,3026,0.0,0
2025-03-20,2472,0.0,0
2025-03-20,3357,0.0,0
2025-03-20,5425,0.0,0
2025-03-20,2481,0.0,0
2025-03-20,3675,0.0,0
2025-03-20,8255,0.0,0
2025-03-20,8261,0.0,0
2025-03-21,2327,0.0,0
2025-03-21,2492,0.0,0
2025-03-21,3026,0.0,0
2025-03-21,2472,0.0,0
2025-03-21,3357,0.0,0
2025-03-21,5425,0.0,0
2025-03-21,2481,0.0,0
2025-03-21,3675,0.0,0
2025-03-21,8255,0.0,0
2025-03-21,8261,0.0,0
2025-03-24,2327,0.0,0
2025-03-24,2492,0.0,0
2025-03-24,3026,0.0,0
2025-03-24,2472,0.1056,2
2025-03-24,3357,0.0,0
2025-03-24,5425,0.0,0
2025-03-24,2481,0.0,0
2025-03-24,3675,0.0,0
2025-03-24,8255,0.0,0
2025-03-24,8261,0.0536,3
2025-03-25,2327,0.0,0
2025-03-25,2492,0.0,0
2025-03-25,3026,0.0,0
2025-03-25,2472,0.0,0
2025-03-25,3357,0.0,0
2025-03-25,5425,0.0,0
2025-03-25,2481,0.0,0
2025-03-25,3675,0.0,0
2025-03-25,8255,0.0,0
2025-03-25,8261,0.0,0
2025-03-26,2327,0.0,0
2025-03-26,2492,0.0,0
2025-03-26,3026,0.0,0
2025-03-26,2472,0.0002,2
2025-03-26,3357,0.0,0
2025-03-26,5425,-0.0332,2
2025-03-26,2481,0.022,3
2025-03-26,3675,0.0,0
2025-03-26,8255,0.0,0
2025-03-26,8261,0.02,1
2025-03-27,2327,0.0,0
2025-03-27,2492,0.0,0
2025-03-27,3026,0.0,0
2025-03-27,2472,0.0,0
2025-03-27,3357,0.0,0
2025-03-27,5425,0.0,0
2025-03-27,2481,0.0,0
2025-03-27,3675,0.0,0
2025-03-27,8255,0.0,0
2025-03-27,8261,0.0,0
2025-03-28,2327,0.0,0
2025-03-28,2492,0.0,0
2025-03-28,3026,0.0,0
2025-03-28,2472,0.0,0
2025-03-28,3357,0.0,0
2025-03-28,5425,0.0,0
2025-03-28,2481,0.0,0
2025-03-28,3675,0.0,0
2025-03-28,8255,0.0,0
2025-03-28,8261,0.0,0
2025-03-31,2327,0.0,0
2025-03-31,2492,0.0,0
2025-03-31,3026,0.0,0
2025-03-31,2472,0.0,0
2025-03-31,3357,0.0,0
2025-03-31,5425,0.0,0
2025-03-31,2481,0.0,0
2025-03-31,3675,0.0,0
2025-03-31,8255,0.0,1
2025-03-31,8261,0.0,0
2025-04-01,2327,0.0,0
2025-04-01,2492,0.0,0
2025-04-01,3026,0.0,0
2025-04-01,2472,0.0,0
2025-04-01,3357,0.0,0
2025-04-01,5425,0.0,0
2025-04-01,2481,0.0,0
2025-04-01,3675,0.0,0
2025-04-01,8255,0.0,0
2025-04-01,8261,0.0,0
2025-04-02,2327,0.0512,9
2025-04-02,2492,0.0,0
2025-04-02,3026,0.0,0
2025-04-02,2472,0.0,0
2025-04-02,3357,0.0,0
2025-04-02,5425,0.0,0
2025-04-02,2481,0.0,0
2025-04-02,3675,0.0,0
2025-04-02,8255,0.0,0
2025-04-02,8261,0.0,0
2025-04-07,2327,-0.0669,1
2025-04-07,2492,0.0,0
2025-04-07,3026,-0.0756,2
2025-04-07,2472,0.0,0
2025-04-07,3357,0.0,0
2025-04-07,5425,-0.389,1
2025-04-07,2481,0.0,0
2025-04-07,3675,0.0,0
2025-04-07,8255,0.0,0
2025-04-07,8261,0.0,0
2025-04-08,2327,-0.0552,10
2025-04-08,2492,0.0,0
2025-04-08,3026,-0.0756,2
2025-04-08,2472,-0.0756,2
2025-04-08,3357,0.0,0
2025-04-08,5425,0.0,0
2025-04-08,2481,0.0,0
2025-04-08,3675,0.0,0
2025-04-08,8255,-0.0756,2
2025-04-08,8261,-0.1732,3
2025-04-09,2327,-0.0326,4
2025-04-09,2492,0.0,0
2025-04-09,3026,0.0,0
2025-04-09,2472,0.0,0
2025-04-09,3357,0.0,0
2025-04-09,5425,-0.4646,3
2025-04-09,2481,0.0,0
2025-04-09,3675,0.0,0
2025-04-09,8255,-0.0756,2
2025-04-09,8261,0.0,0
2025-04-10,2327,0.0655,8
2025-04-10,2492,0.0,0
2025-04-10,3026,0.0,0
2025-04-10,2472,0.0,0
2025-04-10,3357,0.0,0
2025-04-10,5425,-0.1532,4
2025-04-10,2481,-0.1115,2
2025-04-10,3675,-0.1115,2
2025-04-10,8255,0.0,0
2025-04-10,8261,0.0,0
2025-04-11,2327,0.1121,5
2025-04-11,2492,0.0,0
2025-04-11,3026,0.0,0
2025-04-11,2472,0.0,0
2025-04-11,3357,0.0,0
2025-04-11,5425,0.0,0
2025-04-11,2481,0.0,0
2025-04-11,3675,0.0,0
2025-04-11,8255,0.0,0
2025-04-11,8261,0.0,0
2025-04-14,2327,0.0558,1
2025-04-14,2492,0.0,0
2025-04-14,3026,0.0,0
2025-04-14,2472,0.0,0
2025-04-14,3357,0.0,0
2025-04-14,5425,0.0,0
2025-04-14,2481,0.0,0
2025-04-14,3675,0.0,0
2025-04-14,8255,0.0,0
2025-04-14,8261,0.0,0
2025-04-15,2327,0.0558,1
2025-04-15,2492,0.0,0
2025-04-15,3026,0.0,0
2025-04-15,2472,0.0,0
2025-04-15,3357,0.0,0
2025-04-15,5425,0.0,0
2025-04-15,2481,0.0,0
2025-04-15,3675,0.0,0
2025-04-15,8255,0.0,0
2025-04-15,8261,0.0,0
2025-04-16,2327,0.0,0
2025-04-16,2492,0.0,0
2025-04-16,3026,0.0,0
2025-04-16,2472,0.0,0
2025-04-16,3357,0.0,0
2025-04-16,5425,0.0,0
2025-04-16,2481,0.0,0
2025-04-16,3675,0.0,0
2025-04-16,8255,0.0,0
2025-04-16,8261,0.0,0
2025-04-17,2327,0.1991,6
2025-04-17,2492,0.0,0
2025-04-17,3026,0.0,0
2025-04-17,2472,0.0,0
2025-04-17,3357,0.0,0
2025-04-17,5425,0.0,0
2025-04-17,2481,0.0,0
2025-04-17,3675,0.0,0
2025-04-17,8255,0.0,0
2025-04-17,8261,-0.0332,2
2025-04-18,2327,0.009,4
2025-04-18,2492,0.0,0
2025-04-18,3026,0.0,0
2025-04-18,2472,0.0,0
2025-04-18,3357,0.0,0
2025-04-18,5425,0.0,0
2025-04-18,2481,0.0,0
2025-04-18,3675,0.0,0
2025-04-18,8255,0.0404,2
2025-04-18,8261,-0.0469,2
2025-04-21,2327,0.01,3
2025-04-21,2492,0.0,0
2025-04-21,3026,0.0,0
2025-04-21,2472,0.0,0
2025-04-21,3357,0.0,0
2025-04-21,5425,0.0,0
2025-04-21,2481,0.0,0
2025-04-21,3675,0.0,0
2025-04-21,8255,0.0,0
2025-04-21,8261,0.0,0
2025-04-22,2327,0.0,0
2025-04-22,2492,0.0,0
2025-04-22,3026,0.0,0
2025-04-22,2472,0.0,0
2025-04-22,3357,0.0,0
2025-04-22,5425,0.0,0
2025-04-22,2481,0.0,0
2025-04-22,3675,0.0,0
2025-04-22,8255,0.0,0
2025-04-22,8261,0.0,0
2025-04-23,2327,0.068,3
2025-04-23,2492,0.0,0
2025-04-23,3026,0.0,0
2025-04-23,2472,0.0,0
2025-04-23,3357,0.0,0
2025-04-23,5425,0.0,0
2025-04-23,2481,0.0,0
2025-04-23,3675,0.0,0
2025-04-23,8255,-0.0254,1
2025-04-23,8261,0.0,0
2025-04-24,2327,0.0,0
2025-04-24,2492,0.0,0
2025-04-24,3026,0.0,0
2025-04-24,2472,0.0,0
2025-04-24,3357,0.0,0
2025-04-24,5425,0.0,0
2025-04-24,2481,0.0,0
2025-04-24,3675,0.0,0
2025-04-24,8255,0.0,0
2025-04-24,8261,-0.0332,2
2025-04-25,2327,0.0,0
2025-04-25,2492,0.0,0
2025-04-25,3026,0.0,0
2025-04-25,2472,0.0,0
2025-04-25,3357,0.0,0
2025-04-25,5425,0.0,0
2025-04-25,2481,0.0,0
2025-04-25,3675,0.0,0
2025-04-25,8255,0.0,0
2025-04-25,8261,0.0,0
2025-04-28,2327,0.0362,1
2025-04-28,2492,0.0,0
2025-04-28,3026,0.0577,2
2025-04-28,2472,0.0,0
2025-04-28,3357,0.0,0
2025-04-28,5425,0.0,0
2025-04-28,2481,0.0,0
2025-04-28,3675,0.0,0
2025-04-28,8255,0.0,0
2025-04-28,8261,0.0,0
2025-04-29,2327,0.0558,1
2025-04-29,2492,0.0,0
2025-04-29,3026,0.0,0
2025-04-29,2472,0.0,0
2025-04-29,3357,0.0,0
2025-04-29,5425,0.0,0
2025-04-29,2481,0.0,0
2025-04-29,3675,0.0,0
2025-04-29,8255,0.0,0
2025-04-29,8261,0.0,0
2025-04-30,2327,0.0,0
2025-04-30,2492,0.0,0
2025-04-30,3026,0.0,0
2025-04-30,2472,0.0,0
2025-04-30,3357,-0.0193,1
2025-04-30,5425,0.0,0
2025-04-30,2481,0.0,0
2025-04-30,3675,0.0,0
2025-04-30,8255,0.0,0
2025-04-30,8261,0.0,0
2025-05-02,2327,0.0558,1
2025-05-02,2492,0.0,0
2025-05-02,3026,0.0,0
2025-05-02,2472,0.0,0
2025-05-02,3357,0.0,0
2025-05-02,5425,0.0,0
2025-05-02,2481,0.0,0
2025-05-02,3675,0.0,0
2025-05-02,8255,0.0,0
2025-05-02,8261,0.0,0
2025-05-05,2327,0.0,0
2025-05-05,2492,0.0,0
2025-05-05,3026,0.0,0
2025-05-05,2472,0.0,0
2025-05-05,3357,0.0,0
2025-05-05,5425,0.0,0
2025-05-05,2481,0.0,0
2025-05-05,3675,0.0,0
2025-05-05,8255,0.0,0
2025-05-05,8261,0.0,0
2025-05-06,2327,0.0919,2
2025-05-06,2492,0.0,0
2025-05-06,3026,0.0,0
2025-05-06,2472,-0.0756,2
2025-05-06,3357,-0.0756,2
2025-05-06,5425,0.0,0
2025-05-06,2481,0.0,0
2025-05-06,3675,0.0,0
2025-05-06,8255,0.0,0
2025-05-06,8261,-0.1732,3
2025-05-07,2327,0.0619,3
2025-05-07,2492,0.0,0
2025-05-07,3026,-0.0139,1
2025-05-07,2472,0.0,0
2025-05-07,3357,-0.0756,2
2025-05-07,5425,0.0,0
2025-05-07,2481,0.0,0
2025-05-07,3675,0.0,0
2025-05-07,8255,0.0,0
2025-05-07,8261,0.0,0
2025-05-08,2327,0.0205,6
2025-05-08,2492,0.0,0
2025-05-08,3026,-0.0332,2
2025-05-08,2472,-0.1732,3
2025-05-08,3357,-0.0756,2
2025-05-08,5425,0.0,0
2025-05-08,2481,0.0,0
2025-05-08,3675,0.0,0
2025-05-08,8255,0.0,0
2025-05-08,8261,0.0,0
2025-05-09,2327,0.0619,3
2025-05-09,2492,0.0,0
2025-05-09,3026,0.0,0
2025-05-09,2472,-0.0756,2
2025-05-09,3357,0.0,0
2025-05-09,5425,0.0,0
2025-05-09,2481,0.0,0
2025-05-09,3675,0.0,0
2025-05-09,8255,-0.0756,2
2025-05-09,8261,0.0,0
2025-05-12,2327,0.2481,2
2025-05-12,2492,0.0,0
2025-05-12,3026,0.0,0
2025-05-12,2472,0.0,0
2025-05-12,3357,-0.0332,2
2025-05-12,5425,-0.1532,4
2025-05-12,2481,0.0,0
2025-05-12,3675,0.0,0
2025-05-12,8255,0.0,0
2025-05-12,8261,0.0,0
2025-05-13,2327,0.2481,2
2025-05-13,2492,0.0,0
2025-05-13,3026,0.0,0
2025-05-13,2472,-0.0193,1
2025-05-13,3357,0.0,0
2025-05-13,5425,0.0,0
2025-05-13,2481,0.0,0
2025-05-13,3675,0.0362,1
2025-05-13,8255,0.0,0
2025-05-13,8261,0.0,0
2025-05-14,2327,0.0,0
2025-05-14,2492,0.0,0
2025-05-14,3026,0.0,0
2025-05-14,2472,0.0,0
2025-05-14,3357,0.0,0
2025-05-14,5425,0.0,0
2025-05-14,2481,0.0,0
2025-05-14,3675,0.0,0
2025-05-14,8255,-0.0332,2
2025-05-14,8261,0.0,0
2025-05-15,2327,-0.0332,2
2025-05-15,2492,0.0,0
2025-05-15,3026,0.0,0
2025-05-15,2472,0.0,0
2025-05-15,3357,0.0,0
2025-05-15,5425,0.0,0
2025-05-15,2481,0.0,0
2025-05-15,3675,0.0,0
2025-05-15,8255,0.0,0
2025-05-15,8261,0.0,0
2025-05-16,2327,0.0,0
2025-05-16,2492,0.0,0
2025-05-16,3026,0.0,0
2025-05-16,2472,-0.0332,2
2025-05-16,3357,0.0,0
2025-05-16,5425,0.0,0
2025-05-16,2481,0.0,0
2025-05-16,3675,0.0,0
2025-05-16,8255,0.0,0
2025-05-16,8261,0.0,0
2025-05-19,2327,0.0,0
2025-05-19,2492,0.0,0
2025-05-19,3026,0.0,0
2025-05-19,2472,0.0,0
2025-05-19,3357,0.0,0
2025-05-19,5425,0.0,0
2025-05-19,2481,0.0,0
2025-05-19,3675,0.0,0
2025-05-19,8255,0.0,0
2025-05-19,8261,0.0,0
2025-05-20,2327,0.0,0
2025-05-20,2492,0.0,0
2025-05-20,3026,0.0,0
2025-05-20,2472,0.0,0
2025-05-20,3357,0.0,0
2025-05-20,5425,0.0,0
2025-05-20,2481,0.0,0
2025-05-20,3675,0.0,0
2025-05-20,8255,0.0,0
2025-05-20,8261,0.0,0
2025-05-21,2327,0.0,0
2025-05-21,2492,0.0,0
2025-05-21,3026,0.0,0
2025-05-21,2472,0.0,0
2025-05-21,3357,0.0,0
2025-05-21,5425,0.0,0
2025-05-21,2481,-0.0669,1
2025-05-21,3675,0.0,0
2025-05-21,8255,0.0,0
2025-05-21,8261,0.0,0
2025-05-22,2327,0.0,0
2025-05-22,2492,0.0,0
2025-05-22,3026,0.0,0
2025-05-22,2472,0.0,0
2025-05-22,3357,0.0,0
2025-05-22,5425,0.0,0
2025-05-22,2481,0.0,0
2025-05-22,3675,0.0,0
2025-05-22,8255,0.0,0
2025-05-22,8261,0.0,0
2025-05-23,2327,0.0,0
2025-05-23,2492,0.0,0
2025-05-23,3026,0.0,0
2025-05-23,2472,0.0,0
2025-05-23,3357,0.0,0
2025-05-23,5425,0.0,0
2025-05-23,2481,0.0,0
2025-05-23,3675,0.0,0
2025-05-23,8255,0.0,0
2025-05-23,8261,0.0,0
2025-05-26,2327,0.0362,1
2025-05-26,2492,0.0,0
2025-05-26,3026,0.0,0
2025-05-26,2472,0.0,0
2025-05-26,3357,0.0,0
2025-05-26,5425,0.0,0
2025-05-26,2481,0.0,0
2025-05-26,3675,0.0,0
2025-05-26,8255,0.0,0
2025-05-26,8261,0.0,0
2025-05-27,2327,0.4651,8
2025-05-27,2492,0.0,0
2025-05-27,3026,0.0,0
2025-05-27,2472,0.0,0
2025-05-27,3357,0.0,0
2025-05-27,5425,0.0,0
2025-05-27,2481,-0.006,1
2025-05-27,3675,0.0,0
2025-05-27,8255,0.0,0
2025-05-27,8261,0.0,0
2025-05-28,2327,0.0,0
2025-05-28,2492,0.0,0
2025-05-28,3026,0.0,0
2025-05-28,2472,0.0,0
2025-05-28,3357,0.0,0
2025-05-28,5425,0.0,0
2025-05-28,2481,-0.0669,1
2025-05-28,3675,0.0,0
2025-05-28,8255,0.0,0
2025-05-28,8261,0.0,0
2025-05-29,2327,0.0,0
2025-05-29,2492,0.0,0
2025-05-29,3026,0.0,0
2025-05-29,2472,0.0,0
2025-05-29,3357,0.0,0
2025-05-29,5425,0.0,0
2025-05-29,2481,0.0,0
2025-05-29,3675,0.0,0
2025-05-29,8255,0.0,0
2025-05-29,8261,0.0,0
2025-06-02,2327,0.0,0
2025-06-02,2492,0.0,0
2025-06-02,3026,0.0,0
2025-06-02,2472,0.0,0
2025-06-02,3357,0.0,0
2025-06-02,5425,0.0,0
2025-06-02,2481,0.0,0
2025-06-02,3675,0.0,0
2025-06-02,8255,0.0,0
2025-06-02,8261,0.0,0
2025-06-03,2327,0.0,0
2025-06-03,2492,0.0,0
2025-06-03,3026,0.0,0
2025-06-03,2472,0.0,0
2025-06-03,3357,0.0,0
2025-06-03,5425,0.0,0
2025-06-03,2481,0.0,0
2025-06-03,3675,0.0,0
2025-06-03,8255,0.0,0
2025-06-03,8261,0.0,0
2025-06-04,2327,0.1017,2
2025-06-04,2492,0.0,0
2025-06-04,3026,0.0,0
2025-06-04,2472,0.0,0
2025-06-04,3357,0.0,0
2025-06-04,5425,0.0,0
2025-06-04,2481,0.0,0
2025-06-04,3675,0.0,0
2025-06-04,8255,0.0,0
2025-06-04,8261,0.0,0
2025-06-05,2327,0.0362,1
2025-06-05,2492,0.0,0
2025-06-05,3026,0.0,0
2025-06-05,2472,0.0,0
2025-06-05,3357,0.0,0
2025-06-05,5425,0.0,0
2025-06-05,2481,0.0,0
2025-06-05,3675,0.0,0
2025-06-05,8255,0.0,0
2025-06-05,8261,0.0,0
2025-06-06,2327,0.0,0
2025-06-06,2492,0.0,0
2025-06-06,3026,-0.0139,1
2025-06-06,2472,-0.0756,2
2025-06-06,3357,0.0,0
2025-06-06,5425,0.0,0
2025-06-06,2481,0.0,0
2025-06-06,3675,0.0,0
2025-06-06,8255,-0.0139,1
2025-06-06,8261,-0.0756,2
2025-06-09,2327,0.0061,2
2025-06-09,2492,0.0,0
2025-06-09,3026,0.0,0
2025-06-09,2472,0.0,0
2025-06-09,3357,0.0,0
2025-06-09,5425,0.0,0
2025-06-09,2481,0.0,0
2025-06-09,3675,0.0,0
2025-06-09,8255,0.0,0
2025-06-09,8261,-0.0139,1
2025-06-10,2327,0.0,0
2025-06-10,2492,0.0,0
2025-06-10,3026,0.0,0
2025-06-10,2472,0.0,0
2025-06-10,3357,0.0,0
2025-06-10,5425,-0.1732,3
2025-06-10,2481,0.0336,1
2025-06-10,3675,0.0,0
2025-06-10,8255,0.0,0
2025-06-10,8261,0.0,0
2025-06-11,2327,0.0,0
2025-06-11,2492,0.0,0
2025-06-11,3026,0.0,0
2025-06-11,2472,0.0,0
2025-06-11,3357,0.0,0
2025-06-11,5425,0.0,0
2025-06-11,2481,0.0,0
2025-06-11,3675,0.0,0
2025-06-11,8255,0.0,0
2025-06-11,8261,-0.0669,1
2025-06-12,2327,0.0,0
2025-06-12,2492,0.0,0
2025-06-12,3026,0.0,0
2025-06-12,2472,0.0,0
2025-06-12,3357,0.0,0
2025-06-12,5425,0.0,0
2025-06-12,2481,0.0,0
2025-06-12,3675,0.0,0
2025-06-12,8255,0.0,0
2025-06-12,8261,0.0,0
2025-06-13,2327,0.1504,2
2025-06-13,2492,0.0,0
2025-06-13,3026,0.0,0
2025-06-13,2472,0.0,0
2025-06-13,3357,0.0,0
2025-06-13,5425,0.0,0
2025-06-13,2481,0.0,0
2025-06-13,3675,0.0,0
2025-06-13,8255,0.0,0
2025-06-13,8261,0.0,0
2025-06-16,2327,0.0,0
2025-06-16,2492,0.0,0
2025-06-16,3026,0.0,0
2025-06-16,2472,0.0,0
2025-06-16,3357,0.0,0
2025-06-16,5425,0.0,0
2025-06-16,2481,0.0,0
2025-06-16,3675,0.0,0
2025-06-16,8255,0.0,0
2025-06-16,8261,0.0,0
2025-06-17,2327,0.0497,2
2025-06-17,2492,0.2822,5
2025-06-17,3026,0.0,0
2025-06-17,2472,0.0,0
2025-06-17,3357,0.0,0
2025-06-17,5425,0.0,0
2025-06-17,2481,0.0,0
2025-06-17,3675,0.0,0
2025-06-17,8255,0.0,0
2025-06-17,8261,0.0,0
2025-06-18,2327,0.0558,1
2025-06-18,2492,0.0,0
2025-06-18,3026,0.0,0
2025-06-18,2472,0.0,0
2025-06-18,3357,0.0,0
2025-06-18,5425,0.0,0
2025-06-18,2481,0.0,0
2025-06-18,3675,0.0,0
2025-06-18,8255,0.0,0
2025-06-18,8261,0.0,0
2025-06-19,2327,0.0,0
2025-06-19,2492,0.0,0
2025-06-19,3026,0.0,0
2025-06-19,2472,0.0,0
2025-06-19,3357,0.0,0
2025-06-19,5425,0.0,0
2025-06-19,2481,0.0,0
2025-06-19,3675,0.0,0
2025-06-19,8255,0.0,0
2025-06-19,8261,0.0,0
2025-06-20,2327,0.0,0
2025-06-20,2492,0.0,0
2025-06-20,3026,0.0,0
2025-06-20,2472,0.0,0
2025-06-20,3357,0.0,0
2025-06-20,5425,0.0,0
2025-06-20,2481,0.0,0
2025-06-20,3675,0.0,0
2025-06-20,8255,0.0,0
2025-06-20,8261,0.0,0
2025-06-23,2327,0.0,0
2025-06-23,2492,0.0,0
2025-06-23,3026,0.0,0
2025-06-23,2472,0.0,0
2025-06-23,3357,0.0,0
2025-06-23,5425,0.0,0
2025-06-23,2481,0.0,0
2025-06-23,3675,0.0,0
2025-06-23,8255,0.0,0
2025-06-23,8261,0.0,0
2025-06-24,2327,0.0,0
2025-06-24,2492,0.0,0
2025-06-24,3026,0.0,0
2025-06-24,2472,0.0,0
2025-06-24,3357,0.0,0
2025-06-24,5425,0.1564,1
2025-06-24,2481,0.0,0
2025-06-24,3675,0.0,0
2025-06-24,8255,0.0142,1
2025-06-24,8261,0.0,0
2025-06-25,2327,0.0558,1
2025-06-25,2492,0.0,0
2025-06-25,3026,0.0,0
2025-06-25,2472,0.0,0
2025-06-25,3357,0.0,0
2025-06-25,5425,0.0,0
2025-06-25,2481,-0.0669,1
2025-06-25,3675,0.0,0
2025-06-25,8255,0.0,0
2025-06-25,8261,0.0,0
2025-06-26,2327,0.0558,1
2025-06-26,2492,0.0,0
2025-06-26,3026,0.0,0
2025-06-26,2472,0.0,0
2025-06-26,3357,0.0,0
2025-06-26,5425,0.0,0
2025-06-26,2481,0.0,0
2025-06-26,3675,0.0,0
2025-06-26,8255,0.0,0
2025-06-26,8261,0.0,0
2025-06-27,2327,0.0362,1
2025-06-27,2492,0.0,0
2025-06-27,3026,0.0,0
2025-06-27,2472,0.0,0
2025-06-27,3357,0.0,0
2025-06-27,5425,0.0,0
2025-06-27,2481,0.0,0
2025-06-27,3675,0.0,0
2025-06-27,8255,0.0,0
2025-06-27,8261,0.0,0
2025-06-30,2327,0.0,0
2025-06-30,2492,0.0,0
2025-06-30,3026,0.0,0
2025-06-30,2472,0.0,0
2025-06-30,3357,0.0,0
2025-06-30,5425,0.0,0
2025-06-30,2481,0.0,0
2025-06-30,3675,0.0,0
2025-06-30,8255,0.0,0
2025-06-30,8261,0.0,0
2025-07-01,2327,0.0558,1
2025-07-01,2492,0.0,0
2025-07-01,3026,0.0,0
2025-07-01,2472,0.0,0
2025-07-01,3357,0.0,0
2025-07-01,5425,0.0,0
2025-07-01,2481,0.0,0
2025-07-01,3675,0.0,0
2025-07-01,8255,0.0,0
2025-07-01,8261,0.0,0
2025-07-02,2327,0.0558,1
2025-07-02,2492,0.0,0
2025-07-02,3026,0.0,0
2025-07-02,2472,0.0,0
2025-07-02,3357,0.0,0
2025-07-02,5425,0.0,0
2025-07-02,2481,0.0,0
2025-07-02,3675,0.0,0
2025-07-02,8255,0.0,0
2025-07-02,8261,0.0,0
2025-07-03,2327,0.0,0
2025-07-03,2492,0.0,0
2025-07-03,3026,0.0,0
2025-07-03,2472,0.0,0
2025-07-03,3357,0.0,0
2025-07-03,5425,0.0,0
2025-07-03,2481,0.0,0
2025-07-03,3675,0.0,0
2025-07-03,8255,0.0,0
2025-07-03,8261,0.0,0
2025-07-04,2327,0.0,0
2025-07-04,2492,0.0,0
2025-07-04,3026,0.0,0
2025-07-04,2472,0.0,0
2025-07-04,3357,0.0,0
2025-07-04,5425,0.0,0
2025-07-04,2481,0.0,0
2025-07-04,3675,0.0,0
2025-07-04,8255,0.0,0
2025-07-04,8261,-0.1732,3
2025-07-07,2327,0.0,0
2025-07-07,2492,0.0,0
2025-07-07,3026,-0.0139,1
2025-07-07,2472,0.0,0
2025-07-07,3357,-0.1732,3
2025-07-07,5425,0.0,0
2025-07-07,2481,0.0,0
2025-07-07,3675,0.0,0
2025-07-07,8255,0.0,0
2025-07-07,8261,0.0,0
2025-07-08,2327,0.0919,12
2025-07-08,2492,0.0,0
2025-07-08,3026,0.0,0
2025-07-08,2472,-0.1732,3
2025-07-08,3357,0.0,0
2025-07-08,5425,0.0,0
2025-07-08,2481,0.0,0
2025-07-08,3675,0.0,0
2025-07-08,8255,-0.1732,3
2025-07-08,8261,0.0,0
2025-07-09,2327,0.0538,6
2025-07-09,2492,0.0,0
2025-07-09,3026,0.0,0
2025-07-09,2472,0.0,0
2025-07-09,3357,0.0,0
2025-07-09,5425,-0.0756,2
2025-07-09,2481,0.0,0
2025-07-09,3675,0.0,0
2025-07-09,8255,0.0,0
2025-07-09,8261,0.0,0
2025-07-10,2327,0.0,0
2025-07-10,2492,0.0,0
2025-07-10,3026,0.0,0
2025-07-10,2472,0.0,0
2025-07-10,3357,0.0,0
2025-07-10,5425,-0.1732,3
2025-07-10,2481,-0.0756,2
2025-07-10,3675,0.0,0
2025-07-10,8255,-0.0669,1
2025-07-10,8261,0.0,0
2025-07-11,2327,0.0,0
2025-07-11,2492,0.0,0
2025-07-11,3026,0.0,0
2025-07-11,2472,0.0,0
2025-07-11,3357,0.0,0
2025-07-11,5425,0.0,0
2025-07-11,2481,0.0,0
2025-07-11,3675,0.0,0
2025-07-11,8255,0.0,0
2025-07-11,8261,0.0,0
2025-07-14,2327,-0.0508,2
2025-07-14,2492,0.0,0
2025-07-14,3026,0.0,0
2025-07-14,2472,0.0,0
2025-07-14,3357,0.0,0
2025-07-14,5425,0.0,0
2025-07-14,2481,0.0,0
2025-07-14,3675,0.0,0
2025-07-14,8255,0.0,0
2025-07-14,8261,0.0,0
2025-07-15,2327,0.0919,2
2025-07-15,2492,0.0,0
2025-07-15,3026,0.0,0
2025-07-15,2472,0.0,0
2025-07-15,3357,0.0,0
2025-07-15,5425,0.0,0
2025-07-15,2481,0.0,0
2025-07-15,3675,0.0,0
2025-07-15,8255,0.0,0
2025-07-15,8261,0.0,0
2025-07-16,2327,0.0758,2
2025-07-16,2492,0.0,0
2025-07-16,3026,0.0,0
2025-07-16,2472,0.0,0
2025-07-16,3357,0.0,0
2025-07-16,5425,0.0,0
2025-07-16,2481,0.0,0
2025-07-16,3675,0.0,0
2025-07-16,8255,0.0,0
2025-07-16,8261,0.0,0
2025-07-17,2327,0.0,0
2025-07-17,2492,0.0,0
2025-07-17,3026,0.0,0
2025-07-17,2472,0.0,0
2025-07-17,3357,0.0,0
2025-07-17,5425,0.0,0
2025-07-17,2481,0.0,0
2025-07-17,3675,0.0,0
2025-07-17,8255,0.0142,1
2025-07-17,8261,0.0,0
2025-07-18,2327,0.0,0
2025-07-18,2492,0.0,0
2025-07-18,3026,0.0,0
2025-07-18,2472,0.0,0
2025-07-18,3357,0.0,0
2025-07-18,5425,0.0,0
2025-07-18,2481,0.0,0
2025-07-18,3675,0.0,0
2025-07-18,8255,0.0,0
2025-07-18,8261,0.0,0
2025-07-21,2327,0.0365,2
2025-07-21,2492,0.0,0
2025-07-21,3026,0.0,0
2025-07-21,2472,0.0,0
2025-07-21,3357,0.0,0
2025-07-21,5425,0.0,0
2025-07-21,2481,0.0,0
2025-07-21,3675,0.0,0
2025-07-21,8255,-0.0139,1
2025-07-21,8261,0.0,0
2025-07-22,2327,0.3955,4
2025-07-22,2492,0.0,0
2025-07-22,3026,0.0,0
2025-07-22,2472,0.0,0
2025-07-22,3357,0.0,0
2025-07-22,5425,0.0,0
2025-07-22,2481,0.0,0
2025-07-22,3675,0.0,0
2025-07-22,8255,0.0972,2
2025-07-22,8261,0.0,0
2025-07-23,2327,0.0,0
2025-07-23,2492,0.0,0
2025-07-23,3026,-0.0756,2
2025-07-23,2472,0.0,0
2025-07-23,3357,0.0,0
2025-07-23,5425,-0.0139,1
2025-07-23,2481,-0.0633,1
2025-07-23,3675,0.0,0
2025-07-23,8255,-0.0633,1
2025-07-23,8261,0.0,0
2025-07-24,2327,0.0,0
2025-07-24,2492,0.0,0
2025-07-24,3026,0.0,0
2025-07-24,2472,0.0,0
2025-07-24,3357,0.0,0
2025-07-24,5425,0.0,0
2025-07-24,2481,0.0,0
2025-07-24,3675,0.0,0
2025-07-24,8255,0.0,0
2025-07-24,8261,0.0,0
2025-07-25,2327,0.1425,2
2025-07-25,2492,0.0,0
2025-07-25,3026,0.0,0
2025-07-25,2472,0.0,0
2025-07-25,3357,0.0,0
2025-07-25,5425,0.0,0
2025-07-25,2481,0.0142,1
2025-07-25,3675,0.0,0
2025-07-25,8255,0.0142,1
2025-07-25,8261,0.0,0
2025-07-28,2327,0.1313,4
2025-07-28,2492,0.0,0
2025-07-28,3026,0.0,0
2025-07-28,2472,0.0,0
2025-07-28,3357,0.0,0
2025-07-28,5425,0.0,0
2025-07-28,2481,0.0,0
2025-07-28,3675,0.0,0
2025-07-28,8255,0.0,0
2025-07-28,8261,-0.007,3
2025-07-29,2327,0.1991,6
2025-07-29,2492,0.0,0
2025-07-29,3026,0.0,0
2025-07-29,2472,0.0,0
2025-07-29,3357,0.0,0
2025-07-29,5425,0.0,0
2025-07-29,2481,0.0,0
2025-07-29,3675,0.0,0
2025-07-29,8255,-0.0193,1
2025-07-29,8261,-0.007,3
2025-07-30,2327,0.2272,4
2025-07-30,2492,0.0,0
2025-07-30,3026,0.0,0
2025-07-30,2472,0.0,0
2025-07-30,3357,0.0,0
2025-07-30,5425,-0.0193,1
2025-07-30,2481,0.0,0
2025-07-30,3675,0.0,0
2025-07-30,8255,0.0,0
2025-07-30,8261,-0.0669,1
2025-07-31,2327,0.0,0
2025-07-31,2492,0.0,0
2025-07-31,3026,0.0,0
2025-07-31,2472,0.0,0
2025-07-31,3357,0.0,0
2025-07-31,5425,0.0,0
2025-07-31,2481,0.0,0
2025-07-31,3675,0.0,0
2025-07-31,8255,0.0,0
2025-07-31,8261,0.0655,1
2025-08-04,2327,0.0,0
2025-08-04,2492,0.0,0
2025-08-04,3026,0.0,0
2025-08-04,2472,0.0,0
2025-08-04,3357,0.0,0
2025-08-04,5425,0.0,0
2025-08-04,2481,0.0,0
2025-08-04,3675,0.0,0
2025-08-04,8255,0.0,0
2025-08-04,8261,0.0,0
2025-08-05,2327,0.0,0
2025-08-05,2492,0.0,0
2025-08-05,3026,0.0,0
2025-08-05,2472,0.0,0
2025-08-05,3357,0.0,0
2025-08-05,5425,0.0,0
2025-08-05,2481,0.0,0
2025-08-05,3675,0.0,0
2025-08-05,8255,0.0,0
2025-08-05,8261,0.0,0
2025-08-06,2327,0.0,0
2025-08-06,2492,-0.0193,1
2025-08-06,3026,-0.0332,2
2025-08-06,2472,0.0,0
2025-08-06,3357,0.0,0
2025-08-06,5425,0.0,0
2025-08-06,2481,0.0,0
2025-08-06,3675,0.0,0
2025-08-06,8255,0.0,0
2025-08-06,8261,-0.1732,3
2025-08-07,2327,0.0,0
2025-08-07,2492,-0.0193,1
2025-08-07,3026,-0.0139,1
2025-08-07,2472,-0.0756,2
2025-08-07,3357,0.0,0
2025-08-07,5425,0.0,0
2025-08-07,2481,0.0,0
2025-08-07,3675,0.0,0
2025-08-07,8255,0.0,0
2025-08-07,8261,-0.0332,2
2025-08-08,2327,-0.133,6
2025-08-08,2492,0.0,0
2025-08-08,3026,-0.1115,2
2025-08-08,2472,-0.0756,2
2025-08-08,3357,-0.0756,2
2025-08-08,5425,0.0,0
2025-08-08,2481,-0.0756,2
2025-08-08,3675,0.0,0
2025-08-08,8255,-0.1732,3
2025-08-08,8261,0.0,0
2025-08-11,2327,-0.1115,2
2025-08-11,2492,0.0,0
2025-08-11,3026,0.0,0
2025-08-11,2472,0.0,0
2025-08-11,3357,-0.0332,2
2025-08-11,5425,-0.1732,3
2025-08-11,2481,0.0,0
2025-08-11,3675,0.0,0
2025-08-11,8255,-0.006,1
2025-08-11,8261,0.0,0
2025-08-12,2327,0.0,0
2025-08-12,2492,0.0,0
2025-08-12,3026,0.0,0
2025-08-12,2472,-0.0332,2
2025-08-12,3357,0.1055,3
2025-08-12,5425,0.0,0
2025-08-12,2481,0.0,0
2025-08-12,3675,0.0,0
2025-08-12,8255,0.0,0
2025-08-12,8261,0.0,0
2025-08-13,2327,0.0,0
2025-08-13,2492,0.0,0
2025-08-13,3026,0.0,0
2025-08-13,2472,0.0,0
2025-08-13,3357,0.0,0
2025-08-13,5425,0.0,0
2025-08-13,2481,-0.0332,2
2025-08-13,3675,0.0,0
2025-08-13,8255,-0.0332,2
2025-08-13,8261,0.0,0
2025-08-14,2327,0.0225,3
2025-08-14,2492,0.0,0
2025-08-14,3026,0.0,0
2025-08-14,2472,0.0,0
2025-08-14,3357,0.0,0
2025-08-14,5425,0.0,0
2025-08-14,2481,0.0,0
2025-08-14,3675,0.0,0
2025-08-14,8255,0.0,0
2025-08-14,8261,0.0,0
2025-08-15,2327,0.0558,1
2025-08-15,2492,0.0,0
2025-08-15,3026,0.0,0
2025-08-15,2472,0.0,0
2025-08-15,3357,0.0854,2
2025-08-15,5425,-0.0332,2
2025-08-15,2481,-0.0669,1
2025-08-15,3675,0.0,0
2025-08-15,8255,-0.006,1
2025-08-15,8261,0.0,0
2025-08-18,2327,0.0893,2
2025-08-18,2492,0.0,0
2025-08-18,3026,0.1564,1
2025-08-18,2472,0.0,0
2025-08-18,3357,0.0,0
2025-08-18,5425,-0.0756,2
2025-08-18,2481,0.0971,3
2025-08-18,3675,0.0,0
2025-08-18,8255,0.0,0
2025-08-18,8261,0.0,0
2025-08-19,2327,0.0558,1
2025-08-19,2492,0.0,0
2025-08-19,3026,0.0,0
2025-08-19,2472,0.0,0
2025-08-19,3357,0.0,0
2025-08-19,5425,0.0,0
2025-08-19,2481,0.3115,4
2025-08-19,3675,0.0,0
2025-08-19,8255,0.0,0
2025-08-19,8261,0.0,0
2025-08-20,2327,0.0,0
2025-08-20,2492,0.0,0
2025-08-20,3026,0.0,0
2025-08-20,2472,0.0,0
2025-08-20,3357,0.0,0
2025-08-20,5425,0.0,0
2025-08-20,2481,0.3115,4
2025-08-20,3675,0.0,0
2025-08-20,8255,0.0,0
2025-08-20,8261,0.0123,2
2025-08-21,2327,0.0893,2
2025-08-21,2492,0.0,0
2025-08-21,3026,0.0,0
2025-08-21,2472,0.0,0
2025-08-21,3357,0.0,0
2025-08-21,5425,0.0,0
2025-08-21,2481,0.0,0
2025-08-21,3675,0.0,0
2025-08-21,8255,0.0,0
2025-08-21,8261,0.0,0
2025-08-22,2327,0.0919,2
2025-08-22,2492,0.0,0
2025-08-22,3026,0.0,0
2025-08-22,2472,0.1337,2
2025-08-22,3357,0.0,0
2025-08-22,5425,0.0,0
2025-08-22,2481,0.0,0
2025-08-22,3675,0.0,0
2025-08-22,8255,0.0,0
2025-08-22,8261,0.0,0
2025-08-25,2327,0.2286,5
2025-08-25,2492,0.0,0
2025-08-25,3026,0.0,0
2025-08-25,2472,0.0,0
2025-08-25,3357,0.0,0
2025-08-25,5425,0.0,0
2025-08-25,2481,0.0,0
2025-08-25,3675,0.0,0
2025-08-25,8255,0.0,0
2025-08-25,8261,0.0,0
2025-08-26,2327,0.0558,1
2025-08-26,2492,0.0,0
2025-08-26,3026,0.0,0
2025-08-26,2472,0.0,0
2025-08-26,3357,0.0,0
2025-08-26,5425,0.0,0
2025-08-26,2481,0.0912,3
2025-08-26,3675,0.0,0
2025-08-26,8255,0.0,0
2025-08-26,8261,0.0,0
2025-08-27,2327,0.169,2
2025-08-27,2492,0.0,0
2025-08-27,3026,0.0,0
2025-08-27,2472,0.0,0
2025-08-27,3357,0.0,0
2025-08-27,5425,0.0,0
2025-08-27,2481,0.1126,1
2025-08-27,3675,0.0,0
2025-08-27,8255,0.0,0
2025-08-27,8261,0.0,0
2025-08-28,2327,0.0,0
2025-08-28,2492,-0.0139,1
2025-08-28,3026,0.0,0
2025-08-28,2472,0.0,0
2025-08-28,3357,0.0,0
2025-08-28,5425,0.0,0
2025-08-28,2481,0.0,0
2025-08-28,3675,0.0,0
2025-08-28,8255,0.1564,1
2025-08-28,8261,0.0,0
2025-08-29,2327,0.0,0
2025-08-29,2492,0.0,0
2025-08-29,3026,0.0,0
2025-08-29,2472,0.0,0
2025-08-29,3357,0.0,0
2025-08-29,5425,0.0,0
2025-08-29,2481,0.0,0
2025-08-29,3675,0.0,0
2025-08-29,8255,0.0,0
2025-08-29,8261,0.0,0
2025-09-01,2327,0.0,0
2025-09-01,2492,0.0,0
2025-09-01,3026,0.0,0
2025-09-01,2472,0.0,0
2025-09-01,3357,0.0,0
2025-09-01,5425,0.0,0
2025-09-01,2481,0.0,0
2025-09-01,3675,0.0,0
2025-09-01,8255,0.0101,3
2025-09-01,8261,0.0,0
2025-09-02,2327,0.0558,1
2025-09-02,2492,0.0,0
2025-09-02,3026,0.0,0
2025-09-02,2472,-0.0058,3
2025-09-02,3357,0.0,0
2025-09-02,5425,0.0,0
2025-09-02,2481,0.2402,3
2025-09-02,3675,0.0,0
2025-09-02,8255,0.2088,7
2025-09-02,8261,0.0,0
2025-09-03,2327,0.0,0
2025-09-03,2492,0.0,0
2025-09-03,3026,0.0,0
2025-09-03,2472,0.0,0
2025-09-03,3357,0.0,0
2025-09-03,5425,0.0,0
2025-09-03,2481,-0.0197,3
2025-09-03,3675,0.0,0
2025-09-03,8255,0.0971,3
2025-09-03,8261,0.0,0
2025-09-04,2327,0.0,0
2025-09-04,2492,0.0,0
2025-09-04,3026,0.0,0
2025-09-04,2472,0.0,0
2025-09-04,3357,0.0,0
2025-09-04,5425,0.0,0
2025-09-04,2481,0.0,0
2025-09-04,3675,0.0,0
2025-09-04,8255,0.0,0
2025-09-04,8261,0.0,0
2025-09-05,2327,0.0,0
2025-09-05,2492,0.0,0
2025-09-05,3026,-0.0139,1
2025-09-05,2472,-0.006,1
2025-09-05,3357,0.0,0
2025-09-05,5425,0.0,0
2025-09-05,2481,0.0,0
2025-09-05,3675,0.0,0
2025-09-05,8255,0.0,0
2025-09-05,8261,-0.1115,2
2025-09-08,2327,-0.0139,1
2025-09-08,2492,0.0,0
2025-09-08,3026,0.0,0
2025-09-08,2472,0.0,0
2025-09-08,3357,0.0,0
2025-09-08,5425,0.0,0
2025-09-08,2481,0.0,0
2025-09-08,3675,0.0,0
2025-09-08,8255,0.2061,4
2025-09-08,8261,0.0,0
2025-09-09,2327,0.0,0
2025-09-09,2492,0.0,0
2025-09-09,3026,0.0,0
2025-09-09,2472,0.0,0
2025-09-09,3357,0.0,0
2025-09-09,5425,0.0,0
2025-09-09,2481,-0.1732,3
2025-09-09,3675,0.0,0
2025-09-09,8255,0.0,0
2025-09-09,8261,0.0,0
2025-09-10,2327,0.0,0
2025-09-10,2492,-0.0756,2
2025-09-10,3026,0.0,0
2025-09-10,2472,0.0,0
2025-09-10,3357,0.0,0
2025-09-10,5425,0.0,0
2025-09-10,2481,0.0785,2
2025-09-10,3675,0.0,0
2025-09-10,8255,-0.0254,1
2025-09-10,8261,0.0,0
2025-09-11,2327,0.0,0
2025-09-11,2492,-0.0139,1
2025-09-11,3026,0.0,0
2025-09-11,2472,-0.0139,1
2025-09-11,3357,0.0,0
2025-09-11,5425,0.0,0
2025-09-11,2481,0.0,0
2025-09-11,3675,0.0,0
2025-09-11,8255,0.0,0
2025-09-11,8261,0.0,0
2025-09-12,2327,0.1394,4
2025-09-12,2492,0.0,0
2025-09-12,3026,0.0,0
2025-09-12,2472,0.0912,3
2025-09-12,3357,0.0,0
2025-09-12,5425,0.0,0
2025-09-12,2481,0.1758,4
2025-09-12,3675,0.0,0
2025-09-12,8255,0.0,0
2025-09-12,8261,0.22,3
2025-09-15,2327,0.0,0
2025-09-15,2492,0.0,0
2025-09-15,3026,0.0,0
2025-09-15,2472,0.0081,2
2025-09-15,3357,0.0,0
2025-09-15,5425,0.0,0
2025-09-15,2481,0.0116,3
2025-09-15,3675,0.0,0
2025-09-15,8255,0.0972,2
2025-09-15,8261,0.0,0
2025-09-16,2327,0.0558,1
2025-09-16,2492,-0.0139,1
2025-09-16,3026,-0.0139,1
2025-09-16,2472,0.0,0
2025-09-16,3357,0.0,0
2025-09-16,5425,0.0,0
2025-09-16,2481,0.0695,6
2025-09-16,3675,0.0,0
2025-09-16,8255,0.0,0
2025-09-16,8261,0.0,0
2025-09-17,2327,0.175,3
2025-09-17,2492,0.0,0
2025-09-17,3026,0.0,0
2025-09-17,2472,0.0,0
2025-09-17,3357,0.0,0
2025-09-17,5425,0.0,0
2025-09-17,2481,0.0342,2
2025-09-17,3675,0.0,0
2025-09-17,8255,0.0,0
2025-09-17,8261,0.0,0
2025-09-18,2327,0.0,0
2025-09-18,2492,0.2968,4
2025-09-18,3026,0.0202,2
2025-09-18,2472,0.0,0
2025-09-18,3357,0.0262,1
2025-09-18,5425,0.0,0
2025-09-18,2481,-0.0254,1
2025-09-18,3675,0.22,3
2025-09-18,8255,0.0972,2
2025-09-18,8261,0.0,0
2025-09-19,2327,0.2369,6
2025-09-19,2492,0.337,7
2025-09-19,3026,0.3432,5
2025-09-19,2472,0.2462,4
2025-09-19,3357,0.0,0
2025-09-19,5425,0.0,0
2025-09-19,2481,-0.02,2
2025-09-19,3675,0.22,3
2025-09-19,8255,0.0,0
2025-09-19,8261,0.0,0
2025-09-22,2327,0.0,0
2025-09-22,2492,0.3388,9
2025-09-22,3026,0.0202,2
2025-09-22,2472,0.0,0
2025-09-22,3357,0.0,0
2025-09-22,5425,0.0,0
2025-09-22,2481,0.0,0
2025-09-22,3675,0.077,2
2025-09-22,8255,0.0,0
2025-09-22,8261,0.0,0
2025-09-23,2327,0.0,0
2025-09-23,2492,0.0,0
2025-09-23,3026,0.0,0
2025-09-23,2472,0.0,0
2025-09-23,3357,0.0262,1
2025-09-23,5425,0.0,0
2025-09-23,2481,-0.006,1
2025-09-23,3675,0.0,0
2025-09-23,8255,0.0,0
2025-09-23,8261,0.0,0
2025-09-24,2327,0.0,0
2025-09-24,2492,0.0971,3
2025-09-24,3026,0.0,0
2025-09-24,2472,0.0,0
2025-09-24,3357,0.0,0
2025-09-24,5425,0.0,0
2025-09-24,2481,0.0,0
2025-09-24,3675,-0.006,1
2025-09-24,8255,0.0,0
2025-09-24,8261,0.0,0
2025-09-25,2327,0.0,0
2025-09-25,2492,0.0558,1
2025-09-25,3026,0.0,0
2025-09-25,2472,0.0,0
2025-09-25,3357,0.0,0
2025-09-25,5425,0.0,0
2025-09-25,2481,0.0,0
2025-09-25,3675,0.0,0
2025-09-25,8255,0.0,0
2025-09-25,8261,0.0,0
2025-09-26,2327,0.0,0
2025-09-26,2492,0.2462,4
2025-09-26,3026,0.1033,3
2025-09-26,2472,0.1177,2
2025-09-26,3357,0.077,2
2025-09-26,5425,0.0,0
2025-09-26,2481,0.0,0
2025-09-26,3675,0.0,0
2025-09-26,8255,0.0,0
2025-09-26,8261,0.0,0
2025-09-30,2327,0.0507,1
2025-09-30,2492,0.0,0
2025-09-30,3026,0.0,0
2025-09-30,2472,0.0,0
2025-09-30,3357,0.0,0
2025-09-30,5425,0.0,0
2025-09-30,2481,0.0,0
2025-09-30,3675,0.0,0
2025-09-30,8255,0.0,0
2025-09-30,8261,0.0,0
2025-10-01,2327,0.1064,2
2025-10-01,2492,0.0,0
2025-10-01,3026,0.0,0
2025-10-01,2472,0.0,0
2025-10-01,3357,0.0,0
2025-10-01,5425,0.0,0
2025-10-01,2481,0.0,0
2025-10-01,3675,0.0,0
2025-10-01,8255,0.0,0
2025-10-01,8261,0.0,0
2025-10-02,2327,0.0558,1
2025-10-02,2492,0.0,0
2025-10-02,3026,0.0,0
2025-10-02,2472,0.0,0
2025-10-02,3357,0.0,0
2025-10-02,5425,0.0,0
2025-10-02,2481,0.0,0
2025-10-02,3675,0.0,0
2025-10-02,8255,0.0,0
2025-10-02,8261,0.0,0
2025-10-03,2327,0.2652,6
2025-10-03,2492,0.0,0
2025-10-03,3026,0.0,0
2025-10-03,2472,0.0,0
2025-10-03,3357,0.0,0
2025-10-03,5425,0.0,0
2025-10-03,2481,0.0,0
2025-10-03,3675,0.0,0
2025-10-03,8255,0.0,0
2025-10-03,8261,0.0,0
2025-10-07,2327,0.2824,5
2025-10-07,2492,0.0401,2
2025-10-07,3026,-0.0756,2
2025-10-07,2472,0.0,0
2025-10-07,3357,0.2462,4
2025-10-07,5425,0.0,0
2025-10-07,2481,0.0,0
2025-10-07,3675,-0.0332,2
2025-10-07,8255,0.0,0
2025-10-07,8261,-0.0756,2
2025-10-08,2327,-0.0139,1
2025-10-08,2492,0.0,0
2025-10-08,3026,0.0,0
2025-10-08,2472,-0.1732,3
2025-10-08,3357,0.2462,4
2025-10-08,5425,0.0,0
2025-10-08,2481,0.0,0
2025-10-08,3675,0.0,0
2025-10-08,8255,-0.1732,3
2025-10-08,8261,0.0,0
2025-10-09,2327,-0.0112,2
2025-10-09,2492,-0.0139,1
2025-10-09,3026,0.0,0
2025-10-09,2472,-0.02,2
2025-10-09,3357,0.2342,4
2025-10-09,5425,0.0,0
2025-10-09,2481,-0.1732,3
2025-10-09,3675,-0.1732,3
2025-10-09,8255,-0.0139,1
2025-10-09,8261,0.0,0
2025-10-13,2327,0.0,0
2025-10-13,2492,-0.1115,2
2025-10-13,3026,0.0,0
2025-10-13,2472,0.0,0
2025-10-13,3357,0.0,0
2025-10-13,5425,0.0,0
2025-10-13,2481,0.0248,7
2025-10-13,3675,-0.1115,2
2025-10-13,8255,0.0,0
2025-10-13,8261,0.0,0
2025-10-14,2327,0.0,0
2025-10-14,2492,-0.0332,2
2025-10-14,3026,0.0,0
2025-10-14,2472,0.0,0
2025-10-14,3357,0.0,0
2025-10-14,5425,0.0,0
2025-10-14,2481,0.2986,5
2025-10-14,3675,0.0,0
2025-10-14,8255,0.0,0
2025-10-14,8261,0.0,0
2025-10-15,2327,0.0,0
2025-10-15,2492,0.0,0
2025-10-15,3026,0.0,0
2025-10-15,2472,0.0,0
2025-10-15,3357,0.0,0
2025-10-15,5425,0.0,0
2025-10-15,2481,0.3775,10
2025-10-15,3675,0.1031,2
2025-10-15,8255,0.0,0
2025-10-15,8261,0.077,2
2025-10-16,2327,0.0,0
2025-10-16,2492,0.0,0
2025-10-16,3026,0.0,0
2025-10-16,2472,0.0,0
2025-10-16,3357,0.0,0
2025-10-16,5425,0.0,0
2025-10-16,2481,0.0443,5
2025-10-16,3675,0.0,0
2025-10-16,8255,0.0,0
2025-10-16,8261,0.0,0
2025-10-17,2327,0.1033,3
2025-10-17,2492,0.0831,1
2025-10-17,3026,0.3604,5
2025-10-17,2472,0.2707,4
2025-10-17,3357,0.408,7
2025-10-17,5425,0.0,0
2025-10-17,2481,0.0,0
2025-10-17,3675,0.0,0
2025-10-17,8255,0.0,0
2025-10-17,8261,0.0,0
2025-10-20,2327,0.0,0
2025-10-20,2492,0.0971,3
2025-10-20,3026,0.2791,6
2025-10-20,2472,0.308,4
2025-10-20,3357,0.0505,5
2025-10-20,5425,0.0,0
2025-10-20,2481,0.0912,3
2025-10-20,3675,0.1425,3
2025-10-20,8255,0.077,2
2025-10-20,8261,0.0,0
2025-10-21,2327,0.137,8
2025-10-21,2492,0.0,0
2025-10-21,3026,0.0,0
2025-10-21,2472,0.3019,4
2025-10-21,3357,0.2342,4
2025-10-21,5425,0.0,0
2025-10-21,2481,0.2717,8
2025-10-21,3675,0.2342,4
2025-10-21,8255,0.2907,5
2025-10-21,8261,0.1477,4
2025-10-22,2327,0.0,0
2025-10-22,2492,-0.0193,1
2025-10-22,3026,0.2462,4
2025-10-22,2472,0.26,3
2025-10-22,3357,0.0,0
2025-10-22,5425,0.0,0
2025-10-22,2481,-0.0959,5
2025-10-22,3675,-0.0193,1
2025-10-22,8255,0.0,0
2025-10-22,8261,0.0,0
2025-10-23,2327,0.0,0
2025-10-23,2492,0.2322,9
2025-10-23,3026,0.0,0
2025-10-23,2472,0.1755,6
2025-10-23,3357,0.0,0
2025-10-23,5425,0.0,0
2025-10-23,2481,0.3916,9
2025-10-23,3675,0.0,0
2025-10-23,8255,0.0,0
2025-10-23,8261,0.0,0
2025-10-27,2327,0.0676,3
2025-10-27,2492,0.2937,6
2025-10-27,3026,0.0,0
2025-10-27,2472,0.3025,7
2025-10-27,3357,0.0,0
2025-10-27,5425,0.0,0
2025-10-27,2481,0.0,0
2025-10-27,3675,0.0,0
2025-10-27,8255,0.0,0
2025-10-27,8261,0.0785,2
2025-10-28,2327,0.163,2
2025-10-28,2492,-0.0617,1
2025-10-28,3026,0.0,0
2025-10-28,2472,0.0336,1
2025-10-28,3357,0.0,0
2025-10-28,5425,0.0,0
2025-10-28,2481,0.014,2
2025-10-28,3675,0.0,0
2025-10-28,8255,-0.0193,1
2025-10-28,8261,-0.1111,2
2025-10-29,2327,0.0,0
2025-10-29,2492,-0.0617,1
2025-10-29,3026,0.0,0
2025-10-29,2472,0.0,0
2025-10-29,3357,0.0,0
2025-10-29,5425,0.0,0
2025-10-29,2481,-0.18,4
2025-10-29,3675,0.0,0
2025-10-29,8255,0.0,0
2025-10-29,8261,0.0,0
2025-10-30,2327,0.0,0
2025-10-30,2492,-0.0139,1
2025-10-30,3026,0.0,0
2025-10-30,2472,0.0,0
2025-10-30,3357,0.0,0
2025-10-30,5425,0.0,0
2025-10-30,2481,0.1164,4
2025-10-30,3675,0.0,0
2025-10-30,8255,0.0,0
2025-10-30,8261,-0.0332,2
2025-10-31,2327,0.0,0
2025-10-31,2492,0.02,1
2025-10-31,3026,0.0,0
2025-10-31,2472,-0.0669,1
2025-10-31,3357,-0.0193,1
2025-10-31,5425,0.0,0
2025-10-31,2481,0.0507,1
2025-10-31,3675,0.0,0
2025-10-31,8255,0.0,0
2025-10-31,8261,0.1601,6
2025-11-03,2327,0.0507,1
2025-11-03,2492,-0.0332,2
2025-11-03,3026,0.0,0
2025-11-03,2472,0.0,0
2025-11-03,3357,0.0,0
2025-11-03,5425,0.0,0
2025-11-03,2481,0.0,0
2025-11-03,3675,0.0,0
2025-11-03,8255,0.0,0
2025-11-03,8261,0.0,0
2025-11-04,2327,0.0,0
2025-11-04,2492,0.0262,4
2025-11-04,3026,0.0267,3
2025-11-04,2472,-0.0193,1
2025-11-04,3357,0.0,0
2025-11-04,5425,0.0,0
2025-11-04,2481,0.0872,3
2025-11-04,3675,0.0,0
2025-11-04,8255,0.0507,1
2025-11-04,8261,0.0,0
2025-11-05,2327,-0.0254,2
2025-11-05,2492,0.043,3
2025-11-05,3026,-0.0332,2
2025-11-05,2472,0.0,0
2025-11-05,3357,0.0,0
2025-11-05,5425,0.0,0
2025-11-05,2481,0.0,0
2025-11-05,3675,0.0,0
2025-11-05,8255,-0.0254,1
2025-11-05,8261,0.077,2
2025-11-06,2327,0.0,0
2025-11-06,2492,0.0507,1
2025-11-06,3026,0.0,0
2025-11-06,2472,-0.0139,1
2025-11-06,3357,0.0,0
2025-11-06,5425,0.0,0
2025-11-06,2481,0.0912,3
2025-11-06,3675,0.0,0
2025-11-06,8255,-0.0254,1
2025-11-06,8261,-0.1732,3
2025-11-07,2327,-0.0139,1
2025-11-07,2492,-0.1732,3
2025-11-07,3026,0.0498,3
2025-11-07,2472,-0.1732,3
2025-11-07,3357,-0.0756,2
2025-11-07,5425,0.0,0
2025-11-07,2481,0.0,0
2025-11-07,3675,-0.0139,1
2025-11-07,8255,-0.1732,3
2025-11-07,8261,-0.1618,1
2025-11-10,2327,0.0362,1
2025-11-10,2492,0.02,1
2025-11-10,3026,0.0,0
2025-11-10,2472,0.0,0
2025-11-10,3357,0.058,5
2025-11-10,5425,0.0,0
2025-11-10,2481,-0.1732,3
2025-11-10,3675,0.0,0
2025-11-10,8255,0.0,0
2025-11-10,8261,0.0,0
2025-11-11,2327,0.0,0
2025-11-11,2492,0.1233,4
2025-11-11,3026,0.0406,2
2025-11-11,2472,0.0507,1
2025-11-11,3357,0.154,5
2025-11-11,5425,0.0,0
2025-11-11,2481,-0.0332,2
2025-11-11,3675,0.0,0
2025-11-11,8255,0.0,0
2025-11-11,8261,0.0,0
2025-11-12,2327,0.0,0
2025-11-12,2492,0.0808,5
2025-11-12,3026,0.0,0
2025-11-12,2472,-0.0332,2
2025-11-12,3357,0.4821,6
2025-11-12,5425,0.0,0
2025-11-12,2481,0.0,0
2025-11-12,3675,0.0,0
2025-11-12,8255,0.0,0
2025-11-12,8261,0.0,0
2025-11-13,2327,0.1306,4
2025-11-13,2492,0.227,7
2025-11-13,3026,0.0,0
2025-11-13,2472,0.2805,6
2025-11-13,3357,0.2693,8
2025-11-13,5425,0.0831,1
2025-11-13,2481,0.0,0
2025-11-13,3675,0.0,0
2025-11-13,8255,0.1232,3
2025-11-13,8261,0.0,0
2025-11-14,2327,0.0,0
2025-11-14,2492,-0.0081,3
2025-11-14,3026,0.0,0
2025-11-14,2472,0.0,0
2025-11-14,3357,0.2832,7
2025-11-14,5425,0.0,0
2025-11-14,2481,0.0978,4
2025-11-14,3675,-0.0332,2
2025-11-14,8255,0.1564,1
2025-11-14,8261,0.0,0
2025-11-17,2327,0.0,0
2025-11-17,2492,0.0,0
2025-11-17,3026,0.0,0
2025-11-17,2472,0.1564,1
2025-11-17,3357,-0.103,5
2025-11-17,5425,0.0,0
2025-11-17,2481,0.3034,5
2025-11-17,3675,0.0,0
2025-11-17,8255,-0.006,1
2025-11-17,8261,0.0,0
2025-11-18,2327,0.1471,4
2025-11-18,2492,-0.1345,4
2025-11-18,3026,0.0,0
2025-11-18,2472,0.0406,2
2025-11-18,3357,0.0,0
2025-11-18,5425,0.0,0
2025-11-18,2481,0.017,5
2025-11-18,3675,0.0,0
2025-11-18,8255,-0.0669,1
2025-11-18,8261,0.0,0
2025-11-19,2327,0.0,0
2025-11-19,2492,-0.0193,1
2025-11-19,3026,0.0831,1
2025-11-19,2472,0.0,0
2025-11-19,3357,0.3468,5
2025-11-19,5425,0.0,0
2025-11-19,2481,0.0,1
2025-11-19,3675,0.0,0
2025-11-19,8255,0.0,0
2025-11-19,8261,0.0,0
2025-11-20,2327,0.0,0
2025-11-20,2492,0.0,0
2025-11-20,3026,0.2401,4
2025-11-20,2472,0.1263,6
2025-11-20,3357,0.2114,7
2025-11-20,5425,0.0,0
2025-11-20,2481,0.1274,4
2025-11-20,3675,0.0,0
2025-11-20,8255,-0.0669,1
2025-11-20,8261,0.0,0
2025-11-21,2327,0.0,0
2025-11-21,2492,0.0,0
2025-11-21,3026,0.1327,2
2025-11-21,2472,0.1836,3
2025-11-21,3357,0.0,0
2025-11-21,5425,0.0,0
2025-11-21,2481,0.0,0
2025-11-21,3675,0.0,0
2025-11-21,8255,-0.0332,2
2025-11-21,8261,0.0,0
2025-11-24,2327,0.0,0
2025-11-24,2492,0.0,0
2025-11-24,3026,0.0,0
2025-11-24,2472,0.07,1
2025-11-24,3357,0.0,0
2025-11-24,5425,0.0,0
2025-11-24,2481,0.0,0
2025-11-24,3675,0.0,0
2025-11-24,8255,0.0,0
2025-11-24,8261,0.0,0
2025-11-25,2327,0.0,0
2025-11-25,2492,0.0,0
2025-11-25,3026,0.0,0
2025-11-25,2472,0.0,0
2025-11-25,3357,0.1564,1
2025-11-25,5425,0.0,0
2025-11-25,2481,0.0,0
2025-11-25,3675,0.0,0
2025-11-25,8255,0.0,0
2025-11-25,8261,0.0,0
2025-11-26,2327,0.0,0
2025-11-26,2492,0.0,0
2025-11-26,3026,0.0,0
2025-11-26,2472,0.0,0
2025-11-26,3357,0.0,0
2025-11-26,5425,0.0,0
2025-11-26,2481,0.0365,2
2025-11-26,3675,0.0,0
2025-11-26,8255,0.0,0
2025-11-26,8261,0.0,0
2025-11-27,2327,0.0658,3
2025-11-27,2492,0.0,0
2025-11-27,3026,0.0,0
2025-11-27,2472,0.0,0
2025-11-27,3357,0.1371,2
2025-11-27,5425,0.0,0
2025-11-27,2481,-0.1618,1
2025-11-27,3675,0.0,0
2025-11-27,8255,0.0,0
2025-11-27,8261,0.0,0
2025-11-28,2327,0.0,0
2025-11-28,2492,0.0,0
2025-11-28,3026,0.0,0
2025-11-28,2472,0.1408,4
2025-11-28,3357,-0.0564,2
2025-11-28,5425,0.0,0
2025-11-28,2481,0.0,0
2025-11-28,3675,0.0,0
2025-11-28,8255,0.0,0
2025-11-28,8261,0.0,0
2025-12-01,2327,0.0,0
2025-12-01,2492,0.0,0
2025-12-01,3026,0.0,0
2025-12-01,2472,0.0,0
2025-12-01,3357,0.0,0
2025-12-01,5425,0.0,0
2025-12-01,2481,0.0081,2
2025-12-01,3675,0.0,0
2025-12-01,8255,0.0,0
2025-12-01,8261,0.0,0
2025-12-02,2327,0.0,0
2025-12-02,2492,0.1707,3
2025-12-02,3026,0.0,0
2025-12-02,2472,0.0,0
2025-12-02,3357,0.0,0
2025-12-02,5425,0.0,0
2025-12-02,2481,0.0,0
2025-12-02,3675,-0.02,2
2025-12-02,8255,0.0,0
2025-12-02,8261,0.0,0
2025-12-03,2327,0.0,0
2025-12-03,2492,0.0717,4
2025-12-03,3026,0.0,0
2025-12-03,2472,0.2342,4
2025-12-03,3357,0.1158,5
2025-12-03,5425,0.0,0
2025-12-03,2481,0.0,0
2025-12-03,3675,-0.006,1
2025-12-03,8255,0.0,0
2025-12-03,8261,0.0,0
2025-12-04,2327,0.0,0
2025-12-04,2492,-0.0314,2
2025-12-04,3026,0.0,0
2025-12-04,2472,0.0,0
2025-12-04,3357,0.0,0
2025-12-04,5425,0.0,0
2025-12-04,2481,0.0,0
2025-12-04,3675,0.0,0
2025-12-04,8255,0.0,0
2025-12-04,8261,0.0,0
2025-12-05,2327,0.0,0
2025-12-05,2492,0.22,4
2025-12-05,3026,-0.0756,2
2025-12-05,2472,0.0,0
2025-12-05,3357,0.0,0
2025-12-05,5425,0.0,0
2025-12-05,2481,0.2342,4
2025-12-05,3675,0.0,0
2025-12-05,8255,0.0,0
2025-12-05,8261,-0.0756,2
2025-12-08,2327,0.0,0
2025-12-08,2492,0.0501,3
2025-12-08,3026,-0.0756,2
2025-12-08,2472,-0.1732,3
2025-12-08,3357,0.0,0
2025-12-08,5425,0.0,0
2025-12-08,2481,0.0,0
2025-12-08,3675,0.0,0
2025-12-08,8255,-0.1732,3
2025-12-08,8261,-0.0139,1
2025-12-09,2327,0.0,0
2025-12-09,2492,-0.0756,2
2025-12-09,3026,0.0,0
2025-12-09,2472,0.2342,4
2025-12-09,3357,0.0,0
2025-12-09,5425,0.0,0
2025-12-09,2481,0.0,0
2025-12-09,3675,-0.1732,3
2025-12-09,8255,0.0,0
2025-12-09,8261,0.0,0
2025-12-10,2327,0.0507,1
2025-12-10,2492,0.0542,7
2025-12-10,3026,0.0,0
2025-12-10,2472,0.0,0
2025-12-10,3357,-0.0756,2
2025-12-10,5425,0.0,0
2025-12-10,2481,-0.1732,3
2025-12-10,3675,0.0,0
2025-12-10,8255,0.0,0
2025-12-10,8261,0.0,0
2025-12-11,2327,0.0,0
2025-12-11,2492,-0.0253,4
2025-12-11,3026,0.0,0
2025-12-11,2472,0.0,0
2025-12-11,3357,-0.0756,2
2025-12-11,5425,0.0,0
2025-12-11,2481,0.0,0
2025-12-11,3675,-0.0139,1
2025-12-11,8255,0.0,0
2025-12-11,8261,0.0,0
2025-12-12,2327,0.0,0
2025-12-12,2492,0.0,0
2025-12-12,3026,0.083,3
2025-12-12,2472,0.0,0
2025-12-12,3357,-0.0756,2
2025-12-12,5425,0.0,0
2025-12-12,2481,0.0,0
2025-12-12,3675,0.0,0
2025-12-12,8255,0.0,0
2025-12-12,8261,0.0,0
2025-12-15,2327,0.0,0
2025-12-15,2492,0.0061,2
2025-12-15,3026,0.0,0
2025-12-15,2472,0.0061,2
2025-12-15,3357,-0.0756,2
2025-12-15,5425,0.0,0
2025-12-15,2481,0.0,0
2025-12-15,3675,0.0,0
2025-12-15,8255,0.0,0
2025-12-15,8261,0.0,0
2025-12-16,2327,0.0,0
2025-12-16,2492,0.0061,2
2025-12-16,3026,0.0,0
2025-12-16,2472,0.0061,2
2025-12-16,3357,0.0,0
2025-12-16,5425,0.0,0
2025-12-16,2481,0.0,0
2025-12-16,3675,0.0,0
2025-12-16,8255,0.0,0
2025-12-16,8261,0.0,0
2025-12-17,2327,0.0,0
2025-12-17,2492,0.0061,2
2025-12-17,3026,0.0,0
2025-12-17,2472,-0.0364,3
2025-12-17,3357,0.0,0
2025-12-17,5425,0.0,0
2025-12-17,2481,-0.006,1
2025-12-17,3675,-0.006,1
2025-12-17,8255,0.0,0
2025-12-17,8261,0.0,0
2025-12-18,2327,0.0,0
2025-12-18,2492,0.0061,2
2025-12-18,3026,0.0,0
2025-12-18,2472,0.0061,2
2025-12-18,3357,0.0,0
2025-12-18,5425,0.0,0
2025-12-18,2481,0.147,4
2025-12-18,3675,0.0,0
2025-12-18,8255,0.0,0
2025-12-18,8261,0.0,0
2025-12-19,2327,0.0,0
2025-12-19,2492,0.0061,2
2025-12-19,3026,0.0,0
2025-12-19,2472,0.1625,3
2025-12-19,3357,0.0,0
2025-12-19,5425,0.0,0
2025-12-19,2481,0.0,0
2025-12-19,3675,0.0,0
2025-12-19,8255,0.0,0
2025-12-19,8261,0.0,0
2025-12-22,2327,0.0,0
2025-12-22,2492,0.0061,2
2025-12-22,3026,0.0,0
2025-12-22,2472,0.0061,2
2025-12-22,3357,0.0,0
2025-12-22,5425,0.0,0
2025-12-22,2481,0.0142,1
2025-12-22,3675,0.0,0
2025-12-22,8255,0.0,0
2025-12-22,8261,0.0,0
2025-12-23,2327,0.0,0
2025-12-23,2492,0.0598,5
2025-12-23,3026,0.0,0
2025-12-23,2472,0.0,0
2025-12-23,3357,-0.0756,2
2025-12-23,5425,0.0,0
2025-12-23,2481,0.0,0
2025-12-23,3675,0.0,0
2025-12-23,8255,0.0,0
2025-12-23,8261,0.0,0
2025-12-24,2327,0.0,0
2025-12-24,2492,0.0,0
2025-12-24,3026,0.0,0
2025-12-24,2472,0.02,1
2025-12-24,3357,0.0,0
2025-12-24,5425,0.0,0
2025-12-24,2481,0.0,0
2025-12-24,3675,0.0,0
2025-12-24,8255,0.0,0
2025-12-24,8261,0.0,0
2025-12-26,2327,0.0,0
2025-12-26,2492,0.0,0
2025-12-26,3026,0.0,0
2025-12-26,2472,0.0,0
2025-12-26,3357,0.0,0
2025-12-26,5425,0.0,0
2025-12-26,2481,0.0,0
2025-12-26,3675,0.0,0
2025-12-26,8255,0.0,0
2025-12-26,8261,0.0,0
2025-12-29,2327,0.0,0
2025-12-29,2492,-0.006,1
2025-12-29,3026,0.0,0
2025-12-29,2472,0.0,0
2025-12-29,3357,0.0,0
2025-12-29,5425,0.0,0
2025-12-29,2481,0.0,0
2025-12-29,3675,0.077,2
2025-12-29,8255,0.0,0
2025-12-29,8261,0.0,0
2025-12-30,2327,0.0,0
2025-12-30,2492,0.0061,2
2025-12-30,3026,0.0,0
2025-12-30,2472,0.0061,2
2025-12-30,3357,0.1277,3
2025-12-30,5425,0.0,0
2025-12-30,2481,0.0,0
2025-12-30,3675,0.0,0
2025-12-30,8255,0.0,0
2025-12-30,8261,0.0,0
2025-12-31,2327,0.0,0
2025-12-31,2492,0.0061,2
2025-12-31,3026,0.0,0
2025-12-31,2472,0.0061,2
2025-12-31,3357,0.1277,3
2025-12-31,5425,0.0,0
2025-12-31,2481,0.0,0
2025-12-31,3675,0.0,0
2025-12-31,8255,0.0,0
2025-12-31,8261,0.0,0
2026-01-02,2327,0.0,0
2026-01-02,2492,0.2371,6
2026-01-02,3026,0.0,0
2026-01-02,2472,0.2188,7
2026-01-02,3357,0.3169,6
2026-01-02,5425,0.0,0
2026-01-02,2481,-0.0173,3
2026-01-02,3675,0.0,0
2026-01-02,8255,0.0,0
2026-01-02,8261,0.0,0
2026-01-05,2327,0.0,0
2026-01-05,2492,-0.0089,2
2026-01-05,3026,0.0,0
2026-01-05,2472,0.0831,1
2026-01-05,3357,0.1632,3
2026-01-05,5425,0.0,0
2026-01-05,2481,0.0,0
2026-01-05,3675,0.0,0
2026-01-05,8255,0.0,0
2026-01-05,8261,0.0,0
2026-01-06,2327,-0.0425,1
2026-01-06,2492,0.0,0
2026-01-06,3026,0.0,0
2026-01-06,2472,0.0,0
2026-01-06,3357,-0.2271,7
2026-01-06,5425,0.0,0
2026-01-06,2481,0.0,0
2026-01-06,3675,0.0,0
2026-01-06,8255,0.0,0
2026-01-06,8261,-0.1732,3
2026-01-07,2327,0.0,0
2026-01-07,2492,0.0,0
2026-01-07,3026,0.0013,6
2026-01-07,2472,-0.0677,6
2026-01-07,3357,-0.0253,4
2026-01-07,5425,0.0,0
2026-01-07,2481,0.0,0
2026-01-07,3675,0.0,0
2026-01-07,8255,0.0,0
2026-01-07,8261,0.0,0
2026-01-08,2327,0.0,0
2026-01-08,2492,0.0,0
2026-01-08,3026,-0.0756,2
2026-01-08,2472,0.0,1
2026-01-08,3357,0.0081,2
2026-01-08,5425,0.0,0
2026-01-08,2481,-0.0756,2
2026-01-08,3675,0.0,0
2026-01-08,8255,-0.1732,3
2026-01-08,8261,0.0,0
2026-01-09,2327,0.0,0
2026-01-09,2492,-0.0756,2
2026-01-09,3026,0.0,0
2026-01-09,2472,0.077,2
2026-01-09,3357,0.0,0
2026-01-09,5425,0.0,0
2026-01-09,2481,0.0,0
2026-01-09,3675,-0.1732,3
2026-01-09,8255,0.0,0
2026-01-09,8261,0.0,0
2026-01-12,2327,0.0,0
2026-01-12,2492,0.0,0
2026-01-12,3026,0.0,0
2026-01-12,2472,0.0,0
2026-01-12,3357,0.0,0
2026-01-12,5425,0.0,0
2026-01-12,2481,0.0243,4
2026-01-12,3675,0.0,0
2026-01-12,8255,0.0,0
2026-01-12,8261,0.0,0
2026-01-13,2327,0.22,3
2026-01-13,2492,0.224,5
2026-01-13,3026,0.0,0
2026-01-13,2472,0.3884,7
2026-01-13,3357,0.0,0
2026-01-13,5425,0.0,0
2026-01-13,2481,-0.0669,1
2026-01-13,3675,0.0,0
2026-01-13,8255,0.0,0
2026-01-13,8261,0.0,0
2026-01-14,2327,0.0346,3
2026-01-14,2492,0.0111,3
2026-01-14,3026,0.0,0
2026-01-14,2472,0.0,0
2026-01-14,3357,0.0,0
2026-01-14,5425,0.0,0
2026-01-14,2481,0.0,0
2026-01-14,3675,0.0,0
2026-01-14,8255,0.0,0
2026-01-14,8261,0.0,0
2026-01-15,2327,0.0,0
2026-01-15,2492,0.02,1
2026-01-15,3026,0.0,0
2026-01-15,2472,0.0,0
2026-01-15,3357,0.0736,3
2026-01-15,5425,0.0,0
2026-01-15,2481,0.4645,7
2026-01-15,3675,0.0,0
2026-01-15,8255,0.0,0
2026-01-15,8261,0.0,0
2026-01-16,2327,0.0,0
2026-01-16,2492,0.1481,5
2026-01-16,3026,0.0,0
2026-01-16,2472,0.0,0
2026-01-16,3357,0.0,0
2026-01-16,5425,0.137,2
2026-01-16,2481,0.2604,5
2026-01-16,3675,0.0202,2
2026-01-16,8255,0.0,0
2026-01-16,8261,0.0,0
2026-01-19,2327,0.0,0
2026-01-19,2492,0.2998,6
2026-01-19,3026,0.0,0
2026-01-19,2472,0.0,0
2026-01-19,3357,0.0202,2
2026-01-19,5425,0.0,0
2026-01-19,2481,0.0,0
2026-01-19,3675,0.0,0
2026-01-19,8255,0.0,0
2026-01-19,8261,0.0202,2
2026-01-20,2327,-0.0669,1
2026-01-20,2492,0.02,1
2026-01-20,3026,0.0,0
2026-01-20,2472,0.0,0
2026-01-20,3357,0.0,0
2026-01-20,5425,0.0,0
2026-01-20,2481,0.2785,8
2026-01-20,3675,0.0,0
2026-01-20,8255,-0.0669,1
2026-01-20,8261,-0.006,1
2026-01-21,2327,0.0,0
2026-01-21,2492,0.1917,5
2026-01-21,3026,0.0,0
2026-01-21,2472,0.0,0
2026-01-21,3357,0.0,0
2026-01-21,5425,0.0,0
2026-01-21,2481,0.3527,5
2026-01-21,3675,0.0,0
2026-01-21,8255,0.0,0
2026-01-21,8261,-0.02,2
2026-01-22,2327,0.0,0
2026-01-22,2492,0.2453,8
2026-01-22,3026,0.1836,3
2026-01-22,2472,-0.0058,3
2026-01-22,3357,0.0,0
2026-01-22,5425,0.0,0
2026-01-22,2481,-0.1145,6
2026-01-22,3675,0.0,0
2026-01-22,8255,-0.006,1
2026-01-22,8261,0.0,0
2026-01-23,2327,0.0,0
2026-01-23,2492,-0.0224,3
2026-01-23,3026,0.0,0
2026-01-23,2472,0.0,0
2026-01-23,3357,0.0,0
2026-01-23,5425,0.0,0
2026-01-23,2481,-0.3951,2
2026-01-23,3675,0.0,0
2026-01-23,8255,0.0,0
2026-01-23,8261,0.0,0
2026-01-26,2327,0.0,0
2026-01-26,2492,0.0,0
2026-01-26,3026,0.0,0
2026-01-26,2472,0.0,0
2026-01-26,3357,0.0,0
2026-01-26,5425,0.0,0
2026-01-26,2481,0.0142,1
2026-01-26,3675,0.0,0
2026-01-26,8255,0.0,0
2026-01-26,8261,0.0,0
2026-01-27,2327,0.0,0
2026-01-27,2492,0.0,0
2026-01-27,3026,0.0,0
2026-01-27,2472,0.0,0
2026-01-27,3357,0.0,0
2026-01-27,5425,0.0,0
2026-01-27,2481,0.0,0
2026-01-27,3675,0.0,0
2026-01-27,8255,0.0,0
2026-01-27,8261,0.0,0
2026-01-28,2327,0.0,0
2026-01-28,2492,-0.006,1
2026-01-28,3026,0.0,0
2026-01-28,2472,0.0,0
2026-01-28,3357,0.0,0
2026-01-28,5425,0.0,0
2026-01-28,2481,0.0,0
2026-01-28,3675,0.0,0
2026-01-28,8255,0.0,0
2026-01-28,8261,0.0,0
2026-01-29,2327,0.0,0
2026-01-29,2492,0.0,0
2026-01-29,3026,0.0,0
2026-01-29,2472,0.0,0
2026-01-29,3357,0.0,0
2026-01-29,5425,0.0,0
2026-01-29,2481,0.22,3
2026-01-29,3675,0.22,3
2026-01-29,8255,0.0,0
2026-01-29,8261,0.0,0
2026-01-30,2327,0.0,0
2026-01-30,2492,0.0,0
2026-01-30,3026,0.0,0
2026-01-30,2472,0.0,0
2026-01-30,3357,0.0,0
2026-01-30,5425,0.0,0
2026-01-30,2481,0.0,0
2026-01-30,3675,0.0,0
2026-01-30,8255,0.0,0
2026-01-30,8261,0.0,0
2026-02-02,2327,0.0,0
2026-02-02,2492,0.0,0
2026-02-02,3026,0.0,0
2026-02-02,2472,0.0,0
2026-02-02,3357,0.0,0
2026-02-02,5425,0.0,0
2026-02-02,2481,0.0507,1
2026-02-02,3675,0.0,0
2026-02-02,8255,-0.006,1
2026-02-02,8261,0.0,0
2026-02-03,2327,0.0,0
2026-02-03,2492,0.064,2
2026-02-03,3026,0.0,0
2026-02-03,2472,0.0,0
2026-02-03,3357,0.0,0
2026-02-03,5425,0.0,0
2026-02-03,2481,0.0,0
2026-02-03,3675,0.0,0
2026-02-03,8255,0.0,0
2026-02-03,8261,0.0,0
2026-02-04,2327,0.0,0
2026-02-04,2492,0.0,0
2026-02-04,3026,0.0,0
2026-02-04,2472,0.0,0
2026-02-04,3357,0.0,0
2026-02-04,5425,0.0,0
2026-02-04,2481,0.0,0
2026-02-04,3675,0.0,0
2026-02-04,8255,0.0,0
2026-02-04,8261,0.0,0
2026-02-05,2327,0.0,0
2026-02-05,2492,0.0,1
2026-02-05,3026,-0.0756,2
2026-02-05,2472,-0.0756,2
2026-02-05,3357,0.0,0
2026-02-05,5425,0.0,0
2026-02-05,2481,0.0912,3
2026-02-05,3675,-0.1732,3
2026-02-05,8255,0.0,0
2026-02-05,8261,0.077,2
2026-02-06,2327,0.0,0
2026-02-06,2492,0.0,0
2026-02-06,3026,-0.1732,3
2026-02-06,2472,-0.1732,3
2026-02-06,3357,-0.0756,2
2026-02-06,5425,0.0,0
2026-02-06,2481,0.0,0
2026-02-06,3675,0.0,0
2026-02-06,8255,-0.1732,3
2026-02-06,8261,-0.0756,2
2026-02-09,2327,-0.1115,2
2026-02-09,2492,-0.1732,3
2026-02-09,3026,-0.0816,3
2026-02-09,2472,0.0,0
2026-02-09,3357,-0.0756,2
2026-02-09,5425,0.0,0
2026-02-09,2481,-0.082,6
2026-02-09,3675,0.0,0
2026-02-09,8255,-0.0756,2
2026-02-09,8261,0.0,0
2026-02-10,2327,-0.1115,2
2026-02-10,2492,-0.1732,3
2026-02-10,3026,0.0,0
2026-02-10,2472,0.0,0
2026-02-10,3357,0.0,0
2026-02-10,5425,0.0,0
2026-02-10,2481,-0.0254,1
2026-02-10,3675,0.0,0
2026-02-10,8255,0.0,0
2026-02-10,8261,0.0,0
2026-02-11,2327,0.0,0
2026-02-11,2492,0.0,0
2026-02-11,3026,-0.02,2
2026-02-11,2472,0.0,0
2026-02-11,3357,0.0,0
2026-02-11,5425,0.0,0
2026-02-11,2481,0.0,0
2026-02-11,3675,0.0,0
2026-02-11,8255,0.0,0
2026-02-11,8261,0.0,0
2026-02-23,2327,0.2543,5
2026-02-23,2492,0.1967,8
2026-02-23,3026,0.1836,3
2026-02-23,2472,0.0,0
2026-02-23,3357,0.0,0
2026-02-23,5425,0.0,0
2026-02-23,2481,0.0,0
2026-02-23,3675,-0.0624,3
2026-02-23,8255,0.0,0
2026-02-23,8261,0.0,0
2026-02-24,2327,-0.0326,4
2026-02-24,2492,0.3566,9
2026-02-24,3026,-0.0193,1
2026-02-24,2472,0.0,0
2026-02-24,3357,0.0,0
2026-02-24,5425,0.0,0
2026-02-24,2481,0.0,0
2026-02-24,3675,0.3405,12
2026-02-24,8255,-0.0193,1
2026-02-24,8261,0.0,0
2026-02-25,2327,0.0,0
2026-02-25,2492,0.0553,8
2026-02-25,3026,0.0,0
2026-02-25,2472,0.0,0
2026-02-25,3357,0.0,0
2026-02-25,5425,0.0,0
2026-02-25,2481,0.0,0
2026-02-25,3675,0.1564,1
2026-02-25,8255,0.0,0
2026-02-25,8261,0.1573,4
2026-02-26,2327,0.0,0
2026-02-26,2492,0.0,0
2026-02-26,3026,0.0,0
2026-02-26,2472,0.0,0
2026-02-26,3357,0.329,8
2026-02-26,5425,0.0,0
2026-02-26,2481,0.0,0
2026-02-26,3675,0.0,0
2026-02-26,8255,0.0,0
2026-02-26,8261,0.1066,2
2026-03-02,2327,0.0,0
2026-03-02,2492,-0.0332,2
2026-03-02,3026,0.0,0
2026-03-02,2472,0.0,0
2026-03-02,3357,0.1814,6
2026-03-02,5425,0.0,0
2026-03-02,2481,0.0322,2
2026-03-02,3675,-0.0139,1
2026-03-02,8255,0.0,0
2026-03-02,8261,0.0,0
2026-03-03,2327,0.0,0
2026-03-03,2492,0.0,0
2026-03-03,3026,0.0,0
2026-03-03,2472,0.0,0
2026-03-03,3357,-0.0193,1
2026-03-03,5425,0.0,0
2026-03-03,2481,0.0,0
2026-03-03,3675,-0.0756,2
2026-03-03,8255,0.0,0
2026-03-03,8261,0.0,0
2026-03-04,2327,0.0,0
2026-03-04,2492,0.0,0
2026-03-04,3026,0.0755,3
2026-03-04,2472,0.0,0
2026-03-04,3357,0.0,0
2026-03-04,5425,0.0,0
2026-03-04,2481,0.0,0
2026-03-04,3675,0.0,0
2026-03-04,8255,0.0,0
2026-03-04,8261,0.0,0
2026-03-05,2327,0.0,0
2026-03-05,2492,0.0,0
2026-03-05,3026,0.1564,1
2026-03-05,2472,0.0,0
2026-03-05,3357,0.0,0
2026-03-05,5425,0.0,0
2026-03-05,2481,-0.0058,3
2026-03-05,3675,0.0,0
2026-03-05,8255,0.0,0
2026-03-05,8261,0.0,0
2026-03-06,2327,0.0,0
2026-03-06,2492,0.0,0
2026-03-06,3026,0.1425,2
2026-03-06,2472,-0.0756,2
2026-03-06,3357,-0.1732,3
2026-03-06,5425,0.0,0
2026-03-06,2481,0.0081,2
2026-03-06,3675,0.0,0
2026-03-06,8255,-0.1732,3
2026-03-06,8261,-0.1732,3
2026-03-09,2327,-0.0139,1
2026-03-09,2492,-0.389,2
2026-03-09,3026,0.0,0
2026-03-09,2472,0.0,0
2026-03-09,3357,-0.0425,1
2026-03-09,5425,0.0,0
2026-03-09,2481,-0.389,1
2026-03-09,3675,-0.4223,3
2026-03-09,8255,0.0,0
2026-03-09,8261,0.0,0
2026-03-10,2327,0.0,0
2026-03-10,2492,-0.2157,4
2026-03-10,3026,0.0,0
2026-03-10,2472,0.0,0
2026-03-10,3357,0.0,0
2026-03-10,5425,0.0,0
2026-03-10,2481,-0.1732,3
2026-03-10,3675,0.0,0
2026-03-10,8255,0.0,0
2026-03-10,8261,0.0,0
2026-03-11,2327,0.0,0
2026-03-11,2492,0.0,0
2026-03-11,3026,0.0,0
2026-03-11,2472,0.0,0
2026-03-11,3357,-0.0757,3
2026-03-11,5425,0.0,0
2026-03-11,2481,0.1529,10
2026-03-11,3675,0.0971,3
2026-03-11,8255,0.0,0
2026-03-11,8261,0.0,0
2026-03-12,2327,0.0,0
2026-03-12,2492,0.0,0
2026-03-12,3026,0.0,0
2026-03-12,2472,0.0,0
2026-03-12,3357,0.0,0
2026-03-12,5425,0.0,0
2026-03-12,2481,-0.0332,2
2026-03-12,3675,0.0971,3
2026-03-12,8255,0.0,0
2026-03-12,8261,0.02,1
2026-03-13,2327,0.0,0
2026-03-13,2492,0.0,0
2026-03-13,3026,0.0,0
2026-03-13,2472,0.1371,2
2026-03-13,3357,-0.0332,2
2026-03-13,5425,0.0,0
2026-03-13,2481,-0.1802,2
2026-03-13,3675,0.0,0
2026-03-13,8255,0.0,0
2026-03-13,8261,0.0,0
2026-03-16,2327,0.0,0
2026-03-16,2492,0.0,0
2026-03-16,3026,0.0,0
2026-03-16,2472,-0.0332,2
2026-03-16,3357,0.0,0
2026-03-16,5425,0.0,0
2026-03-16,2481,0.0,0
2026-03-16,3675,0.0,0
2026-03-16,8255,0.0,0
2026-03-16,8261,0.0,0
2026-03-17,2327,0.0,0
2026-03-17,2492,0.0835,9
2026-03-17,3026,0.0,0
2026-03-17,2472,0.0,0
2026-03-17,3357,0.0,0
2026-03-17,5425,0.0,0
2026-03-17,2481,0.1312,4
2026-03-17,3675,-0.0425,1
2026-03-17,8255,0.0,0
2026-03-17,8261,0.0,0
2026-03-18,2327,0.0,0
2026-03-18,2492,0.0642,3
2026-03-18,3026,0.0,0
2026-03-18,2472,0.0061,2
2026-03-18,3357,0.0,0
2026-03-18,5425,0.0,0
2026-03-18,2481,-0.0157,5
2026-03-18,3675,-0.0494,3
2026-03-18,8255,0.0,0
2026-03-18,8261,0.0,0
2026-03-19,2327,0.0,0
2026-03-19,2492,0.0536,2
2026-03-19,3026,0.0,0
2026-03-19,2472,0.1564,1
2026-03-19,3357,0.0,0
2026-03-19,5425,0.0,0
2026-03-19,2481,0.1221,4
2026-03-19,3675,-0.0425,1
2026-03-19,8255,0.0,0
2026-03-19,8261,-0.0425,1
2026-03-20,2327,0.0,0
2026-03-20,2492,0.0336,1
2026-03-20,3026,0.0,0
2026-03-20,2472,0.0,0
2026-03-20,3357,0.0,0
2026-03-20,5425,0.0,0
2026-03-20,2481,0.0,0
2026-03-20,3675,0.0,0
2026-03-20,8255,0.0,0
2026-03-20,8261,0.0,0
2026-03-23,2327,0.0,0
2026-03-23,2492,-0.1033,4
2026-03-23,3026,0.0129,2
2026-03-23,2472,0.0,0
2026-03-23,3357,0.0,0
2026-03-23,5425,0.0,0
2026-03-23,2481,0.0204,4
2026-03-23,3675,0.0,0
2026-03-23,8255,0.0,0
2026-03-23,8261,0.0,0
2026-03-24,2327,0.0,0
2026-03-24,2492,0.0,0
2026-03-24,3026,0.1494,6
2026-03-24,2472,0.0,0
2026-03-24,3357,0.0,0
2026-03-24,5425,0.0,0
2026-03-24,2481,0.0426,8
2026-03-24,3675,0.1932,4
2026-03-24,8255,0.0,0
2026-03-24,8261,0.0,0
2026-03-25,2327,0.0,0
2026-03-25,2492,0.0336,6
2026-03-25,3026,0.2006,9
2026-03-25,2472,0.0,1
2026-03-25,3357,0.2125,3
2026-03-25,5425,0.0,0
2026-03-25,2481,0.0081,2
2026-03-25,3675,0.02,1
2026-03-25,8255,0.0,0
2026-03-25,8261,0.0,0
2026-03-26,2327,0.0,0
2026-03-26,2492,0.0,0
2026-03-26,3026,0.0769,4
2026-03-26,2472,0.0976,4
2026-03-26,3357,0.2014,7
2026-03-26,5425,0.0,0
2026-03-26,2481,0.0,0
2026-03-26,3675,0.0,0
2026-03-26,8255,0.0,0
2026-03-26,8261,0.0,0
2026-03-27,2327,0.0,0
2026-03-27,2492,0.0,0
2026-03-27,3026,0.1034,6
2026-03-27,2472,0.0,0
2026-03-27,3357,-0.0074,3
2026-03-27,5425,0.0,0
2026-03-27,2481,0.0,0
2026-03-27,3675,0.0,0
2026-03-27,8255,0.0,0
2026-03-27,8261,0.0,0
2026-03-30,2327,0.0,0
2026-03-30,2492,-0.0133,1
2026-03-30,3026,0.2345,2
2026-03-30,2472,0.0,0
2026-03-30,3357,0.0,0
2026-03-30,5425,0.0,0
2026-03-30,2481,-0.389,1
2026-03-30,3675,0.0,0
2026-03-30,8255,0.0,0
2026-03-30,8261,0.0,0
2026-03-31,2327,0.0,0
2026-03-31,2492,0.0,0
2026-03-31,3026,0.0,0
2026-03-31,2472,-0.02,2
2026-03-31,3357,0.0,0
2026-03-31,5425,0.0,0
2026-03-31,2481,0.0,0
2026-03-31,3675,0.0,0
2026-03-31,8255,0.0,0
2026-03-31,8261,0.0,0
2026-04-01,2327,0.0,0
2026-04-01,2492,0.0,0
2026-04-01,3026,-0.006,1
2026-04-01,2472,-0.0139,1
2026-04-01,3357,0.0,0
2026-04-01,5425,0.0,0
2026-04-01,2481,0.0,0
2026-04-01,3675,0.0,0
2026-04-01,8255,0.0,0
2026-04-01,8261,0.0,0
2026-04-02,2327,0.0,0
2026-04-02,2492,0.0,0
2026-04-02,3026,0.0,0
2026-04-02,2472,0.0,0
2026-04-02,3357,0.0,0
2026-04-02,5425,0.0,0
2026-04-02,2481,-0.0727,4
2026-04-02,3675,0.0,0
2026-04-02,8255,0.0,0
2026-04-02,8261,0.0,0
2026-04-07,2327,0.0,0
2026-04-07,2492,0.0,0
2026-04-07,3026,-0.0761,9
2026-04-07,2472,-0.0756,2
2026-04-07,3357,-0.1532,4
2026-04-07,5425,0.0,0
2026-04-07,2481,-0.145,7
2026-04-07,3675,0.0,0
2026-04-07,8255,0.0,0
2026-04-07,8261,-0.1732,3
2026-04-08,2327,-0.0139,1
2026-04-08,2492,-0.0139,1
2026-04-08,3026,-0.0435,7
2026-04-08,2472,0.0645,10
2026-04-08,3357,-0.0586,3
2026-04-08,5425,0.0,0
2026-04-08,2481,0.0923,4
2026-04-08,3675,-0.0756,2
2026-04-08,8255,0.0,0
2026-04-08,8261,0.0507,1
2026-04-09,2327,0.1476,2
2026-04-09,2492,-0.1986,4
2026-04-09,3026,0.02,1
2026-04-09,2472,0.02,1
2026-04-09,3357,0.0,0
2026-04-09,5425,0.0,0
2026-04-09,2481,0.0,0
2026-04-09,3675,-0.0979,5
2026-04-09,8255,0.0,0
2026-04-09,8261,0.0507,1
2026-04-10,2327,0.0,0
2026-04-10,2492,-0.1241,4
2026-04-10,3026,0.0696,6
2026-04-10,2472,0.0,0
2026-04-10,3357,0.0,0
2026-04-10,5425,0.0,0
2026-04-10,2481,-0.1732,3
2026-04-10,3675,0.0,0
2026-04-10,8255,0.0,0
2026-04-10,8261,0.0,0
2026-04-13,2327,-0.0139,1
2026-04-13,2492,-0.0485,3
2026-04-13,3026,-0.0894,7
2026-04-13,2472,0.1924,8
2026-04-13,3357,0.0782,3
2026-04-13,5425,0.0,0
2026-04-13,2481,-0.0756,2
2026-04-13,3675,0.0,0
2026-04-13,8255,0.0,0
2026-04-13,8261,0.0,0
2026-04-14,2327,0.0,0
2026-04-14,2492,-0.0089,2
2026-04-14,3026,0.1606,8
2026-04-14,2472,0.0536,2
2026-04-14,3357,-0.0425,1
2026-04-14,5425,0.0,0
2026-04-14,2481,0.0,0
2026-04-14,3675,0.0,0
2026-04-14,8255,0.0,0
2026-04-14,8261,0.0,0
2026-04-15,2327,0.1117,3
2026-04-15,2492,0.0,0
2026-04-15,3026,-0.0109,4
2026-04-15,2472,0.0,0
2026-04-15,3357,0.049,2
2026-04-15,5425,0.0,0
2026-04-15,2481,-0.0332,2
2026-04-15,3675,0.0,0
2026-04-15,8255,0.0,0
2026-04-15,8261,-0.0809,2
2026-04-16,2327,0.0,0
2026-04-16,2492,0.0507,1
2026-04-16,3026,0.3512,4
2026-04-16,2472,0.0,0
2026-04-16,3357,-0.1094,2
2026-04-16,5425,0.0,0
2026-04-16,2481,0.1817,4
2026-04-16,3675,0.0,0
2026-04-16,8255,0.0,0
2026-04-16,8261,-0.0756,2
2026-04-17,2327,0.0,0
2026-04-17,2492,-0.0425,1
2026-04-17,3026,0.1191,7
2026-04-17,2472,0.0,0
2026-04-17,3357,-0.0425,1
2026-04-17,5425,0.0,0
2026-04-17,2481,0.107,6
2026-04-17,3675,0.0,0
2026-04-17,8255,0.0,0
2026-04-17,8261,0.0971,3
2026-04-20,2327,0.0,0
2026-04-20,2492,0.0,0
2026-04-20,3026,0.0,0
2026-04-20,2472,0.0,0
2026-04-20,3357,0.0,0
2026-04-20,5425,0.0,0
2026-04-20,2481,0.0,0
2026-04-20,3675,0.0,0
2026-04-20,8255,0.0,0
2026-04-20,8261,0.0,0
2026-04-21,2327,0.0,0
2026-04-21,2492,-0.0193,1
2026-04-21,3026,0.1538,5
2026-04-21,2472,0.0,0
2026-04-21,3357,0.0,0
2026-04-21,5425,0.0,0
2026-04-21,2481,0.0,0
2026-04-21,3675,0.0,0
2026-04-21,8255,0.0,0
2026-04-21,8261,0.0,0
2026-04-22,2327,0.0,0
2026-04-22,2492,0.0,0
2026-04-22,3026,0.02,1
2026-04-22,2472,0.0,0
2026-04-22,3357,0.0,0
2026-04-22,5425,0.0,0
2026-04-22,2481,0.0,0
2026-04-22,3675,0.0711,7
2026-04-22,8255,0.0,0
2026-04-22,8261,0.0,0
2026-04-23,2327,0.07,1
2026-04-23,2492,0.0,0
2026-04-23,3026,0.0887,3
2026-04-23,2472,0.0,0
2026-04-23,3357,-0.389,1
2026-04-23,5425,0.0,0
2026-04-23,2481,-0.0058,3
2026-04-23,3675,0.095,6
2026-04-23,8255,0.0,0
2026-04-23,8261,-0.0332,2
2026-04-24,2327,0.0,0
2026-04-24,2492,0.0,0
2026-04-24,3026,0.1201,6
2026-04-24,2472,0.0,0
2026-04-24,3357,-0.4315,2
2026-04-24,5425,0.0,0
2026-04-24,2481,0.0,0
2026-04-24,3675,0.0,0
2026-04-24,8255,0.0,0
2026-04-24,8261,0.0,0
2026-04-27,2327,-0.0133,1
2026-04-27,2492,0.0,0
2026-04-27,3026,-0.0677,2
2026-04-27,2472,0.0,0
2026-04-27,3357,0.0,0
2026-04-27,5425,0.0,0
2026-04-27,2481,0.1068,5
2026-04-27,3675,0.0,0
2026-04-27,8255,0.0,0
2026-04-27,8261,0.0,0
2026-04-28,2327,0.1044,4
2026-04-28,2492,0.2609,12
2026-04-28,3026,-0.0193,1
2026-04-28,2472,0.0,0
2026-04-28,3357,0.0,0
2026-04-28,5425,0.0,0
2026-04-28,2481,0.0,0
2026-04-28,3675,0.0,0
2026-04-28,8255,0.0,0
2026-04-28,8261,0.0,0
2026-04-29,2327,0.0,0
2026-04-29,2492,0.2935,3
2026-04-29,3026,0.0,0
2026-04-29,2472,0.0,0
2026-04-29,3357,0.0,0
2026-04-29,5425,0.0,0
2026-04-29,2481,0.0,0
2026-04-29,3675,-0.0193,1
2026-04-29,8255,0.0,0
2026-04-29,8261,0.0,0
2026-04-30,2327,0.0,0
2026-04-30,2492,-0.2459,3
2026-04-30,3026,0.0,0
2026-04-30,2472,0.0,0
2026-04-30,3357,0.0,0
2026-04-30,5425,0.0,0
2026-04-30,2481,0.0,0
2026-04-30,3675,0.0,0
2026-04-30,8255,0.0,0
2026-04-30,8261,0.0,0
2026-05-04,2327,0.0,0
2026-05-04,2492,0.0,0
2026-05-04,3026,0.0269,4
2026-05-04,2472,0.0,0
2026-05-04,3357,0.0,0
2026-05-04,5425,0.0,0
2026-05-04,2481,-0.006,1
2026-05-04,3675,-0.0332,2
2026-05-04,8255,0.0,0
2026-05-04,8261,0.0,0
2026-05-05,2327,0.0,0
2026-05-05,2492,0.0111,3
2026-05-05,3026,0.0111,3
2026-05-05,2472,0.0,0
2026-05-05,3357,0.0,0
2026-05-05,5425,0.0,0
2026-05-05,2481,0.0,0
2026-05-05,3675,-0.1846,6
2026-05-05,8255,0.0,0
2026-05-05,8261,0.0,0
2026-05-06,2327,0.0,0
2026-05-06,2492,-0.0332,2
2026-05-06,3026,0.0437,7
2026-05-06,2472,0.0,0
2026-05-06,3357,0.0,0
2026-05-06,5425,0.0,0
2026-05-06,2481,0.0,0
2026-05-06,3675,-0.006,1
2026-05-06,8255,0.0,0
2026-05-06,8261,-0.0756,2
2026-05-07,2327,-0.1532,4
2026-05-07,2492,0.0909,4
2026-05-07,3026,0.2316,14
2026-05-07,2472,0.0,0
2026-05-07,3357,-0.1925,4
2026-05-07,5425,0.0,0
2026-05-07,2481,-0.0139,1
2026-05-07,3675,0.0153,6
2026-05-07,8255,0.0,0
2026-05-07,8261,-0.0756,2
2026-05-08,2327,0.0,0
2026-05-08,2492,-0.1532,4
2026-05-08,3026,0.3218,13
2026-05-08,2472,0.3001,9
2026-05-08,3357,-0.02,2
2026-05-08,5425,0.0,0
2026-05-08,2481,-0.0756,2
2026-05-08,3675,0.0,0
2026-05-08,8255,0.0,0
2026-05-08,8261,0.0,0
2026-05-11,2327,0.0202,2
2026-05-11,2492,0.5926,10
2026-05-11,3026,0.0174,6
2026-05-11,2472,0.1009,4
2026-05-11,3357,0.0,0
2026-05-11,5425,0.0,0
2026-05-11,2481,0.014,2
2026-05-11,3675,0.0852,8
2026-05-11,8255,0.0,0
2026-05-11,8261,0.0,0
2026-05-12,2327,-0.0407,4
2026-05-12,2492,0.2731,8
2026-05-12,3026,0.0,0
2026-05-12,2472,0.1238,5
2026-05-12,3357,0.0,0
2026-05-12,5425,0.0,0
2026-05-12,2481,0.1472,4
2026-05-12,3675,-0.0139,1
2026-05-12,8255,0.0,0
2026-05-12,8261,0.0,0
2026-05-13,2327,0.0,0
2026-05-13,2492,0.1521,10
2026-05-13,3026,0.0336,1
2026-05-13,2472,0.2126,6
2026-05-13,3357,0.0001,3
2026-05-13,5425,0.0,0
2026-05-13,2481,0.0101,4
2026-05-13,3675,-0.0818,3
2026-05-13,8255,0.0,0
2026-05-13,8261,0.0,0
2026-05-14,2327,0.1832,4
2026-05-14,2492,0.3074,11
2026-05-14,3026,0.1367,4
2026-05-14,2472,-0.0669,1
2026-05-14,3357,0.077,2
2026-05-14,5425,0.0,0
2026-05-14,2481,0.02,1
2026-05-14,3675,0.0,0
2026-05-14,8255,0.0,0
2026-05-14,8261,0.0,0
2026-05-15,2327,0.0,0
2026-05-15,2492,-0.3853,4
2026-05-15,3026,0.0476,3
2026-05-15,2472,0.0942,2
2026-05-15,3357,0.0401,2
2026-05-15,5425,0.0,0
2026-05-15,2481,0.02,1
2026-05-15,3675,0.0,0
2026-05-15,8255,0.0,0
2026-05-15,8261,0.0,0
2026-05-18,2327,0.1619,4
2026-05-18,2492,0.0219,4
2026-05-18,3026,0.0749,10
2026-05-18,2472,0.0,0
2026-05-18,3357,0.0,0
2026-05-18,5425,0.0,0
2026-05-18,2481,0.0384,6
2026-05-18,3675,-0.0818,3
2026-05-18,8255,0.0,0
2026-05-18,8261,0.0,0
2026-05-19,2327,-0.0669,1
2026-05-19,2492,0.143,1
2026-05-19,3026,0.1105,6
2026-05-19,2472,0.0,0
2026-05-19,3357,0.0,0
2026-05-19,5425,0.0,0
2026-05-19,2481,0.1264,6
2026-05-19,3675,0.0771,6
2026-05-19,8255,0.0,0
2026-05-19,8261,0.0,0
2026-05-20,2327,0.02,1
2026-05-20,2492,0.1478,7
2026-05-20,3026,0.1916,7
2026-05-20,2472,0.0,0
2026-05-20,3357,0.1491,9
2026-05-20,5425,0.0,0
2026-05-20,2481,0.0142,4
2026-05-20,3675,-0.0282,5
2026-05-20,8255,0.0,0
2026-05-20,8261,0.2147,5
2026-05-21,2327,-0.0618,6
2026-05-21,2492,0.2366,11
2026-05-21,3026,0.163,2
2026-05-21,2472,0.0,0
2026-05-21,3357,0.148,6
2026-05-21,5425,0.0,0
2026-05-21,2481,0.0123,4
2026-05-21,3675,0.02,1
2026-05-21,8255,0.0,0
2026-05-21,8261,0.02,1
2026-05-22,2327,0.0069,5
2026-05-22,2492,0.2836,8
2026-05-22,3026,0.02,1
2026-05-22,2472,0.0,0
2026-05-22,3357,0.02,1
2026-05-22,5425,0.0,0
2026-05-22,2481,0.0,0
2026-05-22,3675,0.0362,1
2026-05-22,8255,0.0,0
2026-05-22,8261,0.0971,3
2026-05-25,2327,0.0,0
2026-05-25,2492,-0.0276,5
2026-05-25,3026,0.3106,10
2026-05-25,2472,0.0,0
2026-05-25,3357,0.0,0
2026-05-25,5425,0.0,0
2026-05-25,2481,-0.0669,1
2026-05-25,3675,0.0,0
2026-05-25,8255,0.0,0
2026-05-25,8261,0.2097,4
2026-05-26,2327,0.0,0
2026-05-26,2492,0.3442,5
2026-05-26,3026,-0.2184,6
2026-05-26,2472,0.0,0
2026-05-26,3357,0.0,0
2026-05-26,5425,0.0,0
2026-05-26,2481,0.0328,4
2026-05-26,3675,0.0,0
2026-05-26,8255,0.0,0
2026-05-26,8261,0.1673,5
2026-05-27,2327,0.0202,2
2026-05-27,2492,-0.1884,4
2026-05-27,3026,0.423,7
2026-05-27,2472,0.0,0
2026-05-27,3357,0.0631,3
2026-05-27,5425,0.0,0
2026-05-27,2481,-0.0172,3
2026-05-27,3675,0.0546,4
2026-05-27,8255,0.0,0
2026-05-27,8261,0.0,0
2026-05-28,2327,0.1318,6
2026-05-28,2492,0.1653,5
2026-05-28,3026,0.1705,3
2026-05-28,2472,0.0,0
2026-05-28,3357,0.0,0
2026-05-28,5425,0.0,0
2026-05-28,2481,0.1327,2
2026-05-28,3675,0.1978,5
2026-05-28,8255,0.0,0
2026-05-28,8261,0.02,1
2026-05-29,2327,-0.0254,1
2026-05-29,2492,0.0684,6
2026-05-29,3026,0.1765,2
2026-05-29,2472,0.0,0
2026-05-29,3357,0.1564,1
2026-05-29,5425,0.0,0
2026-05-29,2481,0.0282,3
2026-05-29,3675,0.0,0
2026-05-29,8255,0.0,0
2026-05-29,8261,0.0,0
2026-06-01,2327,0.0,0
2026-06-01,2492,0.0186,7
2026-06-01,3026,0.0336,1
2026-06-01,2472,0.0,0
2026-06-01,3357,0.0,0
2026-06-01,5425,0.0,0
2026-06-01,2481,0.0761,2
2026-06-01,3675,0.1291,2
2026-06-01,8255,0.0,0
2026-06-01,8261,0.0,0
2026-06-02,2327,-0.389,1
2026-06-02,2492,-0.3294,10
2026-06-02,3026,0.0336,1
2026-06-02,2472,0.0,0
2026-06-02,3357,0.0,0
2026-06-02,5425,0.0,0
2026-06-02,2481,-0.0102,3
2026-06-02,3675,-0.1532,4
2026-06-02,8255,0.0,0
2026-06-02,8261,0.0,0
2026-06-03,2327,0.0,0
2026-06-03,2492,-0.2349,5
2026-06-03,3026,0.143,1
2026-06-03,2472,0.0,0
2026-06-03,3357,0.0,0
2026-06-03,5425,0.0,0
2026-06-03,2481,0.095,6
2026-06-03,3675,-0.0139,1
2026-06-03,8255,0.0,0
2026-06-03,8261,0.0,0
2026-06-04,2327,0.0,0
2026-06-04,2492,0.0536,2
2026-06-04,3026,-0.0139,1
2026-06-04,2472,0.0,0
2026-06-04,3357,0.0,0
2026-06-04,5425,0.0,0
2026-06-04,2481,-0.0529,3
2026-06-04,3675,-0.0139,1
2026-06-04,8255,0.0,0
2026-06-04,8261,0.0,0
2026-06-05,2327,-0.0139,1
2026-06-05,2492,-0.3822,6
2026-06-05,3026,-0.0302,4
2026-06-05,2472,0.0,0
2026-06-05,3357,-0.0387,7
2026-06-05,5425,0.0,0
2026-06-05,2481,-0.006,1
2026-06-05,3675,0.0,0
2026-06-05,8255,0.0,0
2026-06-05,8261,-0.1732,3
2026-06-08,2327,0.0,0
2026-06-08,2492,0.0063,3
2026-06-08,3026,-0.0756,2
2026-06-08,2472,0.0,0
2026-06-08,3357,-0.0579,7
2026-06-08,5425,0.0,0
2026-06-08,2481,0.0,0
2026-06-08,3675,0.0,0
2026-06-08,8255,0.0,0
2026-06-08,8261,-0.0756,2
2026-06-09,2327,0.1415,3
2026-06-09,2492,-0.0026,9
2026-06-09,3026,0.2747,8
2026-06-09,2472,0.0,0
2026-06-09,3357,0.0,0
2026-06-09,5425,0.0,0
2026-06-09,2481,0.1564,1
2026-06-09,3675,-0.389,1
2026-06-09,8255,0.0,0
2026-06-09,8261,0.0,0
2026-06-10,2327,0.1234,10
2026-06-10,2492,0.0361,5
2026-06-10,3026,0.4177,9
2026-06-10,2472,0.0,0
2026-06-10,3357,0.0937,4
2026-06-10,5425,-0.1532,4
2026-06-10,2481,-0.4646,3
2026-06-10,3675,-0.389,1
2026-06-10,8255,0.0,0
2026-06-10,8261,0.0,0
2026-06-11,2327,0.0,0
2026-06-11,2492,0.2096,6
2026-06-11,3026,0.22,3
2026-06-11,2472,0.0,0
2026-06-11,3357,0.0507,1
2026-06-11,5425,0.1198,3
2026-06-11,2481,-0.0756,2
2026-06-11,3675,0.1582,4
2026-06-11,8255,0.0,0
2026-06-11,8261,0.0,0
2026-06-12,2327,0.02,1
2026-06-12,2492,-0.007,5
2026-06-12,3026,0.301,7
2026-06-12,2472,0.0,0
2026-06-12,3357,0.0,0
2026-06-12,5425,0.0719,6
2026-06-12,2481,0.0,0
2026-06-12,3675,-0.0139,1
2026-06-12,8255,0.0,0
2026-06-12,8261,0.0377,4
2026-06-15,2327,0.1852,10
2026-06-15,2492,0.0937,8
2026-06-15,3026,0.1744,10
2026-06-15,2472,0.0,0
2026-06-15,3357,0.1112,4
2026-06-15,5425,0.0,0
2026-06-15,2481,0.0,0
2026-06-15,3675,0.0,0
2026-06-15,8255,0.0,0
2026-06-15,8261,0.0,0
2026-06-16,2327,0.0336,1
2026-06-16,2492,0.0628,6
2026-06-16,3026,0.0336,1
2026-06-16,2472,0.0,0
2026-06-16,3357,0.0,0
2026-06-16,5425,0.0,0
2026-06-16,2481,0.0,0
2026-06-16,3675,0.0,0
2026-06-16,8255,0.0,0
2026-06-16,8261,0.0,0
2026-06-17,2327,0.0,0
2026-06-17,2492,-0.0469,2
2026-06-17,3026,0.0853,6
2026-06-17,2472,0.0,0
2026-06-17,3357,0.0,0
2026-06-17,5425,0.1705,5
2026-06-17,2481,0.0736,3
2026-06-17,3675,0.0,0
2026-06-17,8255,0.0,0
2026-06-17,8261,0.0971,3
