Date,Close,High,Low,Open,Volume,MA5,MA20,MA60,RSI,MACD,MACD_signal,MACD_hist,BB_upper,BB_mid,BB_lower,Volume_MA20,Volume_ratio,ATR,pct_change,usdtwd_pct,twii_pct,murata_pct,tdk_pct
2023-12-20,119.1153793334961,120.08536457853909,118.92137096627167,119.69737613962981,7205289,120.93896789550782,116.66128807067871,108.38723030090333,60.76028744007025,3.318537917030781,3.366913753445514,-0.04837583641473264,124.7377255768146,116.66128807067871,108.58485056454282,14817765.05,0.4862601732236266,2.7045787522839158,-0.3246710546896625,-0.33465989557395215,0.33367432683415466,0.17680639486283845,2.2539462636961938
2023-12-21,117.75737762451172,119.11537960712313,116.9813865971408,117.75737762451172,7215220,119.89137115478516,117.26268424987794,108.66529541015625,56.692609046320385,3.008158998758674,3.295162802508146,-0.2870038037494722,123.4916467049211,117.26268424987794,111.03372179483478,15002982.35,0.480919048738333,2.6285006533103714,-1.1400725217709073,0.12791495872452874,-0.5186161111112364,-0.705968298123183,-1.3960300270427495
2023-12-22,115.6233901977539,118.72737548887461,114.6533978891033,117.75737610633918,13347198,118.45577850341797,117.46638298034668,108.90779406229655,50.92335073510317,2.5604710031202558,3.1482244426305686,-0.5877534395103128,123.15137440745818,117.46638298034668,111.78139155323518,14038644.15,0.9507469423249111,2.821230912838497,-1.8121900044024142,-0.3736782960108931,0.30147861455658287,1.0131420976176697,-0.044722893065618496
2023-12-25,115.23539733886719,116.01138837407738,114.45939922977202,115.6233928564723,7630302,117.44698333740234,117.68948211669922,109.13735961914062,49.92849844281058,2.149588145963918,2.948497183297239,-0.798909037333321,122.56048898565223,117.68948211669922,112.81847524774622,14004855.4,0.5448326156941256,2.6519986770340798,-0.3355660634263735,-0.36226354270691985,0.04665088698287967,0.809438229309456,-0.7305761709260561
2023-12-26,116.3993911743164,116.78738669261733,115.04139624943569,115.4293917677366,4083196,116.82618713378906,117.74768180847168,109.3798583984375,52.90127594632154,1.8960288556241238,2.738003517762616,-0.841974662138492,122.52208551481579,117.74768180847168,112.97327810212758,12745979.05,0.3203516955411911,2.531197579187088,1.0101009432252228,0.127733444468503,0.8343763777672208,1.0123977559789887,0.750980116998412
2023-12-27,116.5933837890625,117.563383182269,116.39938956952912,116.78738508248078,3529231,116.32178802490235,117.76708145141602,109.59972381591797,53.39786461735112,1.6912393198604434,2.5286506781821814,-0.837411358321738,122.51819515818067,117.76708145141602,113.01596774465136,11991194.6,0.2943185493795589,2.348903716994128,0.16666119366173238,-0.5678033131921834,0.7873572184754041,1.8316979410633705,1.058441171525626
2023-12-28,115.81739044189453,117.36937953648042,114.84739106812918,116.78738274177512,7456205,115.93379058837891,117.72828178405761,109.84868914286295,51.07791623711465,1.4496156921249508,2.3128436809707353,-0.8632279888457846,122.53213456798089,117.72828178405761,112.92442900013434,11432622.4,0.6521867633798524,2.371981683841743,-0.6655552158704614,-0.31445393355279405,0.1054642742363665,2.1890338704401158,-1.0621145531203302
2023-12-29,115.81739044189453,116.39938723659984,114.84739106812918,116.39938723659984,4416866,115.97259063720703,117.72828178405761,110.0944211324056,51.07791623711465,1.2437895941313286,2.099032863602854,-0.8552432694715253,122.53213456798089,117.72828178405761,112.92442900013434,11174863.7,0.39525010045536396,2.2626502817922645,0.0,-0.4788328985291246,0.11413168589380351,-0.597811341231802,0.14911770600525287
2024-01-02,113.87740325927734,117.36938416522382,113.87740325927734,116.59338605038513,10333806,115.70099182128907,117.6118824005127,110.27872034708659,45.363507653337734,0.9135987780685042,1.861946046495984,-0.9483472684274799,122.67682589758662,117.6118824005127,112.54693890343877,11331187.05,0.9119791204929407,2.4265610316794928,-1.675039625064323,-0.044000291677548375,-0.4297116466016604,-0.597811341231802,0.14911770600525287
2024-01-03,112.13140869140625,113.48940357406819,111.5494118951061,112.7134054877064,9879916,114.84739532470704,117.39848327636719,110.45008608500163,40.925750975110034,0.5052092697210924,1.5905986911410057,-1.0853894214199133,123.0088031540006,117.39848327636719,111.78816339873377,11383051.55,0.8679496843708838,2.4134184093450592,-1.533223025726882,0.6860424901047546,-1.649228076412912,-0.597811341231802,0.14911770600525287
2024-01-04,111.93740844726562,114.45939694609282,111.54941293740177,114.07140143622897,6063599,113.91620025634765,117.2238842010498,110.61175206502278,40.452225499274554,0.16401280615882285,1.3052815141445693,-1.1412687079857464,123.29097986272828,117.2238842010498,111.15678853937132,11176803.9,0.5425163628396487,2.4796271559245255,-0.1730115106950314,0.5275459898703483,-0.055014439343803456,-2.839965206207473,-2.396922860593509
2024-01-05,110.96741485595703,112.51940395139935,110.96741485595703,112.51940395139935,5516168,112.94620513916016,117.00078544616699,110.70551834106445,38.079799798759176,-0.18255385840215865,1.0077144396352236,-1.1902682980373822,123.64629955437239,117.00078544616699,110.35527133796158,11044132.15,0.49946595396361676,2.355942081193565,-0.866549980711373,0.03898027981255048,-0.17384828156632448,-0.01719159029101025,-1.0372076397662577
2024-01-08,110.96741485595703,112.71340524103644,110.57941227668289,111.74340586673581,5422564,111.97621002197266,116.71948699951172,110.80251770019531,38.079799798759176,-0.45200006159493,0.7157715393891929,-1.167771600984123,123.89292605756295,116.71948699951172,109.54604794146049,10698376.35,0.5068585944819561,2.3263488656148965,0.0,-0.3284639253521182,0.3054917612432817,-0.01719159029101025,-1.0372076397662577
2024-01-09,109.60942840576172,111.54942022967293,109.22143287053359,111.54942022967293,7955589,111.12261505126953,116.244189453125,110.8962838490804,34.76896228096906,-0.7662830423274016,0.419360623045874,-1.1856436653732756,123.98636459419781,116.244189453125,108.5020143120522,9937421.3,0.8005687551960788,2.326567331418156,-1.223770466274332,-0.7463136321570363,-0.21152131518220596,-0.6534811180731626,-0.32367415238965247
2024-01-10,107.66943359375,108.83342724101588,107.28143806928973,108.83342724101588,10097936,110.23022003173828,115.62339248657227,110.92215042114258,30.666894552936327,-1.1585409975081689,0.10378029893506546,-1.2623212964432344,124.03122130334367,115.62339248657227,107.21556366980087,9486583.45,1.0644439121019909,2.3267570654253333,-1.7699160010488102,1.1070581272880409,-0.3983884913753566,2.527263548704761,4.499759322477281
2024-01-11,107.47543334960938,108.63942693168914,106.69943527026129,107.66942756403286,8463844,109.33782501220703,115.12869529724121,110.93508364359538,30.28213975129067,-1.4681386628090678,-0.2106034934137612,-1.2575351693953065,124.23891281415169,115.12869529724121,106.01847778033073,9166935.3,0.9233013785970541,2.275188344892336,-0.18018135478692354,0.18254264271539977,0.45626438441657147,0.8779345195098598,1.331752387311691
2024-01-12,108.6394271850586,109.02742268869517,107.47543360026415,107.47543360026415,5274677,108.87222747802734,114.4108985900879,110.97065010070801,35.51017530193701,-1.6011158021649976,-0.4887059551640085,-1.112409847000989,123.16668253298837,114.4108985900879,105.65511464718742,7833882.75,0.6733157960527301,2.1787618107847972,1.0830324653475332,-0.7192046382251016,-0.18517891834584077,-0.30125690679593253,3.21262412958494
2024-01-15,111.743408203125,112.13141079051171,109.02742546084257,109.99741778153953,12974963,109.02742614746094,113.85800132751464,111.11938273111979,46.93729827575341,-1.4394428152942282,-0.6788533271900525,-0.7605894881041757,121.73541325399158,113.85800132751464,105.9805894010377,7752913.7,1.6735595805742038,2.353858050073906,2.8571404493683783,0.587818268824547,0.19408761589856383,0.8897169479982203,-0.18393210018563533
2024-01-16,109.41541290283203,111.35540447499879,109.22141869733443,110.9674089901192,9321904,108.988623046875,113.31480331420899,111.22931543986003,41.06077367293986,-1.4820810653157963,-0.8394988748152012,-0.6425821905005951,120.8171676093976,113.31480331420899,105.81243901902037,7786656.6,1.1971638764704224,2.3762755775027946,-2.0833401609347546,0.38422436149399,-1.1395293752028635,-1.0981643685830544,1.0914355467719128
2024-01-17,108.44542694091797,114.26539492095206,108.05743143354397,111.54941222156442,26033135,109.1438217163086,112.76190605163575,111.33924814860026,38.87673517109144,-1.5759750864789197,-0.9867941171479451,-0.5891809693309746,119.96796368509966,112.76190605163575,105.55584841817183,8611080.4,3.0232135563384124,2.887167298823501,-0.8865167494962245,0.8430854010390787,-1.066936498019444,-2.658158126489163,-1.0095449279485469
2024-01-18,108.05743408203125,109.99741874033509,108.05743408203125,108.6394308942994,7089882,109.26022186279297,112.2090087890625,111.45564753214518,38.005917271353894,-1.6625299455181732,-1.1219412828219908,-0.5405886626961824,119.05015431548571,112.2090087890625,105.36786326263928,8605310.05,0.823896170946217,2.7608762800875466,-0.3577770587763984,0.2686100789593082,0.3845752896719512,0.19012352256884135,2.2804541580141446
2024-01-19,109.41541290283203,109.60941418221402,107.28142712516767,108.63942193307284,9535760,109.41541900634766,111.79191055297852,111.63024648030598,42.83250978611267,-1.6030685764905286,-1.2181667415556985,-0.3849018349348301,118.21303367183305,111.79191055297852,105.370787434124,8721337.05,1.0933828087747164,2.703157717015388,1.25671947731969,0.12079320549103212,2.6337127016353046,2.5530311960725083,1.7449178653496489
2024-01-22,107.8634262084961,109.41541525526668,107.08742814816853,109.41541525526668,9952878,108.63942260742188,111.40391235351562,111.70137939453124,39.08706705752654,-1.6620186524245497,-1.3069371237294687,-0.35508152869508103,117.78791053863858,111.40391235351562,105.01991416839266,8551621.05,1.1638586347321833,2.6531349690264237,-1.418435166637999,-0.6231681074182815,0.7554784976987472,2.6408756847985604,1.7558206541004484
2024-01-23,108.6394271850586,109.22142397745581,107.86342910390073,108.25142460753729,5635475,108.48422546386719,111.0741138458252,111.76927897135417,41.826217576105385,-1.6273610140439416,-1.3710219017923635,-0.2563391122515781,117.30434685441872,111.0741138458252,104.84388083723167,8451879.7,0.6667717951546329,2.48045000901753,0.7194291928596108,-0.05034596135321534,0.3339315281947419,1.99934827199455,-0.24077508429937167
2024-01-24,107.28144073486328,108.833429945151,107.28144073486328,108.63943571504335,5222611,108.25142822265624,110.61821632385254,111.85657857259115,38.55850100312447,-1.6899915724332004,-1.434815835920531,-0.25517573651266945,116.53418944862607,110.61821632385254,104.702243199079,8508850.45,0.6137857317729682,2.356655235853555,-1.24999411850919,0.0860763428329081,0.006938533336109387,-0.6748054763399569,-0.8447296668785964
2024-01-25,107.8634262084961,108.44542298527062,107.47543071527458,108.05742749204911,3779693,108.21262664794922,110.18171844482421,111.91477813720704,40.696832678177444,-1.6733757433893004,-1.4825278174142849,-0.19084792597501554,115.49940769241817,110.18171844482421,104.86402919723025,8521373.55,0.4435544314331813,2.197632171127393,0.5424847668397126,-0.328079755907984,0.709276503221834,-0.970559571110674,-0.392160575404088
2024-01-26,107.08743286132812,108.44542775819865,106.89343864312151,107.86343095580911,3015867,107.74703063964844,109.7452205657959,111.93094469706217,38.75984934708812,-1.7031904378624603,-1.5266603415039202,-0.1765300963585401,114.52065852051754,109.7452205657959,104.96978261107427,8299356.65,0.3633856366444982,2.111546430320692,-0.7194221196608397,0.07350350663963834,-0.04215966405062277,-2.515516935478046,-1.561226605837529
2024-01-29,108.25142669677734,108.63942928178705,107.08743308951796,107.28143438202281,5289283,107.82463073730469,109.36692237854004,111.96004447937011,43.132144670835345,-1.6142857422387635,-1.544185421650889,-0.07010032058787452,113.2282234718157,109.36692237854004,105.50562128526438,8342977.5,0.633980254651292,2.0369397623391223,1.0869565217391353,-0.13380371723147322,0.6924221152651233,1.3404795269971403,0.6481950348437682
2024-01-30,106.6994400024414,108.639431749909,106.50543870552914,108.44543045299672,8350162,107.43663330078125,109.00802421569824,111.95681126912434,39.12152892975849,-1.6500398538511263,-1.5653563080909365,-0.08468354576018977,112.41129464765507,109.00802421569824,105.60475378374142,8243795.3,1.0129026372112855,2.049880199944553,-1.4336870577079774,-0.2817131452696353,-0.46910447933337096,0.2645479721302024,0.17813537800350776
2024-01-31,107.08743286132812,107.28143415341958,105.53544374625099,106.69943735103006,5961067,107.39783172607422,108.75582542419434,111.94064458211263,40.608340337019484,-1.6282974641906378,-1.5779445393108769,-0.05035292487976095,111.92398084686924,108.75582542419434,105.58767000151944,8047852.85,0.7407027826061706,2.0093615609077577,0.3636315793952072,-0.0830523890604784,-0.804398568682585,-0.5606854066229516,1.7918190202373285
2024-02-01,107.08743286132812,107.86343095580911,106.31144184073199,107.47543544551104,9296855,107.24263305664063,108.51332664489746,111.95034446716309,40.608340337019484,-1.5927067319587422,-1.58089697784045,-0.011809754118292215,111.38466199415431,108.51332664489746,105.64199129564061,8209515.65,1.1324486603542805,1.9483785681303396,0.0,0.2756859522162314,0.43907634242430493,-0.5140853489211672,5.482385246594235
2024-02-02,107.66943359375,108.25143041738293,107.28143806928973,107.28143806928973,5500028,107.359033203125,108.3484275817871,111.9826774597168,43.02890067548512,-1.5002443422168028,-1.5647664507157208,0.06452210849891804,110.99646416450891,108.3484275817871,105.7003909990653,8208708.65,0.67002353652788,1.8437944331869356,0.5434818230964034,-0.035210710893140984,0.5110182189104195,2.21704031019756,-0.7770643035669988
2024-02-05,106.6994400024414,107.28143681929318,105.72944766565014,107.28143681929318,6899048,107.04863586425782,108.13502883911133,111.99884389241537,40.0958479444845,-1.4880839034952658,-1.54942994127163,0.06134603777636416,110.57404285509858,108.13502883911133,105.69601482312407,8282532.85,0.8329635541379109,1.856619965841992,-0.900899687991763,0.29391269736438463,0.2001149817599579,-0.4892534339491106,-1.4507744924319832
2024-02-15,106.8934326171875,109.41541390277986,105.72943907802659,108.63942292592888,11260397,107.08743438720703,107.99922904968261,111.9794438680013,40.96258618885687,-1.4461230787793369,-1.5287685687731714,0.08264548999383448,110.39464682220468,107.99922904968261,105.60381127716055,8447773.25,1.3329426189321547,2.100533947030163,0.18181221451738505,-0.3927712441166409,3.0310448098840537,1.993247641448015,-0.05110210560023143
2024-02-16,105.34143829345703,106.89343442111935,104.3714460190815,106.69943313669042,13633461,106.73823547363281,107.88282928466796,111.96974385579428,36.42225548707281,-1.5205735686723614,-1.5271295687530095,0.006556000080648161,110.55588129564359,107.88282928466796,105.20977727369234,8624549.5,1.5807736972232578,2.1567278743645213,-1.4519080225335768,-0.26288406984117385,-0.20016719009597894,0.7949582863892024,0.16613829007698921
2024-02-19,106.8934326171875,106.8934326171875,104.75943974613618,105.9234332852971,7092305,106.69943542480469,107.85372924804688,111.97944374084473,43.20206299250021,-1.4377694358559552,-1.5092575421735988,0.07148810631764357,110.55794551075692,107.85372924804688,105.14951298533683,8555972.55,0.8289303125452406,2.153696540589428,1.4732989684524522,0.2255126060222823,0.15343901570623597,-2.0374538412053056,-0.7527403769207353
2024-02-20,107.47543334960938,107.66942756403286,106.50543398195309,106.89343655856949,4564686,106.66063537597657,107.79552955627442,112.0085433959961,45.547108519762745,-1.3100821572925554,-1.4694224651973902,0.15934030790483478,110.47856687813079,107.79552955627442,105.11249223441804,8520473.0,0.5357315257028571,2.0217361461214733,0.5444681849690047,0.21989185165642855,0.6297522514733034,-0.7883299418699807,0.21852673755511365
2024-02-21,107.8634262084961,108.2514217017176,107.47543071527458,107.8634262084961,7845869,106.8934326171875,107.60153045654297,112.03764317830404,47.11471990947469,-1.164161558195886,-1.4083702837970895,0.24420872560120355,109.5405983371139,107.60153045654297,105.66246257597204,8264018.3,0.9494012132088333,1.8556367914976797,0.3610060892935474,-0.07738215560203487,-0.40979551571411754,0.625520699009896,-1.064640968594044
2024-02-22,107.08743286132812,108.44542775819865,107.08743286132812,108.44542775819865,5844839,106.93223266601562,107.48513145446778,112.06674308776856,44.36387631058985,-1.0984721073022712,-1.3463906484981258,0.24791854119585466,109.23610576494158,107.48513145446778,105.73415714399397,8090165.05,0.7224622691721228,1.7892845388807255,-0.7194221196608397,0.15456807377836057,0.9448801440578247,1.6465127441044558,2.2300010793322445
2024-02-23,104.95344543457031,107.47543389995224,104.95344543457031,107.47543389995224,10941624,106.85463409423828,107.31053237915039,112.03764317830404,37.82366942863044,-1.2047204278841974,-1.3180566043753401,0.11333617649114269,109.33359141571252,107.31053237915039,105.28747334258826,7335589.5,1.491580737989769,1.8869783957475519,-1.9927524357794657,0.08814408362198822,0.19312885212652287,1.6465127441044558,2.2300010793322445
2024-02-26,106.11743927001953,106.5054347756426,104.95344567926556,104.95344567926556,4200758,106.69943542480469,107.21353263854981,112.027943166097,42.778877347934994,-1.1813801972742652,-1.2907213229551253,0.10934112568086007,109.27153767053598,107.21353263854981,105.15552760656364,7191133.3,0.5841579935668832,1.8423131884575163,1.1090572878570848,0.4705245996972307,0.31161383748661287,0.03306180978801532,0.012688830092288939
2024-02-27,104.5654525756836,106.31144300192284,104.37145128147314,105.72944619317641,7021509,106.11743927001953,106.97103462219238,112.00854314168295,38.386158177426886,-1.2734358760052658,-1.2872642335651534,0.01382835755988765,109.07896565785889,106.97103462219238,104.86310358652587,7065420.75,0.9937849773490135,1.8553369927231405,-1.4625180413436634,-0.16865689324997435,-0.494196611994846,0.33045788674033183,-1.3187929611108484
2024-02-29,108.25142669677734,108.25142669677734,106.11744077476342,106.31144206726827,17651582,106.19503936767578,106.99043464660645,111.95357666015624,51.20218491449616,-1.0370093596416865,-1.23721325878046,0.20020389913877357,109.13968356536648,106.99043464660645,104.84118572784641,7450355.95,2.36922666761982,2.099421943172555,3.5250400876196464,0.2277027285789046,0.5959315304422619,0.3652069306923966,0.750499931107873
2024-03-01,109.22142791748047,111.54941517104855,108.83342532596247,110.38542154426452,26519051,106.62183837890625,107.01953468322753,111.92771021525066,53.918655104237764,-0.7625781242620775,-1.1422862318767837,0.3797081076147062,109.2758826960196,107.01953468322753,104.76318667043547,8494534.75,3.1218956400172475,2.2592308139857087,0.8960632208757868,-0.10426928511686473,-0.16259934881998062,0.19846810564683182,2.209101387197232
2024-03-04,107.8634262084961,109.80341782237274,107.66942492494307,109.6094165388197,13609249,107.2038345336914,107.04863395690919,111.80484402974447,49.74366841382574,-0.647208168778107,-1.0432706192570484,0.3960624504789414,109.33402822013848,107.04863395690919,104.76323969367989,8913866.65,1.5267503468879018,2.2425324251115692,-1.243347331084499,-0.17586998206308158,1.9506877426717306,-0.23108466115555615,1.7089791967814572
2024-03-05,106.50543975830078,108.25143022611464,106.11744423452606,108.05743600116983,12506568,107.28143463134765,106.98073463439941,111.64317817687989,45.91497818343652,-0.65777241428313,-0.9661709782622647,0.3083985639791347,109.2447945704489,106.98073463439941,104.71667469834992,9350210.4,1.3375707566965551,2.2280595673085033,-1.2589869411067767,-0.1584294895698446,0.4227301850537213,-0.5625406882016626,1.284886825581255
2024-03-06,107.8634262084961,108.44542298527062,106.505431371394,106.505431371394,8828097,107.94102935791015,107.01953430175782,111.49767888387045,50.054881085323196,-0.550223859443463,-0.8829815544985045,0.3327576950550415,109.31763405412649,107.01953430175782,104.72143454938914,9640821.9,0.9156996251533285,2.1896505068509198,1.2750395221850397,0.09901968214427459,0.5804392720889506,-1.3311202425565716,-3.549639765318946
2024-03-07,107.8634262084961,108.83341847849213,107.28142943172155,108.05742749204911,7816285,107.86342926025391,107.00013427734375,111.3651128133138,50.054881085323196,-0.4596918138062023,-0.7983236063600441,0.3386317925538418,109.26069146062174,107.00013427734375,104.73957709406575,9767172.0,0.8002608124439705,2.104628978840209,0.0,-0.2425451004595569,0.9952604831186207,-3.7268128556393165,-3.8952816113765776
2024-03-08,109.60942840576172,110.77342208533139,107.86343788640721,108.44543472619205,22508913,107.94102935791015,107.14563369750977,111.25518010457357,55.17153169485929,-0.24424126870960094,-0.6875071388299554,0.44326587012035445,109.68242244152606,107.14563369750977,104.60884495349347,10475109.55,2.1487997707861677,2.212011231906221,1.6187156839341021,-0.09280926429229286,0.4661471561968833,1.226127997618276,1.1185655532297556
2024-03-11,109.80342864990234,109.99742287870026,108.83342921037175,109.80342864990234,6122423,108.3290298461914,107.28143348693848,111.14524739583334,55.71440361961765,-0.057181804856767826,-0.5614420720353179,0.5042602671785501,110.08215957292146,107.28143348693848,104.48070740095551,10483177.35,0.5840236023480038,2.072275556762527,0.1769922961576409,0.05789736572445747,-0.2994150887593805,-1.4189227876547639,-3.0582937734235816
2024-03-12,112.13140869140625,112.51940419764476,109.80342150620565,109.99741572238251,14180357,109.4542236328125,107.53363227844238,111.09028104146321,61.70711341605346,0.27573420922034586,-0.39400681578418517,0.669741025004531,111.07204866594348,107.53363227844238,103.99521589094128,10727352.45,1.3218878624613477,2.158103174719405,2.120134198110013,-0.28868258741585606,0.9554392072756546,-0.6143733659527251,1.087389491114421
2024-03-13,113.10140228271484,114.07140167019124,112.1314099691233,113.48940486725934,16504362,110.50181884765625,107.80523071289062,111.05148124694824,63.89917224394361,0.6108019801347808,-0.193045056600392,0.8038470367351729,112.13330702448538,107.80523071289062,103.47715440129586,11277569.15,1.4634680382341083,2.129021815261482,0.865050749498808,0.11670135758301559,0.07009439745004897,0.5121979948387256,-1.354585161992028
2024-03-14,113.29540252685547,114.45939612195079,111.355410843735,113.29540252685547,12673702,111.58821411132813,108.13502883911133,110.99651489257812,64.33886304517468,0.8818345610945073,0.02193086693858784,0.8599036941559195,113.0708706651524,108.13502883911133,103.19918701307026,11566301.85,1.0957436667624234,2.2590169436553897,0.17152770896304848,0.02484507667166458,0.047219568149703406,-0.6501504802412073,0.39040978632680634
2024-03-15,113.10140228271484,113.10140228271484,111.7434073845788,112.7134067720552,10561021,112.28660888671875,108.4454273223877,110.89628194173177,63.50589385807018,1.0686568251503843,0.23127605858094713,0.8373807665694372,113.81431231218997,108.4454273223877,103.07654233258543,11531333.05,0.9158543035924194,2.1647473701382265,-0.17123399521409288,0.38016886083072077,-1.2810760745144978,0.3714220570286253,-0.2816058000177146
2024-03-18,113.68340301513672,114.26539983818546,113.10140619208798,113.68340301513672,7643273,113.06260375976562,108.86252555847167,110.78958244323731,64.97106522585626,1.2492765283486165,0.43487615253448103,0.8144003758141354,114.50523154156753,108.86252555847167,103.21981957537582,11231823.65,0.6805015141063046,2.0313140615158782,0.5145831268891454,0.24646821955720544,1.0026653594563673,2.343616809860327,0.9682639892688583
2024-03-19,112.13140869140625,113.1014009939449,111.5494118951061,113.1014009939449,8593025,113.06260375976562,109.12442436218262,110.7022829691569,58.25451087929935,1.2527451072707407,0.598449943481733,0.6542951637890078,114.86765051612997,109.12442436218262,103.38119820823528,11306859.65,0.7599833433857118,2.0450043359845096,-1.365189889260987,0.11802450064548609,-0.1139364284441946,0.25825556605634237,0.0
2024-03-20,112.32540893554688,113.2954083640255,111.74341210801376,112.71341153649239,8790020,112.90740509033203,109.36692314147949,110.5244504292806,58.82747949181308,1.2566621602919383,0.7300923868437741,0.5265697734481642,115.22539589617622,109.36692314147949,103.50845038678276,11518126.35,0.763146690086448,1.9792699253214747,0.1730115106950425,0.2825426998389391,-0.36636586659868353,0.25825556605634237,0.0
2024-03-21,113.4894027709961,114.07139956317792,110.77341302489106,113.10140019361839,20358508,112.94620513916016,109.64822196960449,110.3692512512207,62.181449993487234,1.3382643492726771,0.8517267793295547,0.48653756994312247,115.73841847472974,109.64822196960449,103.55802546447924,12143758.3,1.6764585968414736,2.1550988070501935,1.0362693948589463,0.10021719335595591,2.0957905899499973,0.5152071205155373,0.0
2024-03-22,114.07139587402344,114.07139587402344,111.54940749817025,112.51939976247478,11855875,113.14020385742188,109.99742012023925,110.265784962972,63.770599554426184,1.433373612684008,0.9680561460004453,0.46531746668356266,116.26761500600381,109.99742012023925,103.7272252344747,12444310.1,0.952714526135121,2.204017416223926,0.5128171343025789,0.3803263646266597,0.14525329595025394,-0.37587671721224236,0.4262108030256506
2024-03-25,112.90740966796875,116.01139521345804,112.51941412748961,114.4594059776561,14559235,112.98500518798828,110.39511833190917,110.15585225423177,58.47802176156441,1.3987010748431032,1.054185131768977,0.34451594307412625,116.31761717753155,110.39511833190917,104.4726194862868,12625190.65,1.1531893183727882,2.3757459055231935,-1.0204014750026857,0.16309646746559547,-0.17885564059555437,-2.2123183809081626,-1.5119372440867473
2024-03-26,111.93740844726562,114.07140143622897,110.7734148437892,113.48940463449075,12985607,112.94620513916016,110.68611679077148,110.03621940612793,54.424345206137126,1.2782173529476495,1.0989915760047115,0.17922577694293795,116.28682132013931,110.68611679077148,105.08541226140365,13064433.1,0.9939663589382994,2.498711330445404,-0.8591121021690684,-0.6294041552667218,-0.3256683411952621,-0.05261491343995228,-0.12119812761277604
2024-03-27,112.7134017944336,112.7134017944336,111.16140567256417,112.1314050172037,5407375,113.0238037109375,111.09351425170898,109.9521531422933,56.992778030663096,1.2311572982116274,1.1254247204460948,0.10573257776553269,115.95637854841266,111.09351425170898,106.2306499550053,12983726.4,0.4164732707244971,2.3724826359686064,0.6932386214154151,0.4767770651749492,0.36583082987935445,0.894897345104817,2.844803004342622
2024-03-28,115.23539733886719,115.42939156072725,112.90740301158166,113.1014043073267,16451933,113.37300262451171,111.44271278381348,109.94568659464518,64.07818182124757,1.3814414321116004,1.176628062779196,0.20481336933240435,116.44722285689653,111.44271278381348,106.43820271073042,12923743.95,1.273000537897534,2.418283586678614,2.2375294368571996,0.29512331100887135,-0.2651883338017913,-0.47403122231322037,-2.351370886949089
2024-03-29,115.04139709472656,116.39939202958544,114.84739579720814,116.01138943454859,6542924,113.56700286865234,111.73371124267578,109.94245325724283,63.21542398053323,1.4679666864082037,1.2348957875049977,0.23307089890320598,116.8694917212821,111.73371124267578,106.59793076406946,11924937.6,0.5486757431753773,2.302778606105106,-0.16835126065486428,0.12101572572218444,0.7341129462103524,-0.6350160612520028,1.2851742398129584
2024-04-01,120.6673583984375,121.8313519818988,115.2353930582079,115.81738984993855,38397136,115.11899261474609,112.37390785217285,110.01358604431152,74.10434384772435,1.9678227966356872,1.3814811893311356,0.5863416073045515,118.56254015788488,112.37390785217285,106.18527554646082,13164331.95,2.916755377017062,2.901068776914058,4.89037985089702,-0.26266618358599114,-0.35536387239506473,1.384697094799825,-0.9349529195449957
2024-04-02,119.50337219238281,120.66736584770196,118.72738113809349,120.08536902004238,13664785,116.63218536376954,113.02380447387695,110.06208585103353,69.51913439177594,2.244169022722531,1.5540187560094147,0.6901502667131161,119.34609733334486,113.02380447387695,106.70151161440904,13222242.8,1.0334695260625526,2.772924234606646,-0.9646239227441011,0.25364619011380984,1.207774937069206,-1.313265194992097,0.4449272359558609
2024-04-03,119.1153793334961,121.24935819080652,118.92137096627167,119.1153793334961,12619786,117.91258087158204,113.58640213012696,110.11705233256022,68.00856831432111,2.404154025668859,1.7240458099413036,0.6801082157275555,119.97737514271682,113.58640213012696,107.19542911753709,13411827.25,0.9409445681609119,2.7135992999304066,-0.3246710546896625,0.07497134359799595,-0.6301529819396801,-1.7743007387870047,-0.10738388407491861
2024-04-08,119.69737243652344,122.41334801594277,119.30936986184808,122.21935380248978,14767930,118.80497589111329,114.17809944152832,110.18171869913736,69.09340731353197,2.5485274347638125,1.8889421349058053,0.6595852998580072,120.52924416629709,114.17809944152832,107.82695471675954,13759409.5,1.0732967864645644,2.791515217599243,0.4885961042846443,0.19719823058421682,0.39384986878232553,0.6434993186945626,2.46730363467238
2024-04-09,119.30937194824219,121.24935656000522,119.11537773139678,120.27937132800851,11236878,119.6585708618164,114.66309661865235,110.27225151062012,67.45122794672704,2.6016458509751743,2.031482878119679,0.5701629728554951,121.02670522772239,114.66309661865235,108.2994880095823,13195807.75,0.8515490838368723,2.703843699067137,-0.3241512160068627,-0.1195805343893186,1.85378379779646,0.47496631292918146,1.4342097061720072
2024-04-10,120.47335815429688,121.63735167950227,119.30936462909146,119.50335883403612,10432719,119.61977081298828,115.19659309387207,110.41128400166829,69.77230350714774,2.7064680584502554,2.1664799141857944,0.539988144264461,121.63339665790838,115.19659309387207,108.75978952983576,13411322.55,0.7779038168014235,2.653729479246294,0.9756033302728673,-0.33236826467953895,-0.1570956381565347,0.12728172904741264,-1.245296851600497
2024-04-11,118.1453857421875,119.89137624632514,117.95138443932157,119.89137624632514,13727562,119.34817352294922,115.49729194641114,110.51475028991699,60.482638050394804,2.572043577774437,2.2475926469035232,0.3244509308709138,121.89294371341545,115.49729194641114,109.10164017940683,13388682.8,1.0253108692663926,2.636162044010162,-1.9323545452495927,0.6782125595073074,-0.04964759893468784,0.036313377889074516,0.30211234723058755
2024-04-12,119.89137268066406,120.86137209225994,118.33937645166466,118.72737904585703,13995550,119.50337219238281,115.8367904663086,110.66348292032878,64.3196564744715,2.576695223872406,2.3134131622972998,0.26328206157510614,122.41519517711497,115.8367904663086,109.25838575550223,13263242.2,1.0552133323781119,2.646805284818466,1.4778291403496624,0.1289503566611172,-0.08023039345643745,2.7591105500343494,1.0476654789187245
2024-04-15,116.78739166259766,119.11538609312784,116.59339035824881,119.11538609312784,15775990,118.92137603759765,116.0113899230957,110.76048253377279,54.23720793897843,2.303364606423969,2.311403451122634,-0.008038844698664782,122.49040026224618,116.0113899230957,109.53237958394523,13418356.6,1.1757020975280983,2.7336288898313708,-2.588994477804496,0.09155415847534876,-1.3830675802599668,-1.607486745735065,-0.33695409801604015
2024-04-16,113.4894027709961,115.81738993972341,112.3254021127477,115.23539314754159,15615351,117.75738220214843,116.03078994750976,110.82514877319336,45.98849306789693,1.7998800845183922,2.2090987778017857,-0.40921869328339344,122.47534448341354,116.03078994750976,109.58623541160598,13671073.1,1.1422183822570593,2.9640769778338494,-2.823925463743171,0.4179325060941874,-2.678800819309357,1.4003497973222423,-3.771141304575487
2024-04-17,115.04139709472656,115.42939261587836,114.2653989785379,115.23539839224499,8309399,116.67098999023438,116.09868965148925,110.94801483154296,49.853540819002895,1.5087065152942927,2.0690203253002872,-0.5603138100059946,122.4672772078678,116.09868965148925,109.73010209511071,13704379.4,0.6063316519097537,2.827532026773638,1.3675235624088566,0.33683409634026606,1.5645148817386545,-1.0623132388496215,-0.5810734349712576
2024-04-18,115.04139709472656,115.04139709472656,113.68340215986768,114.2653989785379,10137365,116.0501922607422,116.24418907165527,111.07411422729493,49.853540819002895,1.2633858383774594,1.9078934279157218,-0.6445075895382624,122.35905375853376,116.24418907165527,110.12932438477678,13781596.4,0.7355726220512451,2.6315937478516704,0.0,-0.4920221304314132,0.4347088791672782,-0.2147402572857171,-0.434956740850756
2024-04-19,114.07139587402344,116.59337717599212,112.13140427152987,114.45939136496834,18098484,114.88619689941406,116.3314884185791,111.16464703877767,47.39513350441368,0.9794064546585872,1.7221960332642952,-0.7427895786057079,122.25773205292128,116.3314884185791,110.40524478423691,14247019.6,1.2703347442576691,2.875644302066414,-0.8431758003637713,0.2408928500440055,-3.8129771043774907,-3.9813536299291186,-3.3720232587938326
2024-04-22,116.20539093017578,118.53337820882547,115.04139729085092,115.04139729085092,23815103,114.7697967529297,116.46728782653808,111.23901341756185,52.89815898710194,0.9159873812424735,1.5609543028599309,-0.6449669216174574,122.2418481393303,116.46728782653808,110.69272751374587,14419849.35,1.651550055895695,3.0871560397644964,1.870753872871922,0.2717815335421703,-0.59352553064973,2.5588308354487665,0.19780292935018817
2024-04-23,117.75737762451172,119.11537960712313,116.20538849588496,117.95137891829691,12719770,115.6233917236328,116.6515869140625,111.37804616292318,56.46507337746942,0.9796666767610134,1.4446967776401474,-0.465030100879134,122.33880356184413,116.6515869140625,110.96437026628088,14463044.1,0.8794669996200869,3.0635340492943195,1.335554815411677,0.2430425847365969,0.9688138454874373,0.12748108662865576,0.5640228248895651
2024-04-24,121.05535888671875,121.24935309802514,118.72737175996528,118.92136597127167,16266308,116.82618408203125,117.058984375,111.5882116953532,62.89532931128522,1.2814803944315258,1.412053500998423,-0.13057310656689713,122.7841081053613,117.058984375,111.33386064463869,14548397.75,1.1180824362600341,3.120659572523533,2.800657868522838,-0.24398701951591217,2.716737332198216,3.655881029659258,3.1547879091349262
2024-04-25,119.30937194824219,120.86136812631437,118.92136936678175,120.27937132800851,8949143,117.67977905273438,117.42758255004883,111.77574399312337,58.010239105630774,1.364059358831284,1.4024546725649953,-0.03839531373371141,122.69530671980512,117.42758255004883,112.15985838029253,14346574.55,0.6237825599979194,2.989103565511996,-1.4423045411070312,0.3808770229507319,-1.3626259295338894,-0.9650771206997866,-1.9165552367072847
2024-04-26,119.30937194824219,120.27937132800851,118.72737514993632,119.89136874654807,8007043,118.72737426757813,117.75738105773925,111.94064331054688,58.010239105630774,1.41321314166494,1.4046063663849844,0.00860677527995568,122.59037403235075,117.75738105773925,112.92438808312775,14476557.95,0.5531040615908287,2.797489247186688,0.0,-0.2951578331521709,1.3248943960749937,1.5946169447382808,1.3303937087271844
2024-04-29,122.41336059570312,122.41336059570312,120.08537320395507,120.08537320395507,20839525,119.96896820068359,118.11627922058105,112.18314221700032,63.8063314675365,1.6832305771108196,1.4603312085301514,0.22289936858066817,123.21924504436626,118.11627922058105,113.01331339679584,14695937.55,1.4180466492251798,2.8383558338899215,2.6016301961655497,0.08607137638918516,1.863818412124374,1.5946169447382808,1.3303937087271844
2024-04-30,121.24935913085938,123.77135474217182,121.24935913085938,122.21935853119261,10196213,120.66736450195313,118.42667732238769,112.39330774943033,60.43722675052343,1.7827457663516952,1.5248141200944603,0.25793164625723497,123.49724431960664,118.42667732238769,113.35611032516874,14878602.0,0.6852937527329517,2.796174470879592,-0.9508777956747094,-0.3839184473235724,-0.48264169017123715,1.2730861256229575,-3.118157521478715
2024-05-02,121.24935913085938,122.21935853119261,120.27937387829603,120.86137068894199,6500053,120.70616455078125,118.45577735900879,112.62610638936361,60.43722675052343,1.8403973161403968,1.5879307593036476,0.25246655683674923,123.5868084570444,118.45577735900879,113.32474626097319,13283747.85,0.48932372651141526,2.6820158284818576,0.0,-0.4225153435658102,-0.8538685839082238,-2.695163231243425,-3.0442660651001763
2024-05-03,127.06932830810547,132.88929646360876,123.18935896961662,123.57734741480348,53894285,122.2581558227539,118.83407516479492,112.94620475769042,69.71125701147989,2.328863765970098,1.7361173606369378,0.5927464053331604,125.2460565653214,118.83407516479492,112.42209376426845,15295222.85,3.523602469119958,3.8764053623841948,4.799999949661471,-0.4002988704028487,0.5334710464831138,-2.695163231243425,-3.0442660651001763
2024-05-06,127.84532165527344,130.17330870189826,126.29332557493397,130.17330870189826,16831150,123.96534576416016,119.27057228088378,113.29216957092285,70.69755388049279,2.746928245628169,1.938279537635184,0.8086487079929849,126.84618394857067,119.27057228088378,111.6949606131969,15505791.05,1.08547509415845,3.8768823976615407,0.6106850154164789,-0.21362587285993495,0.9492729647566867,-2.695163231243425,-3.0442660651001763
2024-05-07,127.65132904052734,128.81532270734414,124.74134487348532,128.81532270734414,16767360,125.012939453125,119.66827011108398,113.61550127665201,70.08315287458498,3.027692421441756,2.1561621143964986,0.8715303070452576,128.12240198000944,119.66827011108398,111.21413824215851,15605762.55,1.074433879554319,3.9031617891545114,-0.15174009673125655,-0.043067197592394635,0.6344919339527744,2.0550337421292975,4.104866586059219
2024-05-08,128.4273223876953,130.17331272664714,127.26332882839411,128.81531080894962,13800524,126.44853210449219,120.12416763305664,113.97763264973959,71.16274314228156,3.275063339913771,2.379942359499953,0.895120980413818,129.43662651750327,120.12416763305664,110.81170874861003,15733944.85,0.8771178576998763,3.7707380703676474,0.6079007190920915,0.31243083104899316,0.22746944638225575,-1.1031498935966,-1.8677444637342333
2024-05-09,125.71133422851562,129.3973091618619,125.51734001552983,128.42732394916354,15506774,127.34092712402344,120.38606643676758,114.28803100585938,62.64224458640512,3.2148897808343406,2.546931843766831,0.6679579370675097,130.02864369250932,120.38606643676758,110.74348918102584,15987647.6,0.969922179170374,3.7853022138295707,-2.11480556371072,-0.09516764309563941,-0.6750569718193655,-1.3987187393183609,0.662635625117769
2024-05-10,123.1893539428711,126.48732633123575,123.1893539428711,125.90532953943381,17438089,126.56493225097657,120.63826484680176,114.55639635721842,55.943954015372064,2.9299247213806865,2.623530419289602,0.30639430209108465,130.2979188314279,120.63826484680176,110.97861086217564,16173173.95,1.0782106872720552,3.720324903767582,-2.006167782023638,0.01793319460277054,0.720159390313424,-2.1368247450193167,-3.361350782204775
2024-05-13,123.38335418701172,124.54734782749729,122.60736314261138,123.77135678309695,6431135,125.67253875732422,120.81286392211913,114.81829503377278,56.33078153620308,2.688747845599096,2.6365739045515006,0.05217394104759521,130.5416634648085,120.81286392211913,111.08406437942978,15794953.2,0.40716391612986863,3.482946207916693,0.157481339037302,0.26346452966479195,0.7188770345091466,2.1651493493382468,-0.07247153567614406
2024-05-14,122.995361328125,124.15935506076072,121.8313675954893,123.1893697154118,8258222,124.74134521484375,121.12326240539551,115.08989372253419,55.28527332529162,2.438199605510306,2.596899044743262,-0.15869943923295615,130.70633126030663,121.12326240539551,111.54019355048439,15419064.8,0.5355851413245244,3.328951708897323,-0.3144612670349711,-0.16192227613095467,0.6143467624945442,0.46693868268097294,0.31908036845940124
2024-05-15,122.21935272216797,124.15933728285806,121.83135015092226,123.38334628813587,8505931,123.49975128173828,121.5597599029541,115.34532572428385,53.16009720994805,2.152211555899896,2.507961546974589,-0.35574999107469285,130.44892824932,121.5597599029541,112.67059155658819,15063593.8,0.5646681072879168,3.195489765302453,-0.6309250995952698,-0.17854125279843647,0.768905386860852,0.33965286621799873,0.3036013209141153
2024-05-16,125.12933349609375,125.51733605759983,123.38334319096971,123.38334319096971,11590564,123.3833511352539,122.06415672302246,115.67512397766113,59.4542724271477,2.13575543568183,2.4335203247160373,-0.2977648890342075,130.53076879475728,122.06415672302246,113.59754465128765,15227652.05,0.7611524062897143,3.2091555746530416,2.3809492597631543,-0.8739389928487662,0.7426455838037249,0.37413074381913436,4.727582222581517
2024-05-17,124.15933227539062,125.90532255392498,123.57733551587917,125.71132835001072,7140362,123.57734680175781,122.52005348205566,115.96288897196452,56.718292925169536,2.0211443559599473,2.3510451309648195,-0.32990077500487214,130.35265055855723,122.52005348205566,114.68745640555409,15077801.9,0.47356783484467985,3.091666436438744,-0.7751989030880702,0.28877622974334827,-0.21492914094993765,1.5264577763459908,-0.05505160881872362
2024-05-20,122.995361328125,124.54735768756304,122.41336446180715,124.15935506076072,7872854,123.49974822998047,122.96625175476075,116.22155443827312,53.53468508299855,1.8154639831086712,2.24392890139359,-0.4284649182849187,129.7139567801808,122.96625175476075,116.21854672934067,14566520.4,0.5404759533374902,2.963976675014363,-0.9374816422851651,0.12515050063168776,0.06190547021835968,0.5069767023850646,2.5612794107337855
2024-05-21,122.21935272216797,122.60735529341368,121.24935336793831,122.60735529341368,8422942,123.34454650878907,123.26694984436035,116.46081988016765,51.46081220694108,1.5717255231846394,2.1094882257518,-0.5377627025671607,129.2373146754341,123.26694984436035,117.29658501328659,13796912.35,0.6104947097094517,2.8015808463706726,-0.6309250995952698,0.12995161060771476,-0.16397830333553243,2.0525421321903714,0.9264241493248893
2024-05-22,123.38335418701172,124.35335360333974,122.60736314261138,123.18935996285417,7798769,123.57734680175781,123.54824867248536,116.73241856892903,54.3193926696615,1.4557057580672108,1.9787317322148823,-0.5230259741476715,128.92638277149177,123.54824867248536,118.17011457347894,13550862.3,0.5755182826999873,2.7125701843441528,0.9523871947594076,0.09004381018689056,1.4836548818675244,0.7499521558164135,-0.6518534103701956
2024-05-23,123.77135467529297,124.93534829595595,122.80135527548386,122.80135527548386,7969678,123.30575103759766,123.68404846191406,117.04605038960774,55.26512358632355,1.379169448187767,1.8588192754094592,-0.47964982722169225,128.93274745832883,123.68404846191406,118.43534946549927,13136030.8,0.606703662722837,2.6354265624945445,0.3144674505226597,-0.033810014699131585,0.25798091936253265,0.9981444788710103,2.7316467352821894
2024-05-24,126.2933349609375,127.06932598489381,122.8013541314795,123.18935671734253,12084127,123.73255157470703,124.03324661254882,117.38231531778972,60.927525959438086,1.5046716846220818,1.7879897572519838,-0.28331807262990205,128.9769036853233,124.03324661254882,119.08958953977434,13292780.0,0.9090744750157604,2.8530992679505136,2.037612250638121,-0.0096243747411906,-0.19479338523243905,0.385255198745571,-0.8081312360340931
2024-05-27,129.39730834960938,131.33730705836697,126.29333022247413,127.84532635992636,19012587,125.0129409790039,124.53764343261719,117.79617958068847,66.54096357377398,1.833462804746759,1.797084366750939,0.03637843799581986,129.5103824509405,124.53764343261719,119.56490441429385,13843057.2,1.3734384482641595,3.145216277009492,2.457749167548662,-0.09869189434805747,1.105615256831216,-0.3337280828253686,1.182656725193465
2024-05-28,129.78530883789062,130.94930238535565,129.00931785550358,129.78530883789062,10302018,126.52613220214843,124.90624084472657,118.1550776163737,67.17578460926669,2.101120128072054,1.8578915190151624,0.2432286090568918,130.29173338391604,124.90624084472657,119.52074830553708,13316181.85,0.7736465389288747,2.9845187107218356,0.29985205506202206,-0.36968990725814166,0.25060173618918213,-0.20089881256155628,1.4415538575457187
2024-05-29,129.59132385253906,130.7553174828481,129.00932703738454,130.3673148901551,8358268,127.76772613525391,125.32333908081054,118.49457588195801,66.4964916092119,2.271404184517408,1.9405940521156115,0.33081013240179646,130.8075665536525,125.32333908081054,119.83911160796859,13224284.6,0.6320393316399134,2.819381608687401,-0.14946605828388693,0.3236723675793307,-0.8962690097293446,-1.1910754088758413,-1.4082677946286148
2024-05-30,127.45733642578125,128.42733587633373,126.68134535400166,127.84533903555636,10048374,128.50492248535156,125.63373794555665,118.82114105224609,59.38253007921292,2.2087000558427405,1.9942152528610375,0.21448480298170303,130.84292517495555,125.63373794555665,120.42455071615774,13401700.65,0.7497834985591921,2.831461194000734,-1.6467054763527722,0.6315619238836723,-1.3757393248701622,-0.9507621288623813,-0.9089719085309755
2024-05-31,128.4273223876953,133.6652934045508,128.03931981867186,128.03931981867186,28540227,128.9317199707031,125.70163764953614,119.186505762736,61.40376148516562,2.211780316027017,2.0377282654942337,0.1740520505327834,131.0237906963918,125.70163764953614,120.37948460268046,12133997.75,2.3520877115705745,3.281660631969909,0.7610279557967115,-0.0636234547158887,-0.8905424398374384,1.6969567532000518,2.8829719168688372
2024-06-03,131.33731079101562,132.3072960251925,129.2033178098412,130.75531399140166,10796642,129.31972045898436,125.87623710632325,119.57773717244466,66.74954381221428,2.42112397864679,2.114407408124745,0.30671657052204493,131.69998103219612,125.87623710632325,120.05249318045038,11832272.35,0.9124740946315355,3.3614356993735464,2.2658639526374813,0.3356387546574968,1.7121719263391677,3.084430430155294,3.8084415532174676
2024-06-04,130.17332458496094,131.53131247859702,129.59132775229253,131.3373182502977,9450497,129.39732360839844,126.00233688354493,119.9495688120524,62.991274125748376,2.4646949117987162,2.1844649088595394,0.2802300029391769,132.09110055703317,126.00233688354493,119.9135732100567,11466429.2,0.8241883183650582,3.1719089029643386,-0.8862570727573571,-0.46419102039185756,-0.8364332748305281,0.06540328502750992,1.8404943159233245
2024-06-05,130.17332458496094,132.30730353956474,129.59132775229253,131.3373182502977,10129871,129.51372375488282,126.0896369934082,120.29230041503907,62.991274125748376,2.4707439914841416,2.24172072538446,0.2290232660996816,132.3717940503171,126.0896369934082,119.8074799364993,11282896.55,0.8978076644689257,3.1111178208720554,0.0,0.04487073545036413,0.6005712697569221,-1.3725380122795339,-0.7590398523317998
2024-06-06,130.75531005859375,131.91930362281155,129.97930491726908,131.33730684070264,9450640,130.1733184814453,126.3418357849121,120.64149843851725,64.16137852773022,2.4937528638752156,2.2921271530826113,0.20162571079260427,132.95624461280622,126.3418357849121,119.72742695701798,10980089.85,0.8607069822839383,2.9549686054947784,0.4470850502500401,-0.23756310030170757,1.944708756402913,0.3644645772339139,0.7648453332196326
2024-06-07,131.53131103515625,134.44129516656366,131.53131103515625,132.69530468771922,17140168,130.7941162109375,126.75893363952636,120.96483014424642,65.71778888097299,2.545264133948706,2.3427545492558304,0.2025095846928755,133.58500623893693,126.75893363952636,119.93286104011581,10965193.8,1.563143188586416,3.0524374724914627,0.5934756884556025,-0.13363032114330764,-0.20234199872982694,0.6272757228835912,0.6626531145868197
2024-06-11,129.2033233642578,131.1433080637806,129.2033233642578,131.1433080637806,9159511,130.36731872558593,127.04993209838867,121.23319549560547,57.63171916781511,2.3709076893597114,2.3483851772766067,0.02252251208310474,133.76541963885015,127.04993209838867,120.3344445579272,11101612.6,0.8250613068591495,2.9558441656123926,-1.7699114017621254,-0.2190993617724568,-0.3031410202626317,-1.4920690187167351,-1.0526353534517474
2024-06-12,129.59132385253906,130.3673148901551,127.84533340707546,129.59132385253906,8588231,130.25091857910155,127.37973022460938,121.50479418436686,58.54719058143293,2.2382363521872435,2.326355412258734,-0.08811906007149073,133.90189023394046,127.37973022460938,120.8575702152783,11118113.05,0.7724540091809913,2.8979958079413572,0.3003022508851316,-0.0562872544702997,1.1785994524791121,2.634196259549748,4.3509458144562085
2024-06-13,131.53131103515625,132.11330786143773,129.9793147824822,129.9793147824822,8901326,130.52251586914062,127.84532814025879,121.81195933024088,62.867451480964895,2.2635414176633333,2.313792613339654,-0.05025119567632075,134.14200582761134,127.84532814025879,121.54865045290622,11137882.8,0.7991937210903314,2.847860901402332,1.4970039080893116,-0.3552426383712781,1.193154297591259,2.694893409189736,0.16037217109452495
2024-06-14,135.02328491210938,135.79927592386764,132.11330093330398,132.30729514930115,19127033,131.37611083984376,128.34002571105958,122.16762402852376,69.10843127879527,2.53613399854639,2.3582608903810014,0.1778731081653886,135.26185441372144,128.34002571105958,121.41819700839773,11514706.25,1.6610960440263076,3.0372080997102064,2.654861302203382,0.3043370457556316,0.863577013670791,0.9684431528194315,1.9213124521174407
2024-06-17,136.769287109375,137.1572897226428,134.24730549256122,135.02329657132606,10502507,132.4237060546875,128.97052345275878,122.57825533548991,71.67214860361598,2.860084099036669,2.4586255321121353,0.40145856692453386,136.55450014701083,128.97052345275878,121.38654675850673,11682813.5,0.8989706974266087,3.020244917093054,1.2931119239190103,0.15480119319866148,-0.03639861324233884,0.1856544496516399,-0.5498184659286642
2024-06-18,138.1272735595703,139.09727300849912,136.5752914186089,136.76928564928645,12603187,134.20849609375,129.72711906433105,123.00828641255697,73.5133153014834,3.1896270102735684,2.604825827744422,0.5848011825291466,137.80436597133024,129.72711906433105,121.64987215733184,11919330.15,1.057373765253075,2.9538098067993404,0.9929030697581442,-0.14838275415750557,1.159736185000071,2.223583481169822,6.318395515447728
2024-06-19,139.09725952148438,139.67925630485652,137.3512691713679,138.32126852624458,14121175,136.10968322753905,130.57101440429688,123.43508402506511,74.77448689467215,3.48884467261729,2.7816295967189957,0.7072150758982945,138.86925643024728,130.57101440429688,122.27277237834649,12204241.8,1.1570710603259269,2.8703667836912445,0.7022407211243031,0.14396198742181454,1.986645158123146,-0.21147994907750878,0.8171580809098522
2024-06-20,138.7092742919922,139.48527953202063,138.12727743585634,138.7092742919922,7330556,137.54527587890624,131.3373104095459,123.84571533203125,73.27163261074108,3.652565162726347,2.955816709920466,0.6967484528058812,139.67130574473782,131.3373104095459,123.00331507435396,12180831.15,0.6018108214232983,2.6687181586876503,-0.27893089398519644,0.10293992607994795,0.8468955214737006,1.6651606357628301,1.747366875770573
2024-06-21,147.24520874023438,147.43921709229716,138.32126312617564,138.70925153476384,37300611,139.98966064453126,132.51100311279296,124.41801198323567,81.89373084066177,4.420140771500883,3.2486815222365495,1.1714592492643332,142.75209653269485,132.51100311279296,122.26990969289108,13647377.8,2.733170543575045,3.5286162663454994,6.1538310915487004,-0.12290844763791497,-0.6524324296809936,-0.6551472946517478,-2.5139732704353213
2024-06-24,147.24520874023438,149.76720413490108,147.24520874023438,147.63321129659127,23343525,142.08484497070313,133.5585968017578,125.00647532145182,81.89373084066176,4.971145698358413,3.593174357460922,1.3779713408974907,145.2984824019263,133.5585968017578,121.81871120158932,14210347.7,1.642713147687442,3.39440015012166,0.0,0.06802312668354737,-1.8908700814464607,0.2697694437415521,2.2179765661771933
2024-06-25,146.66322326660156,149.7672156607986,145.69323802271353,148.7972162691408,20890655,143.7920349121094,134.42189254760743,125.57230567932129,79.85676984191753,5.299767290468594,3.9344929440624563,1.3652743464061379,147.35229461205284,134.42189254760743,121.491490483162,14304251.1,1.4604508026288772,3.4850104818501144,-0.395249175584067,-0.12823314551579923,0.27295654149688264,-1.3452867034632776,-0.7475111105661125
2024-06-26,148.021240234375,148.99122557649204,146.27524964123887,147.05124074448673,21381039,145.5768310546875,135.33368911743165,126.11873639424643,81.04174219184597,5.605169979260836,4.268628351102133,1.3365416281587033,149.40863552411687,135.33368911743165,121.25874271074642,14858202.15,1.439005795193061,3.382472542303855,0.9259423988690507,0.4702765421042532,0.4839958550256096,0.0,2.541841529419231
2024-06-27,147.81651306152344,148.81257126240487,145.62515886907943,148.0157217960881,20749941,147.39827880859374,136.24494857788085,126.66498832702636,80.27506115247714,5.764237496813479,4.567750180244402,1.196487316569077,151.09318300325157,136.24494857788085,121.39671415251013,15477785.8,1.3406272233073544,3.356464522440067,-0.138309321369956,0.3350392876177333,-0.3511118229512111,0.0,0.7242787800962658
2024-06-28,145.4259490966797,148.214929472914,145.4259490966797,147.41808001228395,9699501,147.0344268798828,137.14337921142578,127.0776315053304,71.74052244824298,5.632473469246804,4.780694838044883,0.8517786312019213,151.92713916683311,137.14337921142578,122.35961925601843,15460342.15,0.6273794529185113,3.280799969612634,-1.6172509520967826,-0.1850665019445641,0.5512513704543975,0.6666620395862077,-0.09114800558005509
2024-07-01,144.23068237304688,145.82438145708323,143.63302705645873,145.42596395010398,12502205,146.4315216064453,137.93354721069335,127.4897533416748,67.8560070193146,5.369702900245272,4.898496450484961,0.47120644976031123,152.44257026677926,137.93354721069335,123.42452415460745,14658441.05,0.8529014072748207,3.135540560414217,-0.8219074594714826,-0.055340206795018165,0.11427590660921805,-1.5653245349343425,-0.020277148345304585
2024-07-02,142.83616638183594,144.62908860768178,141.64088489793872,143.63301586174794,10532985,145.66611022949218,138.50848999023438,127.88509979248047,63.533660817380564,4.9913918864837115,4.9170755376847115,0.07431634879899995,152.8270092354761,138.50848999023438,124.18997074499264,14645258.2,0.7192078730301935,3.1158956469913965,-0.966865002832118,0.05445543450566248,-0.7771564734776915,2.8746255814344535,1.59180680610167
2024-07-03,145.6251678466797,148.41416294281373,144.62909505633343,145.6251678466797,15985430,145.18689575195313,139.2810821533203,128.31722971598307,67.93310743864897,4.8605968570969935,4.905779801567168,-0.04518294447017457,153.37160989292437,139.2810821533203,125.19055441371624,14972004.85,1.067688005724898,3.4441757688562498,1.952587734249378,0.15711929888313492,1.2808943510362658,6.420917941232007,5.239515437721232
2024-07-04,150.0078582763672,150.40629028829713,146.62123702316833,147.21887777703387,13789402,145.6251647949219,140.27280883789064,128.82887115478516,73.37003157926688,5.052347032371955,4.935093247728126,0.11725378464382885,154.45598017533587,140.27280883789064,126.08963750044539,15154981.4,0.9098923737379182,3.6224353252244086,3.009569358437947,0.14950641568265421,1.5108454922353465,0.6424721133237332,2.797540988221625
2024-07-05,150.2070770263672,152.19920796995268,149.60943629048572,151.99999923401163,9508594,146.58139038085938,141.2453971862793,129.32443313598634,73.58923707704912,5.160894140836689,4.980253426349838,0.18064071448685048,155.34809941452392,141.2453971862793,127.14269495803467,15157879.1,0.6273037235136676,3.484746839123416,0.13280554251562382,-0.3522176733286364,0.14479967883183065,-0.6106121307325463,-0.9225149013390777
2024-07-08,150.40628051757812,150.80471250362507,148.4141496434591,150.40628051757812,7237454,147.81651000976564,142.18914566040038,129.86211471557618,73.82128650868597,5.2030154400343065,5.024805829086732,0.17820961094757415,156.0793511317173,142.18914566040038,128.29894018908348,14662743.4,0.4935948070945578,3.3388556419290905,0.13261924481491327,-0.34946094601715494,1.365055591695996,-0.19547574493947728,-0.18620442896249978
2024-07-09,148.41415405273438,151.800775186545,147.21887258714045,150.40628498603817,12634014,148.9321075439453,143.14968719482422,130.33749440511068,67.43981847987838,5.017806763406327,5.023406015950652,-0.0055992525443251395,155.86619893233538,143.14968719482422,130.43317545731307,14836468.55,0.8515512945295867,3.504595236259151,-1.3244968614265606,0.24079002019752327,0.09183997563149138,0.8673788905499524,1.9589529484340007
2024-07-10,152.19920349121094,152.3984122212899,148.61335918144212,149.21099989973692,10913995,150.24691467285157,144.28008117675782,130.9276912689209,72.33346976666968,5.117458533067349,5.042216519373992,0.07524201369335781,155.89340976028905,144.28008117675782,132.6667525932266,14952756.75,0.7298985185457525,3.568550293898668,2.5503291533310657,0.11240498501070562,0.44769724473825434,-0.2219105442487601,0.6861716476233015
2024-07-11,158.77325439453125,161.56224930866048,152.79684709858162,153.39448782817658,28961154,151.99999389648437,145.64217834472657,131.68242212931315,78.40442644789249,5.661640378701236,5.166101291239441,0.4955390874617951,157.34952565220632,145.64217834472657,133.93483103724682,15955748.15,1.8150921992335407,4.3411496970387855,4.319372738175953,0.2442485876554823,1.5951511700039722,2.780089942234376,-0.18172063302280828
2024-07-12,153.3944854736328,157.97640250621635,152.99605348399922,157.37876178579492,17597112,152.6374755859375,146.56073837280275,132.3216402689616,65.70129295622854,5.594397974853223,5.251760627962198,0.3426373468910251,157.62520713051455,146.56073837280275,135.49626961509094,15879252.1,1.1081826706435374,4.532623192171219,-3.387704649255907,-0.6140502852808205,-1.9397254657484875,-3.2458725834690227,-3.3227064776440995
2024-07-15,153.7929229736328,154.58977245339298,151.00392800238447,154.19134044948365,9551580,153.31480407714844,147.41192016601562,132.96749903361004,66.13894878754155,5.509745544774546,5.303357611324667,0.2063879334498786,157.90952384829797,147.41192016601562,136.91431648373327,15831705.75,0.603319702300556,4.406386026682858,0.25974695163895056,0.49773822276901747,-0.1570866870910903,-3.2458725834690227,-3.3227064776440995
2024-07-16,160.16775512695312,162.9567502246043,157.179551282348,157.3787745573611,33243405,155.6655242919922,148.51394424438476,133.73577168782552,72.24187741883004,5.889166911846445,5.420519471429023,0.46864744041742235,159.52270645925387,148.51394424438476,137.50518202951565,16863716.65,1.971297649857038,5.040711523254674,4.1450750984252105,0.07988501995308539,0.49369257838391967,5.535361934899363,5.414303444505575
2024-07-17,158.97247314453125,161.36303621352994,157.97641488448787,159.37090516538407,12640261,157.02017822265626,149.5077049255371,134.4485563913981,69.70506422202031,6.023971221788258,5.54120982150087,0.4827614002873881,160.5256012372883,149.5077049255371,138.4898086137859,16789670.95,0.7528593644058283,4.820166164026327,-0.7462687989067907,-0.03284897586730562,-0.9477322922418208,0.39735406497483083,-1.2952300868459221
2024-07-18,158.3748321533203,160.16775445253393,155.58585159547187,156.78113312828094,12045897,156.94049377441405,150.49098281860353,135.12551396687826,68.41151382732117,6.013262824617129,5.635620422124123,0.37764240249300673,160.9469538523162,150.49098281860353,140.03501178489086,17025438.0,0.7075234716428441,4.788397723097758,-0.37593992179236757,-0.2226498352794204,-1.5622735237073582,-2.3219037366567608,-3.303172950610056
2024-07-19,152.59764099121094,158.97246586457376,152.0000002513295,158.17561638741802,17580676,156.7811248779297,150.75860443115235,135.6512186686198,57.335068652504184,5.475487288834813,5.603593795466261,-0.12810650663144774,161.1384974583171,150.75860443115235,140.3787114039876,16039441.25,1.0960903017740722,5.079606775117291,-3.6477962335054404,0.45613217759497005,-2.2617330175741857,-1.4856834570801336,0.8891154090835407
2024-07-22,147.81651306152344,153.1952796472929,147.81651306152344,151.8007749211657,16337214,155.58584289550782,150.78716964721679,136.12633768717447,50.10488133582946,4.610353945453824,5.4049458254637734,-0.7945918800099498,161.1294282255268,150.78716964721679,140.44491106890678,15689125.7,1.0413081208215447,5.119494749870913,-3.133159791089346,0.4350571135180781,-2.677259944243182,-1.8097080565897428,-3.5714361046647047
2024-07-23,150.40628051757812,150.6054892465727,148.01571765741215,150.20707178858356,11484457,153.6335479736328,150.9743225097656,136.6446194966634,53.52369838920778,4.086594411430866,5.141275542657192,-1.0546811312263262,161.13625978132396,150.9743225097656,140.81238523820727,15218815.8,0.7546222485983436,4.8087589412280245,1.752014982911132,0.08389052827177945,2.7625011418902057,0.418880657246512,-1.1063042364600761
2024-07-26,144.8283233642578,146.22281369675608,140.4456145568753,140.4456145568753,20159362,150.80471801757812,150.81467666625977,137.01820220947266,46.1835592879168,3.184705380675865,4.749961510260927,-1.5652561295850616,161.26809693697592,150.81467666625977,140.36125639554362,15157731.95,1.3299721928385204,5.495679877157996,-3.7085932410039324,-0.2194732292683632,-3.2906356086419675,-0.46782896405239693,0.45068716237686157
2024-07-29,143.43380737304688,148.01572457863497,141.64088514408525,146.42201108798292,12927848,147.81651306152344,150.59554138183594,137.3879430135091,44.53906532834318,2.3305607859914517,4.266081365407032,-1.9355205794155808,161.4881204008618,150.59554138183594,139.7029623628101,14766627.3,0.8754773678076103,5.612901151476894,-0.9628751882348241,0.47483004597199674,0.20470575104574174,4.1715554700944235,4.079715934415118
2024-07-30,145.4259490966797,145.4259490966797,140.644823276783,141.84009020369905,8101732,146.38217468261718,150.59554138183594,137.79088617960613,47.41945585998814,1.7937173716881603,3.771608566663258,-1.977891194975098,161.4881204008618,150.59554138183594,139.7029623628101,14686738.85,0.5516358725204676,5.5019977739328665,1.388892730464586,0.15641212361443557,0.2665528397010952,-0.902418374452707,1.7042597216616606
2024-07-31,157.77719116210938,158.97247269321537,147.61729814770842,148.0157301674301,35442903,148.3743103027344,151.27286682128906,138.30268389383951,60.95798535602608,2.3379566007818084,3.484878173486968,-1.1469215727051596,162.18368798150294,151.27286682128906,140.36204566107517,15833773.75,2.238436872953297,6.574601216946575,8.49314867267501,-0.2672783628201558,-0.1089865524954714,-4.6385873737329835,3.8442719406724057
2024-08-01,156.5819091796875,158.97247223500918,155.38662765202665,158.1756227259216,16681752,149.60943603515625,151.96015396118165,138.78162701924643,59.36496595329421,2.642361347476424,3.316374808284859,-0.6740134608084354,162.35275590029684,151.96015396118165,141.56755202206645,16141212.1,1.033488185190256,6.176100332418035,-0.7575759041075658,-0.5775112476597344,1.9944277998713122,-4.774695231653714,-3.3222671434163464
2024-08-02,148.01573181152344,155.3866298258634,147.61729978737614,152.0000084688187,18499945,150.24691772460938,152.07968215942384,139.12103373209635,49.40108899979479,2.1674009305035327,3.086580032728594,-0.9191791022250615,162.21736598893173,152.07968215942384,141.94199832991595,16266937.85,1.1372727412246184,6.547901540403812,-5.470732483108143,0.4427055244088818,-4.434260881041652,-6.3459738514719755,-8.384893930934567
2024-08-05,133.27391052246094,141.8400893913636,133.27391052246094,141.24246319535732,19354033,148.21493835449218,151.24298477172852,139.20181020100912,37.68020943260052,0.5945954761351686,2.588183121409909,-1.9935876452747405,164.41019565064028,151.24298477172852,138.07577389281676,16545169.4,1.1697694071358375,7.640424173558304,-9.95963139096192,-0.3900105801548759,-8.351980222953914,-13.602150569682458,-16.07543971754105
2024-08-06,134.8676300048828,139.05111526075822,125.90301874229262,137.85583375907953,23622945,146.1032745361328,150.47601242065429,139.35441513061522,39.355388817664085,-0.5173012086170559,1.9670862554045163,-2.484387464021572,165.54670589265405,150.47601242065429,135.40531894865453,17250886.95,1.369375677231483,8.374780486212611,1.1958225553479807,0.2764724507885674,3.379268306975858,7.707215712032278,14.851234155458393
2024-08-07,139.84796142578125,140.44560216240376,134.2699860599907,134.2699860599907,13664819,142.51742858886718,149.94809646606444,139.63205858866374,44.38631615003549,-0.9852587689795769,1.376617250527698,-2.3618760195072745,165.75098932922978,149.94809646606444,134.1452036028991,17572255.2,0.7776360429821211,8.08155856837267,3.692755200575659,0.3029438503285631,3.8742452023632135,3.52390512129519,2.1013972820673743
2024-08-08,139.64874267578125,142.43772289465755,136.26210723508026,137.6565973445184,11754524,139.13079528808595,149.50982589721679,139.90314839680988,44.22825966159897,-1.356556259075802,0.829982548606998,-2.1865388076828003,165.96458905885663,149.50982589721679,133.05506273557694,17528280.7,0.6706033638541629,7.827432847199953,-0.14245381053031858,-0.3905008009258193,-1.9965912706408795,-2.744013067621265,-2.1561541208034773
2024-08-09,144.8283233642578,149.21101764358067,144.62910008242974,146.4220224505245,15401050,138.49331359863282,149.14128189086915,140.26703109741212,49.284767905792464,-1.2188135965766946,0.42022331957025955,-1.6390369161469542,165.67242357960865,149.14128189086915,132.61014020212966,17752633.45,0.8675360781473241,8.05874512994655,3.709006317730945,-0.7344664716750882,2.86965755714923,-1.3214364365806364,-1.4913825512867018
2024-08-12,146.02359008789062,148.4141530021564,145.62515809282695,146.02359008789062,6781332,141.04324951171876,148.5037986755371,140.66376838684081,50.40228229686995,-1.0016570300944068,0.13584724963732628,-1.137504279731733,164.44375824197238,148.5037986755371,132.56383910910182,16643642.35,0.4074427855030182,7.4623563976734895,0.8252990132507465,0.07652887976525857,1.417205112604214,-1.3214364365806364,-1.4913825512867018
2024-08-13,147.0196533203125,148.41415808678164,145.625163081902,148.41415808678164,8648016,143.4736541748047,148.1850570678711,141.0286070505778,51.36406886133335,-0.7406471884681025,-0.039451637983759474,-0.701195550484343,163.96741179167097,148.1850570678711,132.40270234407123,16196187.55,0.5339538069253835,6.839241545300975,0.6821248757288734,-0.604294595055821,0.10706043617687566,4.6507558097605095,8.541414968918515
2024-08-14,148.41415405273438,151.4023577167192,148.0157220548503,148.41415405273438,12043841,145.1868927001953,147.91611862182617,141.4328540802002,52.74564670018298,-0.41646965083589293,-0.11485524055418617,-0.30161441028170677,163.47788479569653,147.91611862182617,132.35435244795582,16320800.6,0.7379442525631984,6.511703258781738,0.9485131415618797,0.20472686912957894,1.0583302060494848,1.9540017945839372,0.30186534691141187
2024-08-15,148.05323791503906,151.86168133407543,148.05323791503906,151.62365362038565,17846256,146.86779174804687,147.31039276123047,141.85048535664876,52.331311358487945,-0.1865293385944824,-0.12919006016224543,-0.05733927843223696,161.76816298256597,147.31039276123047,132.85262253989498,15550943.15,1.1475995910897532,6.151268613482355,-0.24318175041921908,-0.9596021142668665,-0.5996212787569899,-1.814791084720635,-0.4358611004832369
2024-08-16,150.19549560546875,152.57577287338427,149.48141242509408,150.19549560546875,11602120,147.94122619628905,146.87154388427734,142.31675440470377,54.61045291339862,0.16664136953312436,-0.07002377422317149,0.23666514375629585,160.33765535942814,146.87154388427734,133.40543240912655,15499036.1,0.7485704223890414,5.934104126130735,1.446950921572565,1.398656718686797,2.0742481463743134,6.546906724631696,6.524910082693891
2024-08-19,150.67153930664062,151.86167784776734,149.4814007655139,150.4335115984153,6715648,148.87081604003907,146.48637924194335,142.77155749003092,55.12392022666278,0.47941801594274125,0.03986458381001106,0.4395534321327302,158.97211038142993,146.48637924194335,134.00064810245678,15232523.65,0.4408755997565774,5.4602605202804275,0.3169493860337491,-0.9462871123850913,0.2698102405719105,-4.588203276642044,-3.7964752141049773
2024-08-20,153.76589965820312,154.2419550751016,150.19548403146467,150.90956715681236,8041756,150.22006530761718,146.54479217529297,143.27146657307944,58.41685433465229,0.965851051676708,0.22506187738335048,0.7407891742933576,159.1611532806853,146.54479217529297,133.92843106990063,14755577.65,0.544997708036188,5.271755256727961,2.0537125762450703,-0.7001673407422859,0.08687670993854368,0.5097745565224354,1.3425522960756053
2024-08-21,151.14759826660156,154.2419585460753,150.6715428389902,152.81379226324125,10781200,150.76675415039062,146.7113464355469,143.6857042948405,54.755598382716826,1.1270853583869211,0.4054665735840646,0.7216187848028566,159.48536150144002,146.7113464355469,133.93733136965375,14477776.95,0.7446723372817261,5.0449099834422455,-1.7027841656840903,-0.0485705808362491,-0.8525040581436327,-0.9974608710138333,-0.9333701081062906
2024-08-22,152.5757598876953,153.2898430072945,150.67153823543077,151.86167676809612,8193004,151.67125854492187,146.81982040405273,144.07201182047527,56.36216066790221,1.3544916783367285,0.5952715945345974,0.759220083802131,159.7616897437109,146.81982040405273,133.87795106439458,14313204.3,0.5724087931868617,4.721362621898444,0.9448788055333113,-0.6270599155635659,-0.40049008413989284,-0.37568478773861713,0.010135611798389732
2024-08-23,154.24195861816406,154.47998633208098,150.67154290941028,151.62365376507793,8517256,152.48055114746094,147.29050216674804,144.4796226501465,58.2258538850361,1.6501393584677544,0.8062451473212289,0.8438942111465255,160.60672229819048,147.29050216674804,133.9742820353056,13731099.0,0.6202894611713163,4.599640062001413,1.0920468177220144,1.0727248962346891,0.041630655400193284,0.017134632319937282,1.1750359844933111
2024-08-26,155.90814208984375,159.4785575575501,154.95603129845537,156.38419748553792,9203620,153.52787170410156,147.9142189025879,144.9182362874349,60.062691178664195,1.9958820701748436,1.044172531891952,0.9517095382828917,161.6323385764004,147.9142189025879,134.19609922877538,13544887.6,0.6794903192847462,4.684567912319362,1.0802400894068143,-0.8756060974664415,0.3703771608125628,-2.6563812517827357,-3.554260612093496
2024-08-27,155.43209838867188,155.90815382018388,154.00393209413582,154.95604295715987,6941076,153.86111145019532,148.4145263671875,145.38448232014974,59.26093868796645,2.20604302118889,1.2765466297513397,0.9294963914375503,162.47610679222512,148.4145263671875,134.3529459421499,13486854.8,0.5146549067911668,4.313855087483189,-0.3053360105449432,0.17163104694757347,-0.24783653485163093,0.8098588488708147,-0.4256173769807914
2024-08-28,155.6701202392578,155.90814794604566,153.28984317137926,155.6701202392578,8029872,154.76561584472657,148.3091728210449,145.83852895100912,59.551669338929514,2.3645464435835493,1.4941465925177817,0.8703998510657676,162.10444563624247,148.3091728210449,134.51390000584735,12116203.25,0.6627383045922409,4.08778171244095,0.15313558335341426,-0.35839014234928523,0.8368724645030357,0.4191475608481321,-1.094661026073096
2024-08-29,156.3842010498047,157.09828415962116,153.2898409072667,154.00392401708316,6622664,155.52730407714844,148.29928741455078,146.25597712198893,60.463251814697884,2.51874734979296,1.6990667439728175,0.8196806058201427,162.06986116575658,148.29928741455078,134.52871366334497,11613248.85,0.5702679831923174,4.050536584429419,0.45871411254090333,0.9086610177773791,-0.7546069078691819,1.2869551824224335,0.23189583349145781
2024-08-30,156.3842010498047,158.05039497270977,156.14617334653252,157.09828415962116,8689800,155.95575256347655,148.71771087646485,146.69282506306965,60.463251814697884,2.6108563520961354,1.8814246655974811,0.7294316864986543,162.952732128127,148.71771087646485,134.4826896248027,11122741.6,0.7812642163691009,3.7643612566624625,0.0,-0.39083263225860865,0.29835457649001196,4.155221415843835,3.5545216828207327
2024-09-02,155.90814208984375,157.57433597477336,155.67011439199666,157.0982805790792,4114304,155.95575256347655,149.84942245483398,147.12173868815105,59.42771124659597,2.6152919627687368,2.0281981250317322,0.5870938377370045,162.4158447350742,149.84942245483398,137.28300017459378,10360755.15,0.3971046454080135,3.516342633477694,-0.3044162752791957,0.4331737370221411,-0.14815026617228666,2.3079412528011156,2.7216430358097288
2024-09-03,152.8137969970703,156.14618509357962,152.57576927589108,155.90815737240038,6507360,155.43209228515624,150.74673080444336,147.48938013712566,53.06586000449542,2.3421209157209546,2.090982683169577,0.2511382325513778,161.19284585487875,150.74673080444336,140.30061575400796,9504975.9,0.6846266701212782,3.523552391372474,-1.9847232166940287,-0.203152061097156,-0.642626632600074,-0.6445315815800212,-2.3727059203188294
2024-09-04,144.72084045410156,147.33914513336984,141.38845268048738,145.19689585033214,15077664,153.242236328125,150.99037475585936,147.7092056274414,40.772186977097974,1.455815204028255,1.9639491873413126,-0.5081339833130576,160.55640237960523,150.99037475585936,141.4243471321135,9575618.15,1.5745891036809982,4.577124648067203,-5.295959332208666,0.15659122730726782,-4.5240421627673495,-4.508598118297213,-6.450634498285835
2024-09-05,144.2447967529297,147.33915707931266,143.0546581658593,147.1011293618986,6567912,150.81435546875,151.2201774597168,147.95989685058595,40.182491748936904,0.7068506594002884,1.712529481753108,-1.0056788223528197,159.81002728459765,151.2201774597168,142.63032763483596,9316287.55,0.704992408698248,4.538107883452022,-0.328939287305241,-0.08130132213054475,0.4502065283094936,-1.6983710861986911,-0.38969273784651426
2024-09-06,144.48281860351562,145.91098485000836,143.29268006477167,144.7208463112644,6785540,148.4340789794922,151.2029022216797,148.20808842976888,40.64474235419095,0.1309872958849212,1.3962210445794707,-1.2652337486945495,159.84808898072464,151.2029022216797,142.55771546263475,8885512.05,0.7636633614153953,4.282134137023311,0.1650124343782311,0.16272898106874933,1.1680285631374687,-2.1769310000387843,-0.652040245218477
2024-09-09,141.1504364013672,147.10112933565756,139.96029781450912,147.10112933565756,12386380,145.48253784179687,150.95924453735353,148.3684071858724,36.40330858620004,-0.5875114955977665,0.9994745365440232,-1.5869860321417897,160.45218785016115,150.95924453735353,141.4663012245459,9165764.45,1.3513744617340675,4.663293788239995,-2.3064210916960537,0.05905528468521659,-1.3564144167506398,-1.5718656737952141,-0.08750929518538397
2024-09-10,137.3419952392578,142.5786051097321,136.15185663233183,142.34057738834693,9141576,142.38817749023437,150.4753616333008,148.40705235799155,32.25997864958913,-1.4475498836730196,0.5100696525006148,-1.9576195361736344,161.65124842687524,150.4753616333008,139.29947483972634,9190442.45,0.9946829056091854,4.898421080128034,-2.698143384608398,0.2563547314850423,-0.3800496824621358,-3.086313145727493,-2.1458278949397447
2024-09-11,136.38987731933594,137.8180435739887,135.4377664829008,137.1039604466623,9589056,140.72198486328125,149.87414779663087,148.40072886149088,31.30081549921634,-2.18082526527931,-0.028109331055370224,-2.1527159342239397,162.69025810916088,149.87414779663087,137.05803748410085,9067703.2,1.0574955739618828,4.562668548256015,-0.6932460230122839,0.1557220455938646,-0.15704496945657676,-2.018151536977586,-2.573275842574674
2024-09-12,143.5307159423828,145.1969099914652,142.1025496145979,142.81663277849034,13434324,140.57916870117188,149.64802169799805,148.49078623453775,44.60386081161452,-2.160836511533745,-0.4546547671510452,-1.7061817443826996,162.755681182131,149.64802169799805,136.54036221386508,8847106.6,1.51849916672192,5.128583764772447,5.2356074830448796,-0.1585997292772645,2.9587275926014067,5.328803049410569,4.7886923478088095
2024-09-13,144.2447967529297,146.62507392707045,143.29268588327338,146.38704620965638,7384576,140.53156433105468,149.3504867553711,148.57657852172852,45.73547484087706,-2.0635871781392154,-0.7764412493486793,-1.2871459287905362,162.67419394264388,149.3504867553711,136.0267795680983,8636229.4,0.8550694589006632,4.88909100197573,0.49751079819981836,-0.5730778859112329,0.4913830054379842,-2.1707847780075062,-1.709589605464834
2024-09-16,146.3870391845703,146.62506689056147,143.53070671267625,144.0067621246586,5927604,141.57888488769532,149.1362617492676,148.70454126993815,49.0950530268463,-1.792986883318747,-0.9797503761426929,-0.8132365071760541,162.50822430533987,149.1362617492676,135.7642991931953,8596827.2,0.6895106603980595,4.649793558763663,1.4851436445988186,0.04698615258813543,0.41558428502583844,-2.1707847780075062,-1.709589605464834
2024-09-18,143.76873779296875,145.91098719716862,142.34057152350218,145.67295948559087,7145068,142.8642333984375,148.63640365600585,148.64660008748373,45.39575207799612,-1.7694125538484684,-1.137682811683848,-0.6317297421646204,162.02708518687373,148.63640365600585,135.24572212513797,8551992.8,0.8354857361432764,4.569350105737593,-1.7886155811241644,0.24009018886061995,-0.7837052942722855,0.3795128173826212,1.1862795559103967
2024-09-19,144.9588623046875,145.67294537022784,141.1504192884724,144.24477923914716,9642008,144.57803039550782,148.32696685791015,148.60849431355794,47.338138285435356,-1.6358396844813967,-1.2373141862433579,-0.39852549823803884,161.75927167811216,148.32696685791015,134.89466203770814,8495033.2,1.1350171062309682,4.563106902539974,0.8278047995611937,-0.5025171841719578,1.6783629197754113,0.7750526081125475,3.284974377412464
2024-09-20,143.76873779296875,146.86309804347968,143.29268236981324,145.91098719716862,9951012,144.625634765625,147.88661575317383,148.56025288899738,45.59159782083602,-1.6074852358040346,-1.3113483961554933,-0.2961368396485413,161.30988219075647,147.88661575317383,134.4633493155912,8582933.6,1.1593951979309267,4.430748072023503,-0.8210084521891758,-0.03461304571514834,0.5295654552418982,3.132611470039892,1.1463286498471836
2024-09-23,145.91099548339844,146.1490232084937,144.2448014077316,144.2448014077316,5926072,144.95887451171876,147.47006759643554,148.52508214314778,49.22318854161116,-1.3960589404720736,-1.3282905050188094,-0.06776843545326416,160.57624801066603,147.47006759643554,134.36388718220505,8453374.4,0.7010303483068252,4.157353051157029,1.4900719887480651,0.6956707184216482,0.5691005244930158,3.132611470039892,1.1463286498471836
2024-09-24,148.291259765625,148.291259765625,144.95887190572333,145.9109827228381,7597808,145.3397186279297,147.0892234802246,148.53299458821616,52.97865690779495,-1.0246234222939279,-1.2675570884738332,0.2429336661799053,159.5917642291207,147.0892234802246,134.5866827313285,8373083.8,0.9074085703047663,4.047357692322982,1.6313124822024738,-0.17505941198043828,0.6562554474329074,2.000727641681843,4.2111090314436606
2024-09-25,153.5278778076172,153.76590552514836,150.43351747971172,151.14760063230528,17459320,147.2915466308594,146.99401245117187,148.66802673339845,59.98967602975603,-0.3042001562997996,-1.0748857020390266,0.770685545739227,159.25572564479916,146.99401245117187,134.73229925754458,8898996.0,1.9619426730835703,4.237662767949699,3.5313059247515266,-0.7296520762731573,1.4703261303304016,-0.10698721444701853,0.7889964096855051
2024-09-26,155.19406127929688,157.574338292783,154.24195047390242,157.09828289008578,16294824,149.33858642578124,146.97020950317383,148.85074971516926,61.93447430755601,0.39661561572475534,-0.7805854384862703,1.1772010542110256,159.16265990607872,146.97020950317383,134.77775910026895,9312243.6,1.7498279362021845,4.212169130245182,1.0852644454367733,0.5141959081656822,0.4270830660774827,4.016426515927041,1.4810097047522008
2024-09-27,151.14759826660156,155.908152542715,150.43351512518456,155.908152542715,19209456,150.81435852050782,146.70837936401367,148.98927357991536,54.94894544016666,0.6183731954637324,-0.5007937116962698,1.1191669071600021,158.25755579430037,146.70837936401367,135.15920293372696,9941583.2,1.9322330873818971,4.380498235216549,-2.6073568661967306,-1.264795450138878,-0.1575824966969841,3.1699328107747338,3.4600374718658067
2024-09-30,148.291259765625,150.67153680841193,148.0532320613463,149.71942599129716,8943716,151.29041137695313,146.3037322998047,149.03370844523113,50.60965246575588,0.5572118382529538,-0.28919260170642513,0.846404439959379,156.9579206254707,146.3037322998047,135.64954397413868,9954279.0,0.898479538297048,4.209013964555043,-1.8897677063570706,0.36554889324060813,-2.6212834827579523,-5.75890755647972,-7.485402937969776
2024-10-01,147.5771942138672,149.7194438072943,146.62508328345515,148.29127741167622,6409128,151.14759826660156,145.88718490600587,148.9931973775228,49.556067561900086,0.44598090937776647,-0.14215789948958685,0.5881388088673534,155.5671968174824,145.88718490600587,136.20717299452934,10069020.2,0.6365195294771581,4.060393505792924,-0.48152908869100175,0.015832654460190554,0.7462542284165874,3.0643196006294726,6.829399729879615
2024-10-04,144.48281860351562,149.24337275849143,144.00676318801803,147.3391510965011,10281572,149.33858642578124,145.47063598632812,148.89779307047527,45.16787687197946,0.10690698867111337,-0.0923449218574468,0.19925191052856017,154.596787247308,145.47063598632812,136.34448472534825,10257730.8,1.002324217749992,4.217222314416989,-2.09678441634229,0.6475584055064321,-0.3915951667323836,-1.0086757878815633,-0.9135999258388705
2024-10-07,148.529296875,148.529296875,145.67296424278845,145.67296424278845,6779808,148.00563354492186,145.66105880737305,148.86651000976562,51.24747205163447,0.16282845719689476,-0.04131024604657849,0.20413870324347325,154.8797985438024,145.66105880737305,136.4423190709437,9842838.0,0.6888062162559213,4.194456442025974,2.8006639893900287,1.005679869258036,1.792829627283954,1.9306458466707976,3.3983079420245366
2024-10-08,145.91099548339844,147.57718955906532,144.48282913282685,147.57718955906532,8482416,146.95831298828125,145.74436874389647,148.82479070027668,47.57196077890509,-0.0040813688687251215,-0.03386447061100782,0.0297831017422827,154.9393030504395,145.74436874389647,136.54943443735345,9938563.2,0.8534851395823494,4.17472461537893,-1.7628181420700328,-0.6747083567230305,-0.4015843133057917,-2.051909629379778,-2.1401193803742835
2024-10-09,145.4349365234375,148.29126915564905,145.4349365234375,147.10113055889423,6648352,146.38704833984374,145.79197463989257,148.71205291748046,46.913142519026266,-0.17278087761943084,-0.06164775201269243,-0.11113312560673841,154.96924970156402,145.79197463989257,136.61469957822112,9931703.8,0.6694069954039507,3.9989390176232793,-0.3262666794807134,0.1500498127376071,0.2109089790889307,2.757378816173328,-0.2863846025262018
2024-10-11,143.76873779296875,146.14901490874638,143.05465465823548,144.95887635085757,13500624,145.62535705566407,145.92288970947266,148.46197764078775,44.58579198203243,-0.4358999826025638,-0.13649819813066671,-0.2994017844718971,154.89375633907085,145.92288970947266,136.95202307987446,9987416.0,1.351763459136978,3.878328515341629,-1.145666076046481,-0.09929871833751491,1.070478351454196,-1.0234201509584762,-0.6319175935029064
2024-10-14,147.1011199951172,147.57717539963213,144.00675986577008,144.24478756802753,7493768,146.14901733398438,146.4108459472656,148.35708821614583,49.9352748525573,-0.3712488494965669,-0.18344832840384676,-0.18780052109272014,154.4273759657988,146.4108459472656,138.39431592873242,9905025.6,0.7565622041400882,3.869009727517862,2.317876788309259,-0.20343946585824613,0.3215858580000841,-1.0234201509584762,-0.6319175935029064
2024-10-15,148.76731872558594,149.48140185546876,147.1011247558594,148.529291015625,8514640,146.19662170410157,147.02971801757812,148.27332814534506,52.409112263152785,-0.18344935817103192,-0.1834485343572838,-8.238137481075825e-07,153.56272213401346,147.02971801757812,140.49671390114278,9851304.8,0.8643159635056668,3.670512678562357,1.1326893571742103,0.06846983628858716,1.3786551243744505,0.508238887300605,0.13248642854775117
2024-10-16,147.81521606445312,148.7673269569778,144.48282794061683,146.86310517192848,9781716,146.5774658203125,147.24394302368165,148.06745249430338,50.862509562287215,-0.11017362302720812,-0.16879355209126867,0.05861992906406055,153.57160697818108,147.24394302368165,140.91627906918222,9668674.4,1.0116915303301557,3.752377523602172,-0.6399945023470188,0.05909743352694452,-1.2066723441250926,-2.1447183716248652,-1.9317319411993328
2024-10-17,147.33914184570312,148.2912526169193,145.91097568887886,147.10111415289907,8183932,146.95830688476562,147.3986602783203,147.87356363932292,50.066903180390334,-0.08948574971762469,-0.15293199161653986,0.06344624189891518,153.56686838986468,147.3986602783203,141.23045216677593,9708642.2,0.8429533019560655,3.569430777527275,-0.32207389159611965,-0.11191169434519033,0.1862561878152258,0.017809110950661733,-1.5110597260465264
2024-10-18,148.529296875,149.2433800330529,147.33915827824518,148.529296875,8997752,147.91041870117186,147.5057731628418,147.70947138468424,52.08474818788057,0.022683620593824116,-0.11780886917446708,0.1404924897682912,153.67441640163383,147.5057731628418,141.33712992404975,9862149.6,0.9123520089372809,3.34740509883694,0.8077656856066318,-0.20848772856875142,1.8800759024857339,-0.8195224252875999,-0.191779522949298
2024-10-21,149.4813995361328,150.43351036120373,148.29126100479417,149.95745494866827,6382224,148.386474609375,147.79140625,147.65753402709962,53.6967865099371,0.18625831251688396,-0.05699543283619687,0.24325374535308084,153.75716288683415,147.79140625,141.82564961316584,9824007.4,0.6496558624334913,3.18671766651329,0.6410201092745371,-0.08108075314693375,0.23527539270360442,1.6346351120187341,-1.26269684673459
2024-10-22,147.5771942138672,149.00536060948525,147.10113874866119,149.00536060948525,9737064,148.14844970703126,147.92232284545898,147.65354537963867,50.06866146246105,0.16039010170587176,-0.013518325927783147,0.1739084276336549,153.7394209949189,147.92232284545898,142.10522469599906,9828760.2,0.9906706239511267,3.0791900826410687,-1.2738744273031344,0.028084610514422792,-0.030156527726787896,-0.5302237709548852,0.16680553763983585
2024-10-23,146.14901733398438,146.86310048056737,144.95887875634608,146.38704504951204,10483336,147.8152099609375,148.04133682250978,147.58259099324545,47.47761187987436,0.02436653755609086,-0.005941353231008346,0.03030789078709921,153.59191865633062,148.04133682250978,142.49075498868893,9855376.4,1.0637174649159011,3.017740132625074,-0.9677490397419497,-0.11543711676430535,-0.852629098085167,-0.7285009475968884,0.27755554817689987
2024-10-24,145.19691467285156,146.62508104668288,144.7208592149078,145.19691467285156,6669160,147.3867645263672,148.00563278198243,147.588734181722,45.77685529258822,-0.15843352171211222,-0.03643978692722913,-0.1219937347848831,153.62270153188476,148.00563278198243,142.3885640320801,9892530.8,0.6741611560107551,2.869271025845076,-0.6514601866648428,-0.03123109124840706,-0.6095637401184573,-0.39377025633786644,1.4669179014950018
2024-10-25,146.3870391845703,146.3870391845703,144.95887294862328,144.95887294862328,3219348,146.95831298828125,147.9104217529297,147.63795471191406,48.27132346728789,-0.2049087236601963,-0.07013357427382257,-0.13477514938637375,153.57148732175565,147.9104217529297,142.24935618410373,9673607.8,0.33279703566233065,2.6771237205253366,0.8196623973727446,-0.06311938616798685,0.6723275032274767,-0.9703487581335435,0.1909425109795304
2024-10-28,145.91099548339844,146.8631063837795,144.2448014077316,146.38705093358897,6644016,146.24423217773438,147.52957763671876,147.6460388183594,47.33333080876855,-0.276960772873565,-0.11149901399377106,-0.16546175887979397,152.5927043821825,147.52957763671876,142.46645089125502,9132842.6,0.7274860950740573,2.66928122126168,-0.3251952521368118,0.25012638112038577,-0.6440637870254728,0.7802656493707261,1.1979344309869466
2024-10-29,140.67437744140625,145.67295938094858,139.24621117296556,144.7208485353215,15875568,144.8636688232422,146.80359344482423,147.36099192301432,38.47623140064791,-0.7479914726398533,-0.23879750572298752,-0.5091939669168658,151.3798674604939,146.80359344482423,142.22731942915456,9111879.8,1.7422933959247353,3.2020149664845063,-3.5889125590867543,-0.15593671303683054,-1.170271773009135,0.25206743782251184,0.6187791875622572
2024-10-30,132.8194580078125,138.05606746331765,132.58143030528953,137.34198435574876,37261708,142.1977569580078,145.88718643188477,146.96495107014974,29.545432268539443,-1.7351117594939467,-0.5380603564771794,-1.1970514030167672,153.2765882042329,145.88718643188477,138.49778465953665,10014492.4,3.7207784989681554,3.8541392557688017,-5.58375986903904,-0.033745516386241015,-0.4630438149480831,-1.1135061342367525,0.8288751836103225
2024-11-01,129.72511291503906,130.4391961053971,125.44061377289098,126.39272469336834,16698672,139.1033966064453,144.95887908935546,146.660107421875,26.896864202278664,-2.7355655898203395,-0.9775614031458115,-1.758004186674528,155.19363349675177,144.95887908935546,134.72412468195915,10402240.2,1.6052957515824333,4.32409991965583,-2.3297377802817265,-0.008469656393517155,-0.17681353912938347,-2.899888706551057,0.298501530213402
2024-11-04,129.24903869628906,130.915232565302,128.7729833051425,129.9631217830089,6662320,135.67579650878906,144.04247131347657,146.59302622477213,26.503214486743175,-3.5261998322860677,-1.4872890889738628,-2.038910743312205,156.3602879886423,144.04247131347657,131.72465463831082,10414899.8,0.6396912239136472,4.033186498389653,-0.36698693726464615,0.18830568818823945,0.8134762750590552,-2.899888706551057,0.298501530213402
2024-11-05,128.0589141845703,129.72510823529893,127.82088646303765,128.29694190610297,8602024,132.10538024902343,143.2212760925293,146.47954762776692,25.498538548534185,-4.200396708858875,-2.0299106129508653,-2.17048609590801,157.45617647480506,143.2212760925293,128.98637571025355,10330922.4,0.8326482057400799,3.7493245349058704,-0.9207995074650532,-0.03382976410999383,0.6157022965944003,6.581708534230013,6.0606056493433424
2024-11-06,127.10680389404297,129.24905339787517,126.39272072609891,128.05891478463505,13831036,129.3918655395508,142.15015144348143,146.26719500223797,24.692111256117386,-4.7566976842345525,-2.5752680272076027,-2.18142965702695,157.851702265821,142.15015144348143,126.44860062114186,10683483.8,1.2946185213478771,3.6302589531552556,-0.7434939586908218,-0.2810876692411757,0.47861170401419795,-1.517042985209549,5.892849168116143
2024-11-07,131.15325927734375,132.10537005249688,127.34481617673123,127.58284387051951,11758132,129.05862579345703,141.41226463317872,146.125603612264,34.214622220772995,-4.8155444841175665,-3.0233233185895956,-1.792221165527971,157.74406742856854,141.41226463317872,125.08046183778889,10847269.6,1.0839715830424277,3.812699913861743,3.1835080887360867,1.6098729025626257,0.8245523226092066,0.6524152487077162,-1.4695172862653094
2024-11-08,130.43919372558594,134.00960961223518,130.43919372558594,133.53355416068197,13768396,129.2014419555664,140.66247749328613,145.8857847849528,33.411728679208224,-4.863734021099276,-3.3914054590915317,-1.4723285620077444,157.58297112801674,140.66247749328613,123.74198385855553,11203271.8,1.2289620608865348,3.780395376900077,-0.5444512440577753,-0.9296486058043341,0.6197250034959412,-2.7007705384617386,-0.07334650721062541
2024-11-11,132.58143615722656,132.8194638702557,128.77299274876046,129.72510360087696,5757496,129.8679214477539,140.103112411499,145.6617488861084,38.10441078817532,-4.6751710538617886,-3.6481585780455834,-1.0270124758162051,157.32816355731154,140.103112411499,122.87806126568648,10816115.4,0.5323071904354867,3.815872142846099,1.6423303230066022,0.627458984621776,-0.1029553901989333,-0.38859158412376527,-0.7585070390935811
2024-11-12,129.72511291503906,132.81947340659045,129.72511291503906,130.20116837527775,10252652,130.20116119384767,139.23431205749512,145.3735065460205,34.60287185734363,-4.70201307829339,-3.858929478095145,-0.8430836001982454,156.72398311721145,139.23431205749512,121.7446409977788,10954059.6,0.9359682505287812,3.7196705893401374,-2.1543915384958034,0.4336932611868294,-2.3284295008224376,-1.7276711600911487,2.1203118162355095
2024-11-13,131.15325927734375,132.34339774628518,130.20114850219062,130.43917619597892,7392512,131.0104522705078,138.353609085083,145.08582496643066,37.686188131415015,-4.555532754250606,-3.9982501333262377,-0.5572826209243686,155.59421759693842,138.353609085083,121.1130005732276,10897953.2,0.6783394885564383,3.572819154927601,1.1009019997847425,0.1235439255507842,-0.5288498883201043,-1.7769279992892684,-2.6557178182045393
2024-11-14,127.10680389404297,132.10538606965142,127.10680389404297,131.39130290170735,11832212,130.20116119384767,137.3181884765625,144.7367177327474,32.94644620412613,-4.7116482260559,-4.14092975187217,-0.5707184741837299,154.6533366320644,137.3181884765625,119.98304032106063,11000478.0,1.0756088962679622,3.7629208910183807,-3.085287705083961,-0.020971256315938103,-0.6336314481737659,0.5581140134859996,-1.7609123111836489
2024-11-15,126.86876678466797,129.0110161300001,126.63073907963107,127.10679448970488,9309640,129.48707580566406,136.29466972351074,144.3479389190674,32.68601735862785,-4.799255636040897,-4.2725949287059155,-0.5266607073349814,153.55569403893716,136.29466972351074,119.03364540808431,11056763.4,0.8419860010751428,3.578568378931799,-0.18727330251606666,0.3986669276656585,0.12057324525860391,0.8229653195100939,0.4039401817746757
2024-11-18,126.15469360351562,127.34483222241671,125.44061043217498,126.63074905107607,7301136,128.20172729492188,135.17593955993652,143.9393248240153,31.872111665947344,-4.87016465106646,-4.3921088731780245,-0.4780557778884358,151.99279158768144,135.17593955993652,118.3590875321916,10971932.6,0.6654375547294193,3.3553221671064573,-0.5628439522584183,-0.23173876056459264,-0.8628257366824488,-0.9870824486651553,-1.760127640990794
2024-11-19,127.3448257446289,128.05890887964551,125.67863176292349,126.6307426096123,6874256,127.72566986083984,134.06911087036133,143.49897359212238,34.78675254428211,-4.775280379204929,-4.468743174383405,-0.3065372048215238,149.8004720794473,134.06911087036133,118.33774966127534,10996534.2,0.6251293248376384,3.2253161603885334,0.9433910916177846,-0.06007286302424086,1.3406124900682936,-1.1503090393315651,-2.149979149912129
2024-11-20,125.20256805419922,128.0589004052456,125.20256805419922,127.344817317484,11045596,126.53553161621093,132.95037956237792,143.0665564219157,32.122753307360554,-4.817414051721386,-4.538477349851002,-0.2789367018703839,147.79430986322186,132.95037956237792,118.10644926153398,11061960.8,0.9985206239385697,3.1761183191429123,-1.6822494969098045,-0.36001887929690835,-0.7021874267539641,-0.6594331081660632,0.3662086166910772
2024-11-21,127.10680389404297,127.344831616691,124.01244349961871,125.2025821128588,6726724,126.53553161621093,131.99826889038087,142.64207382202147,36.75886182888527,-4.643620605053343,-4.559506000891471,-0.08411460416187211,145.674516529942,131.99826889038087,118.32202125081976,10874130.2,0.6185988098615924,3.1969542922001617,1.5209239470387104,0.45165552347810056,-0.5848779832719808,0.35142792700151304,-1.902531784904038
2024-11-22,127.82087707519531,128.7729878913979,127.34482166709404,127.58284937114468,6458760,126.7259536743164,131.12946701049805,142.20172246297201,38.45639769724626,-4.3975757921582215,-4.527119959144821,0.12954416698659976,143.41200770322246,131.12946701049805,118.84692631777365,10863610.2,0.5945316410561197,2.9928515862207963,0.5617898958010237,0.10408579018676978,1.5457767754733176,-0.31128861222278204,-0.3453825194360105
2024-11-25,128.29693603515625,129.72510229899842,128.29693603515625,129.01101916707734,7803836,127.15440216064454,130.22496185302734,141.74153569539388,39.620027662076,-4.11671460243258,-4.445038887802373,0.32832428536979297,140.22976027395856,130.22496185302734,120.2201634320961,11092834.6,0.7035024212837357,2.847701404565105,0.3724422573637032,0.194435698150075,0.19231667879251457,0.05855502149658687,1.199682479272024
2024-11-26,127.3448257446289,130.20115828469537,127.3448257446289,128.29693659131772,6083320,127.15440216064454,129.29665336608886,141.27341448465984,38.06970294764016,-3.9257043532886655,-4.341171980899632,0.41546762761096634,136.10940239570903,129.29665336608886,122.4839043364687,11064799.8,0.5497903360167438,2.8488522226319524,-0.7421145975508248,-0.7261611146034852,-1.1748520051593436,-1.4823553039917114,-2.608009608268669
2024-11-27,124.01243591308594,127.82087924247054,124.01243591308594,127.10679611821092,10691912,126.91637573242187,128.46355628967285,140.74578641255695,33.17651512326968,-3.9971467446148097,-4.272366933642667,0.2752201890278574,133.16638172371754,128.46355628967285,123.76073085562818,10805617.0,0.9894772320729117,2.9767977035323057,-2.6168238968936053,0.22577646053867362,-1.5167516755981714,-0.6731214740465785,1.271301165009464
2024-11-28,120.91807556152344,124.012435762901,119.4899093147338,124.012435762901,20354764,125.67863006591797,127.8684871673584,140.15468432108563,29.397932236088423,-4.2544121590876784,-4.26877597873167,0.014363819643991249,133.21799669694403,127.8684871673584,122.51897763777276,9960269.8,2.0435956463749605,3.182894889508284,-2.495201653591561,0.030242115860379393,-0.16064141835966383,-0.7574383168564514,2.4305524852551885
2024-11-29,122.34624481201172,123.53638338022195,119.96596767559126,119.96596767559126,9271200,124.58370361328124,127.49954376220703,139.58738505045574,33.18056731370234,-4.293562020426748,-4.273733187070685,-0.01982883335606278,133.30802512409224,127.49954376220703,121.69106240032183,9588896.2,0.9668683242185895,3.2345643315246053,1.181104846282155,0.24526484448965657,-0.1632385004971093,0.8234693838280016,0.599739869657534
2024-12-02,123.7744140625,125.91666353665865,123.7744140625,124.48849722055289,9170168,123.67919921875,127.22581253051757,139.05182291666668,36.82561116510772,-4.1613774756201,-4.251262044780568,0.08988456916046861,133.20075930826272,127.22581253051757,121.25086575277241,9714288.6,0.9439876019330947,3.2793449172742486,1.1673176015191133,-0.170188817196526,2.131071027512643,-0.6175401616571596,4.173157537906214
2024-12-03,124.96454620361328,128.2969341023763,124.96454620361328,126.63074015299479,17553408,123.20314331054688,127.07109413146972,138.58766873677573,39.77399627551715,-3.915451664578839,-4.184099968740222,0.26864830416138297,133.11506388147836,127.07109413146972,121.02712438146109,10161857.8,1.7273817785562793,3.445101600287855,0.9615332458874137,0.4701136177487131,1.2777945571064597,2.3451673368766857,1.866124844198902
2024-12-04,129.72511291503906,131.62933475599377,125.44061377289098,126.154696963249,20081708,124.3456787109375,127.20200958251954,138.337739944458,49.855293297257305,-3.2983939078421542,-4.006958756560609,0.7085648487184546,133.36155882303802,127.20200958251954,121.04246034200106,10474391.4,1.9172195532047809,3.874393193900206,3.809533868645487,-0.39120209053116195,0.9895539123634611,-1.135912937471506,-0.8060539567774527
2024-12-05,129.01101684570312,132.10537702834915,128.05890602027358,132.10537702834915,19205272,125.96426696777344,127.0948974609375,138.0838436126709,48.54267416028093,-2.834320492478753,-3.7724311037442377,0.9381106112654849,133.03576210677684,127.0948974609375,121.15403281509816,10846748.4,1.7706017777641085,3.8973369024569218,-0.5504686434951278,-0.4651336042930887,0.054221440666024634,0.0,1.8714607683089968
2024-12-06,127.58284759521484,129.96312460258824,127.3448198944775,128.77298609890155,6508624,127.01158752441407,126.95208015441895,137.80217742919922,45.9376943089906,-2.552358292532361,-3.528416541501863,0.976058248969502,132.68823947252588,126.95208015441895,121.21592083631202,10483759.8,0.6208291800046772,3.726799276544098,-1.107013405061652,0.03032821885522452,-0.3209133409747267,-0.5348793372351057,-1.9821130406072807
2024-12-09,127.3448257446289,128.77299201466212,127.1067980329567,127.82088116797333,8114336,127.72566986083984,126.69024963378907,137.57208391825358,45.49945763031784,-2.321348530882858,-3.287002939378062,0.9656544084952041,131.78689937639794,126.69024963378907,121.59359989118019,10601601.8,0.7653877360306062,3.452051903898941,-0.18656257880457217,0.20171769247800952,0.3448434410777468,-0.21906928145114524,-0.9124519868723202
2024-12-10,128.0589141845703,129.9631359568316,127.582858741505,128.53496962763563,7608576,128.34454345703125,126.60693969726563,137.41736590067546,47.12904097270149,-2.056939542576572,-3.0409902600177645,0.9840507174411925,131.54677284916102,126.60693969726563,121.66710654537025,10469398.0,0.7267443648622395,3.340886345006107,0.5607518293467173,-0.05310753893845721,-0.6366533332259117,0.9580676437808577,0.1742210845651071
2024-12-11,125.67863464355469,127.3448286634503,125.2025792092988,126.39271779493852,9103660,127.53524780273438,126.33320846557618,137.23884518941244,42.560826835260876,-2.016220446262892,-2.8360362972667903,0.8198158510038982,130.79600019875426,126.33320846557618,121.8704167323981,10554955.4,0.8625010390853949,3.276279495708161,-1.8587378755882233,0.472647811741278,-0.957614927178041,-0.5931111296767155,-0.39752348526578274
2024-12-12,125.20256805419922,127.344817317484,124.96454035827868,127.344817317484,6094804,126.7735580444336,126.23799667358398,136.9333760579427,41.69042735870186,-1.99931797113652,-2.6686926320407363,0.6693746609042162,130.712533165931,126.23799667358398,121.76346018123697,10268085.0,0.5935677392619948,3.1568124908411153,-0.37879675467964447,-0.1168319802240636,0.6250970544977807,0.5966499267977543,2.0703473676229045
2024-12-13,122.58427429199219,124.48849602856683,122.10821885784853,124.48849602856683,9543752,125.77384338378906,126.02377204895019,136.5723673502604,37.18614993192913,-2.1721577796763967,-2.5693856615678685,0.39722788189147185,130.77297668959895,126.02377204895019,121.27456740830144,10279790.6,0.9283994559188784,3.1484840515757253,-2.0912460526157806,-0.06095614844506825,-0.11420375760532453,-1.423478674737788,-1.0263982102908242
2024-12-16,123.7744140625,124.48849722055289,122.5842754657452,123.53638634314903,6652396,125.05976104736328,125.90475807189941,136.19549026489258,40.3413471298649,-2.1878797245639845,-2.493084474167092,0.3052047496031074,130.7583009293267,125.90475807189941,121.0512152144721,10247353.6,0.6491818531567018,2.982582568507055,0.9708747532109596,0.09948574552680611,0.08435932473851437,-0.9225790870207029,0.12345772285153878
2024-12-17,125.44060516357422,126.86877144627145,123.53638345331123,123.7744111670941,7506148,124.53609924316406,125.80954704284667,135.890021387736,44.54137091348391,-2.042348855947907,-2.402937350523255,0.36058849457534814,130.61865051540454,125.80954704284667,121.00044357028881,10278948.2,0.7302447540303784,3.0292232917674777,1.3461514754033788,-0.2501633362811728,-0.0950118039959369,-0.3441333195324803,1.2083888803878562
2024-12-18,127.3448257446289,127.3448257446289,125.20257633957908,125.44060405125128,6360784,124.86933746337891,125.91665992736816,135.59645411173503,48.963545936807655,-1.7531506777064436,-2.272980015959893,0.5198293382534493,130.7641162499156,125.91665992736816,121.06920360482071,10044707.6,0.6332473032863595,2.9109601068717907,1.5180256652713053,0.03948023999278405,0.6545316375484278,0.24375226690018792,0.14619870532590618
2024-12-19,125.20256805419922,126.15467883788133,124.72651266235816,124.96454035827868,6608440,124.86933746337891,125.82144813537597,135.2870179494222,44.65006364927537,-1.677484334700182,-2.153880879707951,0.47639654500776896,130.64522443791608,125.82144813537597,120.99767183283586,10038793.4,0.6582902682308414,2.8719405035916514,-1.6822494969098045,0.7653556048109023,-1.0204294103727585,-1.9047618074468975,-2.871051912310707
2024-12-20,124.96454620361328,126.63074015299479,124.96454620361328,125.20257391066778,5600008,125.34539184570312,125.67863159179687,134.9379104614258,44.18431342960156,-1.6180724547881766,-2.0467191947239964,0.4286467399358198,130.42161573268442,125.67863159179687,120.93564745090934,9995855.8,0.5602329717481518,2.7111742963636325,-0.19010939973922447,-0.14688883539788478,-1.840203207273594,0.8056318186964839,1.1523057864334607
2024-12-23,127.10680389404297,127.82088706198704,126.39272072609891,126.86877617139496,4044360,126.01186981201172,125.6191249847412,134.5848361968994,49.309365476143014,-1.3821927621187058,-1.9138139082029384,0.5316211460842326,130.25238813867261,125.6191249847412,120.9858618308098,9807882.0,0.4123581421554623,2.730529837964982,1.7142923777270003,-0.042905113412716744,2.640082018191703,1.6393371476068896,0.9162996317062522
2024-12-24,125.91665649414062,128.05890584848328,125.91665649414062,127.82087814244521,4113900,126.107080078125,125.5477165222168,134.12464917500813,46.741577844975744,-1.2765757839554226,-1.7863662833534353,0.5097904993980127,130.11250979984447,125.5477165222168,120.98292324458914,9709411.0,0.42370232344680847,2.6520924401486714,-0.936336500833157,-0.024526060488960777,0.06795708770699349,-0.584679624845319,-2.1595155701249813
2024-12-25,126.86876678466797,127.34482219474178,126.15468366955727,126.63073907963107,2885480,126.01186828613281,125.6905330657959,133.65256093343098,49.028383642648876,-1.103327749011001,-1.6497585764849485,0.5464308274739476,130.2317480635518,125.6905330657959,121.14931806803999,9319089.4,0.30963111052459696,2.488902208209003,0.7561432435045923,0.018390283940372676,0.4320483869864056,0.5881182323196787,0.4765536509569346
2024-12-26,129.24903869628906,130.20114947858215,127.58284482727612,127.58284482727612,12183048,126.82116241455078,126.10708122253418,133.28758494059244,54.31021029786151,-0.7651393326829208,-1.472834727724543,0.7076953950416223,130.32168925749713,126.10708122253418,121.89247318757124,8910503.6,1.3672681755046932,2.6013662729696936,1.876168557436264,0.2879211150416561,0.11545410278845925,0.2822545718063063,2.0968529675470027
2024-12-27,128.29693603515625,129.24904687771772,128.0589083245159,128.77299145643698,4210304,127.48764038085938,126.40461578369141,132.9543462117513,51.98953918175865,-0.5674085711181647,-1.2917494964032674,0.7243409252851027,130.33171224724518,126.40461578369141,122.47751932013766,8657458.8,0.48632099756570596,2.413202577000644,-0.7366419671175128,0.041578320025936755,0.12363018552592475,3.156412780761886,2.616135802336661
2024-12-30,127.58284759521484,129.01101379963887,127.58284759521484,128.29693069742686,4192712,127.58284912109374,126.59503746032715,132.62110710144043,50.25507650907376,-0.4629894332366291,-1.1259974837699398,0.6630080505333107,130.35073411083832,126.59503746032715,122.83934080981597,8408586.0,0.49862271730348,2.2818643939904284,-0.5565904081651141,0.26587407296438936,-0.3672522989560889,-0.23387105888642568,-1.238981216377144
2024-12-31,128.7729949951172,129.01102271229854,126.63074554048492,127.58285640921038,5598292,128.15411682128905,126.78545989990235,132.35927670796713,53.06551741086422,-0.2809628011920893,-0.9569905472543698,0.6760277460622806,130.57907657437266,126.78545989990235,122.99184322543204,7810830.2,0.7167345668326012,2.2949860977001872,0.9328427937886685,-0.14782773801352844,-0.6688153383762052,-0.23387105888642568,-1.238981216377144
2025-01-02,128.0589141845703,129.72510823529893,127.582858741505,128.0589141845703,6820648,128.39214630126952,126.7021499633789,132.01810366312662,51.19656681041988,-0.19211119913595098,-0.8040146776306861,0.6119034784947351,130.29163960753542,126.7021499633789,123.11266031922239,7147777.2,0.9542334363751572,2.2746212171793525,-0.5545268327213693,0.1251537494249222,-0.8814334035584737,-0.23387105888642568,-1.238981216377144
2025-01-03,130.20115661621094,131.6293228679427,128.7729903644792,129.2490457817231,19502980,128.58256988525392,126.7616569519043,131.75627301534016,56.18242267174236,0.05058231496069254,-0.6330952791124104,0.6836775940731029,130.54645841909576,126.7616569519043,122.97685548471284,7162662.6,2.722867331486478,2.4473928793384245,1.6728569387626013,0.20975544231986998,0.3339174500631481,-0.23387105888642568,-1.238981216377144
2025-01-06,135.43775939941406,135.43775939941406,130.20115007289894,131.39128855619782,21130164,130.01073455810547,127.15440254211425,131.58965339660645,65.46914355773986,0.6578850643806788,-0.3748992104137926,1.0327842747944715,132.57478993996486,127.15440254211425,121.73401514426365,7893739.6,2.676825569467734,2.819288405628651,4.021932615114054,0.12929662335154912,2.79117234558639,-1.250242822023373,-3.546441695767344
2025-01-07,134.00961303710938,136.627918087568,134.00961303710938,136.38989035570813,16691144,131.29608764648438,127.48764190673828,131.42700131734213,61.63266523166024,1.012268590558591,-0.09746565021931589,1.109734240777907,133.71651404051772,127.48764190673828,121.25876977295883,8322580.0,2.0055252097306364,2.7924906249393127,-1.0544669142768415,-0.5362688493261603,0.43978199844929566,3.6003910399968087,2.3761935246904065
2025-01-08,134.2476348876953,137.10396754488033,133.53355172339906,133.77157944483116,17483220,132.391015625,127.79707794189453,131.21277656555176,62.03200498560379,1.2973711750403538,0.18150171483261807,1.1158694602077357,134.72149193070754,127.79707794189453,120.8726639530815,8816312.2,1.9830536400469123,2.8962139844782415,0.17761550473249788,-0.034527787352645056,-1.031401095838369,-0.5919325966183719,-2.7363850346521335
2025-01-09,129.01101684570312,133.53354326649347,129.01101684570312,133.53354326649347,12939612,132.58143615722656,127.96369705200195,130.8835048675537,49.760804281279654,1.0882213769108375,0.36284564724826196,0.7253757296625756,134.833635767228,127.96369705200195,121.09375833677589,9008109.8,1.4364403062671371,3.2082678588134343,-3.9007153059887223,0.5983308797275377,-1.3935772156041248,-1.2293493276538836,-1.6327553532515693
2025-01-10,127.58284759521484,130.20115230332559,127.10679219374015,129.01101379963887,7067116,132.05777435302736,128.08271102905275,130.54629872639973,47.02840029174344,0.798028160366897,0.449882149871989,0.34814601049490806,134.8326693400137,128.08271102905275,121.33275271809178,9056725.4,0.780316912335666,3.193080158916368,-1.107013405061652,-0.27125588031043923,-0.3001217089277253,-1.8864321943144469,-3.21756640634282
2025-01-13,122.82230377197266,126.63074729978577,122.34624833099602,126.63074729978577,11038356,129.53468322753906,128.09461250305176,130.13768475850424,39.28478940808023,0.18181598303971214,0.39626891650553364,-0.2144529334658215,134.80447087093253,128.09461250305176,121.38475413517098,9131455.6,1.208827648463844,3.465549372956696,-3.7313352954357004,0.8080683673291622,-2.2750412660863084,-1.8864321943144469,-3.21756640634282
2025-01-14,124.72652435302734,125.20257978948928,122.34624717071766,122.34624717071766,4107108,127.67806549072266,128.14221801757813,129.74097188313803,43.306077534820965,-0.15113967629818603,0.28678719794478974,-0.43792687424297577,134.73551643780303,128.14221801757813,121.54891959735322,9004191.2,0.45613291730188943,3.3843204723986857,1.5503866338397287,-0.12629097569892833,1.3748884512583492,-0.9910823082587283,-2.3482841467625692
2025-01-15,124.4885025024414,126.39272433804281,123.77441931409089,125.44061342024212,6698992,125.72623901367187,128.0946128845215,129.32442359924318,42.92338856769172,-0.42926748093960043,0.1435762621679117,-0.5728437431075122,134.78310456178534,128.0946128845215,121.40612120725766,8963833.4,0.7473356209409246,3.28218507927245,-0.19083499024813433,-0.308884934043574,-1.2411403721450665,-1.141136436047463,1.5671449819185002
2025-01-16,124.96454620361328,126.86876786004929,124.72651849655878,126.15468473888579,8670948,124.91694488525391,127.9755989074707,128.9475461324056,43.989448499552836,-0.6043069473778218,-0.00600037974123499,-0.5983065676365867,134.80352106180828,127.9755989074707,121.14767675313311,9079341.6,0.9550194696937055,3.161929116383841,0.38239973298943575,-0.47462027715259314,2.2675507006747475,-4.495744102033717,-0.3192335725416662
2025-01-17,124.01243591308594,126.15468528586477,123.53638049691287,126.15468528586477,5040712,124.20286254882812,127.91609230041504,128.57860310872397,42.288199989291485,-0.8105112596734614,-0.16690255572768029,-0.6436087039457811,134.86543705670223,127.91609230041504,120.96674754412787,9000955.2,0.5600196743563395,3.089445872726249,-0.7619043316301921,0.14330122044485805,0.5341148174661026,-0.19085183603871902,-1.8948487428920302
2025-01-20,125.44060516357422,125.44060516357422,123.53638345331123,124.25046659465984,2512732,124.72652282714844,127.93989524841308,128.24933128356935,45.68166071037175,-0.8489027178755464,-0.3033025881572535,-0.5456001297182929,134.8498224347108,127.93989524841308,121.02996806211537,8846591.4,0.28403391615894,2.9314159843978143,1.1516338986270913,0.2040049502909147,0.5129593209210137,2.783093818670479,2.203476780153868
2025-01-21,125.91665649414062,126.86876731829292,124.96454566998834,125.20257337602641,4234540,124.9645492553711,127.88038787841796,127.90815823872884,46.804485541758,-0.8313317859046521,-0.40890842770673325,-0.4224233581979188,134.84083744768674,127.88038787841796,120.91993830914919,8856100.4,0.47814950246047344,2.7944567395853834,0.37950337527918876,-1.8049163113836197,0.14264713733647127,0.14469131303875837,-0.3992510712928832
2025-01-22,127.82087707519531,127.82087707519531,125.67862773873954,126.39271085089146,5323636,125.63102416992187,127.9755989074707,127.60665626525879,51.15401752910179,-0.6561878836107695,-0.45836431888754053,-0.19782356472322898,134.87477237841136,127.9755989074707,121.07642543653003,8916587.2,0.5970486107061231,2.707495752501436,1.5122864870092068,0.8293035215003464,0.9673832452960607,2.7451004881298147,-0.6146451840785438
2025-02-03,123.536376953125,125.9166539657093,122.10821074557443,125.9166539657093,11429572,125.34539031982422,127.80897941589356,127.32102292378744,42.69512685263423,-0.8532724384618007,-0.5373459428023926,-0.3159264956594081,134.9764453466779,127.80897941589356,120.6415134851092,9343791.8,1.2232263137541228,3.1081851627840296,-3.351956441004389,-0.3354747105550504,-3.5310722033439546,-4.110138831841626,-8.922436020962653
2025-02-04,127.10680389404297,130.43919201111527,125.2025821128588,125.2025821128588,13032724,125.96426391601562,127.70186767578124,127.22581202189127,50.10031567680351,-0.7131391293007852,-0.5725045801020712,-0.140634549198714,134.8426993922304,127.70186767578124,120.56103595933209,9386275.6,1.3884872504702506,3.6141358154781944,2.890182656297857,0.4843438559004598,0.4373265659709302,5.553206615500117,-0.34883693801571747
2025-02-05,135.43775939941406,137.1039532760325,128.77298389294026,128.77298389294026,35406856,127.9636947631836,128.05890884399415,127.32102279663086,62.33179221116731,0.0693565136817682,-0.4441323613453033,0.5134888750270715,135.99483468596557,128.05890884399415,120.1229830020227,10946103.2,3.234653954294895,4.465204291013041,6.554295482337702,-0.2891986256126744,1.6127918339116087,-1.94039499885863,-2.625435524009412
2025-02-06,135.913818359375,140.67437241749673,135.43776295356284,137.5800122797176,34448608,129.96312713623047,128.47545738220214,127.43210245768229,62.89155554789669,0.7196087263438358,-0.2113841438074755,0.9309928701513113,137.14667511484285,128.47545738220214,119.80423964956144,12458898.0,2.7649803377473674,4.568058787955658,0.3514964822749489,-0.21221627178528157,0.669296009715703,2.1623913089992675,-0.8388274763578507
2025-02-07,135.913818359375,136.62790146809326,134.72367984484458,136.1518460622811,12009248,131.58171539306642,128.83249855041504,127.56301752726237,62.89155554789669,1.2208649188700065,0.0750656687280209,1.1457992501419856,138.12135659673504,128.83249855041504,119.54364050409505,12779445.8,0.9397315179348387,4.21288049932806,0.0,-0.07860262820782449,0.6933683495169651,0.8985590572072599,4.1087606379738295
2025-02-10,136.86593627929688,138.5321302861753,135.1997422724185,135.43776998768683,12841352,134.24762725830078,129.27284965515136,127.72566973368326,64.12802706874574,1.6756264431635373,0.3951778236151242,1.280448619548413,139.21905448689378,129.27284965515136,119.32664482340894,13080481.0,0.9817186386341603,4.095481501251892,0.7005306240490894,0.09726337705842081,-0.9631412824059216,5.0069237481567885,1.915277143670413
2025-02-11,136.86593627929688,138.0560748556386,136.38988084876019,137.5800194251019,7596188,136.19945373535157,129.60608863830566,127.82088101704916,64.12802706874574,2.0128256266623055,0.7187073842245606,1.2941182424377449,140.11398493140567,129.60608863830566,119.09819234520567,12485141.4,0.6084182594840295,3.7715765020020946,0.0,0.11422745347031693,0.5673032792007815,5.0069237481567885,1.915277143670413
2025-02-12,137.58001708984375,138.29410022352806,136.15185082247513,138.05607251229995,9542604,136.6279052734375,129.71320152282715,127.93989473978678,65.13840671800088,2.311038548744449,1.0371736171285382,1.2738649316159107,140.51106816484938,129.71320152282715,118.91533488080492,11905763.4,0.8015113083802757,3.554332888542207,0.5217374241971218,-0.18895087172872138,-0.40326965645153257,1.1307976473220238,-0.7118504097210376
2025-02-13,141.1504364013672,141.62649183611043,138.0560760755362,138.53213151027944,24268568,137.67522888183595,130.07024269104005,128.08271141052245,69.72940222847213,2.8031643040158656,1.3903717545060037,1.4127925495098619,141.89014349159106,130.07024269104005,118.25034189048905,12284634.6,1.9755221697843581,3.6199518029054705,2.5951583573302184,0.16004999541816556,0.4708515817043901,1.2299727110229863,1.204465541971378
2025-02-14,139.96029663085938,143.76874007659703,139.72226891550076,141.6264906383696,20135592,138.48452453613282,130.35587577819825,128.25329780578613,66.58180863213502,3.0618480986293832,1.7246670233306798,1.3371810752987034,142.85727441236278,130.35587577819825,117.85447714403372,12417253.2,1.6215818165002869,3.676821050664243,-0.8431711589779289,-0.7319906963362488,-1.0547307799725902,-0.8836560257359238,-2.465282165335936
2025-02-17,139.48423767089844,140.43634850824247,138.77015454289042,139.96029308957046,10000684,139.00818481445313,130.879536819458,128.39214744567872,65.31181391229626,3.191651518131664,2.0180639222908767,1.1735875958407873,144.00554575047977,130.879536819458,117.75352788843622,12270306.8,0.8150312916381194,3.408737439289284,-0.34013857602526176,0.15391983887540484,1.523459828704521,2.117375975567648,-1.7141194967384865
2025-02-18,141.1504364013672,141.1504364013672,138.77015922765105,139.2462146623943,7539836,139.86508483886718,131.55791625976562,128.62620798746744,67.63843960836508,3.389893394894443,2.29242981681159,1.097463578082853,145.3519406696841,131.55791625976562,117.76389184984716,12293942.8,0.6132968180069944,3.271609403879531,1.194542665387055,0.12581943498035653,0.6840120787098725,-0.49108227496846846,-1.5666567521186003
2025-02-19,140.43634033203125,142.1025342003774,139.96028494107523,141.15042341846532,6871152,140.43634948730468,132.43861808776856,128.85233421325682,65.60742771199337,3.4496149122413726,2.5238668358975467,0.9257480763438259,146.1331006034997,132.43861808776856,118.7441355720374,12085582.6,0.5685412302754854,3.121028051269215,-0.5059113436287066,0.04493902906270719,-0.26210179244977594,0.694574634559797,1.1411376851697685
2025-02-20,141.62649536132812,141.8645230846245,139.96030129825368,140.19832902155002,6229440,140.53156127929688,133.2836166381836,129.11019757588704,67.36623265375385,3.5520345659215593,2.7295003819023496,0.8225341840192097,147.05979586589322,133.2836166381836,119.50743741047395,12191699.2,0.5109574881899974,2.958787215949428,0.8474694131753946,0.07610438798688612,-0.49406348495265595,-1.2524993418689623,0.38599164719854695
2025-02-21,142.34056091308594,143.29267168842432,141.38845013774758,142.34056091308594,6869432,141.0076141357422,134.17621955871581,129.36012649536133,68.41004226776855,3.64876135209704,2.9133525759412877,0.7354087761557522,147.86608672584265,134.17621955871581,120.48635239158898,12200221.2,0.56305798783386,2.818178460579736,0.5041892408168547,-0.16155224353523456,1.0336965036197743,-0.05514439042784147,-0.887310689373233
2025-02-24,141.38845825195312,141.626485959448,139.9602920069839,140.9124028369634,8415824,141.38845825195312,134.9974151611328,129.62989133199056,65.40602638171575,3.6070119112940233,3.052084443011835,0.5549274682821883,148.3263185876048,134.9974151611328,121.66851173466083,12187465.0,0.6905311317817118,2.759790519982709,-0.6688906205127076,0.24378228572174976,-0.6950599050789652,-0.05514439042784147,-0.887310689373233
2025-02-25,138.29409790039062,139.72226414376814,137.10395936424268,139.246208729309,16316368,140.81719055175782,135.71149826049805,129.81634623209635,56.69274665532478,3.286353125796154,3.098938179568699,0.18741494622745503,148.05639680771685,135.71149826049805,123.36659971327926,12751247.8,1.2795899080559001,2.963084969013073,-2.18855229756334,-0.2236579215236012,-1.1864466763289783,-0.75409292054891,-1.8800379342664764
2025-02-26,138.77015686035156,138.77015686035156,136.86593515386303,137.34199058048517,11310952,140.48395385742188,136.37797584533692,129.99883422851562,57.62797497786689,3.035649628257147,3.0862804693063888,-0.05063084104924176,147.7923137418092,136.37797584533692,124.96363794886464,13191158.8,0.8574646224409034,2.8219032006764673,0.34423664291431955,0.2403748003681816,0.5017241236141778,-1.4269792891849264,0.6386817815506873
2025-02-27,134.72369384765625,139.24622067293092,134.72369384765625,139.0081929452849,17968304,139.1033935546875,136.8183277130127,130.10594685872397,48.116450912781474,2.481840441101241,2.9653924636653595,-0.48355202256411856,147.16274417472442,136.8183277130127,126.473911251301,13877847.0,1.2947472327660048,3.0486530172895607,-2.9159461257706742,-0.0854219922061139,-1.4928761271182256,-0.41361998496789454,1.3297108548157466
2025-03-03,128.5349578857422,130.9152348836263,127.82087478637695,130.43917948404948,23057664,136.34227294921874,136.85403175354003,130.12578239440919,37.831888171220704,1.5259729335061536,2.6775085576335185,-1.1515356241273649,147.071845134087,136.85403175354003,126.63621837299306,14764548.4,1.5616911113922047,3.56254182315486,-4.593650741874855,0.010029005274558855,-1.288020531332612,0.7057592836216653,2.1752859087822873
2025-03-04,131.39129638671875,131.62932409756425,126.39271445896314,126.63074216980864,12761516,134.34284057617188,137.24677772521972,130.24876340230307,43.80228634697996,0.9875399469097772,2.33951483548877,-1.3519748885789928,145.77307369608155,137.24677772521972,128.72048175435788,14831145.6,0.8604538276530709,3.78575086521436,2.222226970748009,-0.048922726206168665,-0.7003312963471564,-1.7130771907591602,-1.3267563392547754
2025-03-05,130.43919372558594,131.1532769029158,129.72511054825608,130.20116599980932,10319900,132.77185974121093,137.41339721679688,130.40744870503744,42.34255976568179,0.47848551496286973,1.96730897138359,-1.4888234564207203,145.20385120915716,137.41339721679688,129.6229432244366,14695504.4,0.7022487775240978,3.5031421949808013,-0.7246314537688425,-0.28611765666530786,1.2170685545562776,1.4854407688832838,-1.1256948393490673
2025-03-06,129.24903869628906,131.8673433475951,129.24903869628906,131.62931565202183,7195300,130.86763610839844,137.1039611816406,130.5224952697754,40.52454532740666,-0.020740273258098796,1.5696991224552523,-1.5904393957133511,145.67713434291272,137.1039611816406,128.5307880203685,13284926.6,0.5416138317241437,3.3851638558241657,-0.9124213323494557,0.019216094991714172,-0.6841176310348751,2.2248349461879258,-0.6957721445572718
2025-03-07,127.3448257446289,129.01101972633433,127.3448257446289,127.82088116797333,9593756,129.39186248779296,136.6755115509033,130.5820021311442,37.73303870925879,-0.563538259908313,1.1430516459825395,-1.7065899058908525,146.292104322845,136.6755115509033,127.05891877896161,12042184.0,0.7966790741612984,3.1877037352689643,-1.473289837098668,0.17315585352613017,-0.6135009415062398,-1.6800358355274048,-0.3184657667472113
2025-03-10,124.96454620361328,127.8208786882673,124.96454620361328,127.5828509812128,10711180,128.6777801513672,136.12804794311523,130.5820021311442,34.53099850853589,-1.1722650987618977,0.6799882970336522,-1.8522533957955498,147.08102661398812,136.12804794311523,125.17506927224235,11977280.6,0.8942914804884842,3.143520901853638,-1.8691607822283407,-0.09403841713142569,-0.5178931508299844,2.4660176340925766,-0.4153337838732285
2025-03-11,124.25045776367188,124.25045776367188,120.20398691696225,122.3462361887497,12321732,127.2496124267578,135.49727401733398,130.49075787862142,33.609538957115134,-1.6927930093261239,0.205432035761697,-1.8982250450878209,147.65779623384793,135.49727401733398,123.33675180082002,11951299.6,1.0309951563761317,3.3591260198266237,-0.5714328276580916,0.12063354165599005,-1.7278505202805272,-1.3833522045387014,-1.1870445217733616
2025-03-12,127.82087707519531,128.05890477924595,124.01243381038503,124.25046151443567,8667308,126.72594909667968,135.0450210571289,130.4709222157796,41.9505240745561,-1.796503159312465,-0.1949550032531354,-1.6015481560593297,147.65566907731397,135.0450210571289,122.43437303694384,12004855.6,0.7219835280650939,3.4507720130311963,2.873566323847654,0.006697012528866786,0.9390996671090779,0.0384301133949938,0.19481318446514795
2025-03-13,124.01243591308594,129.4870731990763,124.01243591308594,128.77299007481668,9176216,125.67862854003906,134.36664199829102,130.41141535441082,36.659806904011916,-2.1610918520419773,-0.5881823730109038,-1.5729094790310736,147.83373931925132,134.36664199829102,120.89954467733072,11986536.2,0.7655435938198727,3.7206207160924176,-2.9795141836406858,0.11408531144070366,-1.4214677219695382,-3.8033037201285813,0.09720094597001072
2025-03-14,124.4885025024414,125.44061342024212,123.29836385519053,124.96455796134175,5371160,125.10736389160157,133.53354530334474,130.36380996704102,37.71723339726625,-2.384133614408057,-0.9473726212903345,-1.4367609931177228,147.29198497185124,133.53354530334474,119.77510563483825,11041665.8,0.4864447174266042,3.5101712292869736,0.38388616903639594,0.18871601352579148,0.029010047686051088,-0.3194834133745217,1.5862794604935004
2025-03-17,125.20256805419922,126.39270653380187,124.96454035827868,125.91665114196081,3985024,125.15496826171875,132.79565887451173,130.3162041982015,39.352684075571645,-2.4747493259289115,-1.25284796221805,-1.2219013637108616,146.685163937079,132.79565887451173,118.90615381194446,10234137.4,0.3893854307642967,3.296042269563439,0.5735995994841536,-0.12860909638311435,0.685450337057314,0.1602385385453431,2.7724603270576464
2025-03-18,128.5349578857422,128.5349578857422,126.15468088785808,126.6307362874349,6860304,126.01186828613281,132.2481948852539,130.3638095855713,46.42316581900266,-2.2517106025138673,-1.4526204902772135,-0.7990901122366538,145.88857084012977,132.2481948852539,118.60781893037803,10077118.4,0.6807803310120877,3.3008886111607096,2.6615986263959,0.09233778296404704,0.691901155514496,0.23999849124787254,0.12404128529479586
2025-03-19,125.91665649414062,128.7729889665975,125.44060108206449,128.53496126055944,6882860,125.63102416992187,131.48650588989258,130.3757110595703,42.25483351183776,-2.2601719917322356,-1.614130790568218,-0.6460412011640175,144.7293342471824,131.48650588989258,118.24367753260277,10044269.6,0.6852524149690288,3.3050885142770157,-2.0370344649188965,0.0691720867479928,-1.3956737184071533,0.5387213314128614,0.526479637536692
2025-03-20,128.0589141845703,128.29694190610297,126.63074785537437,127.82088646303765,4405756,126.44031982421875,130.86763458251954,130.46695505777996,46.488453206520106,-2.0701519881313573,-1.705335030080846,-0.3648169580505112,143.49182358811677,130.86763458251954,118.2434455769223,9920999.8,0.4440838714662609,3.1817814339683936,1.7013298717389214,0.07308017918177256,1.8962383754100642,0.5387213314128614,0.526479637536692
2025-03-21,126.86876678466797,128.0589053098525,126.63073907963107,127.58284989977868,7518516,126.91637268066407,130.12974815368653,130.5185276031494,44.5349639156808,-1.9926249746114024,-1.7627930189869574,-0.22983195562444503,141.79486966141425,130.12974815368653,118.46462664595882,9985453.6,0.7529468666300748,2.9479672567645068,-0.9293748955164438,-0.04847648711218122,-0.7514778753577311,-0.7938098761100632,-2.064083550797635
2025-03-24,124.4885025024414,128.05891844419403,124.4885025024414,127.3448352558435,5653408,126.7735595703125,129.2371452331543,130.50265922546387,40.83882498259511,-2.0990550922350906,-1.8300454336365841,-0.26900965859850645,139.6308826064654,129.2371452331543,118.8434078598432,9924652.4,0.5696328467886693,3.030960414762923,-1.876162543824944,-0.0372943476917964,-0.4613378578019911,-1.1602363928692405,0.6920514866298522
2025-03-25,124.25045776367188,126.15467933859405,123.77440236994133,125.91665164172878,6199104,125.91665954589844,128.38024520874023,130.45108642578126,40.47702060983873,-2.1775089801642196,-1.8995381429421114,-0.27797083722210814,137.27339490335152,128.38024520874023,119.48709551412895,9813816.4,0.6316710795608526,2.94420262194823,-0.19121825227583766,0.1100854006351959,0.753388228226104,0.5262042254117638,1.8119269145992378
2025-03-26,126.15469360351562,126.15469360351562,124.96455498461454,125.20258270839476,3527740,125.96426696777344,127.77327499389648,130.46695518493652,44.697774352703235,-2.062255931002454,-1.9320817005541802,-0.13017423044827403,135.38170352661095,127.77327499389648,120.16484646118201,9174385.0,0.38452059729344257,2.8055403843342996,1.5325785305883244,0.10299623953369252,-0.05791891930048143,1.0670518293484532,0.767104552212472
2025-03-27,125.91665649414062,125.91665649414062,124.25046255187412,124.96454566998834,3881156,125.5358154296875,127.13059997558594,130.48282368977866,44.275131210985556,-1.9674451811990679,-1.9391543966831577,-0.02829078451591016,132.73555784459376,127.13059997558594,121.52564210657812,8802895.2,0.4408953999588681,2.685365806641927,-0.18868668503377872,0.1307340140583202,-1.3860075941006245,-0.35857851148682895,-0.7612648548564693
2025-03-28,121.39413452148438,124.72652252795649,120.91807909198836,124.72652252795649,9082112,124.44088897705078,126.46412200927735,130.38761253356932,37.09788590841394,-2.231513210582662,-1.9976261594630587,-0.2338870511196034,131.39718936193805,126.46412200927735,121.53105465661663,8358585.6,1.0865608650343905,2.993794019376639,-3.591678891876149,0.06920720797163327,-1.5892536377484667,-2.1853339576962227,-0.867680294273121
2025-03-31,114.4913330078125,117.94273493840144,113.3011944110577,116.87161020132211,14660900,122.441455078125,125.76194076538086,130.19719047546386,29.292650781601836,-2.963624599816214,-2.1908258475336897,-0.7727987522825241,132.9407124593732,125.76194076538086,118.58316907138851,7938747.4,1.8467522974720167,3.6736801648499777,-5.686272685975791,0.22469010496022346,-4.198467002028805,-4.613162229950674,-3.3447893515623495
2025-04-01,116.27653503417969,117.10963200985958,114.72935493648846,115.91949347317403,9674684,120.84667053222657,125.0062026977539,130.0206532796224,33.20661585531185,-3.361033365917848,-2.4248673512105214,-0.9361660147073265,132.84202598168216,125.0062026977539,117.17037941382566,7784405.8,1.24282883608149,3.532962676476258,1.5592464333045841,0.1606192017939545,2.823117236854644,1.2144800170112102,-2.166886656382805
2025-04-02,124.4885025024414,124.4885025024414,115.80049037751003,116.27654583641038,16965676,120.51343231201172,124.70866813659669,129.94131100972493,47.58090667299408,-2.9790054117951996,-2.5356949633274573,-0.44331044846774237,132.11607107281478,124.70866813659669,117.30126520037861,8116694.6,2.0902198291407936,4.220302602936941,7.06244597488892,-0.10711050560909818,0.08482442253172628,2.014150454450192,1.3884318852173116
2025-04-07,112.11105346679688,112.11105346679688,112.11105346679688,112.11105346679688,1692980,117.75231170654297,123.85176887512208,129.6715463002523,35.26291724329836,-3.6331218333539823,-2.7551803373327624,-0.87794149602122,132.84334493737657,123.85176887512208,114.86019281286758,7841578.6,0.2158978550568887,5.307922127297953,-9.942644330067186,0.39779856690886906,-9.69973559080869,-11.346345580602769,-11.19459036521453
2025-04-08,101.75684356689453,106.87443920827052,100.92374660201936,101.99487127114458,31195116,113.824853515625,122.57236976623535,129.24111289978026,28.59403486915477,-4.9301799695150095,-3.190180263769212,-1.7399997057457974,135.7694757239573,122.57236976623535,109.37526380851341,8921646.6,3.4965648605718145,6.091840092295227,-9.235672647540394,-0.5500181172965579,-4.016151985134908,7.459090562138915,11.463611516084748
2025-04-09,91.99771118164062,99.85262571978846,91.87869732500202,96.52023773390756,36241856,109.32612915039063,120.92402801513671,128.628191502889,23.989062546793576,-6.668715508983183,-3.885887312812007,-2.7828281961711765,139.85339120274924,120.92402801513671,101.99466482752419,10198180.4,3.5537570996488745,6.596680912241531,-9.590639846093785,0.3050360677505859,-5.786524331497223,-6.59176631917584,-5.426933543819135
2025-04-10,101.16178131103516,101.16178131103516,101.16178131103516,101.16178131103516,4235184,106.30317840576171,119.76959419250488,128.17990595499674,34.63446911547135,-7.223782311532389,-4.5534663125560835,-2.6703159989763057,140.5686360058379,119.76959419250488,98.97055237917188,9793853.0,0.43243287396696684,6.9389994745285986,9.961193611981244,-1.489084234874749,9.247307649849002,11.708099988660026,11.396457262637494
2025-04-11,104.25614166259766,104.49416938328852,96.4012268797992,97.47235162290808,24846176,102.25670623779297,118.591357421875,127.74748903910319,37.80206171783295,-7.329497843188079,-5.108672618682483,-2.220825224505596,140.12678665036648,118.591357421875,97.05592819338354,10602796.4,2.343360662853056,7.092858545056696,3.0588235116664197,0.6081981557515048,2.7828390478427556,-4.498685200822649,-4.466860813439377
2025-04-14,107.58853149414062,110.20683646413077,105.92233742232871,105.92233742232871,21686924,101.35220184326172,117.77016220092773,127.28333524068196,41.11168996588196,-7.062964693756072,-5.499531033697202,-1.5634336600588705,139.6844293000383,117.77016220092773,95.85589510181717,11228331.8,1.931446664231992,6.94057004592022,3.1963487027244053,-1.2941415741642648,-0.08029019685500405,1.6537287448687765,4.37406573323722
2025-04-15,110.20683288574219,110.92091603618977,107.58852800076775,108.06458343439947,8472072,103.04219970703124,117.05607872009277,126.88662223815918,43.648887269173535,-6.564785452064697,-5.7125819173707,-0.8522035346939969,138.97932418864792,117.05607872009277,95.13283325153762,11383377.4,0.7442494175761931,6.459479111187126,2.4336249925896114,-0.01606647441906306,1.76589192631309,0.9366459216967549,-1.4450838010078626
2025-04-16,107.11246490478516,110.2068250020345,106.87443720499674,108.54063110351562,9929864,106.06515045166016,116.15157356262208,126.43436940511067,41.37980325229846,-6.346505879966145,-5.83936670988979,-0.5071391700763552,138.15221404154516,116.15157356262208,94.15093308369899,11680619.4,0.8501145067700776,6.0425346537949025,-2.807782330670139,0.45493231013253865,-1.9623144276647686,-0.3662993412938409,-0.8064554304743066
2025-04-17,108.7786636352539,108.7786636352539,105.32726183501062,106.51740038681865,7721920,107.58852691650391,115.16375885009765,126.09716351826985,43.0952047655696,-5.97024812982346,-5.865542993876524,-0.10470513594693642,136.5899105905383,115.16375885009765,93.737607109657,11723700.2,0.6586589445540411,5.697050273321354,1.5555600666550484,-0.3851900465324021,-0.6640103310560974,2.1568668633551003,3.4368084790834974
2025-04-18,108.30260467529297,114.01526953728644,107.35049386496073,113.53921413212032,23504948,108.39781951904297,114.28305625915527,125.77582613627116,42.7106367239794,-5.645398491847303,-5.82151409347068,0.17611560162337714,135.29216598860444,114.28305625915527,93.27394652970611,12554804.6,1.8721874811177865,5.826080326521936,-0.43764001510187,-0.3851900465324021,0.2911195655576959,0.9356979101278418,-1.7506190356707196
2025-04-21,105.208251953125,110.08782019981972,104.73219651442308,108.3026123046875,10908520,107.92176361083985,113.14052314758301,125.48225860595703,40.199563722086864,-5.573394593869736,-5.771890193550491,0.19849559968075514,133.46959467532338,113.14052314758301,92.81145161984264,12879942.8,0.8469385438575084,5.763352774371897,-2.8571360138985535,-0.3851900465324021,-1.4891964002938463,-3.0900890957481497,-2.1090991712789053
2025-04-22,103.78008270263672,105.56529054729216,102.82797185215381,104.01811041525744,7339236,106.63641357421875,111.98608894348145,125.13315124511719,39.05818468470516,-5.567394846560219,-5.730991124152437,0.16359627759221773,131.64388109844697,111.98608894348145,92.32829678851593,12870978.8,0.5702158409273427,5.359881563807425,-1.3574688524666256,0.19087153159529358,-1.6370054958029567,-0.4905513298122721,-1.040111263039556
2025-04-23,108.18359375,108.65964916804181,106.27937207783279,106.87444135038504,9377380,106.85063934326172,111.17084350585938,124.86140276590983,44.308678718596695,-5.147970860171242,-5.614387071356198,0.46641621118495635,129.97953626864486,111.17084350585938,92.3621507430739,13057177.4,0.7181781875767422,5.2958395506871145,4.243117689528875,0.40997828226332356,4.500035126970481,2.267687170921495,3.5660540249689676
2025-04-24,106.04134368896484,108.18359305641869,106.04134368896484,108.18359305641869,6126172,106.30317535400391,110.26038780212403,124.54601605733235,42.39505838364216,-4.931587731998405,-5.47782720348464,0.5462394714862349,128.14333912944105,110.26038780212403,92.37743647480701,13053530.8,0.4693114908036988,4.8753609520668535,-1.9801986482216982,-0.12526095055448438,-0.8163803151391757,3.205586473238875,3.5157696161917107
2025-04-25,108.54063415527344,109.49274498119689,107.94556488907128,108.421620302033,7843740,106.35078125,109.37968482971192,124.28815269470215,45.3599532106492,-4.506482762676001,-5.283558315322913,0.7770755526469122,125.62689087303585,109.37968482971192,93.13247878638799,13269330.8,0.5911179786097427,4.68549966408888,2.356901920857757,-0.2987707483269153,2.022299672390404,3.689873494306739,2.801123590229726
2025-04-28,109.01669311523438,110.20683168636138,108.65965154389627,109.61176240079787,7049680,107.11246948242187,108.5346866607666,124.01442082722981,45.93081122110534,-4.084091171527064,-5.043664886563743,0.9595737150366794,122.79722860636146,108.5346866607666,94.27214471517173,13427757.0,0.5250080113901376,4.2829260463554215,0.43859975912792226,0.25712712450653985,0.8135756068057276,-0.8783926472697101,-0.5790187537825342
2025-04-29,109.84979248046875,110.44486177884615,109.01669546274039,109.01669546274039,5293828,108.32641143798828,107.95746955871581,123.74663976033528,46.97485720520287,-3.640157170163448,-4.762963343283684,1.1228061731202361,120.90225920705089,107.95746955871581,95.01267991038074,13238342.8,0.39988600385842854,3.902291728656268,0.7641943095391568,-0.2862987748134538,0.9894012430566201,-0.8783926472697101,-0.5790187537825342
2025-04-30,109.25471496582031,111.63499198032619,108.54063186146854,109.4927426672709,8131388,108.54063568115234,107.69563865661621,123.43720372517903,46.28732463995811,-3.2983329290082253,-4.470037260428592,1.1717043314203668,120.29109620111242,107.69563865661621,95.10018111212,12911867.2,0.6297608141446809,3.7945675140164523,-0.5417192888682476,-0.32134330087744134,0.011854303657643506,0.6135008912030449,4.248031791155338
2025-05-02,110.44485473632812,111.15893784884749,109.25471621546252,110.44485473632812,7190504,109.421337890625,107.40405464172363,123.21901168823243,47.92880049165521,-2.897994149498416,-4.155628638242557,1.2576344887441406,119.41976670414101,107.40405464172363,95.38834257930625,12787658.2,0.5623002967032698,3.542521563217882,1.0893257749838403,0.248493598366184,2.730963815359244,3.133904990423808,-2.0886019196037386
2025-05-05,106.87444305419922,111.2779557412876,104.73219363885892,111.2779557412876,12421472,109.08809967041016,106.52335166931152,122.88180567423503,43.621877763577125,-2.8361320017389176,-3.891729310941829,1.0555973092029114,115.45209558944336,106.52335166931152,97.59460774917969,12560448.0,0.98893542650708,3.9429536351126555,-3.23275510720058,-4.382525588739094,-1.2250086251671455,3.133904990423808,-2.0886019196037386
2025-05-06,107.94556427001953,108.42161968025115,106.27937033420888,106.8744395969984,5649108,108.87387390136719,106.31507720947266,122.42360242207845,45.21246428082935,-2.6698983473691555,-3.6473631182272945,0.977464770858139,114.882020228091,106.31507720947266,97.74813419085433,12758254.4,0.44278063619737823,3.7028597299032717,1.002223904247268,-5.0295889599485495,-0.05065209940824378,3.133904990423808,-2.0886019196037386
2025-05-07,107.11246490478516,109.25471420288086,106.87443720499674,109.01668650309244,5106676,108.32640838623047,106.58285827636719,121.94357986450196,44.168695910529195,-2.5756901818004962,-3.433028530941935,0.8573383491414388,114.88046267955126,106.58285827636719,98.28525387318312,11453832.4,0.44584867506879183,3.526515365634052,-0.7717773035586961,2.8038417507629143,0.11645894015797076,2.7373142811993656,0.0
2025-05-08,110.44485473632812,111.27795170093405,107.8265499904238,108.18359154668347,9967012,108.56443634033204,107.50521545410156,121.51909713745117,49.21871817713205,-2.2066961033338828,-3.1877620454203246,0.9810659420864418,112.36563085905428,107.50521545410156,102.64480004914884,10140090.2,0.9829312958182562,3.6117115563693654,3.111113010521427,1.3780265518076762,-0.015038304424519477,-1.9555086123559384,-0.9372936922865116
2025-05-09,110.56387329101562,111.6349980053527,109.73077629097568,111.03992871960989,7482616,108.58824005126954,107.97532005310059,121.08072942097982,49.39477563653208,-1.882956287029316,-2.926800893742123,1.043844606712807,111.99915808537051,107.97532005310059,103.95148202083067,10302461.8,0.726293981502557,3.3840462441037187,0.10776287856200106,-0.40045240590582676,1.809041662083355,1.221641138979468,3.327893581040975
2025-05-12,115.44344329833984,115.44344329833984,111.51598594901488,111.75401366715579,9837188,110.30204010009766,108.5346851348877,120.7236878712972,56.11278168953486,-1.218602341624873,-2.585161183318673,1.3665588416938,113.40330290984437,108.5346851348877,103.66606735993102,9552012.4,1.0298550282451475,3.583449412533119,4.41334937179767,-0.07465812307537734,1.0255778120184855,2.044325031414429,2.0524152554168396
2025-05-13,114.372314453125,118.0617439516129,114.25330059833506,117.82371624203303,13189368,111.58739013671875,108.87387428283691,120.33689282735189,54.405395161928254,-0.769656083258198,-2.2220601633065784,1.4524040800483804,114.3697686206126,108.87387428283691,103.37797994506121,9127134.6,1.4450721478348747,3.613448604632415,-0.9278386148330098,0.48501607250679424,0.9493892029855955,2.8240447648846034,2.784647773787041
2025-05-14,116.63358306884766,116.75259692912199,114.84837516473264,116.15752762775033,9096824,113.49161376953126,109.1952117919922,119.92827860514323,57.3554412461589,-0.22876045185051908,-1.8234002210153666,1.5946397691648475,115.68154081829302,109.1952117919922,102.70888276569137,9158372.2,0.9932795699218253,3.449026454147692,1.9771118793346032,0.10495309053717428,2.1224825639188705,-2.1830983115246116,-1.745935701446777
2025-05-15,116.39554595947266,117.34765676486711,115.80047670610112,117.34765676486711,6865748,114.68175201416015,109.65936584472657,119.53553276062011,56.93780969930144,0.17863641818372855,-1.4229928931755476,1.601629311359276,116.81246459115324,109.65936584472657,102.50626709829989,9005166.4,0.7624232240727945,3.1954469347634644,-0.2040896825012184,-0.2803567472373425,-0.2415620287910758,-2.2798132016848105,-2.420343638428313
2025-05-16,118.53779602050781,118.65680987193403,115.80047743770493,116.6335743976884,7472876,116.27653656005859,110.14732246398925,119.18642539978028,59.77644318768397,0.666678000222646,-1.005058714495909,1.671736714718555,118.30796299251881,110.14732246398925,101.9866819354597,8992714.2,0.8309922714990765,3.1502316680255498,1.8404914409534623,-0.5692240792755765,0.5220347355644694,-0.5402775850749442,-2.0408161674034364
2025-05-19,114.25330352783203,118.06174697875976,114.25330352783203,118.06174697875976,9857456,116.03850860595703,110.44485740661621,118.73813985188802,52.344563140084404,0.6996664140827278,-0.6641136887801815,1.3637801028629093,118.75486167104538,110.44485740661621,102.13485314218704,8310339.6,1.1861676507179082,3.301466444645581,-3.614452635794352,0.1180119416830605,-1.4643102104449635,2.765434525666466,-0.3205121827184465
2025-05-20,113.30119323730469,115.20541497238544,113.30119323730469,114.72935953861526,7580784,115.82428436279297,110.8495044708252,118.28588740030925,50.83211883711145,0.6415868130013394,-0.40297358842387737,1.0445604014252168,118.86893671777352,110.8495044708252,102.83007222387687,8143952.8,0.9308482239730074,3.115167150036937,-0.8333328325122902,-0.18806606512049573,0.010217599479345196,-0.7688669112684177,0.1929240628210538
2025-05-21,116.39554595947266,116.51455981014696,113.53921354328928,113.53921354328928,6533976,115.77667694091797,111.48027763366699,117.86537157694498,55.347749415876045,0.8356142736033974,-0.15525601601842245,0.9908702896218198,119.13469501428217,111.48027763366699,103.8258602530518,8103689.8,0.8062964108028913,3.1282604064109827,2.73108573153944,0.0016576947628355043,1.2909062583843056,0.6295522660473729,-1.0911419276713241
2025-05-22,116.15752410888672,116.3955518222246,114.84837168552836,114.9673855421973,4460696,115.72907257080078,111.87897415161133,117.42898763020834,54.929844981640485,0.9591199224772993,0.0676191716807219,0.8915007507965773,119.64031332684537,111.87897415161133,104.11763497637729,7857855.6,0.5676734502476732,2.9174497037823506,-0.20449395088435462,-0.41198726278828257,-0.6097494339192711,0.048113065163679636,0.0
2025-05-23,114.4913330078125,116.87161020132211,114.4913330078125,116.87161020132211,4796868,114.91977996826172,112.30147361755371,116.98070220947265,51.971589490999094,0.9120379364953379,0.2365029246436451,0.6755350118516928,119.63285829207501,112.30147361755371,104.97008894303241,7791390.4,0.6156626421902822,2.8458267024126522,-1.4344237395352177,0.08260363716483532,-0.08638612371177912,-1.250601723197442,-0.2595744152807056
2025-05-26,114.372314453125,115.44343914623438,113.89625903396526,114.84836987228472,3563304,114.9435821533203,112.59305763244629,116.58200581868489,51.75716601157181,0.855262388283748,0.3602548173716657,0.4950075709120823,119.7566020281382,112.59305763244629,105.42951323675437,7577368.6,0.47025612558956154,2.6726738237268477,-0.10395420470769023,-0.25093902970623194,-0.5342168783596057,0.26790190245054024,-0.9108586939837293
2025-05-27,114.01527404785156,115.68146803184939,113.18217705585265,115.20541260785001,5273608,115.08639831542969,112.84298667907714,116.16942443847657,51.0763750442766,0.772551685551619,0.44271419100765635,0.32983749454396266,119.82771852825338,112.84298667907714,105.8582548299009,7488565.0,0.7042214362831865,2.649556110696167,-0.3121738044566502,-0.1885106866633124,-0.9287980727548772,1.0930318688923357,3.1188421564385393
2025-05-28,115.44344329833984,117.10963732532619,114.37231856670576,115.91949873462165,9395988,114.89597778320312,113.1226692199707,115.84808692932128,53.69982579888359,0.8128738764921621,0.5167461281045576,0.2961277483876046,120.05048488419105,113.1226692199707,106.19485355575036,7693673.0,1.2212616782647248,2.708863732933295,1.2526122157009212,0.16646820635146664,0.09927402266578511,1.3214802776898793,-0.22285930696740452
2025-05-29,116.63358306884766,117.466680090768,116.03851376747599,116.39555534829898,12524360,114.9911895751953,113.49161262512207,115.64973068237305,55.825650384672166,0.9301417413836077,0.5994252507603677,0.33071649062324004,120.3375496166317,113.49161262512207,106.64567563361244,7913321.6,1.5826931638921387,2.617446807532609,1.0309288570266695,-0.049388342657963324,-0.04878761184228253,2.5136320470837026,2.2335628659406748
2025-06-02,114.01527404785156,116.63357887984816,113.30119091185249,116.63357887984816,8704368,114.89597778320312,113.67013359069824,115.3601303100586,50.34867870083551,0.8025504117303939,0.6400502829543729,0.16250012877602094,120.36611268400318,113.67013359069824,106.9741544973933,7989014.8,1.0895421047411253,2.7127728541276173,-2.2449014701456327,0.07001895010041448,-1.6142080316433494,-2.9784252837181113,-4.000002793845403
2025-06-03,115.91949462890625,116.15752233861653,114.61034222549972,114.96738379006514,7132696,115.20541381835938,114.1223861694336,115.11813532511393,53.89164763036804,0.8453434572232084,0.68110891780814,0.16423453941506838,120.065258297999,114.1223861694336,108.1795140408682,7724576.0,0.923377024188771,2.636702912345931,1.670145159898051,0.38934277980975374,0.5914415066209822,0.0,-1.8229114246696043
2025-06-04,120.20399475097656,120.6800501757329,117.10963449006033,117.58568991481668,14050128,116.44315795898437,114.73530769348145,114.96738459269206,60.68871216282748,1.2110207139172218,0.7870912770299564,0.42392943688726537,120.52238206873616,114.73530769348145,108.94823331822673,8144627.0,1.7250793682755514,2.9198832636100267,3.6960997248877803,-0.0713650479945871,2.324806129025947,0.4592787383701946,2.2877912664048816
2025-06-05,119.01385498046875,121.39413208007812,118.53779956054687,120.44202124023438,11173196,117.15724029541016,115.33037719726562,114.82853507995605,58.12546366266376,1.388779258535365,0.9074288733310383,0.4813503852043268,120.19041124710498,115.33037719726562,110.47034314742626,8447953.0,1.3225921119589563,2.91140983106619,-0.9901000153725303,-0.07976061250243305,0.26061434732305155,-1.0827807253798283,-2.3014565469425596
2025-06-06,117.4666748046875,119.72793804814147,117.10963323993161,119.72793804814147,7140676,117.32385864257813,115.6814682006836,114.70357055664063,54.88036864550408,1.38880044888856,1.0037031884425427,0.3850972604460172,120.044586640856,115.6814682006836,111.3183497605112,8306636.2,0.8596350951303248,2.8723291613520123,-1.3000000512840781,0.011020349999935064,-0.06352892070761174,1.2649055736691395,0.4313270599146435
2025-06-09,119.72793579101562,121.15610202311522,118.89483882229086,118.89483882229086,11666564,118.46639099121094,116.1396713256836,114.6281951904297,58.52490940654912,1.5533757570616729,1.1136377021663688,0.43973805489530404,120.15044450771454,116.1396713256836,112.12889814365265,8515833.6,1.3699849654178307,2.9812755689621073,1.9250234077775152,-0.09216583404251244,0.5984531649308789,1.1770303926861292,1.5196516552920647
2025-06-10,118.29977416992188,118.29977416992188,117.10963559678383,117.82371874066666,15380580,118.94244689941407,116.2824878692627,114.46951014200846,55.4770030971679,1.550686814978306,1.2010475247287564,0.34963929024954954,120.39110043411505,116.2824878692627,112.17387530441034,8793003.2,1.7491839420688486,2.932878852331399,-1.1928390911095321,-0.013037526208137251,2.073637303314224,0.7122605187238173,0.423045797204713
2025-06-11,117.70470428466797,118.77582899504412,116.63357957429182,118.77582899504412,12645136,118.44258880615234,116.44910736083985,114.36438128153483,54.21017704453398,1.483438487001223,1.25752571718325,0.22591276981797304,120.50144931376578,116.44910736083985,112.39676540791392,8765791.6,1.4425549427846311,2.82746159478752,-0.5030186147263249,-0.08323425859342315,1.0248967858730973,2.003763964828642,2.4627282092946734
2025-06-12,115.91949462890625,118.53779943571934,115.91949462890625,117.8237163065885,15011268,117.82371673583984,116.41340293884278,114.22156448364258,50.4855960716022,1.2714358815794924,1.2603077500624984,0.011128131516993989,120.4714805219598,116.41340293884278,112.35532535572575,9061513.8,1.6565960535203288,2.7995740230575956,-1.5166850523189002,-0.2723416236173337,-0.8112082280176014,-1.1093219543732435,-2.4667992046464526
2025-06-13,117.03524017333984,117.53167809560215,114.92537900372501,116.04236432881522,13257068,117.73742980957032,116.44538764953613,114.08544235229492,52.67414220886656,1.1798530189779086,1.2442168038455805,-0.06436378486767191,120.51294535916374,116.44538764953613,112.37782993990852,9381079.8,1.413170795114652,2.7738040322335342,0.9625176058655427,-0.9470802353383045,-0.9640740581055907,-2.734276123599755,-3.177688338571405
2025-06-16,119.02099609375,119.39332454868354,116.41469690921534,116.9111348491267,8239072,117.59604187011719,116.46954765319825,113.92687632242838,56.370309909643495,1.2530623251891484,1.245985908114294,0.007076417074854291,120.5947662216194,116.46954765319825,112.3443290847771,9419389.6,0.8746927720242085,2.8011138465314898,1.6967162347589326,-0.06841860324496851,-0.10442115322505385,0.14416104954702025,1.2391225699137198
2025-06-17,118.15222930908203,119.6415431239024,118.15222930908203,119.14510518562894,11020628,117.56653289794922,116.66449394226075,113.7974692026774,54.36965681351456,1.2268367979430792,1.2421560860800511,-0.01531928813697192,120.71658586583911,116.66449394226075,112.61240201868239,9477548.2,1.1628142392354175,2.6262071756366727,-0.7299273348238988,-1.694628077349214,0.7332888142830063,1.1276319585431072,1.1247016797123477
2025-06-18,117.28346252441406,118.64866685009507,117.28346252441406,117.5316814927197,6843928,117.48228454589844,116.86360740661621,113.61787834167481,52.368078040609696,1.1230053530566124,1.2183259394753634,-0.09532058641875096,120.59881090523209,116.86360740661621,113.12840390800034,9440705.4,0.7249382021813751,2.45807346230925,-0.7352944500059411,2.213760753044025,0.6534454580739535,0.8778247307904552,1.341192102518618
2025-06-19,114.42894744873047,117.90401309793269,114.30483796125895,117.28346566057516,10800396,117.18417510986328,116.7652774810791,113.41054801940918,46.33253964575624,0.8011475442955174,1.1348902604393942,-0.33374271614387685,120.65279872335516,116.7652774810791,112.87775623880303,9654026.4,1.1187452315232946,2.6102203522245153,-2.43385982494283,-0.3555156620861588,-1.579973732043427,-2.0931286284358697,-0.9683727326785574
2025-06-20,113.0637435913086,115.42182386379471,111.94675819907832,114.42894795959003,35496040,116.38987579345704,116.6105884552002,113.2201353708903,43.73631978867657,0.43094470784451744,0.9941011499204189,-0.5631564420759014,120.83182092113923,116.6105884552002,112.38935598926118,11205793.6,3.1676507052566096,2.7255330605567663,-1.1930581272134422,0.1001978324495223,0.19197052457564645,-0.8647704562750547,2.9009206779375685
2025-06-23,112.81552124023438,112.81552124023438,110.95387897554403,111.69853588142017,6514400,115.1487808227539,116.52679786682128,113.02955309549968,43.26165550165264,0.11618748651837052,0.8185184172400092,-0.7023309307216387,120.98502954447869,116.52679786682128,112.06856618916387,11291670.2,0.576920852683069,2.643443934584473,-0.21954195322902992,-0.1295159830334014,-1.423044541892171,-0.6299917910087438,-1.2987088586047024
2025-06-24,117.53168487548828,118.64867026501246,114.8012761455403,115.04949512099012,12659076,115.02467193603516,116.68476638793945,112.88583628336589,53.57168498634567,0.24447693374443702,0.7037101205408948,-0.45923318679645775,121.04436823075496,116.68476638793945,112.32516454512394,11746458.8,1.0776929639424606,3.0687379466102875,4.18042090610129,0.4770922482972173,2.101692545040379,1.2435955717936098,0.44930264244946727
2025-06-25,118.40045166015625,119.39332756506322,117.53168524336265,118.89688961260974,8259048,115.2480697631836,116.90402526855469,112.76056620279948,55.187104338631386,0.41150588024841284,0.6452692724823984,-0.23376339223398557,121.13760050387657,116.90402526855469,112.67045003323281,11895730.8,0.6942867267978189,2.907791912338907,0.7391766616707152,-0.727242575527054,1.0899645222608445,0.8670555778443667,1.5654895979298589
2025-06-26,118.89688873291016,119.51743616888568,118.15223180973953,119.02099822010526,7392644,116.14165802001953,117.0766975402832,112.71894543965658,56.12650375164329,0.5772813070424405,0.6316716793944068,-0.05439037235196631,121.34103922143741,117.0766975402832,112.812355859129,11795563.6,0.6267308838044839,2.702113571913206,0.41928646875337705,-0.3944568587657682,0.27520638301874456,1.1461285328474569,0.0943683278643137
2025-06-27,121.75140380859375,123.11660813264525,119.51743309650946,119.64154258051414,19445620,117.87919006347656,117.33258857727051,112.83994661966959,61.16728499607703,0.9282942394052185,0.6909961913965692,0.2372980480086493,122.07264900723649,117.33258857727051,112.59252814730453,12141626.6,1.601566300844732,2.9044610156227915,2.400832440700751,-1.7820919230510768,0.39008940370151013,2.148256806151494,5.311119930289476
2025-06-30,120.38619995117188,121.99962324948655,120.38619995117188,121.75140428051506,6297140,119.39332580566406,117.65113487243653,112.9084410349528,57.74987932025442,1.0838203688477392,0.7695610268868033,0.31425934196093597,122.30809012512114,117.65113487243653,112.99417961975192,12021265.2,0.5238333815312551,2.7323226533150424,-1.121304407765289,0.957698278482022,-1.4351611940869091,-0.4391116443399512,1.1936786146927947
2025-07-01,121.50318145751953,122.74427626301004,121.13085301587239,121.3790719769705,5869036,120.18762512207032,117.9303192138672,112.8586856842041,59.73217599915079,1.2824240335173727,0.8721336282129173,0.4102904053044554,122.81413049738424,117.9303192138672,113.04650793035015,11958082.2,0.4908007740572314,2.682423141118125,0.927831850162808,0.3835740796985343,1.3376209140048223,-1.717725824914318,-3.5092874054519663
2025-07-02,123.24071502685547,123.48893398964873,121.13085384311272,121.37907280590599,9477996,121.15567779541016,118.08215522766113,113.04418004353842,62.666520328297175,1.562017342894805,1.010110371149295,0.5519069717455101,123.43034291563734,118.08215522766113,112.73396753968493,11729475.6,0.8080494237952122,2.6391774085071766,1.4300313362110684,0.06608253165516498,0.10649919614669212,-0.7557921709203441,-1.8643016915857236
2025-07-03,123.9853744506836,124.60592187035668,123.11660806314126,124.10948393461821,9249304,122.17337493896484,118.33073120117187,113.41465555826822,63.881291007660984,1.8226741935341266,1.1726231356262613,0.6500510579078653,124.2886346175758,118.33073120117187,112.37282778476795,11633281.0,0.7950726884358763,2.4858622616682764,0.6042316645646251,-0.8820979000624507,0.5989548437806524,2.64160961084583,1.6817172167155503
2025-07-04,121.130859375,125.59880090932377,121.130859375,124.60592501280738,11148680,122.0492660522461,118.5139404296875,113.90020802815755,56.31659387197184,1.7784107035983396,1.2937806492206771,0.4846300543776625,124.58426035919926,118.5139404296875,112.44362050017573,11833681.2,0.942114276325105,2.7501394980223424,-2.3022998384531257,-0.17605120273233021,-0.7285295494271593,-1.2056576605923408,-0.8269516205805627
2025-07-07,120.26209259033203,121.8755159171373,119.39332618359073,121.50318745710533,5681872,122.02444458007812,118.54064826965332,114.21854654947917,54.21246392516402,1.6541612092466522,1.365856761225872,0.28830444802078015,124.63809742201218,118.54064826965332,112.44319911729445,11534446.6,0.4926003125282144,2.7144128627589073,-0.717213424515073,-0.05568275052999505,-0.526795861514584,-2.0887191463797583,-2.038297252571064
2025-07-08,119.5174331665039,120.63441852320021,118.89688574611708,120.38619955504548,4252544,121.627294921875,118.60153121948242,114.4729014078776,52.40508677688267,1.478560868360944,1.3883975826528865,0.09016328570805743,124.71315367643932,118.60153121948242,112.48990876252553,10978044.8,0.3873680675815788,2.584162184668804,-0.6191971283626141,0.57887679791917,-0.2962771383824059,1.7018188488238994,3.02648191246373
2025-07-09,121.75140380859375,122.99249864864058,120.6344184525516,120.6344184525516,8348844,121.32943267822266,118.80386619567871,114.70894927978516,57.03303771570155,1.5023410414706433,1.4111862744164378,0.09115476705420544,125.05678590010618,118.80386619567871,112.55094649125124,10763230.2,0.7756820066897762,2.7029492909978527,1.8691588188457953,0.13347628020465852,0.7366883497436749,1.4848119494173195,0.5201955547422754
2025-07-10,122.12373352050781,122.37195249107795,121.0067481529422,122.12373352050781,6674960,120.9571044921875,119.11407814025878,114.90756429036459,57.770064951052724,1.5335530510799629,1.435659629749143,0.0978934213308198,125.38006928125812,119.11407814025878,112.84808699925945,10346414.8,0.6451471479763212,2.5245832972829065,0.30581143236705355,0.3384095530795994,0.7379596142790046,-1.0218347230120495,-1.6133902279271362
2025-07-11,120.88263702392578,122.74427927788768,120.63441805673087,122.12373185990039,6896512,120.90746002197265,119.30644798278809,115.13706715901692,54.419151645995925,1.4415256679858004,1.4368328373964745,0.004692830589325903,125.5398668091269,119.30644798278809,113.07302915644927,10028387.0,0.687699028767039,2.469287020466095,-1.0162615085573146,0.12805520532523929,0.25461005750608834,1.7831991301958006,3.0012322579103357
2025-07-14,121.25496673583984,121.75140467539293,119.88976240206888,121.62729519050465,4646708,121.10603485107421,119.41814651489258,115.34500554402669,55.257619185522174,1.3826983144551974,1.426005932808219,-0.04330761835302166,125.70981828779482,119.41814651489258,113.12647474199035,9848768.8,0.4718059784284915,2.3882677208471557,0.3080092568135795,-0.10259100165578294,-0.5980326954644122,-2.097744442073457,-0.0901162268067246
2025-07-15,124.10948181152344,124.85413870239258,121.13085424804687,121.99962062072754,10677328,122.02444458007812,119.71600914001465,115.6084534962972,61.1569942611174,1.5485618661372484,1.450517119474025,0.09804474666322349,126.3120370147402,119.71600914001465,113.1199812652891,9831603.8,1.0860209806257652,2.566269951980295,2.354142805467352,0.45562082851131613,0.9770905870307711,0.7534669933970006,1.4732434091044633
2025-07-16,124.60591888427734,127.08810850348605,124.1094809604356,124.35769992235647,12527004,122.59534759521485,120.0821319580078,115.93174794514974,62.093093330710694,1.7004663313370543,1.500506961846631,0.19995936949042337,126.91816710624366,120.0821319580078,113.24609680977196,10115757.6,1.2383653795737455,2.6212509641229826,0.39999931150127566,0.14311890542244576,0.9062948249833447,-0.30380651764122524,-2.103701654287593
2025-07-17,126.5916748046875,127.08811274509804,123.48893767712164,125.35057995366115,9820180,123.48893585205079,120.69026832580566,116.31194114685059,65.6582435351901,1.9585091472233245,1.5921073989219696,0.36640174830135486,127.57263472946677,120.69026832580566,113.80790192214455,10066746.8,0.9755068042438496,2.751640844636772,1.5936288887322902,0.04389327295191148,0.3054255543222917,0.8438794912337899,0.48425900787749665
2025-07-18,127.0881118774414,128.32920671999454,126.34345497190952,127.83276878297329,7772236,124.7300308227539,121.3914867401123,116.62701644897462,66.50633974086256,2.177962069778715,1.7092783330933188,0.4686837366853964,127.84663518777887,121.3914867401123,114.93633829244573,8680556.6,0.8953614794701068,2.6495222984298725,0.39215617734722485,0.007486413359902855,1.1675174216255968,0.650862116387585,0.9036126328488381
2025-07-21,127.33633422851562,128.32921012893289,126.83989627830698,126.83989627830698,5842524,125.94630432128906,122.11752738952637,116.98193295796712,66.94589090468463,2.3448792528376714,1.8363985170421895,0.5084807357954819,127.72163864260045,122.11752738952637,116.51341613645229,8646962.8,0.675673544010158,2.494827838722677,0.1953151615893045,-0.08570458320372731,-0.182055656943525,0.650862116387585,0.9036126328488381
2025-07-22,125.35057830810547,128.57742487841313,125.10235934115873,127.58454901062616,10530488,126.19452362060547,122.50847206115722,117.26209869384766,60.14570046569685,2.290524673231914,1.9272237482801344,0.3633009249517798,127.8503564300999,122.50847206115722,117.16658769221455,8540533.4,1.2330012080978454,2.625526198526906,-1.5594574262256966,-0.15113747849135883,-1.5108489973571504,-0.946881483677009,-1.1343290530570815
2025-07-23,131.8042755126953,132.79715141109602,126.59167704609155,126.59167704609155,19684712,127.63419494628906,123.17866325378418,117.64189173380534,70.59852518918319,2.7366611793401745,2.0891112344921425,0.647549944848032,129.6039048655275,123.17866325378418,116.75342164204086,9111816.6,2.1603498911512333,3.2683324524553923,5.148518093571908,0.22295619800545285,1.4387991654924104,4.103516858753897,9.601448120741507
2025-07-24,132.3007049560547,132.7971428733382,130.5631722455624,132.7971428733382,8721436,128.7760009765625,123.8488540649414,118.01607360839844,71.22373606692815,3.0946125151705957,2.2902114906278332,0.8044010245427624,131.13247164077526,123.8488540649414,116.56523648910755,9178256.2,0.950227996468436,3.130417542498112,0.37664138088719934,-0.5605654715466812,0.23612215902308886,1.1646253123178463,1.5151519297801563
2025-07-25,131.55606079101562,133.29359366938752,131.30784180839106,132.3007177388893,6659192,129.66959075927736,124.3390869140625,118.38776270548503,68.85841355637875,3.2803906652321047,2.488247325548688,0.7921433396834168,132.31520688782987,124.3390869140625,116.36296694029514,8538934.8,0.7798621439292404,2.9777954516312253,-0.5628421747914336,0.5363622959012604,-0.040000501364123586,-2.0146148448369483,-1.4653987058863893
2025-07-28,132.052490234375,133.04536610079887,130.56317643473918,131.80427126776902,5620860,130.61282196044922,124.92240142822266,118.74788996378581,69.58362800696632,3.4281611866567516,2.6762300977703006,0.751931088886451,133.3735487899094,124.92240142822266,116.47125406653593,8505120.8,0.6608795021465186,2.9117146802216882,0.3773520128031116,0.27559243417745183,0.20800726399519132,1.1070894088022643,1.679976652722992
2025-07-29,132.79714965820312,134.78290142879308,131.30783583026064,131.5560548015844,10485012,132.10213623046874,125.48709983825684,119.17993507385253,70.68638528618557,3.564271478714687,2.853838373959178,0.7104331047555092,134.468916490795,125.48709983825684,116.50528318571868,8735919.6,1.2002184635490465,2.986828135996455,0.5639116858049853,0.6277126261405197,-0.9031782082688844,-0.5586557970433614,-2.4376982883652087
2025-07-30,129.8185272216797,133.79003092253413,128.57743231516267,133.54181194123072,19266612,131.70498657226562,125.81599044799805,119.5444844563802,61.13807102748678,3.3926812114167433,2.9616069414506914,0.4310742699660519,134.93218231334407,125.81599044799805,116.69979858265201,9225350.4,2.088442299167303,3.283597532179789,-2.242986723879159,0.10959038727660353,1.1214833214890696,-3.0786448194715654,0.3609022846687848
2025-07-31,131.55606079101562,131.8042797736402,129.57030893001917,129.8185279126437,11250340,131.55605773925782,126.19452476501465,119.95187772115072,64.17786937604959,3.3581880250600733,3.0409231581725678,0.31726486688750555,135.6143249654607,126.19452476501465,116.7747245645686,9325402.2,1.2064187429899806,3.1436473070386204,1.3384326617485787,0.46648917126204115,0.34438577266941994,5.14721434318266,2.738588658616825
2025-08-04,132.79714965820312,133.2935876008506,130.81139788761317,132.0524927442319,6898100,131.8042755126953,126.7778392791748,120.32441596984863,66.21093304609246,3.391897739968684,3.1111180745317912,0.2807796654368926,136.32141084913533,126.7778392791748,117.23426770921428,9112873.2,0.7569621401074691,3.055452961198462,0.943391630704915,-0.30428543721531254,-0.23658148505263377,-1.6244429900783564,-5.063968866197177
2025-08-05,136.5204315185547,139.49905911532315,134.78289875377308,134.78289875377308,16284380,132.69786376953124,127.59075622558593,120.75702527364095,71.44652971656426,3.6766683175465715,3.2242281231347474,0.45244019441182415,137.557810600892,127.59075622558593,117.62370185027987,9642998.6,1.6887257455372855,3.5416471606546702,2.8037362774236074,0.23176060718361757,1.204718422705664,1.276981621170048,1.824817365577136
2025-08-06,134.28646850585938,136.76865831188266,133.54181156405238,136.52043933128033,9908428,132.9957275390625,128.3292079925537,121.07107569376628,64.94425288137217,3.6796719392225157,3.315316886352301,0.36435505287021464,137.96055067484392,128.3292079925537,118.6978653102635,9925792.8,0.9982505377303462,3.499673772278085,-1.636358007256733,0.1783585840453794,-0.9012052115274116,0.5869602630479642,-0.24813640929360892
2025-08-07,135.2793426513672,136.76865651541894,135.03112367402522,135.77578060605111,8463832,134.087890625,129.00560493469237,121.41952616373698,66.40753832932864,3.719295256254469,3.396112560332735,0.3231826959217341,138.59188599044046,129.00560493469237,119.41932387894428,9931542.2,0.8522172920938704,3.3640090039156156,0.7393702109788514,-0.07582910609321702,2.3730184169192814,1.9667096183160648,3.758980768953557
2025-08-08,135.2793426513672,136.52043753807698,135.03112367402522,135.2793426513672,6037780,134.83254699707032,129.66338539123535,121.73028882344563,66.40753832932864,3.7079540344845725,3.4584808551631028,0.24947317932146973,139.0650185581527,129.66338539123535,120.26175222431802,9899683.2,0.6098962843578671,3.114049651933767,0.0,-0.3563459079548914,0.07286453218204869,2.077152526035553,1.4917444537545066
2025-08-11,134.53468322753906,135.03112117302814,132.0524935000937,134.53468322753906,7589712,135.1800537109375,130.34598770141602,122.03260777791341,64.0808875647736,3.5974095444793193,3.4862665930263463,0.11114295145297293,139.01735543081585,130.34598770141602,121.67461997201619,9934343.2,0.7639872961103257,3.1290895851790625,-0.5504605575643695,0.1439209000700048,0.4755796968586967,2.077152526035553,1.4917444537545066
2025-08-12,134.53468322753906,135.03112117302814,133.5418073365609,134.53468322753906,5412888,134.78290405273438,131.00997352600098,122.29922256469726,64.08088756477362,3.4698044933985273,3.4829741731007826,-0.013169679702255355,138.73206625335467,131.00997352600098,123.28788079864727,9972652.2,0.5427731651967167,2.910452818684152,0.0,0.3249476487076741,0.09471266391829491,-0.9136255757229428,0.6824120156242897
2025-08-13,135.52755737304688,136.5204332512377,134.53468149485604,135.27933840349917,11239476,135.03112182617187,131.58087730407715,122.65379346211752,65.92688678346448,3.4094907300179216,3.4682774844842106,-0.058786754466289004,138.82865818934218,131.58087730407715,124.33309641881212,10000759.6,1.123862231424901,2.7871593437104862,0.7380060826609025,-0.23340628022624488,0.8761363011638768,1.6974124435986448,3.9624633540440213
2025-08-14,135.52755737304688,135.52755737304688,135.52755737304688,135.52755737304688,0,135.0807647705078,132.12695922851563,123.02423286437988,65.92688678346448,3.323381761785015,3.4392983399443717,-0.11591657815935674,138.783672280351,132.12695922851563,125.47024617668028,9374409.4,0.0,2.4155380978824215,0.0,0.20617018015440802,-0.541320542258239,-1.7308933714739072,-3.1594770424557383
2025-08-15,135.52755737304688,135.52755737304688,135.52755737304688,135.52755737304688,0,135.13040771484376,132.5737533569336,123.3430997212728,65.92688678346448,3.2180441740038646,3.3950475067562706,-0.1770033327524061,138.85511057421837,132.5737533569336,126.29239613964882,8883400.4,0.0,2.0934663514980985,0.0,0.4652728781409321,0.39764198071750023,0.6500278671424109,-0.6991188495613865
2025-08-18,135.52755737304688,135.52755737304688,135.52755737304688,135.52755737304688,0,135.3289825439453,132.99572563171387,123.66593360900879,65.92688678346448,3.098841856807752,3.335806376766567,-0.23696451995881507,138.84442974447177,132.99572563171387,127.14702151895597,8494788.6,0.0,1.8143375046316854,0.0,-0.2992125774545329,0.6083510296844397,1.8125001102816007,0.3129042030054041
2025-08-19,135.52755737304688,135.52755737304688,135.52755737304688,135.52755737304688,0,135.52755737304688,133.40528678894043,124.01653734842937,65.92688678346448,2.970135290835799,3.262672159580414,-0.29253686874461504,138.7069552080616,133.40528678894043,128.10361836981926,8202662.4,0.0,1.5724258373474607,0.0,0.12037876283805815,-0.5269863303297595,-0.7571068801660807,1.741613993283475
2025-08-20,135.52755737304688,135.52755737304688,135.52755737304688,135.52755737304688,0,135.52755737304688,133.9141357421875,124.36912473042806,65.92688678346448,2.8354491176004046,3.177227551184412,-0.3417784335840075,137.6966071342655,133.9141357421875,130.13166435010953,7676138.0,0.0,1.3627690590344659,0.0,0.2737679299698925,-2.989552002278928,-1.4432982913029635,-1.5074044123502106
2025-08-21,135.52755737304688,135.52755737304688,135.52755737304688,135.52755737304688,0,135.52755737304688,134.10029983520508,124.72766278584798,65.9268867834645,2.697612952044466,3.081304631356423,-0.38369167931195713,137.81136875432907,134.10029983520508,130.3892309160811,6691902.4,0.0,1.1810665178298705,0.0,0.5739473988298771,1.4251223005524505,0.02091870534581819,-0.726336987275622
2025-08-22,135.52755737304688,135.52755737304688,135.52755737304688,135.52755737304688,0,135.52755737304688,134.2616424560547,125.06239802042643,65.9268867834645,2.5588796263006657,2.9768196303452714,-0.41794000404460574,137.9235386575796,134.2616424560547,130.59974625452978,6255830.6,0.0,1.023590982119221,0.0,0.7790624202977492,-0.8248855555042067,-0.020914330338672737,0.07839607128026227
2025-08-25,141.9812469482422,144.46343658020447,139.00261938988746,140.98837109545727,26140257,136.81829528808595,134.78290176391602,125.484859085083,78.76220568832673,2.9358486434537383,2.968625432966965,-0.03277678951322649,139.6068102917864,134.78290176391602,129.95899323604564,7229883.85,3.61558464040885,2.0785627454576714,4.7619020812359025,-0.4872876866823028,2.158306669891674,1.6108758089712572,-1.3054804045987467
2025-08-26,137.5133056640625,141.484809076743,136.02399188430732,141.484809076743,24908643,137.21544494628907,135.0559425354004,125.87649294535319,61.49199924215172,2.8413208063775244,2.943164507649077,-0.10184370127155251,139.8472038160943,135.0559425354004,130.2646812547065,8194273.0,3.0397624047917366,2.595721721254631,-3.14685310927606,0.2525750082704059,0.11417520761634048,-0.16471710058513223,0.8465630643329503
2025-08-27,135.52755737304688,138.50618500761934,135.03111943395146,138.00974706852392,13786622,137.21544494628907,135.19246292114258,126.20329399108887,55.65140280672046,2.576473539796581,2.869826314078578,-0.29335277428199724,139.8669039766781,135.19246292114258,130.51802186560707,8359353.5,1.6492450044133198,2.7129675682430636,-1.4440408376675151,0.3370125372272659,0.8837683642618943,0.10312574683200015,0.9706112361506536
2025-08-28,136.0240020751953,138.50619189408573,135.52756411141723,137.51331596652958,11412420,137.31473388671876,135.50273666381835,126.46696077982584,56.75722054712718,2.3792130246718273,2.7717036561972277,-0.3924906315254004,139.44111123283292,135.50273666381835,131.56436209480378,7966643.9,1.432525432698203,2.748389828615836,0.3663053564685326,0.09297408164834486,-1.1560045814190012,0.5562355438341049,1.1171704336574662
2025-08-29,138.5061798095703,139.99549357096353,136.02399020724826,137.51330396864148,10920348,137.91045837402345,135.8502426147461,126.79183286031088,61.875816985162295,2.3955591295279532,2.696474750863373,-0.3009156213354198,139.54107008534007,135.8502426147461,132.15941514415212,7950144.3,1.3736037470414217,2.911471633295761,1.8248086341429826,-0.2688503744142423,-0.01382054501782859,-0.34829000854138537,-0.5138672304085712
2025-09-01,134.03823852539062,138.5061798095703,131.55604892306857,138.5061798095703,10720707,136.3218566894531,135.91229705810548,127.06802558898926,50.32786300755628,2.024649119158397,2.562109624522378,-0.5374605053639807,139.42439501782815,135.91229705810548,132.4001990983828,8141274.65,1.3168339677620382,3.4499595337232245,-3.2258064516129004,0.2220177645487098,-0.6659038390721239,-0.5756596973476857,-1.1105407117019683
2025-09-02,133.54180908203125,136.5204367938981,133.04537113005344,134.53468498598687,9073581,135.52755737304688,135.76336593627929,127.29825681050619,49.228514015212255,1.671375974593417,2.3839628945365856,-0.7125869199431687,139.41666231411693,135.76336593627929,132.11006955844164,7780734.7,1.1661599257458295,3.453307017739418,-0.37036404597732275,0.2120392800051274,-0.2282809370366512,0.7237383308513756,-0.235045901727593
2025-09-03,134.03823852539062,135.03111436631943,133.5418006049262,134.53467644585504,9343253,135.2296936035156,135.75095443725587,127.560564549764,50.39541392439888,1.4151492103777628,2.190200157704821,-0.7750509473270584,139.42699309959156,135.75095443725587,132.07491577492019,7752475.95,1.2051959993503754,3.1914412502265916,0.3717408403943523,0.38758813655075386,0.3477630507512153,-0.47217246793883616,-0.8115186394509144
2025-09-04,134.53468322753906,136.52043500949537,134.03824528204999,135.03112117302814,7005764,134.93182983398438,135.71372146606444,127.84106419881185,51.59357383278057,1.2378771153901482,1.9997355492418867,-0.7618584338517385,139.42479049261925,135.71372146606444,132.00265243950963,7679572.55,0.9122596283044425,3.0968752814103455,0.3703754298848061,-0.07155659478953469,0.33007400549494026,1.1963593433285569,1.5835280884162417
2025-09-05,134.03823852539062,136.02399020724826,133.5418006049262,136.02399020724826,8288131,134.03824157714843,135.65166625976562,128.14304326375324,50.28553478115126,1.0452794337852538,1.80884432615056,-0.7635648923653062,139.4341382842648,135.65166625976562,131.86919423526643,7792090.1,1.0636595436698044,3.0149171908652397,-0.3690087122803831,-0.09113950204554522,1.3016229374229527,1.8956378100669857,5.637830389309517
2025-09-08,136.5204315185547,138.50618324973365,134.5346797873757,134.5346797873757,10037406,134.53468017578126,135.7509536743164,128.46779645284016,56.25702545373809,1.0804814954151993,1.663171760003488,-0.5826902645882888,139.51417294547514,135.7509536743164,131.98773440315767,7914474.8,1.268233995766845,3.208654195328945,1.8518543816090638,-0.7004631226877445,0.215561079559623,1.0002039096841608,2.361042950124892
2025-09-09,137.5133056640625,139.49905737040277,137.01686773747744,138.50618151723262,9113361,135.3289794921875,135.89988479614257,128.77600161234537,58.40902618774729,1.1749519143348266,1.5655277908697558,-0.3905758765349292,139.6960491414421,135.89988479614257,132.10372045084304,8099498.45,1.1251759669143464,3.177983749531496,0.7272714673282277,-0.4852509178164821,1.2538968205540568,-2.6539900039598496,-4.132629805588694
2025-09-10,141.4848175048828,142.47769341719777,137.01687589946545,138.00975181178043,15850665,136.81829528808595,136.19774780273437,129.16487808227538,65.6818672433366,1.552393193789328,1.5629008714536705,-0.010507677664342463,140.73368618962058,136.19774780273437,131.66180941584815,8330057.9,1.902827710237164,3.4823615852916063,2.8880927715624116,0.06758799645232294,1.3575043934189956,1.0986845546368196,1.0275687429142533
2025-09-11,137.01687622070312,142.4776937512384,136.52043826338172,142.4776937512384,13599731,137.31473388671876,136.2722137451172,129.49376831054687,54.19938800474113,1.4740012368600048,1.5451209445349376,-0.07111970767493281,140.81072529354623,136.2722137451172,131.73370219668817,9010044.45,1.5093966600797404,3.8123474389669503,-3.1578945097946565,-0.3782383940657219,0.09177735950691712,0.30187574446240983,-1.215574993561963
2025-09-12,150.4207000732422,150.4207000732422,140.98837894653724,141.48481690057434,60316237,140.59122619628906,137.01687088012696,130.09363085428873,70.73072748574558,2.465036207709261,1.7291039971698026,0.7359322105394583,144.7815111218701,137.01687088012696,129.25223063838382,12025856.3,5.015546127887791,5.091210960776565,9.782607969363234,0.17595008979807147,1.026858565050115,1.4847435181293944,-0.5524888065323696
2025-09-15,149.92425537109375,152.9028829612479,146.4491898492472,151.9100070978632,49613059,143.27199096679686,137.7367057800293,130.70797271728514,69.72688885849531,3.1737941008504436,2.018042017905931,1.1557520829445127,147.36555557645917,137.7367057800293,128.10785598359942,14506509.25,3.420054966014653,5.272875247606451,-0.3300374894590341,-0.0168380656651812,-0.4611663437352198,1.4847435181293944,-0.5524888065323696
2025-09-16,148.4349365234375,150.42068818261393,145.45630903467287,149.92425026781982,22652664,145.45631713867186,138.38207473754883,131.30162963867187,66.66994566829902,3.574114090810667,2.3292564324868783,1.244857658323789,149.06050195703662,138.38207473754883,127.70364751806105,15639142.45,1.44845947099868,5.231742434317733,-0.9933808535315891,-0.29982346654272574,1.0745701295846288,4.171615473886758,2.095961033914717
2025-09-17,154.88864135742188,159.85302088810846,148.93138592059796,148.93138592059796,65981406,148.1370819091797,139.3501289367676,131.92424558003742,72.33088439731276,4.361849920518324,2.7357751300931676,1.6260747904251565,152.2237063725656,139.3501289367676,126.47655150096958,18938212.75,3.484035524946777,6.0565880250314965,4.347834132003925,-0.48651948491017505,-0.7467550083917751,0.28467844299508993,3.5122461138007433
2025-09-18,156.8743896484375,157.86726553228837,152.90288611303401,157.37082759036292,36421345,152.10858459472655,140.4174705505371,132.56547787984212,73.8051255692591,5.0877214465467375,3.2061643933838817,1.8815570531628558,155.33419397161677,140.4174705505371,125.50074712945744,20759280.0,1.7544608965243496,5.910960210927878,1.2820490086379532,0.1304608418786879,1.3016200996530891,0.3595734788724547,3.2258087486813025
2025-09-19,172.2639617919922,172.2639617919922,157.37082388490353,157.8672618151398,109730764,156.47723693847655,142.25429077148436,133.45492909749348,81.86820695137045,6.826102654213827,3.930152045549871,2.8959506086639557,162.66958747055028,142.25429077148436,121.83899407241843,26245818.2,4.18088562390484,7.17477513527812,9.810123996685128,0.08010681923562579,-0.7411524345470877,-1.7160033765390659,-3.2870336836562375
2025-09-22,177.2283477783203,183.68204111478576,174.24972008456703,175.2425959824848,127600340,161.93805541992188,144.0166458129883,134.37954483032226,83.61977955221901,8.506311284153384,4.845383893270574,3.6609273908828097,169.7305282665475,144.0166458129883,118.30276335942906,31318822.35,4.074238123452301,7.740549026946847,2.8818482604751727,0.35037367829144905,1.1815861562103347,7.674597135005956,4.1646645174620245
2025-09-23,174.74615478515625,179.21409624273127,174.2497168454257,179.21409624273127,48295565,167.20029907226564,145.87828826904297,135.28554407755533,79.48522718321954,9.527766339105455,5.78186038243755,3.7459059566679045,174.80073576088657,145.87828826904297,116.95584077719937,32488168.45,1.486558562829663,7.370393076328011,-1.4005620569621402,0.005624330335418648,1.417160099788184,7.674597135005956,4.1646645174620245
2025-09-24,178.7176513671875,180.70340304904514,171.27108256022134,176.23546176486545,60602087,171.96610107421876,148.03779296875,136.2391185760498,81.09580255809007,10.536287646946676,6.732745835339376,3.8035418116072996,179.9964168111067,148.03779296875,116.07916912639332,34828941.7,1.7399922030935553,7.6453167313274495,2.2727233036481165,0.18631834557791827,-0.19292856211109433,-0.21383577000940734,-2.251841649683517
2025-09-25,168.29246520996094,177.22834831845444,167.79602725948908,176.73191036798258,66234334,174.24971618652344,149.65121612548828,136.98998107910157,66.36662814386001,10.374729232890274,7.461142514849556,2.913586718040719,182.30663453724495,149.65121612548828,116.9957977137316,37570037.4,1.7629562966578256,8.082157714843579,-5.833327641379594,0.2976129160905838,-0.6599329621733818,0.0,0.7522410309723337
2025-09-26,164.81739807128906,171.76752931525908,162.83164628729762,167.29958780127836,65205247,172.76040344238282,150.9667770385742,137.67051480611164,62.3044131681567,9.852708262292282,7.939455664338102,1.9132525979541803,183.85086341651683,150.9667770385742,118.08269066063158,40284282.35,1.6186274943036187,8.195987756592631,-2.064897637773855,0.6501132916399088,-1.7043185521454118,0.2321407203542014,-0.6066353962274285
2025-09-30,168.7888946533203,170.77464635512408,165.31382917516373,166.80314295151655,26331987,171.0725128173828,152.7043098449707,138.46481539408367,64.94521681955871,9.648250439879945,8.281214619446471,1.3670358204334736,185.49438201178225,152.7043098449707,119.91423767815917,41064846.35,0.6412294052087693,7.897489160224949,2.409634315616027,0.046643707979932,0.9390763957033643,2.4563311042782088,2.2851718986223624
2025-10-01,168.7888946533203,175.24258768418258,167.79601880241844,171.27108428057502,34976006,169.8810607910156,154.46666412353517,139.2735954284668,64.94521681955871,9.378111115313231,8.500593918619824,0.8775171966934074,186.7044044656974,154.46666412353517,122.22892378137294,42359967.6,0.8256853813079875,7.837366456430174,0.0,-0.05285909728485194,0.6288447090782023,-2.7526169612526075,-1.3497748788239283
2025-10-02,169.28533935546875,173.75328086338436,168.7889014101448,171.76752908208854,25845084,167.99459838867188,156.22901916503906,140.10306053161622,65.2976610492872,9.099192861589756,8.62031370721381,0.47887915437594586,187.6068396710673,156.22901916503906,124.85119865901083,43185059.15,0.5984728169580381,7.454302423581358,0.294121661954172,0.01609605957935134,1.5220791911750853,1.1687359817073473,1.6041486635447466
2025-10-03,174.2497100830078,175.24258592393662,170.27820671929254,171.27108256022134,34197207,169.18604736328126,158.2147705078125,140.97803230285643,68.6879212332,9.17299083637829,8.730849133046707,0.44214170333158265,188.82929446072293,158.2147705078125,127.60024655490204,44544631.3,0.7677065900419744,7.2546949762328925,2.9325461652144558,0.055177608565615266,1.4506947270404247,1.9314078330345819,2.623636754652292
2025-10-07,183.1855926513672,188.64640977647568,176.73189968532986,177.72477552625867,87453720,172.85968627929688,160.67213821411133,141.99572995503743,73.67359415620675,9.839108191464874,8.95250094473034,0.886607246734533,191.00432453769054,160.67213821411133,130.33995189053212,48502910.75,1.803061272977313,8.206962271864223,5.128205128205132,0.29750124162626346,1.684868471805201,-1.5281633164298092,-1.3507654566701555
2025-10-08,184.17848205566406,184.6749200126874,178.71766452840717,183.18560614161734,44232453,175.93760375976564,163.0550407409668,143.0506607055664,74.16580916599067,10.328073271816066,9.227615410147486,1.1004578616685805,192.8821779061611,163.0550407409668,133.2279035757725,50212663.1,0.8809023515026432,7.9070013668530255,0.5420128242216604,0.0858699164537402,-0.5448692045472381,0.575419506715269,0.17668129194534643
2025-10-09,182.19271850585938,190.13572530720472,181.69628058077527,187.1570977567002,50072983,178.61836853027344,165.28901138305665,144.0662899017334,71.29481335159768,10.435058242228592,9.469103976563707,0.9659542656648856,193.72151321639572,165.28901138305665,136.85650954971757,52260644.2,0.9581394138268199,7.97799381479655,-1.0781734802247644,-0.03831349420129193,0.8802950564221979,0.5547806000514077,0.5952381599259704
2025-10-13,176.73190307617188,177.22834100616112,172.76039963625792,173.25683756624716,37733835,180.10768127441406,167.0513656616211,144.9433302561442,63.962077690134855,9.96433972901852,9.56815112705467,0.39618860196384986,193.57688975262136,167.0513656616211,140.52584157062086,53354802.7,0.7072247124999677,8.171903822103872,-2.9972742459034585,0.2671434399057038,-1.3863493889187506,-2.0000022094964653,-3.068157645892322
2025-10-14,170.77464294433594,179.71052542398144,170.27820502880007,179.21408750844557,46027900,179.41266784667968,168.73925399780273,145.71280899047852,57.06660731719127,9.006766413519244,9.455874184347584,-0.4491077708283395,191.20292844754778,168.73925399780273,146.2755795480577,54976211.15,0.8372330329279158,8.33995936518087,-3.3707893301348935,0.0847841788281345,-0.4838520946744862,-4.204781131940328,-3.2331029692624025
2025-10-15,173.75328063964844,174.74615652901787,169.78177708217075,171.2710909162249,17950755,177.52620544433594,169.90588302612304,146.49883575439452,59.42212533579597,8.391501821075877,9.242999711693244,-0.8514978906173667,190.72732825104393,169.90588302612304,149.08443780120214,52857937.05,0.3396037757398631,7.88988204273637,1.7441920205234274,-0.02313105345168598,1.8010593746521364,3.030304127529093,4.018693041938404
2025-10-16,178.22122192382812,180.70341164421572,174.249718371208,175.24259425936305,24254436,176.33475341796876,171.32073135375975,147.35105425516764,62.725637468556656,8.17024423062233,9.028448615479062,-0.858204384856732,190.17822051181005,171.32073135375975,152.46324219570946,51590005.9,0.4701382676135728,7.764581904313825,2.5714284459732673,-0.24149632990847492,1.364430807973327,-0.07130617162119934,2.3135668392111786
2025-10-17,183.1855926513672,185.17134433322482,177.22833760579428,177.22833760579428,58239724,176.5333282470703,173.05826416015626,148.28187522888183,66.0344120365983,8.299804247926772,8.882719741968605,-0.5829154940418331,189.25285835843695,173.05826416015626,156.86366996187556,53369358.9,1.0912577029288617,7.788371880729388,2.7855104313339485,0.006860517943563238,-1.2496442248141726,0.4994642066477706,-0.9659707899298708
2025-10-20,194.60366821289062,196.58941992934868,186.66066134705835,189.14285099263094,89262650,180.10768127441406,175.04401550292968,149.43609339396158,72.15643765768377,9.217570354734988,8.949689864521883,0.26788049021310556,191.59354728844252,175.04401550292968,158.49448371741684,54533421.1,1.6368430257899225,8.537099267029669,6.233064181665182,0.03266778205262,1.4147553157768167,3.7806252622347936,5.475500984593995
2025-10-21,203.53955078125,207.0146162823933,195.10010599275915,197.08585770769818,126010973,186.66066284179686,177.3772735595703,150.63168131510417,75.8283442866399,10.544408274585066,9.26863354653452,1.2757747280505463,196.1498270125954,177.3772735595703,158.60472010654522,59012902.5,2.1353122395564257,9.053612440692735,4.591836654684123,-0.08033787001248127,0.23034471151326397,-0.1026238111519584,2.7112190353087984
2025-10-22,206.5181884765625,207.01462642963116,201.5538089458759,205.0288746173565,71399254,193.2136444091797,179.08998489379883,151.8686393737793,76.92091685929651,11.701401580366223,9.755187153300861,1.946214427065362,201.74678815986005,179.08998489379883,156.4331816277376,57096327.0,1.2505052032506399,8.574573113101074,1.463419607579719,0.2614607328592866,-0.37294058215946446,1.0101033114862767,1.39145407429897
2025-10-23,224.38995361328125,226.87214336564057,205.52531149535054,206.0217494458224,134467762,202.4473907470703,181.44806518554688,153.41587092081707,82.13782030505726,13.900196385484378,10.584188999737565,3.316007385746813,211.79945154984395,181.44806518554688,151.0966788212498,57439698.1,2.3410248738755124,10.277540947392936,8.653845585492824,0.22101202829689637,-0.42189869317011963,-1.694915395830987,-2.7648824698371155
2025-10-27,246.7296600341797,246.7296600341797,235.80802518357214,241.76528055663078,114973502,215.1562042236328,185.04724044799804,155.32715708414713,86.30506438586131,17.24657691440379,11.91666658267081,5.329910331732979,226.93285254667717,185.04724044799804,143.1616283493189,60773594.95,1.8918331570576277,11.885829677193671,9.955751610608733,0.1894395419437922,1.6757472785653427,0.7620977547480479,2.3927262525623716
2025-10-28,244.24746704101562,246.23321880557674,240.7724014530337,245.2403429232962,79547180,225.0849639892578,188.32373123168946,157.18466237386068,83.96118210458019,19.4738331365879,13.42809989345423,6.04573324313367,237.70584321313942,188.32373123168946,138.9416192502395,61720849.6,1.2888218570471526,11.09535353105398,-1.0060375363141194,-0.7530777372024122,-0.15904147839432836,-0.9207484955256806,-0.6373160221708751
2025-10-29,245.73678588867188,260.133486476089,241.26884432705967,252.19047925544507,83494628,233.5244110107422,192.195947265625,159.11663335164388,84.23778303708384,21.11571648783763,14.965623212330911,6.15009327550672,246.83050883351362,192.195947265625,137.56138569773637,62583864.3,1.3341238821521604,12.13125868011736,0.6097581545875919,-0.18953750952860338,1.2366435536016018,1.1948149462903013,0.7385858935814227
2025-10-30,247.22608947753906,257.15484809109483,241.2688343094056,246.72965154686128,82496913,241.6659912109375,196.3163818359375,161.04446716308593,84.525183215312,22.280262231799497,16.42855101622463,5.851711215574866,254.5674080009407,196.3163818359375,138.0653556709343,63448447.6,1.3002195659709095,12.631892693660276,0.6060564288253856,0.3997594261948789,-0.025485081114973163,-0.5903578786495611,-0.7717567318997531
2025-10-31,247.22608947753906,252.68690671499476,243.75102396279453,245.24033775482792,53903531,246.23321838378905,200.23824157714844,162.95161616007488,84.525183215312,22.938749498643688,17.730590712708445,5.208158785935243,261.1852087553177,200.23824157714844,139.29127439897917,64827024.8,0.8314978385372392,12.13909136813227,0.0,0.21359802296341268,-0.19153205969807408,11.910262568798569,3.9471103847868116
2025-11-03,252.1904754638672,260.13348256509136,249.21184780090812,253.1833513515202,71547541,247.32538146972655,204.40832061767577,164.87945022583008,85.54416097922164,23.589267470167215,18.9023260642002,4.686941405967016,267.6642133555819,204.40832061767577,141.15242787976962,66655601.55,1.0733912729949702,12.241531597388274,2.008034830312333,0.16628250572858772,0.3585838583650913,11.910262568798569,3.9471103847868116
2025-11-04,236.30445861816406,253.18334851946148,236.30445861816406,252.68691058118804,75723550,245.73677978515624,207.75927658081054,166.57975006103516,69.72267136193501,22.562848383582093,19.634430528076578,2.928417855505515,270.2772731949957,207.75927658081054,145.24127996662537,69149524.85,1.0950697082049436,12.859846037909492,-6.2992136465436115,0.3940632008074152,-0.7694810409372921,1.945758379689888,-2.9180660246786116
2025-11-05,231.83651733398438,233.32583114983439,222.40419650026766,223.39707237750102,69320008,242.95672607421875,210.63861694335938,168.18903630574545,66.02407896311148,21.145130439701006,19.936570510401463,1.2085599292995433,271.95124977069094,210.63861694335938,149.32598411602785,70905664.9,0.977637091447682,12.998568181907746,-1.8907562346926698,0.051456216481238215,-1.4208708043573326,-3.499131780813225,-3.15992163667127
2025-11-06,238.2902069091797,239.28308277130128,232.3329517364502,236.30445518493653,38280773,241.16954956054687,213.39384765625,169.90588404337566,68.61398457310443,20.30823685502682,20.010903779326533,0.297333075700287,274.4641280401126,213.39384765625,152.32356727238738,68447017.55,0.5592759826538272,12.258301149295635,2.783724345676797,-0.08441462583944626,0.6580375706382924,0.3895688311258638,1.711102861449998
2025-11-07,232.8293914794922,236.80089495888652,229.35432593502216,235.31158115411364,29096984,238.2902099609375,215.8263931274414,171.54412918090821,64.15748241787662,18.985497495377928,19.80582252253681,-0.8203250271588836,275.86385191060975,215.8263931274414,155.78893434427306,67690244.1,0.4298549131690899,11.815311792610554,-2.291665906257234,0.2780553192774038,-0.8890464487496197,-2.9253692298762624,-2.4647922636517605
2025-11-10,228.3614501953125,235.80801922342053,226.37569845448368,232.82939161217732,35409990,233.52440490722657,218.13482971191405,173.1079086303711,60.6845656836806,17.376387324887958,19.31993548300704,-1.943548158119082,276.2466713700418,218.13482971191405,160.02298805378632,66957094.45,0.528845976529676,11.497579656120728,-1.9189764899476769,-0.038733360616827195,0.7887467877500054,-0.707260430571921,0.5014058445047764
2025-11-11,228.85789489746094,235.80802619586538,228.85789489746094,233.32583644643523,28518225,232.03509216308595,220.74112930297852,174.663414255778,60.937585333248094,15.957269391770723,18.647402264759776,-2.6901328729890537,275.62015417361727,220.74112930297852,165.86210443233978,66496313.95,0.4288692606547103,10.957445835378348,0.21739426760682967,0.0,-0.30341598250608337,-1.5794386011026895,-2.274999714715076
2025-11-12,228.85789489746094,234.3187123462073,226.3757051480308,232.33296054666317,27542868,231.43936767578126,223.64529190063476,176.2189198811849,60.937585333248094,14.663575633439336,17.85063693849569,-3.1870613050563534,273.2885644673608,223.64529190063476,174.00201933390875,65572062.35,0.42003967868184644,10.555520683751435,0.0,-0.008074886659015235,0.5835555923585645,-0.5349258144336844,4.921383255271583
2025-11-13,241.76527404785156,242.75814991663125,227.36857395054625,230.34720155688527,86566652,232.13438110351564,227.04589157104493,177.98954849243165,67.28595212210845,14.512540106761406,17.183017572148835,-2.670477465387428,271.32728443381666,227.04589157104493,182.76449870827324,69002857.2,1.2545372106707489,11.200061388062577,5.639909934579146,0.3223070095614844,-0.1557560988223461,0.2530863562269614,-0.622810891433645
2025-11-14,231.83651733398438,239.77952435185108,231.83651733398438,236.3044587815344,50637144,231.93580627441406,229.72665634155274,179.59469782511394,59.30206761739001,13.436784784106862,16.43377101454044,-2.9969862304335777,267.5889277022667,229.72665634155274,191.86438498083882,70321992.6,0.7200755002496901,11.03055409816986,-4.10677536423284,0.1957261013469047,-1.8136056365454567,-1.8933402929671939,-0.6854706974093072
2025-11-17,224.88638305664062,234.31870375879552,224.38994512494824,234.31870375879552,38124554,231.24079284667968,231.81169586181642,181.08401158650716,54.43310992813227,11.88640412133745,15.524297635899844,-3.6378935145623945,262.86268925164154,231.81169586181642,200.76070247199127,69316234.1,0.55000902018132,10.883648036260183,-2.9978600253606102,-1.8326170463155322,0.18180690528333265,0.16081866593591343,-1.2226315741891924
2025-11-18,227.3685760498047,238.29021070721888,225.3828242939112,225.3828242939112,60417978,230.94292907714845,233.4499412536621,182.61469523111978,55.82800086753387,10.734270517524493,14.566292212224774,-3.8320216947002805,259.24837832469683,233.4499412536621,207.65150418262738,67874000.5,0.8901490637788471,11.219671984835927,1.103754242220556,2.0307929943259806,-2.518248208944085,-3.9498995666181425,-3.5935353819261273
2025-11-19,223.39706420898438,235.3115743001302,221.41131252712674,231.34007093641492,49332432,229.85076293945312,234.44281692504882,184.07918701171874,53.030797623632864,9.392458111081112,13.531525391996041,-4.139067280914929,256.6765976457651,234.44281692504882,212.20903620433248,64040073.45,0.7703369053521908,11.577083956591597,-1.7467285540594513,-0.23030738201144096,-0.6577934530601293,1.1033037150315117,-0.8904487431288799
2025-11-20,228.85789489746094,234.81515029609332,227.36858104780285,231.3400846468911,30249611,227.269287109375,235.55980224609374,185.63469263712565,56.27487037777343,8.669765846297878,12.559173482856409,-3.8894076365585306,253.76664381917672,235.55980224609374,217.35296067301076,61982591.3,0.4880339844713785,11.555884240660577,2.4444505158617735,0.2565641148130293,3.183733789520926,1.785715449942571,4.074378378556531
2025-11-21,227.3685760498047,230.8436416226183,223.89351047699108,224.38994841596445,36622241,226.37569885253907,235.70873336791993,187.05781478881835,55.155989786755434,7.885947145628478,11.624528215410823,-3.738581069782345,253.57643541943258,235.70873336791993,217.84103131640728,57090315.25,0.6414790466584436,10.941783827989461,-0.6507614029760855,0.5422820276357987,-3.614843327615369,-1.4619852372294129,-3.0917466003484773
2025-11-24,230.84364318847656,233.32583290018061,225.87926376506846,230.34720524613573,33597099,227.56715087890626,234.91443252563477,188.61332041422526,57.28982456720576,7.4591891644781185,10.791460405224282,-3.332271240746163,252.11939013532077,234.91443252563477,217.70947491594876,53021495.1,0.6336505399675159,10.475755202272486,1.5283849681631656,-0.04305999745704003,0.2621560052100236,-1.4619852372294129,-3.0917466003484773
2025-11-25,226.87213134765625,236.30445190696798,225.87925549930765,234.81513813444508,30233953,227.46786193847657,234.0456657409668,190.13572998046874,54.12030161855732,6.723013856736685,9.977771095526762,-3.254757238790077,251.0195041284251,234.0456657409668,217.0718273535085,50555833.75,0.5980309443516991,10.469014029657533,-1.7204337039412043,0.27920716971145954,1.5391110399419539,0.7583205872659704,1.86450899023336
2025-11-26,230.34719848632812,230.8436364141004,225.8792571363778,228.85788470301134,18497341,228.8578887939453,233.27618637084962,191.70778325398763,56.39361104988963,6.346836121201022,9.251584100661615,-2.904747979460593,249.39209907143825,233.27618637084962,217.16027367026098,47305969.4,0.39101494451142144,9.735062729399543,1.5317294010636973,-0.12091894024681693,1.8481197988450715,3.697649533792924,0.40675364235596145
2025-11-27,234.31871032714844,236.30446210958192,230.34720676228153,231.34008265349826,29677726,229.9500518798828,232.63081741333008,193.30465876261394,58.90004732208226,6.2965971177418965,8.660586704077673,-2.3639895863357765,247.36952111986994,232.63081741333008,217.8921137067902,44665010.05,0.6644513449516173,9.231356181913442,1.7241415857966347,-0.44348084794223475,0.5289772806627235,1.8933402929671939,3.5446662859105693
2025-11-28,233.32583618164062,242.75815721877078,232.33296028299534,240.2759674721576,43745600,231.14150390625,231.93580474853516,194.95945205688477,58.00246148658591,6.1062763470967525,8.149724632681489,-2.043448285584736,244.99147357483102,231.93580474853516,218.8801359222393,44157113.5,0.9906806974599913,9.390534949095041,-0.4237280685445821,0.2105664976116417,0.261122848805706,-0.4955131423863057,0.13693129636136447
2025-12-01,227.3685760498047,233.32583131748515,227.3685760498047,233.32583131748515,20889242,230.4464904785156,230.69470977783203,196.52323150634766,52.80302588559066,5.412354406905308,7.602250587526253,-2.189896180620945,239.74941344711488,230.69470977783203,221.6400061085492,41624198.55,0.5018533143624936,8.932764973460495,-2.5531935208402246,0.19863050869839416,-1.027822462568817,0.342359815218507,-3.2037494063189564
2025-12-02,225.87925720214844,230.84363648131654,225.38281927423162,228.3614468417325,16400694,230.24791564941407,230.17344970703124,198.05391515096028,51.55869047038756,4.688198056721092,7.019440081365222,-2.33124202464413,239.06728480766276,230.17344970703124,221.27961460639972,38658055.75,0.42425035821932144,8.469838604610418,-0.6550240466519086,0.0608734112671927,0.8109719183892139,1.4888372559487495,0.5449042075077015
2025-12-03,230.84364318847656,234.31870878486222,227.8650155344317,228.3614534767725,21462018,230.34720458984376,230.12380599975586,199.65906448364257,55.3369322003173,4.46343172934121,6.50823841096042,-2.0448066816192103,238.9895949331445,230.12380599975586,221.25801706636722,36265156.25,0.5918082319030405,8.465787001690867,2.1978051671585286,0.01911236723253218,0.8299495511413513,1.3141813135169933,-2.42874671979183
2025-12-04,234.31871032714844,235.80802416397353,231.83652059910662,232.82939649032335,16176156,230.34720458984376,229.92523117065429,201.33040568033854,57.81716243821285,4.513680769044868,6.10932688257731,-1.5956461135324425,238.1775545175302,229.92523117065429,221.67290782377836,35159925.4,0.4600736723974961,7.998932864865013,1.5053770121946197,-0.2780117606670518,0.009613468300440076,3.9819003919386198,2.0777636153460177
2025-12-05,235.31158447265625,236.30446035650712,233.3258327049545,234.8151465307308,14518185,230.74435424804688,230.0493408203125,202.97692489624023,58.52582082718291,4.580815352852682,5.803624576632385,-1.222809223779703,238.55629876064654,230.0493408203125,221.54238287997845,34430985.45,0.4216604552629788,7.32955883642336,0.4237280685445821,0.16062935130458644,0.6662167696174004,-1.9727303145215203,-1.9347051299564155
2025-12-08,235.31158447265625,238.29021212420886,232.82939476302906,236.80089829843254,16194438,232.33295593261718,230.3968475341797,204.6068962097168,58.52582082718291,4.581210649535706,5.559141791213049,-0.9779311416773435,239.1769278456985,230.3968475341797,221.6167672226609,33470207.85,0.48384635292905714,7.080393306390887,0.0,-0.2901310503285237,1.1539613810094718,0.5918882126695779,0.5343157267708953
2025-12-09,237.7937774658203,239.28309131216156,235.80802567069864,237.7937774658203,24406449,234.71585998535156,230.84364166259766,206.2120455423991,60.45216788593341,4.727322523604869,5.392777937691413,-0.6654554140865443,240.18545818995327,230.84364166259766,221.50182513524206,33264619.05,0.7337059523608163,6.665875110806144,1.0548537160746996,-0.3494935499670837,-0.42813960011827135,0.05884490126983888,-2.616508695748121
2025-12-10,243.7510223388672,246.7296499030896,236.80089135568156,239.28308099253357,64133919,237.29733581542968,231.58829803466796,207.99094797770184,64.69091744970143,5.26314683049921,5.366851716252972,-0.10370488575376235,242.50518326235425,231.58829803466796,220.67141280698166,35094171.6,1.8274806349895434,7.100926235686398,2.505214785909682,-0.043961550810267536,0.7739912655269743,0.14701124359208784,-0.8396337249982233
2025-12-11,234.31871032714844,246.23322102174922,234.31871032714844,246.23322102174922,45577817,237.29733581542968,231.21596984863282,209.38924814860027,54.69504998136107,4.870538171655397,5.2675890073334575,-0.3970508356780602,241.1336209346665,231.21596984863282,221.29831876259914,33044729.85,1.3792764294606572,7.742737496874982,-3.869650236217581,-0.23755066327988406,-1.3238408398111412,-2.906633601032893,-3.683318602493768
2025-12-12,235.80801391601562,236.80088976408305,231.8365105237459,235.80801391601562,17022364,237.39662170410156,231.41454467773437,210.82064412434895,55.85491980656786,4.626238931255386,5.139318992117843,-0.5130800608624568,241.54134304782883,231.41454467773437,221.2877463076399,31363990.85,0.5427359063267932,7.3722897293366065,0.6355888468265514,0.33175603858714986,0.618273245078016,2.812217026474406,2.835160418175553
2025-12-15,229.3543243408203,233.3258277926094,229.3543243408203,231.34007606671486,16519673,236.20516967773438,231.63794174194337,212.169300587972,49.8938999867236,3.867291481282507,4.884913489950777,-1.01762200866827,241.34688177358072,231.63794174194337,221.929001710306,30283746.8,0.5454963386498793,7.249809708784435,-2.736840647618466,0.449008499969894,-1.1741252883312847,-3.794118791871437,-4.103433464502926
2025-12-16,221.41131591796875,228.85788483897667,218.43268834956558,228.36144691090948,26356995,232.92867736816407,231.34007873535157,213.27801183064778,43.710759421416185,2.594972533967649,4.426925298754152,-1.8319527647865028,241.9264020717843,231.34007873535157,220.75375539891883,28580697.65,0.9221956483626984,7.7393865464471405,-3.4632041256166812,0.027453065033000712,-1.1852011859090683,-2.598592414668166,-0.802325216038946
2025-12-17,219.42556762695312,223.89350904922142,218.92912969114553,222.90063317760624,13862246,228.06358642578124,231.14150390625,214.32053146362304,42.29945627361309,1.4101618422414504,3.8235726074516116,-2.4134107652101613,242.47760464125764,231.14150390625,219.80540317124235,26807188.35,0.5171092849802728,7.36938558799764,-0.8968594413445996,0.4478345884427748,-0.04172704427407581,0.12555021525160193,-0.11233473736065314
2025-12-18,216.4469451904297,221.41132466727439,216.4469451904297,218.43269698116757,15329777,224.4892333984375,230.52095642089844,215.05691452026366,40.20263038583013,0.22821023022913778,3.104500132007117,-2.8762899017779793,243.60708975289933,230.52095642089844,217.43482308889756,26061196.65,0.5882222986871173,7.048718106510582,-1.3574637034037051,0.518285581531619,-0.20577756708046735,-0.9717844217523863,-0.20242549135331966
2025-12-19,220.41844177246094,222.90063143206072,218.4326900447811,220.41844177246094,15038426,221.41131896972655,230.17344970703124,215.77674942016603,44.17611095701189,-0.38360637925072183,2.4068788297555495,-2.7904852090062713,243.9623146915261,230.17344970703124,216.38458472253637,24982005.9,0.6019703165629307,6.969380524526642,1.834859151528856,-0.37303888670811025,0.8293866411184903,1.329532840336456,-0.9691180757758322
2025-12-22,224.38995361328125,225.87926746469682,221.90776386092196,222.90063976186568,9902367,220.41844482421874,229.85076522827148,216.60414606730143,47.904134312226994,-0.5417625346552484,1.81715055687339,-2.3589130915286383,243.87366342500061,229.85076522827148,215.82786703154235,23797269.3,0.416113583250495,6.768239880221208,1.8018056061389398,-0.032362001212404845,1.6366453414191628,0.09371948563838828,1.5020471446272943
2025-12-23,220.91488647460938,225.87926594594893,220.91488647460938,225.87926594594893,10263772,220.31915893554688,229.55290298461915,217.30743331909179,45.068048852798896,-0.9367134534029162,1.266377754818129,-2.2030912082210454,244.08599539797353,229.55290298461915,215.01981057126477,22798760.25,0.4501899176732647,6.527725159036988,-1.5486732283303883,0.08982802507242482,0.571339720700248,-0.15605801860081314,1.7488766537401057
2025-12-24,220.91488647460938,225.38282799881497,220.41844852747542,222.40420031601124,10599782,220.6170227050781,229.0812873840332,218.1844736735026,45.068048852798896,-1.2354731367134377,0.7660075765118157,-2.0014807132252534,244.10959176778346,229.0812873840332,214.05298300028295,22403882.3,0.473122553406737,6.319279067343998,0.0,-0.13541653938790033,0.21726860803557013,-1.094090470851028,-3.0189494568178654
2025-12-26,222.40419006347656,223.3970659119742,220.41843836648124,222.40419006347656,7757035,221.8084716796875,228.4855613708496,219.14425354003907,46.63828685582771,-1.3366598030247303,0.3454741006045065,-1.6821339036292369,243.5841316759656,228.4855613708496,213.3869910657336,21307847.75,0.36404591824624805,5.873858864430527,0.6741526624274741,0.2562756491433227,0.6486648427758146,1.2310600756632262,-0.15696010465627852
2025-12-29,220.91488647460938,224.38995210454706,220.91488647460938,223.39707621027915,10282169,221.9077606201172,227.86501388549806,220.01302007039388,45.245450609709785,-1.51950936003837,-0.02752259152406883,-1.4919867685143011,243.14505035891202,227.86501388549806,212.5849774120841,19634676.2,0.5236739783872779,5.554019766498149,-0.6696382781467003,-0.602469435943731,0.8925301842964695,-0.31181638635569,-0.9207245043102108
2025-12-30,223.8935089111328,224.88638478213562,218.9291295561188,220.91488129812439,19193078,221.8084716796875,227.69126052856444,220.9314303080241,48.55463256831307,-1.4078403073772279,-0.3035861346947007,-1.1042541726825272,243.07375427713512,227.69126052856444,212.30876677999376,19549868.0,0.9817497488985604,5.6077844944339725,1.348312231944493,-0.1982110917127744,-0.360140777928486,1.5326848348009126,0.22665544450712893
2025-12-31,229.3543243408203,230.8436381352412,220.91487950576848,223.8935070946103,33869775,223.4963592529297,227.86501388549806,221.93258005777994,54.038888193729775,-0.8686859405893017,-0.4166060958736209,-0.4520798447156808,243.23983206500085,227.86501388549806,212.49019570599526,20423322.05,1.6583871574409217,6.183914379105807,2.439023559122022,-0.23692492856227654,0.893397362684345,1.5326848348009126,0.22665544450712893
2026-01-02,239.2830810546875,241.2688327646849,228.36144664970178,230.84363628719854,52538458,227.1699981689453,228.2869857788086,223.0164695739746,61.97583026392999,0.35566557683898736,-0.26215176133109924,0.6178173381700867,244.449109997789,228.2869857788086,212.1248615598282,21977144.05,2.390595333063761,7.080377277222783,4.329003493787664,0.1917140625415037,1.3334355629436079,1.5326848348009126,0.22665544450712893
2026-01-05,242.26171875,247.22609823258196,237.297339267418,243.25459464651638,64011196,231.14150390625,228.68413619995118,224.00107167561848,63.985162009019795,1.5484742960816504,0.0999734501514507,1.4485008459301998,245.83071556101578,228.68413619995118,211.5375568388866,24368896.05,2.6267581374495625,7.460161502281605,1.2448175116199556,0.1763399560895884,2.5731972423427285,2.5878045376946046,1.7639055408126714
2026-01-06,251.69403076171875,252.19046869221526,245.24033766526443,246.2332135262574,60788349,237.29733276367188,229.5032585144043,225.1263308207194,69.48436206845912,3.2177997574364383,0.7235387116084483,2.49426104582799,249.33750626284333,229.5032585144043,209.66901076596528,26682404.25,2.2782185754493995,7.789306627606092,3.893438905819191,0.3695945317161664,1.5653914873574148,0.060056806412167596,-0.24443880896056758
2026-01-07,251.19760131835938,258.1477325801322,250.70116337108988,255.16910489651525,46724102,242.75815124511718,230.29755935668945,226.27641220092772,68.88816923150603,4.449404539284757,1.46871187714371,2.980692662141047,252.26848347060724,230.29755935668945,208.32663524277166,28208887.45,1.6563610345433883,7.7436083051309215,-0.19723528677140223,0.055600146772261105,-0.46058572988449953,0.27011191005656965,-3.1855679624033795
2026-01-08,235.80801391601562,254.6726550292969,234.31870014391447,254.17621710526316,55632145,244.04888916015625,230.19827117919922,227.26101404825846,53.548908479087004,4.135972201921561,2.0021639420992803,2.1338082598222807,252.0441515142321,230.19827117919922,208.35239084416634,29770172.25,1.8687209644882052,9.424987849164456,-6.126486607186788,-0.13653985571981941,-0.2461598922053443,-4.609399445682117,-2.6000928738279305
2026-01-09,239.77952575683594,242.75815340598916,232.82939457547837,236.80089810768268,24148362,244.14817810058594,229.99969635009765,228.4110954284668,56.25593490133797,4.1600877288742595,2.4337486994542763,1.7263390294199832,251.39441558142735,229.99969635009765,208.60497711876795,27770894.4,0.8695565094943432,9.492157313343967,1.6842141091247154,0.304299038122946,-0.23579889662018738,0.21964199838957477,1.181199881542283
2026-01-12,245.73678588867188,251.19760335286458,240.7724063757694,242.7581581809304,30539951,244.84319152832032,230.57060012817382,229.6108205159505,60.01966431929587,4.60679628354066,2.8683582162715533,1.738438067269107,253.0332945118332,230.57060012817382,208.10790574451445,27019001.1,1.1303138442079563,9.74894668436859,2.484474065511866,0.15374978232687297,0.918909452108041,0.21964199838957477,1.181199881542283
2026-01-13,258.6441650390625,258.6441650390625,246.2332166206814,250.20472011456334,88826520,246.23321838378905,231.71240768432617,230.95120290120443,66.70411859226797,5.933930994680367,3.4814727719533156,2.452458222727051,257.3878724783154,231.71240768432617,206.03694289033695,30609208.9,2.901954124008739,10.17007101317153,5.252522166639784,-0.07406428934867426,0.4577823055845309,3.5691918054417737,-1.821151064613169
2026-01-14,276.51593017578125,282.96962333966843,263.6085438480069,266.090733526425,129994906,251.29688415527343,234.07048797607422,232.50670852661133,73.3485084200305,8.331753631184142,4.451528943799481,3.8802246873846613,266.5858262390211,234.07048797607422,201.55514971312735,36282970.55,3.5828076926849093,12.05745598482945,6.909788641092907,0.1488727455515093,0.7638548470983331,4.141470678138481,-2.8299702552017636
2026-01-15,271.5515441894531,282.9696164314228,270.5586683423253,278.0052371957838,73910284,258.4455902099609,236.57749938964844,233.7891731262207,69.21653769356946,9.719421445704398,5.505107444180465,4.214314001523934,272.53301904291686,236.57749938964844,200.62197973638,38660635.0,1.911771081876953,12.104588265398526,-1.7953345339533522,-0.335893987830016,-0.4240196321329548,-1.306238198237275,0.04895143197567453
2026-01-16,280.98388671875,281.97676264355124,266.09074784673146,277.01238301954504,80940978,266.68646240234375,239.6554153442383,235.07991205851238,72.39812102408554,11.448300517016548,6.693746058747681,4.754554458268867,279.7318272522773,239.6554153442383,199.5790034361993,42014571.6,1.9264977582206264,12.608778469588026,3.4734998681194007,0.16978112646923726,1.9412784151040752,0.41176415586063886,2.152634327339986
2026-01-19,293.3948059082031,297.86274711492706,276.0194789931657,282.9696097591807,102642142,276.21806640625,243.50280838012696,236.52785568237306,75.92408383958161,13.662415274416759,8.087479901881498,5.574935372535261,288.65122936344386,243.50280838012696,198.35438739681007,46380189.85,2.2130599795291697,13.84004375654447,4.416950500039096,0.13876592712758207,0.7341591644532297,0.5565342807055895,-3.568004867199648
2026-01-20,287.43756103515625,289.9197506814011,282.9696196719155,286.94112310590725,53527680,281.97674560546875,246.85376434326173,237.5786491394043,71.22109533799032,14.766201715277333,9.423224264560666,5.342977450716667,294.6584128707107,246.85376434326173,199.04911581581274,48304652.55,1.1081267988542856,13.384729420510226,-2.030453420811673,-0.1866616541035815,0.3814914160573224,-3.699392512012789,-1.6389360888739657
2026-01-21,275.5230407714844,285.4517989974838,275.02660286018437,279.9909819731841,55567948,281.7781677246094,249.41041870117186,238.05853881835938,62.83752147623922,14.512269797877735,10.44103337122408,4.071236426653655,297.6241446071406,249.41041870117186,201.19669279520312,50587931.6,1.098442775628328,13.254893254438446,-4.145081185897837,0.4225198331249791,-1.617195376823788,-0.18148583570365417,-0.12623123052488694
2026-01-22,293.8912658691406,297.8627694619669,284.4589448361784,285.4518207343849,74378339,286.24611206054686,253.05923767089843,238.88593546549478,68.91293195852958,15.613209815706739,11.475468660120612,4.137741155586127,303.1999844116561,253.05923767089843,202.91849093014076,53793659.95,1.3826599467136647,14.466204645910986,6.666674789238636,-0.13351674979606987,1.5992608141158327,1.0303069906034024,0.8088984688186862
2026-01-23,289.4233093261719,302.3306953338571,288.4304334794269,299.84850571699457,41415635,287.9339965820312,256.4846588134766,239.61404418945312,66.08293037336767,15.94142315598316,12.368659559293121,3.572763596690038,306.73951454349344,256.4846588134766,206.22980308345973,55334452.6,0.7484601916889659,14.390745607046881,-1.52027537455236,-0.1769903822365304,0.6786024824792181,-0.05999214395631114,0.3009013815283179
2026-01-26,284.95538330078125,291.9055146008003,282.9696315007758,291.4090766507989,24134135,286.24611206054686,259.6122184753418,240.24286575317382,63.28418826565504,15.66048596863601,13.027024841161701,2.633461127474309,308.7089783747691,259.6122184753418,210.51545857591452,56153307.6,0.4297900877347428,13.663430606110566,-1.5437339984097131,-0.6750241196508577,0.32229317820207104,-4.5918359044999075,-4.050000683971855
2026-01-27,292.89837646484375,292.89837646484375,285.9482454978814,286.44468342409294,28168249,287.33827514648436,263.21139297485354,241.0040705362956,66.03797359751374,15.895540493418707,13.600727971613104,2.2948125218056035,310.89729483742656,263.21139297485354,215.52549111228052,57047611.6,0.4937673674667915,12.900705613837491,2.787451520323936,0.22218190498228818,0.7902828245345717,1.5413631437085407,0.7556060524520625
2026-01-28,283.466064453125,294.88413710184983,279.9909988643827,294.88413710184983,45089194,288.9268798828125,266.1900207519531,241.52533035278321,60.25818872184544,15.146119114539658,13.909806200198416,1.2363129143412426,310.8834822162253,266.1900207519531,221.49655928768098,58342417.4,0.7728372599110026,13.166363296988115,-3.2203360515557167,-1.050238363220013,1.5035014375913036,-1.2701324498204714,0.02585866280819804
2026-01-29,275.026611328125,283.96249400665613,273.04085962178476,283.96249400665613,37547222,285.15394897460936,268.47363510131834,242.1706995646159,55.57165150877248,13.71312753861406,13.870470467881544,-0.15734292926748417,309.7813889977849,268.47363510131834,227.16588120485176,58526289.75,0.6415445462267664,12.867066108705883,-2.977235790563415,0.5120485824171128,-0.8156086050381428,-1.6316329018517206,0.3619468062261433
2026-01-30,275.5230407714844,279.9909819731841,272.04797539238456,276.0194786827843,23058464,282.3738952636719,270.2856330871582,242.89880828857423,55.78946744578467,12.473739592403376,13.591124292785912,-1.1173847003825355,309.3187066951209,270.2856330871582,231.2525594791955,57052290.05,0.4041636887807977,12.210524838318369,0.1805023306515885,0.29453572698179276,-1.4522855203057627,0.03190013073708364,2.0607884791807196
2026-02-02,256.1619873046875,268.07649834211486,253.6797975052235,265.097870582758,41081621,276.61521606445314,270.98064651489256,243.19667129516603,46.26322695052982,9.81608677004482,12.836116788237694,-3.020030018192875,308.37325960391325,270.98064651489256,233.58803342587188,55905811.3,0.7348363263981468,13.49488729537737,-7.0270179265532695,0.7056381660207167,-1.3713951210479136,-1.6262778281728507,0.22716011288641536
2026-02-03,264.6014099121094,268.0764753330939,257.6512790701403,268.0764753330939,21647266,270.95582275390626,271.6260154724121,243.72620493570963,50.25092928302007,8.295246199614667,11.92794267051309,-3.6326964708984235,308.050058371565,271.6260154724121,235.20197257325924,53948757.15,0.40125606489527815,13.28416739311458,3.294564777631792,-0.018679128920895405,1.8066327752278566,7.5526768713854775,11.43288966351108
2026-02-04,265.0978698730469,266.0907457901744,259.1406143702818,260.6299282459731,13702046,267.2821838378906,272.3210289001465,244.3384785970052,50.483714493535544,7.048775365539143,10.952109209518301,-3.9033338439791585,307.6168091373876,272.3210289001465,237.02524866290537,52297654.35,0.26200115799266244,12.439629263351652,0.18762559167859738,-0.012352394174863779,0.2933689007004636,0.12055545082807484,-2.7344669499464236
2026-02-05,256.1619873046875,264.1049946629724,255.1691113849019,262.61568078329395,18218586,263.50925903320314,273.3387275695801,244.7935468037923,46.28560054354142,5.279033790761446,9.817494125766931,-4.538460335005485,305.2092308026267,273.3387275695801,241.46822433653352,50426976.4,0.3612865037849067,12.104846493324096,-3.370786258161451,0.26573312511892766,-1.5129881759937458,-1.1137896154563731,0.16263773669660253
2026-02-06,246.7296600341797,252.19047745948345,241.76528055663078,248.71541182519923,29232914,257.7505828857422,273.6862342834473,245.09140955607097,42.288111324821855,3.079887831214023,8.469972866856349,-5.3900850356423256,304.13591622121265,273.6862342834473,243.2365523456819,50681204.0,0.5767999118568691,12.41042786062178,-3.6821728976082158,-0.026220914336294587,-0.057700870579924235,-2.070015707137396,0.3247587464799473
2026-02-09,248.21896362304688,255.1690946044922,248.21896362304688,255.1690946044922,15911554,256.16197814941404,273.810343170166,245.1989710489909,43.12337628851121,1.4406166354530114,7.0641016205756815,-5.62348498512267,303.7970841595476,273.810343170166,243.82360218078438,49949784.15,0.3185510061908846,11.880962088580544,0.6036175742555105,-0.2331814588317105,1.9560796184812101,1.6164172504865348,4.9942202013252945
2026-02-10,252.1904754638672,256.16197901447924,248.7154098570816,253.6797892953467,17436262,253.67979125976564,273.48765869140624,245.53820368448893,45.39305391027212,0.45668582681162206,5.74261846182287,-5.285932635011248,304.2893853419387,273.48765869140624,242.68593204087375,46380271.25,0.3759413545905038,11.355902528960787,1.600003393315097,-0.043710449322398315,2.0625133919167205,1.5295198092137197,2.1581143741346676
2026-02-11,254.1762237548828,254.1762237548828,250.70115819573402,254.1762237548828,16638142,251.4954620361328,272.3706733703613,246.0263676961263,46.541731827463146,-0.16099726018319416,4.561895317421658,-4.722892577604852,304.3092763094644,272.3706733703613,240.43207043125824,40712433.05,0.4086747156468459,10.305124266319186,0.7874001931925223,-0.2613923188501621,1.6108084869157713,1.5295198092137197,2.1581143741346676
2026-02-23,279.49456787109375,279.49456787109375,275.52306424237486,279.49456787109375,35101227,256.16197814941404,272.76782455444334,246.89513422648113,58.5219450943623,1.3765946924409604,3.9248351924255185,-2.548240499984558,304.86070790415084,272.76782455444334,240.6749412047358,38771980.2,0.9053245879868679,12.30688691297142,9.960941169944725,-0.21533548382927092,0.49857829689010646,0.24549596349081604,-0.14684137481167925
2026-02-24,298.85565185546875,301.8342796148256,283.4660750987918,284.95538897847024,80384639,266.58717651367186,273.6614128112793,248.15277735392252,64.9843091110175,4.110046999461929,3.961877553832801,0.14816944562912804,307.65639254718013,273.6614128112793,239.6664330753785,38744163.25,2.074754808390397,13.644596890406147,6.927177201277335,-0.24182185904723097,2.7464288213389976,10.068025203659836,-0.42016967721644205
2026-02-25,297.8627624511719,304.31645563761396,289.91975545247396,303.8200177001953,36041452,276.51593627929685,273.8848106384277,249.3028584798177,64.42991768808814,6.12559769209048,4.394621581484337,1.730976110606143,308.4792396511477,273.8848106384277,239.29038162570777,35414128.75,1.0177139258296732,13.744877329703993,-0.332230425669533,-0.18355200278042938,2.052545137509143,4.400493838112052,0.3375582014381484
2026-02-26,295.87701416015625,297.8627659330432,286.94113118216495,296.373452103378,45762837,285.2532440185547,274.30678329467776,250.4446657816569,63.26740941243357,7.476518197948167,5.011000904777103,2.4655172931710636,309.7916880701015,274.30678329467776,238.82187851925406,35025886.6,1.3065432867586568,13.36844498586056,-0.6666655055081461,-0.3441994373834856,0.004004083061670549,-3.196778664487987,2.207735604895733
2026-03-02,289.9197692871094,295.3805868592981,279.9910100649481,279.9910100649481,29397290,292.401953125,275.026619720459,251.42926788330078,59.78252279313986,7.9745073998677185,5.603702203795226,2.3708051960724923,311.1929619612673,275.026619720459,238.86027747965068,33717353.7,0.8718741767685048,13.704119533773572,-2.0134192884014523,0.4102837192432096,-0.901886354995296,-1.0467383597435598,-3.6296118879569073
2026-03-03,278.5016784667969,296.86988185943767,278.00524053726605,296.37344392990684,41369700,292.2033752441406,274.2571403503418,252.28976033528645,53.679439492540986,7.362947451034813,5.955551253243144,1.4073961977916696,309.37312761235046,274.2571403503418,239.14115308833314,32066921.75,1.290105122110762,14.392189105559979,-3.9383622746350544,0.5099596730266498,-2.1981462640061733,-8.241081598006039,-10.378779215858202
2026-03-04,257.15484619140625,273.0408598557402,254.17621862934362,268.07648058563586,41218019,283.86321411132815,272.6437171936035,252.73655446370444,44.52724024322373,5.097015600766667,5.783844122747849,-0.686828521981182,307.79090474305565,272.6437171936035,237.49652964415137,32057040.95,1.2857711684708693,15.71662520314575,-7.664884604254052,0.6310429867452783,-4.35492612031565,-1.9571075423372997,0.5014393089057378
2026-03-05,265.59429931640625,272.54443051347107,262.11923371787384,269.06936491493866,24941339,277.409521484375,271.67566299438477,253.25781428019206,48.281537455049545,3.9368599491233454,5.414447288022949,-1.4775873388996033,306.4597106279978,271.67566299438477,236.8916153607717,32097401.15,0.7770516648199103,15.673019752334959,3.2818565350770434,-0.32772450369655814,2.5710975461891383,4.129069717996692,4.252791378188636
2026-03-06,263.11212158203125,267.5800632692733,260.13349379053653,264.10499751252945,15045724,270.85654296875,270.1863502502441,253.75425237019857,47.26827514896365,2.7850331099185155,4.888564452402062,-2.1035313424835467,303.6707911992412,270.1863502502441,236.70190930124704,31441274.9,0.47853415765910945,14.5761597158552,-0.934574929041665,0.8722728245506239,-0.21798613570590541,-0.656512637332729,2.0054680899083577
2026-03-09,246.7296600341797,246.7296600341797,238.29021492234656,240.77240466112102,28977441,262.21852111816406,268.3495300292969,254.0769371032715,41.13265452230602,0.5440033761269092,4.019652237147032,-3.4756488610201224,302.78367562259837,268.3495300292969,233.9153844359954,30635687.25,0.9458720727735592,15.942259308365797,-6.22641839887409,-0.3247034292450657,-4.431963003584727,-8.194553689120132,-6.166214701597883
2026-03-10,256.6584167480469,262.1192341256649,251.19759937042886,258.1477305783063,21214420,257.84986877441406,267.43112030029295,254.5899230957031,45.73040813869564,-0.4259510464056575,3.130531580436494,-3.5564826268421514,302.0944742379832,267.43112030029295,232.76776636260269,29819047.15,0.7114385611748161,15.86856794611505,4.024143960840276,-0.0009416103239789919,2.0599268819414984,5.729914739519226,5.142857679404256
2026-03-11,262.61566162109375,265.5942891631099,261.12634785008566,262.1192236974244,18310659,258.94203186035156,266.78575134277344,255.11945673624675,48.33764625882898,-0.7058108913216756,2.36326308608486,-3.0690739774065356,301.2950420766825,266.78575134277344,232.27646060886443,29581656.9,0.6189869303771149,14.944208541974783,2.321079101370316,-0.0883622645329818,4.095952619427945,2.342048599233282,-2.377726309472461
2026-03-12,249.70828247070312,258.64416534241815,248.2189686587506,258.1477274051006,25511803,255.76482849121095,266.4630661010742,255.37594960530598,43.46523969601708,-1.9466793528531525,1.5012745982972577,-3.44795395115041,301.5071766911451,266.4630661010742,231.4189555110033,28803166.0,0.8857291243608428,14.871206464690564,-4.914931223337926,0.11834075149077528,-1.560441591332784,-1.0111804049482642,0.7886785768886684
2026-03-13,256.1619873046875,257.65130118436593,244.2474762672602,244.2474762672602,14365883,254.3748016357422,266.0410949707031,255.72345631917318,46.37578702674861,-2.3818599060103907,0.7246476974357281,-3.1065076034461185,301.38157803829023,266.0410949707031,230.70061190311603,28439096.85,0.5051455422713257,14.675555591679254,2.584497706735678,0.26499563387061276,-0.5405866913823942,-1.8817179546989804,-0.8515431802177176
2026-03-16,258.1477355957031,259.6370494549091,253.1833560650165,258.1477355957031,14363549,256.6584167480469,265.69358825683594,256.10405883789065,47.27522990566074,-2.5372623571379336,0.07226568652099574,-2.6095280436589294,301.2093712915549,265.69358825683594,230.177805222117,28472172.0,0.5044767571648555,13.579307298107702,0.7751924131716326,0.8380462709563163,-0.1730779621546441,-1.178082541399017,-3.8765096388950204
2026-03-17,283.9624938964844,283.9624938964844,261.1263492824314,262.11922513521637,52742038,262.1192321777344,267.08361358642577,256.87353744506834,57.301769683315044,-0.5708047850856701,-0.056348407800337424,-0.5144563772853327,303.19971176096107,267.08361358642577,230.96751541189047,30198344.6,1.7465208341254572,15.210700765130841,9.999994089125352,-0.6781109201310698,1.481767774178122,5.406152350388882,1.8594469478302234
2026-03-18,278.5016784667969,293.89125428225265,274.5301750305502,289.919750846006,58759053,265.296435546875,268.67221450805664,257.4527150472005,54.922410041759356,0.5407513956080265,0.06307155288133537,0.4776798427266912,303.8002070123602,268.67221450805664,233.54422200375308,31674651.55,1.8550812755507644,15.76408456334039,-1.9230763030550713,-0.18782115046350745,1.5131788114791656,1.1046867758443657,3.935522535698177
2026-03-19,273.0408630371094,281.48030789462,270.0622354403409,271.55154923872516,31568415,269.96295166015625,269.91330947875974,258.0980842590332,52.571546129212564,0.9698457320099578,0.24442638870705988,0.7254193433028979,303.72806367444866,269.91330947875974,236.09855528307085,32457494.6,0.9726078795989386,15.184616282132222,-1.9607836691506786,0.45852337777712027,-1.9182699065508957,-2.497397882724406,-2.9425248013993377
2026-03-20,269.0693664550781,284.9553807107285,264.60142494567646,278.00524947388146,30413979,272.5444274902344,270.7572540283203,258.65244013468424,50.866291043622596,0.9781638382367532,0.39117387861299857,0.5869899596237547,303.5362497179503,270.7572540283203,237.9782583386903,33106380.45,0.918674243049122,15.873861546521532,-1.4545429346564442,-0.7152438188559485,-0.432775801380203,-2.497397882724406,-2.9425248013993377
2026-03-23,251.19760131835938,256.16198079105425,248.71541158201194,253.1833531074373,27422702,271.15440063476564,270.60832290649415,259.01649475097656,43.95657241759699,-0.452134167372094,0.22251226941598007,-0.674646436788074,303.7297994567339,270.60832290649415,237.48684635625443,33645608.45,0.8150455070756789,16.471207323394154,-6.642066085847976,0.6905285819817086,-2.448670019784016,-6.403416705603648,-3.995297544157206
2026-03-24,248.7154083251953,256.1619774367281,244.24746685827563,256.1619774367281,18074666,264.1049835205078,269.0693649291992,259.4715629577637,43.081243450375325,-1.7655951892567714,-0.17510922231857023,-1.5904859669382012,303.29422360269604,269.0693649291992,234.84450625570236,32794280.4,0.5511529992284875,15.863647757401928,-0.9881435890059409,-0.49873146018064585,-0.3369539785315956,0.9977181465204099,-0.24479897214841895
2026-03-25,258.1477355957031,261.12636331411505,255.16910787729117,255.66554583035983,13485912,260.03419494628906,267.0339691162109,260.11693242390953,47.37015938851575,-2.0221029860859403,-0.5445079750720443,-1.477595011013896,298.53358279615634,267.0339691162109,235.53435543626549,29449344.05,0.4579359043482668,15.403288721604303,3.7924177412341997,0.20024107948439784,2.535456425815963,3.3022847492585328,2.552146077061379
2026-03-26,260.13348388671875,266.09073924290317,257.15485620862654,257.15485620862654,13320530,257.4527191162109,265.14750518798826,260.845041402181,48.254170058869384,-2.041619453422811,-0.8439302707421977,-1.1976891826806133,293.2042115606771,265.14750518798826,237.0907988152994,28313297.95,0.47046903626428305,14.540967963293948,0.7692294051827808,0.03163401045052083,-0.3035017473458024,1.7213159238943732,0.33500493719424984
2026-03-27,258.1477355957031,259.14061150184045,251.69404220581055,256.16198378342847,11515166,255.26839294433594,263.26104125976565,261.4738629659017,47.39681775413831,-2.192051085480898,-1.113554433689938,-1.0784966517909602,287.42111401549613,263.26104125976565,239.10096850403517,26600914.4,0.43288609657719135,13.727431125642516,-0.7633574353236194,-0.018472719949447214,-0.6750069219611743,0.5909157615554328,0.6677845590941978
2026-03-30,256.1619873046875,256.1619873046875,248.21897994640264,251.69404566565225,12141845,256.2612701416016,261.57315216064455,262.00339686075847,46.50694690045078,-2.4433372581945605,-1.3795109985908625,-1.063826259603698,282.3747092568307,261.57315216064455,240.77159506445835,25738142.15,0.471745199371354,13.220941062130244,-0.7692294051827697,0.14719379020335932,-1.7951772733723503,-4.743935309973047,-4.3291078689308815
2026-03-31,241.76527404785156,256.65841207954674,241.26883611346173,254.67266034198738,19775373,254.87124328613282,259.73633193969727,262.3509033203125,40.561128165560184,-3.7608253483793987,-1.8557738685485696,-1.9050514798308291,280.730800161862,259.73633193969727,238.74186371753254,24658425.8,0.8019722410665809,13.510092382657545,-5.620159887232612,0.1938961860005195,-2.4453103067768933,-3.5370684776457217,-1.7000000000000015
2026-04-01,249.70828247070312,254.17622390656064,249.21184453338563,250.70115834533811,11740766,253.1833526611328,259.36400375366213,262.83079325358074,44.75749594018987,-4.116556651990436,-2.3079304252369433,-1.8086262267534927,280.81049382397526,259.36400375366213,237.91751368334897,23184563.15,0.5064044521365071,13.363540046131083,3.2854215536675557,-0.31555578204207624,4.5765864674125245,7.685538281020832,5.4425228891149535
2026-04-02,244.24746704101562,255.1691017461017,243.25459115873508,254.17622586382114,13335778,250.0061492919922,258.2966621398926,263.19484786987306,42.53419446510767,-4.783971791353196,-2.803138698460194,-1.9808330928930018,280.5472939916999,258.2966621398926,236.04603028808523,22604285.1,0.5899668112043056,13.17033611829582,-2.186877974433299,0.20069684313648306,-1.8158067453737603,-5.257423045491693,-6.150506512301012
2026-04-07,254.1762237548828,255.16909962892532,247.7225305736065,248.21896851062775,12566482,249.21184692382812,257.84986724853513,263.74920349121095,47.62812215779968,-4.46031962090035,-3.1345748829482254,-1.3257447379521246,280.052177625796,257.84986724853513,235.64755687127428,22480323.0,0.5589991745225369,12.870508980911005,4.06503978696322,-0.15330159053532633,2.0182425176967334,-0.5516154452324673,2.7715911902994383
2026-04-08,269.5657958984375,271.551547617763,262.1192269509669,265.5942924597865,22773371,251.89260864257812,258.99167404174807,264.5104082743327,54.378515097667304,-2.928257953157754,-3.093311496990131,0.16505354383237725,281.13478181819994,258.99167404174807,236.8485662652962,22170119.5,1.027210114947734,13.471150965173562,6.054685964016748,-0.06266985661774749,4.6089884909003676,5.652403592181732,5.947507825668197
2026-04-09,279.49456787109375,279.9910058246836,271.05512266006605,274.0337503816053,33963270,259.43846740722654,260.1334815979004,265.34607899983723,58.12829064366228,-0.9025154868436971,-2.655152294960845,1.7526368081171477,284.0537741518718,260.1334815979004,236.21318904392902,22807562.0,1.4891232127309355,13.065025493316568,3.6832462143665534,-0.5443006460909006,0.28704629430582607,-0.24999999999999467,0.9090909090909038
2026-04-10,282.9696350097656,289.9197663959704,280.9838831851357,287.93401457134047,31491661,266.0907379150391,261.151180267334,266.0741882324219,59.38651604446875,0.9721030888444488,-1.929701218199786,2.9018043070442348,287.15713648273874,261.151180267334,235.1452240519292,23466612.1,1.3419773108194002,12.713048564191244,1.2433397776355326,0.01702281183058041,1.596814237549693,3.9097744360902187,4.054054054054057
2026-04-13,301.33782958984375,308.784398690087,289.91975696947077,298.3592019497464,95999683,277.50881042480466,263.732657623291,267.0587900797526,65.31877548077675,3.8950123315825067,-0.7647585082433275,4.659770839825834,294.72745420091104,263.732657623291,232.73786104567097,26991006.1,3.556728587453433,14.459943913008596,6.491224607701884,0.1298647737427494,0.11141546387523071,0.5788712011577379,-1.904761904761909
2026-04-14,309.77728271484375,311.7630345271184,296.8698959350586,309.2808447617751,69139257,288.6290222167969,266.41342239379884,268.02684427897134,67.65637997293652,6.8138860635672245,0.750970406118783,6.062915657448442,303.35514086284843,266.41342239379884,229.47170392474925,29729674.8,2.325597486858484,14.51770320354876,2.8006616814381102,-0.39601185393721705,2.3657534273739955,3.812949640287777,0.3089143865842914
2026-04-15,319.7060241699219,329.63478268451576,314.24520698689525,319.20958624419217,74637775,298.6570678710938,269.49133682250977,269.1686513264974,70.20110763858702,9.81513817976014,2.5638039608470544,7.251334218913086,313.17582487414955,269.49133682250977,225.80684877086995,32743386.1,2.279476373398046,15.229676105698525,3.205122521594883,-0.3925227774549067,1.1737329455939083,4.412104412104423,-1.1658600967883848
2026-04-16,322.6846618652344,329.13835510253904,302.330706270658,317.7202824519231,67201907,307.2950866699219,271.4274452209473,270.61659545898436,70.93979309760512,12.292305230195382,4.509504214716721,7.782801015478661,320.86583640797426,271.4274452209473,221.98905403392033,33466379.55,2.0080423369249694,16.77340580252286,0.9316801905895122,0.22210138777056798,1.1161628904905463,6.017699115044239,13.064767415980416
2026-04-17,314.2452087402344,334.1027258802176,313.7487708117348,327.64903280972305,48902578,313.5502014160156,273.21462173461913,271.85769017537433,65.95135637327962,13.419789647428729,6.291561301259122,7.128228346169607,326.187643833705,273.21462173461913,220.24159963553325,32973555.8,1.4830847572708552,17.250812371317515,-2.615387132507907,-0.09180779659778704,-0.8824720325923185,-4.006677796327207,2.9921259842519587
2026-04-20,317.2238464355469,327.1526053224185,313.25234288079827,317.7202843798905,30695247,316.72740478515624,275.423770904541,273.0491411844889,66.83771019167166,14.387826432665747,7.910814327540448,6.477012105125299,331.9333787500749,275.423770904541,218.91416305900717,32929897.4,0.9321391629966026,16.80407238069121,0.9478705203663784,-0.28518965390006423,0.41968131518117513,3.0000000000000027,-2.828746177370034
2026-04-21,320.69891357421875,326.65616893473054,314.74165821370696,323.67754125447465,32767915,318.91173095703124,278.00524826049804,274.0833869934082,67.88798995299592,15.25950931042172,9.380553324116704,5.878955986305016,337.9078438120872,278.00524826049804,218.10265270890886,33047594.2,0.9915370783631808,16.152130826068863,1.0954621406048526,-0.15571306004650287,1.748727177527587,1.5196285352469419,1.337529504327306
2026-04-22,313.2523498535156,326.6561746491494,313.2523498535156,326.6561746491494,29016493,317.62099609375,281.10798568725585,274.6956606547038,63.26422178773375,15.17452631885908,10.53934792306518,4.635178395793901,341.58972399417763,281.10798568725585,220.6262473803341,33127283.75,0.8759092118441495,15.785690022010854,-2.3219797154004906,0.20051473340130244,0.7269208348100964,2.099792099792097,4.833074534161486
2026-04-23,292.89837646484375,317.7202727754237,287.4375592765162,313.74876936573094,56753431,311.6637390136719,283.31713409423827,275.05144119262695,52.69890208237057,13.311336339263732,11.09374560630489,2.2175907329588433,342.01855645453236,283.31713409423827,224.61571173394415,35061222.0,1.6186951783939534,17.718626485597078,-6.497628317294312,-0.04828048118112882,-0.4338092798431781,-1.995520260639383,-1.4256619144602856
2026-04-24,294.8841247558594,298.85562811957465,287.9339938693576,293.3948109944661,31605205,307.79152221679686,285.1539535522461,275.28311182657876,53.514547156326365,11.858283240695812,11.246653133183074,0.6116301075127382,342.8293414008987,285.1539535522461,227.47856570359346,35967186.65,0.8787233015346225,16.812360854213072,0.6779649361607021,0.2008465924816294,3.230220091059155,2.555578641180145,1.0330578512396604
2026-04-27,302.8271484375,307.79152792008193,290.4161997310451,297.862768954918,32412418,304.9121826171875,287.2886367797852,275.44031753540037,56.72876722067285,11.218345713678673,11.240991649282194,-0.022645935603520684,344.2203959159729,287.2886367797852,230.35687764359744,36921781.05,0.8778671309519616,16.887423165522907,2.69360844305091,-0.28544291350430795,1.757483474460031,-0.4051863857374438,1.059676519799213
2026-04-28,324.1739807128906,326.6561704580123,304.81290070094155,307.7915283950876,49765073,305.60719604492186,290.5899490356445,276.05259119669597,63.94424923602213,12.29200696987948,11.451194713401652,0.8408122564778289,348.0615583473158,290.5899490356445,233.11833972397326,38834276.4,1.2814729052090694,17.812969679521494,7.049180493074703,0.04993443489185179,-0.23954193004298574,-1.5459723352318933,-1.5084621044885949
2026-04-29,319.7060241699219,326.1597172044079,315.23808283835467,322.6846517243,27495750,306.89793090820314,293.76715087890625,276.78897425333656,61.62790207240704,12.636696526496564,11.688295076020633,0.9484014504759308,350.2421140626386,293.76715087890625,237.29218769517388,39601971.65,0.6943025524841514,16.89412497105906,-1.3782588390170214,0.18216274879112593,-0.5521784247846995,-1.5459723352318933,-1.5084621044885949
2026-04-30,314.74163818359375,330.6276514673083,314.74163818359375,320.6988931649867,34586570,311.26658325195314,297.41596908569335,277.13648045857747,59.06759119219041,12.366725114378312,11.82398108369217,0.5427440306861424,348.95891674559164,297.41596908569335,245.87302142579506,40342531.5,0.8573227488215508,16.759710079413125,-1.5527971358117343,0.3601646494638011,-0.9588741301665205,6.528925619834713,7.975345536047818
2026-05-04,340.05999755859375,342.54218732179515,311.7630342580976,324.670421026745,53410771,320.3017578125,301.9335548400879,277.98042526245115,66.67219698609549,14.033975894178866,12.26598004578951,1.767995848389356,351.6771639726124,301.9335548400879,252.18994570756334,42426031.75,1.2589150763552144,18.62896914398438,8.044172204578604,-0.047513033458257414,4.5688819420590665,-0.3491078355314148,-3.9785504238021074
2026-05-05,346.0172424316406,354.9531253064893,338.57067336926673,342.0457389317079,38973625,328.9397766113281,307.0220436096191,278.9981229146322,68.17061249752206,15.655516969146845,12.943887430460977,2.7116295386858678,352.56290787855767,307.0220436096191,261.48117934068057,43707924.1,0.8916832771749047,18.32943351641614,1.7518217125848334,0.13943942787038033,0.1575929637265494,-0.3491078355314148,-3.9785504238021074
2026-05-06,335.592041015625,358.9246237489599,328.64190998867423,357.43530995747045,43188677,331.223388671875,311.09283447265625,279.70968399047854,62.845560375123384,15.915904684506302,13.538290881270044,2.377613803236258,350.94386317988864,311.09283447265625,271.24180576542386,45239033.85,0.9546772626312399,19.923204215598744,-3.0129138486719276,-0.16773054363118378,0.9064727604973788,-0.3491078355314148,-3.9785504238021074
2026-05-07,368.8533935546875,368.8533935546875,335.0956132562773,343.038620385315,51576419,341.0528625488281,316.0572143554688,281.1328061421712,70.7074077399624,18.591861590715894,14.549005023159214,4.042856567556679,358.76153984370256,316.0572143554688,273.352888867235,46679186.25,1.1049125561823605,21.767814359973606,9.91124593968362,-0.4644147517347985,1.9323088936799904,9.92604126119112,4.3415600792650055
2026-05-08,386.2287292480469,397.1503642653438,366.8676489901114,387.22160515871025,94993275,355.35028076171875,321.39392242431643,282.9861747741699,73.82345604270286,21.862602622792338,16.01172454308584,5.850878079706497,370.9816703748135,321.39392242431643,271.80617447381934,49730686.5,1.910154105755206,22.903134482008113,4.710634630716304,-0.020386521399129442,-0.7865731014896293,3.5764872521246494,0.9495856353591181
2026-05-11,388.7109069824219,395.66103814175,367.3640755644856,391.6895346221339,50647239,365.08046264648436,326.68098602294924,284.8726392110189,74.24495169425678,24.374011027044048,17.684181839877482,6.689829187166566,381.3109898555648,326.68098602294924,272.0509821903337,50688465.4,0.9991866709778119,23.62231156137562,0.6426704039359299,-0.29019653733958206,0.44735470056218585,1.8803418803418737,0.4275696938601081
2026-05-12,416.5114440917969,426.93664114296223,387.7180427123878,396.15748794428356,61941913,379.17930297851564,332.4396667480469,287.5451301574707,78.43351556490117,28.281578850757853,19.803661242053558,8.477917608704296,398.83571103266553,332.4396667480469,266.0436224634282,48985576.9,1.2644928756570386,25.701816477268796,7.151982774342924,0.16229616472482888,0.2590609403122279,1.9798657718120838,0.8514986376021882
2026-05-13,417.00787353515625,424.4544427054269,401.12185930524555,407.07911464146207,52265286,395.46246948242185,337.8011962890625,290.08523788452146,78.50075360394825,31.060367627203277,22.0550025190835,9.005365108119776,413.1995667556074,337.8011962890625,262.40282582251757,48141878.35,1.0856511584367792,25.38591873365714,0.11918746781180989,0.4762074815726436,-1.2502179290078241,0.18098058571898168,-1.5028706518068202
2026-05-14,458.7086486816406,458.7086486816406,458.7086486816406,458.7086486816406,16396375,413.4335205078125,344.75132751464844,293.31208419799805,83.23040843720696,36.21007459904155,24.886016935075112,11.324057663966435,436.89358947582974,344.75132751464844,252.60906555346713,45229808.35,0.3625125906596949,27.561232922034105,9.999997072709643,0.18380143583822672,0.9117934959939067,4.1057644933486515,5.331733241899528
2026-05-15,452.2549743652344,488.9913828208077,444.3119671315969,458.70866774256484,114743261,426.63876953125,351.22984313964844,296.58030064900714,80.28668283082337,39.31727185830073,27.77226791972024,11.54500393858049,454.3997144516174,351.22984313964844,248.05997182767948,47606876.05,2.410224541502971,29.843657290991004,-1.4069223100446338,0.01710987032821354,-1.3877038088223825,-2.965767471209968,-2.571614583333337
2026-05-18,497.4308166503906,497.4308166503906,464.1694746188775,471.61604373041024,90065287,448.38275146484375,360.3891235351563,300.75865325927737,84.43633029285009,44.90739648179772,31.199293632135735,13.708102849661984,480.81653715896437,360.3891235351563,239.96170991134818,49665011.5,1.81345547458496,31.88794862354637,9.989020540584015,0.07160020197189976,-0.6813771830388338,0.32515038205169766,-0.5178750417641154
2026-05-19,493.4593200683594,512.3239620830451,482.0412472699969,497.43082365039845,87505631,463.77232666015624,369.2008972167969,304.84599253336586,82.78648376232047,48.45854400669117,34.65114370704683,13.807400299644343,501.53190820025054,369.2008972167969,236.86988623334318,52505530.7,1.666598353228339,31.673917448813285,-0.798401797615711,-0.1041563196208406,-1.751601452995355,0.1458434613514914,0.26868178001679954
2026-05-20,516.2954711914062,541.1173688448392,499.4165807870718,510.33821575458234,83354990,483.6298461914063,378.98072509765626,309.2477424621582,84.6444315097252,52.510235245335764,38.22296201470461,14.28727323063115,524.475220439693,378.98072509765626,233.48622975561958,55034884.45,1.5145846281503366,33.805134959168825,4.627767719511988,0.5549209970649338,-0.38515527018477824,-0.25889967637540146,-1.4235471445319003
2026-05-21,567.9249877929688,567.9249877929688,556.0104775595498,557.0033534123347,24105138,505.4731140136719,391.71435699462893,314.47688852945964,87.8400534955168,59.20482389060544,42.41933438988478,16.785489500720658,556.3114000696553,391.71435699462893,227.1173139196026,54789316.7,0.4399605516525815,36.18171917815465,9.999994089125352,-0.434932134128041,3.3667241562741257,9.133679428942255,6.727828746177367
2026-05-22,624.5189208984375,624.5189208984375,595.7255207298291,600.6899000692443,72182688,539.9259033203125,408.2953842163086,320.22729441324867,90.238200874625,68.28978887305522,47.593425286518865,20.69636358653635,596.1489912672907,408.2953842163086,220.4417771653265,55560779.55,1.29916622093183,38.903347701796534,9.965036637215107,-0.12788229491633718,2.1749981256365514,5.990783410138256,7.2906717605857985
2026-05-25,686.0772094726562,686.0772094726562,657.2838099434131,674.1626993226246,65747307,577.6551818847656,427.85503845214845,326.68098704020184,92.07014010383517,79.54004042507694,53.982748314230484,25.557292110846454,645.1453711184676,427.85503845214845,210.56470578582935,57267884.65,1.1480659256374333,41.92400648478616,9.856913299866177,-0.354352809800873,3.256436796480777,11.192145862552593,10.237388724035611
2026-05-26,656.2909545898438,673.1698444960879,626.5046782847071,669.1983409887363,27484984,610.2215087890625,445.5282287597656,332.654790242513,83.8686133425833,85.07178936635017,60.200556524654424,24.87123284169575,677.0339784079541,445.5282287597656,214.02247911157716,57021512.95,0.48201078116079693,44.277143111874565,-4.341531021808365,0.029903373699946556,-0.27272077978219844,1.879414732593343,-2.3687752355316283
2026-05-27,696.0059814453125,721.8207539382913,678.1342158732502,678.1342158732502,23677342,646.1636108398437,464.11982879638674,339.3236063639323,85.69796568367386,91.60445191147221,66.48133560201799,25.12311630945422,713.6141096310602,464.11982879638674,214.62554796171332,55717126.4,0.4249562662298392,47.1108306100843,6.051435964143237,-0.007951228100844254,1.6804674357044913,-3.181874458338496,-0.5238489109456901
2026-05-28,736.7139282226562,763.5215779019173,703.9490230591149,703.9490230591149,23497917,679.9213989257812,484.97022399902346,346.77017567952475,87.28911348036063,98.92606701696604,72.97028188500761,25.955785131958436,752.682775373758,484.97022399902346,217.2576726242889,55517234.75,0.42325445613085044,49.83146605628704,5.84879266307603,0.06360275198662446,-1.4017266590648503,9.18158567774936,5.210643015521055
2026-05-29,732.7423706054688,778.4146592881945,729.7637430826823,769.4787767198351,27645131,701.5660888671875,505.87026062011716,354.3408538818359,86.28057588074323,103.21819314990529,79.01986413798714,24.198329011918148,782.7360205555397,505.87026062011716,229.00450068469462,55170162.8,0.5010884434076748,49.674059409517064,-0.5390908825042895,-0.1331620395565447,2.512808021606805,12.73131881002576,8.219178082191792
2026-06-01,784.3719482421875,805.2223418030558,759.5500511459157,759.5500511459157,30698081,721.2250366210938,528.0858581542968,363.1278055826823,88.19076423308145,109.52329311510982,85.12054993341168,24.402743181698142,819.8352365643998,528.0858581542968,236.33647974419387,54034528.3,0.5681197183690415,52.71484764792639,7.046075088309278,-0.03531969758715503,1.352401006913162,8.987012987012989,-0.09737098344693162
2026-06-02,839.9729614257812,840.9658372667101,751.6070115831163,765.5072733561198,21640270,757.9614379882812,552.7836441040039,372.70078328450523,89.83256525286023,117.65046601286315,91.62653314930198,26.02393286356117,862.7018152403282,552.7836441040039,242.86547296767952,53167860.55,0.4070178821592625,57.60071138601538,7.088602965493362,-0.2623166699323165,0.48391828547871274,-2.4785510009532885,-6.21345029239766
2026-06-03,814.158203125,837.9872237042683,804.229444550305,804.229444550305,15243405,781.5918823242188,576.7119522094727,381.8848846435547,83.9938630546565,120.61786615647804,97.4247997507372,23.19306640574085,889.9050941918651,576.7119522094727,263.5188102270802,51770596.95,0.2944413605027979,54.68641878461017,-3.073284437270807,0.47142964549633515,1.9795979840295574,1.8572825024437911,2.6240581969342758
2026-06-04,737.706787109375,782.386202210212,737.706787109375,769.4788156255257,20895235,781.7904541015625,595.154621887207,390.0678367614746,69.57206056610534,115.4695012745143,101.03374005549263,14.435761219021671,900.1442679718175,595.154621887207,290.1649758025965,50236537.75,0.4159370039389309,57.58841841541214,-9.390240830612528,0.08672630642823087,-1.682551333517468,-4.95201535508637,0.0
2026-06-05,763.5215454101562,772.457428256309,665.2268341024768,702.956117230677,26975172,787.9462890625,614.0192626953125,398.51555557250975,71.36023023010534,112.17928727104936,103.26284949860397,8.916437772445391,911.1701720448643,614.0192626953125,316.86835334576057,46835632.6,0.5759540440156241,64.20737518053481,3.4993250369748763,-0.007936817364084803,-1.3278310983176,-2.110258481421645,4.075949367088616
2026-06-08,745.6497802734375,745.6497802734375,688.0629796664343,688.0629796664343,23963998,780.20185546875,631.8662063598633,406.5661242167155,68.36484237076459,106.89741996659018,103.98976359220121,2.9076563743889636,914.564155245628,631.8662063598633,349.16825747409877,45501470.55,0.5266642530523665,65.7075339222931,-2.340702137896866,0.2701335531519966,-3.4793152912322878,-10.149561629706039,-9.632692775480422
2026-06-09,820.115478515625,820.115478515625,766.5001808886955,784.3719467643386,48459597,776.2303588867187,652.0464080810547,416.0729108174642,73.3789680009625,107.48128424632978,104.68806772302693,2.7932165233028456,927.546498042074,652.0464080810547,376.5463181200354,44827354.75,1.0810273608660792,66.87528916494568,9.98668546712107,-0.01931012262229581,2.7622605307562997,11.261623234990248,3.2301480484522305
2026-06-10,813.1653442382812,901.5312973972642,797.2793301872281,857.8447587568681,92059082,776.031787109375,671.854281616211,425.35630009969077,72.22828910338,106.15944316421417,104.98234281126439,1.177100352949779,932.7820129853127,671.854281616211,410.9265502471093,46817044.55,1.966358254453292,71.8588462376244,-0.8474580055388259,-0.13014202626587812,-3.308177660269873,-10.751134956665286,-5.0847457627118615
2026-06-11,836.00146484375,854.8661059744285,755.5785210761209,843.9444716356146,113782650,795.69072265625,690.7189224243164,434.9871955871582,73.68826552778461,105.73570329730387,105.13301490847229,0.6026883888315808,941.1044475666681,690.7189224243164,440.3333972819646,51686358.3,2.2014058204599802,75.51601139238217,2.808299783958468,0.3452662184263211,-0.17600272119220328,3.6647398843930645,-2.1703296703296737
2026-06-12,855.0,919.0,852.0,919.0,86064459,813.9864135742188,710.8561737060547,444.5044873555501,74.87181599989121,105.71430075538206,105.24927207785424,0.46502867752781185,944.7271990465769,710.8561737060547,476.9851483655326,50252418.2,1.7126431340571784,76.51368122756455,2.2725480702119105,-0.22369454265829258,2.3628988702241616,-4.583472733355642,-1.6006739679865212
2026-06-15,940.0,940.0,921.0,921.0,39733400,852.8564575195312,732.9846328735351,455.5294593811035,79.34778809251188,111.27343778657871,106.45410521959914,4.819332566979568,965.5753075915374,732.9846328735351,500.3939581555329,47735823.85,0.8323602023682262,77.6451903972226,9.941520467836252,0.10766774191464101,2.7801130493521287,17.57830762038335,11.472602739726035
2026-06-16,950.0,1000.0,950.0,970.0,77130141,878.8333618164063,755.8116668701172,466.81211166381837,79.80357980267509,115.15853446017627,108.19499106771458,6.963543392461688,978.8383722856597,755.8116668701172,532.7849614545746,47217049.35,1.6335231036625544,75.2924983442596,1.0638297872340496,-0.298612606480253,0.9079966328300548,4.671968190854869,-2.662570404505893
2026-06-17,984.0,998.0,930.0,936.0,54391641,913.00029296875,779.1968933105469,478.7276222229004,81.31362037888775,119.60231636159676,110.47645612649103,9.125860235105733,994.4244888222045,779.1968933105469,563.9692977988893,45768881.9,1.188397853345856,74.32016523169165,3.5789473684210593,0.143723164615861,0.14887671372583178,3.1813865147198417,0.7364544976328213
2026-06-18,1080.0,1080.0,974.0,1015.0,90546467,961.8,804.8006439208984,492.54099553426107,84.77499537475026,129.37904216628124,114.25697333444909,15.122068831832152,1035.4836161247765,804.8006439208984,574.1176717170204,49090948.35,1.8444635934599947,78.54414320079943,9.756097560975618,0.2360263790704975,1.2812598662263142,8.099401748734468,0.6527415143603221
2026-06-22,1065.0,1120.0,1040.0,1115.0,59102597,1003.8,826.8246978759765,506.14573872884114,82.21248307003249,134.3678838404212,118.2791554356435,16.088728404777697,1068.8645102181786,826.8246978759765,584.7848855337745,48436943.8,1.2201966590633657,78.73825744069285,-1.388888888888884,0.2089372068782236,2.746813790663727,4.255319148936176,3.9396265029419286
2026-06-23,1020.0,1085.0,1020.0,1060.0,44344657,1019.8,843.5208374023438,518.8432764689128,74.89814262411039,133.15551895445765,121.25442813940634,11.901090815051305,1090.6952511952068,843.5208374023438,596.3464236094807,47366811.3,0.9361967965109782,76.90648978193381,-4.225352112676061,-0.04731370199756446,-1.3423606797903442,-10.16326530612245,-2.9534826482894405
2026-06-24,1050.0,1075.0,985.0,1005.0,47711122,1039.8,863.2062896728515,532.0077184041342,76.40525657070137,133.08138100728445,123.61981871298198,9.461562294302468,1110.3075607969433,863.2062896728515,616.1050185487597,48378118.2,0.9862128535623776,78.65229114434264,2.941176470588225,0.0476551235367495,-2.244229984227597,0.22716946842344932,-3.2208977935582084
2026-06-25,1125.0,1155.0,1040.0,1070.0,58912037,1068.0,884.6559906005859,546.4552561442057,79.6885249677753,137.4896047693876,126.39377592426311,11.095828845124487,1144.7809167441237,884.6559906005859,624.5310644570482,50139852.95,1.174954323435047,83.49865232509696,7.14285714285714,0.3340466665395114,0.45969504788345716,7.207615593835004,2.4109014675052443
2026-06-26,1015.0,1100.0,1015.0,1100.0,52009610,1055.0,898.5702941894531,559.1025563557943,65.32972724795631,130.60157945742412,127.23533663089532,3.3662428265288042,1155.1219989541837,898.5702941894531,642.0185894247223,51565437.6,1.0086137618659519,87.03216534841737,-9.777777777777775,0.16348102632479655,-3.6395859356203264,-8.921775898520078,-8.52098259979529
2026-06-29,1040.0,1065.0,979.0,985.0,39888813,1050.0,913.9331756591797,572.4064684549968,66.79415784850102,125.71094333600058,126.93045797191638,-1.2195146359158002,1165.4223365382793,913.9331756591797,662.44401478008,52177621.7,0.7644812411984657,86.89454330196172,2.4630541871921263,-0.04080504718203537,0.9605559714053191,-0.278551532033422,0.5034965034965033
2026-06-30,1140.0,1140.0,1045.0,1065.0,55005053,1074.0,931.7145782470703,587.2446637471517,71.90592386790331,128.42385300342085,127.22913697821728,1.1947160252035616,1194.660969640066,931.7145782470703,668.7681868540747,53392970.3,1.0301927892556297,88.64193752836682,9.615384615384626,0.05934599029766563,2.50225391133696,6.098696461824948,-0.6401335930976915
2026-07-01,1140.0,1220.0,1130.0,1200.0,69879190,1092.0,946.7159301757813,602.1738726298014,71.90592386790331,129.0858323382554,127.60047605022491,1.4853562880304736,1221.587882760932,946.7159301757813,671.8439775906306,55804916.3,1.2522049065415408,88.82301252458458,0.0,-0.09885131953493165,1.9361745317864276,4.344010530934628,3.6414565826330625
2026-07-02,1055.0,1125.0,1040.0,1095.0,43599999,1078.0,958.7580200195313,615.52093556722,62.431581082355514,121.35278671924243,126.35093818402842,-4.998151464785991,1230.259868120676,958.7580200195313,687.2561719183866,57222746.0,0.761934755804973,90.31327752130663,-7.4561403508771935,0.1897318900919931,-0.5845045481542077,-8.536585365853655,-1.0810810810810811
2026-07-03,1045.0,1075.0,999.0,1010.0,36974803,1084.0,974.1226806640625,628.4448389689128,61.40648535904514,113.11347420612128,123.70344538844701,-10.589971182325726,1227.100953014422,974.1226806640625,721.144408313703,58026724.4,0.6372030022773438,88.40484051846576,-0.9478672985781977,0.11318580885453233,0.07800105377469002,1.885057471264373,1.0655737704918122
2026-07-06,1005.0,1055.0,985.0,1045.0,39646295,1077.0,986.1966033935547,640.5365961710612,57.350102305203976,102.17824674762323,119.39840566028226,-17.22015891265903,1219.1074778381549,986.1966033935547,753.2857289489547,58660280.55,0.675862689852069,85.95086178267033,-3.8277511961722466,-0.009085485277215977,-0.4793234110779254,-7.490974729241873,-5.3527980535279855
2026-07-07,905.0,1025.0,905.0,1000.0,61372151,1030.0,994.1641143798828,650.9037689208984,48.69057283141369,84.46912840552227,112.41255020933028,-27.943421803808008,1201.977795089173,994.1641143798828,786.3504336705927,60530688.2,1.0139014246330673,90.49074687831428,-9.950248756218905,0.3974618785651973,-2.31392776703252,-10.126829268292681,-4.113110539845755
2026-07-08,891.0,930.0,856.0,906.0,67677034,980.2,997.7083404541015,660.7314717610677,47.60679134433511,68.5150427710497,103.63304872167417,-35.118005950624465,1195.184347821553,997.7083404541015,800.23233308665,61491560.05,1.1005906167443218,88.29198062787239,-1.5469613259668558,0.25268356539331904,0.5613583571852931,-2.008250108554055,-1.7575215966636915
2026-07-09,900.0,948.0,900.0,915.0,49819016,949.2,1002.0500732421875,670.5685170491537,48.40190582379729,55.952553538673214,94.096949685074,-38.14439614640078,1185.7824091793618,1002.0500732421875,818.3177373050131,59379556.75,0.8389927228616438,84.11971654415606,1.0101010101010166,-0.08308174762022835,-0.8304486270893752,4.9628891104464445,2.546998180715576
2026-07-10,900.0,900.0,900.0,900.0,0,920.2,1005.25,680.2400833129883,48.40190582379729,45.47251150716829,84.37206204949287,-38.899550542324576,1178.7500379189958,1005.25,831.7499620810042,53690424.25,0.0,72.90375433826858,0.0,-0.03737569847767075,-0.8304486270893752,4.0633245382585725,0.20697811945593614
2026-07-13,816.0,921.0,810.0,921.0,67936028,882.4,1003.3,688.4620056152344,41.57271568489493,30.04259240548015,73.50616812069033,-43.46357571521018,1184.6111312517455,1003.3,821.9888687482544,52784002.7,1.2870571484719933,77.98325375983278,-9.333333333333337,0.005918645015356994,0.057127944892587657,-8.052738336713993,-5.488344644437893
2026-07-14,778.0,823.0,737.0,798.0,78184205,857.0,995.2,696.1912521362304,38.898890840946166,14.57991969155944,61.72091843486416,-47.14099874330472,1201.2103216627197,995.2,789.1896783372804,54706542.95,1.4291563821069413,79.05215325852174,-4.656862745098033,0.19595735310091733,-1.4159606790255297,0.3750275755570298,0.9678426475179469
2026-07-15,798.0,813.0,773.0,799.0,50194080,838.4,987.6,704.2041880289713,41.04797951749887,3.894578736874564,50.155650495266244,-46.26107175839168,1211.1035852767852,987.6,764.0964147232147,53359739.9,0.9406732509204004,73.84519949071884,2.570694087403602,-0.08736726929839955,1.9975001997308173,0.0,0.37105751391466324
2026-07-16,776.0,807.0,775.0,775.0,41847682,813.6,977.2,711.792539469401,39.40608264989854,-6.276495557956991,38.8692212846216,-45.145716842578594,1219.9384123745222,977.2,734.4615876254779,52732541.95,0.7935836288658183,68.265839558623,-2.7568922305764465,0.23962128796235493,-0.014484209344078902,-7.692307692307687,-4.959950708564387
2026-07-17,699.0,724.0,699.0,710.0,31497885,773.4,958.15,718.2216669718424,34.24331460852369,-20.316209087435027,27.032135210210278,-47.348344297645305,1225.4753684773993,958.15,690.8246315226006,49780112.85,0.6327403293542353,69.43039428413994,-9.922680412371133,0.16578843836740909,-6.473889757658291,-9.142857142857142,-3.792544570502432
2026-07-20,630.0,666.0,630.0,663.0,30769263,736.2,936.4,723.840027364095,30.399763950452666,-36.58873439870786,14.307961288426652,-50.89669568713451,1235.962066321732,936.4,636.837933678268,48363446.15,0.6362090679925628,69.37300837958794,-9.871244635193133,0.15093593640875813,-0.5192494034838457,-9.142857142857142,-3.792544570502432
2026-07-21,670.0,680.0,608.0,621.0,92602982,714.6,918.9,730.0919586181641,34.957504439649725,-45.730015091030396,2.3003660125352443,-48.03038110356564,1238.1450964054825,918.9,599.6549035945175,50776362.4,1.823741946508559,69.72327392897621,6.349206349206349,-0.11480806865203919,4.200670223388481,4.834905660377364,3.5377358490566113
2026-07-22,703.0,730.0,676.0,713.0,66797739,695.6,901.55,736.7615061442058,38.53364805319544,-49.73836873782386,-8.107380937536577,-41.630987800287286,1228.4212767725942,901.55,574.6787232274057,51730693.25,1.2912593047455438,68.42683740511272,4.925373134328348,0.15336368301654968,1.3404288294859956,3.9495063117110263,1.1064106736088597
2026-07-23,696.0,732.0,681.0,708.0,58538188,679.6,880.1,742.9586064656576,38.05567222262406,-52.870402293142774,-17.059985208657817,-35.81041708448495,1201.4890248019626,880.1,558.7109751980374,51712000.8,1.1320039274133056,66.10325908443103,-0.9957325746799417,0.16612166048495247,0.055832476427841726,2.6572081279307547,0.2896684905053126
2026-07-24,642.0,685.0,639.0,679.0,40347006,668.2,861.45,748.3301727294922,34.50041867315038,-59.02945533741672,-25.453879234409598,-33.57557610300712,1193.0073936185959,861.45,529.8926063814042,51128870.6,0.7891237480219248,64.88949120650689,-7.758620689655171,-0.2473849217723867,-2.6665489151664,-2.6587022721948905,-3.0487804878048808
2026-07-27,625.0,655.0,590.0,650.0,55223376,667.2,840.7,753.5011454264323,33.4412301399383,-64.53834925714796,-33.270773238957275,-31.26757601819068,1177.1164712157565,840.7,504.28352878424363,51895598.75,1.0641244600728303,64.90422571230597,-2.6479750778816147,0.0721389858897803,-0.047299308791204364,-2.514739501864993,-0.2979145978152964
2026-07-28,563.0,582.0,563.0,575.0,32130591,645.8,811.85,757.2168121337891,29.842778932494454,-73.06482341924914,-41.22958327501565,-31.835240144233488,1139.0314400861407,811.85,484.6685599138593,50751875.65,0.633091695400227,64.51699561733184,-9.919999999999995,-0.06281056383515837,-4.65422176004644,-11.71315724512466,-2.8054448871181914
2026-07-29,507.0,545.0,507.0,539.0,49885732,606.6,780.2,759.8998580932617,27.01515376565112,-83.3796983505905,-49.659606290130625,-33.720092060459876,1095.9924701612201,780.2,464.4075298387799,49752202.75,1.0026838861923555,63.3813962016876,-9.946714031971581,0.1913253481581556,-3.759743710600294,-12.889696630784286,-6.199829205807006
2026-07-30,456.5,527.0,456.5,479.5,104022094,558.7,750.275,761.9149907430013,24.738754475806715,-94.53944710476856,-58.63557445305821,-35.903872651710344,1069.8305260209486,750.275,430.7194739790514,52773307.5,1.9711118921246313,64.33054337479592,-9.960552268244571,-0.04603973420009844,-0.26443825042463676,2.9690258385491886,2.3852876911871768
2026-07-31,502.0,502.0,502.0,502.0,5993259,530.7,723.125,764.1341008504231,30.427098029929468,-98.57583775713294,-66.62362711387317,-31.952210643259775,1029.2329745861941,723.125,417.01702541380587,51224230.3,0.11700046960002834,61.819804258156466,9.967141292442495,0.14251061606802562,7.979428588197601,15.586034912718194,6.989151698381657
2026-08-03,552.0,552.0,526.0,534.0,21981341,516.1,700.475,766.8969553629557,36.13915304955507,-96.6262767268529,-72.62415703646911,-24.00211969038378,985.0447537280465,700.475,415.90524627195344,50340982.6,0.4366490255992738,60.24383035706894,9.960159362549792,-0.3145609094511337,0.6184176769345795,-3.438511326860838,2.7925531914893664
2026-08-04,566.0,583.0,545.0,581.0,83823519,516.7,683.525,769.8517735799154,37.68195021355217,-92.88087960367784,-76.67550154991086,-16.205378053766978,956.9676669436615,683.525,410.08233305633854,51463551.0,1.6287939205749715,57.27798630945975,2.53623188405796,0.3186484533235223,-0.059350381622413906,-0.446864962993998,-1.2936610608020649
2026-08-05,578.0,618.0,568.0,608.0,61153667,530.9,667.875,772.5432495117187,39.04135059609028,-87.93071513847019,-78.92654426762273,-9.00417087084746,926.7604400166811,667.875,408.9895599833189,51137382.65,1.1958701018891509,56.57425480153178,2.1201413427561766,-0.002778949738335701,2.88496854462601,9.819048954972654,3.2110091743119185
2026-08-06,570.0,578.0,536.0,563.0,51720458,553.6,651.375,775.0931182861328,38.43934171266263,-83.6884983621569,-79.87893508652957,-3.8095632756273403,889.1743127784304,651.375,413.57568722156964,51232454.75,1.0095252755773918,54.63102082799421,-1.384083044982698,-0.4022170511909673,-0.48171851317403425,-5.2113935368501725,-4.349206349206347
2026-08-07,540.0,578.0,531.0,560.0,42221275,561.2,633.375,776.4479741414387,36.18596316968801,-81.80427156177302,-80.26400238157825,-1.5402691801947697,844.9930459422592,633.375,421.75695405774087,53343518.5,0.7914977524401582,53.613551384261655,-5.263157894736848,-0.17977012124817948,-0.38468864916847423,-2.1290931141355607,-0.8297378028543023
2026-08-10,573.0,578.0,557.0,558.0,35082081,565.4,621.225,778.4603912353516,40.32971460801837,-76.76330444965708,-79.56386279519401,2.8005583455369276,815.9211127392855,621.225,426.5288872607146,51700821.15,0.6785594545629379,51.53174453302677,6.111111111111112,0.08787349343861717,1.589230295129762,0.536968194960763,1.907630522088355
2026-08-11,617.0,623.0,567.0,568.0,79551801,575.6,613.175,780.453210957845,45.41884544016952,-68.42906178974113,-77.33690259410344,8.907840804362309,793.3501414012112,613.175,432.99985859878876,51769200.95,1.5366627172173881,52.1275119286232,7.678883071553222,-0.02481586909149902,0.4272475445720847,0.536968194960763,1.907630522088355
2026-08-12,602.0,625.0,600.0,607.0,54119549,580.4,603.375,782.2622222900391,44.039875345365125,-62.316147320693176,-74.3327515394214,12.016604218728219,761.1512823213837,603.375,445.59871767861625,51965474.4,1.0414520337757178,48.51051033814011,-2.4311183144246407,-0.055858442703549116,0.8806410303470624,3.231991235277998,2.266009852216744
2026-08-13,662.0,662.0,626.0,631.0,44735708,598.8,597.675,784.6906311035157,50.512216954210224,-52.030346556388395,-69.8722705428148,17.84192398642641,736.2627168552717,597.675,459.08728314472813,52109875.7,0.8584880965279293,50.04244229305476,9.966777408637872,-0.02110518697276964,1.1059567173957285,10.254709472008482,3.885677585099545
2026-08-14,622.0,668.0,617.0,668.0,70638266,615.2,593.825,785.5918813069661,46.639382164552984,-46.569615512487076,-65.21173953674926,18.642124024262188,724.6198473956917,593.825,463.0301526043084,54066894.75,1.3064975587487389,50.17011665398079,-6.042296072507558,-0.24284380760136726,-0.45732720428869333,-0.9144507279509106,-0.7727975270479082
2026-08-17,608.0,622.0,596.0,620.0,35142251,622.2,592.725,785.3165659586589,45.32940042047302,-42.87736622723696,-60.744864874846805,17.867498647609843,722.6057043729752,592.725,462.8442956270249,54285544.15,0.6473592841382617,46.94743443345002,-2.2508038585209,-0.4168200504919728,0.10097531306225704,0.6678809957498588,1.0591900311526459
2026-08-18,576.0,615.0,574.0,614.0,35086022,614.0,588.025,783.4819458007812,42.39806751725704,-42.04865392423767,-57.005622684724976,14.956968760487307,712.835793645924,588.025,463.21420635407594,51409696.15,0.6824786884098322,46.15444317565669,-5.263157894736848,-0.4373220778009723,-1.1962985353416111,-9.577804583835947,-3.2367447595560983
2026-08-19,576.0,590.0,547.0,547.0,54594799,608.8,581.675,782.1437632242838,42.39806751725704,-40.9201909640617,-53.78853634059233,12.868345376530627,694.1712104624869,581.675,469.17878953751296,50799549.15,1.0747103057704992,45.733850752235796,0.0,0.09921712609282096,-1.3006958690137793,-2.2011739594450352,-4.237018158649253
2026-08-20,562.0,583.0,550.0,583.0,41150358,588.8,574.975,779.9103302001953,41.05109919339366,-40.686549716470154,-51.16813901576789,10.481589299297738,673.9510603697425,574.975,475.99893963025755,49930157.65,0.824158383165049,44.03600398527102,-2.430555555555558,-0.20952662644722064,0.47940480185713064,-1.7187286864002171,0.1663339986693213
2026-08-21,554.0,567.0,553.0,561.0,19809891,575.2,570.575,776.8650980631511,40.26391928283619,-40.678009710904576,-49.07011315479524,8.392103443890662,664.7111136585528,570.575,476.43888634144724,48903301.9,0.40508289277702125,40.031203453901554,-1.4234875444839812,0.07292445718072305,0.6466205402973157,-1.582234559333795,0.996346728661579
2026-08-24,551.0,580.0,551.0,557.0,22417765,563.8,566.875,773.8360585530598,39.95451167377467,-40.44706800043673,-47.34550412392354,6.89843612348681,657.7652606096128,566.875,475.9847393903872,47263021.35,0.4743193380293704,38.56037632671468,-0.5415162454873612,-0.05119683229035665,-1.0215058314384073,-0.33845719926667295,0.03288391976323801
2026-08-25,544.0,548.0,515.0,547.0,32953583,557.4,565.925,769.8298594156901,39.19761592678377,-40.363600073427165,-45.94912331382427,5.585523240397109,657.3812161566032,565.925,474.4687838433967,47304170.95,0.6966316571710258,38.21899281648606,-1.2704174228675091,-0.03142551921185843,0.9095610374029395,0.8914673836139864,0.2301117685733045
2026-08-26,537.0,540.0,526.0,535.0,26535435,549.6,567.425,764.7803100585937,38.4139271457684,-40.396625485902064,-44.83862374823983,4.441998262337769,655.7421766091379,567.425,479.10782339086205,46136656.1,0.5751486397818935,35.52312710762125,-1.2867647058823484,0.09398842232435367,1.4681604395669012,0.7713884992987419,-0.5903574942604184
2026-08-27,555.0,560.0,529.0,545.0,48272580,548.2,572.35,760.461006673177,41.644819873693905,-38.52624225652016,-43.5761474498959,5.049905193375736,644.043132608061,572.35,500.65686739193904,43349180.4,1.1135753791552654,34.92004349327175,3.3519553072625774,-0.11305637616038089,0.3111269939336747,1.7258176757132926,1.5176509402837324
2026-08-28,597.0,610.0,576.0,581.0,73219571,556.8,577.1,758.1158935546875,48.44156829035175,-33.271369444251945,-41.51519184876711,8.243822404515164,641.3721188631355,577.1,512.8278811368646,46710496.0,1.5675185936796732,37.597371027502184,7.567567567567557,-0.4558916903721677,0.774831481905669,1.2039950745656114,1.1374715632109123
2026-08-31,545.0,590.0,538.0,580.0,67717280,555.6,576.75,754.4738677978515,41.930002852981836,-32.923291093395164,-39.79681169769272,6.873520604297553,641.6705992773129,576.75,511.82940072268707,48997292.95,1.3820616593880621,40.451054890501894,-8.710217755443884,-0.11023270076141456,-0.4381051578845385,-2.7849128024874936,-1.0925449871465265
2026-09-01,568.0,576.0,550.0,551.0,43405964,560.4,576.85,751.5130381266276,45.42442001684095,-30.440628099494347,-37.92557497805304,7.484946878558695,641.7070087110599,576.85,511.9929912889402,46976415.2,0.92399481346546,39.19091423843498,4.220183486238538,0.19604210375987474,1.7781860578235609,1.3767209011264159,0.032488628979865375
2026-09-02,540.0,552.0,537.0,552.0,33058573,561.0,574.95,746.8444468180338,42.102808124526575,-30.382238254136155,-36.416907633269666,6.034669379133511,641.8591292645966,574.95,508.0408707354035,45571660.5,0.7254195400670116,38.09879233997698,-4.929577464788737,-0.04102653494677533,-1.6699071260597553,-5.075445816186552,-6.333225073075677
2026-09-03,511.0,545.0,511.0,545.0,30945145,552.2,572.0,741.8083577473958,38.927805643282234,-32.30364520430703,-35.59425514747714,3.290609943170111,644.773621594635,572.0,499.22637840536504,44532894.85,0.6948828524225166,37.55228669464672,-5.37037037037037,0.16164441336217195,-0.6651369315447186,-0.2745664739884357,-1.7857142857142905
2026-09-04,562.0,562.0,532.0,535.0,54800741,545.2,573.1,737.2416666666667,46.5601060425898,-29.372512242710854,-34.349906566523885,4.97739432381303,644.4889273442845,573.1,501.71107265571544,45161868.15,1.2134294537592107,39.34531513536049,9.980430528375738,-0.09708022272419958,1.5122200906831251,4.202289523257496,2.6478375992939007
2026-09-07,589.0,605.0,570.0,575.0,68404675,554.0,573.9,732.8083333333333,50.11449212857255,-24.5874649110591,-32.397418235430926,7.8099533243718255,645.6419351785064,573.9,502.15806482149355,46827997.85,1.4607644601657894,39.832606450645756,4.804270462633453,-0.23473421241366754,1.6651381893682204,5.965790571547758,2.510748065348234
2026-09-08,567.0,584.0,565.0,580.0,37849975,553.8,571.4,726.5916666666667,47.3509186174295,-22.31328292858484,-30.38059117406171,8.06730824547687,640.2442941869867,571.4,502.55570581301316,44742906.55,0.8459435901354067,37.72159225722633,-3.73514431239389,-0.3671620448905233,-0.46588983968915976,-7.834645669291341,-6.894816305988927
2026-09-09,565.0,585.0,563.0,574.0,26938860,558.8,569.55,720.175,47.09665178124343,-20.43677815110675,-28.391828569470718,7.955050418363967,636.9044434512728,569.55,502.1955565487272,43383872.1,0.6209418084652707,35.62537995626281,-0.3527336860670194,-0.0180897502252253,0.1646891802691508,1.495087569414788,1.3513513513513598
2026-09-10,572.0,582.0,543.0,558.0,36614869,571.0,565.05,713.3083333333333,48.14618159624126,-18.175279785263797,-26.348518812629337,8.17323902736554,616.559733367375,565.05,513.5402666326249,42977830.15,0.8519478268727814,36.07532929542777,1.2389380530973382,-0.11174924474647296,-0.5147388760934346,5.569584736251398,1.351111111111103
2026-09-11,544.0,570.0,544.0,552.0,33780557,567.4,561.15,704.375,44.35560880717782,-18.429943119315453,-24.76480367396656,6.334860554651108,605.8679464738848,561.15,516.4320535261152,41134944.7,0.8212131375492039,34.998618722704066,-4.895104895104896,0.5434767453688316,-1.6097760087677493,-2.299003322259141,-1.4734257147868801
2026-09-14,545.0,550.0,520.0,525.0,21440055,558.6,558.0,695.7083333333334,44.52359668355008,-18.339665752896394,-23.47977608975253,5.140110336856136,597.379396162262,558.0,518.620603837738,40449834.9,0.5300406059259343,34.33213622634352,0.18382352941177516,0.13023751389060756,-0.6979172181896032,-2.5163220892274185,0.28484956382410775
2026-09-15,537.0,558.0,535.0,550.0,21927638,552.6,556.05,687.6583333333333,43.39491859704394,-18.698113220768732,-22.523443515955773,3.8253302951870403,595.5387059136654,556.05,516.5612940863346,39791915.7,0.5510576109307549,32.821184729497716,-1.4678899082568808,0.13069434131136592,-0.7653989654031412,3.23705874145388,0.6035860110065627
2026-09-16,536.0,543.0,526.0,539.0,26951569,546.8,554.05,679.0916666666667,43.24733641942186,-18.845636299919192,-21.78788207274846,2.942245772829267,593.3355939847668,554.05,514.7644060152331,38409754.2,0.7016855369514444,30.711693432231353,-0.18621973929237035,0.17592593539166312,0.7413735937723764,3.1625895391269143,1.3587436033174471
2026-09-17,529.0,553.0,529.0,543.0,21134183,538.2,552.4,669.1583333333333,42.16629289246607,-19.304856532303006,-21.29127696465937,1.9864204323563648,593.028742742561,552.4,511.7712572574389,37408945.45,0.5649499804330891,29.816800974600508,-1.3059701492537323,0.2712983686560255,0.9577145306960189,-2.646403773090533,-2.2980501392757646
2026-09-18,550.0,550.0,533.0,543.0,25526267,539.4,552.2,661.4083333333333,46.48786747553901,-17.769432423403714,-20.58690805640824,2.817475633004527,592.8349603174299,552.2,511.56503968257016,37694764.25,0.6771833571024389,28.64122751132044,3.969754253308122,-0.026676874442554954,1.9286856204631775,4.467770152065675,1.3898788310762633
2026-09-21,557.0,579.0,556.0,556.0,26357532,541.8,552.5,653.3583333333333,47.885782056720046,-15.80555960391382,-19.63063836590936,3.825078761995538,593.1862190557409,552.5,511.81378094425907,37891752.6,0.6956007624730454,28.689063843144382,1.2727272727272698,-0.13186898734366403,1.1404859900489006,4.467770152065675,1.3898788310762633
2026-09-22,571.0,588.0,566.0,578.0,40419912,548.6,553.85,643.875,50.66182473651452,-12.969983353841599,-18.29850736349581,5.32852400965421,595.1360368902656,553.85,512.5639631097345,38265069.05,1.0563135779837305,28.997188664058466,2.5134649910233398,-0.22226247695271706,1.1404859900489006,4.467770152065675,1.3898788310762633
2026-09-23,573.0,601.0,570.0,581.0,41233755,556.0,555.65,634.425,51.06287152195297,-10.441027792060254,-16.727011449208696,6.285983657148442,596.9819043329555,555.65,514.3180956670444,38999985.05,1.0572761745199695,29.264230175517337,0.3502626970227629,-0.18557623162702708,1.1404859900489006,4.467770152065675,1.3898788310762633
