Date,Close,High,Low,Open,Volume,MA5,MA20,MA60,RSI,MACD,MACD_signal,MACD_hist,BB_upper,BB_mid,BB_lower,Volume_MA20,Volume_ratio,ATR,pct_change,usdtwd_pct,twii_pct,onsemi_pct,vishay_pct
2023-12-20,63.980186462402344,65.7522339056751,63.886922305514105,64.53977851933082,3755595,64.5397834777832,63.17810478210449,59.95111592610677,57.10323613416239,1.3655335706508183,1.4635481791992964,-0.0980146085484781,67.5077941044311,63.17810478210449,58.84841545977788,5390721.05,0.6966776735739276,2.0442272027081296,0.14598533172538453,-0.33465989557395215,0.33367432683415466,-4.2128862223521075,-1.8196871262284198
2023-12-21,63.980186462402344,64.44651436244258,63.32733024858562,63.42059440547386,2019090,64.22267837524414,63.38328914642334,60.005520757039385,57.10323613416239,1.2759277153881357,1.4260240864370641,-0.15009637104892848,67.43415568683133,63.38328914642334,59.33242260601534,5429035.3,0.37190585222387484,1.9208881241946414,0.0,0.12791495872452874,-0.5186161111112364,3.0553202080549235,1.0109396574011775
2023-12-22,64.912841796875,65.19264138113182,63.70039353482645,64.16672143152182,2359204,64.27863693237305,63.649095916748045,60.09256858825684,61.0162323668603,1.2655830666885493,1.393935882487361,-0.12835281579881186,67.33501439167458,63.649095916748045,59.963177441821514,5508596.9,0.42827675410411675,1.8637360871427384,1.457725252208708,-0.3736782960108931,0.30147861455658287,0.4303653362638382,1.5846775269031443
2023-12-25,64.63304901123047,66.31182516174097,64.63304901123047,65.7522331115708,4739000,64.27863693237305,63.9428825378418,60.18272539774577,59.269539801628525,1.2207360334771806,1.3592959126853252,-0.1385598792081446,66.83919320006946,63.9428825378418,61.04657187561413,5705196.8,0.8306461926081148,1.83907476225844,-0.43102840347070126,-0.36226354270691985,0.04665088698287967,0.4303653362638382,1.5846775269031443
2023-12-26,64.35325622558594,65.00611250047518,64.25999205997314,64.63305583802402,1455930,64.37190399169921,64.18537330627441,60.260446802775064,57.49698037273746,1.149368294830225,1.3173103891143052,-0.16794209428408013,66.19218549781453,64.18537330627441,62.17856111473429,5734916.85,0.2538711611834442,1.6933475193575867,-0.43289430086442815,0.127733444468503,0.8343763777672208,1.7378872126501355,0.1641946906407732
2023-12-27,63.88692092895508,65.19264044405351,63.88692092895508,65.19264044405351,1959553,64.35325088500977,64.30661830902099,60.321069399515785,54.56776134818795,1.0431546492094412,1.2624792411333325,-0.2193245919238913,65.86313739474107,64.30661830902099,62.75009922330091,5624463.5,0.3483982072245646,1.641663785456366,-0.724649107103692,-0.5678033131921834,0.7873572184754041,-0.4913983420460899,-0.8196772823554466
2023-12-28,63.23406219482422,64.35324623971016,63.047526776944146,63.79365421726719,3031116,64.20402603149414,64.17138347625732,60.37391980489095,50.67542948863484,0.8959711287016958,1.1891776186470053,-0.2932064899453095,65.5951512779518,64.17138347625732,62.74761567456284,4885731.15,0.620401718174771,1.5968712090976522,-1.0218973220776473,-0.31445393355279405,0.1054642742363665,-0.08230416497647663,-0.5371859828566694
2023-12-29,62.767738342285156,63.607122871892685,62.67446706957403,63.51385871478063,1954142,63.77500534057617,64.03614864349365,60.42832476298015,48.03954885551413,0.7332462838996108,1.0979913516975266,-0.3647450677979158,65.45337428601277,64.03614864349365,62.61892300097452,4468267.45,0.43733774261878616,1.508309154860453,-0.7374567382723574,-0.4788328985291246,0.11413168589380351,-1.7062891508092815,-0.41544915609637023
2024-01-02,62.11487579345703,63.32733119797823,62.02161163517059,63.047531607519744,3120645,63.27137069702148,63.94754638671875,60.45630435943603,44.546082034986064,0.5453190222946063,0.9874568858169426,-0.4421378635223363,65.6052254067569,63.94754638671875,62.28986736668059,4399248.65,0.7093586310471448,1.4812972092534111,-1.0401243792916848,-0.044000291677548375,-0.4297116466016604,-2.490125537473631,-1.9190623170008303
2024-01-03,61.275482177734375,61.835081340752104,60.24956223820011,61.835081340752104,3835539,62.65581588745117,63.80764808654785,60.473402976989746,40.471052247275765,0.3249079275060254,0.8549470941547591,-0.5300391666487337,65.84855443429396,63.80764808654785,61.766741738801734,4412951.45,0.8691550413499337,1.5324993887205454,-1.3513568287792932,0.6860424901047546,-1.649228076412912,-2.627378109060352,-1.786479776460892
2024-01-04,60.622623443603516,61.55527918888973,60.43609514078573,61.36875088607194,2244880,62.00295639038086,63.67241249084473,60.48583838144938,37.59073495137675,0.09643861886629423,0.7032453990970662,-0.606806780230772,66.15744462038467,63.67241249084473,61.18738036130479,4415606.75,0.5083967226021656,1.4773906766383387,-1.0654485463487573,0.5275459898703483,-0.055014439343803456,-3.9213222873369924,-1.8189666660113013
2024-01-05,60.342830657958984,60.99569402241817,60.342830657958984,60.715894421135744,1082253,61.42471008300781,63.560493850708006,60.48583838144938,36.39525424742536,-0.10598021973609661,0.5414002753304337,-0.6473804950665303,66.42508492641022,63.560493850708006,60.6959027750058,4368798.1,0.24772328114682163,1.3674537016811183,-0.46153196571049326,0.03898027981255048,-0.17384828156632448,-0.6561680052816987,-0.8381288413830679
2024-01-08,60.529361724853516,61.27548208170967,60.43609756969636,60.90242546108106,833563,60.97703475952149,63.387952613830564,60.49361044565837,37.8151155754796,-0.24848275496021444,0.38342366927230404,-0.6319064242325185,66.54670487098355,63.387952613830564,60.22920035667758,4263691.25,0.19550266450461207,1.3094800646237272,0.30911885448636767,-0.3284639253521182,0.3054917612432817,2.9590562529290487,1.7348982304391747
2024-01-09,59.59670639038086,60.99569007505835,59.41017452086396,60.99569007505835,1627077,60.47340087890625,63.150125122070314,60.50293699900309,33.75741263370492,-0.43169818382639136,0.22039929865256497,-0.6520974824789563,66.69546004655147,63.150125122070314,59.60479019758916,4105547.15,0.39631185334213004,1.346284796566482,-1.5408312724528583,-0.7463136321570363,-0.21152131518220596,-1.167569455484041,-2.536076791611952
2024-01-10,58.6640510559082,59.59670685293187,58.47751918494357,59.50343913854979,2151730,59.951114654541016,62.865664863586424,60.49050153096517,30.260566268690567,-0.6447232538210486,0.04737478815784227,-0.6920980419788908,66.88571021561533,62.865664863586424,58.845619511557516,4040912.9,0.5324861122346883,1.3160051794227243,-1.5649444255583789,1.1070581272880409,-0.3983884913753566,-1.84343527385199,0.4486254114496546
2024-01-11,59.59670639038086,59.59670639038086,58.75731475645457,58.75731475645457,1117134,59.745931243896486,62.66048049926758,60.50138250986735,37.25961855126521,-0.7298761081458736,-0.1080753911029009,-0.6218007170429727,66.91330462211855,62.66048049926758,58.40765637641662,4020190.0,0.2778808961765489,1.2648918667627154,1.5898242921952521,0.18254264271539977,0.45626438441657147,-1.5606405179875549,0.9379128899244416
2024-01-12,58.850582122802734,59.78323796346712,58.664053800909606,59.78323796346712,1482345,59.44748153686523,62.32472400665283,60.502936935424806,34.29438748246004,-0.8477935155502436,-0.2560190159923694,-0.5917744995578742,66.67107744757476,62.32472400665283,57.97837056573089,3734691.15,0.3969123390564706,1.245464172868689,-1.251955540446703,-0.7192046382251016,-0.18517891834584077,-1.2898012636524236,-0.8406981165444583
2024-01-15,59.503440856933594,59.68997273328503,58.943848785678895,59.0371129449548,1006671,59.24229736328125,62.06824359893799,60.53402544657389,38.878024874485064,-0.8784375851181494,-0.3805027298175254,-0.497934855300624,66.44634398974716,62.06824359893799,57.690143208128816,2567749.95,0.39204401503347314,1.19132103121717,1.1093496624528632,0.587818268824547,0.19408761589856383,-1.2898012636524236,-0.8406981165444583
2024-01-16,60.436100006103516,60.99569207520464,58.66405252428396,59.50344062793564,2685532,59.41017608642578,61.85839614868164,60.58532155354818,44.80207786465361,-0.8180356267533071,-0.46800930920468176,-0.35002631754862534,66.11964926951583,61.85839614868164,57.59714302784746,2323905.7,1.1556114346636353,1.343363500510971,1.5674037261346863,0.38422436149399,-1.1395293752028635,0.44916540842754316,-0.5354731732666984
2024-01-17,58.850582122802734,61.83508508228839,58.57078608216336,61.088957563517134,6326893,59.44748229980469,61.60657920837402,60.60086587270101,38.05037436387553,-0.8878698708418469,-0.5519814215321148,-0.33588844930973205,65.95739566558763,61.60657920837402,57.25576275116042,2439394.6,2.593632452904503,1.5994882337928453,-2.6234616117530085,0.8430854010390787,-1.066936498019444,-2.073179329841457,-2.512345752767764
2024-01-18,58.47751998901367,59.41017579886142,58.10445624195474,59.223643925331956,1301020,59.22364501953125,61.33144588470459,60.5977570215861,36.650808089715,-0.96222507707283,-0.6340301526402579,-0.32819492443257214,65.74574445917547,61.33144588470459,56.917147310233716,2316665.85,0.561591564877602,1.560319076874689,-0.6339140928302123,0.2686100789593082,0.3845752896719512,1.3145214082805223,2.2089193918052974
2024-01-19,58.75731658935547,59.2236444987948,58.570784714019815,59.037112623459144,773520,59.2049919128418,61.070302391052245,60.610192426045735,38.4785180137699,-0.987195095863882,-0.7046631412849828,-0.28253195457889924,65.4425846577247,61.070302391052245,56.698020124379795,2254387.35,0.3431176102012815,1.4517598012622142,0.4784686498236601,0.12079320549103212,2.6337127016353046,0.8877376605330056,0.4502595960418132
2024-01-22,59.59670639038086,59.689970546239564,58.75731475645457,59.22364265134707,997124,59.22364501953125,60.804495620727536,60.6490530649821,43.724109929305236,-0.9285485441697929,-0.7494402218619449,-0.179108322307848,64.82545019048654,60.804495620727536,56.78354105096854,2186283.35,0.45608177915273423,1.3825459330652516,1.4285706865950543,-0.6231681074182815,0.7554784976987472,1.7869224932244743,1.613629054692245
2024-01-23,59.96976852416992,60.15629683089442,59.3169052194366,59.41017293059824,908950,59.13037872314453,60.57133159637451,60.69724025726318,45.93069494983078,-0.8422586990454377,-0.7680039172986435,-0.07425478174679423,64.17688282407761,60.57133159637451,56.96578036867141,1994780.85,0.4556640896166614,1.3101253568509277,0.6259777702233515,-0.05034596135321534,0.3339315281947419,2.0747406675633684,0.4411143533090689
2024-01-24,59.59670639038086,60.529362180165855,59.59670639038086,60.24956259699076,863563,59.27960357666016,60.333504104614256,60.76408055623372,44.06979096061569,-0.7948142475944877,-0.7733659833578124,-0.02144826423667534,63.487972962681184,60.333504104614256,57.17903524654733,1965162.5,0.4394359245100596,1.2597960812421367,-0.6220836647697014,0.0860763428329081,0.006938533336109387,-2.0846885656300884,-1.0540054982422054
2024-01-25,59.22364044189453,59.96976789212639,58.94384442695726,59.876496624148366,815708,59.42882766723633,60.10034008026123,60.81848538716634,42.22730803941668,-0.7783452032019724,-0.7743618273266444,-0.0039833758753280435,62.80641190471392,60.10034008026123,57.39426825580855,1907970.25,0.42752658224099666,1.2286130657657357,-0.625984171075844,-0.328079755907984,0.709276503221834,-3.2734518090801634,-1.2872010829558023
2024-01-26,59.037113189697266,59.783237140396515,58.850581312572544,59.22364506682199,525046,59.48478698730469,59.890492630004886,60.84957396189372,41.29763753204991,-0.7714517417796785,-0.7737798102172513,0.0023280684375728278,62.194399403413215,59.890492630004886,57.58658585659656,1782666.75,0.2945284080717835,1.1891521007068337,-0.31495404673792526,0.07350350663963834,-0.04215966405062277,-1.3481955207300333,-0.49461381701702
2024-01-29,59.13037872314453,59.31690703558009,58.757314982674416,58.85057913889219,630900,59.39152145385742,59.70862464904785,60.88688017527262,41.98539695888411,-0.7498194232760511,-0.7689877328290113,0.019168309552960228,61.59210667138751,59.70862464904785,57.825142626708185,1716504.65,0.3675492519056095,1.1052107610000121,0.1579778014341393,-0.13380371723147322,0.6924221152651233,1.8267990173177928,0.9037746413023573
2024-01-30,58.290992736816406,59.50344467418222,58.19772857155744,59.31691278586444,1171318,59.05576629638672,59.51743049621582,60.894652366638184,37.70392809810332,-0.7912856407563496,-0.773447314414479,-0.017838326341870547,61.12917542166172,59.51743049621582,57.905685570769926,1619038.3,0.7234652818281074,1.1319448065499809,-1.4195511756456503,-0.2817131452696353,-0.46910447933337096,-0.6162653641876292,-0.04478037152347847
2024-01-31,57.73139572143555,58.38425193834326,57.5448638489764,57.82465987876535,1228865,58.68270416259766,59.34022617340088,60.896206792195635,35.13179617757247,-0.8593961355561248,-0.7906370786428082,-0.06875905691331663,60.917053444832916,59.34022617340088,57.76339890196884,1488704.6,0.8254592616963767,1.0929372442588985,-0.9600059788095194,-0.0830523890604784,-0.804398568682585,-1.9842944019041409,-2.643379239916721
2024-02-01,57.544864654541016,58.104456721952594,57.45159693810602,57.9179248468822,675380,58.34694900512695,59.18633823394775,60.891543515523274,34.29202636739093,-0.9178453418260943,-0.8160787312794655,-0.10176661054662883,60.835291677181445,59.18633823394775,57.53738479071406,1410229.6,0.4789149227898776,1.034260249537255,-0.32310160626390916,0.2756859522162314,0.43907634242430493,-1.3215167275527295,1.196511931507338
2024-02-02,57.63813018798828,58.01119394702756,57.5448660271283,57.5448660271283,690988,58.067152404785155,59.05110321044922,60.907087834676105,35.12701103154859,-0.945739117952634,-0.8420108086140993,-0.10372830933853472,60.74376095372806,59.05110321044922,57.358445467170384,1390666.35,0.49687547268257404,0.9585361219304933,0.16207446834251016,-0.035210710893140984,0.5110182189104195,0.9118098979732814,-0.3183459224452956
2024-02-05,57.07853698730469,57.82466093294404,56.892005111444945,57.82466093294404,983760,57.65678405761719,58.87856197357178,60.9272954305013,32.46158814782888,-1.0014554757364706,-0.8738997420385736,-0.12755573369789708,60.6389171004982,58.87856197357178,57.11820684664536,1398176.2,0.7036023070625863,0.9550854152063072,-0.9708732723606173,0.29391269736438463,0.2001149817599579,9.543970538021496,-1.2317495908557907
2024-02-15,57.73139572143555,57.82465987876535,57.265067819187436,57.265067819187436,1011754,57.544864654541016,58.78529644012451,60.9614927927653,38.339998863296316,-0.981615395770504,-0.8954428727849597,-0.08617252298554434,60.58271143384357,58.78529644012451,56.98788144640545,1367410.05,0.7399053414884584,0.927223745373555,1.1437902381346454,-0.3927712441166409,3.0310448098840537,-1.285656233506005,2.907264404108889
2024-02-16,59.037113189697266,59.13038090715944,58.104457361873294,58.19772507933548,1205282,57.80600814819336,58.80394954681397,61.01589775085449,48.07432536521188,-0.8507248753002798,-0.8864992732880238,0.035774397987743956,60.60380805573873,58.80394954681397,57.004091037889204,1320087.65,0.9130317975476856,0.9901252707536004,2.261711243847353,-0.26288406984117385,-0.20016719009597894,-2.4559703416997647,-0.0896902695421975
2024-02-19,59.503440856933594,59.87650105183685,59.13038066203033,59.223644821306245,1375320,58.197723388671875,58.7992862701416,61.05009511311849,51.04674813169673,-0.7012805239808131,-0.8494555234265817,0.14817499944576862,60.59096119099852,58.7992862701416,57.00761134928468,1332996.95,1.0317502977032318,0.9700269496050645,0.7898890071706743,0.2255126060222823,0.15343901570623597,-2.4559703416997647,-0.0896902695421975
2024-02-20,58.6640510559082,59.59670685293187,58.6640510559082,59.50343913854979,929900,58.40290756225586,58.78995971679687,61.070302645365395,45.948119698816654,-0.643162563068941,-0.8081969313550537,0.16503436828611262,60.58245212807665,58.78995971679687,56.99746730551709,1305374.7,0.7123625116987483,0.9650441292608778,-1.4106575837245616,0.21989185165642855,0.6297522514733034,-1.4877901551704764,-1.9748757716502197
2024-02-21,59.22364044189453,59.410172304452495,58.570780701841336,58.8505767167786,1204220,58.83192825317383,58.775969696044925,61.09206460316976,49.56479512631514,-0.5456594510727726,-0.7556894352985974,0.21002998422582486,60.54928043746272,58.775969696044925,57.00265895462713,1315252.15,0.9155810921882926,0.9482904590409152,0.953888072702358,-0.07738215560203487,-0.40979551571411754,0.19362530465383276,-1.923083496489586
2024-02-22,58.850582122802734,59.59670964157399,58.850582122802734,59.59670964157399,710432,59.055765533447264,58.69669380187988,61.09517345428467,47.292908290607876,-0.49280942067770894,-0.7031134323744198,0.21030401169671087,60.29015664485128,58.69669380187988,57.10323095890848,1216497.15,0.5839980800612645,0.9213354003382936,-0.6299145346490675,0.15456807377836057,0.9448801440578247,0.9533597495294144,0.4668658001962367
2024-02-23,58.011192321777344,59.03711229369351,57.82466044748361,58.94384813544643,1093537,58.850581359863284,58.654724311828616,61.07185700734456,42.56530749444489,-0.5127465101003708,-0.66504004791961,0.15229353781923927,60.27511023750857,58.654724311828616,57.03433838614866,954829.35,1.1452695709447978,0.9601509264545081,-1.4263067088679748,0.08814408362198822,0.19312885212652287,-2.769267677441356,0.8828798269174154
2024-02-26,58.6640510559082,58.75731521249076,57.824659415467096,57.824659415467096,813134,58.6827033996582,58.66405086517334,61.05786717732747,47.002802656061306,-0.4704435727646725,-0.6261207528886226,0.15567718012395004,60.282288114571124,58.66405086517334,57.04581361577555,930435.05,0.8739288142681211,0.9564849091970622,1.1254013372274274,0.4705245996972307,0.31161383748661287,1.8112576574324857,0.5527479498716348
2024-02-27,57.82466125488281,59.31690915446961,57.638129377984555,58.850581241123784,1105123,58.514825439453126,58.617418098449704,61.02366987864176,42.46048317361649,-0.49889893564312615,-0.6006763894395233,0.10177745379639713,60.27754936477322,58.617418098449704,56.95728683212619,947015.2,1.1669538144688703,1.0527908915021282,-1.4308418629757291,-0.16865689324997435,-0.494196611994846,-0.7734929437689941,-0.3206515178934666
2024-02-29,58.197723388671875,58.290987545625065,57.45159590184825,57.45159590184825,779227,58.3096420288086,58.547468948364255,61.000353495279946,45.004294324034355,-0.4857476231157918,-0.577690636174777,0.09194301305898522,60.15078462930186,58.547468948364255,56.94415326742665,936120.35,0.832400449365298,1.0243376584720862,0.6451609498318689,0.2277027285789046,0.5959315304422619,3.203866757071383,-0.5487223325505663
2024-03-01,57.82466125488281,58.29098916822864,57.7313970953335,58.19772500867933,733417,58.10445785522461,58.4402135848999,60.984809239705406,42.95899240492506,-0.4996682450776575,-0.5620861579553531,0.0624179128776956,59.9255730975821,58.4402135848999,56.9548540722177,927343.7,0.7908793686742036,0.9623715803951605,-0.6410253048862002,-0.10426928511686473,-0.16259934881998062,2.8129767767489433,3.4023000618559562
2024-03-04,57.358333587646484,58.290989418339926,57.265069427697,58.01119338069182,1571771,57.97388610839844,58.328294944763186,60.94905745188395,40.48234690086729,-0.5420804181312704,-0.5580850099905366,0.01600459185926617,59.78376479244852,58.328294944763186,56.87282509707785,962754.1,1.632577830621547,0.9708447017615291,-0.8064511872898361,-0.17586998206308158,1.9506877426717306,-1.5528742244373395,1.6007144031102483
2024-03-05,57.07853698730469,57.82466093294404,56.892005111444945,57.35833302219449,1256118,57.65678329467774,58.22103977203369,60.8759993871053,39.02847133909472,-0.5914517307432021,-0.5647583541410697,-0.026693376602132446,59.714361200378356,58.22103977203369,56.72771834368903,984774.6,1.2755385851747192,0.9657528510598715,-0.4878046185115448,-0.1584294895698446,0.4227301850537213,-3.6179262506481624,0.0
2024-03-06,56.798736572265625,57.35832859889117,56.70546886262847,57.078532585578394,1209460,57.4515983581543,58.10912094116211,60.723665682474774,37.57517824998255,-0.6457130289380899,-0.5809492891004737,-0.06476373983761619,59.67849871223866,58.10912094116211,56.539743170085565,1018995.3,1.1869142085346223,0.9240337690869151,-0.4902024995863119,0.09901968214427459,0.5804392720889506,0.8182944542059367,0.8315265754554879
2024-03-07,56.2391471862793,57.265070758564825,55.586287378061186,56.79874283238042,2494921,57.05988311767578,57.964559364318845,60.56977755228679,34.78537156127388,-0.7255064981559158,-0.6098607309115622,-0.1156457672443536,59.66501563072819,57.964559364318845,56.2641030979095,1112196.35,2.243237895898507,1.0246670506091449,-0.9852144955272979,-0.2425451004595569,0.9952604831186207,6.879665226661902,1.8229051044968303
2024-03-08,55.213226318359375,57.73139779239158,55.213226318359375,56.239146316987465,3248202,56.53759613037109,57.810671043396,60.42521597544352,30.338127957775697,-0.8615947099622829,-0.6602075267217064,-0.20138718324057658,59.89946380317205,57.810671043396,55.72187828361995,1216040.55,2.671129675733264,1.22380097373222,-1.8242112820839762,-0.09280926429229286,0.4661471561968833,-4.83365740174051,-1.0230225879252375
2024-03-11,55.026695251464844,55.39975901527263,54.467103163552885,54.74689920750886,1641500,56.071268463134764,57.67543601989746,60.27443675994873,29.59721512735858,-0.9732777563439043,-0.722821572646146,-0.25045618369775835,60.107804524264075,57.67543601989746,55.243067515530846,1236672.3,1.3273524441357665,1.1849816241305564,-0.3378376511073533,0.05789736572445747,-0.2994150887593805,3.356556843968206,-0.1722646374109571
2024-03-12,55.6795539855957,55.86608586390282,55.21322606872773,55.86608586390282,808157,55.79147186279297,57.582170486450195,60.14697373708089,35.53162812183922,-0.9976073351869488,-0.7777787251543067,-0.2198286100326421,60.17347195132022,57.582170486450195,54.990869021580174,1243311.15,0.6500038224542586,1.1389028225715454,1.1864400199709912,-0.28868258741585606,0.9554392072756546,1.2132326988749886,0.2588384986862202
2024-03-13,54.467098236083984,56.23914205936037,54.09403450602611,55.679550022072966,2366208,55.32514419555664,57.42361888885498,60.01173865000407,30.405681974802178,-1.1020203432422662,-0.8426270487718985,-0.25939329447036763,60.36491387910865,57.42361888885498,54.482323898601315,1327072.15,1.7830289031383864,1.2730634533399068,-2.1775600965219355,0.11670135758301559,0.07009439745004897,-3.269157365252817,-2.247184670606117
2024-03-14,53.72097396850586,54.46710147296258,53.254646057120226,54.46710147296258,1899920,54.821509552001956,57.25574073791504,59.840751775105794,27.752366416259292,-1.2307866547363702,-0.920258969964793,-0.3105276847715772,60.631197462089624,57.25574073791504,53.88028401374046,1372880.15,1.3838935612842826,1.2649823816735668,-1.3698623421135814,0.02484507667166458,0.047219568149703406,-3.404682990967156,-2.077804497861324
2024-03-15,53.25464630126953,53.81424193217757,53.25464630126953,53.34791401865402,1184920,54.42979354858399,57.03190326690674,59.655774943033855,26.212753656463022,-1.354845810646772,-1.0071763381011887,-0.34766947254558334,60.84049627189298,57.03190326690674,53.223310261920496,1381538.45,0.8576815216398791,1.1709308149048303,-0.8680551240744738,0.38016886083072077,-1.2810760745144978,-2.9804269495095626,0.13543054160063406
2024-03-18,53.068119049072266,53.53444697197167,52.32199152619345,53.44117925271197,1614908,54.03807830810547,56.733453559875485,59.46768932342529,25.60096198769378,-1.4514829835649934,-1.0960376671939498,-0.3554453163710436,60.80672541577497,56.733453559875485,52.660181703976,1402019.75,1.1518439736672754,1.1764674323546154,-0.3502553582687473,0.24646821955720544,1.0026653594563673,-1.4024349048200713,-3.426508376877513
2024-03-19,52.69505310058594,53.25464516172013,52.60178894299676,52.97484913115303,1171535,53.44117813110351,56.39303417205811,59.28426698048909,24.3755736059245,-1.540414998311057,-1.1849131334173713,-0.35550186489368585,60.626434537547226,56.39303417205811,52.15963380656899,1391830.5,0.8417224654869971,1.1066526038704487,-0.7029944817553369,0.11802450064548609,-0.1139364284441946,0.29802387105475336,0.32679916332511993
2024-03-20,53.25464630126953,53.627710055208226,52.50852235119178,52.695054228161126,2241774,53.19868774414063,56.12256393432617,59.07908255259196,29.80315759132958,-1.5478965779201204,-1.257509822317921,-0.2903867556021993,60.435502884918336,56.12256393432617,51.80962498373401,1457424.2,1.5381753644546317,1.1083239505565818,1.061946364520061,0.2825426998389391,-0.36636586659868353,2.0664488930010494,0.837604760190902
2024-03-21,53.16138458251953,53.53444835358695,52.97485269698582,53.34791646805324,1074935,53.08676986694336,55.81945114135742,58.88788814544678,29.424136089017196,-1.5435580485919473,-1.3147194675727265,-0.22883858101922083,60.0663375972111,55.81945114135742,51.572564685503735,1450959.95,0.7408440184720467,1.0351601780291886,-0.1751240975715107,0.10021719335595591,2.0957905899499973,0.2778868404402557,2.768811704172447
2024-03-22,53.81424331665039,54.094039360402874,53.347915391129675,53.44117955311393,1017142,53.19868927001953,55.567634201049806,58.70757471720378,35.59857545878063,-1.4704886117962843,-1.3458732964174382,-0.12461531537884607,59.65190646547844,55.567634201049806,51.48336193662117,1466295.45,0.6936814814504131,1.0214927913430758,1.2280694704583262,0.3803263646266597,0.14525329595025394,-1.4515683449992545,-1.1674999465508873
2024-03-25,53.90750503540039,54.933428559728156,53.81424087764312,54.28056878202859,1468003,53.36656646728515,55.36244983673096,58.54125111897786,36.45383815832738,-1.3890430913091265,-1.354507255395776,-0.03453583591335052,59.34078907651848,55.36244983673096,51.38411059694344,1485018.75,0.9885417271667445,1.034518776775337,0.1733030383819223,0.16309646746559547,-0.17885564059555437,-1.5265122991294788,2.271691300296008
2024-03-26,52.88158416748047,54.373832012958076,52.78831645351343,53.90750411652139,1075219,53.403872680664065,55.07332649230957,58.3562744140625,31.498344561505306,-1.391242788752301,-1.3618543620670809,-0.029388426685220015,58.87807138174663,55.07332649230957,51.26858160287251,1498123.0,0.7177107620669331,1.107985014464578,-1.9031132441507226,-0.6294041552667218,-0.3256683411952621,-0.8838747862208174,-1.5992825915096542
2024-03-27,53.81424331665039,54.56036728592359,53.347915391129675,53.44117955311393,2648815,53.51579208374024,54.87280559539795,58.18684202829997,39.54425199292907,-1.302711419707009,-1.3500257735950665,0.04731435388805738,58.48485188278517,54.87280559539795,51.260759308010726,1575307.6,1.6814589099931974,1.1840914283283839,1.7636747534190977,0.4767770651749492,0.36583082987935445,3.731652138125008,3.2957002344911057
2024-03-28,53.534446716308594,54.00077463698097,53.441178997494305,54.00077463698097,952109,53.59040451049805,54.639641761779785,57.99720211029053,38.098525003618455,-1.2408234785198005,-1.3281853145800133,0.08736183606021286,57.93625856043675,54.639641761779785,51.34302496312282,1583951.7,0.6010972430535603,1.100825323149488,-0.5199303810618283,0.29512331100887135,-0.2651883338017913,-2.7245040893594696,-0.874119365546322
2024-03-29,52.974849700927734,53.907505518049,52.88158554233545,53.53444532588025,841000,53.422525787353514,54.397151184082034,57.80289878845215,35.31746661776373,-1.2228355545599783,-1.3071153625760066,0.0842798080160283,57.40845063555602,54.397151184082034,51.385851732608046,1589330.85,0.5291535113661199,1.0908379434913629,-1.0453026970583923,0.12101572572218444,0.7341129462103524,-2.7245040893594696,-0.874119365546322
2024-04-01,53.90750503540039,54.00077275095722,52.974849226629445,53.254645257700815,986251,53.422525787353514,54.224609756469725,57.62880293528239,42.810363457218884,-1.1204071480858317,-1.2697737196779717,0.14936657159213995,56.89800232120112,54.224609756469725,51.55121719173833,1560054.85,0.6321899515263838,1.0821826876028844,1.760562492839557,-0.26266618358599114,-0.35536387239506473,0.4078795512111322,-0.7054939613681643
2024-04-02,53.90750503540039,54.28056878202859,53.254645257700815,54.094036908714486,877522,53.6277099609375,54.06605815887451,57.46247933705648,42.810363457218884,-1.0273887994455677,-1.221296735631491,0.19390793618592328,56.37855349179674,54.06605815887451,51.75356282595229,1541125.05,0.5694035016820991,1.0746814658328696,0.0,0.25364619011380984,1.207774937069206,-4.563297477072304,-2.397850299770321
2024-04-03,54.28057098388672,54.373835145427186,53.441179298823634,53.90750722212541,1819260,53.72097549438477,53.94014987945557,57.31325448354085,45.72698754954439,-0.9130427947974908,-1.159645947464691,0.24660315266720012,55.868481102494364,53.94014987945557,52.01181865641677,1571615.05,1.1575735419433657,1.055744716602294,0.69204825606628,0.07497134359799595,-0.6301529819396801,0.35471053929143626,0.955419252211609
2024-04-08,55.119956970214844,55.30648884385034,54.46710074918996,54.46710074918996,2149556,54.03807754516602,53.88419036865234,57.185791460673016,51.69605529516119,-0.7460908572630274,-1.0769349294243582,0.3308440721613308,55.58289687469444,53.88419036865234,52.18548386261024,1554346.8,1.3829320457957002,1.0517678023838042,1.5463838554264697,0.19719823058421682,0.39384986878232553,-0.8222730775152898,0.5938698759691219
2024-04-09,55.213226318359375,55.586286518860646,54.46710235955715,55.49302235818525,1546652,54.48575286865234,53.88419036865234,57.070763969421385,52.32351910509755,-0.5993453074081003,-0.9814170050211066,0.3820716976130063,55.58289687469444,53.88419036865234,52.18548386261024,1469269.3,1.0526674721917895,1.0607566499730963,0.16921157648024376,-0.1195805343893186,1.85378379779646,3.1854580965908985,2.2706415468776386
2024-04-10,55.6795539855957,55.95935002415655,55.026694190420606,55.30649022898146,1520688,54.840162658691405,53.916833305358885,56.97749849955241,55.44015910294895,-0.44034364893985867,-0.8732023338048571,0.43285868486499846,55.729265222244294,53.916833305358885,52.10440138847348,1463228.7,1.039268844303013,1.043676541141476,0.8445941277683833,-0.33236826467953895,-0.1570956381565347,-2.410486362592179,-3.4635833505281877
2024-04-11,55.6795539855957,55.6795539855957,54.65363043380637,55.49302210728858,1184105,55.19457244873047,53.916833305358885,56.895114008585615,55.44015910294895,-0.3107515387560227,-0.7607121747950903,0.44996063603906766,55.729265222244294,53.916833305358885,52.10440138847348,1482026.1,0.798977157014981,1.0413094758945236,0.0,0.6782125595073074,-0.04964759893468784,1.978903727801562,1.2879649660074488
2024-04-12,55.39975357055664,55.959345603471604,54.93342569052771,55.77281373990016,1400758,55.418408966064455,53.96346607208252,56.81272939046224,53.02795598986523,-0.22799819164923463,-0.6541693781659192,0.4261711865166846,55.880486162232884,53.96346607208252,52.04644598193215,1433753.6,0.9769865617076741,1.0392575341677726,-0.5025191385538919,0.1289503566611172,-0.08023039345643745,-5.609063980255213,-1.8165260102143366
2024-04-15,54.37383270263672,55.21322434998942,54.09403667278567,54.93342832013837,1128812,55.26918411254883,53.99610900878906,56.71013724009196,45.2531675235207,-0.24240451951473574,-0.5718164064356825,0.3294118869209468,55.9179708116157,53.99610900878906,52.07424720596242,1395198.2,0.8090692777556623,1.0747854493148656,-1.8518509592525878,0.09155415847534876,-1.3830675802599668,-1.5006002538399454,-0.9250717354782112
2024-04-16,52.04219055175781,53.90750206657207,51.38933081001295,53.90750206657207,2878405,54.63497695922852,53.935486221313475,56.584228642781575,33.302478032658556,-0.4369290275191915,-0.5448389306523844,0.10790990313319293,56.02500410533857,53.935486221313475,51.84596833728838,1479872.45,1.9450358711657887,1.3294143084227195,-4.288169575299849,0.4179325060941874,-2.678800819309357,-1.4015816232478495,-0.42018509115280267
2024-04-17,52.974849700927734,53.44117760948837,52.13546160019836,52.13546160019836,1204244,54.09403610229492,53.93082275390625,56.48940862019857,40.114997997943775,-0.5099548606086302,-0.5378621166436336,0.027907256035003436,56.028890308166616,53.93082275390625,51.83275519964588,1459339.25,0.825198116202247,1.338690674997098,1.7921212371765138,0.33683409634026606,1.5645148817386545,-0.38627934994541757,-1.1251431022928915
2024-04-18,52.974849700927734,53.06811741731962,52.41525763377482,52.88158554233545,781471,53.55309524536133,53.94481258392334,56.37904434204101,40.114997997943775,-0.5613573809994037,-0.5425611695147876,-0.018796211484616077,56.011684564819554,53.94481258392334,51.87794060302712,1439836.05,0.5427499887921267,1.2472465561367914,0.0,-0.4920221304314132,0.4347088791672782,-2.388709301021086,-0.04741880886390826
2024-04-19,50.1768798828125,52.601787027629115,49.430755975868706,52.601787027629115,2291943,52.5085205078125,53.79092426300049,56.23448263804118,29.596961846131123,-0.8184326473546548,-0.5977354650827611,-0.22069718227189372,56.44815527198533,53.79092426300049,51.133693254015654,1442344.5,1.589039927701045,1.553492845326423,-5.281694679477744,0.2408928500440055,-3.8129771043774907,-3.527731145617896,-0.8539053686059783
2024-04-22,49.244224548339844,50.45667635264869,49.244224548339844,50.363412197624726,1184346,51.482598876953126,53.59506626129151,56.06349569956462,27.050881294658822,-1.084917881039857,-0.6951719482741803,-0.3897459327656767,56.93692565441232,53.59506626129151,50.25320686817069,1447815.05,0.8180229926467473,1.5080207065240798,-1.8587352116171019,0.2717815335421703,-0.59352553064973,-0.09882648574951469,0.6698697325461689
2024-04-23,50.0836181640625,50.176882322790895,49.710554413549715,49.89708628880611,668744,51.090884399414065,53.40853500366211,55.8909543355306,32.66516044957886,-1.2143786972764232,-0.7990132980746288,-0.4153653992017944,57.09733643281247,53.40853500366211,49.71973357451175,1430395.15,0.467523956579411,1.4313056489143428,1.7045524087777597,0.2430425847365969,0.9688138454874373,1.6982666997252815,2.5665386078847163
2024-04-24,51.76240158081055,51.76240158081055,50.92300986178557,50.92300986178557,976838,50.848394775390624,53.301279830932614,55.77281799316406,42.2396846505797,-1.1680489935926843,-0.87282043717824,-0.29522855641444434,57.053196579933115,53.301279830932614,49.549363081932114,1405836.9,0.694844473067964,1.4643026846255034,3.351961136770787,-0.24398701951591217,2.716737332198216,6.241891139870881,3.2437522400703855
2024-04-25,50.829742431640625,51.66913409675087,50.829742431640625,51.66913409675087,494270,50.4193733215332,53.19868774414063,55.64535503387451,38.92797571383721,-1.192839853106527,-0.9368243203638974,-0.25601553274262956,57.107841012938486,53.19868774414063,49.28953447534277,1376789.45,0.3590018793360161,1.3934168798980926,-1.8018081091424443,0.3808770229507319,-1.3626259295338894,1.2971135204562723,-0.8079050059020099
2024-04-26,50.923004150390625,51.48259975291107,50.82973999553694,51.48259975291107,428501,50.56859817504883,53.05412578582764,55.51478315989176,39.43928961143144,-1.1912295933597434,-0.9877053749630667,-0.20352421839667678,57.07954215619013,53.05412578582764,49.028709415465144,1265773.75,0.33852890376340955,1.2946759302282311,0.1834786372868713,-0.2951578331521709,1.3248943960749937,2.5308833604829273,2.3981768416344806
2024-04-29,52.508522033691406,52.508522033691406,51.202806018400445,51.29607017742137,711552,51.22145767211914,53.00282955169678,55.39664675394694,47.48848136112922,-1.0499126687551055,-1.0001468337214745,-0.04976583503363097,57.0286211304937,53.00282955169678,48.97703797289986,1253745.9,0.5675408390169013,1.333454857304571,3.113559205223404,0.08607137638918516,1.863818412124374,4.05524865594411,1.9443373726286906
2024-04-30,52.88158416748047,54.9334276233618,52.88158416748047,54.000771830488425,2399060,51.78105087280274,52.99816627502442,55.278510348002115,49.199382869113954,-0.8974695214975981,-0.9796113712766993,0.08214184977910122,57.02431037181927,52.99816627502442,48.972022178229565,1331648.9,1.8015709696452271,1.4789816216200142,0.710479212402304,-0.3839184473235724,-0.48264169017123715,-0.9319345319950378,0.30340855239061604
2024-05-02,52.04219055175781,52.97484630916494,51.94892639913685,52.695050293502675,568533,51.83700866699219,52.904900550842285,55.15260175069173,45.59941306029017,-0.8347666088435517,-0.9506424187900698,0.11587580994651814,56.92876999167055,52.904900550842285,48.88103111001402,1310763.0,0.43374202659061933,1.4185733934077573,-1.5873079994431105,-0.4225153435658102,-0.8538685839082238,1.4490653079910487,1.6194446869421286
2024-05-03,52.508522033691406,53.16138182023669,52.042194122987574,52.60178975051194,783488,52.17276458740234,52.834951400756836,55.040683110555015,47.88106046338083,-0.7389271532612796,-0.9082993656843118,0.16937221242303224,56.83399832851347,52.834951400756836,48.8359044730002,1306061.3,0.5998860849793191,1.3786557767505736,0.8960642835927679,-0.4002988704028487,0.5334710464831138,0.514213111508055,0.7968183116583205
2024-05-06,52.22872543334961,53.44117727649245,51.94892940151658,53.06811708664827,556657,52.43390884399414,52.73235912322998,54.92720998128255,46.617697485287295,-0.6777383951740958,-0.8621871715822687,0.1844487764081728,56.68020271864059,52.73235912322998,48.78451552781938,1242931.15,0.44785827437022563,1.3938013898472803,-0.5328594093017336,-0.21362587285993495,0.9492729647566867,-0.9947485438612125,1.4053578573511416
2024-05-07,51.94892883300781,52.41525673355941,51.482600932456215,52.228724861778865,559349,52.321990203857425,52.57380771636963,54.807519149780276,45.329651267090746,-0.6443949272393326,-0.8186287227136815,0.17423379547434892,56.36968765940009,52.57380771636963,48.777927773339165,1163420.8,0.48077961129799296,1.3323153113480688,-0.5357140118206649,-0.043067197592394635,0.6344919339527744,1.6075825692805301,-0.519720700804216
2024-05-08,51.482601165771484,52.228725098475515,51.20280513573242,52.228725098475515,1649052,52.04219360351563,52.38727645874023,54.69404595692952,43.18786656889617,-0.6481275235117039,-0.784528482873286,0.13640095936158214,55.99923523778206,52.38727645874023,48.775317679698404,1168540.8,1.4112061812475867,1.2914625982007393,-0.8976656068027111,0.31243083104899316,0.22746944638225575,-0.16951934599525043,-1.7413801442344279
2024-05-09,51.482601165771484,52.13546094106234,51.482601165771484,51.76239719581055,751605,51.93027572631836,52.177428817749025,54.58989938100179,43.18786656889617,-0.6436658536565858,-0.7563559570299461,0.11269010337336027,55.45633412208755,52.177428817749025,48.8985235134105,1130086.65,0.6650861683924857,1.2063155551460885,0.0,-0.09516764309563941,-0.6750569718193655,0.834871915341906,2.126698830278695
2024-05-10,51.669132232666016,51.94892825834192,51.1095366235147,51.575864518907714,874010,51.76239776611328,51.97690773010254,54.491970507303876,44.40642784284508,-0.6179550488194607,-0.728675775387849,0.11072072656838827,54.81490574837695,51.97690773010254,49.13890971182813,1114581.9,0.7841595130873739,1.1573923657702396,0.3623186526529709,0.01793319460277054,0.720159390313424,-1.1226537016213012,-2.3427322396370354
2024-05-13,51.94892883300781,52.13546070478836,51.66913280423676,51.76239696122727,607403,51.70643844604492,51.804366493225096,54.39715048472087,46.268146446352695,-0.5684490763549093,-0.6966304355812611,0.12818135922635188,54.1415760382942,51.804366493225096,49.467156948155996,1074914.15,0.5650711733583561,1.0652505132838532,0.5415159656289026,0.26346452966479195,0.7188770345091466,2.653992010899886,0.8884962784613037
2024-05-14,52.60179138183594,53.161383468915155,52.228727618583314,52.228727618583314,1076400,51.83701095581055,51.71576442718506,54.32253805796305,50.438721714599964,-0.47110409031400735,-0.6515251665278105,0.1804210762138031,53.758663734436844,51.71576442718506,49.67286511993327,1072293.55,1.0038295949835752,1.0848777296336518,1.256739192692069,-0.16192227613095467,0.6143467624945442,0.9124789382094045,2.7300870958450574
2024-05-15,52.974849700927734,53.34791345089608,52.695053667351274,53.06811741731962,591768,52.135460662841794,51.762397384643556,54.24326229095459,52.69806739082155,-0.3597083055360173,-0.5931617943294518,0.23345348879343453,53.877957659334136,51.762397384643556,49.646837109952976,957961.7,0.6177365963587063,1.0397103082238506,0.7092121946641994,-0.17854125279843647,0.768905386860852,2.3975887809535745,1.6716516205276477
2024-05-16,53.16138458251953,53.4411806319202,52.78832081145211,53.4411806319202,993364,52.47121734619141,51.77172412872314,54.145333480834964,53.831393667521304,-0.25345289037743157,-0.5252200135390478,0.2717671231616162,53.91129921480856,51.77172412872314,49.63214904263773,947417.7,1.0484963496037705,0.9881302431897488,0.3521196995270204,-0.8739389928487662,0.7426455838037249,-2.3280678532277554,0.3794420192504866
2024-05-17,53.4411735534668,53.62770541429377,52.974845680299026,53.161377541126,818287,52.825625610351565,51.7950403213501,54.044295692443846,55.5516262436875,-0.1449966456006635,-0.44917533995137093,0.30417869435070743,53.9990147074965,51.7950403213501,49.5910659352037,949258.5,0.8620275720470241,0.9434275086304151,0.5263011359551095,0.28877622974334827,-0.21492914094993765,0.23287420403468317,0.5039962031324174
2024-05-20,52.88158416748047,53.90750411652139,52.695052297345896,53.90750411652139,640345,53.0121566772461,51.9302755355835,53.94792124430339,51.42462062602739,-0.10301102996421463,-0.37994247795393965,0.276931447989725,54.04635446961965,51.9302755355835,49.814196601547344,866678.6,0.7388494419961449,0.9792974167030921,-1.0471128322555812,0.12515050063168776,0.06190547021835968,1.5170160422699919,0.3343125462154317
2024-05-21,52.60179138183594,53.161383468915155,52.3219917804966,53.161383468915155,677989,53.0121566772461,52.0981538772583,53.83755709330241,49.44661914456509,-0.09126205440342972,-0.3222063932438377,0.230944338840408,53.81137820799081,52.0981538772583,50.38492954652578,841360.75,0.8058243743839965,0.9606433195984867,-0.5290930482687584,0.12995161060771476,-0.16397830333553243,-1.9655346102127047,-1.665984739901416
2024-05-22,52.974849700927734,53.06811741731962,52.60178950875899,52.788317825943565,636400,53.0121566772461,52.242715454101564,53.73962821960449,52.092578755652596,-0.05125735516867991,-0.26801658562880615,0.21675923046012624,53.71055913376989,52.242715454101564,50.77487177443324,839743.55,0.7578504175471189,0.8947345981267724,0.7092121946641994,0.09004381018689056,1.4836548818675244,4.765176098936119,0.7200194753019362
2024-05-23,51.85566329956055,52.97485101952366,51.85566329956055,52.97485101952366,886123,52.7510124206543,52.247378540039065,53.63703606923421,44.55785016478951,-0.10861033957906585,-0.2361353364188581,0.12752499683979224,53.709378406031966,52.247378540039065,50.785378674046164,835207.8,1.0609611165029829,0.9246616810382847,-2.1126749914074594,-0.033810014699131585,0.25798091936253265,-6.082054442214657,-1.0092388742360736
2024-05-24,51.94892883300781,52.04219298999832,50.92300531711458,51.38933321766618,742500,52.4525634765625,52.30333786010742,53.52511736551921,45.268301152169784,-0.14486730373295842,-0.21788172988167817,0.07301442614871975,53.61479412745358,52.30333786010742,50.99188159276126,847619.3,0.875982885241051,0.9505984799510121,0.17985602249168675,-0.0096243747411906,-0.19479338523243905,1.2700572412216449,1.9541152075655877
2024-05-27,54.74689483642578,55.1199550126481,52.4152553932884,52.4152553932884,3802129,52.825625610351565,52.49453239440918,53.47382125854492,61.292990447970716,0.05157671953858767,-0.16399003999762501,0.21556675953621268,54.05078638990866,52.49453239440918,50.938278398909695,1016300.7,3.7411457061871554,1.2466555065762486,5.385993640816267,-0.09869189434805747,1.105615256831216,1.2700572412216449,1.9541152075655877
2024-05-28,56.145877838134766,57.35832962266371,55.21322207191259,55.95934597333045,9415998,53.53444290161133,52.67640018463135,53.43962383270264,66.56427144181461,0.3164978693088756,-0.06789245813632488,0.38439032744520046,54.93237521458442,52.67640018463135,50.42042515467828,1451523.0,6.486978160180721,1.4286260771978059,2.555365022781486,-0.36968990725814166,0.25060173618918213,1.5022105898018445,-0.7500219730547597
2024-05-29,55.119956970214844,56.239144654228255,55.119956970214844,56.239144654228255,3835008,53.96346435546875,52.78831882476807,53.39454542795817,60.10043615449864,0.43861052004344714,0.03340813749962952,0.40520238254381763,55.29528236877979,52.78831882476807,50.28135528075635,1523320.4,2.517532096333772,1.3873676247732198,-1.8272416558836047,0.3236723675793307,-0.8962690097293446,-3.5845204819456855,-1.8471771041361884
2024-05-30,55.026695251464844,56.05261526523667,54.467103163552885,54.93343108941276,2235330,54.59767074584961,52.93754405975342,53.35568478902181,59.53446823934497,0.5218447329974012,0.13109545659918387,0.3907492763982173,55.60750848746623,52.93754405975342,50.267579632040615,1606660.25,1.3912897888648206,1.4137868883612947,-0.16919773504249225,0.6315619238836723,-1.3757393248701622,1.5490753992807749,0.08553998717286682
2024-05-31,55.026695251464844,55.95935110318459,54.65363148765705,55.95935110318459,2268568,55.21322402954102,53.06345272064209,53.32148742675781,59.53446823934497,0.5811097746792981,0.22109832021520673,0.36001145446409144,55.881619564165625,53.06345272064209,50.245285877118555,1680914.25,1.349603645754089,1.399377918650127,0.0,-0.0636234547158887,-0.8905424398374384,1.2896967096160061,0.9829249109723603
2024-06-03,54.09403610229492,55.39975563822874,53.62770820486134,55.11995605352898,1958501,55.08265228271485,53.156718254089355,53.27640908559163,53.67236056737555,0.5465200059814208,0.28618265736844956,0.26033734861297125,55.9820237883075,53.156718254089355,50.33141271987121,1751006.45,1.118500163149028,1.4490671872790966,-1.6949212466927044,0.3356387546574968,1.7121719263391677,0.20536900876053643,1.0156452713743436
2024-06-04,54.18730163574219,55.21322517084791,53.6277095677206,54.09403747700512,1303110,54.69093704223633,53.26863689422608,53.24221165974935,54.15846255173085,0.5206315972084354,0.33307244533644675,0.18755915187198868,56.06972691321056,53.26863689422608,50.467546875241595,1788194.5,0.728729453088017,1.467260309392192,0.17241370799341293,-0.46419102039185756,-0.8364332748305281,-2.281740323313697,-4.105577474812394
2024-06-05,53.3479118347168,54.46709949291635,53.3479118347168,54.46709949291635,845060,54.33652801513672,53.36190242767334,53.211123085021974,49.15906128233762,0.4274556620798933,0.3519490886851361,0.07550657339475719,56.033838128402536,53.36190242767334,50.68996672694415,1747994.9,0.48344534643665155,1.4208506225665065,-1.5490525929265364,0.04487073545036413,0.6005712697569221,4.222601250294833,1.8785624795669698
2024-06-06,53.81424331665039,53.90750747863464,53.16138350936145,53.53444727289791,1024402,54.09403762817383,53.478484535217284,53.19091555277507,51.81999606841493,0.386783515884666,0.3589159741250421,0.02786754175962386,56.00465922342266,53.478484535217284,50.95230984701191,1761634.75,0.5815064672174525,1.3308870687940648,0.8741325871917782,-0.23756310030170757,1.944708756402913,-2.803868985262903,-0.9862708948087162
2024-06-07,54.84016036987305,54.84016036987305,53.720972697467566,53.9075045691684,1161113,54.05673065185547,53.63703594207764,53.17692565917969,57.1352406880036,0.43234962193312043,0.3736027036866578,0.05874691824646261,56.08179564351447,53.63703594207764,51.19227624064081,1775989.9,0.6537835603682206,1.3026604826089203,1.9064043085880167,-0.13363032114330764,-0.20234199872982694,-0.19323588067016173,-1.9922162833000745
2024-06-11,54.37383270263672,55.02669247748887,53.72097292778457,54.65362873248777,1318431,54.11268997192383,53.75828113555908,53.175371233622236,54.20784016169792,0.425922573480058,0.3840666776453379,0.0418558958347201,56.08836780235639,53.75828113555908,51.428194468761774,1811541.3,0.727795165365537,1.3030683582216376,-0.8503397220051001,-0.2190993617724568,-0.3031410202626317,0.6530657917463767,0.4860843431571782
2024-06-12,54.18730163574219,54.560365386289654,53.720973726457665,54.560365386289654,927190,54.11268997192383,53.83755664825439,53.183143361409506,53.0372529326235,0.4011533470083748,0.3874840115179453,0.01366933549042948,56.10912421765084,53.83755664825439,51.565989078857946,1804080.8,0.5139403955743002,1.241244798436351,-0.3430530047691227,-0.0562872544702997,1.1785994524791121,3.027842338641351,2.4626165966135094
2024-06-13,54.467098236083984,54.840158408342454,54.000770352411344,54.467098236083984,984802,54.336527252197264,53.91216907501221,53.20335089365641,54.62024862319559,0.39949566650075496,0.38988634251450727,0.009609323986247698,56.16235317767405,53.91216907501221,51.66198497235037,1823732.5,0.5399925701823047,1.1876638994356523,0.5163508643088566,-0.3552426383712781,1.193154297591259,-1.5481504674330404,-0.8189680109805031
2024-06-14,54.84016036987305,54.93342808462323,54.37383246952073,54.56036434122156,928293,54.541710662841794,53.99610786437988,53.23288491566976,56.71525119850192,0.4234041990947617,0.3965899138305582,0.026814285264203486,56.2536046819962,53.99610786437988,51.73861104676356,1820478.95,0.509916909503403,1.1039214615245656,0.6849311710567907,0.3043370457556316,0.863577013670791,-4.09115092932918,-3.129054639270168
2024-06-17,55.493019104003906,55.58628325921018,55.02669121237362,55.02669121237362,1475228,54.67228240966797,54.09870014190674,53.27951768239339,60.17981419971925,0.48939073534158695,0.41515007813276394,0.074240657208823,56.43512449499409,54.09870014190674,51.76227578881939,1853326.0,0.7959894805339158,1.0562149852329075,1.1904756108071401,0.15480119319866148,-0.03639861324233884,-1.7229371164896312,0.3589129802493707
2024-06-18,55.39975357055664,55.959345603471604,54.840157979842296,55.77281373990016,1274302,54.87746658325195,54.22460861206055,53.315269470214844,59.447772548948954,0.5280725005552185,0.43773456261725485,0.09033793793796363,56.556266435243195,54.22460861206055,51.892950788877904,1885023.85,0.676013727889968,1.0646113370190944,-0.16806714601789174,-0.14838275415750557,1.159736185000071,0.0,-0.13413114538608495
2024-06-19,54.18730163574219,55.49302120485871,54.18730163574219,55.49302120485871,1275641,54.87746658325195,54.30388412475586,53.33236808776856,50.79706543385126,0.4556409941641135,0.4413158489266266,0.014325145237486903,56.50752455203203,54.30388412475586,52.10024369747969,1914906.45,0.6661636133712955,1.096759101298751,-2.188551133662142,0.14396198742181454,1.986645158123146,0.0,-0.13413114538608495
2024-06-20,55.026695251464844,55.30649129542082,54.18730356179718,54.18730356179718,1763800,54.989385986328124,54.40647640228271,53.352575620015465,55.61277043622518,0.4606603474576403,0.4451847486328294,0.015475598824810866,56.53951316992097,54.40647640228271,52.273439634644454,1971276.45,0.8947502010689572,1.0997498424160685,1.5490596327627282,0.10293992607994795,0.8468955214737006,-4.382872835268614,0.7162015690245882
2024-06-21,54.560367584228516,55.119959674793016,54.46710342173435,55.02669551229884,1196664,54.93342742919922,54.54171161651611,53.36345666249593,52.53639494861406,0.42214327077180513,0.4405764530606246,-0.01843318228881946,56.304665569698436,54.54171161651611,52.778757663333785,1986803.5,0.602306166664192,1.040164030501748,-0.8474571571221445,-0.12290844763791497,-0.6524324296809936,1.3159831817137313,-0.39998858470932097
2024-06-24,53.62771224975586,55.49302398018215,53.62771224975586,54.560368114969,1305378,54.56036605834961,54.625650787353514,53.375892130533856,46.94328947267863,0.3127554686723002,0.4150122561829597,-0.10225678751065953,55.98172780247038,54.625650787353514,53.26957377223665,2014947.4,0.6478471844972231,1.1501837238250208,-1.7094007532717836,0.06802312668354737,-1.8908700814464607,-1.0653761869571454,-1.5171809895136001
2024-06-25,53.72097396850586,54.1873018798915,52.41525795130584,54.1873018798915,824015,54.22461013793945,54.57435474395752,53.374337641398114,47.54466989457059,0.23092829110234447,0.37819546316683667,-0.1472671720644922,55.98753350366148,54.57435474395752,53.16117598425356,1866041.7,0.4415844511942043,1.2330984177931061,0.17390583121588143,-0.12823314551579923,0.27295654149688264,0.0737504376575826,-0.31719073925581265
2024-06-26,53.534446716308594,54.46710255765335,53.534446716308594,53.7209750383378,719297,54.09403915405274,54.44378318786621,53.374337641398114,46.41159397471943,0.14930735076709567,0.33241784068688845,-0.18311048991979278,55.7216801220108,54.44378318786621,53.16588625372162,1431206.65,0.5025808117926227,1.1930394075999926,-0.3472149486839493,0.4702765421042532,0.4839958550256096,0.48644140458240503,0.18184028478340775
2024-06-27,52.88158416748047,53.72097224638681,52.695052297345896,53.34791206391716,999997,53.66501693725586,54.331864547729495,53.372783215840656,42.58608651882495,0.03157760899373585,0.27224979434825797,-0.24067218535452212,55.745302825425284,54.331864547729495,52.918426270033706,1289456.1,0.7755184530904153,1.1707568131254487,-1.2195186256202417,0.3350392876177333,-0.3511118229512111,-0.45474192008262415,0.2268446717550221
2024-06-28,52.60179138183594,53.161383468915155,52.228727618583314,52.97485158728884,1320265,53.273301696777345,54.210619354248045,53.35102132161458,41.02540293213872,-0.08334030388858338,0.2011317747008897,-0.2844720785894731,55.78046295334412,54.210619354248045,52.64077575515197,1243702.85,1.0615598412434288,1.139010018086301,-0.5290930482687584,-0.1850665019445641,0.5512513704543975,1.0168028812263197,0.9506564548053875
2024-07-01,52.04219055175781,52.88158215654398,52.04219055175781,52.695050293502675,1075936,52.956197357177736,54.061394119262694,53.319932746887204,38.02395419488806,-0.21706648072411383,0.117492123615889,-0.33455860434000284,55.85592866281614,54.061394119262694,52.26685957570925,1184071.25,0.908675048059819,1.0990608963129496,-1.0638436740984525,-0.055340206795018165,0.11427590660921805,0.9190331515263273,-2.2869751297262764
2024-07-02,52.321990966796875,52.321990966796875,51.669134727957434,52.04219492760859,1086278,52.67640075683594,53.972791862487796,53.287289746602376,40.372917971702286,-0.2970437487747688,0.034584949137757434,-0.33162869791252625,55.9283040830512,53.972791862487796,52.01727964192439,1140460.1,0.9524910165642796,1.0395669419831484,0.5376415021592695,0.05445543450566248,-0.7771564734776915,5.406183647399776,0.7801519746291508
2024-07-03,56.892005920410156,57.35833383779057,52.88158654249855,53.06811842101065,12943205,53.34791259765625,54.10802707672119,53.316823895772295,64.22367383786397,0.008240709864381301,0.02931610128308221,-0.02107539141870091,56.45992029943374,54.10802707672119,51.756133854008645,1722464.85,7.514350728260144,1.5724703991845543,8.734405685199121,0.15711929888313492,1.2808943510362658,-0.3291248900109567,1.2750456203008298
2024-07-04,59.503440856933594,60.622628557242614,57.35833317339109,58.011192961721314,24056475,54.67228393554687,54.41580352783203,53.3883274714152,71.29057943358764,0.45564937513209003,0.11458275605288377,0.34106661907920627,57.75338367940597,54.41580352783203,51.078223376258094,2883035.6,8.344147744828403,1.8602240308709415,4.590161472205323,0.14950641568265421,1.5108454922353465,-0.3291248900109567,1.2750456203008298
2024-07-05,59.689971923828125,59.96977151346073,58.104456333041526,59.59670776581697,7936926,56.08992004394531,54.70958995819092,53.45516777038574,71.72027939110615,0.8158706153632522,0.2548403279149575,0.5610302874482948,58.778499401434196,54.70958995819092,50.64068051494764,3228661.8,2.4582711016681897,1.8609028508107095,0.3134794630498927,-0.3522176733286364,0.14479967883183065,0.9631218289804178,0.0
2024-07-08,58.290992736816406,59.87650489301793,57.17180496470956,59.50344467418222,7058415,57.33968048095703,54.882131576538086,53.49869174957276,63.98519360987533,0.977198083641845,0.399311879060335,0.5778862045815101,59.25561866656122,54.882131576538086,50.50864448651495,3523526.9,2.0032243829329075,1.973409127810398,-2.343742410864247,-0.34946094601715494,1.365055591695996,2.2213204467469216,1.2140211455327732
2024-07-09,56.42567825317383,58.66405368964274,55.21322637416969,58.47752181030372,6199375,58.16041793823242,54.98472385406494,53.51579049428304,55.404991010173774,0.9436580719610959,0.5081811176404872,0.4354769543206086,59.404029929407926,54.98472385406494,50.56541777872195,3767574.1,1.645455360785074,2.1703982194987517,-3.200004659492528,0.24079002019752327,0.09183997563149138,-2.0397263507847208,-1.9990902037479774
2024-07-10,58.57078170776367,59.22364145902939,55.39975422101498,56.05261041448128,7345116,58.49617309570313,55.203897857666014,53.58573964436849,61.75624455048733,1.0777457107886264,0.6220940362701151,0.4556516745185113,59.88379772725691,55.203897857666014,50.523997988075116,4088470.4,1.796543763653028,2.390863421967506,3.8016440758852355,0.11240498501070562,0.44769724473825434,4.232434456827727,1.7225798436903528
2024-07-11,60.06303787231445,60.622629956485206,57.82466242003204,58.57078638485961,14017273,58.6080924987793,55.483694839477536,53.719420433044434,65.44334304112705,1.2895585040702215,0.7555869298301363,0.5339715742400852,60.62454443603691,55.483694839477536,50.34284524291816,4740093.95,2.957171977572301,2.4451439705655935,2.547782565027612,0.2442485876554823,1.5951511700039722,-3.0682838314205596,2.4955255258521047
2024-07-12,61.275482177734375,62.954265435589676,58.85057856185367,59.78323434608463,24387579,58.925194549560544,55.805460929870605,53.85776430765788,68.13169582880886,1.5375320786796678,0.9119759596000427,0.625556119079625,61.547175048550876,55.805460929870605,50.063746811190335,5913058.25,4.124359674623533,2.666283024321648,2.0186196842014725,-0.6140502852808205,-1.9397254657484875,3.542571334172928,0.9130522207808189
2024-07-15,61.74181365966797,63.42059701513179,60.06303741980351,63.42059701513179,22175160,59.61535873413086,56.117900657653806,54.00388037363688,69.12654533244101,1.7514918684147602,1.0798791413629862,0.671612727051774,62.43887455024139,56.117900657653806,49.796926765066225,6948054.85,3.191563751112299,2.7584532337891994,0.7610409014505493,0.49773822276901747,-0.1570866870910903,-0.650448786437996,1.0340333211784403
2024-07-16,62.021610260009766,64.63304932772347,61.555282363317964,62.39467400048301,19812094,60.734545135498045,56.44899349212646,54.20129254659017,69.73698535954354,1.9214841177397233,1.2482001366383337,0.6732839811013895,63.28435787305993,56.44899349212646,49.61362911119299,7874944.45,2.515839206967358,2.8010283978713737,0.45317198144532167,0.07988501995308539,0.49369257838391967,3.1033063139356276,3.326224794186472
2024-07-17,60.342830657958984,62.86100572270252,59.87650273288789,62.86100572270252,9445309,61.08895492553711,56.7567699432373,54.38626931508382,61.836744609324796,1.898851933226858,1.3783304959560387,0.5205214372708193,63.71654414540117,56.7567699432373,49.79699574107343,8283427.85,1.140265741555291,2.8254916767971414,-2.7067655854353445,-0.03284897586730562,-0.9477322922418208,-4.165606893934259,0.1650964015869727
2024-07-18,58.384254455566406,59.689974061276715,57.73139821051095,59.50344218077529,7116135,60.7531982421875,56.924647903442384,54.524613253275554,54.13193080992063,1.7032411294065213,1.4433126226461352,0.25992850676038604,63.87067376754261,56.924647903442384,49.978622039342156,8551044.6,0.8321948174612491,2.79695044621726,-3.2457479721068605,-0.2226498352794204,-1.5622735237073582,-0.03975454500508846,-1.3185118406359053
2024-07-19,56.145877838134766,58.197721235383426,56.05261012683291,57.917921659277255,4980407,59.72727737426758,57.003923416137695,54.59767119089762,46.934390835948086,1.3520146882204713,1.4250530357610027,-0.0730383475405314,63.87208837363459,57.003923416137695,50.1357584586408,8740231.75,0.5698255083453594,2.7349096305527585,-3.8338703445038758,0.45613217759497005,-2.2617330175741857,-3.844626162198117,-1.7536451134378184
2024-07-22,53.534446716308594,55.959350480685075,53.16138295665082,55.959350480685075,4524250,58.0858039855957,56.999260139465335,54.64274959564209,40.21607590869497,0.8531104104706699,1.3106645107029362,-0.4575541002322663,63.87719677549313,56.999260139465335,50.12132350343754,8901175.35,0.5082755728433099,2.7681876640102505,-4.651153784352202,0.4350571135180781,-2.677259944243182,6.617955511572315,3.1449247911924383
2024-07-23,54.18730163574219,54.74689726156338,53.720973726457665,54.09403747700512,2848070,56.518942260742186,57.02257652282715,54.69715455373128,42.43454756087662,0.5045885293341001,1.149449314429169,-0.644860785095069,63.85674202591466,57.02257652282715,50.18841101973964,9002378.1,0.31636862708532537,2.5607560481761893,1.2195043742456502,0.08389052827177945,2.7625011418902057,-5.0950502367943855,-0.9888797594577614
2024-07-26,51.94892883300781,52.69505276233046,51.66913280423676,52.228724861778865,3335750,54.840161895751955,56.94330062866211,54.68782800038655,37.320991085833484,0.04722012504220885,0.9290034765517771,-0.8817833515095682,63.98156886770518,56.94330062866211,49.90503238961904,9133200.75,0.3652334040724989,2.555077752620088,-4.130806914470774,-0.2194732292683632,-3.2906356086419675,3.8939846280241053,3.092780936251538
2024-07-29,51.29607009887695,52.881585704402156,50.17688240334153,52.50852195329048,3849633,53.422525024414064,56.86402492523193,54.661402765909834,35.959881132574495,-0.36373496394953264,0.6704557884515152,-1.0341907524010479,64.12704986232323,56.86402492523193,49.60099998814062,9275682.55,0.4150242291334129,2.575027825745493,-1.2567318495237956,0.47483004597199674,0.20470575104574174,11.543392739756197,0.2499928529415385
2024-07-30,50.829742431640625,51.48260222030419,49.89708660720685,51.38933450318104,2211040,52.35929794311524,56.77542247772217,54.64119529724121,34.97858755194386,-0.7187631243471202,0.39261200589178813,-1.1113751302389083,64.29604249604185,56.77542247772217,49.25480245940248,9320221.3,0.23723041855240065,2.4430928640590723,-0.9090904358510232,0.15641212361443557,0.2665528397010952,-5.493797887806862,-0.9143629535139697
2024-07-31,50.829742431640625,51.66913409675087,50.643210555193946,51.20280618453398,1546031,51.81835708618164,56.71480007171631,54.613215637207034,34.97858755194386,-0.9887280577144892,0.11634399317053265,-1.1050720508850218,64.41350565202035,56.71480007171631,49.01609449141227,9343726.05,0.16546193581949034,2.2541369543921186,0.0,-0.2672783628201558,-0.1089865524954714,5.786127766209859,1.9714618896962133
2024-08-01,53.068119049072266,53.068119049072266,51.482603399654344,51.76239944183405,2547026,51.594520568847656,56.752106475830075,54.62720553080241,43.55348934714731,-1.0104115310964872,-0.10900711168287133,-0.9014044194136158,64.36796937335298,56.752106475830075,49.13624357830717,9416763.45,0.27047785723023554,2.2520355761307216,4.403674916200817,-0.5775112476597344,1.9944277998713122,-8.115014024435908,-3.208546821190894
2024-08-02,51.44844055175781,52.97283733654897,51.44844055175781,52.40118945086444,2794320,51.494422912597656,56.479928207397464,54.61886405944824,39.49473896212005,-1.1450904683627812,-0.31622378301885334,-0.8288666853439278,64.4553401140581,56.479928207397464,48.504516300736825,8909319.2,0.3136401263970877,2.167721298955219,-3.052074440054553,0.4427055244088818,-4.434260881041652,-5.49374755745311,-4.674902218688725
2024-08-05,46.30359649658203,50.11459221266117,46.30359649658203,50.11459221266117,3869175,50.49592819213867,55.819935989379886,54.532547314961754,29.94782919670213,-1.6479736006126373,-0.5825737465376102,-1.0653998540750271,64.85598636579246,55.819935989379886,46.78388561296731,7899954.2,0.4897718267784388,2.5646709997846275,-9.999999999999998,-0.3900105801548759,-8.351980222953914,1.5011101078310274,-3.834121876994323
2024-08-06,44.159912109375,47.351623253077015,41.68276630826343,46.73233498557473,5008380,49.16196212768555,55.043432998657224,54.41050249735515,27.017343978728178,-2.1941961926583815,-0.9048982357617645,-1.289297956896617,65.26990351477014,55.043432998657224,44.816962482544305,7753526.9,0.6459486198467951,2.9785624591218216,-4.629628256555129,0.2764724507885674,3.379268306975858,-0.6669553085850488,-0.46362135453331677
2024-08-07,47.58980941772461,47.7327195754663,44.35046162663104,44.35046162663104,2929863,48.51397552490234,54.50837383270264,54.34251378377279,37.54737894307232,-2.323533239405272,-1.1886252364904661,-1.1349080029148058,65.13151060101998,54.50837383270264,43.8852370643853,7547099.3,0.3882104744534102,3.057795126717752,7.7669930588957214,0.3029438503285631,3.8742452023632135,-3.0944426805978753,-7.54540135430759
2024-08-08,46.01777267456055,46.97052160626759,45.636675282546975,46.30359662718291,2159199,47.10390625,53.987978553771974,54.243661181132,35.0511807751171,-2.5237913126427856,-1.4556584517209301,-1.0681328609218554,65.2180176140359,53.987978553771974,42.75793949350805,7345090.5,0.2939649280019082,2.910506994512403,-3.303305397517653,-0.3905008009258193,-1.9965912706408795,8.796511554413012,1.6120645349833262
2024-08-09,46.01777267456055,47.39925935242551,45.92249923516934,47.35162263272991,2185770,46.01777267456055,53.360328102111815,54.133927536010745,35.0511807751171,-2.6519275089098713,-1.6949122631587183,-0.9570152457511529,64.91052643598334,53.360328102111815,41.810129768240294,7087123.2,0.3084142801412003,2.719340744211572,0.0,-0.7344664716750882,2.86965755714923,-1.287554010734393,-0.09914442437820581
2024-08-12,47.208709716796875,47.49453367473266,46.20832404679721,46.39887456357067,1537635,46.198795318603516,52.717611694335936,54.037825202941896,38.63554234453869,-2.6270941948220923,-1.8813486494913931,-0.7457455453306991,64.1271002685967,52.717611694335936,41.308123120075166,6463141.3,0.23790830629062681,2.5536634450063107,2.5879936664007674,0.07652887976525857,1.417205112604214,-1.304348198275218,-2.6302672428315965
2024-08-13,48.87602233886719,48.97129941830023,47.20871161050316,47.9232733512306,1744006,47.14201736450195,52.09763870239258,53.966402498881024,43.34921482913782,-2.444694503735491,-1.9940178203402128,-0.450676683395278,62.87941056732163,52.09763870239258,41.31586683746353,5330962.65,0.32714654266054555,2.4481869458725827,3.53179028207391,-0.604294595055821,0.10706043617687566,3.6094938416791678,2.395497128508972
2024-08-14,48.87602233886719,49.54294735710259,48.590198369466,49.257123387701405,1468288,47.39925994873047,51.45434913635254,53.89031664530436,43.34921482913782,-2.273928996431337,-2.0500000555584377,-0.2239289408728995,61.3086951577704,51.45434913635254,41.60000311493468,4295619.05,0.34181057093505535,2.2487952181077837,0.0,0.20472686912957894,1.0583302060494848,-2.5099461516084443,-2.3892301287717133
2024-08-15,49.257118225097656,50.20986711287731,49.16184115565055,49.257118225097656,1737291,48.04712905883789,50.816124534606935,53.82990887959798,44.479740887633945,-2.0838238246113363,-2.0567648093690174,-0.027059015242318907,59.354309314548985,50.816124534606935,42.277939754664885,3391878.9,0.5121913403217314,2.1268018255614294,0.7797195188844475,-0.9596021142668665,-0.5996212787569899,6.752947803479348,3.0086644116483097
2024-08-16,50.30514144897461,50.49569195683352,49.35239254412869,50.209868012269474,1605010,48.9046028137207,50.314240074157716,53.79163138071696,47.577944923314305,-1.8275307539062027,-2.0109179982764545,0.18338724437025178,57.57977603465886,50.314240074157716,43.04870411365657,2999863.95,0.5350275968348498,2.0083714130513535,2.1276584210380367,1.398656718686797,2.0742481463743134,-0.05271602131685649,0.29701129965937767
2024-08-19,50.972068786621094,51.162619303367386,50.1145932784872,50.495694311979776,1179500,49.657274627685545,49.94363079071045,53.75825169881185,49.50887212053562,-1.5527025974570918,-1.919274918112582,0.3665723206554903,56.15573514553927,49.94363079071045,43.731526435881634,2703032.2,0.43636180138734565,1.880325361295198,1.3257637657632992,-0.9462871123850913,0.2698102405719105,2.478909511593974,0.9871782542750118
2024-08-20,51.16261672973633,52.21063906744908,51.067339658931495,51.6389911804146,1497500,50.114593505859375,49.69446773529053,53.74670092264811,50.07469823128669,-1.3044863700480889,-1.7963172084996837,0.4918308384515948,55.221055264606015,49.69446773529053,44.167880205975045,2528886.85,0.5921577709180622,1.7947580172329032,0.3738281526553422,-0.7001673407422859,0.08687670993854368,-2.4446751107008224,-1.7595294442468434
2024-08-21,50.49569320678711,51.63899264779279,50.114592181635636,51.16261818357781,1522831,50.43852767944336,49.54253005981445,53.722480328877765,48.045264139208825,-1.1483509017429938,-1.6667239471483457,0.5183730454053519,54.784363381188385,49.54253005981445,44.30069673844052,2378815.9,0.6401634527497483,1.7587103437561367,-1.3035367727030178,-0.0485705808362491,-0.8525040581436327,1.1342661749051297,1.044776134256642
2024-08-22,51.35316848754883,52.11536690030687,50.495693001665586,50.78151695214376,1861197,50.8577377319336,49.40082340240478,53.66591822306315,50.8058443999321,-0.9445333369219071,-1.522285825103058,0.5777524881811509,54.25268732403155,49.40082340240478,44.54895948077802,2329472.25,0.7989779659319831,1.7401721510741561,1.6981156734500846,-0.6270599155635659,-0.40049008413989284,-4.31663738317738,-1.821740191991561
2024-08-23,50.87679672241211,51.06734360986658,50.11459463479856,50.49569567860533,977075,50.972068786621094,49.347216796875,53.57810020446777,49.24051091875692,-0.8120844644157614,-1.3802455529655986,0.5681610885498372,54.103286697742355,49.347216796875,44.59114689600765,2211538.5,0.44180781840334227,1.6732923779643047,-0.9276385063800352,1.0727248962346891,0.041630655400193284,4.075232045577137,3.5105007447112646
2024-08-26,52.591739654541016,53.83031248935323,51.5437136908933,51.82954126653724,3521814,51.29600296020508,49.412000274658205,53.535963249206546,54.65670947923741,-0.5622548920611621,-1.2166474207847113,0.6543925287235492,54.31293285370063,49.412000274658205,44.51106769561578,2195147.55,1.6043632237842054,1.8439888298278806,3.370776154571553,-0.8756060974664415,0.3703771608125628,-2.016763885827655,-0.8236587089064717
2024-08-27,52.21063995361328,52.782291484798954,51.92481600524479,52.40119046400851,994970,51.50560760498047,49.481045150756835,53.489028994242354,53.29575508064971,-0.39051312471136157,-1.0514205615700414,0.6609074368586798,54.50347825824451,49.481045150756835,44.458612043269156,2134344.05,0.46617132790751337,1.7124537164580513,-0.7246379439643236,0.17163104694757347,-0.24783653485163093,1.657308031044158,-1.2701154462959607
2024-08-28,52.02008819580078,52.78229021910443,51.829541324423474,52.11536526593804,797225,51.8104866027832,49.54056243896484,53.438918876647946,52.59062785750675,-0.26670802698687623,-0.8944780546534083,0.6277700276665321,54.65761076769899,49.54056243896484,44.42351411023069,2096903.75,0.3801915085515966,1.6111597402211058,-0.3649672901573253,-0.35839014234928523,0.8368724645030357,-1.8800951236872754,-2.078188752571075
2024-08-29,52.3059196472168,52.6870170526563,51.35317068194471,51.543717567440034,766062,52.0010368347168,49.50245246887207,53.40911693572998,53.5826848387673,-0.14386895399021427,-0.7443562345207696,0.6004872805305553,54.51925307543742,49.50245246887207,44.485651862306725,2007855.55,0.38153242647360763,1.5741846242865039,0.5494636040219048,0.9086610177773791,-0.7546069078691819,2.237713868150193,1.8190990593233591
2024-08-30,52.97283935546875,53.06811642967982,52.30591800823507,52.30591800823507,1082211,52.42024536132813,49.57867240905762,53.38887589772542,55.901390030255364,0.007213589374735818,-0.5940422697416685,0.6012558591164043,54.76346587267905,49.57867240905762,44.393878945436185,1922250.1,0.5629917771886187,1.4659197972409368,1.2750367697386134,-0.39083263225860865,0.29835457649001196,2.057666621270271,0.0
2024-09-02,52.40119171142578,53.16339013670222,52.115367756253214,53.16339013670222,909900,52.38213577270508,49.883552169799806,53.3730972290039,53.43733795142827,0.07989937579827,-0.45925394063368086,0.5391533164319509,54.97371513061815,49.883552169799806,44.79338920898146,1774286.35,0.5128259032145516,1.4102001416686794,-1.079133478586991,0.4331737370221411,-0.14815026617228666,2.057666621270271,0.0
2024-09-03,51.63899230957031,52.78229174308767,51.54371523668212,52.21064020910464,750406,52.26780624389649,50.25750617980957,53.33684304555257,50.256480437688296,0.07513416357981839,-0.35237631979098105,0.42751048337079944,54.62475359925217,50.25750617980957,45.89025876036696,1561387.65,0.480601982473731,1.3873169903002622,-1.4545459310408737,-0.203152061097156,-0.642626632600074,-9.130602747620475,-6.054606084834591
2024-09-04,49.542945861816406,51.448443779578575,48.209095865603345,49.542945861816406,1568220,51.77237777709961,50.35516300201416,53.24855613708496,42.72473312876689,-0.09666147901705813,-0.30123335163619647,0.20457187261913834,54.55539585126464,50.35516300201416,46.154930152763676,1493305.5,1.0501668948517233,1.659660917455823,-4.05903824611512,0.15659122730726782,-4.5240421627673495,-0.3250471311331826,0.8980621714703041
2024-09-05,48.87602233886719,50.59096978972326,48.780748893883114,49.82877132650378,855137,51.08639831542969,50.49807548522949,53.156925964355466,40.63786790820077,-0.28335952585651114,-0.2976585864802594,0.01429906062374825,54.24720067818471,50.49807548522949,46.74895029227427,1428102.4,0.5987924955521398,1.6797355812403996,-1.3461523358126115,-0.08130132213054475,0.4502065283094936,-0.3969924629845134,-1.1518309473571575
2024-09-06,49.82876968383789,49.924046760130004,48.68547020947445,49.161844687588484,801510,50.457584381103516,50.68862533569336,53.08428376515706,44.78687134571886,-0.3504011187859817,-0.30820709294140386,-0.04219402584457782,53.814557136289515,50.68862533569336,47.5626935350972,1358889.4,0.5898272515776487,1.62091437716242,1.9493144068989832,0.16272898106874933,1.1680285631374687,-3.3167285851312234,-2.224576203845108
2024-09-09,50.972068786621094,51.067342227769835,48.49492297226576,48.5901964134145,947132,50.17175979614258,50.87679328918457,53.02603327433268,49.360786018453425,-0.30773006095843414,-0.3081116865448099,0.0003816255863757778,53.53946980590149,50.87679328918457,48.21411677246765,1329364.25,0.7124698892722593,1.7477816942746403,2.2944558134535553,0.05905528468521659,-1.3564144167506398,2.164312809677371,-3.141925300739523
2024-09-10,50.972068786621094,51.92481773590374,50.30514379523349,51.35316982011368,1463335,50.03837509155274,50.98159561157227,52.961565081278486,49.360786018453425,-0.27079142521368027,-0.300647634278584,0.029856209064903716,53.47212893405692,50.98159561157227,48.491062289087616,1315330.7,1.1125225009953772,1.730700660460721,0.0,0.2563547314850423,-0.3800496824621358,-1.6717049184581612,0.0
2024-09-11,50.209869384765625,51.54371570734166,50.209869384765625,51.25789175496456,962519,50.17175979614258,51.04828796386719,52.87351258595785,46.38950616451942,-0.29956718795239823,-0.30043154501334685,0.0008643570609486173,53.366919922576294,51.04828796386719,48.729656005158084,1290042.25,0.7461143229998862,1.6777867487427631,-1.495327578415906,0.1557220455938646,-0.15704496945657676,3.444230336363141,1.3498174407515995
2024-09-12,50.87679672241211,51.16262068804273,50.40042223487809,50.972070166139346,855750,50.57191467285156,51.12927188873291,52.7981299718221,49.267202111545586,-0.2654962493405364,-0.29344448587878474,0.02794823653824835,53.292418210806545,51.12927188873291,48.96612556665927,1245965.2,0.6868169351760387,1.5811153560140088,1.3282793718018215,-0.1585997292772645,2.9587275926014067,-1.771039908715344,-0.05549103494698615
2024-09-13,51.44844055175781,51.734264494600076,50.68624215936224,50.876792666073285,950380,50.89584884643555,51.18643684387207,52.75248228708903,51.66224480139976,-0.19017567857898854,-0.2727907244188255,0.08261504583983698,53.31807967771633,51.18643684387207,49.05479401002782,1213233.7,0.7833445444187711,1.5100362865771861,1.1235845536122113,-0.5730778859112329,0.4913830054379842,3.447280147882381,2.276506075594087
2024-09-16,53.163387298583984,54.878334572515996,51.448440024651966,52.02008790447978,3794295,51.334112548828124,51.29600276947021,52.72142715454102,58.05916994074157,0.00780827750327262,-0.2166709240344059,0.22447920153767853,53.599584244523925,51.29600276947021,48.9924212944165,1343973.45,2.8231919313584655,1.7660173880820986,3.333330861799233,0.04698615258813543,0.41558428502583844,-1.8823179742660012,-0.5428817982657153
2024-09-18,52.40119171142578,54.2114161516,52.40119171142578,53.44921409187479,1937866,51.619937133789065,51.357931518554686,52.685440889994304,54.60070396689729,0.10203300221034084,-0.15293013878545658,0.2549631409957974,53.71244626442896,51.357931518554686,49.00341677268041,1365991.75,1.4186513205515334,1.771911661694381,-1.4336851466544953,0.24009018886061995,-0.7837052942722855,-1.0921293745370542,-0.4880550353139834
2024-09-19,52.68701171875,53.63976058756808,52.21063728434096,52.40118778499428,1159378,52.11536560058594,51.46749744415283,52.66976254781087,55.66717477627384,0.19749347939175266,-0.08284541515001474,0.2803388945417674,53.85675713798843,51.46749744415283,49.078237750317236,1347819.1,0.8601881365236625,1.726206547232079,0.5454456244015082,-0.5025171841719578,1.6783629197754113,3.8363520779839844,2.2888075497272453
2024-09-20,53.2586669921875,53.92558834002895,52.87756596389345,53.35394043203664,1799711,52.591739654541016,51.56277236938477,52.6620574315389,57.8022604799523,0.31563594367543857,-0.0031491433849240857,0.3187850870603627,54.08130744750666,51.56277236938477,49.044237291262874,1344744.8,1.3383290271879096,1.661189223771662,1.085002270557811,-0.03461304571514834,0.5295654552418982,-5.153372676116019,-1.598287015964639
2024-09-23,57.64131164550781,57.64131164550781,53.44921479932771,54.020866351688,9462493,53.83031387329102,51.90099811553955,52.73050518035889,69.80759648290035,0.75421339152809,0.14832336359767875,0.6058900279304112,55.58080028412392,51.90099811553955,48.221195946955184,1769015.7,5.349015839712446,2.024049947711482,8.228979245693857,0.6956707184216482,0.5691005244930158,0.2443555694854549,0.054139058654567584
2024-09-24,56.97438430786133,58.403507678298226,55.926361956653736,58.117683731100584,10464999,54.59251327514649,52.120130348205564,52.798718516031904,66.6978573498053,1.036030995913464,0.3258648900608358,0.7101661058526281,56.43951697314219,52.120130348205564,47.80074372326894,2116174.95,4.9452428307026315,2.0844627175692163,-1.1570301205983458,-0.17505941198043828,0.6562554474329074,1.0467498986156842,0.21646058420676795
2024-09-25,56.97438430786133,61.16647734714036,56.97438430786133,58.02241029351759,17737907,55.5071517944336,52.35831756591797,52.87159506479899,66.6978573498053,1.2450216432705048,0.5096962407027696,0.7353254025677352,57.19332489464519,52.35831756591797,47.523310237190756,2953321.8,6.006086773205683,2.3654800937971916,0.0,-0.7296520762731573,1.4703261303304016,-1.163615269788465,-3.4557276017307403
2024-09-26,56.30746078491211,58.49878624998366,56.30746078491211,57.45076023746058,5738298,56.231241607666014,52.572686195373535,52.94268290201823,63.421260383146056,1.341370597138102,0.6760311119898361,0.6653394851482659,57.71496523647138,52.572686195373535,47.43040715427569,3200375.45,1.7930077547620231,2.3422594766337728,-1.1705673190700816,0.5141959081656822,0.4270830660774827,5.2692004142766535,3.4675605257244113
2024-09-27,56.02163314819336,57.35548302756999,55.449985276716816,56.78383152164492,2686024,56.783834838867186,52.75847187042236,53.004343605041505,62.01514242765413,1.3787703296079385,0.8165789555134566,0.5621913740944819,58.12382180455429,52.75847187042236,47.393121936290434,3296373.55,0.8148421164221513,2.284024579863026,-0.5076194748162788,-1.264795450138878,-0.1575824966969841,1.4593558364400128,3.081061843377131
2024-09-30,55.35470962524414,56.4027355957055,55.35470962524414,56.02163458200162,1869500,56.326514434814456,52.87756538391113,52.97872200012207,58.74251959303336,1.339157755443253,0.921094715499416,0.418063039943837,58.36724922796358,52.87756538391113,47.38788153985868,3335738.0,0.560445694476005,2.1192247652761376,-1.1904749745246024,0.36554889324060813,-2.6212834827579523,-2.3927931091562327,-0.8390127362291944
2024-10-01,55.831085205078125,56.307459664624695,55.16416386927189,55.35471074553156,1834621,56.09785461425781,53.04906005859375,52.91751607259115,60.35197129382684,1.3308626765779792,1.0030483077151287,0.32781436886285054,58.68834193431328,53.04906005859375,47.40977818287423,3381974.05,0.5424704544968345,1.9891009026196933,0.8605872617869048,0.015832654460190554,0.7462542284165874,-2.148461018428016,-2.9084801146494255
2024-10-04,55.35470962524414,56.21218508885356,54.592511232285,55.545260132096075,1855101,55.773919677734376,53.23484592437744,52.84526170094808,57.91876343472214,1.271195686180235,1.05667778340815,0.21451790277208493,58.92314465181132,53.23484592437744,47.54654719694356,3437208.8,0.5397114658847609,1.9398439631462092,-0.8532443496023223,0.6475584055064321,-0.3915951667323836,1.7204593387887268,1.3513601298864808
2024-10-07,56.688560485839844,56.78383392363321,55.068886602211826,55.735811570111444,1500283,55.85013961791992,53.59212665557861,52.81855449676514,62.4800978497494,1.316365540859941,1.1086153348985084,0.20775020596143268,59.20113358976588,53.59212665557861,47.98311972139134,3433811.95,0.4369147238828847,1.9098577442495661,2.409642954729563,1.005679869258036,1.792829627283954,-0.6290251214395082,-1.0555673861183723
2024-10-08,55.449989318847656,56.30746118856948,55.259438802982096,55.92636379128715,1583100,55.73581085205078,53.92082500457764,52.80229301452637,56.36997885376893,1.2379503135029495,1.1344823306193965,0.10346798288355297,59.12181106288043,53.92082500457764,48.71983894627484,3470210.1,0.4561971622409836,1.845759602730657,-2.184869674546719,-0.6747083567230305,-0.4015843133057917,-0.7877304648210681,-0.393028551363106
2024-10-09,54.49723815917969,56.21218546337601,54.49723815917969,56.21218546337601,1758474,55.56431655883789,54.15424842834473,52.73440062204997,52.145546192049906,1.0864032444206586,1.124866513379649,-0.038463268958990326,58.988040039822714,54.15424842834473,49.320456816866745,3518058.3,0.499842199886227,1.828317962926079,-1.718217030105229,0.1500498127376071,0.2109089790889307,0.6663848416811335,0.9582817823639678
2024-10-11,54.40196228027344,54.9736138171674,53.8303143778282,54.21141540242418,1125500,55.27849197387695,54.32574310302734,52.640049362182616,51.72806690805556,0.947688766971396,1.0894309640979984,-0.1417421971266024,58.92169573416803,54.32574310302734,49.72979047188665,3526976.7,0.3191118330892291,1.7369821597811612,-0.17482698596203994,-0.09929871833751491,1.070478351454196,0.028451533431317344,2.591527476229305
2024-10-14,55.259437561035156,55.54526151118525,54.211415199001905,54.40196207613616,1437100,55.259437561035156,54.54011154174805,52.539781951904295,55.2040658487946,0.8966120475836377,1.0508671807951264,-0.15425513321148876,58.86966202677833,54.54011154174805,50.210561056717765,3525664.95,0.40761105220732896,1.683230713434786,1.5761844698617633,-0.20343946585824613,0.3215858580000841,3.497794711255686,0.9884825593322155
2024-10-15,55.068885803222656,56.402735719669195,55.068885803222656,55.449986817764135,1502475,54.93550262451172,54.7830623626709,52.428566487630206,54.26885055283741,0.8311761637069495,1.006928977377491,-0.17575281367054152,58.605073082181924,54.7830623626709,50.96105164315987,3552662.75,0.4229151781997883,1.6366466071696864,-0.3448311568535867,0.06846983628858716,1.3786551243744505,-4.767139960239941,-1.5225529549070749
2024-10-16,54.0208625793457,55.259435404628704,53.73503864034941,54.878334396334594,2748179,54.64967727661133,54.94026565551758,52.295220692952476,49.319980369959005,0.6868336480674202,0.9429099115154769,-0.2560762634480567,58.31866976231959,54.94026565551758,51.56186154871557,3647284.2,0.7534863885846899,1.6216799614509676,-1.9031131801392376,0.05909743352694452,-1.2066723441250926,-0.4183510051991468,1.0491227946849202
2024-10-17,54.78306579589844,55.54526424529942,54.020867346497454,54.30669131071671,1509500,54.70684280395508,55.10699691772461,52.20255794525146,52.6984162052942,0.6267201542507124,0.879671960062524,-0.25295180581181165,58.062475360842654,55.10699691772461,52.15151847460656,3675240.2,0.4107214543419502,1.6087095220513343,1.4109423288700906,-0.11191169434519033,0.1862561878152258,0.3042142375578871,0.8196951178949696
2024-10-18,53.83031463623047,55.259438033652515,53.73504119684849,55.259438033652515,1309437,54.59251327514649,55.140343284606935,52.12665894826253,48.35883222091649,0.4964776360532781,0.8030330952606749,-0.3065554592073968,58.01749870086989,55.140343284606935,52.26318786834398,3550997.3,0.36875189964239063,1.597467830685026,-1.7391344310987766,-0.20848772856875142,1.8800759024857339,-1.0831889415647167,-1.1382171672167818
2024-10-21,55.164161682128906,55.44998561963479,54.11613573200927,54.40195966951515,1835441,54.57345809936523,55.27849178314209,52.1102970123291,54.062206752585645,0.4951816652175225,0.7414628092520446,-0.24628114403452206,57.85108115846325,55.27849178314209,52.70590240782092,3545876.05,0.5176269486351617,1.6004282510475987,2.4778733970109323,-0.08108075314693375,0.23527539270360442,-1.9710885037641845,-2.193010867723144
2024-10-22,55.068885803222656,55.449986817764135,54.497237915859074,54.783061859540865,1503376,54.57345809936523,55.397585487365724,52.135870997111006,53.60678141808308,0.48092285253923706,0.6893548179094832,-0.2084319653702461,57.66780578650828,55.397585487365724,53.127365188223166,3563075.95,0.42193206687048024,1.5140710044952603,-0.17271336317091768,0.028084610514422792,-0.030156527726787896,-0.893652784592669,-0.8968260366216563
2024-10-23,56.97438430786133,58.87988213511053,54.97361304302914,54.97361304302914,8820285,55.16416244506836,55.58337135314942,52.182322374979655,60.73164366526563,0.6162763945141592,0.6747391332304183,-0.05846273871625918,57.72085735380955,55.58337135314942,53.445885352489285,3914104.65,2.2534617208050376,1.8330307495067442,3.460208930770059,-0.11543711676430535,-0.852629098085167,2.1490836872562813,-0.6221847493012134
2024-10-24,55.831085205078125,58.87988247306589,55.831085205078125,58.30823457538949,5762890,55.373766326904295,55.49286003112793,52.24702498118083,55.2490883876366,0.6240961768136373,0.6646105419470622,-0.04051436513342488,57.404839899529954,55.49286003112793,53.58088016272591,3729124.5,1.545373451597017,1.9951329519708805,-2.0066897021745467,-0.03123109124840706,-0.6095637401184573,3.1043115675402966,1.081378189144111
2024-10-25,56.593284606933594,57.54603348156582,55.831082599668996,56.49800753880126,2357962,55.926360321044925,55.473805046081544,52.33531188964844,57.97298107527913,0.6839128112211981,0.6684709958018893,0.01544181541930878,57.330410695163465,55.473805046081544,53.617199396999624,3323772.65,0.709423371661717,1.9577753426276734,1.3651882263362225,-0.06311938616798685,0.6723275032274767,1.6695178915175912,0.05632580575358759
2024-10-28,54.78306579589844,57.26021166506385,54.59251527493597,57.16493822180706,3253964,55.85014114379883,55.3642391204834,52.40120061238607,50.16348577737759,0.5785788981391775,0.650492576269347,-0.07191367813016947,57.10286927072299,55.3642391204834,53.6256089702438,2599575.5,1.2517289842129995,2.0524314822943674,-3.1986459588058125,0.25012638112038577,-0.6440637870254728,1.3894706859923334,0.8441092295790709
2024-10-29,54.30669021606445,54.97361520876553,53.63976522336337,54.783064691643965,1880749,55.69770202636719,55.264200592041014,52.45914974212646,48.31882383008997,0.45145736558799854,0.6106855341330772,-0.1592281685450787,57.00456073204302,55.264200592041014,53.52384045203901,2406698.05,0.7814644633131274,1.9566206160420734,-0.8695672155493939,-0.15593671303683054,-1.170271773009135,3.4053144479762265,0.558029111155034
2024-10-30,52.97283935546875,55.0688877402784,52.78229247594413,55.0688877402784,1599208,54.89739303588867,55.11176090240478,52.45756174723307,43.495805364994645,0.24031185273726408,0.5366107978539146,-0.29629894511665056,57.09053930228109,55.11176090240478,53.13298250252848,2352357.25,0.6798321130857143,2.000617235814366,-2.456144639433644,-0.033745516386241015,-0.4630438149480831,-1.4323959016565913,-3.107652497411173
2024-11-01,52.97283935546875,53.16338986944213,51.257891998605864,51.44844251257924,2270949,54.3257438659668,54.99266738891602,52.48296839396159,43.495805364994645,0.07214586001675372,0.4437178102864825,-0.3715719502697288,57.18505732700675,54.99266738891602,52.800277450825284,2372429.7,0.9572249917458038,1.9879346538172857,0.0,-0.008469656393517155,-0.17681353912938347,0.709320492485066,-0.05894749978038183
2024-11-04,52.02008819580078,53.068114160619,51.92481476011213,52.877563654793086,1322966,53.41110458374023,54.80211753845215,52.578243255615234,40.17389372600514,-0.1364332394388299,0.32768760034142,-0.4641208397802499,57.325203473016984,54.80211753845215,52.27903160388732,2346846.95,0.5637206124583454,1.8753166200425635,-1.7985653992881767,0.18830568818823945,0.8134762750590552,-2.098884221167119,0.41296976190574597
2024-11-05,52.02008819580078,53.068114160619,51.92481476011213,52.11536526593804,1133070,52.8585090637207,54.63538646697998,52.709246190388996,40.17389372600514,-0.29829511805002085,0.20249105666313186,-0.5007861747131527,57.43074603344941,54.63538646697998,51.84002690051055,2310745.4,0.4903482659751265,1.777714324104471,0.0,-0.03382976410999383,0.6157022965944003,1.007189853585877,0.11750275671003063
2024-11-06,52.496463775634766,52.972838233251956,52.020089318017575,52.972838233251956,1115226,52.496463775634766,54.425781631469725,52.79102376302083,42.71107078390885,-0.3837091348891377,0.08525101835267795,-0.46896015324181567,57.20152049903152,54.425781631469725,51.65004276390793,2291492.55,0.48668104986856714,1.6677190858840314,0.915753118374063,-0.2810876692411757,0.47861170401419795,2.9487176421822525,6.748840739027329
2024-11-07,55.449989318847656,55.7358132754216,52.97283988149297,52.97283988149297,3204610,52.99189376831055,54.425781631469725,52.948227373758954,55.35333778550434,-0.21064731973596906,0.026071350734948553,-0.2367186704709176,57.20152049903152,54.425781631469725,51.65004276390793,2372568.05,1.3506925544243085,1.8772698077377383,5.626141897549508,1.6098729025626257,0.8245523226092066,-0.3044051494773381,-1.649260190593671
2024-11-08,53.544490814208984,55.73581263537678,53.353940300531626,55.64053919576248,2459000,53.106224060058594,54.37814426422119,53.073672676086424,47.994660729021035,-0.2246626179804636,-0.02407544300813388,-0.20058717497232972,57.1812865173406,54.37814426422119,51.57500201110178,2407594.35,1.0213514581474241,1.9445501446853939,-3.436427180682944,-0.9296486058043341,0.6197250034959412,-2.2761961418243493,0.0
2024-11-11,53.735042572021484,54.21141705002008,53.35394153584307,53.35394153584307,886514,53.449214935302734,54.3447982788086,53.18244489034017,48.728699991012405,-0.2178822969735279,-0.0628368138012127,-0.1550454831723152,57.16257658345216,54.3447982788086,51.527019974165036,2395645.05,0.3700523163896922,1.7996068606176097,0.3558755623873422,0.627458984621776,-0.1029553901989333,-0.639120230409651,-2.962540612848874
2024-11-12,50.87679672241211,53.06811863817878,50.781519644235956,53.06811863817878,3088078,53.220556640625,54.12566623687744,53.21579113006592,39.681219216493005,-0.43809530644436023,-0.13788851232984223,-0.300206794114518,57.302705473241296,54.12566623687744,50.94862700051359,2478193.95,1.2461002093883733,1.9534623362399988,-5.319146897070837,0.4336932611868294,-2.3284295008224376,0.3859409319530105,-3.9746609584634385
2024-11-13,50.686241149902344,51.35316609288433,49.924042772686605,50.495690646986276,1300064,52.85851211547852,53.90653400421142,53.24596144358317,39.15920365403191,-0.6208353417975587,-0.23447787822338553,-0.3863574635741732,57.39860321556936,53.90653400421142,50.41446479285349,2468073.4,0.5267525674074361,1.8835504674343622,-0.3745431803606869,0.1235439255507842,-0.5288498883201043,-2.4775813897099486,-2.039606147241768
2024-11-14,49.447669982910156,51.54371468159568,49.447669982910156,51.06734022563103,1762200,51.65804824829102,53.677874374389646,53.24913730621338,35.85733044818883,-0.8557360854748239,-0.3587295196736733,-0.49700656580115066,57.697478776278494,53.677874374389646,49.6582699725008,2418774.45,0.7285507749596081,1.911883031601184,-2.443604297523594,-0.020971256315938103,-0.6336314481737659,-2.146300578994087,-1.77585431828573
2024-11-15,49.542945861816406,50.781518781472045,49.542945861816406,50.01932034125694,1118258,50.8577392578125,53.41586837768555,53.23643404642741,36.30226609797281,-1.0224227964719077,-0.4914681750333202,-0.5309546214385875,57.798850677234,53.41586837768555,49.032886078137096,2399212.35,0.4660937994921541,1.8348118005292777,0.19268021918763534,0.3986669276656585,0.12057324525860391,-3.3721196956665977,-4.239405748547087
2024-11-18,48.68546676635742,49.54294222010012,48.39964282659271,49.54294222010012,1259000,49.84782409667969,53.15862598419189,53.198324012756345,34.01534927653165,-1.2097691469310519,-0.6351283694128665,-0.5746407775181853,58.017291524489615,53.15862598419189,48.29996044389417,2396690.5,0.5253077107786759,1.7426106318218668,-1.7307793885544043,-0.23173876056459264,-0.8628257366824488,2.6559622667783334,-0.9114501466969682
2024-11-19,49.447669982910156,49.828767367012674,48.49492107098086,48.68546794580778,1121190,49.561998748779295,52.87280139923096,53.16974156697591,37.76819694680528,-1.2819613968600052,-0.7644949749022943,-0.5174664219577109,57.904210192101914,52.87280139923096,47.84139260636,2360977.95,0.47488372350110253,1.6881087203831933,1.5655662093383205,-0.06007286302424086,1.3406124900682936,0.2557132376070914,0.06569309152160141
2024-11-20,48.78074264526367,48.78074264526367,48.78074264526367,48.78074264526367,1074684,49.18089904785156,52.558394241333005,53.14115905761719,35.8470362414006,-1.3771152105270303,-0.8870190220272416,-0.49009618849978875,57.79373416419061,52.558394241333005,47.3230543184754,2339543.35,0.4593563098542286,1.5519512026849653,-1.348753819698656,-0.36001887929690835,-0.7021874267539641,0.9902415868041414,-0.3939585576520743
2024-11-21,48.97129821777344,49.447672699913454,48.49492373563342,48.78074769802765,596872,49.08562469482422,52.158239936828615,53.101461219787595,36.83567385070494,-1.4207712842764622,-0.9937694744770857,-0.4270018097993764,57.191927395053064,52.158239936828615,47.124552478604166,1928372.7,0.3095210796128777,1.472057570897641,0.3906368828689111,0.45165552347810056,-0.5848779832719808,1.7233749876451654,2.175345291212283
2024-11-22,49.257118225097656,50.019316608431666,49.257118225097656,49.4476687295433,675417,49.02845916748047,51.82954158782959,53.07446657816569,38.36982951452889,-1.4159831786893093,-1.0782122153195306,-0.33777096336977874,56.70960646030045,51.82954158782959,46.94947671535873,1673999.05,0.4034751393676119,1.415519013532386,0.5836480096018448,0.10408579018676978,1.5457767754733176,1.6795698924731095,3.0967684310004406
2024-11-25,50.209869384765625,50.30514282407508,49.73349491932088,49.924045432388525,655517,49.33333969116211,51.51037082672119,53.0347687403361,43.31244504256701,-1.3200923119601669,-1.126588234647658,-0.19350407731250896,55.88768311206191,51.51037082672119,47.13305854138048,1588876.8,0.4125662858190138,1.3665197582583906,1.9342405605501378,0.194435698150075,0.19231667879251457,3.9787367621188396,7.1964857423109985
2024-11-26,49.82876968383789,50.30514416195192,49.44767228201597,50.01932020197327,450139,49.409559631347655,51.26265602111816,52.99507090250651,41.86610688729462,-1.2603214687340198,-1.1533348814649305,-0.10698658726908938,55.415121263541714,51.26265602111816,47.11019077869461,1448685.55,0.31072236483617854,1.2986467078153985,-0.7590135278132459,-0.7261611146034852,-1.1748520051593436,-2.1688074431020388,6.187992745678139
2024-11-27,48.68546676635742,50.2098671691835,48.590193331252046,50.01931666452416,828150,49.39050445556641,50.98159484863281,52.939493878682455,37.789187842268625,-1.2903334742249868,-1.1807346000169419,-0.10959887420804493,55.02608294119246,50.98159484863281,46.937106756073156,1396055.6,0.5932070327284958,1.3414503251642056,-2.294463469065544,0.22577646053867362,-1.5167516755981714,-0.6636560614634912,4.233106259059327
2024-11-28,48.97129821777344,48.97129821777344,47.82799873374762,48.78074769802765,1068040,49.39050445556641,50.781517791748044,52.8839168548584,39.3785726372939,-1.2763411294200395,-1.1998559058975615,-0.076485223522478,54.80710882271289,50.781517791748044,46.7559267607832,1369497.2,0.7798774615968547,1.3150302130124205,0.5870981021661503,0.030242115860379393,-0.16064141835966383,-0.6636560614634912,4.233106259059327
2024-11-29,48.59019470214844,49.066569160012634,48.113820244284234,48.49492126435507,632135,49.257119750976564,50.56238555908203,52.81087277730306,37.985113507722616,-1.2812346881051155,-1.2161316623390723,-0.06510302576604321,54.5627854847552,50.56238555908203,46.56198563340886,1287556.5,0.490957095863366,1.2667260400412177,-0.7782181185604808,0.24526484448965657,-0.1632385004971093,1.0945334600741985,0.7384003982506826
2024-12-02,48.59019470214844,49.35239310784142,48.30437075431965,48.97129572221927,533096,48.93318481445313,50.39089088439941,52.74735616048177,37.985113507722616,-1.2704677077232844,-1.2269988714159148,-0.04346883630736964,54.42212758286419,50.39089088439941,46.35965418593463,1248063.0,0.427138694120409,1.2375655485052919,0.0,-0.170188817196526,2.131071027512643,3.9791817946690955,1.6230151278886051
2024-12-03,49.447669982910156,49.73349392959921,48.971295526945504,48.971295526945504,522569,48.856964874267575,50.26226997375488,52.7108341217041,43.22740351718528,-1.179151188357963,-1.2174293348043244,0.038278146446361294,54.23841315347889,50.26226997375488,46.28612679403088,1217537.95,0.4292014060013489,1.2249967056980229,1.7647084684840886,0.4701136177487131,1.2777945571064597,-5.598376687623174,-4.246503605792629
2024-12-04,50.209869384765625,50.40041989783327,49.35239389318559,49.44767096694378,730268,49.16184539794922,50.14794025421143,52.72194951375325,47.47753049470772,-1.0333670549367469,-1.180616878830809,0.14724982389406205,53.98257033899522,50.14794025421143,46.31331016942764,1198290.05,0.6094250720015575,1.2014006122246432,1.5414263242714998,-0.39120209053116195,0.9895539123634611,-5.500639553335596,2.2174250872795565
2024-12-05,49.92404556274414,50.59096690854917,49.828768488737175,50.305142955425765,629000,49.35239486694336,49.87164306640625,52.73941656748454,46.084276104401674,-0.930173214782954,-1.130528146021238,0.20035493123828396,52.782871575152086,49.87164306640625,46.960414557660414,1069509.55,0.5881200406298382,1.1428403199029569,-0.5692582464837281,-0.4651336042930887,0.054221440666024634,-0.34864840484709614,-3.386234721842085
2024-12-06,50.209869384765625,50.59096677645217,50.019318871697976,50.30514282407508,680248,49.6763298034668,49.70491199493408,52.745768229166664,47.73597115387182,-0.8159223147315942,-1.0676069797633092,0.25168466503171505,52.05912639080263,49.70491199493408,47.350697599065526,980571.95,0.6937257383305734,1.0793844390769665,0.5725173487037605,0.03032821885522452,-0.3209133409747267,1.186490423856168,-0.43812306850659066
2024-12-09,49.161842346191406,50.305141766103716,48.78074496251974,50.20986832879797,750130,49.79065933227539,49.47625198364258,52.715597788492836,42.58456925582192,-0.8007145378285472,-1.0142284913763568,0.21351395354780967,50.878003513008544,49.47625198364258,48.07450045427661,973752.75,0.7703495574210188,1.1387194210112344,-2.0872928996150786,0.20171769247800952,0.3448434410777468,1.743842033447085,-0.16502866204217703
2024-12-10,49.257118225097656,50.40041761732295,49.257118225097656,49.257118225097656,780000,49.75254898071289,49.39526805877686,52.687015279134116,43.18482890473814,-0.7720743058939945,-0.9657976542798844,0.1937233483858899,50.63399712137415,49.39526805877686,48.15653899617956,858348.85,0.9087214365115069,1.1520335343606092,0.1938004646679703,-0.05310753893845721,-0.6366533332259117,-1.9799112902525784,-1.5977796114320042
2024-12-11,49.447669982910156,50.20986838556386,49.447669982910156,50.01931787628827,786000,49.6001091003418,49.33333950042724,52.67431195576986,44.43600563923439,-0.7256361001266782,-0.9177653434492432,0.19212924332256498,50.41408656590825,49.33333950042724,48.25259243494624,832645.65,0.9439789903424103,1.125462417841355,0.38685120989356836,0.472647811741278,-0.957614927178041,2.4570469894366065,0.9518365498143888
2024-12-12,49.63821792602539,50.87679444574842,49.5429444865615,49.63821792602539,1338393,49.54294357299805,49.34286689758301,52.65366897583008,45.72320126490124,-0.6657831274949331,-0.8673689002583813,0.20158577276344825,50.4311907185966,49.34286689758301,48.25454307656941,811455.3,1.6493736623570021,1.16595069050761,0.38535272376047924,-0.1168319802240636,0.6250970544977807,-1.2652649623457912,-2.384917982910717
2024-12-13,48.49492263793945,49.638218461637635,48.20909504756612,49.638218461637635,1431003,49.199954223632815,49.29046573638916,52.60444367726644,39.77006016130721,-0.7025055436849428,-0.8343962289436937,0.13189068525875092,50.437562002135735,49.29046573638916,48.14336947064258,827092.55,1.7301606694438245,1.2010403869827968,-2.3032561116310912,-0.06095614844506825,-0.11420375760532453,-1.7136067879896855,1.193168677000389
2024-12-16,47.542171478271484,48.97129482570111,47.35162097172448,48.7807443191541,1022012,48.87602005004883,49.23330097198486,52.510756746927896,35.609248043167725,-0.7992738478109089,-0.8273717527171368,0.028097904906227877,50.60022950029519,49.23330097198486,47.86637244367453,815243.15,1.2536284420175747,1.2568581825819742,-1.9646410548608495,0.09948574552680611,0.08435932473851437,0.7277188653669775,-0.39302593413381715
2024-12-17,47.49453353881836,48.39964576506555,47.35162337748383,47.63744733460168,592110,48.523503112792966,49.135644149780276,52.428979110717776,35.409766332462,-0.869781114329669,-0.8358536250396433,-0.03392748929002565,50.70253618734008,49.135644149780276,47.56875211222047,788789.15,0.750656877062774,1.2290134099152734,-0.10020143794841063,-0.2501633362811728,-0.0950118039959369,1.9566456571246338,-1.2965189636549246
2024-12-18,48.01854705810547,48.20909393469066,47.161071575677305,47.542172597745086,704000,48.23767852783203,49.097534370422366,52.3511713663737,39.42931223953592,-0.873308166453036,-0.843344533322322,-0.02996363313071404,50.73620323656859,49.097534370422366,47.45886550427614,770254.95,0.9139830909233365,1.2048812697950173,1.10331332943574,0.03948023999278405,0.6545316375484278,-4.148210285221554,-0.7424124545280741
2024-12-19,47.73271942138672,47.92326993220926,47.256344961554724,47.49453219147072,609000,47.8565788269043,49.03560543060303,52.25907224019368,38.038773622447096,-0.8889203615990198,-0.8524596989776616,-0.036460662621358164,50.784286121764715,49.03560543060303,47.28692473944134,770861.35,0.7900253398357565,1.1458573800291143,-0.595244242548365,0.7653556048109023,-1.0204294103727585,-0.20021138581083342,-2.1288737706551264
2024-12-20,46.58942413330078,48.01854752837812,46.54178377923921,48.01854752837812,1171520,47.47547912597656,48.902220726013184,52.07487411499024,33.02218451587474,-0.9822250347760928,-0.878412766137348,-0.10381226863874482,50.959498190659595,48.902220726013184,46.84494326136677,795666.5,1.4723756749844312,1.189978229243754,-2.395202498296556,-0.14688883539788478,-1.840203207273594,1.0802421532034145,0.9994003946645513
2024-12-23,47.82799530029297,48.1138192421686,47.16107034628408,47.16107034628408,691334,47.53264389038086,48.783127021789554,51.92243429819743,41.953319412831384,-0.9453301410690074,-0.89179624112368,-0.05353389994532742,50.796984500355556,48.783127021789554,46.76926954322355,797457.35,0.8669228517362089,1.234567146526963,2.6584813829173104,-0.042905113412716744,2.640082018191703,1.725186646439636,0.2910306777849536
2024-12-24,48.59019470214844,49.257119670048056,47.92326973424882,48.113820244284234,1264207,47.751776123046874,48.72119827270508,51.78269780476888,46.666440137405196,-0.8448486607679229,-0.8824067250525286,0.03755806428460573,50.67494528740545,48.72119827270508,46.76745125800471,838160.75,1.5083109057540574,1.2605081096240462,1.593626069982479,-0.024526060488960777,0.06795708770699349,1.906054817368008,1.7991977557835437
2024-12-25,48.68546676635742,49.73349272475946,48.590193331252046,49.066567775676084,728000,47.88516006469727,48.72119827270508,51.6556645711263,47.24306371519356,-0.7488958985920888,-0.8557045597604407,0.10680866116835186,50.67494528740545,48.72119827270508,46.76745125800471,833153.25,0.8737888257652479,1.2448802808084949,0.19607261257748032,0.018390283940372676,0.4320483869864056,1.906054817368008,1.7991977557835437
2024-12-26,49.257118225097656,50.59096448732002,48.97129428565348,49.06656772065201,1834252,48.190039825439456,48.73548927307129,51.54292265574137,50.688101366014415,-0.6195829811064755,-0.8084802440296477,0.18889726292317222,50.70108443923452,48.73548927307129,46.769894106908055,871463.85,2.1047941346046657,1.3329626061623756,1.1741726981556955,0.2879211150416561,0.11545410278845925,-1.2960307261217108,1.311291120709046
2024-12-27,48.87602233886719,50.01932185092089,48.87602233886719,49.92404840593681,634479,48.647359466552736,48.74978065490723,51.434944534301756,48.41818159011131,-0.5416094784896188,-0.755106090921642,0.21349661243202323,50.71508415927102,48.74978065490723,46.78447715054343,871581.05,0.72796328006443,1.3076741936145524,-0.7736869308693994,0.041578320025936755,0.12363018552592475,-1.507004711168436,-1.6319580244515852
2024-12-30,48.59019470214844,49.161842597806,48.30437075431965,48.97129572221927,433466,48.79979934692383,48.74978065490723,51.314263025919594,46.72798891317182,-0.49714800468485976,-0.7035144736742857,0.2063664689894259,50.71508415927102,48.74978065490723,46.78447715054343,866599.55,0.5001918129313591,1.247647213597459,-0.5848013464292423,0.26587407296438936,-0.3672522989560889,-3.8630555510286935,-3.661340184185524
2024-12-31,48.87602233886719,48.97129941830023,47.9232733512306,48.30437440006482,427109,48.856964874267575,48.72119827270508,51.20628490447998,48.658108803285536,-0.43384694729689954,-0.6495809683988085,0.21573402110190898,50.66021773475223,48.72119827270508,46.78217881065793,861826.55,0.4955857997180523,1.2210310607270816,0.5882413899982009,-0.14782773801352844,-0.6688153383762052,-0.6460760373890873,0.5938366910320569
2025-01-02,48.2090950012207,48.87601998736936,48.11382156082038,48.87601998736936,726333,48.76169052124023,48.62115955352783,51.06496047973633,44.59781243032606,-0.4325101577904249,-0.6061668062771318,0.17365664848670692,50.439486513098245,48.62115955352783,46.80283259395742,861629.8,0.8429757188063829,1.1598536897030456,-1.3645286701576165,0.1251537494249222,-0.8814334035584737,-2.1252976507575294,-1.475816039216471
2025-01-03,48.01854705810547,48.87601890608492,47.73271947433028,48.39964444572455,688092,48.5139762878418,48.5258846282959,50.94110310872396,43.48142056559329,-0.44173433061601486,-0.5732803111449085,0.13154598052889366,50.25422853081898,48.5258846282959,46.79754072577282,864584.4,0.7958644638973361,1.157646455309925,-0.39525310132955127,0.20975544231986998,0.3339174500631481,3.565063677813307,2.816059906470847
2025-01-06,48.49492263793945,48.780746593863995,47.82799765114966,48.39964556299875,703022,48.43775634765625,48.44013729095459,50.84106451670329,47.05002779973925,-0.40592576642576006,-0.5398094022010789,0.1338836357753188,49.976172647811794,48.44013729095459,46.90410193409738,865723.1,0.8120633491239867,1.1303267869638465,0.9920657933642607,0.12929662335154912,2.79117234558639,0.9388237994850446,0.17484960996152488
2025-01-07,48.01854705810547,48.87601890608492,47.63744603603769,48.59019495675844,779219,48.32342681884766,48.38297252655029,50.734674263000485,44.05444110263056,-0.4112461596375283,-0.5140967536883687,0.1028505940508404,49.89075555331787,48.38297252655029,46.875189499782714,867177.55,0.8985691569160202,1.1447595980416319,-0.9823205274304248,-0.5362688493261603,0.43978199844929566,-2.7592660596029384,0.05815844931063019
2025-01-08,47.82799530029297,48.1138192421686,47.351620852350706,47.82799530029297,790184,48.11382141113281,48.31151638031006,50.610816891988115,42.878436286766984,-0.42592870298065577,-0.49646314354682614,0.07053444056617036,49.77980899905615,48.31151638031006,46.84322376156397,867686.75,0.9106788826728079,1.0937514369451338,-0.39682949503224707,-0.034527787352645056,-1.031401095838369,-7.046067593176552,-3.2558200004464077
2025-01-09,46.39887237548828,47.923269168890705,46.35123565715357,47.923269168890705,970518,47.75177688598633,48.15907649993896,50.46631666819255,35.27330280902008,-0.5465823397384,-0.5064869827851409,-0.040095356953259054,49.757960914028246,48.15907649993896,46.56019208584968,876912.65,1.1067442122085933,1.1575223802507337,-2.9880468872504284,0.5983308797275377,-1.3935772156041248,-7.046067593176552,-3.2558200004464077
2025-01-10,46.49414825439453,47.208709970295416,45.92250033545335,46.20832429492394,648169,47.44689712524414,48.00187301635742,50.34087142944336,36.08717086955576,-0.6272823287413942,-0.5306460519763916,-0.09663627676500264,49.60666301771205,48.00187301635742,46.39708301500279,842401.45,0.7694300621158713,1.1746806808629116,0.20534093616590976,-0.27125588031043923,-0.3001217089277253,-7.494430875770341,-1.6826955380992548
2025-01-13,44.87446975708008,46.20831961203151,44.588645826575764,46.20831961203151,1388404,46.72280654907227,47.82085037231445,50.17572816212972,29.334446884245267,-0.8125654215780358,-0.5870299258967204,-0.22553549568131537,49.92923395215632,47.82085037231445,45.71246679247258,840271.5,1.65232784879649,1.2721235804570257,-3.483617956505669,0.8080683673291622,-2.2750412660863084,3.5780503416997123,-0.6112356093005533
2025-01-14,45.54139709472656,45.92249811186683,43.63589927792253,43.63589927792253,1790304,46.227376556396486,47.720811653137204,50.03757953643799,34.74882849881338,-0.8952680523178174,-0.6486775511809398,-0.24659050113687753,50.06189447416485,47.720811653137204,45.379728832109556,878686.1,2.0374784578929837,1.4073869475886618,1.486206614265928,-0.12629097569892833,1.3748884512583492,-1.2350074098805952,-1.107019625318395
2025-01-15,45.73194885253906,46.01777280597768,45.25557438532511,45.73194885253906,634000,45.8081672668457,47.632682418823244,49.88037598927816,36.25172360312515,-0.9346603657805446,-0.7058741141008609,-0.2287862516796837,50.13666723871141,47.632682418823244,45.12869759893508,880780.6,0.719816035911781,1.3213618106638492,0.4184143877188351,-0.308884934043574,-1.2411403721450665,0.09061115763686622,2.363188189467813
2025-01-16,45.58903503417969,46.4941472482912,45.58903503417969,46.11304985539339,551100,45.646199798583986,47.511206817626956,49.722378476460776,35.58964439155173,-0.9662724217725369,-0.7579537756351962,-0.20831864613734075,50.16746820203001,47.511206817626956,44.854945433223904,873135.6,0.6311734397268878,1.2658618644568709,-0.3125032323030741,-0.47462027715259314,2.2675507006747475,-3.1142517381116064,0.3037670650690272
2025-01-17,45.44612503051758,45.73194898478272,45.25557451619123,45.54139847045637,368151,45.4365951538086,47.39687709808349,49.530240821838376,34.90317788364183,-0.9914282787903375,-0.8046486762662244,-0.18677960252411308,50.2054639626152,47.39687709808349,44.58829023355179,861093.15,0.42753911118675136,1.1605968783414866,-0.313474508848377,0.14330122044485805,0.5341148174661026,2.093071914994482,-0.060559834164941595
2025-01-20,45.39848709106445,45.73194775634165,45.017386072648804,45.73194775634165,558202,45.54139862060547,47.33733024597168,49.356364186604814,34.66316259305883,-1.0036391331191723,-0.844446767636814,-0.15919236548235827,50.26593424651829,47.33733024597168,44.408726245425065,830427.25,0.6721865160373771,1.101125519055001,-0.10482288516597826,0.2040049502909147,0.5129593209210137,2.093071914994482,-0.060559834164941595
2025-01-21,45.3032112121582,45.92249947477853,45.160301052325735,45.35084793210236,448053,45.493761444091795,47.21109104156494,49.168196296691896,34.15725456068064,-1.0093689137953277,-0.8774311968685168,-0.1319377169268109,50.26559894148456,47.21109104156494,44.15658314164532,818263.2,0.5475658687815852,1.0559352395080404,-0.2098657576741214,-1.8049163113836197,0.14264713733647127,1.793885270136486,4.848466095206305
2025-01-22,45.82722091674805,46.97052033063638,45.44612353508436,45.82722091674805,1025509,45.51281585693359,47.07294235229492,49.01893221537272,39.39620467487123,-0.9605539345994316,-0.8940557444146998,-0.0664981901847318,50.114723559502465,47.07294235229492,44.03116114508738,806328.3,1.2718256323137858,1.137451756704059,1.15667232094403,0.8293035215003464,0.9673832452960607,0.7552565443905701,-0.5780239706307255
2025-02-03,43.778812408447266,45.30320918514643,43.25480124360996,45.06502196163415,1559825,45.15077133178711,46.827609634399415,48.84346758524577,29.511059398376375,-1.0747679038733793,-0.9301981763064358,-0.14456972756694353,50.10420448387287,46.827609634399415,43.55101478492596,847919.55,1.839590796084369,1.3287808122285958,-4.469851034654749,-0.3354747105550504,-3.5310722033439546,-3.9740195357103825,-3.9574582833931005
2025-02-04,43.44534683227539,44.588646198271796,43.20715961579483,44.54100948186538,884000,44.75061569213867,46.5370210647583,48.684676043192546,28.267585959087484,-1.1786049581971838,-0.9798795326845855,-0.1987254255125983,49.93499897492208,46.5370210647583,43.13904315459452,800406.95,1.1044381861002082,1.335808248261712,-0.761705395433554,0.4843438559004598,0.4373265659709302,0.6366962200720527,2.3370150620267482
2025-02-05,44.25518798828125,44.541011936922565,43.2548023508123,44.01700075867204,1331032,44.52195587158203,46.305979347229005,48.53938185373942,35.38789911244619,-1.1819246668527157,-1.0202885595182116,-0.16163610733450406,49.66244790633156,46.305979347229005,42.94951078812645,835234.6,1.59360256387846,1.329195093308186,1.8640457840797708,-0.2891986256126744,1.6127918339116087,2.253853990468846,9.855778807639393
2025-02-06,45.58903503417969,45.92249934172011,44.44573922103752,44.58864938045591,860108,44.57912063598633,46.155921363830565,48.43219763437907,45.06080212190604,-1.0646525982706763,-1.0291613672687046,-0.03549123100197171,49.34666313658468,46.155921363830565,42.96517959107645,856566.7,1.004134295671312,1.3742772613256096,3.0139902382781525,-0.21221627178528157,0.669296009715703,1.3921063205962314,-3.829336799812766
2025-02-07,45.9224967956543,45.9224967956543,45.303208569163324,45.684309575380624,403029,44.598175811767575,46.00824508666992,48.33057111104329,47.18937710014388,-0.934039041078556,-1.0101369020306747,0.07609786095211879,48.931053004618306,46.00824508666992,43.08543716872154,855362.7,0.47117906824789063,1.2736120566809914,0.7314516774145297,-0.07860262820782449,0.6933683495169651,-2.269257547430381,-2.332195292721828
2025-02-10,46.06541061401367,46.06541061401367,45.493762693632384,45.82722337478,468026,45.05549545288086,45.90106086730957,48.22338689168294,48.11715345525865,-0.8096616299497583,-0.9700418476144915,0.1603802176647332,48.635176235003826,45.90106086730957,43.16694549961531,842447.35,0.5555551928556722,1.1800168385076977,0.3112065508879214,0.09726337705842081,-0.9631412824059216,-8.21463235994665,-1.3977863206440788
2025-02-11,46.58942413330078,47.30398583083945,46.39887362040072,46.39887362040072,1085150,45.68431091308594,45.82960472106934,48.07571080525716,51.48281584486962,-0.6611863788948895,-0.9082707538705712,0.2470843749756817,48.40053795770535,45.82960472106934,43.25867148443332,862300.25,1.2584363741051914,1.1878246222834419,1.137542273698311,0.11422745347031693,0.5673032792007815,1.892005468381397,0.47255326744144455
2025-02-12,46.637062072753906,47.161073271098566,46.4465115548698,46.4465115548698,582018,46.16068572998047,45.73671169281006,47.96058699289958,51.78900374187575,-0.5335245502329116,-0.8333215131430394,0.2997969629101278,48.020362951659216,45.73671169281006,43.45306043396091,856250.05,0.6797290114026854,1.1247229014761517,0.10225054363588448,-0.18895087172872138,-0.40326965645153257,4.443983005535723,1.5284933525709699
2025-02-13,48.59019470214844,48.685468139941804,46.779970308485,46.779970308485,1867172,46.76091766357422,45.76529407501221,47.874839528401694,62.29533273238004,-0.27161909523000816,-0.7209810295604331,0.44936193433042493,48.17975939409606,45.76529407501221,43.350828755928354,910647.7,2.0503779892048266,1.2478806569043845,4.187940969239534,0.16004999541816556,0.4708515817043901,1.7179320256933472,2.779396629188513
2025-02-14,48.78074264526367,48.97129314527202,47.923267212450355,48.59019214525532,756056,47.332566833496095,45.81293144226074,47.83990529378255,63.139300148188994,-0.04812673365181297,-0.5864101703787091,0.5382834367268962,48.42801363080183,45.81293144226074,43.19784925371965,908941.3,0.8317984890773474,1.221233360360022,0.39215307591020654,-0.7319906963362488,-1.0547307799725902,1.78712430249921,4.957736674234092
2025-02-17,49.06657028198242,49.25712079637502,48.59019581322531,48.59019581322531,695300,47.93279876708984,45.94631633758545,47.81291077931722,64.42563020870105,0.15032363727906528,-0.4390634088471543,0.5893870461262196,48.932975053909246,45.94631633758545,42.959657621261655,895180.4,0.7767149504166981,1.147325576731981,0.5859435941705682,0.15391983887540484,1.523459828704521,1.78712430249921,4.957736674234092
2025-02-18,49.161842346191406,49.257119417945816,48.87601839982549,48.97129547157991,458145,48.44728240966797,46.079701042175294,47.808146985371906,64.86574466629672,0.3116916579477973,-0.28891239548816394,0.6006040534359612,49.39010814010441,46.079701042175294,42.76929394424618,885679.2,0.517280974872166,1.045162302250427,0.19416899053972259,0.12581943498035653,0.6840120787098725,0.23152407417601495,-0.16102123942272062
2025-02-19,50.686241149902344,51.06733852128594,49.06656732678855,49.06656732678855,2450347,49.257118225097656,46.3702896118164,47.82720190684001,71.03953244615815,0.5561720156572463,-0.11989551325908189,0.6760675289163282,50.212796248704045,46.3702896118164,42.52778297492876,938776.35,2.6101499041811183,1.1725768212166887,3.1007763968166957,0.04493902906270719,-0.26210179244977594,6.871991611925088,2.6881858283221316
2025-02-20,51.25788879394531,52.11536423599148,50.87679142427365,50.972064858079435,2552313,49.79065704345703,46.656114196777345,47.8700756072998,72.9584941924519,0.7869798342916425,0.061479556251062994,0.7255002780405795,51.04990697276184,46.656114196777345,42.26232142079285,976876.8,2.6127276233809624,1.2067829898663482,1.1278162102262623,0.07610438798688612,-0.49406348495265595,0.3962557977111203,-0.10471629468223886
2025-02-21,53.163387298583984,54.68778770220578,51.63899052941076,52.305915478842266,5906904,50.6671859741211,47.02768611907959,47.9320042292277,78.15467385687504,1.1108493183861512,0.2713535086780806,0.8394958097080706,52.267813253355534,47.02768611907959,41.787558984803646,1240522.0,4.761627766375768,1.5031984456522312,3.7174736405916065,-0.16155224353523456,1.0336965036197743,-3.0319382678797524,-2.358508667467496
2025-02-24,54.21141815185547,54.59251556133077,52.782294688813046,52.87756813256964,3005949,51.6961555480957,47.45880527496338,48.0225154876709,80.3869529725466,1.4355375655201925,0.504190320046503,0.9313472454736895,53.55019597719358,47.45880527496338,41.36741457273318,1363264.45,2.204963974524532,1.544134769234297,1.9713394998429612,0.24378228572174976,-0.6950599050789652,-1.2025859766080393,-1.5029392563599586
2025-02-25,53.735042572021484,54.11613997375106,53.16339101775386,54.11613997375106,1837050,52.61079559326172,47.87325115203858,48.10191122690836,76.55749100352027,1.6355620711168584,0.7304646702605742,0.9050974008562842,54.493060473610925,47.87325115203858,41.25344183046623,1436709.4,1.2786510619336102,1.4779870845499388,-0.8787366131975616,-0.2236579215236012,-1.1864466763289783,-4.082397458583031,-1.9073645001318362
2025-02-26,52.782291412353516,54.11613771439195,52.782291412353516,54.020864276549446,1783800,53.030005645751956,48.24244136810303,48.16066411336263,69.43331302196162,1.6976346018402495,0.9238986565765093,0.7737359452637402,55.10043093408082,48.24244136810303,41.38445180212524,1497989.3,1.1907962226432458,1.4587683135484046,-1.7730536984147505,0.2403748003681816,0.5017241236141778,-1.3080866217780596,-0.16666796761496405
2025-02-27,52.591739654541016,53.54448854815789,52.11536520773258,52.78229016015411,1318087,53.296775817871094,48.60686779022217,48.20036195119222,68.06899823955399,1.7117199531873268,1.0814629158986728,0.630257037288654,55.580853866998176,48.60686779022217,41.63288171344616,1541491.0,0.8550727834285118,1.454815650465325,-0.36101456134945975,-0.0854219922061139,-1.4928761271182256,-6.271015265656499,-6.622148410558626
2025-03-03,51.44844055175781,52.40118945086444,50.9720661022045,51.924815001311124,1060305,52.95378646850586,48.88792877197265,48.22735646565755,60.400366902351436,1.6120453575456395,1.187579404228066,0.4244659533175734,55.84329749812032,48.88792877197265,41.932560045824985,1543230.8,0.6870683244528297,1.4767967040481502,-2.1739138318929596,0.010029005274558855,-1.288020531332612,-4.548351592666533,-3.033835618620939
2025-03-04,51.54371643066406,51.638993505759295,50.11459301427468,50.78151800214615,853264,52.42024612426758,49.276173973083495,48.274993960062666,60.79673484743891,1.5231821933796255,1.254699962058378,0.2684822313212474,55.88919037858814,49.276173973083495,42.66315756757885,1507902.75,0.5658614257451284,1.4831438757063453,0.18518710748949285,-0.048922726206168665,-0.7003312963471564,-0.9351996668276907,1.925398058599237
2025-03-05,51.7342643737793,52.02008831595404,51.25788992533851,51.92481488004533,509097,52.02009048461914,49.69061985015869,48.32104339599609,61.62405281344604,1.451402260297158,1.294040421706134,0.15736183859102382,55.78350247920807,49.69061985015869,43.59773722110931,1489157.6,0.34186912117293694,1.38701781102757,0.36968219660986623,-0.28611765666530786,1.2170685545562776,4.495392053374547,2.7744883608376902
2025-03-06,51.35316848754883,52.305917412108556,50.97206746394545,52.11536690030687,635492,51.734265899658205,50.04551887512207,48.3670929590861,58.94481948684828,1.3482234128517945,1.3048770199352662,0.04334639291652831,55.60924294149858,50.04551887512207,44.48179480874556,1454380.6,0.4369502728515493,1.3799287626456413,-0.7366411619909363,0.019216094991714172,-0.6841176310348751,-5.614111671586497,1.2062013336311406
2025-03-07,50.209869384765625,51.35316882872276,50.209869384765625,51.35316882872276,586416,51.25789184570313,50.276560592651364,48.39408753712972,51.68486422217879,1.1608175679036208,1.2760651295289374,-0.11524756162531657,55.42970022679885,50.276560592651364,45.12342095850388,1440696.0,0.40703659897716105,1.348378186820507,-2.2263457863567093,0.17315585352613017,-0.6135009415062398,3.4639936662812953,0.9080623510765662
2025-03-10,50.590965270996094,51.06733972226517,50.11459081972702,50.30514132712438,951047,51.08639678955078,50.50998401641846,48.41314245859782,53.73056260950014,1.0311617479095645,1.2270844532050629,-0.19592270529549838,55.23810319919437,50.50998401641846,45.781864833642544,1468096.9,0.6478094191194056,1.295627615582859,0.7590059303083985,-0.09403841713142569,-0.5178931508299844,-2.73128113830563,-0.8436622159063378
2025-03-11,49.161842346191406,49.352392855251566,47.92326948897335,49.257119417945816,1121000,50.61002197265625,50.66480560302735,48.395675341288246,45.88461353238603,0.8038243137655954,1.1424324253171694,-0.338608111551574,54.963413359060155,50.66480560302735,46.36619784699454,1500745.6,0.7469620434002938,1.478570037774844,-2.824857990254648,0.12063354165599005,-1.7278505202805272,-2.9438388622112566,-3.346564962269427
2025-03-12,50.019317626953125,50.20986813527887,48.971295282834525,49.44766973642455,785521,50.267032623291016,50.83630027770996,48.39726320902506,50.550387506261146,0.6849531348957143,1.0509365672328783,-0.365983432337164,54.70222014987892,50.83630027770996,46.970380405541,1485764.15,0.5286983132551691,1.4465704130641106,1.744188663076307,0.006697012528866786,0.9390996671090779,-0.02333676175462207,-2.4061029319882965
2025-03-13,48.59019470214844,50.5909659713986,48.30437075431965,50.49569253360524,1053523,49.714437866210936,50.933956909179685,48.37026863098144,43.775977949232875,0.47001060320530996,0.9347513744273648,-0.4647407712220548,54.4346636220969,50.933956909179685,47.43325019626247,1509339.4,0.6980027156251272,1.5585737202660899,-2.8571419855487945,0.11408531144070366,-1.4214677219695382,-1.6335985371503492,0.9074534126752631
2025-03-14,49.257118225097656,49.4476687295433,48.39964277231654,48.78074378120783,961001,49.523887634277344,50.967303085327146,48.37185656229655,47.32372883885313,0.34945396507112036,0.817691892556116,-0.4682379274849956,54.385746187919935,50.967303085327146,47.548859982734356,1464030.85,0.6564076160007147,1.4905006851941796,1.372547541818614,0.18871601352579148,0.029010047686051088,2.4673714428967486,1.139083709380051
2025-03-17,50.019317626953125,50.49569208054316,49.5429431733631,50.019317626953125,844259,49.40955810546875,51.02923183441162,48.384559885660806,51.119857489929565,0.31182060867443795,0.7165176357797804,-0.4046970271053425,54.32350930934742,51.02923183441162,47.734954359475815,1468441.0,0.5749355949609143,1.4569104412276892,1.5473893506565473,-0.12860909638311435,0.685450337057314,1.9912031435438182,1.3633800071101376
2025-03-18,50.019317626953125,51.162617042458926,49.82876711862738,50.6862425888689,990103,49.58105316162109,51.07686920166016,48.394087346394855,51.119857489929565,0.2787822740767538,0.6289705634391751,-0.3501882893624213,54.27788069807171,51.07686920166016,47.875857705248606,1483181.15,0.6675536565442461,1.4405023722415364,0.0,0.09233778296404704,0.691901155514496,-1.4301954120925275,-0.35089801940757503
2025-03-19,49.73349380493164,50.305141696876795,49.5429432961337,50.209868259702155,594660,49.523888397216794,51.10545177459717,48.39567527770996,49.56635461005544,0.2269197722896692,0.548560405209274,-0.32164063291960476,54.24406510168455,51.10545177459717,47.966838447509794,1490006.9,0.3990988229651823,1.350061842708411,-0.5714268718201576,0.0691720867479928,-1.3956737184071533,0.36850223136077886,1.7018657946573201
2025-03-20,52.496463775634766,53.63976320080576,50.209868559741466,50.49569250742204,5446941,50.30514221191406,51.19596290588379,48.462367630004884,61.68711169776975,0.4041086386688093,0.5196700519011811,-0.11556141323237179,54.387632200916116,51.19596290588379,48.00429361085146,1639836.6,3.3216364362156567,1.690889516463839,5.5555517204165294,0.07308017918177256,1.8962383754100642,-0.8719620287956253,-0.6924254299070398
2025-03-21,52.496463775634766,53.54448976306179,52.020089318017575,52.87756479550799,2268300,50.95301132202148,51.25789165496826,48.54493916829427,61.68711169776975,0.538326597926897,0.5234013611063243,0.014925236820572674,54.502250014024476,51.25789165496826,48.01353329591205,1625635.95,1.3953308549801695,1.668690973607889,0.0,-0.04847648711218122,-0.7514778753577311,1.3425879771164162,-2.033698580348442
2025-03-24,54.11613845825195,54.687789996510716,53.068116089783985,54.11613845825195,4878789,51.77237548828125,51.30552921295166,48.655299250284834,67.06794155984718,0.7665531606549578,0.572031721016051,0.19452143963890678,54.692535806932334,51.30552921295166,47.91852261897099,1574230.2,3.099158560164835,1.7383756732436306,3.085302449207883,-0.0372943476917964,-0.4613378578019911,4.339884830644158,2.787644251606647
2025-03-25,55.35470962524414,56.49800903190716,52.78229050331313,55.545260132096075,12236923,52.839453887939456,51.362693786621094,48.777568626403806,70.48198731432143,1.0354308950805375,0.6647115558289484,0.3707193392515892,54.98651644516738,51.362693786621094,47.738871128074805,2035778.9,6.010929281170957,2.002021387290351,2.288727914220434,0.1100854006351959,0.753388228226104,-0.8099801431981191,-2.135015297375187
2025-03-26,55.35470962524414,56.593286102557435,54.49723779608334,55.35470962524414,6941274,53.963697052001955,51.44367713928223,48.9046017964681,70.48198731432143,1.2342903064386803,0.7786273059508948,0.4556630004877855,55.351952200061824,51.44367713928223,47.535402078502635,2290990.1,3.02981405288482,2.0145583098481836,0.0,0.10299623953369252,-0.05791891930048143,-0.5958959381599738,-0.9433867073645574
2025-03-27,53.83031463623047,55.44998854686521,53.73504119684849,55.354711473034484,3122596,54.23046722412109,51.49607830047607,49.02528330485026,61.396650139148214,1.2544216944881228,0.8737861836583405,0.3806355108297823,55.50668657568979,51.49607830047607,47.48547002526235,2357929.9,1.3242955187090169,1.9746101818706545,-2.753866833254026,0.1307340140583202,-1.3860075941006245,-2.841923996393314,-1.011908358049718
2025-03-28,51.7342643737793,53.63976216754243,51.25788992533851,53.449211661276394,2585482,54.07802734375,51.45320453643799,49.09038778940837,51.555863093405385,1.088692456844278,0.916767438295528,0.17192501854874997,55.43270846245503,51.45320453643799,47.47370061042094,2421299.65,1.0678075305549233,2.0543187857401617,-3.893810163688749,0.06920720797163327,-1.5892536377484667,-6.444240866061845,-2.70594854837668
2025-03-31,48.2090950012207,50.49569391531644,48.01854812042005,50.49569391531644,2867626,52.89661865234375,51.29123725891113,49.084036127726236,39.95647035314116,0.6652307684936289,0.8664601043351483,-0.20122933584151936,55.52699234881392,51.29123725891113,47.05548216900834,2511665.7,1.1417228017247676,2.275838448089373,-6.813993424337294,0.22469010496022346,-4.198467002028805,-0.6106497517977538,-1.7305290709566434
2025-04-01,50.019317626953125,50.019317626953125,47.923269304267265,48.68546770312158,2284357,51.82954025268555,51.215017318725586,49.10626697540283,46.60049325713221,0.470283036727551,0.7872246908136289,-0.3169416540860779,55.48635495821909,51.215017318725586,46.94367967923208,2583220.35,0.8843059013529372,2.2518664313689047,3.754940070305368,0.1606192017939545,2.823117236854644,-1.204221873450484,-1.6981151799233651
2025-04-02,50.400421142578125,50.78151854367668,49.16184459427354,49.92404666536831,1305053,50.83868255615234,51.14832515716553,49.125322024027504,47.90737649122237,0.3425882790492665,0.6982974084607564,-0.3557091294114899,55.42717245356065,51.14832515716553,46.86947786077041,2623018.15,0.4975386845874475,2.1675741004401368,0.7619126643575891,-0.10711050560909818,0.08482442253172628,1.393028726283041,1.9193803737188597
2025-04-07,45.39848709106445,45.39848709106445,45.39848709106445,45.39848709106445,287182,49.15231704711914,50.85059108734131,49.0673631032308,35.59444514014953,-0.16037629337269976,0.5265626680940652,-0.6869389614667649,55.83923720369651,50.85059108734131,45.8619449709861,2605602.65,0.1102171123444321,2.545488760583275,-9.924389396199018,0.39779856690886906,-9.69973559080869,4.094958566389262,-2.1885608574431115
2025-04-08,40.872928619384766,42.20677487768643,40.872928619384766,40.872928619384766,1974595,46.98004989624023,50.38374404907226,48.9387420018514,28.465873913637836,-0.9136224171606813,0.2385256510431159,-1.1521480682037972,57.08009975449072,50.38374404907226,43.68738834365381,2675011.6,0.738163154133612,2.80949805539613,-9.968522657157951,-0.5500181172965579,-4.016151985134908,-8.92246552092364,-9.036149269143202
2025-04-09,36.82374954223633,38.109959211856925,36.82374954223633,38.109959211856925,2674135,44.70298080444336,49.69538326263428,48.73787078857422,23.861260849484523,-1.8163722990216797,-0.17245393896984323,-1.6439183600518366,58.7257332899888,49.69538326263428,40.66503323527976,2761166.0,0.9684803448977715,2.9747888582964377,-9.906750541061148,0.3050360677505859,-5.786524331497223,22.691705248438264,22.2327530443029
2025-04-10,40.49182891845703,40.49182891845703,39.30089277379653,40.396555480663665,1321221,42.79748306274414,49.261882591247556,48.609249687194826,34.23880811936756,-2.210345249966146,-0.5800322011691037,-1.630313048797042,59.18804783047818,49.261882591247556,39.33571735201693,2771177.05,0.47677249636575914,3.067227594019673,9.9611783748786,-1.489084234874749,9.247307649849002,-11.020407170268331,-11.377722847721493
2025-04-11,38.300506591796875,38.49105709910903,36.44264550578852,36.58555929488479,4647152,40.37750015258789,48.67594203948975,48.44728234608968,31.478513276386906,-2.6686307361665698,-0.997751908168597,-1.6708788279979727,59.73295336174762,48.67594203948975,37.618930717231876,2964258.6,1.5677282677024198,3.1981550365061846,-5.4117642625455815,0.6081981557515048,2.7828390478427556,0.5733966651803701,-2.5327416619481347
2025-04-14,40.20600509643555,41.063476942604986,38.872155156462604,38.872155156462604,2298098,39.33900375366211,48.2567325592041,48.30913372039795,36.28847755421564,-2.845268991524307,-1.3672553248397392,-1.4780136666845678,59.9451512042497,48.2567325592041,36.56831391415851,3026487.35,0.7593284670428244,3.1401304117464415,4.975126112422723,-1.2941415741642648,-0.08029019685500405,1.5393303097038125,1.8817178004941315
2025-04-15,43.683536529541016,43.73117688310141,40.68237961211951,40.68237961211951,3240121,39.90112533569336,47.97805347442627,48.236883544921874,44.01265249781584,-2.6738261542887685,-1.6285694907295452,-1.0452566635592233,59.83066570529743,47.97805347442627,36.12544124355511,3140443.35,1.031739993017228,3.1914692617356977,8.649283669851027,-0.01606647441906306,1.76589192631309,0.6457033945344914,-0.0879617483601991
2025-04-16,41.968589782714844,43.35007646281519,41.92095306294216,43.35007646281519,1671258,40.930093383789064,47.575517082214354,48.13922678629557,41.350233851234364,-2.6458387584318004,-1.8320233442699965,-0.8138154141618039,59.68038485369278,47.575517082214354,35.47064931073593,3181793.3,0.5252566217924968,3.000951155717452,-3.9258422808016835,0.45493231013253865,-1.9623144276647686,-4.4630363799766375,-4.049291903113083
2025-04-17,41.11111831665039,41.82568002342103,40.82529072638311,41.82568002342103,1299205,41.053951263427734,47.13010711669922,48.051097551981606,40.04583653863231,-2.6621615850854,-1.9980509924330772,-0.6641105926523228,59.508829544051366,47.13010711669922,34.75138468934708,3197248.4,0.4063509735433756,2.75326420913269,-2.043126706195908,-0.3851900465324021,-0.6640103310560974,1.1386843493385035,3.119268439097156
2025-04-18,41.2540283203125,41.635129349585796,40.39655645612075,41.2540283203125,1450632,41.64465560913086,46.70613384246826,47.963762219746904,40.38337784555366,-2.633211872512348,-2.1250831684489313,-0.5081287040634166,59.288588338701324,46.70613384246826,34.1236793462352,3240047.0,0.44771943123047286,2.551305367043671,0.34761886689964605,-0.3851900465324021,0.2911195655576959,1.1386843493385035,3.119268439097156
2025-04-21,40.53946304321289,41.58748896411963,39.96781518413536,41.44457518212602,1403765,41.71134719848633,46.108283805847165,47.891512107849124,39.19513898806403,-2.6375247195526654,-2.2275714786696783,-0.4099532408829871,58.66856104170082,46.108283805847165,33.54800656999351,3037888.2,0.4620858002608522,2.4270878221024175,-1.7321103082381328,-0.3851900465324021,-1.4891964002938463,0.2886902153013349,-1.5124610120325177
2025-04-22,39.92018127441406,40.825289842501945,39.53908025194117,40.30127866243825,1174176,40.958676147460935,45.47946968078613,47.79782517751058,38.14753144392549,-2.6602478636673155,-2.314106755669206,-0.3461411079981094,57.95207803233414,45.47946968078613,33.00686132923812,2983182.0,0.39359851326536566,2.2749707245635316,-1.527602297392805,0.19087153159529358,-1.6370054958029567,2.043750864044269,0.9936943802743459
2025-04-23,41.778038024902344,41.92095181441275,40.87292947283189,41.158753417404064,1613591,40.92056579589844,44.862564659118654,47.731926663716635,43.06409075103797,-2.4995295849299595,-2.351191321521357,-0.14833826340860234,56.74298125910727,44.862564659118654,32.98214805913004,2819922.1,0.5722111968979569,2.238410699954886,4.6539286425511195,0.40997828226332356,4.500035126970481,3.300417894965091,5.008937304800232
2025-04-24,42.11150360107422,42.34969083452549,41.349305180919906,42.11150360107422,1143364,41.120642852783206,44.20040435791016,47.67396780649821,43.92566330713411,-2.3185247953991777,-2.3446580162969215,0.026133220897743836,55.050090494181276,44.20040435791016,33.35071822163904,2265244.15,0.50474206058539,2.073340693774979,0.7981839069922447,-0.12526095055448438,-0.8163803151391757,9.12069975425307,10.221470157317892
2025-04-25,42.5878791809082,43.302440899935355,42.302055220187114,42.68315262299895,1760159,41.387413024902344,43.56206283569336,47.62633037567139,45.20139189950229,-2.112288520362391,-2.2981841171100155,0.18589559674762457,53.067536465842515,43.56206283569336,34.056589205544206,2006188.4,0.877364757965902,1.955686907786467,1.1312243427513913,-0.2987707483269153,2.022299672390404,-0.825820880675765,-0.3091196569198207
2025-04-28,42.63551712036133,42.968977811657204,42.34969315147216,42.58788039795463,651050,41.80662384033203,43.0023229598999,47.58028087615967,45.33532535474298,-1.9228355516408584,-2.2231144040161843,0.3002788523753259,51.1887938888648,43.0023229598999,34.815852030935,1882611.1,0.3458228839721597,1.7774999414396109,0.11185797548349807,0.25712712450653985,0.8135756068057276,1.0345693574608017,2.0930257380662454
2025-04-29,43.0166130065918,43.11188643997255,42.444961502961725,42.68314872086213,1233796,42.42591018676758,42.566440391540525,47.54217090606689,46.46263319771833,-1.7220902712436086,-2.122909577461669,0.4008193062180605,49.64926596312767,42.566440391540525,35.48361481995338,1815026.8,0.6797673731319008,1.6294232741824395,0.8938460512971425,-0.2862987748134538,0.9894012430566201,-2.947053641844899,-0.6074424129403067
2025-04-30,42.06386947631836,43.25480571704709,42.01622911913003,43.20716535985876,836816,42.48307647705078,42.25917911529541,47.479448382059736,44.01864629393325,-1.6211885779485655,-2.022565377559048,0.40137679961048267,48.82568619787341,42.25917911529541,35.69267203271741,1713486.3,0.4883704059962429,1.5773103840137221,-2.214826932393399,-0.32134330087744134,0.011854303657643506,2.1616061229914996,-0.7639397765079603
2025-05-02,42.5878791809082,42.82606642058392,42.11150470155677,42.68315262299895,936303,42.57835159301758,41.887607192993165,47.45959949493408,45.71010750198545,-1.4818581172749248,-1.9144239255022235,0.43256580822729873,47.35410424620166,41.887607192993165,36.42111013978467,1646083.6,0.5688064688816533,1.4686285920473008,1.2457477429290265,0.248493598366184,2.730963815359244,5.833337026011809,3.5471678394114248
2025-05-05,40.49182891845703,42.77842776998467,39.77726723166073,42.63551397884593,1282117,42.159141540527344,41.39217758178711,47.41037419637044,40.4458228207653,-1.5230150921874142,-1.8361421588392617,0.31312706665184753,45.13421441284512,41.39217758178711,37.6501407507291,1644936.8,0.7794323769764285,1.6729661848841857,-4.921706135089288,-4.382525588739094,-1.2250086251671455,-8.351228854075309,-0.36443403657200335
2025-05-06,41.0634765625,41.20639035276304,40.01545421539994,40.01545421539994,736160,41.84473342895508,41.17542705535889,47.35717900594076,42.39433761578641,-1.4923027665434816,-1.7673742803801058,0.2750715138366242,44.40787442459024,41.17542705535889,37.942979686127536,1667385.7,0.4415055256861085,1.6086955118813737,1.4117604941830564,-5.0295889599485495,-0.05065209940824378,0.2603448959082266,-1.6825182014758355
2025-05-07,40.49182891845703,41.20639060525333,40.49182891845703,41.20639060525333,703560,41.339776611328126,41.1563720703125,47.272225570678714,40.95140847017184,-1.49683562527553,-1.7132665493591908,0.21643092408366083,44.40079855390904,41.1563720703125,37.91194558671596,1603833.95,0.4386738415158253,1.4894776685366973,-1.3921072736569284,2.8038417507629143,0.11645894015797076,0.7530535657416237,-9.74702071146405
2025-05-08,41.0634765625,41.301663789972615,40.49182867034518,40.49182867034518,1086066,41.13969802856445,41.36835842132568,47.19124190012614,43.039250009601474,-1.437727533016286,-1.65815874609061,0.220431213074324,43.895607292902426,41.36835842132568,38.841109549748936,1524430.5,0.7124404818717547,1.3988586620154626,1.4117604941830564,1.3780265518076762,-0.015038304424519477,2.500003195300615,6.0181271184757135
2025-05-09,42.3973274230957,42.63551465580973,41.635129005300584,41.635129005300584,1383372,41.10158767700195,41.463633346557614,47.130107180277506,47.687180824390296,-1.2686293575176109,-1.5802528683760102,0.31162351085839934,43.99541510273577,41.463633346557614,38.93185159037946,1527538.05,0.9056219581567869,1.421949252854698,3.248265788128135,-0.40045240590582676,1.809041662083355,3.042492005394104,2.177306328121076
2025-05-12,44.01700210571289,44.11227554669272,42.921339362200754,43.15952659909915,2054438,41.80662231445312,41.749458122253415,47.087233479817705,52.731063657016115,-0.9924828993823098,-1.4626988745772702,0.4702159751949604,44.05859419651282,41.749458122253415,39.44032204799401,1397902.35,1.469657733961174,1.4610157689536742,3.8202282574417046,-0.07465812307537734,1.0255778120184855,8.882380259416166,12.17654776100947
2025-05-13,44.493377685546875,45.49376337849842,44.207553721053415,45.20793941400496,1731249,42.4926025390625,41.963826751708986,47.05150540669759,54.131858042586735,-0.7268170195530104,-1.3155225035724183,0.5887054840194079,44.45825375419163,41.963826751708986,39.46939974922634,1369559.9,1.2640914793139024,1.4631151694645885,1.0822535771289,0.48501607250679424,0.9493892029855955,2.577323069044568,0.6784375312557822
2025-05-14,45.25557327270508,45.54139721911664,44.77919881720292,45.54139721911664,1309095,43.44535140991211,42.04242858886719,46.99592838287354,56.36020536736846,-0.4495894939926117,-1.142335901656457,0.6927464076638452,44.84505582616174,42.04242858886719,39.23980135157264,1273008.6,1.0283473340242948,1.407769084678612,1.7130540022044505,0.10495309053717428,2.1224825639188705,-1.2453565416723378,1.9541769418732091
2025-05-15,46.970523834228516,47.5898121229924,45.255576402700186,45.255576402700186,4914157,44.62676086425781,42.29252529144287,46.96575806935628,60.956334075544696,-0.09045974120703448,-0.9319606695665725,0.841500928359538,45.85666306016631,42.29252529144287,38.72838752271943,1435153.55,3.4241332573786267,1.5312983867597731,3.7894792563765156,-0.2803567472373425,-0.2415620287910758,-1.5044254285352388,-0.2643824590766841
2025-05-16,47.542171478271484,47.82799542086769,46.87524652258127,47.06579702912828,3176297,45.65572967529297,42.614077949523924,46.940351422627764,62.378679296550565,0.23754212492990234,-0.6980601106672776,0.9356022355971799,46.83020640736943,42.614077949523924,38.39794949167842,1529008.15,2.0773577956402653,1.4541584549633255,1.2170348494738192,-0.5692240792755765,0.5220347355644694,0.8984674462461539,1.1928422296873187
2025-05-19,47.256343841552734,47.92326879640078,46.970519899317466,47.63744485416551,1636230,46.30359802246094,42.91419372558594,46.90859311421712,61.178587791707955,0.4690155461829306,-0.46464497929723597,0.9336605254801666,47.555751293325905,42.91419372558594,38.27263615784597,1538288.05,1.0636694473444033,1.3873038472459902,-0.6012086276904416,0.1180119416830605,-1.4643102104449635,-2.4042699474196794,-1.702678988525208
2025-05-20,47.16107177734375,48.49492172583599,47.06579833864375,48.209094140838566,3306025,46.837136840820314,43.24527416229248,46.849840291341145,60.758988485947576,0.6374244090376351,-0.24423110163026177,0.8816555106678968,48.112751870096695,43.24527416229248,38.37779645448827,1633401.05,2.0240130248477555,1.3928797859054896,-0.20160693033812738,-0.18806606512049573,0.010217599479345196,0.9580250170699856,-0.8660927136783236
2025-05-21,48.78074264526367,50.01931544364519,47.35161934687381,47.63744327966209,3772682,47.542170715332034,43.688302230834964,46.80855452219645,65.13672280820478,0.8913090926577212,-0.017123062772665176,0.9084321554303864,48.88340726687316,43.688302230834964,38.49319719479677,1763326.35,2.139525675437221,1.5882616366249498,3.4343385484678857,0.0016576947628355043,1.2909062583843056,-1.355622451140459,-4.0322665929920065
2025-05-22,51.06734085083008,51.82954289726381,48.59019510326656,49.54294402686002,6494492,48.361534118652344,44.15276737213135,46.773620414733884,70.19244630188422,1.2624709199533157,0.238795733772531,1.0236751861807847,50.217069247390704,44.15276737213135,38.088465496872,2007371.4,3.2353215752700275,1.8084064576079237,4.687501832833241,-0.41198726278828257,-0.6097494339192711,-3.1378812108859178,-0.49019543696879886
2025-05-23,49.352394104003906,52.49646486247997,49.16184359012229,51.353169048087764,5146511,48.72357864379883,44.51481189727783,46.69263668060303,62.83295110283463,1.4020752217064256,0.4714516313593099,0.9306235903471157,50.92093861056532,44.51481189727783,38.10868518399034,2207528.75,2.331344948508598,2.0119017662412246,-3.3582064745364515,0.08260363716483532,-0.08638612371177912,-2.411918741267194,-2.1111766395878973
2025-05-26,48.2090950012207,49.25712101786824,48.01854812042005,49.16184394301913,1977658,48.91412887573242,44.79587268829346,46.60053755442301,58.43430107733154,1.404270398963824,0.6580153848802128,0.7462550140836113,51.337841441707056,44.79587268829346,38.25390393487986,2218403.7,0.8914779577765759,1.9214943285535755,-2.3166031223811445,-0.25093902970623194,-0.5342168783596057,-2.411918741267194,-2.1111766395878973
2025-05-27,49.352394104003906,50.01931908536519,48.39964516904457,48.49492224320976,2498044,49.352393341064456,45.13171653747558,46.543372599283856,61.34827409293364,1.4811905329463357,0.8226504144934375,0.6585401184528983,51.8926938332564,45.13171653747558,38.370739241694764,2310753.4,1.0810517470189593,1.906658295965697,2.371542346427069,-0.1885106866633124,-0.9287980727548772,5.16113652650696,4.025874846420341
2025-05-28,48.59019470214844,50.40041909581187,48.2090936820776,50.40041909581187,1403501,49.314283752441405,45.41039562225342,46.47668018341064,58.40846160602489,1.4637736995031787,0.9508750714953857,0.512898628007793,52.263140505953395,45.41039562225342,38.55765073855344,2319238.65,0.6051559204569138,1.9446139116681733,-1.544402081587426,0.16646820635146664,0.09927402266578511,-1.2672880931348662,-2.2805666640589473
2025-05-29,48.2090950012207,49.63821841391834,47.82799760517061,49.35239445826857,2222062,48.74263458251953,45.71765689849853,46.422691090901694,56.939252108495836,1.403045734771382,1.041309204150585,0.36173653062079714,52.48920457552918,45.71765689849853,38.946109221467886,2388500.95,0.9303165652917157,1.926694831278781,-0.7843140025756812,-0.049388342657963324,-0.04878761184228253,0.21003536941137657,1.0607998653420658
2025-06-02,45.9224967956543,48.20909192961245,45.73194629254565,48.20909192961245,2441012,48.05665512084961,45.88438777923584,46.32900409698486,48.97857453184336,1.1570710253805316,1.0644615683965744,0.09260945698395728,52.49373191925989,45.88438777923584,39.27504363921178,2463736.4,0.9907764483245854,2.000088681598284,-4.743084692854138,0.07001895010041448,-1.6142080316433494,1.2375070254612375,-0.9239553714338156
2025-06-03,46.1130485534668,46.97052038911411,45.97013476363458,46.63705972543715,1063001,47.63744583129883,46.16544876098633,46.23531716664632,49.61081658739803,0.9663705126590116,1.0448433572490619,-0.07847284459005022,52.267889713321296,46.16544876098633,40.06300780865136,2452780.6,0.43338609250252547,1.8731466698464876,0.41494206785057663,0.38934277980975374,0.5914415066209822,11.354014838759552,6.025823820308629
2025-06-04,47.303985595703125,47.63744626578413,46.589423901716366,46.684697340468446,1042707,47.22776412963867,46.477474212646484,46.16783078511556,53.48997811741407,0.9009520344070481,1.0160650926806591,-0.11511305827361107,52.10088261249749,46.477474212646484,40.854065812795476,2468107.95,0.4224722018337974,1.8266468088426002,2.5826465167564594,-0.0713650479945871,2.324806129025947,6.143128378779394,0.33829738841788526
2025-06-05,47.82799530029297,48.97129470224412,47.065796910475065,47.542171358417335,1603156,47.07532424926758,46.84428253173828,46.128132883707686,55.12687771775734,0.881232325209325,0.9890985391863923,-0.1078662139770673,51.732785055887696,46.84428253173828,41.955780007588864,2513087.75,0.6379228102958203,1.8371602732327945,1.1077495859829645,-0.07976061250243305,0.26061434732305155,-1.4717539413987235,-0.7417396452396141
2025-06-06,48.30437088012695,48.494921390658654,47.82799642102205,48.209093807636755,735340,47.09437942504883,47.206327247619626,46.09002297719319,56.621544647935096,0.8937413477310869,0.9700271008953313,-0.07628575316424435,51.30011029321937,47.206327247619626,43.11254420201988,2495551.45,0.2946603244745765,1.6811290488505133,0.996018287705791,0.011020349999935064,-0.06352892070761174,1.2716940689851963,2.9891234628743435
2025-06-09,48.97129821777344,49.25712218016768,47.73272165665029,48.590197178281876,1127641,47.704139709472656,47.53502578735352,46.08684724171956,58.695817486969474,0.946558958148934,0.9653334723460519,-0.018774514197117953,51.012269760412764,47.53502578735352,44.05778181429427,2482764.9,0.4541875873950047,1.6602319121394296,1.3806769977432243,-0.09216583404251244,0.5984531649308789,4.405028861527627,2.902394047076484
2025-06-10,48.68546676635742,52.21063838198503,48.68546676635742,50.4956911089482,4098000,48.218623352050784,47.768449020385745,46.06461639404297,57.42835717709901,0.9543519108345819,0.963137160043758,-0.008785249209176116,50.85630699148695,47.768449020385745,44.68059104928454,2584943.0,1.585334763667903,1.9088905392711863,-0.5836713785796199,-0.013037526208137251,2.073637303314224,2.7109548300671804,2.3717823193514898
2025-06-11,48.87602233886719,49.0665728632843,47.256348332995195,48.49492492448193,1663901,48.5330307006836,47.98758125305176,46.06938018798828,58.078281237884205,0.9647827096251476,0.963466269960036,0.001316439665111524,50.69549811548185,47.98758125305176,45.27966439062167,2581575.6,0.6445292556995038,1.895735071406909,0.3914013465748267,-0.08323425859342315,1.0248967858730973,-3.754647744255313,-0.43831509345257924
2025-06-12,48.97129821777344,49.25712218016768,48.39964665853609,49.16184510307035,861123,48.76169128417969,48.173367500305176,46.06461652119955,58.4200810639238,0.9695606681387687,0.9646851495957826,0.004875518542986179,50.58580745775123,48.173367500305176,45.76092754285912,2559177.0,0.3364843463347787,1.757300464770199,0.19493378214308077,-0.2723416236173337,-0.8112082280176014,2.317498631188175,0.31446142125948207
2025-06-13,47.446895599365234,48.49492159446981,47.446895599365234,48.49492159446981,1202769,48.590196228027345,48.19718608856201,46.021742820739746,51.22383139870149,0.8406501912249809,0.9398781579216222,-0.09922796669664136,50.568681203873496,48.19718608856201,45.82569097325053,2373607.6,0.506726132828358,1.7262474185885996,-3.1128491052641594,-0.9470802353383045,-0.9640740581055907,-3.6995075526758403,-4.89028321025764
2025-06-16,47.92327117919922,48.304372210760754,46.827612073745186,46.92288551441117,1086086,48.3805908203125,48.2162410736084,45.98680871327718,53.16536836345582,0.768073365923442,0.9055171995219862,-0.13744383359854417,50.571645677493706,48.2162410736084,45.8608364697231,2269097.05,0.4786423745075161,1.6929824477121953,1.004018437489429,-0.06841860324496851,-0.10442115322505385,5.6056459911622,3.6914977291888196
2025-06-17,49.73349380493164,50.01931775090422,48.11381993182216,48.11381993182216,3068106,48.590196228027345,48.34009857177735,45.98680871327718,59.72579571553777,0.8468634317322525,0.8937864459640396,-0.04692301423178702,50.743013953933634,48.34009857177735,45.93718318962106,2340690.85,1.3107694251891486,1.7467243309112364,3.777335271967286,-1.694628077349214,0.7332888142830063,-1.744622165500509,-2.5429107474335244
2025-06-18,49.82876968383789,50.686245198222686,49.82876968383789,49.924046760130004,1783010,48.78074569702149,48.47348346710205,45.94234714508057,60.04303950181638,0.9065430299654977,0.8963377627643312,0.010205267201166546,50.89690940127224,48.47348346710205,46.05005753293186,2264540.1,0.7873607537353832,1.6408612725618776,0.19157286491866543,2.213760753044025,0.6534454580739535,-1.284473598064495,1.4445188363116035
2025-06-19,48.78074264526367,49.924042010865264,48.685465578035256,49.542941010848565,970100,48.74263458251953,48.47348346710205,45.88041845957438,54.918454838866566,0.859366278723904,0.8889434659562458,-0.029577187232341817,50.89690940127224,48.47348346710205,46.05005753293186,2124411.0,0.4566442180915087,1.5872232939309618,-2.1032569040414173,-0.3555156620861588,-1.579973732043427,-1.284473598064495,1.4445188363116035
2025-06-20,47.018157958984375,48.87601908820217,47.018157958984375,48.590195137810674,4315965,48.65688705444336,48.27102432250977,45.76211878458659,47.56567069012456,0.6720060424784506,0.8455559812606869,-0.17354993878223623,50.44584676319039,48.27102432250977,46.096201881829145,2015484.65,2.1414030615415505,1.6233083386358729,-3.6132797302757647,0.1001978324495223,0.19197052457564645,1.0715679128911804,-1.359227795447937
2025-06-23,46.970523834228516,47.113437634542926,45.54140036888009,46.77997331195894,1704283,48.46633758544922,48.151930809020996,45.62238235473633,47.38104546960076,0.513755772875669,0.7791959395836834,-0.2654401667080144,50.33825556444755,48.151930809020996,45.96560605359444,1843373.25,0.9245458021049182,1.6164721955728012,-0.10131006152434008,-0.1295159830334014,-1.423044541892171,0.6626249075033508,0.9842497724935839
2025-06-24,47.92327117919922,48.59019616720751,47.73272066341845,48.11382169497998,1028145,48.10429306030274,48.13763961791992,45.498525047302245,51.440915523091135,0.45991838947655594,0.7153404295622579,-0.2554220400857019,50.3261266423027,48.13763961791992,45.94915259353715,1795897.6,0.5724964496862182,1.6168988805602935,2.028394122946553,0.4770922482972173,2.101692545040379,1.9559920092959038,0.7797342611799651
2025-06-25,47.92327117919922,49.35239459588179,47.82799773853323,48.59019616720751,857180,47.723193359375,48.066183471679686,45.400074323018394,51.440915523091135,0.41249686812994213,0.6547717172757948,-0.24227484914585262,50.17970954337943,48.066183471679686,45.95265739997994,1713854.4,0.5001475037786174,1.604565277465396,0.0,-0.727242575527054,1.0899645222608445,-0.8669939382833891,0.3223635279853587
2025-06-26,48.3996467590332,48.78074779931609,48.11382279604548,48.590197279174646,843255,47.64697418212891,48.05665607452393,45.34449736277262,53.520481247773965,0.40864390628524916,0.6055461550776857,-0.19690224879243656,50.161938090049745,48.05665607452393,45.95137405899811,1685842.1,0.5001980909125475,1.5049534564855924,0.9940381115735475,-0.3944568587657682,0.27520638301874456,-0.16747329694251079,0.835467051055061
2025-06-27,48.49492263793945,48.780746593863995,48.30437212250683,48.68546951892329,701501,47.94232711791992,48.07094745635986,45.34926115671794,53.94529088550743,0.4085686483848008,0.5661506537391088,-0.157582005354308,50.184451098511694,48.07094745635986,45.95744381420803,1609814.05,0.43576523636378994,1.3678095918018027,0.1968524261769966,-1.7820919230510768,0.39008940370151013,-1.34203392399872,1.7208526239276933
2025-06-30,47.637447357177734,48.97129733695824,47.58981063671032,48.59019630432129,965100,48.07571182250977,48.15669498443604,45.309563318888344,49.555461957702185,0.3354510461697302,0.5200107322252331,-0.18455968605550288,50.02852455037746,48.15669498443604,46.28486541849461,1536018.45,0.6283127653837752,1.3696332062612848,-1.7681753761390362,0.957698278482022,-1.4351611940869091,-0.9824304832146802,-0.50125365451541
2025-07-01,47.73271942138672,48.49492146467688,47.54217254501288,48.1138204430318,651097,48.037601470947266,48.23767852783203,45.26510162353516,50.04190120584172,0.28194242224958543,0.4723970702301036,-0.19045464798051814,49.86085870694822,48.23767852783203,46.61449834871584,1515423.25,0.4296469649650683,1.3140486347149798,0.19999405823458716,0.3835740796985343,1.3376209140048223,2.270556439941962,1.0705208576054392
2025-07-02,46.637062072753906,47.732721190302044,46.54178499658744,47.732721190302044,1303325,47.7803596496582,48.20433235168457,45.28574453989665,44.70307567911695,0.1494038267260578,0.40779842152929446,-0.2583945948032367,49.93229690976383,48.20433235168457,46.47636779360531,1528454.15,0.8527079467840105,1.2976336425815966,-2.2954010622363574,0.06608253165516498,0.10649919614669212,4.384332753205156,6.043629645385695
2025-07-03,47.351619720458984,47.589806938736494,46.97051871743556,47.44689315399058,1010360,47.57075424194336,48.180513572692874,45.393722724914554,48.557678918676324,0.10086218871997943,0.3464111749674315,-0.24554898624745208,49.94310644516612,48.180513572692874,46.417920700219625,1498814.35,0.6741061693197693,1.2516484723683954,1.5321669417991401,-0.8820979000624507,0.5989548437806524,1.1617474572264808,1.1163262032681143
2025-07-04,45.87485885620117,47.73271621727631,45.87485885620117,47.73271621727631,1178800,47.0467414855957,48.05903797149658,45.54457454681396,42.036022590693044,-0.056122721267968245,0.26590439572035157,-0.3220271169883198,50.09877796355955,48.05903797149658,46.01929797943361,1520987.35,0.7750228823402114,1.3324763241959614,-3.1187124600507765,-0.17605120273233021,-0.7285295494271593,1.1617474572264808,1.1163262032681143
2025-07-07,45.25557327270508,46.35123597413951,45.017386044954,46.35123597413951,761252,46.57036666870117,47.87325172424316,45.62397028605143,39.63214135687727,-0.22787872041185864,0.16714777249390955,-0.3950264929057682,50.217311465459716,47.87325172424316,45.52919198302661,1502667.9,0.5066002940503355,1.3326594715279014,-1.3499454798047483,-0.05568275052999505,-0.526795861514584,-3.515897380596944,-3.312028530752109
2025-07-08,44.541011810302734,45.39848728823777,44.1599107902319,45.39848728823777,880293,45.93202514648438,47.66602897644043,45.72797870635986,37.00273041703221,-0.41685053189386423,0.0503481116163548,-0.467198643510219,50.40693664629404,47.66602897644043,44.92512130658682,1341782.55,0.6560623403546275,1.3201150750582973,-1.5789468804128792,0.57887679791917,-0.2962771383824059,5.511807888466946,4.2668343688473165
2025-07-09,44.779197692871094,45.06502163210609,44.30282324932991,44.68392425794229,874300,45.56045227050781,47.461187744140624,45.804198582967125,38.46818302125696,-0.5411543533128551,-0.0679523813694872,-0.4732019719433679,50.42465807373457,47.461187744140624,44.49771741454668,1302302.5,0.6713493984692497,1.2457261827540145,0.534756335538078,0.13347628020465852,0.7366883497436749,0.26032892860035073,1.4985661863259558
2025-07-10,44.53369903564453,45.172000541712265,44.484599784262265,44.82830203600364,928845,44.99686813354492,47.23930778503418,45.81836795806885,37.49990949632375,-0.6519603244789849,-0.18475396999138677,-0.4672063544875981,50.38557993320063,47.23930778503418,44.093035636867725,1305688.6,0.7113832501869128,1.1712827927134792,-0.5482426436274612,0.3384095530795994,0.7379596142790046,3.0292539140266195,1.5332128424344615
2025-07-11,45.07380294799805,45.319302955893384,44.43550142905702,45.02469994959271,623073,44.836656951904295,47.12065315246582,45.870121510823566,41.017401897331325,-0.6882591598831809,-0.2854550079697456,-0.40280415191343527,50.40971397205447,47.12065315246582,43.83159233287717,1276703.8,0.4880325412989293,1.1329519572631974,1.212798227071188,0.12805520532523929,0.25461005750608834,0.3528210397472531,-0.16777720289139486
2025-07-14,44.680999755859375,45.27019825422686,44.680999755859375,45.12290050265134,493362,44.72174224853516,46.95853958129883,45.929619534810385,39.28571430842407,-0.7401897367393175,-0.37640195372366003,-0.3637877830156575,50.397242577476725,46.95853958129883,43.519836585120935,1247067.6,0.3956176874453317,1.0604514960771028,-0.871466720018832,-0.10259100165578294,-0.5980326954644122,-1.1049721286962466,-2.128869885025464
2025-07-15,45.31930160522461,45.46659935795214,44.77919860712549,44.97559935679492,392750,44.87740020751953,46.737829971313474,45.99737408955892,43.462782852704194,-0.7215222094067144,-0.44542600486027095,-0.27609620454644346,49.98808332065435,46.737829971313474,43.4875766219726,1113299.8,0.35278008672955835,1.0238045768791912,1.428575575419,0.45562082851131613,0.9770905870307711,-0.23700590887374418,-2.747547882922996
2025-07-16,45.61389923095703,46.35039920644277,45.31929998996925,45.31929998996925,1422030,45.04434051513672,46.527086448669436,46.08194802602132,45.33217465283511,-0.6751735131827772,-0.49137550652477224,-0.18379800665800494,49.46506831317267,46.527086448669436,43.5891045841662,1095250.8,1.29836015641349,1.0247771954917686,0.6500489091792572,0.14311890542244576,0.9062948249833447,1.0011881037375048,0.11771065767982591
2025-07-17,47.08689880371094,47.283299544802766,45.36839887471443,45.36839887471443,2157693,45.55498046875,46.4423942565918,46.20139331817627,53.594356777575435,-0.5136619076231597,-0.49583278674444975,-0.017829120878709914,49.19888787574843,46.4423942565918,43.68590063743516,1154630.45,1.8687303803567628,1.1434603254379776,3.2292779121900095,0.04389327295191148,0.3054255543222917,-0.1848128519918668,1.5872944754363072
2025-07-18,46.54680252075195,47.43060029254377,46.25219951745522,47.13600103527983,1405270,45.84958038330078,46.418826484680174,46.28087272644043,50.57606478595448,-0.42435238273274933,-0.48153670594210973,0.0571843232093604,49.16262368223872,46.418826484680174,43.67502928712163,1009095.7,1.3926032981807375,1.1481190520580546,-1.1470202894662052,0.007486413359902855,1.1675174216255968,2.2050183077859,-0.23148171708340382
2025-07-21,46.399497985839844,47.037799456544846,46.20309724515888,46.448597234501946,890200,46.19328002929687,46.390275192260745,46.352339299519855,49.75308006510256,-0.36129539726763227,-0.45748844420721424,0.09619304693958197,49.121756750556074,46.390275192260745,43.658793633965416,968391.55,0.9192562657119426,1.1063301399684429,-0.3164654217578944,-0.08570458320372731,-0.182055656943525,-0.2799769107788008,1.2180958566695432
2025-07-22,45.024696350097656,46.841398510906814,44.877398604755854,46.35039853436907,1252241,46.134358978271486,46.24534645080566,46.39295291900635,42.759660388217235,-0.4174452354693443,-0.44947980245964025,0.03203456699029594,48.94171249330414,46.24534645080566,43.54898040830719,979596.35,1.2783234645576211,1.2206861087927785,-2.9629666169270763,-0.15113747849135883,-1.5108489973571504,3.13790511943719,0.4011493470250427
2025-07-23,46.252197265625,46.35039951062045,45.36839953686168,45.36839953686168,612601,46.26201858520508,46.16179275512695,46.45323092142741,49.57492385973027,-0.35875976233211304,-0.43133579443413483,0.07257603210202179,48.74021915631728,46.16179275512695,43.583366353936626,967367.4,0.6332661199870907,1.2346883823567802,2.7262836066293206,0.22295619800545285,1.4387991654924104,-4.547638299266876,0.5707712516980434
2025-07-24,46.350399017333984,46.792299750029,45.61389904485315,46.595899008160934,716001,46.11471862792969,46.05933036804199,46.50879402160645,50.08693193132811,-0.3008589269762183,-0.4052404209425515,0.10438149396633323,48.41671311923426,46.05933036804199,43.70194761684972,961004.7,0.7450546287650831,1.2271833587326568,0.21231802490380147,-0.5605654715466812,0.23612215902308886,-6.995473814704911,-3.9160058935838737
2025-07-25,47.872501373291016,48.412600639577995,46.30130282663203,46.694100590280364,2634400,46.3798583984375,46.02820930480957,46.605604553222655,57.32058975402128,-0.1306451623107705,-0.35032136921619533,0.21967620690542483,48.26347981931096,46.02820930480957,43.792938790308185,1057649.65,2.490805911012215,1.3450652859610976,3.2839034576332304,0.5363622959012604,-0.040000501364123586,2.6695519099874554,0.41347054508602543
2025-07-28,48.80540084838867,49.98380159998995,48.3635000982841,48.559900847889764,4286800,46.86103897094726,46.08660697937012,46.70922991434733,61.046762053507564,0.07862136542420473,-0.26453282228811537,0.3431541877123201,48.54844210102022,46.08660697937012,43.62477185772001,1223734.65,3.503047004511967,1.447229944726143,1.9487167963571972,0.27559243417745183,0.20800726399519132,3.056925042938796,0.35294728918917606
2025-07-29,47.430599212646484,49.29640070955897,47.430599212646484,49.05090070975641,1902381,47.342219543457034,46.07150096893311,46.824876085917154,53.61757089989434,0.132009866463072,-0.1852242845378779,0.31723415100094987,48.49420358811565,46.07150096893311,43.648798349750564,1286298.85,1.478957242323586,1.503039485017655,-2.8169047110440437,0.6277126261405197,-0.9031782082688844,-0.47732488923494243,0.9378558124723657
2025-07-30,47.332401275634766,48.265302035216976,47.13600052424386,48.16709978650515,844200,47.55826034545898,46.10626792907715,46.9293581644694,53.12030750932826,0.16450062453574077,-0.11527930272315415,0.2797799272588949,48.582508853528374,46.10626792907715,43.63002700462592,1263342.6,0.6682272884647442,1.4532077551450495,-0.20703499142287196,0.10959038727660353,1.1214833214890696,-0.5652652021531424,-1.974444770392747
2025-07-31,46.64500045776367,47.872500469810085,46.54680195521306,47.67609971867611,920059,47.61718063354492,46.07093696594238,47.031911023457845,49.649081176546886,0.1332463028019788,-0.06557418161812756,0.19882048442010636,48.49190977670733,46.07093696594238,43.64996415517743,1258827.55,0.7308856562600652,1.4362065230719792,-1.4522838464672283,0.46648917126204115,0.34438577266941994,-2.911281048958303,-2.9028321553283276
2025-08-04,47.13600158691406,47.33240234273277,46.05580304896041,46.39950156211853,562200,47.46988067626953,46.13399410247803,47.13311977386475,52.0589162892067,0.14640900345217034,-0.023177544604067984,0.16958654805623832,48.598763180465454,46.13399410247803,43.6692250244906,1227997.55,0.45781850297665494,1.414925559165363,1.052633989348939,-0.30428543721531254,-0.23658148505263377,-15.575498982143166,1.251565756515216
2025-08-05,48.11800003051758,48.51080152917979,47.47969853169966,47.47969853169966,1079030,47.332400512695315,46.277115440368654,47.22846431732178,56.53906084076969,0.2333892401641151,0.028135812349568634,0.20525342781454647,48.85686016083551,46.277115440368654,43.6973707199018,1243886.45,0.8674666405442394,1.4095754769120779,2.0833299612670997,0.23176060718361757,1.204718422705664,-1.52178345561782,-1.0506779108716668
2025-08-06,47.62699890136719,48.46169738369975,47.577899651706325,48.11799889004108,581620,47.371680450439456,46.43141479492188,47.288630930582684,53.83031964291712,0.25970826158552995,0.07445030219676091,0.18525795938876904,48.942175096454676,46.43141479492188,43.92065449338908,1228952.8,0.47326471773366724,1.3394717775895908,-1.0204105092459947,0.1783585840453794,-0.9012052115274116,-0.5503855355470599,-14.053715321757432
2025-08-07,47.82339859008789,48.36349781649708,47.52879935259492,47.92159708724136,862194,47.469879913330075,46.583624839782715,47.344131278991696,54.763890228497864,0.29303615084116785,0.11816747192564231,0.17486867891552554,49.04118232272735,46.583624839782715,44.12606735683808,1228347.5,0.7019137499771034,1.272168669097933,0.41237048995557135,-0.07582910609321702,2.3730184169192814,1.298426173468048,3.924415405103221
2025-08-08,47.77429962158203,48.65809733924208,47.72519662668489,47.77429962158203,967878,47.69573974609375,46.74565486907959,47.38611005147298,54.467377722299624,0.3118915748405229,0.15691229250861843,0.15497928233190444,49.05711295253908,46.74565486907959,44.434196785620095,1230299.15,0.7867013482046217,1.2269329415591674,-0.10266725066260252,-0.3563459079548914,0.07286453218204869,0.14708908300016255,2.0279775228693397
2025-08-11,48.06890106201172,48.21619881535062,47.13600030673439,48.06890106201172,904122,47.882319641113284,46.895409774780276,47.4044163386027,56.0065386784343,0.34661099259690076,0.1948520325262749,0.15175896007062586,49.1378634940943,46.895409774780276,44.652956055466255,1244351.6,0.7265808152615386,1.2073683505001096,0.6166525574696324,0.1439209000700048,0.4755796968586967,-1.1749923942171892,-4.249483378818053
2025-08-12,48.41259765625,48.85449839090186,48.019799916807024,48.068899165983325,1127730,47.94123916625976,47.0819896697998,47.418923441569014,57.79883915011289,0.3972802249367575,0.23533767100837144,0.16194255392838608,49.16388404685572,47.0819896697998,45.000095292743886,1276070.0,0.8837524587209166,1.1576790336460732,0.7150082207930897,0.3249476487076741,0.09471266391829491,6.178343825235988,5.72654832638495
2025-08-13,49.590999603271484,50.867598843852136,48.903598859564156,49.00180110639817,3675182,48.334039306640626,47.29557456970215,47.45783437093099,63.31695673382986,0.5264545055929233,0.2935610379252818,0.23289346766764146,49.48951557455683,47.29557456970215,45.10163356484746,1440191.6,2.551870181717488,1.330655320840215,2.4340812186708805,-0.23340628022624488,0.8761363011638768,3.759250412343551,4.671639783728088
2025-08-14,53.126197814941406,54.009999301931536,49.19819786571002,50.08199935270015,15882949,49.39459915161133,47.67118949890137,47.55725313822428,74.21129909473433,0.9036700585411594,0.41558284204845736,0.4880872164927021,50.9546390765624,47.67118949890137,44.38773992124034,2163237.55,7.342212139392644,1.7948081362243884,7.128709322158344,0.20617018015440802,-0.541320542258239,-0.5203323587194664,-0.9055762412591317
2025-08-15,53.911800384521484,54.40280037437675,50.769399700241244,52.92980040481095,11842056,50.62209930419922,48.012434577941896,47.642770767211914,75.92257306508944,1.2515802259908497,0.5827823188369359,0.6687979071539139,52.30403739207476,48.012434577941896,43.72083176380903,2647455.7,4.472994958895818,2.0399538079458712,1.478747965959526,0.4652728781409321,0.39764198071750023,-1.0267314805570527,-3.133149910292188
2025-08-18,59.11640167236328,59.21460017548366,53.32260008347468,54.10819934653599,23705838,52.831599426269534,48.64091453552246,47.77692178090413,83.65897018417105,1.925078263609862,0.8512415077915212,1.0738367558183408,55.141684962060445,48.64091453552246,42.14014410898448,3762484.1,6.300581575879616,2.5535599791542856,9.653918531231387,-0.2992125774545329,0.6083510296844397,-1.0961075976090973,-0.5390840903627514
2025-08-19,58.036197662353516,62.35699909828558,58.036197662353516,59.214598394519776,26050372,54.75631942749023,49.22274951934814,47.92165184020996,78.05335525320555,2.3446393320158947,1.149921072636396,1.1947182593794987,56.862146499878826,49.22274951934814,41.58335253881746,5020492.7,5.188807863419461,2.7891921733913225,-1.8272492564694764,0.12037876283805815,-0.5269863303297595,-1.5040537104556329,0.2032423045858156
2025-08-20,60.687599182128906,62.74980142741527,57.54519843647781,59.21459918379552,33376098,56.97563934326172,50.00589466094971,48.12962690989176,81.35562777576567,2.8581435457973825,1.4915655672685935,1.366577978528789,58.935616006236046,50.00589466094971,41.07617331566337,6626685.55,5.036620154701621,3.1112469490641406,4.5685307214660575,0.2737679299698925,-2.989552002278928,-0.6027712161970622,-0.1352200453873742
2025-08-21,59.902000427246094,63.24080194947291,59.41100042374408,62.651599697650845,25904169,58.33079986572265,50.68838481903076,48.3054536819458,77.6284864162705,3.1652213790452564,1.826296729623926,1.3389246494213303,60.45720142118189,50.68838481903076,40.919568216879625,7891263.95,3.2826387717014587,3.207054225952766,-1.2944963476395954,0.5739473988298771,1.4251223005524505,-1.3341415628182807,-1.557215466361861
2025-08-22,59.11640167236328,60.88400095075942,58.330802409301974,59.80380243230422,10591841,59.37172012329101,51.32668495178223,48.48089046478272,73.97860235383308,3.307069679587329,2.122451319616607,1.184618359970722,61.55930822665141,51.32668495178223,41.09406167691304,8385055.95,1.2631807185496478,3.119873468020057,-1.311473321891743,0.7790624202977492,-0.8248855555042067,6.228225804749865,7.15268322641025
2025-08-25,59.50919723510742,60.982197203758915,59.312800236113326,60.68759795923514,7217884,59.450279235839844,51.90851974487305,48.66922550201416,74.62111395931508,3.411851103198593,2.3803312763330045,1.0315198268655887,62.62601885613424,51.90851974487305,41.191020633611856,8614230.15,0.8379023864367032,2.952663076470134,0.6644443024815816,-0.4872876866823028,2.158306669891674,-1.7357719144983963,-1.7971715111141595
2025-08-26,64.02639770507812,64.32100070513395,58.7235998945646,59.705599905330004,27690040,60.648319244384766,52.66956958770752,48.97095718383789,80.56449591301094,3.815409793339576,2.667346979734319,1.1480628136052573,64.55708999053765,52.66956958770752,40.782049184877394,9784392.15,2.830021484778694,3.3052947743500303,7.590760218331072,0.2525750082704059,0.11417520761634048,0.07851013724897715,0.8496772639024153
2025-08-27,62.74980163574219,65.40119864471865,62.55340088610582,64.71380164004044,24319247,61.060759735107425,53.435529708862305,49.248236401875815,75.20439312249061,3.9862710773110948,2.931131799249674,1.0551392780614206,65.86357770492478,53.435529708862305,41.00748171279983,10905235.45,2.23005244696482,3.244295172251737,-1.9938589630112635,0.3370125372272659,0.8837683642618943,0.5099005941845203,0.712894487512461
2025-08-28,64.2228012084961,64.32099970963972,61.86599972072217,62.94619821743281,14444813,61.92491989135742,54.28004970550537,49.53021666208903,77.09778581818377,4.192213404433694,3.183348120286478,1.008865284147216,67.24575799966422,54.28004970550537,41.31434141134652,11585266.1,1.246826173461825,3.1390558144738456,2.3474170983114107,0.09297408164834486,-1.1560045814190012,-0.917075552591462,0.9652362173806495
2025-08-29,63.24080276489258,65.3030013077777,62.651600505473404,64.91019980149825,13497194,62.74980010986328,55.109839820861815,49.78709678649902,73.0907673987242,4.227453660616263,3.392169228352435,0.8352844322638275,68.14219345260867,55.109839820861815,42.07748618911496,12214122.85,1.1050481615222987,3.074035146184573,-1.5290495355621547,-0.2688503744142423,-0.01382054501782859,-2.343439652058732,-1.4658817410383107
2025-09-01,62.2588005065918,64.71380046748213,61.374999022258216,63.240800490947926,11067265,63.299720764160156,55.865979766845705,50.01967061360677,69.2166195666122,4.128551075360761,3.5394455977541,0.5891054776066609,68.70376311351009,55.865979766845705,43.02819642018131,12739376.1,0.8687446632492466,3.1093373193898186,-1.5527985341228567,0.2220177645487098,-0.6659038390721239,-2.343439652058732,-1.4658817410383107
2025-09-02,66.48139953613281,67.75800258159789,62.84800239452559,62.84800239452559,41480978,63.7907211303711,56.784149742126466,50.31150563557943,75.28335692237657,4.3408597864161536,3.699728435486511,0.6411313509296424,69.9121548479577,56.784149742126466,43.65614463629524,14759473.5,2.8104646144728673,3.427985953471989,6.782332770921173,0.2120392800051274,-0.2282809370366512,-1.310751207660532,-3.945666815947546
2025-09-03,69.72200012207031,72.56980162546937,66.28500011605276,67.16880161601321,67542478,65.18516082763672,57.88889980316162,50.66211452484131,78.74532938576809,4.716239481005381,3.9030306445902854,0.8132088364150958,71.48271858241581,57.88889980316162,44.29508102390743,18107516.4,3.7300796259392044,3.8088946942646054,4.874447001038584,0.38758813655075386,0.3477630507512153,-2.349811490501408,0.8080749993190084
2025-09-04,68.44539642333984,74.14099937191581,68.05260242031973,70.7039994010323,55258161,66.02967987060546,58.91999969482422,50.98827075958252,74.3285562198399,4.854756730360265,4.093375861744281,0.7613808686159835,72.42729623569956,58.91999969482422,45.41270315394888,20827314.75,2.6531582041799218,4.1128283285754685,-1.830991217256206,-0.07155659478953469,0.33007400549494026,0.5649726984540582,2.338001926893818
2025-09-05,71.58779907226562,71.68599757052455,68.0526006904884,70.01660062392745,29236084,67.69907913208007,60.110674667358396,51.36521244049072,77.65147398487849,5.158632772585548,4.306427243912535,0.8522055286730135,73.679337537485,60.110674667358396,46.54201179723179,22240725.05,1.3145292671112805,4.048904135436892,4.591108844617953,-0.09113950204554522,1.3016229374229527,2.184767388800113,1.5665813330074663
2025-09-08,69.13279724121094,71.78419408111158,66.28499591816565,71.68599558557173,31205580,69.07387847900391,61.16386947631836,51.726644134521486,70.02542288621018,5.142083853075803,4.473558565745189,0.6685252873306142,74.04981371970773,61.16386947631836,48.27792523292899,23755797.95,1.313598476703663,4.242276672438098,-3.4293578834243,-0.7004631226877445,0.215561079559623,-0.4683354497614256,-1.156801015267639
2025-09-09,67.46339416503906,69.13279859004771,66.38319570889529,68.93639410307105,19680571,69.27027740478516,62.11640930175781,52.05231285095215,65.32715450838981,4.937347173844188,4.566316287364989,0.3710308864791987,73.79336223298839,62.11640930175781,50.43945637052724,24683440.0,0.7973188096958933,4.043253500266675,-2.4147772732921124,-0.4852509178164821,1.2538968205540568,-0.5319192523505656,-0.8452639110237303
2025-09-10,70.7040023803711,72.37339943974803,67.07060525487273,67.75800228118896,28573965,69.46667785644532,63.17205944061279,52.401821327209475,69.59214329452541,4.979184936081296,4.648890017108251,0.3302949189730455,73.85644316351905,63.17205944061279,52.48767571770654,25928379.15,1.1020343707061226,4.211192258214491,4.803506042705719,0.06758799645232294,1.3575043934189956,-1.0078113421104873,0.26229535925967884
2025-09-11,68.83819580078125,75.02479855488154,68.83819580078125,73.06079863193735,38285434,69.5452377319336,63.95765933990479,52.718645095825195,64.66049381441275,4.8063816900481555,4.680388351696232,0.1259933383519236,73.8100828752747,63.95765933990479,54.10523580453488,27048503.4,1.4154363157852201,4.474580324332598,-2.6388981058699357,-0.3782383940657219,0.09177735950691712,1.8491572198157336,2.0408237602321133
2025-09-12,71.88239288330078,72.37339285515957,69.0345990401718,70.01659898388938,21383362,69.60415649414062,64.85618896484375,53.10367259979248,68.57356649712283,4.859062883470486,4.716123258051082,0.14293962541940353,74.11070359644509,64.85618896484375,55.601674333242414,27525568.7,0.7768545032822519,4.349329221672027,4.422249954559354,0.17595008979807147,1.026858565050115,-1.5503919402964916,-1.6129053469985055
2025-09-15,70.90039825439453,72.17700127374967,69.03460421512011,70.99860424977997,22533177,69.95767669677734,65.44538879394531,53.501709938049316,66.03351295873543,4.766627632894661,4.726224133019798,0.0404034998748628,74.66165443872208,65.44538879394531,56.229123149168544,27466935.65,0.8203746237705989,4.188404933266364,-1.3661128817741175,-0.0168380656651812,-0.4611663437352198,-0.3108116792343796,-0.9180319771442291
2025-09-16,71.98060607910156,74.14100317478557,71.29320155442701,72.27520159647716,35055888,70.86111907958984,66.14260921478271,53.918544642130534,67.46131821860459,4.726056734466923,4.7261906533092235,-0.00013391884230085083,75.1051452691978,66.14260921478271,57.18007316036761,27917211.45,1.2557087968039158,4.06203159821632,1.5235567800778504,-0.29982346654272574,1.0745701295846288,3.013927966210561,0.5956269128080782
2025-09-17,71.0968017578125,73.35539727081381,70.90039726185665,72.27519876528575,20126499,70.93967895507812,66.66306934356689,54.304770151774086,65.05190200123525,4.569909312809969,4.694934385209373,-0.12502507239940375,75.49986816721523,66.66306934356689,57.826270519918545,27254731.5,0.7384588984118226,3.847760719648432,-1.2278367319077943,-0.48651948491017505,-0.7467550083917751,0.4842571773996607,-0.13157427538036393
2025-09-18,73.35540008544922,74.43560612449008,72.07880452704799,72.07880452704799,32440477,71.84311981201172,67.33573932647705,54.72863896687826,68.17963536570954,4.575665936647368,4.671080695496972,-0.09541475884960349,76.05291358658403,67.33573932647705,58.618565066370074,27581546.9,1.1761659749402962,3.779899872585652,3.176793149332524,0.1304608418786879,1.3016200996530891,4.076310492156465,4.150193950940628
2025-09-19,75.81039428710938,79.73839414638064,73.84639435747374,75.12299730856297,69479593,72.62872009277343,68.17043895721436,55.18548475901286,71.19707709364246,4.723871764155007,4.681638909228579,0.0422328549264277,76.77002461912383,68.17043895721436,59.57085329530488,30525934.5,2.2760840622258427,4.126979097698422,3.3467123058430914,0.08010681923562579,-0.7411524345470877,-1.4663363098225912,-2.846300019954262
2025-09-22,71.4896011352539,75.41760103296973,71.19499814609912,75.12299804381495,26075640,72.7465606689453,68.76945915222169,55.568729400634766,60.35008519060697,4.441475488531154,4.633606225089094,-0.19213073655794055,76.44854044195796,68.76945915222169,61.09037786248541,31468822.3,0.8286182352620167,4.19210137014,-5.699473261531585,0.35037367829144905,1.1815861562103347,0.8419821964858132,0.0
2025-09-23,70.40939331054688,71.29319476260892,69.23099636917418,71.19499626617203,14862821,72.43231811523438,69.08860893249512,55.94826183319092,57.97217592502909,4.083439315190759,4.523572843109427,-0.4401335279186682,76.46217474009936,69.08860893249512,61.71504312489089,30827461.35,0.48212925583637134,3.934301822931963,-1.5109999322325818,0.005624330335418648,1.417160099788184,-2.097090934086776,-0.9765562544103212
2025-09-24,71.39139556884766,72.27519704950426,70.01660159012101,70.90039557871235,10481958,72.49123687744141,69.52068862915038,56.342573102315264,59.533187902907976,3.834728085284908,4.385803891544524,-0.5510758062596155,76.32074259917682,69.52068862915038,62.720634659123945,30135596.9,0.3478264603413248,3.7108743077921336,1.3947034793632795,0.18631834557791827,-0.19292856211109433,1.0313377164776538,0.1314941427221994
2025-09-25,70.40939331054688,71.88239323329526,69.91839333629741,71.48959924754773,8709378,71.90203552246093,69.83001823425293,56.73877862294515,57.243480212855275,3.517831892129152,4.21220949166145,-0.6943775995322978,76.16209156684845,69.83001823425293,63.497944901657426,29848825.15,0.2917829414133575,3.477957719686229,-1.3755190670754813,0.2976129160905838,-0.6599329621733818,-2.296816255373546,-2.166785013623229
2025-09-26,68.44539642333984,70.7039994010323,67.75799942598928,70.31119790594683,9317011,70.42903594970703,70.09024791717529,57.090341567993164,52.86426681229051,3.072790030225619,3.9843255993742837,-0.9115355691486648,75.66456878824138,70.09024791717529,64.5159270461092,29639816.0,0.3143410539390663,3.407030020400468,-2.7893961229642272,0.6501132916399088,-1.7043185521454118,0.7836033475213666,0.872488074747646
2025-09-30,69.52560424804688,70.01660425688318,67.3651997139278,68.74000123708257,7240508,70.03623657226562,70.45358810424804,57.48452065785726,54.907534505153556,2.7752633833521685,3.742513156169861,-0.9672497728176923,74.65744434577135,70.45358810424804,66.24973186272473,29448478.15,0.24587036257423714,3.3062799567411245,1.5782037670230897,0.046643707979932,0.9390763957033643,-0.9043347335633944,0.9234949122875813
2025-10-01,69.3292007446289,70.70400228752163,68.74000222397936,70.11480376687209,3952254,69.82019805908203,70.59597816467286,57.88574778238932,54.445405916279796,2.494864011502287,3.492983327236346,-0.9981193157340593,74.40799244088663,70.59597816467286,66.78396388845908,27572041.95,0.14334281106807906,3.1273093043146107,-0.2824908974789486,-0.05285909728485194,0.6288447090782023,-1.946872586561943,0.7843048432874866
2025-10-02,70.40939331054688,71.09679776973515,68.34719491711215,70.11479782123622,7385047,69.62379760742188,70.63034782409667,58.31688747406006,56.60848474364631,2.3329156027871107,3.2609697823464994,-0.9280541795593886,74.42152183525896,70.63034782409667,66.83917381293439,24564170.4,0.3006430455310634,3.0769484440890627,1.5580629147836422,0.01609605957935134,1.5220791911750853,0.8066250602974723,2.5940360494053794
2025-10-03,71.29319763183594,72.17699911946697,70.11480064303812,70.21299914342706,11630471,69.8005584716797,70.77273788452149,58.75878747304281,58.35102994058985,2.2499499224118154,3.0587658103595627,-0.8088158879477474,74.42993296953082,70.77273788452149,67.11554279951216,22382785.9,0.5196167738887232,2.9416484484010343,1.2552363821556556,0.055177608565615266,1.4506947270404247,1.0874000021444896,2.0859758569875986
2025-10-07,71.29319763183594,73.15899910748693,70.90039613821489,72.56980061308802,7936303,70.3701187133789,70.7580078125,59.204779116312665,58.35102994058985,2.159307866021919,2.878874221492034,-0.719566355470115,74.40373565362844,70.7580078125,67.11227997137155,21317796.85,0.3722853283499603,2.8505757178505027,0.0,0.29750124162626346,1.684868471805201,-4.329692892237635,-4.415420092481925
2025-10-08,70.11479949951172,72.07879944352008,69.721998012297,71.48960095873062,4096131,70.48795776367187,70.80710792541504,59.62212905883789,54.93935176335517,1.9696812430122748,2.6970356257960826,-0.7273543827838078,74.38652321715732,70.80710792541504,67.22769263367276,19962324.4,0.2051930886365117,2.784739146300181,-1.652889997176965,0.0858699164537402,-0.5448692045472381,5.625914474119775,4.4892600515549885
2025-10-09,69.42739868164062,70.70400170932976,69.03460466579683,70.4093987053813,4651357,70.50759735107422,70.90530815124512,60.034569040934244,52.992916190309366,1.7438314732114435,2.5063947952791548,-0.7625633220677113,74.19447140734505,70.90530815124512,67.6161448951452,19210863.7,0.24212118063176932,2.6360268659312136,-0.980393330335172,-0.03831349420129193,0.8802950564221979,-1.788521675134902,-1.0585201534065503
2025-10-13,72.07880401611328,72.3733995311642,66.5796053224403,67.16880384460782,12449077,70.8414794921875,70.97404823303222,60.48056074778239,59.02329144211493,1.7585190423771309,2.35681964469875,-0.5983006023216193,74.30272397571567,70.97404823303222,67.64537249034878,18404619.3,0.6764104596284695,3.0570625116369046,3.8189610799486795,0.2671434399057038,-1.3863493889187506,9.553998188727753,8.321959967518033
2025-10-14,75.71219635009766,78.95279925483665,73.4536009095187,73.64999790711158,47966571,71.72527923583985,71.31774826049805,60.9821990331014,65.54617119926662,2.039829557199411,2.2934216271988825,-0.25359206999947137,75.10570641729916,71.31774826049805,67.52979010369694,18888676.15,2.5394353007635213,3.565986875248433,5.040861018132503,0.0847841788281345,-0.4838520946744862,-1.137496882621214,1.007563680810808
2025-10-15,83.27360534667969,83.27360534667969,76.0068036432086,77.38160518041647,77046169,74.1213607788086,71.88730888366699,61.585310808817546,74.60582385291599,2.8401729339846753,2.402771888556041,0.4374010454286341,78.44541655817844,71.88730888366699,65.32920120915554,21671816.5,3.555132030579901,4.098709824759579,9.987042195444484,-0.02313105345168598,1.8010593746521364,1.6552274518977672,5.797995351543328
2025-10-16,84.15739440917969,90.73679870162113,83.46999742719359,85.23760036953671,129640582,76.92987976074218,72.55015869140625,62.21215400695801,75.419398013389,3.5053576366342725,2.6232890381716873,0.8820685984625851,81.07362840923007,72.55015869140625,64.02668897358244,27027186.75,4.796673186860634,4.547307628783827,1.0613075521597404,-0.24149632990847492,1.364430807973327,5.182685819537247,-0.29462999819359625
2025-10-17,80.2293930053711,84.74659877393265,79.54199603645002,83.56819433741288,40154779,79.09027862548828,72.96259803771973,62.77598559061686,65.39185824539683,3.673221805795137,2.833275591696377,0.8399462140987599,82.14300533665892,72.96259803771973,63.78219073878054,27282131.3,1.4718343870737107,4.634946976610334,-4.667446552242749,0.006860517943563238,-1.2496442248141726,-0.8306634534006374,-2.54136968684896
2025-10-20,88.18360137939453,88.18360137939453,83.46999846902357,83.46999846902357,27977145,82.31123809814453,73.81693801879882,63.495300674438475,73.17091868955774,4.397402984623369,3.1461010702817758,1.2513019143415933,85.18567846870405,73.81693801879882,62.44819756889359,27674663.6,1.0109299034081123,5.077515162932082,9.914331987393865,0.03266778205262,1.4147553157768167,4.492672121061769,6.124921105043879
2025-10-21,96.92339324951172,96.92339324951172,92.3079964250836,93.28999638705257,61059778,86.55347747802735,74.99533767700196,64.33982060750326,78.80754193610063,5.611859920812975,3.639252840388016,1.9726070804249591,90.34976082308891,74.99533767700196,59.640914530915,29105628.65,2.09786837914597,5.5658187238900965,9.910903766014002,-0.08033787001248127,0.23034471151326397,0.34615129079793583,-1.6000096736979552
2025-10-22,96.03960418701172,101.14600125346736,93.29000115611066,95.94139819214234,138587997,89.10667724609375,76.00679817199708,65.16797402699788,77.04479993357268,6.428903009185873,4.197182874147588,2.2317201350382856,94.02192492829539,76.00679817199708,57.99167141569876,32561048.85,4.2562510083270855,5.87117624035231,-0.9118428821665803,0.2614607328592866,-0.37294058215946446,-5.718956828543353,-3.4262369860514896
2025-10-23,96.23600006103516,101.14600006414919,95.54860305742537,97.90539706526775,82962695,91.52239837646485,77.24411811828614,65.97403233846029,77.16702265161683,7.011439538355276,4.7600342069891255,2.2514053313661506,97.24298171350131,77.24411811828614,57.24525452307096,35405401.6,2.343221408340133,5.834672342535178,0.20449467246970165,0.22101202829689637,-0.42189869317011963,-0.28885331214595356,1.803968759288166
2025-10-27,95.15579986572266,99.18199829822775,93.87919689080054,97.21799833192621,62119224,94.50767974853515,78.48143844604492,66.74653898874918,74.80777164643209,7.301770540917715,5.268381473774843,2.0333890671428723,99.72330245969955,78.48143844604492,57.239574432390285,37768221.75,1.644748445166074,5.763756217854116,-1.122449181831553,0.1894395419437922,1.6757472785653427,3.884837815558817,2.9691255762799296
2025-10-28,90.1476058959961,95.54860606969363,89.06739986760405,95.15580455864794,46654943,94.90048065185547,79.41924896240235,67.45848910013835,64.90054058895132,7.046512741455189,5.624007727310913,1.422505014144276,100.9966285450619,79.41924896240235,57.8418693797428,39576871.0,1.1788436483520892,5.859416215752178,-5.263151564900703,-0.7530777372024122,-0.15904147839432836,-1.6704651917566093,0.8650520387065486
2025-10-29,83.56819915771484,92.50439772946349,83.47000065535693,91.5223977217534,49600972,92.2294418334961,80.07718925476074,68.06241906483969,54.65915406746749,6.241369338350111,5.747480049518752,0.4938892888313591,101.2973351005171,80.07718925476074,58.857043409004376,41621450.7,1.1917165587887593,6.282746996866097,-7.298481942905899,-0.18953750952860338,1.2366435536016018,-0.7721963650058505,-1.2006685328784683
2025-10-30,82.38980102539062,84.05919801897998,81.30960253000544,83.56819802179895,25092244,89.49948120117188,80.77440948486328,68.6581657409668,53.044639605186724,5.445428993870394,5.687069838389081,-0.24164084451868728,101.29000842241291,80.77440948486328,60.258810547313665,42410212.35,0.5916557029453308,5.811660129147223,-1.4101035372322435,0.3997594261948789,-0.025485081114973163,-1.0700448160121057,-2.3148110178250025
2025-10-31,82.78260040283203,83.76460037206105,79.93479899365485,82.48799741523725,23572806,86.80880126953124,81.43725929260253,69.2522757212321,53.53729916399881,4.791107261280516,5.507877322967369,-0.7167700616868533,101.26778527254262,81.43725929260253,61.60673331266245,43226827.25,0.5453281561394261,5.5474122957150875,0.476757283732665,0.21359802296341268,-0.19153205969807408,-1.5142510642518037,0.5924016903943174
2025-11-03,78.36360168457031,81.99699862690025,76.39960171745894,78.06899869267748,34921962,83.45036163330079,81.88897933959962,69.75636908213298,47.49937814874988,3.8713497979794766,5.180571817969791,-1.3092220199903144,100.95505630929523,81.88897933959962,62.82290236990399,44775312.65,0.7799378705175831,5.658823814336156,-5.338076717520634,0.16628250572858772,0.3585838583650913,0.7587804303599954,-1.1778487869819942
2025-11-04,75.12300109863281,78.85460415003163,75.0248025956098,78.65819965192007,19866098,80.44544067382813,82.12465972900391,70.21463578542074,43.61473999731133,2.848114703945427,4.714080395164919,-1.8659656912194915,100.70356283841961,82.12465972900391,63.545756619588204,45399365.2,0.43758536958574035,5.4149541796809135,-4.135339004684324,0.3940632008074152,-0.7694810409372921,-4.320254349442909,-4.052443833152886
2025-11-05,76.39960479736328,76.79239881296806,72.96260471636226,73.35539873196703,15762928,79.01172180175782,82.37998008728027,70.69090588887532,45.505475546380666,2.115814971436336,4.1944273104192025,-2.0786123389828663,100.46595142687428,82.37998008728027,64.29400874768626,45605988.05,0.34563285818341133,5.203599501937565,1.6993513039426533,0.051456216481238215,-1.4208708043573326,3.7282582793470853,-4.844723005931806
2025-11-06,79.54199981689453,80.32760281191224,76.20319832616735,76.79239682639795,26115551,78.4421615600586,82.7924201965332,71.22036755879721,49.954074827900214,1.7686393994167702,3.7092697282187164,-1.9406303288019462,100.17645071813105,82.7924201965332,65.40838967493535,46514950.45,0.5614442399131911,5.059706833111875,4.113103762599168,-0.08441462583944626,0.6580375706382924,-2.555915629380845,-4.830292922034518
2025-11-07,76.59600067138672,78.65819919104942,76.59600067138672,78.4618021861541,14084451,77.20484161376953,83.11648025512696,71.69581921895345,46.150407852714565,1.2414718325299674,3.2157101490809668,-1.9742383165509994,99.7300112435955,83.11648025512696,66.50294926665842,47014366.45,0.2995775985831667,4.777879141431333,-3.7037026379642124,0.2780553192774038,-0.8890464487496197,-1.9876996335467245,-1.4403213822526073
2025-11-10,78.85459899902344,79.73839296056416,75.61399616649068,77.57799606691901,15359853,77.30304107666015,83.5878402709961,72.20318590799967,49.3355303233829,0.9944740688543021,2.771462933035634,-1.776988864181332,99.06191896151785,83.5878402709961,68.11376158047435,47549791.25,0.3230267178091975,4.690748161783619,2.9487157395156727,-0.038733360616827195,0.7887467877500054,1.4844220307172806,2.1572662985715363
2025-11-11,79.54199981689453,82.78260280626084,79.44380131553368,80.32760281191224,25681178,78.1868408203125,83.96100006103515,72.70236924489339,50.299057715999886,0.844459657498632,2.386062277928234,-1.541602620429602,98.60412112364716,83.96100006103515,69.31787899842314,48211396.3,0.5326785774922682,4.589048914510791,0.8717320569718634,0.0,-0.30341598250608337,-0.22661847605440766,-3.0653953521157185
2025-11-12,81.21139526367188,81.99699824367087,79.54199829625557,79.54199829625557,12122321,79.14919891357422,84.23596000671387,73.1704558690389,52.65398685067419,0.8504746739002371,2.0789447571226347,-1.2284700832223976,98.42643292716323,84.23596000671387,70.0454870862645,46419183.8,0.26114894764694246,4.304509052231392,2.0987597126301605,-0.008074886659015235,0.5835555923585645,1.7344624144016718,-0.28109993789033894
2025-11-13,82.58619689941406,84.35379986194872,81.0149984283084,82.68439539909592,31904636,79.75803833007812,84.20158958435059,73.64836247762044,54.56333517536245,0.9551660602695193,1.8541890177520117,-0.8990229574824924,98.40520064042681,84.20158958435059,69.99797852827436,44162107.15,0.7224436979792075,4.1757480364192485,1.6928678928352037,0.3223070095614844,-0.1557560988223461,-2.3137799453151864,-4.016904236847029
2025-11-14,80.52400207519531,86.8088037355749,80.52400207519531,81.50600210050257,36064838,80.54363861083985,84.01991996765136,74.00515581766764,51.226240197796045,0.8617985728972997,1.6557109287810694,-0.7939123558837697,98.31853832626237,84.01991996765136,69.72130160904035,39483319.95,0.9134195920117907,4.456955186280627,-2.4970211750159677,0.1957261013469047,-1.8136056365454567,-2.514030484764551,-2.790015238959165
2025-11-17,84.35379791259766,86.41599632652209,81.11319505352704,81.30959954041728,37329115,81.64347839355469,84.2261402130127,74.44378248850505,56.54202900166745,1.084337120271428,1.5414361670791412,-0.4570990468077132,98.41310722779627,84.2261402130127,70.03917319822912,39342036.75,0.9488353446774714,4.648293728286781,4.756092269018097,-1.8326170463155322,0.18180690528333265,-1.9181537645014624,-4.456199859952637
2025-11-18,83.56819915771484,87.79080218769438,81.01500063608172,84.45200066306701,50226901,82.44871826171875,83.99537010192871,74.82512582143148,55.212706469000416,1.1836647183058489,1.4698818773244828,-0.286217159018634,98.06092300545177,83.99537010192871,69.92981719840566,40454524.55,1.241564486511806,4.931961438063564,-0.9313140301006939,2.0307929943259806,-2.518248208944085,-0.999563406990478,-1.8181748422711697
2025-11-19,79.44380187988281,85.13939741199242,79.05100037958358,83.17539740256177,27540915,82.09519958496094,83.12139053344727,75.15082251230875,48.734696242655716,0.9189846807187791,1.3597024380033422,-0.4407177572845631,95.91978790714514,83.12139053344727,70.3229931597494,38778581.4,0.7102094508284411,5.086152850642934,-4.935366945084252,-0.23030738201144096,-0.6577934530601293,1.229142980057163,-0.9661882944462796
2025-11-20,83.07719421386719,84.64839263436255,80.62219434057286,81.11319431523172,28892559,82.19339904785156,82.47327003479003,75.55016905466715,53.869536086428845,0.9909847841154829,1.2859589072257704,-0.2949741231102876,93.73817257172487,82.47327003479003,71.20836749785519,33293809.5,0.86780574028334,5.101944571154508,4.573537831784513,0.2565641148130293,3.183733789520926,-2.6452676371647166,-3.9024345972530794
2025-11-21,78.46179962158203,82.487998026861,77.7743951427857,81.01499806209563,21040797,81.78095855712891,81.58456001281738,75.8660457611084,47.37781805493516,0.6679222220461014,1.1623515701898366,-0.4944293481437352,90.91643730552458,81.58456001281738,72.25268272011017,30197714.6,0.6967678607042667,5.1287251711447714,-5.555549433221896,0.5422820276357987,-3.614843327615369,4.008906850533367,5.837565286003565
2025-11-24,78.55999755859375,80.72039449462899,78.16719607238774,79.73839452514657,10560141,80.62219848632813,80.75476989746093,76.10827242533365,47.52271724647741,0.4150323325277725,1.0128877226574238,-0.5978553901296513,87.63490269548676,80.75476989746093,73.8746370994351,27619760.45,0.38234006479227084,4.785321604624302,0.12515381687052685,-0.04305999745704003,0.2621560052100236,1.4775130951530047,2.7178299199193567
2025-11-25,81.01499938964844,82.68439638024535,80.32760239165333,80.52399939334754,17923625,80.11155853271484,80.29813957214355,76.41269238789876,51.14467326467891,0.4080101169205932,0.8919122015100578,-0.4839020845894646,85.58006916325587,80.29813957214355,75.01620998103124,26183194.55,0.6845469129358014,4.697198566894608,3.1250024278878463,0.27920716971145954,1.5391110399419539,1.9413420457724984,3.501930328974412
2025-11-26,85.43399810791016,86.21960108733774,82.09519668344085,83.2736011525822,44595181,81.30959777832031,80.39142951965331,76.76621233622232,56.909779188375104,0.7503714113697839,0.863604043482003,-0.11323263211221912,85.97390018370172,80.39142951965331,74.80895885560491,25932905.0,1.7196369245944487,4.764852317667233,5.4545439135389895,-0.12091894024681693,1.8481197988450715,2.753049013765363,1.353386542666457
2025-11-27,84.15739440917969,87.49619580468047,83.27360043007333,87.39799730612035,32081169,81.52563781738282,80.47980918884278,77.11482219696045,54.894473641044236,0.9082146215224896,0.8725261590901003,0.03568846243238921,86.24835698478346,80.47980918884278,74.7112613929021,26282351.25,1.220635425454943,4.692551391925887,-1.4942572359987305,-0.44348084794223475,0.5289772806627235,2.753049013765363,1.353386542666457
2025-11-28,84.55020141601562,85.82680445684605,83.17539987021341,84.25560590110024,14742304,82.74331817626953,80.56818923950195,77.48634554545085,55.41762220634665,1.0528659619706673,0.9085941196662137,0.14427184230445356,86.53601009353073,80.56818923950195,74.60036838547316,25840826.15,0.5705043605968457,4.420398484553454,0.4667528142875632,0.2105664976116417,0.261122848805706,1.208707284842303,1.4094995180714998
2025-12-01,86.51419830322266,88.18360279463421,83.76460280476633,84.45199980636406,35622608,84.33415832519532,80.97571907043456,77.82022552490234,58.03819198525157,1.3108704281164307,0.9890493813562572,0.32182104676017353,87.40499280414173,80.97571907043456,74.5464453367274,25875858.45,1.3766734761219102,4.420212018595378,2.322876651166683,0.19863050869839416,-1.027822462568817,0.37818196727970044,0.5852236201834504
2025-12-02,85.04119873046875,87.88900023654648,84.64839723099847,87.69260323284406,26959756,85.13939819335937,81.47162895202636,78.07554550170899,55.407629745623446,1.3805677456107617,1.067353054207158,0.3132146914036036,87.51879790294342,81.47162895202636,75.42446000110931,26230541.35,1.0278002135095088,4.262930816855729,-1.7026102092412732,0.0608734112671927,0.8109719183892139,2.0820924662036555,2.1818182845035894
2025-12-03,85.13939666748047,86.41599965927317,83.46999967088885,84.64839666941641,17486993,85.08047790527344,81.90861854553222,78.35377883911133,55.55226320896049,1.4272743939435912,1.1393373221544447,0.2879370717891465,87.66886509392589,81.90861854553222,76.14837199713855,26316744.6,0.6644816167726155,4.087340039726207,0.11547101696314233,0.01911236723253218,0.8299495511413513,11.013989965152726,7.168455537406682
2025-12-04,84.55020141601562,85.92500296181785,83.76460588417557,84.64839992098743,8772172,85.15903930664062,82.15902862548828,78.56981887817383,54.41189876646647,1.4006013559798873,1.1915901289195334,0.2090112270603539,87.92152192921964,82.15902862548828,76.39653532175691,25449575.65,0.3446883406089327,3.8304143114483518,-0.6920359722139002,-0.2780117606670518,0.009613468300440076,-4.129484772249558,1.3377907878914241
2025-12-05,87.39800262451172,88.7728041642093,84.05920102583634,84.25560552697351,30460748,85.72859954833984,82.69912872314453,78.87423896789551,58.812778688162844,1.5909174328287605,1.2714555897013788,0.3194618431273817,88.28850717165915,82.69912872314453,77.1097502746299,26268390.5,1.1595970449731208,3.9481728217049663,3.3681779118230004,0.16062935130458644,0.6662167696174004,-0.09125613474186833,0.3300357327185699
2025-12-08,88.37999725341797,90.83499717712402,86.21960031738271,88.18360025634756,31537571,86.10175933837891,83.17539863586425,79.2228490193685,60.2381839338337,1.8002311109242157,1.3772106939459463,0.4230204169782694,89.00365407958122,83.17539863586425,77.34714319214729,27077276.4,1.164724639735184,4.037136026776479,1.1235893263204177,-0.2901310503285237,1.1539613810094718,2.995979794230741,0.5263112508548939
2025-12-09,89.55839538574219,91.22779985083187,87.20160142195842,88.77279989516937,35710876,87.0051986694336,83.67621841430665,79.53708890279134,61.94037377670945,2.037711124421733,1.5093107800411039,0.5284003443806293,89.89800219522652,83.67621841430665,77.45443463338677,27578761.3,1.2948687437966984,4.035677680389409,1.3333312615356974,-0.3494935499670837,-0.42813960011827135,-2.039733068627536,0.45812781067045005
2025-12-10,86.61239624023438,90.14760220274628,86.02319774383751,89.55839621428406,30785119,87.29979858398437,83.94626846313477,79.83332557678223,55.5391069653196,1.9655407060169239,1.600556765236268,0.3649839407806559,90.18641969633218,83.94626846313477,77.70611722993736,28511901.2,1.0797287344696607,4.047507917525325,-3.2894728995745526,-0.043961550810267536,0.7739912655269743,-0.23538125872302196,2.9315949049908196
2025-12-11,84.45199584960938,86.51419424984962,84.45199584960938,86.41599575308867,27019671,87.28015747070313,84.03955841064453,80.04281895955404,51.34823902570803,1.714257974327765,1.6232970070545676,0.09096096727319747,90.24981258727927,84.03955841064453,77.8293042340098,28267652.95,0.9558512356081548,3.7958935806052816,-2.4943316250398584,-0.23755066327988406,-1.3238408398111412,1.5789523968692043,0.2531654063194111
2025-12-12,82.2916030883789,85.92500009559504,81.89880158952882,85.23760309165645,20490018,86.25887756347656,84.12793846130371,80.23267237345378,47.48916781669605,1.325509312144618,1.5637394680725778,-0.23823015592795982,90.17572119986994,84.12793846130371,78.08015572273749,27488911.95,0.7453921070892005,3.826600904000074,-2.5581310891428233,0.33175603858714986,0.618273245078016,-1.8045419228200243,-3.2197001387211155
2025-12-15,79.0510025024414,81.309605570766,78.75639949628928,80.72039955846174,14726400,84.39307861328125,83.8627986907959,80.35051231384277,42.34793836569891,0.7473191817879439,1.4004554108156513,-0.6531362290277074,90.31998963181701,83.8627986907959,77.40560774977479,26358776.2,0.5586905813935322,3.7877479290786815,-3.9379480582693027,0.449008499969894,-1.1741252883312847,0.23653760968123105,-1.174175408719158
2025-12-16,78.55999755859375,80.13119601135259,78.16719607238774,78.55999755859375,13061975,82.19339904785156,83.61238861083984,80.47489891052246,41.612841049468344,0.24663627294758328,1.1696915832420378,-0.9230553102944545,90.49228384155597,83.61238861083984,76.73249338012371,24500529.9,0.5331303058877923,3.544581530396837,-0.6211242467576428,0.027453065033000712,-1.1852011859090683,-0.962059861733322,-1.782170054761667
2025-12-17,77.77439880371094,79.4438033375982,77.57800179599037,79.05100183009145,7604221,80.42579956054688,83.52891845703125,80.54854888916016,40.40435849458538,-0.21111617764960044,0.8935300310637102,-1.1046462087133107,90.65776595604373,83.52891845703125,76.40007095801877,23503695.2,0.3235329991855919,3.3207441985583017,-0.999998446151773,0.4478345884427748,-0.04172704427407581,-2.25439793122596,-2.083338730897155
2025-12-18,81.11319732666016,82.88080029788254,78.06899886916852,78.06899886916852,27414927,79.75803985595704,83.4307186126709,80.63692893981934,47.39638005696438,-0.3010053530372119,0.6546229542435258,-0.9556283072807377,90.63942688814248,83.4307186126709,76.22201033719932,23429813.6,1.1700872857136173,3.558831837973409,4.292927459813312,0.518285581531619,-0.20577756708046735,1.8938651544261997,1.7158554080935584
2025-12-19,81.21139526367188,83.46999821212005,80.9167997652212,81.99699824367087,19878758,79.54199829101563,83.5681983947754,80.79895884195963,47.591135607544025,-0.3601676310517803,0.4516648371844646,-0.8118324682362449,90.47651881875397,83.5681983947754,76.65987797079681,23371711.65,0.8505478031601507,3.424747385830134,0.12106283594794931,-0.37303888670811025,0.8293866411184903,1.6010285782881661,0.3373846940545322
2025-12-22,83.17539978027344,83.66639979666718,82.19339974748596,82.19339974748596,9283628,80.36687774658203,83.79896850585938,81.01172561645508,51.46177658892769,-0.24574264377245925,0.31218334099307987,-0.5579259847655391,90.29917661401518,83.79896850585938,77.29876039770357,23307886.0,0.3983041619475915,3.29544833878549,2.4183853881896367,-0.032362001212404845,1.6366453414191628,2.1010684054482143,0.4034950995185138
2025-12-23,81.8988037109375,83.96100226823542,81.50600220191275,83.96100226823542,10342486,81.03463897705078,83.84315872192383,81.18684908548991,48.93208505599846,-0.25512967472543835,0.19872073784937624,-0.4538504125748146,90.27533830812233,83.84315872192383,77.41097913572533,22928829.05,0.4510690876296624,3.18338856912378,-1.5348240858575446,0.08982802507242482,0.571339720700248,-1.2063159802388257,0.20094323508537126
2025-12-24,80.03299713134766,82.48799704335218,79.83660013521336,82.48799704335218,6775035,81.48635864257812,83.5731086730957,81.34724248250326,45.41802756540891,-0.4084159967815424,0.07729339092319253,-0.48570938770473493,90.1753325154261,83.5731086730957,76.9708848307653,21037821.75,0.32204070747010677,3.1124563476591187,-2.278185388611076,-0.13541653938790033,0.21726860803557013,-1.0953435279162371,0.40106764110714455
2025-12-26,78.95280456542969,80.52400312805169,78.85460606002813,80.32760611724859,7666571,81.05428009033203,83.3128791809082,81.52236595153809,43.4715924239876,-0.6100270122345535,-0.06017068970835668,-0.5498563225261968,90.22131629350673,83.3128791809082,76.40444206830966,19817091.85,0.3868666027301074,2.9200484437077106,-1.3496840111400399,0.2562756491433227,0.6486648427758146,-0.2723339159265148,-0.06657330789580085
2025-12-29,79.73839569091797,80.13119718286671,78.26539571515914,79.05099869905665,5728770,80.75968017578126,83.07228889465333,81.6925791422526,45.3073719731687,-0.6983642478099483,-0.18780940132867502,-0.5105548464812733,90.13276723015437,83.07228889465333,76.01181055915228,19366415.15,0.2958095215675473,2.779482180241025,0.9950135778105773,-0.602469435943731,0.8925301842964695,-1.6566536361849682,-0.732858442004658
2025-12-30,78.85459899902344,79.73839296056416,78.46179752052477,79.54199596734733,4114500,79.89552001953125,82.68930892944336,81.85133577982585,43.592217561692024,-0.8301180659439638,-0.3162711342517328,-0.513846931692231,89.79450165845255,82.68930892944336,75.58411620043417,17791009.75,0.23126849222259574,2.5790976455946484,-1.1083702954349683,-0.1982110917127744,-0.360140777928486,0.40725882791343704,-0.8053654461819493
2025-12-31,78.65819549560547,79.83659994581113,78.4617984999371,79.34559996457506,3877445,79.24739837646484,82.37015876770019,81.98881581624349,43.20082913718585,-0.9395514728350918,-0.4409272019684046,-0.49862427086668715,89.6028219740487,82.37015876770019,75.13749556135168,16636894.2,0.23306303168051642,2.418524818965232,-0.24907044853579308,-0.23692492856227654,0.893397362684345,-0.16592947972495775,-1.9621127873157507
2026-01-02,78.46179962158203,79.3456010988543,78.06899813256489,79.1491966083131,5521460,78.93315887451172,82.03627891540528,82.1082925160726,42.787134369309044,-1.0302496650754733,-0.5587916945898184,-0.47145797048565496,89.34678049762557,82.03627891540528,74.72577733318498,16038617.55,0.3442603443087899,2.26626857194179,-0.24968265898549502,0.1917140625415037,1.3334355629436079,4.709139732603473,5.521048049108668
2026-01-05,75.51580047607422,79.34560192263915,74.7301974898836,79.05099892980134,13170331,78.24575805664062,81.58455886840821,82.17866923014323,37.054961803235216,-1.3245772442208192,-0.7119488045160185,-0.6126284397048007,89.34372487478369,81.58455886840821,73.82539286203273,16258525.5,0.8100569144477462,2.5794866867169586,-3.754692295762063,0.1763399560895884,2.5731972423427285,3.5096963615391052,0.8502334178639659
2026-01-06,77.77439880371094,78.16720031121768,75.81039875824283,76.10500176188928,5881454,77.85295867919922,81.10337867736817,82.30632921854655,43.323940213006324,-1.3599077915549032,-0.8415406019237954,-0.5183671896311077,88.53110235193381,81.10337867736817,73.67565500280253,15029560.8,0.39132573987125424,2.5890751065071598,2.990895035737995,0.3695945317161664,1.5653914873574148,5.230873686589432,7.392986915970101
2026-01-07,79.44380187988281,80.32760338253969,77.47980187045216,78.26539737898514,9180996,77.97079925537109,80.65656890869141,82.47326927185058,47.4869675375121,-1.2389191397538752,-0.9210163094898114,-0.31790283026406385,87.27193957563188,80.65656890869141,74.04119824175095,13911732.05,0.6599462933157917,2.6235719605845427,2.146468634730514,0.055600146772261105,-0.46058572988449953,0.2104939631611069,-2.173903174812142
2026-01-08,78.06900024414062,81.99700025642443,77.67619874449916,80.52400025181801,11827651,77.85296020507812,80.08209915161133,82.57310587565104,44.58268196992541,-1.239679510114243,-0.9847489496146978,-0.2549305604995452,85.28791674693731,80.08209915161133,74.87628155628535,12717570.8,0.930024387990826,2.8498692340966394,-1.7305335384387277,-0.13653985571981941,-0.2461598922053443,-1.615769930298716,-0.7407432526737145
2026-01-09,77.9708023071289,78.95280231731424,76.69419929706176,78.95280231731424,3140649,77.7547607421875,79.65001945495605,82.61074930826823,44.37392559925759,-1.233981293718145,-1.0345954184353872,-0.19938587528275775,83.92495219027627,79.65001945495605,75.37508671963583,11335347.3,0.2770668526406773,2.771033738917418,-0.1257835206095015,0.304299038122946,-0.23579889662018738,2.085729135316061,0.6840924280884897
2026-01-12,82.88079833984375,83.27359982328726,79.54199696867167,80.03299694995977,21522985,79.2277603149414,79.57145957946777,82.60420252482096,55.575098088675645,-0.8237738190747876,-0.9924310985632674,0.16865727948847975,83.52013047676921,79.57145957946777,75.62278868216633,11060513.0,1.9459300847980558,3.1086022425495425,6.297223944643093,0.15374978232687297,0.918909452108041,-5.485842753833403,-0.6794444003923261
2026-01-13,81.99700164794922,85.04120021071745,81.50600163808126,83.96100168742106,27017612,80.07228088378906,79.55672950744629,82.56819597880046,53.48728534958269,-0.5635007608691609,-0.9066450310244462,0.34314427015528526,83.46466321718532,79.55672950744629,75.64879579770727,11386892.7,2.372694001059657,3.1654817532277626,-1.0663467408586258,-0.07406428934867426,0.4577823055845309,1.1234039955950736,-0.49750814380763453
2026-01-14,81.30960083007812,85.8267992112902,81.30960083007812,82.29160080390967,20592002,80.44544067382813,79.66965942382812,82.58619944254558,51.85555297107281,-0.4079968544599524,-0.8069153957115474,0.398918541251595,83.6459967408357,79.66965942382812,75.69332210682055,11680172.8,1.7629877873039685,3.3457106369590037,-0.8383243338853097,0.1488727455515093,0.7638548470983331,1.9693687706574536,6.562487500861391
2026-01-15,85.82679748535156,86.1213929763377,80.62219473188051,81.11319470892249,34089825,81.99700012207032,80.03299942016602,82.54691937764485,60.40409878522178,0.07883239918115237,-0.6297658367330075,0.7085982359141598,84.82646335333274,80.03299942016602,75.2395354869993,12731565.3,2.6775831719607956,3.632842317958762,5.555551385270641,-0.335893987830016,-0.4240196321329548,-0.4952179641632526,4.8094037780081145
2026-01-16,89.85299682617188,91.2277982760236,85.33579848414348,87.3979969128885,52337862,84.37343902587891,80.63692932128906,82.42907943725587,66.1699069843729,0.7805312501713217,-0.34770641935214164,1.1282376695234633,87.01416852057156,80.63692932128906,74.25969012200656,14968247.35,3.4965925386047285,3.9340633144816106,4.691074884283641,0.16978112646923726,1.9412784151040752,0.0829513151466621,2.3502966657756863
2026-01-19,87.20159912109375,93.09359885921994,86.02319467822944,90.63859896833402,49712841,85.2375991821289,80.94134941101075,82.28177935282389,59.97616722143607,1.1098928549559872,-0.0561865644905159,1.1660794194465032,87.96301858758746,80.94134941101075,73.91968023443404,16083143.05,3.0909904143394407,4.3522420966827955,-2.9508172222763807,0.13876592712758207,0.7341591644532297,0.0829513151466621,2.3502966657756863
2026-01-20,95.84320068359375,95.84320068359375,86.02320046002747,86.41600196738324,61079486,88.00683898925782,81.67293968200684,82.27523269653321,69.87396286364734,2.0446498738903642,0.3639807231856601,1.6806691507047042,91.35722962652865,81.67293968200684,71.98864973748503,18143179.45,3.3665260363171905,5.081276513600594,9.909911801616978,-0.1866616541035815,0.3814914160573224,-0.4475392832239078,-2.3510023774868105
2026-01-21,92.01339721679688,96.5306032209366,90.1476032061175,95.4503972247764,53073657,90.14759826660156,82.11483955383301,82.22285931905111,62.49748138774914,2.4481971207310522,0.7808240026947386,1.6673731180363136,92.83857767332094,82.11483955383301,71.39110143434507,20332680.9,2.610263607687858,5.254839647096396,-3.995905227998564,0.4225198331249791,-1.617195376823788,5.1115544865596,6.662911523311066
2026-01-22,97.61080169677734,100.65500020455066,93.87919869236782,94.07560318800621,55220977,92.50439910888672,82.900439453125,82.3472459157308,67.84104196206081,3.182983530525121,1.2612559082608152,1.9217276222643056,95.66534185799448,82.900439453125,70.13553704825553,22576605.45,2.4459379919756716,5.706408092517382,6.083249449851502,-0.13351674979606987,1.5992608141158327,-0.09504415060325178,0.157504902170591
2026-01-23,87.88899993896484,98.69099993146331,87.88899993896484,98.10180143028558,47103824,92.11159973144531,83.29323959350586,82.41925926208496,53.565302411822245,2.9468692266861325,1.5983785719458785,1.348490654740254,96.16962070429817,83.29323959350586,70.41685848271355,24593044.9,1.9153311105449982,6.3858203458481935,-9.959760179014566,-0.1769903822365304,0.6786024824792181,-1.7282387154939904,-3.3018963708700166
2026-01-26,87.39800262451172,88.57639966307214,86.12139958934989,88.38000265400062,14390156,92.1508804321289,83.71549949645996,82.50272928873697,52.95917440470368,2.6891289552697373,1.8165286486106504,0.8726003066590868,96.54637746386966,83.71549949645996,70.88462152905025,24929224.15,0.5772404272757923,5.8617109762314,-0.558656162653004,-0.6750241196508577,0.32229317820207104,-1.3714076805403375,-2.276422628324193
2026-01-27,87.6926040649414,90.14760409484384,86.61239805813192,88.18360407092189,17363884,90.52076110839843,84.11320991516114,82.58456268310547,53.300628447723035,2.48005131957585,1.9492331828036904,0.5308181367721594,96.91810884811373,84.11320991516114,71.30831098220854,25510979.85,0.680643554347835,5.5515103176288045,0.33708028968966186,0.22218190498228818,0.7902828245345717,2.4537869684127633,2.4958340046357996
2026-01-28,91.52239990234375,93.87920147541362,89.06739982457631,89.36200283073467,28585729,90.42256164550781,84.74659996032715,82.80387598673502,57.60848922157074,2.593492141094771,2.0780849744619063,0.5154071666328646,97.70853023208764,84.74659996032715,71.78466968856665,26734541.3,1.0692432938806398,5.636188596674593,4.367296282553279,-1.050238363220013,1.5035014375913036,3.672360207305614,4.274894755068237
2026-01-29,96.4323959350586,97.61080041724547,91.52239598944328,92.01339598400482,45633397,90.18688049316407,85.6353099822998,83.15903256734212,62.397614735786846,3.0444954068193937,2.271367060933404,0.7731283458859899,99.25996504374767,85.6353099822998,72.01065492085193,28822338.9,1.5832648820876922,5.69648404082494,5.364802537907565,0.5120485824171128,-0.8156086050381428,-4.204527228407717,4.6704806771550755
2026-01-30,88.7728042602539,97.02160601529826,88.08539974362857,95.94139998803927,29452326,90.36364135742187,86.1508602142334,83.3652525583903,52.44397173935798,2.7521288813278346,2.36751942501229,0.38460945631554466,99.40797032201895,86.1508602142334,72.89375010644785,30018882.2,0.98112667233159,6.128447004937573,-7.942965225050469,0.29453572698179276,-1.4522855203057627,-3.7138285288693784,-0.09915988374898932
2026-02-02,86.41600036621094,91.22780188501532,85.43400036204945,87.98719887445623,21390773,90.16724090576172,86.69587020874023,83.47981923421224,49.811025067402156,2.3036963483686037,2.354754809683553,-0.05105846131494918,98.97201040216544,86.69587020874023,74.41973001531503,30429904.3,0.7029523586112625,6.083827607341348,-2.654871515755619,0.7056381660207167,-1.3713951210479136,2.738352657141463,2.580639483321101
2026-02-03,87.1033935546875,87.98719501811026,83.96099667592344,87.59439353524846,26896977,90.04939880371094,87.16231994628906,83.65494244893392,50.5901842322594,1.980942152699285,2.2799922782866995,-0.2990501255874145,98.69774914072754,87.16231994628906,75.62689075185058,31480680.45,0.8543963032412789,5.8094770386540775,0.7954466598356191,-0.018679128920895405,1.8066327752278566,-3.4129668710926153,0.33865504661296786
2026-02-04,86.90699768066406,87.4961961665267,85.53219621894107,86.41599769376765,7624556,89.126318359375,87.53547973632813,83.78914909362793,50.34967797839783,1.6898303097006817,2.1619598845694963,-0.47212957486881457,98.4877090750171,87.53547973632813,76.58325039763916,31402858.45,0.2427981520261892,5.296746759844952,-0.22547442299148956,-0.012352394174863779,0.2933689007004636,4.425376164580275,-4.24299528905121
2026-02-05,90.73680114746094,92.20980114176366,84.55019817456333,86.31780116455276,29041915,87.98719940185546,88.16886978149414,83.97572911580404,54.85662967998391,1.7480052926263028,2.0791689661808577,-0.3311636735545549,98.24624800548466,88.16886978149414,78.09149155750362,32263571.65,0.9001456910924492,5.611794254159003,4.406783767711464,0.26573312511892766,-1.5129881759937458,1.6757929065687405,-1.0574113425822151
2026-02-06,85.43399810791016,90.54039499799362,83.07719666169268,90.44219649858148,20389128,87.31943817138672,88.5420295715332,84.04610582987468,48.31671707863437,1.3506480676309138,1.933464786470869,-0.5828167188399551,97.5223982154807,88.5420295715332,79.5616609275857,33125995.6,0.6155023458374184,5.88483561837357,-5.844159120104897,-0.026220914336294587,-0.057700870579924235,3.3280483754406953,1.526720253008107
2026-02-09,84.45199584960938,88.96919412919873,84.45199584960938,87.00519422571944,10877422,86.9266372680664,88.62058944702149,84.0772024790446,47.194628686182945,0.9455999412016354,1.7358918174170224,-0.790291876215387,97.4180622105367,88.62058944702149,79.82311668350627,32593717.45,0.3337275662613931,5.702483973202341,-1.149427956140403,-0.2331814588317105,1.9560796184812101,-0.153371900002508,-2.3558963981442638
2026-02-10,86.41600036621094,88.7728018746116,84.55019885989101,86.21960336220482,10369253,86.78915863037109,88.84153938293457,84.17540245056152,49.71013162841615,0.7741512002671271,1.5435436939870433,-0.7693924937199161,97.14677772442246,88.84153938293457,80.53630104144668,31761299.5,0.3264744567519978,5.518260246775659,2.3255868577683136,-0.043710449322398315,2.0625133919167205,3.5023023544358933,-0.6160135824988533
2026-02-11,82.68439483642578,87.4961962087454,82.68439483642578,86.71060072457122,12993394,85.94463806152343,88.91027908325195,84.14757906595865,45.29508090273448,0.33332509373707353,1.3014999739370494,-0.9681748801999759,96.97223001916365,88.91027908325195,80.84832814734025,31381369.1,0.41404802826145654,5.424065730181521,-4.318188198911632,-0.2613923188501621,1.6108084869157713,5.63966044324089,4.287198372869261
2026-02-23,85.53219604492188,87.5943944872781,82.5861961295372,83.66639460009854,12200471,84.90371704101562,88.89554901123047,84.18031234741211,49.01658364811695,0.21132496315924243,1.0834649717814882,-0.8721400086222457,96.98225998132538,88.89554901123047,80.80883804113556,30286901.4,0.40282995077205225,5.368616747189438,3.4441821992286403,-0.21533548382927092,0.49857829689010646,0.5209095748403669,-1.7793594306049876
2026-02-24,85.92500305175781,86.90700308663504,85.13940002702975,85.53220153939378,6095439,85.00191802978516,88.69914932250977,84.28833236694337,49.52662867464794,0.14466758546656422,0.8957054945185033,-0.7510379090519391,96.87822053750999,88.69914932250977,80.52007810750955,27974780.25,0.2178905051452549,4.888481588844885,0.4592504635676953,-0.24182185904723097,2.7464288213389976,0.8060998254695084,1.501046599101663
2026-02-25,86.12139892578125,87.20160494354853,84.8448033925213,87.00520044392466,7273678,85.33579864501954,88.64513931274413,84.33906911214193,49.79705353085056,0.10646141813121801,0.7378566792410463,-0.6313952611098282,96.8799246720942,88.64513931274413,80.41035395339406,25852822.1,0.2813494778970378,4.5509242504691985,0.22856661861871963,-0.18355200278042938,2.052545137509143,-0.49978363590170716,2.549710819079065
2026-02-26,88.96920013427734,90.54039866469762,85.43400156781534,86.80880309145766,15164941,85.84643859863282,88.30143928527832,84.51419245402018,53.6730221886434,0.30248960088948706,0.6507832635707345,-0.3482936626812474,95.81333666748931,88.30143928527832,80.78954190306733,23557094.85,0.6437525975322037,4.624987296657609,3.3067289245386045,-0.3441994373834856,0.004004083061670549,-2.181395861666635,-3.281943711844426
2026-03-02,92.89720153808594,94.17380457664,85.72860579900777,86.4160028246503,27306234,87.88899993896484,88.34562950134277,84.75314585367839,58.4393117992532,0.7659706013499061,0.6738207311265688,0.09214987022333732,95.95917980851397,88.34562950134277,80.73207919417158,22268723.7,1.2262145944179101,5.134348827454225,4.415012608723279,0.4102837192432096,-0.901886354995296,0.0,2.2970099166270908
2026-03-03,90.34400177001953,97.61080341080378,90.1476047629979,93.4863988347592,36424420,88.85136108398437,87.98228950500489,84.90862922668457,54.51334067851582,0.916693676037525,0.7223953201087601,0.194298355928765,94.32095881884541,87.98228950500489,81.64362019116436,21328895.85,1.7077499114892063,5.4448621368344465,-2.7484140811493085,0.5099596730266498,-2.1981462640061733,-4.602895658050743,-6.266309549704685
2026-03-04,86.41600036621094,91.52239739102448,85.23760335804333,89.3620003786954,19973438,88.949560546875,87.90863952636718,84.92499593098958,49.05345973567122,0.7109900621580465,0.7201142685186174,-0.009124206360570875,94.28598484966287,87.90863952636718,81.5312942030715,19972376.55,1.0000531459036606,5.556853056320675,-4.347827555622064,0.6310429867452783,-4.35492612031565,-1.4033418721923652,-0.9470904044745598
2026-03-05,88.5763931274414,91.2277975066663,87.10339319189372,89.65659907382846,15733404,89.44055938720703,87.96755905151367,84.99864590962729,51.90652865772708,0.7140628349471285,0.7189039818043196,-0.004841146857191059,94.34681405069918,87.96755905151367,81.58830405232817,20039538.95,0.7851180628085259,5.457512267538633,2.499991612751362,-0.32772450369655814,2.5710975461891383,-2.686710919514701,-3.655796123378008
2026-03-06,89.85299682617188,92.70079822399364,87.3979969128885,88.28179838008354,25487252,89.61731872558593,88.0755786895752,85.08702583312989,53.561475494257685,0.8101701419034271,0.7371572138241411,0.07301292807928594,94.508171007326,88.0755786895752,81.64298637182439,20445707.35,1.2465820606593,5.436884140014168,1.4412459727206617,0.8722728245506239,-0.21798613570590541,-6.540673199735547,-2.5685851564775986
2026-03-09,81.01499938964844,84.94299936005564,80.91680088880133,84.94299936005564,11925679,87.24087829589844,87.55020866394042,84.99537251790365,42.62565358123999,0.17120974481714768,0.6239677200227425,-0.4527579752055948,94.49355214720612,87.55020866394042,80.60686518067473,19612704.85,0.6080588624164198,5.903459046328352,-9.8360630682372,-0.3247034292450657,-4.431963003584727,4.149816519564586,0.5991660943988952
2026-03-10,81.99700164794922,83.96100168742106,80.91680312465282,82.88080316412466,18595385,85.57147827148438,86.82843894958496,84.94463589986165,43.99394061699436,-0.2530149986175445,0.4485711762946851,-0.7015861749122296,92.82007199265624,86.82843894958496,80.83680590651369,18260804.25,1.0183223447017675,5.522224315187004,1.2121240087625829,-0.0009416103239789919,2.0599268819414984,0.6078011364745173,3.0970632506173823
2026-03-11,90.1476058959961,90.1476058959961,82.97900266862581,83.2736056749265,17667464,86.3177993774414,86.89717903137208,85.02810605367024,53.834859010962994,0.06768920222359043,0.3723947814804662,-0.30470557925687575,93.01299502053787,86.89717903137208,80.78136304220628,17671561.15,0.9997681500822015,5.872674972901653,9.940124741440126,-0.0883622645329818,4.095952619427945,-0.5873443081471308,1.0976506038854472
2026-03-12,93.0936050415039,97.61080364230511,89.9512004772459,90.14760497679892,47181054,87.2212417602539,87.23105926513672,85.17049611409506,56.79021761850362,0.553190269165583,0.4085538790174895,0.14463639014809349,93.9369069401864,87.23105926513672,80.52521159008704,18961075.2,2.488311105901843,6.110932065189328,3.267972694590071,0.11834075149077528,-1.560441591332784,-2.616480431872148,-1.4367945546694738
2026-03-13,95.15579986572266,95.74499835720006,90.44219694977285,91.3259984330216,22131293,88.28180236816407,87.63367958068848,85.2997927347819,58.77947639825526,1.0917700053778674,0.5451971042895651,0.5465729010883023,95.21680516357462,87.63367958068848,80.05055399780234,18722791.0,1.1820509559712544,6.003181310821045,2.215184193693398,0.26499563387061276,-0.5405866913823942,1.4907273891897832,0.46647924948493014
2026-03-16,97.70899963378906,99.67299962642804,92.60260264975389,98.19999963194881,42255002,91.62060241699218,88.17377967834473,85.45527610778808,61.16338893419685,1.7049664183201116,0.7771509670956744,0.9278154512244372,96.97919505641244,88.17377967834473,79.36836430027702,20454313.3,2.065823544415935,6.145476732934792,2.68317829461715,0.8380462709563163,-0.1730779621546441,2.271565923800778,0.8705735785674129
2026-03-17,102.12799835205078,104.58299831243662,96.62879993919957,100.16399838374211,45916293,95.6468017578125,88.74333953857422,85.66476949055989,64.94243608397227,2.518473859907459,1.1254155456580315,1.3930583142494277,99.50346119667381,88.74333953857422,77.98321788047463,21298032.2,2.155893679229201,6.386639618308426,4.5226117704858515,-0.6781109201310698,1.481767774178122,1.8370047670336787,1.7261310397797214
2026-03-18,100.65499877929688,103.60099874356898,99.67299879120617,103.10999874952363,23236211,97.74828033447265,89.50438957214355,85.89881286621093,62.75053063625803,3.00963244383847,1.5022589252941194,1.5073735185443504,101.37481259525983,89.50438957214355,77.63396654902728,21440386.35,1.0837589687370535,6.0588209961823445,-1.4423072972371886,-0.18782115046350745,1.5131788114791656,-0.8527393599003008,-1.074662926622294
2026-03-19,99.18199920654297,102.12799918297495,97.70899921832698,99.18199920654297,14311427,98.96595916748046,90.24088973999024,86.14431292215983,60.54968388003484,3.2426412551449175,1.8503353912642793,1.3923058638806383,102.60883450407391,90.24088973999024,77.87294497590656,21612086.6,0.6621955234993366,5.840178191977761,-1.4634142274281947,0.45852337777712027,-1.9182699065508957,-1.9351607453890862,1.372211038921911
2026-03-20,93.0936050415039,101.63700223232215,92.8972005419509,99.67300218918548,24554194,98.55352020263672,90.57476997375488,86.32434628804525,52.37320407105413,2.9025609744258247,2.0607805078965886,0.8417804665292361,102.86826384289373,90.57476997375488,78.28127610461604,22321333.65,1.1000325690664994,6.226794658430227,-6.138608027410497,-0.7152438188559485,-0.432775801380203,-0.050603126211601346,-6.091374125034299
2026-03-23,90.34400177001953,91.71880329536774,88.47820023505167,89.65660475337823,10209143,97.08052062988281,90.95775032043457,86.51256294250489,49.14552444691059,2.383697120588181,2.125363830434907,0.2583332901532738,102.68023626939834,90.95775032043457,79.2352643714708,22182121.1,0.4602419648678232,6.011942678166494,-2.9535898521262816,0.6905285819817086,-2.448670019784016,1.0631135436369288,4.864870775862817
2026-03-24,95.3521957397461,98.69099714145203,92.70079881336899,93.78099728366836,30714170,95.72536010742188,91.44875030517578,86.79243291219076,54.63012099858365,2.3495292655016726,2.1701969174482603,0.17933234805341236,103.03623998889397,91.44875030517578,79.86126062145759,23107806.05,1.3291685906287065,6.323283037268628,5.543471477470585,-0.49873146018064585,-0.3369539785315956,4.090834509781138,4.581903274589827
2026-03-25,98.19999694824219,100.16399688720703,95.94139402160654,98.19999694824219,35043919,95.23435974121094,92.0625,87.13285954793294,57.440866328045985,2.5231593413623585,2.24078940223108,0.2823699391312786,103.7182271246167,92.0625,80.4067728753833,24555230.05,1.4271468411675499,6.121752118627604,2.986613141315453,0.20024107948439784,2.535456425815963,1.2191182542075296,0.16429333660528123
2026-03-26,97.9053955078125,103.10999842514599,97.9053955078125,98.69099849263974,25130677,94.97903900146484,92.65169982910156,87.41272951761881,57.047137140552294,2.6069393788672244,2.314019397558309,0.2929199813089154,104.2340411748573,92.65169982910156,81.06935848334582,25448080.0,0.9875274283953839,5.999465558455055,-0.30000147615580897,0.03163401045052083,-0.3035017473458024,-3.534072260161636,-4.483332711594235
2026-03-27,96.13780212402344,97.31619913486561,93.58460360582175,96.62880212721859,16870568,95.58787841796875,93.01012992858887,87.66150296529135,54.62766059487701,2.501865698104467,2.3515886576675404,0.1502770404369267,104.55626767398621,93.01012992858887,81.46399218319152,25533361.35,0.6607264812785802,5.7756424042598145,-1.8054095738247788,-0.018472719949447214,-0.6750069219611743,-4.139971253463671,-2.575841384471822
2026-03-30,87.1033935546875,93.58459929174423,86.61239357412654,93.48639330197993,32896485,94.93975677490235,92.72043952941894,87.72696952819824,44.288590805096455,1.670338162652655,2.2153385586645635,-0.5450003960119085,104.56537210074498,92.72043952941894,80.8755069580929,25812873.9,1.274421636561747,6.2756112236780925,-9.397352934781079,0.14719379020335932,-1.7951772733723503,-4.6101091637595015,-2.7027033113866894
2026-03-31,84.84480285644531,88.96919992563456,84.05919984704472,87.29980289574023,17781897,92.8382781982422,92.44547958374024,87.7760695139567,42.14126038516098,0.8196488052434319,1.936200607980337,-1.1165518027369052,104.76835235489928,92.44547958374024,80.1226068125812,24880747.75,0.7146849917322119,6.093529737666325,-2.592999659449713,0.1938961860005195,-2.4453103067768933,11.246852926149021,8.695653683493454
2026-04-01,87.00519561767578,89.75479852336244,85.72860015522961,88.77279855591223,13919911,90.59931793212891,92.47493934631348,87.89227282206217,44.8935209017364,0.31615259101535287,1.6121910045873404,-1.2960384135719876,104.73980041388032,92.47493934631348,80.21007827874664,24578071.4,0.5663548930857122,5.935725194899765,2.5462876787937017,-0.31555578204207624,4.5765864674125245,0.4522005850681188,2.2777822083515087
2026-04-02,93.38819885253906,95.15580185600788,88.9691988359325,88.9691988359325,36495071,89.69587860107421,92.71552963256836,88.13286272684734,52.13772884840137,0.4272580648027713,1.3752044166304267,-0.9479463518276554,104.84643915173191,92.71552963256836,80.58462011340481,25616154.75,1.424689667757414,6.231042667357411,7.3363472026566345,0.20069684313648306,-1.8158067453737603,-0.016080604674895138,0.9234065978910966
2026-04-07,102.6189956665039,102.6189956665039,94.07559902410905,95.74499595678594,46703221,90.99211730957032,93.35382957458496,88.51420605977377,60.27145762074765,1.2457973349547586,1.3493230002952932,-0.10352566534053453,106.17438130315267,93.35382957458496,80.53327784601726,26676953.2,1.7506954654776694,6.631009886905069,9.884328991653835,-0.15330159053532633,2.0182425176967334,0.47251414258868696,1.1727099367268456
2026-04-08,100.16400146484375,107.52900157255284,99.18200145048253,105.56500154383042,66297726,93.60423889160157,94.31127967834473,88.86936276753744,57.47399844172533,1.677065917021693,1.4148715836405732,0.26219433338111986,106.06792253326824,94.31127967834473,82.55463682342122,29395555.55,2.2553656414906573,6.8598085849271015,-2.3923389482767066,-0.06266985661774749,4.6089884909003676,7.195479341611599,7.955746978509759
2026-04-09,98.69100189208984,101.14600193915675,97.11980336038013,99.67300191091661,26060080,96.37347869873047,95.14597969055175,89.2032428741455,55.80049373376035,1.8783383055208702,1.5075649280166326,0.37077337750423767,105.5093223167073,95.14597969055175,84.78263706439621,29768790.3,0.8754161569004032,6.48199391744037,-1.4705877872410178,-0.5443006460909006,0.28704629430582607,0.1608666492686428,4.099555776384878
2026-04-10,99.18199920654297,103.10999917511893,98.69099921047098,99.67299920261496,20040096,98.8088394165039,95.5976993560791,89.54857953389485,56.257706404018926,2.053792659993462,1.6168104744119984,0.43698218558146373,105.83045722025514,95.5976993560791,85.36494149190307,29887421.9,0.6705193933104013,6.206928057068048,0.4975097071058032,0.01702281183058041,1.596814237549693,0.233616100306544,5.344578848473436
2026-04-13,99.18199920654297,100.65499919475896,98.19999921439899,99.18199920654297,12505275,99.96759948730468,95.90211906433106,89.94301617940268,56.257706404018926,2.167851853269781,1.727018750183555,0.4408331030862258,106.18335003777176,95.90211906433106,85.62088809089036,28153632.95,0.44417979811731545,5.706670980173638,0.0,0.1298647737427494,0.11141546387523071,3.4522870568241437,1.6466495111356005
2026-04-14,97.21800231933594,101.6370024247603,96.72700230762212,101.6370024247603,17854049,98.8874008178711,96.00522918701172,90.26707623799642,53.681636572134536,2.075837488301431,1.7967824978071305,0.2790549904943007,106.29630397626458,96.00522918701172,85.71415439775886,27939770.75,0.6390191658963416,5.600448198435578,-1.9801948971779448,-0.39601185393721705,2.3657534273739955,1.450304783690748,1.269697952491211
2026-04-15,98.19999694824219,100.65499687194824,96.82519549255376,98.6909969329834,14702789,98.49459991455078,96.02977905273437,90.57967948913574,54.79619691018601,2.058425947816744,1.8491111878090534,0.20931476000769056,106.34029146414463,96.02977905273437,85.71926664132411,26562160.1,0.5535238453743074,5.364361955896766,1.0100954612096036,-0.3925227774549067,1.1737329455939083,0.527407685388992,2.723740534949015
2026-04-16,107.5,108.0,100.5,101.0,48066120,100.25639953613282,96.29837913513184,91.0701961517334,63.703953862944964,2.7632071672602194,2.0319303836992866,0.7312767835609328,107.51764296550786,96.29837913513184,85.07911530475582,26669651.45,1.802277772175384,5.955780768678239,9.470471833781758,0.22210138777056798,1.1161628904905463,10.35482530498355,10.47979336609397
2026-04-17,118.0,118.0,107.5,108.5,48411286,104.01999969482422,97.16562919616699,91.73734944661459,70.71951667074572,4.121503482581915,2.4498450034758124,1.6716584791061022,111.92566909288438,97.16562919616699,82.4055892994496,27928405.2,1.7334067467626115,6.561676666187807,9.76744186046512,-0.09180779659778704,-0.8824720325923185,3.8533739763482178,-1.2571413885599458
2026-04-20,110.0,119.5,109.0,115.0,64362933,106.18359985351563,97.70652923583984,92.18933614095052,61.03904919719405,4.500550413588002,2.8599860854982504,1.6405643280897513,113.53211187700366,97.70652923583984,81.88094659467602,30430980.5,2.1150463094674192,7.086786444029434,-6.779661016949157,-0.28518965390006423,0.41968131518117513,3.071913452283015,1.5817931815304886
2026-04-21,110.5,112.5,107.0,110.0,23821526,108.83999938964844,98.57684898376465,92.6643861134847,61.394736423576624,4.786122220916553,3.245213312581911,1.5409089083346421,115.22729711098287,98.57684898376465,81.92640085654642,30394347.1,0.7837485675091208,6.875214918158843,0.454545454545463,-0.15571306004650287,1.748727177527587,1.5778472908336783,2.2028029572868535
2026-04-22,103.5,112.0,102.5,111.5,32511729,109.9,99.23464889526367,93.03422609965007,53.96665070685434,4.396913554625058,3.475553360990541,0.9213601936345173,115.55177832991515,99.23464889526367,82.9175194606122,31509476.4,1.0318079738068895,7.225186262404331,-6.334841628959276,0.20051473340130244,0.7269208348100964,2.3932736325116277,0.11148259313937814
2026-04-23,100.0,106.5,98.0,105.0,29619912,108.4,99.46703910827637,93.27044614156087,50.66587508447492,3.7626684336887166,3.5329763755301764,0.2296920581585402,115.6834284933899,99.46703910827637,83.25064972316284,31454763.5,0.9416669751784972,7.3951614274170865,-3.3816425120772986,-0.04828048118112882,-0.4338092798431781,9.877515593363118,1.4476598221025094
2026-04-24,100.0,103.0,96.0,101.5,19718930,104.8,99.55703926086426,93.43956286112467,50.66587508447492,3.2228733282976805,3.4709557660836774,-0.24808243778599692,115.76379713140568,99.55703926086426,83.35028139032283,30688514.05,0.6425508243205409,7.342473237094809,0.0,0.2008465924816294,3.230220091059155,0.6340793151178747,3.1467263547939606
2026-04-27,103.0,104.5,97.30000305175781,104.0,30065456,103.4,99.81176948547363,93.70286954243979,53.49353051302697,3.0025452733240883,3.37727366753176,-0.37472839420767157,116.06929279669522,99.81176948547363,83.55424617425204,30935253.0,0.9718833073710437,7.323476398581126,3.0000000000000027,-0.28544291350430795,1.757483474460031,-0.36585427313929886,-1.4898883436983423
2026-04-28,99.19999694824219,104.0,99.0,102.5,17245255,101.13999938964844,99.96487922668457,93.75881614685059,49.61440179603165,2.4925723911011772,3.2003334122456435,-0.7077610211444663,116.13415439598785,99.96487922668457,83.7956040573813,30953987.35,0.5571254780525068,7.013679545436976,-3.6893233512211743,0.04993443489185179,-0.23954193004298574,-4.834759097823326,-3.709043466510209
2026-04-29,101.0,103.0,97.80000305175781,99.0,22330824,100.63999938964844,100.65970954895019,93.90859285990398,51.41177372030247,2.208205591310616,3.0019078480586385,-0.7937022567480225,115.65348938500675,100.65970954895019,85.66592971289363,30425704.3,0.7339460010462272,6.771855199144338,1.8145192612223138,0.18216274879112593,-0.5521784247846995,5.959268356625191,3.9641039284819435
2026-04-30,101.0,105.5,100.0,102.0,17382703,100.83999938964844,101.46746940612793,93.96507949829102,51.41177372030247,1.9602463539668804,2.793575549240287,-0.8333291952734068,114.48421016222015,101.46746940612793,88.45072865003571,30405744.6,0.5716914099186375,6.602274505925093,0.0,0.3601646494638011,-0.9588741301665205,1.9724832451983643,4.208635151839379
2026-05-04,99.69999694824219,103.0,99.5999984741211,102.5,10332391,100.77999877929688,102.10220947265626,94.16192944844563,49.920187910526934,1.639933359281386,2.5628471112485074,-0.9229137519671213,113.25405625192954,102.10220947265626,90.95036269338297,30226368.6,0.3418336862338137,6.175304775252269,-1.2871317344136712,-0.047513033458257414,4.5688819420590665,-0.9608831170523691,3.3468585597033362
2026-05-05,102.0,102.5,99.30000305175781,100.0,12029217,100.57999877929687,102.5327995300293,94.40529607137044,52.54350070890749,1.5537632124824654,2.361030331495299,-0.8072671190128338,112.90579910669807,102.5327995300293,92.15979995336052,29003075.9,0.41475659483413624,5.778597064984258,2.306923893841062,0.13943942787038033,0.1575929637265494,0.6174022420281089,4.972193219165422
2026-05-06,101.5,107.0,101.0,103.5,22933908,101.03999938964844,102.4768497467041,94.63541933695475,51.90694106946115,1.4286582460447619,2.174555914405192,-0.7458976683604299,112.85995807923062,102.4768497467041,92.09374141417759,27814610.25,0.8245273902408897,5.808117456319691,-0.4901960784313708,-0.16773054363118378,0.9064727604973788,3.019381055232895,4.5808788502675
2026-05-07,103.5,105.5,101.5,102.5,18183854,101.53999938964844,102.64364967346191,94.83504600524903,54.29230208878497,1.473904688339502,2.034425669192054,-0.560520980852552,112.97738169934634,102.64364967346191,92.30991764757748,25408916.65,0.7156485359244941,5.5670351288103985,1.9704433497536922,-0.4644147517347985,1.9323088936799904,-4.87850637844669,-2.890355233473474
2026-05-08,99.5,104.5,98.5,103.0,14896009,101.23999938964843,102.68409957885743,94.88617273966472,49.052143987093245,1.173469226452596,1.8622343806441624,-0.6887651541915663,112.9588511410448,102.68409957885743,92.40934801667005,24850713.1,0.5994197808351825,5.624763778302345,-3.864734299516903,-0.020386521399129442,-0.7865731014896293,2.5742931340606123,5.124251399461643
2026-05-11,109.0,109.0,101.5,101.5,32321878,103.1,103.17499961853028,95.22329266866048,59.139141576498844,1.682547206724081,1.8262969458601461,-0.14374973913606515,113.68079954589072,103.17499961853028,92.66919969116984,25464802.2,1.2692766174323553,6.141461941195366,9.547738693467345,-0.29019653733958206,0.44735470056218585,3.9147296850730706,1.6637741064092104
2026-05-12,115.5,118.5,112.0,113.0,61227925,105.8,103.99089965820312,95.7080259958903,64.34122025543611,2.5807416675439185,1.9771858901969008,0.6035557773470177,115.66104985936107,103.99089965820312,92.32074945704517,27900934.7,2.194475764283266,6.58926701570265,5.9633027522935755,0.16229616472482888,0.2590609403122279,-2.918684554054274,-3.4453124157411086
2026-05-13,121.0,122.0,113.0,115.0,66975067,109.7,105.17999954223633,96.27296943664551,68.04803604273185,3.6937915537412778,2.320507022905776,1.3732845308355017,118.65177989227773,105.17999954223633,91.70821919219493,30356985.6,2.2062489300650454,6.910698080275631,4.761904761904767,0.4762074815726436,-1.2502179290078241,11.142059750374944,14.481114016192143
2026-05-14,115.5,133.0,114.5,130.5,73160218,112.1,106.04499969482421,96.74951947530111,61.19709802556824,4.084998255990044,2.67340526952263,1.4115929864674142,119.84728463537247,106.04499969482421,92.24271475427595,33279857.05,2.1983333008336943,8.45593833623888,-4.545454545454541,0.18380143583822672,0.9117934959939067,2.298853757804875,-1.324668807907592
2026-05-15,117.5,124.5,114.0,118.0,46650491,115.7,106.54499969482421,97.1955727895101,62.668925556319216,4.504490706401569,3.039622356898418,1.464868349503151,121.26333474517926,106.54499969482421,91.82666464446916,33209075.6,1.4047512662472303,8.72847989140703,1.7316017316017396,0.01710987032821354,-1.3877038088223825,-4.443695205018782,-2.00053072504508
2026-05-18,129.0,129.0,111.5,115.5,42512093,119.7,107.09499969482422,97.92167282104492,69.76946145772102,5.699198572605454,3.571537600039825,2.1276609725656286,124.23804857505733,107.09499969482422,89.95195081459111,32914115.95,1.291606709552228,9.898015905886092,9.787234042553195,0.07160020197189976,-0.6813771830388338,-3.253470325628305,-0.752087627969078
2026-05-19,135.0,140.5,126.5,130.0,98043656,123.6,108.34499969482422,98.76413955688477,72.68828416635515,7.048907600855159,4.267011600202892,2.7818960006522673,129.5455439211138,108.34499969482422,87.14445546853464,34598152.1,2.833783021608255,10.444947118434614,4.651162790697683,-0.1041563196208406,-1.751601452995355,-3.1161506466230837,0.24357730830475433
2026-05-20,133.0,138.0,128.5,137.0,59319197,126.0,109.46999969482422,99.54053955078125,70.25332249562666,7.866498348334517,4.986908949829218,2.879589398505299,133.36830230935493,109.46999969482422,85.57169708029353,36373035.65,1.6308563731331014,10.31895416931,-1.4814814814814836,0.5549209970649338,-0.38515527018477824,3.9520869402708714,8.423326603284863
2026-05-21,132.5,140.5,129.5,136.5,65846790,129.4,110.91999969482421,100.37079963684081,69.62537984548489,8.377528155068077,5.66503279087699,2.7124953641910876,136.7353445400278,110.91999969482421,85.10465484962063,38039788.7,1.7309977854845444,10.409760280068667,-0.3759398496240629,-0.434932134128041,3.3667241562741257,-0.5444138273345001,5.004969415640059
2026-05-22,133.5,141.0,130.5,134.0,49787008,132.6,112.59499969482422,101.17026303609212,70.19909619707182,8.762209306724671,6.2844680940465265,2.4777412126781444,139.74002797068266,112.59499969482422,85.44997141896577,39048143.5,1.2750160068429373,10.421792242726179,0.7547169811320753,-0.12788229491633718,2.1749981256365514,6.012221787423533,12.046489821080142
2026-05-25,134.0,142.5,133.0,135.5,50883370,133.6,114.29499969482421,101.9715129852295,70.49913389627119,9.00362947617954,6.82830037047313,2.1753291057064104,142.3617985155828,114.29499969482421,86.22820087406564,40606365.5,1.2530885089925126,10.29888661036269,0.3745318352059934,-0.354352809800873,3.256436796480777,6.012221787423533,12.046489821080142
2026-05-26,147.0,147.0,135.5,137.0,51979144,136.0,116.49499969482422,102.98615633646646,76.98671777268044,10.127207905511085,7.488081877480722,2.639126028030363,147.57056026670472,116.49499969482422,85.4194391229437,41702049.9,1.2464409813101298,10.65903506231433,9.701492537313428,0.029903373699946556,-0.27272077978219844,9.294323008087812,6.603174948275092
2026-05-27,147.5,161.5,143.0,157.5,71392724,138.9,118.90999984741211,103.96166966756185,77.1944482118921,10.931980658913162,8.17686163376721,2.7551190251459516,151.78161011411524,118.90999984741211,86.03838958070898,44409423.35,1.6076030404029102,11.704497054005754,0.340136054421758,-0.007951228100844254,1.6804674357044913,-1.6614178034264238,-2.918404174386635
2026-05-28,148.0,160.5,143.0,146.5,85796282,142.0,121.2599998474121,104.88004964192709,77.41400430804592,11.477805686120888,8.837050444237946,2.6407552418829425,155.43474623800654,121.2599998474121,87.08525345681767,47582696.25,1.8030983689790383,12.47723078013832,0.3389830508474523,0.06360275198662446,-1.4017266590648503,-0.8967913780571823,6.830270882112943
2026-05-29,162.5,162.5,150.0,157.0,40584970,147.8,124.3349998474121,106.08264961242676,82.63508364430707,12.931340329248101,9.655908421239978,3.275431908008123,161.74804471670365,124.3349998474121,86.92195497812058,48742809.6,0.8326350149499794,12.746933342786544,9.797297297297302,-0.1331620395565447,2.512808021606805,-2.545038363027896,-0.36371408810408346
2026-06-01,157.0,163.5,151.0,163.5,60656503,152.4,127.2,107.25904960632325,75.50527737311006,13.484037382077133,10.421534213407408,3.062503168669725,165.4366591802053,127.2,88.96334081979471,51259015.2,1.1833333661080558,12.714008897081671,-3.384615384615386,-0.03531969758715503,1.352401006913162,0.24871117188876024,7.569648205872115
2026-06-02,146.0,158.5,144.5,157.5,41556559,152.2,129.4,108.21610972086589,63.67265747752619,12.885905017403815,10.91440837420669,1.9714966431971241,166.5803570096959,129.4,92.21964299030411,52735382.3,0.788020436897449,12.885474377470782,-7.006369426751591,-0.2623166699323165,0.48391828547871274,6.384387477344311,11.609218261948563
2026-06-03,159.0,160.5,153.0,153.0,33438960,154.5,132.275,109.36855977376302,69.71339018637889,13.307471910979956,11.393021081561344,1.9144508294186124,169.26358287577287,132.275,95.28641712422714,53260634.9,0.6278363009149934,13.100744460474678,8.904109589041088,0.47142964549633515,1.9795979840295574,4.11224604417908,2.368380197071396
2026-06-04,159.5,172.0,156.0,157.0,53425660,156.8,135.075,110.67664311726888,69.92056502065792,13.525993301548397,11.819615525558754,1.7063777759896421,171.36371797999487,135.075,98.7862820200051,55022725.2,0.9709744438467035,13.48731186574472,0.3144654088050425,0.08672630642823087,-1.682551333517468,-1.5754390106407112,-0.4689752549730142
2026-06-05,165.0,172.0,158.5,159.5,73861015,157.3,138.35,112.06002642313639,72.17529372923302,13.981803584169825,12.252053137280969,1.7297504468888558,172.9014109697423,138.35,103.79858903025769,57970975.5,1.2741033657437764,13.489003616978758,3.4482758620689724,-0.007936817364084803,-1.3278310983176,-11.045368213473939,-10.161770946634174
2026-06-08,148.5,151.5,148.5,148.5,17618737,155.6,140.325,113.03256632486979,58.103933200428514,12.863343793241654,12.374311268473107,0.48903252476854675,172.2266168539271,140.325,108.42338314607287,57235818.45,0.3078271173040245,13.890469801381592,-9.999999999999998,0.2701335531519966,-3.4793152912322878,3.1042122832468877,0.034967228108029325
2026-06-09,146.0,149.0,139.0,149.0,40247295,155.6,141.85,113.91433957417806,56.31253011112371,11.641036620369277,12.227656338852341,-0.5866197184830639,171.59824187640126,141.85,112.10175812359873,56186786.95,0.7163124496835105,13.371740494530714,-1.683501683501687,-0.01931012262229581,2.7622605307562997,-3.225807672999992,2.376792984775622
2026-06-10,135.5,149.0,135.0,143.0,36412961,150.9,142.575,114.58674290974935,49.420754453704355,9.713120326861088,11.724749136454092,-2.011628809593004,170.8542000929087,142.575,114.29579990709125,54658681.65,0.6661880583429696,13.455508428593287,-7.191780821917804,-0.13014202626587812,-3.308177660269873,-5.837608402610838,-6.708776092807467
2026-06-11,137.0,139.0,132.0,136.0,20188784,146.4,143.65,115.24159291585286,50.35547986966782,8.21161188805138,11.022121686773549,-2.810509798722169,169.08743615018562,143.65,118.21256384981439,52010109.95,0.38817037724797193,12.594773971447516,1.1070110701107083,0.3452662184263211,-0.17600272119220328,5.25551512368041,7.227810668941248
2026-06-12,145.0,150.5,142.5,143.0,28540697,142.4,145.025,115.95612627665201,55.11929387817535,7.579813403080237,10.333660030034887,-2.7538466269546493,167.28536127762894,145.025,122.76463872237107,51104620.25,0.5584758650075283,12.715470775254515,5.8394160583941535,-0.22369454265829258,2.3628988702241616,0.715765641262256,1.3310630234695253
2026-06-15,142.5,151.0,141.5,150.0,28886761,141.2,145.7,116.65354296366374,53.394971193600725,6.799004750717302,9.626728974171371,-2.8277242234540694,166.6972429267833,145.7,124.70275707321669,50423353.65,0.5728845645712024,12.286741338553913,-1.7241379310344862,0.10766774191464101,2.7801130493521287,7.800325831781363,7.30885800138672
2026-06-16,140.0,148.5,140.0,144.0,20413577,140.0,145.95,117.33384297688802,51.65472910506947,5.910348345011698,8.883452848339436,-2.973104503327738,166.5256626803823,145.95,125.37433731961767,46541849.7,0.4386069125224303,11.781842493413391,-1.7543859649122862,-0.298612606480253,0.9079966328300548,-6.076252131185589,-5.194602149510463
2026-06-17,145.5,145.5,137.5,140.0,19549579,142.0,146.575,118.20728289286295,55.1202395035649,5.585499612962991,8.223862201264147,-2.638362588301156,166.23333156704902,146.575,126.91666843295096,44553368.8,0.4387901414987951,11.277596827624938,3.928571428571437,0.143723164615861,0.14887671372583178,-4.507401125627641,-0.13243036270157438
2026-06-18,160.0,160.0,160.0,160.0,11662345,146.6,147.95,119.36821619669597,62.7095283271531,6.42403123756344,7.863896008524006,-1.4398647709605656,167.30784894531183,147.95,128.59215105468814,41844146.55,0.27870911373624374,11.707250583941613,9.965635738831624,0.2360263790704975,1.2812598662263142,7.704573785610758,7.753615039223938
2026-06-22,176.0,176.0,176.0,176.0,3869772,152.8,150.075,120.7123462677002,68.9491793041477,8.28414540227817,7.947945887274839,0.33619951500333123,171.92442489909268,150.075,128.2255751009073,39548284.75,0.09784930053129548,12.279617172749399,10.000000000000009,0.2089372068782236,2.746813790663727,8.164775596878403,-0.9707384551159048
2026-06-23,193.5,193.5,187.0,193.5,64240608,163.0,153.05,122.30067965189616,74.06142072955342,11.043104985433246,8.56697770690652,2.476127278526725,181.02724639398087,153.05,125.07275360601915,40216146.65,1.5973834728395093,12.975668216382813,9.943181818181813,-0.04731370199756446,-1.3423606797903442,-11.014827181313736,-8.26201375804504
2026-06-24,195.0,201.0,186.0,186.5,70556700,174.0,155.45,123.91892306009929,74.44972462796234,13.19849377582051,9.493280920689319,3.7052128551311903,188.9351105952928,155.45,121.96488940470718,41145024.45,1.7148294585592352,13.245579120865104,0.7751937984496138,0.0476551235367495,-2.244229984227597,-1.1276266208390284,-5.715736053128795
2026-06-25,192.0,204.0,186.0,203.0,62390713,183.3,157.675,125.51662635803223,72.12419838819238,14.497462272268393,10.494117191005135,4.003345081263259,194.66614403262153,157.675,120.68385596737849,40694923.9,1.5331325634939938,13.879501904749757,-1.538461538461533,0.3340466665395114,0.45969504788345716,2.5920166367473962,7.7711783899880205
2026-06-26,175.0,198.0,174.0,189.0,13471854,186.3,159.025,126.98156979878743,60.57696353746048,13.993834031339873,11.194060559072081,2.799773472267791,196.49705976668406,159.025,121.55294023331595,37078702.5,0.36333132207093816,15.228901650783122,-8.854166666666663,0.16348102632479655,-3.6395859356203264,-23.656726329166933,-5.942248494585412
2026-06-29,166.0,177.0,163.5,168.5,9440269,184.3,159.2,128.33415641784669,55.51001369433077,12.721830890654132,11.499614625388492,1.22221626526564,196.7729465944517,159.2,121.62705340554828,35521467.45,0.26576235943202847,14.998381430678707,-5.142857142857138,-0.04080504718203537,0.9605559714053191,-2.29454141869031,-0.1242224214272114
2026-06-30,182.5,182.5,172.0,172.0,4543350,182.1,160.475,129.9257364908854,61.81592050902407,12.896508419852978,11.778993384281389,1.1175150355715893,199.4385119458955,160.475,121.51148805410449,32715809.8,0.13887322452889428,15.198597239921547,9.939759036144569,0.05934599029766563,2.50225391133696,6.740432698739185,-4.442075791865974
2026-07-01,194.5,199.0,194.0,194.0,8199701,182.0,162.9,131.61093317667644,65.63124169233203,13.843660234241213,12.191926754273354,1.6517334799678594,204.04620913663663,162.9,121.75379086336338,31047966.9,0.2640978401712996,15.372117607932008,6.57534246575342,-0.09885131953493165,1.9361745317864276,0.0951939253428069,-4.778727410795913
2026-07-02,213.5,213.5,190.0,190.5,11304868,186.3,165.625,133.45894991556804,70.63440443527698,15.943637749967138,12.94226895341211,3.0013687965550275,212.5032016450475,165.625,118.74679835495249,29941262.3,0.37756818288853505,16.455835260207742,9.768637532133685,0.1897318900919931,-0.5845045481542077,-3.603504313312955,-10.330015650836888
2026-07-03,207.0,215.5,205.0,211.0,7408266,192.7,168.0,135.23954989115398,67.03896067774014,16.888706883371015,13.731556539403892,3.157150343967123,218.26246899500399,168.0,117.73753100499601,27640392.6,0.2680231828545011,15.661723892180044,-3.0444964871194413,0.11318580885453233,0.07800105377469002,-3.603504313312955,-10.330015650836888
2026-07-06,227.5,227.5,227.5,227.5,8241041,205.0,171.125,137.3863665262858,71.89750604878377,19.072009402324255,14.799647111987966,4.2723622903362894,227.94593294774987,171.125,114.30406705225013,24359393.9,0.33831059318762446,16.306827373222706,9.903381642512077,-0.009085485277215977,-0.4793234110779254,3.803991640284665,0.5444234864537156
2026-07-07,216.0,232.5,212.5,227.0,11242027,211.7,174.5,139.33333320617675,66.01855253469654,19.647850300053136,15.769287749601,3.878562550452136,233.6341027264574,174.5,115.36589727354261,24040558.4,0.46762753231222787,16.799250390126346,-5.054945054945059,0.3974618785651973,-2.31392776703252,-3.791323133090674,-8.620310244637485
2026-07-08,211.5,228.0,203.5,228.0,7824640,215.1,177.775,141.2052998860677,63.81948360398498,19.516126213657827,16.518655442412367,2.9974707712454602,237.51520509893834,177.775,118.03479490106167,22419425.65,0.34901161707503425,17.826017004776165,-2.083333333333337,0.25268356539331904,0.5613583571852931,2.9528018512211096,0.0
2026-07-09,213.0,225.0,209.5,214.5,4637608,215.0,181.65,143.1349998474121,64.24699609611076,19.310175704787866,17.07695949488747,2.233216209900398,239.87922037313587,181.65,123.42077962686415,20830658.0,0.22263377373868842,17.515881404139343,0.7092198581560183,-0.08308174762022835,-0.8304486270893752,4.350145848414444,4.3849249271312285
2026-07-10,213.0,213.0,213.0,213.0,0,216.2,185.45,145.04833323160807,64.24699609611075,18.92875948610302,17.44731949313058,1.4814399929724402,241.2804764914578,185.45,129.6195235085422,19821218.8,0.0,15.180430550254098,0.0,-0.03737569847767075,-0.8304486270893752,-1.9515720941124415,1.4305127450049193
2026-07-13,192.0,220.0,192.0,218.0,20829661,209.1,187.8,146.4566665649414,53.90507728863576,16.73900308130888,17.30565621076624,-0.5666531294573609,240.32007135121685,187.8,135.27992864878317,19435667.0,1.0717234968061553,16.889706476886886,-9.859154929577462,0.005918645015356994,0.057127944892587657,-5.825340132579415,-6.111486144973622
2026-07-14,176.0,188.0,173.0,188.0,28067831,201.1,189.475,147.42333323160807,47.61600452886377,13.556270820215929,16.55577913265618,-2.999508312440252,237.88821589901127,189.475,141.06178410098872,19394720.5,1.4471892492598695,17.1710789466353,-8.333333333333337,0.19595735310091733,-1.4159606790255297,3.7180485871775026,-0.47685938159380825
2026-07-15,174.5,183.0,168.5,183.0,19815164,193.7,191.2,148.4983332316081,47.061659517760845,10.788531631949752,15.402329632514896,-4.6137980005651436,234.36480047446145,191.2,148.03519952553853,19364799.85,1.0232568450739756,16.814935087083928,-0.8522727272727293,-0.08736726929839955,1.9975001997308173,-1.269606741477003,-3.0905636861998653
2026-07-16,167.0,173.0,164.0,171.5,12494122,184.5,192.275,149.43999989827475,44.28550592110209,7.898838175251711,13.90163134106226,-6.002793165810548,231.54260416478417,192.275,153.00739583521585,19012027.0,0.6571693802033839,15.972943742139405,-4.297994269340977,0.23962128796235493,-0.014484209344078902,-4.7763109198367015,-9.91347992822128
2026-07-17,151.5,159.5,151.0,154.0,16746365,172.2,191.85,150.23999989827473,39.146027277097595,4.308350843932743,11.982975241636357,-7.674624397703614,232.73893815150942,191.85,150.96106184849057,19266228.0,0.8692082850882903,15.976551243187485,-9.281437125748504,0.16578843836740909,-6.473889757658291,-0.8511120933085703,3.7596156340277354
2026-07-20,139.5,149.0,136.5,149.0,17032822,161.7,190.025,150.89833323160806,35.69245820639138,0.48892799638727524,9.68416579258654,-9.195237796199265,236.73629132064508,190.025,143.31370867935493,19924380.5,0.8548733547825992,15.846344410762487,-7.920792079207917,0.15093593640875813,-0.5192494034838457,-0.7668602235062383,-1.1637194814616558
2026-07-21,143.5,150.0,140.5,144.0,18345068,155.2,187.525,151.6233332316081,37.66653987524946,-2.1899808214490406,7.309336469779424,-9.499317291228465,238.6012845370073,187.525,136.4487154629927,17629603.5,1.0405831305281483,15.13349848932749,2.8673835125448077,-0.11480806865203919,4.200670223388481,5.028835944428445,6.449018822357444
2026-07-22,157.5,157.5,150.5,153.5,20216407,151.8,185.65,152.53166656494142,44.13092758202368,-3.147074843156105,5.218054207192319,-8.365129050348424,238.2998862896764,185.65,133.0001137103236,15112588.85,1.3377196455655578,14.982365357417159,9.756097560975618,0.15336368301654968,1.3404288294859956,1.394689552504924,0.27652236165969235
2026-07-23,144.5,154.5,142.0,154.5,28086767,147.3,183.275,153.28666661580402,39.98429458780005,-4.898107767933396,3.1948218121671754,-8.092929580100572,238.91905202998657,183.275,127.63094797001344,13397391.55,2.0964354811291606,15.051383309761539,-8.253968253968258,0.16612166048495247,0.055832476427841726,-2.3827624109249768,2.281270991371187
2026-07-24,140.0,146.5,139.0,141.5,17997246,145.0,181.525,153.93666661580403,38.63115054240101,-6.573155127597261,1.2412264242142883,-7.8143815518115485,240.37402628537626,181.525,122.67597371462375,13623661.15,1.3210285988359303,14.044532201793334,-3.114186851211076,-0.2473849217723867,-2.6665489151664,-3.683567952952882,-6.348035270843622
2026-07-27,137.0,142.0,133.0,138.0,15792205,144.5,180.075,154.53666661580402,37.71480374016462,-8.04992265864334,-0.6170033923572373,-7.4329192662861026,241.88904626611605,180.075,118.26095373388394,13941257.95,1.1327675778353992,13.37192790822089,-2.1428571428571463,0.0721389858897803,-0.047299308791204364,2.56883241521626,-2.6956266223224334
2026-07-28,124.5,131.0,123.5,129.0,11750270,140.7,177.175,154.95,34.08669298361443,-10.112348243837346,-2.516072362653259,-7.596275881184087,243.76745650340553,177.175,110.5825434965945,14301603.95,0.821605048012814,13.389004187124772,-9.124087591240881,-0.06281056383515837,-4.65422176004644,-5.222373627657961,-11.995698122575716
2026-07-29,112.5,124.5,112.5,124.5,14041953,131.7,173.075,155.125,31.00327647068633,-12.570233266495478,-4.526904543421702,-8.043328723073776,245.05546153023278,173.075,101.0945384697672,14593716.55,0.9621917043468957,13.20380362884147,-9.638554216867467,0.1913253481581556,-3.759743710600294,-6.552907713345957,-8.435210054401699
2026-07-30,107.0,115.0,105.5,107.0,19214194,124.2,167.75,155.21666666666667,29.678170598095633,-14.791422577506893,-6.57980815023874,-8.211614427268152,242.82925636846812,167.75,92.67074363153186,14989182.85,1.2818706791611392,12.709963144995942,-4.8888888888888875,-0.04603973420009844,-0.26443825042463676,6.188178056870819,12.783714960070824
2026-07-31,117.5,117.5,112.5,117.5,21114789,119.7,163.275,155.45,35.3584060175164,-15.525500555336237,-8.36894663125824,-7.156553924077997,239.16860627670997,163.275,87.38139372329006,15674509.0,1.3470781764200717,12.415301392329818,9.81308411214954,0.14251061606802562,7.979428588197601,-2.5435840790002273,1.2725747330602166
2026-08-03,129.0,129.0,116.5,117.0,7953053,118.1,158.35,155.94166666666666,40.981289880609715,-15.006325175512103,-9.696422340109013,-5.30990283540309,229.31930396490594,158.35,87.38069603509405,15660109.6,0.5078542362181169,12.426594540019176,9.787234042553195,-0.3145609094511337,0.6184176769345795,-1.4826603056282472,3.44826660729316
2026-08-04,130.0,130.0,121.0,127.5,32916049,119.2,154.05,156.29166666666666,41.4581601714776,-14.348779505558582,-10.626893773198926,-3.721885732359656,220.5955127199269,154.05,87.50448728007314,16743810.7,1.9658636608929174,11.96971526801662,0.7751937984496138,0.3186484533235223,-0.059350381622413906,0.4726333908036784,9.745763902806882
2026-08-05,134.0,141.5,132.0,137.5,28353120,123.5,150.175,156.6,43.42723680847954,-13.351001222768105,-11.171715263112763,-2.179285959655342,211.45200264072676,150.175,88.89799735927326,17770234.7,1.5955399846238385,11.907086565614403,3.076923076923066,-0.002778949738335701,2.88496854462601,-4.790783827270051,-14.594593050521187
2026-08-06,139.0,141.0,126.5,129.5,25369283,129.9,146.475,156.9,45.87780261512033,-12.01825753998051,-11.341023718486312,-0.6772338214941982,200.25767672577783,146.475,92.69232327422216,18806818.45,1.3489407082567972,12.252808356865817,3.731343283582089,-0.4022170511909673,-0.48171851317403425,1.846311404669576,-1.2055487976401769
2026-08-07,133.0,139.5,132.0,139.0,17202963,133.0,142.475,157.19166666666666,43.44575403136706,-11.31575741768276,-11.335970458325601,0.02021304064284024,186.42649838772695,142.475,98.52350161227302,19666966.6,0.8747135920798278,11.619100575950375,-4.316546762589923,-0.17977012124817948,-0.38468864916847423,3.6256814394260317,8.023183380177645
2026-08-10,137.5,141.5,135.5,136.0,11665144,134.7,139.75,157.525,45.767810223816795,-10.27743672451291,-11.124263711563064,0.8468269870501537,177.02352665731718,139.75,102.47647334268282,19208740.75,0.60728311927475,11.203220499156991,3.383458646616533,0.08787349343861717,1.589230295129762,-1.7124546273308061,-6.410617614806169
2026-08-11,141.5,144.5,136.0,138.0,24137472,137.0,138.025,157.73333333333332,47.818755635511785,-9.027727500809902,-10.704956469412434,1.677228968602531,171.20310787409844,138.025,104.84689212590158,19012222.8,1.2695765378890889,10.842791099269393,2.9090909090909056,-0.02481586909149902,0.4272475445720847,1.667086802964235,0.45263080831747793
2026-08-12,139.0,144.0,138.5,143.5,15086942,138.0,136.25,157.8,46.63177506857789,-8.145160701603146,-10.192997315850576,2.04783661424743,164.6688595645113,136.25,107.83114043548869,18775811.7,0.8035307469556696,10.13041895270014,-1.7667844522968212,-0.055858442703549116,0.8806410303470624,2.724693709582593,0.781011114079444
2026-08-13,143.0,152.5,140.0,140.5,35784191,138.8,135.05,157.96666666666667,48.82076514680182,-7.041780323858774,-9.562753917452216,2.5209735935934425,159.79054843454674,135.05,110.30945156545329,19940315.15,1.794564967043663,10.579696425673456,2.877697841726623,-0.02110518697276964,1.1059567173957285,-2.112340545699498,-0.6855455655172094
2026-08-14,138.0,146.0,136.0,145.0,16327222,139.8,134.375,158.05833333333334,46.26618561986345,-6.495920707975216,-8.949387275556816,2.4534665675816,157.93427574617388,134.375,110.8157242538261,19919358.0,0.8196660755833597,10.502403568916996,-3.4965034965035002,-0.24284380760136726,-0.45732720428869333,1.3487078671445163,5.2821182773778785
2026-08-17,144.5,150.0,134.0,139.0,22649004,141.2,134.625,158.24166666666667,49.9338302499995,-5.475706812818856,-8.254651183009225,2.778944370190368,158.51702685768765,134.625,110.73297314231235,20200167.1,1.1212285466688046,11.23541642639473,4.710144927536231,-0.4168200504919728,0.10097531306225704,0.8710301952703947,1.425320167692945
2026-08-18,139.5,152.5,139.0,146.0,41850065,140.8,134.425,158.33333333333334,47.2615100016711,-5.012853113618661,-7.606291569131113,2.5934384555124517,158.06990598305302,134.425,110.78009401694702,21375416.95,1.9578595869214144,11.537360902875434,-3.460207612456745,-0.4373220778009723,-1.1962985353416111,-4.749339427821009,-5.789773590149427
2026-08-19,136.5,148.0,135.0,135.5,45308655,140.3,133.375,158.15833333333333,45.681816187428275,-4.832408157110024,-7.0515148867268955,2.219106729616872,154.4285032714284,133.375,112.32149672857159,22630029.35,2.002147425407559,11.73237944915871,-2.1505376344086002,0.09921712609282096,-1.3006958690137793,-3.5759209309590645,-4.653947061530561
2026-08-20,138.5,147.0,135.5,139.0,32485684,139.4,133.075,158.00833333333333,46.9547483585833,-4.4764195654624075,-6.536495822473999,2.060076257011591,153.62602763469874,133.075,112.52397236530123,22849975.2,1.4216944970688634,11.701395522604216,1.46520146520146,-0.20952662644722064,0.47940480185713064,-2.4418943612818045,-0.40675629010867853
2026-08-21,133.0,139.5,132.0,137.5,15784098,138.4,132.725,157.75833333333333,43.907445819348474,-4.585244235077937,-6.146245504994787,1.5610012699168498,153.0162348201474,132.725,112.4337651798526,22739317.8,0.6941324334716849,11.141209452923654,-3.971119133574008,0.07292445718072305,0.6466205402973157,-0.6692544587434179,-0.6283397852270167
2026-08-24,134.0,137.5,133.5,134.0,9328990,136.3,132.575,157.28333333333333,44.61129444309037,-4.538480153037938,-5.824692434603417,1.2862122815654793,152.77733180913435,132.575,112.37266819086562,22416157.05,0.4161725838729346,10.2557148592005,0.7518796992481258,-0.05119683229035665,-1.0215058314384073,-3.072360608307745,-3.793865052348333
2026-08-25,137.0,137.0,129.5,132.0,7885885,135.8,133.2,156.95,46.7692503669732,-4.210804816362298,-5.501914910955193,1.291110094592895,153.1219529797247,133.2,113.27804702027527,22222937.8,0.3548533983657192,9.8882862113071,2.238805970149249,-0.03142551921185843,0.9095610374029395,0.8063420389182951,2.8918859898291904
2026-08-26,150.5,150.5,134.5,135.0,39767333,138.6,135.1,157.025,55.22339565316811,-2.8291696686379453,-4.967365862491744,2.1381961938537986,153.92775107458039,135.1,116.27224892541959,23509206.8,1.6915642173006025,10.70318138313282,9.85401459854014,0.09398842232435367,1.4681604395669012,0.9791739946976241,-2.0760151596919907
2026-08-27,146.5,152.5,145.5,151.0,36048198,140.2,137.075,156.81666666666666,52.55977993440348,-2.033539058100189,-4.380600501613433,2.347061443513244,151.18835686877193,137.075,122.96164313122806,24350907.0,1.480363667768104,10.209423865381778,-2.657807308970095,-0.11305637616038089,0.3111269939336747,2.1578828253391746,3.522503353574913
2026-08-28,154.0,161.0,150.0,150.0,42000147,144.4,138.9,156.725,56.77013123787646,-0.7887169095808702,-3.6622237832069207,2.8735068736260505,151.73744522870692,138.9,126.0625547712931,25395174.9,1.6538632699080171,10.781500683330874,5.119453924914685,-0.4558916903721677,0.774831481905669,-2.927810631091654,-3.7177088142796744
2026-08-31,151.0,155.5,146.5,150.5,21838447,147.8,140.0,156.49166666666667,54.6796696312988,-0.04375691390811198,-2.9385304093471594,2.8947734954390474,153.03436752750804,140.0,126.96563247249198,26089444.6,0.8370606325594221,10.543967258886758,-1.9480519480519431,-0.11023270076141456,-0.4381051578845385,2.038280836108508,-0.42539041444666914
2026-09-01,157.0,160.5,149.5,151.0,36087256,151.8,141.35,156.63333333333333,58.009968266472455,1.0190323352817643,-2.1470178604213745,3.166050195703139,155.56304071322674,141.35,127.13695928677326,26248004.95,1.3748571012822826,10.604771624368524,3.9735099337748325,0.19604210375987474,1.7781860578235609,-1.943575223630134,-2.6289855486184677
2026-09-02,148.0,157.0,148.0,153.5,20941333,151.3,142.05,156.66666666666666,51.85460884258256,1.1221403529059444,-1.4931862177559108,2.615326570661855,156.11713227798643,142.05,127.9828677220136,25877415.6,0.80925133033764,10.39080207445272,-5.73248407643312,-0.04102653494677533,-1.6699071260597553,-0.4267105044421182,3.3074659142100282
2026-09-03,156.0,162.5,150.5,151.0,65748686,153.2,142.9,157.00833333333333,56.294005559584434,1.8283117017236634,-0.8288866338599958,2.6571983355836593,158.1922408946171,142.9,127.60775910538291,27896385.75,2.3568890461016085,10.938695131192357,5.405405405405395,0.16164441336217195,-0.6651369315447186,1.8109002686002684,-0.5227089151055297
2026-09-04,156.0,161.5,146.0,161.0,71276732,153.6,144.05,157.325,56.294005559584434,2.360744391518466,-0.19096042878430353,2.5517048203027697,159.6634220262079,144.05,128.4365779737921,30600074.2,2.329299319150017,11.546869113700044,0.0,-0.09708022272419958,1.5122200906831251,0.9911686522946717,4.43349558683217
2026-09-07,158.0,168.0,155.0,158.0,60360656,155.0,145.075,157.54166666666666,57.432055427958616,2.9105335998589226,0.42933837694434174,2.4811952229145806,161.54594730922332,145.075,128.60405269077665,33034849.8,1.827181184883123,11.74061989854004,1.2820512820512775,-0.23473421241366754,1.6651381893682204,0.9911686522946717,4.43349558683217
2026-09-08,152.5,161.5,151.0,159.0,26392397,154.1,145.625,157.70833333333334,53.320273860967944,2.869365217791085,0.9173437451136904,1.9520214726773943,162.3263236160003,145.625,128.9236763839997,33147596.05,0.7962084779900652,11.575203912068035,-3.4810126582278444,-0.3671620448905233,-0.46588983968915976,-4.4366705353859555,-1.037735411977092
2026-09-09,152.0,159.5,150.0,153.5,23039514,154.9,146.275,157.90833333333333,52.94914339019136,2.764525428788744,1.2867800818487012,1.4777453469400428,162.9024187001962,146.275,129.64758129980382,33545224.65,0.6868194874348531,11.298510057125632,-0.3278688524590123,-0.0180897502252253,0.1646891802691508,-0.1406844000352958,0.6990822432745514
2026-09-10,154.5,159.0,150.0,152.0,42758225,154.6,146.85,158.05833333333334,54.64886233488907,2.850311629099849,1.5994863912989308,1.2508252378009184,163.79293828988327,146.85,129.90706171011672,33893926.35,1.261530592781264,10.992042049508882,1.6447368421052655,-0.11174924474647296,-0.5147388760934346,-1.141173780895799,-0.9496651966175107
2026-09-11,150.0,157.0,149.0,151.0,27000650,153.4,147.45,157.89166666666668,51.072404772258004,2.526066496818231,1.784802412402791,0.7412640844154401,163.91655302184122,147.45,130.98344697815875,34427597.75,0.784273424944382,10.593103109574365,-2.9126213592232997,0.5434767453688316,-1.6097760087677493,8.50791132462254,6.13613970203668
2026-09-14,159.0,164.0,146.0,148.0,60526524,153.6,148.175,157.60833333333332,57.117055699044144,2.9611899231296093,2.020079914548155,0.9411100085814543,165.35600236032,148.175,130.99399763968003,36321473.75,1.6664115673445106,11.580689361631118,6.000000000000005,0.13023751389060756,-0.6979172181896032,-5.897029025166978,-7.256850086873101
2026-09-15,153.5,163.5,152.0,158.0,58033719,153.8,148.875,156.94166666666666,52.822290295586285,2.8296063976113714,2.1819852111607982,0.6476211864505732,165.70503267970855,148.875,132.04496732029145,37130656.45,1.5629596820661649,11.569930780080302,-3.459119496855345,0.13069434131136592,-0.7653989654031412,2.1632873542974718,2.0454580640286935
2026-09-16,168.5,168.5,154.0,154.5,61454717,157.1,150.475,156.5,61.35650049609907,3.8908488616912678,2.5237579412668922,1.3670909204243755,168.40021012135693,150.475,132.54978987864305,37937959.55,1.6198740714825821,12.027273342736262,9.771986970684043,0.17592593539166312,0.7413735937723764,-9.016391733988439,-0.34998603017336594
2026-09-17,163.0,174.0,161.0,174.0,66548855,158.8,151.7,156.01666666666668,57.26597367316839,4.239220035979599,2.866850360209434,1.372369675770165,169.5278315828771,151.7,133.87216841712288,39641118.1,1.6787835003069704,12.156970230371428,-3.264094955489616,0.2712983686560255,0.9577145306960189,2.552559484362882,1.6922116596734593
2026-09-18,168.5,171.0,165.0,166.5,39566848,162.5,153.475,155.90833333333333,60.128601051580446,4.902596653601762,3.2739996188879,1.628597034713862,170.51512293012433,153.475,136.43487706987565,40830255.6,0.9690570734511884,11.602707532988571,3.3742331288343586,-0.026676874442554954,1.9286856204631775,2.4597367937197134,2.07220700834736
2026-09-21,168.0,173.5,166.0,171.0,19194104,164.3,155.175,155.94166666666666,59.73683642054045,5.326580081612235,3.684515711432767,1.642064370179468,170.75594315096978,155.175,139.59405684903024,41323511.3,0.4644838590954879,11.055679861923428,-0.29673590504450953,-0.13186898734366403,1.1404859900489006,2.486421520865978,0.3383593233799109
2026-09-22,171.0,175.0,170.0,171.5,31877199,167.8,156.875,155.75,61.36342845350729,5.83737530205795,4.115087629557804,1.722287672500146,171.49609147052792,156.875,142.25390852947208,42523077.0,0.7496446929275602,10.514922547000305,1.7857142857142794,-0.22226247695271706,1.1404859900489006,2.486421520865978,0.3383593233799109
2026-09-23,173.0,181.0,172.0,175.0,39201406,168.7,158.0,155.39166666666668,62.45247266680025,6.3305923516714415,4.558188573980532,1.7724037776909096,173.95717954237028,158.0,142.04282045762972,42494780.65,0.9224993140422294,10.446266207400265,1.1695906432748648,-0.18557623162702708,1.1404859900489006,0.0,0.0
