Date,Close,High,Low,Open,Volume,MA5,MA20,MA60,RSI,MACD,MACD_signal,MACD_hist,BB_upper,BB_mid,BB_lower,Volume_MA20,Volume_ratio,ATR,pct_change,usdtwd_pct,twii_pct,murata_pct,tdk_pct
2023-12-20,87.02651977539062,87.64373319081263,86.23297024092408,86.409313087017,344240,87.20287017822265,87.30427207946778,85.82297019958496,50.94445441624831,0.33208429964460606,0.4817584247037062,-0.14967412505910016,88.73722687227749,87.30427207946778,85.87131728665807,266794.5,1.2902814713196862,1.0040266099302055,0.7142691276931901,-0.33465989557395215,0.33367432683415466,0.17680639486283845,2.2539462636961938
2023-12-21,87.37921905517578,87.37921905517578,86.4093198714166,86.4093198714166,106750,87.09706420898438,87.38362770080566,85.8200309753418,53.8901468911848,0.3282514975275177,0.4510570392684686,-0.12280554174095087,88.62726275784257,87.38362770080566,86.13999264376875,265314.7,0.4023523762535585,0.9994762864407357,0.405277932169934,0.12791495872452874,-0.5186161111112364,-0.705968298123183,-1.3960300270427495
2023-12-22,86.67383575439453,87.20287102992222,86.49748617785298,86.93835002863413,98250,86.90308380126953,87.37921905517578,85.82150052388509,47.71862214503359,0.2652379391395243,0.41389321924267974,-0.14865528010315543,88.63271852697449,87.37921905517578,86.12571958337708,247173.7,0.3974937463006784,0.9837771652250116,-0.8072666572309761,-0.3736782960108931,0.30147861455658287,1.0131420976176697,-0.044722893065618496
2023-12-25,86.1447982788086,86.67384030918645,85.96845542004856,86.67384030918645,126501,86.72673950195312,87.36158447265625,85.81709175109863,43.67848063433497,0.170643267829945,0.3652432289601328,-0.1945999611301878,88.67576768739796,87.36158447265625,86.04740125791453,248115.15,0.5098479476162581,0.946658195080062,-0.6103773658812761,-0.36226354270691985,0.04665088698287967,0.809438229309456,-0.7305761709260561
2023-12-26,86.49748992919922,86.49748992919922,85.70393361796735,86.05662605929805,214158,86.74437255859375,87.34835853576661,85.82003072102864,46.905850745082525,0.12272092745810426,0.3167387686597271,-0.19401784120162285,88.6929216974021,87.34835853576661,86.00379537413112,252189.2,0.8491957625465325,0.9262446105669694,0.4094172340495028,0.127733444468503,0.8343763777672208,1.0123977559789887,0.750980116998412
2023-12-27,86.1447982788086,86.3211478646175,85.88028399066853,86.3211478646175,150321,86.56802825927734,87.25136833190918,85.81268297831217,44.17951086033142,0.055641458731528814,0.26451930667408746,-0.20887784794255865,88.65104109747776,87.25136833190918,85.8516955663406,209885.8,0.7162037641422145,0.8850394542954653,-0.4077478441042781,-0.5678033131921834,0.7873572184754041,1.8316979410633705,1.058441171525626
2023-12-28,86.05662536621094,86.58566066042181,85.70393292772079,85.79211108262987,268745,86.30350952148437,87.14556083679199,85.79945704142253,43.49881193146266,-0.004581507899430903,0.2106991437593838,-0.21528065165881471,88.57164592921374,87.14556083679199,85.71947574437023,193505.1,1.3888264443676162,0.8845978914162064,-0.1023543085123757,-0.31445393355279405,0.1054642742363665,2.1890338704401158,-1.0621145531203302
2023-12-29,85.52759552001953,86.05663084792941,85.35125265306597,85.61576695349632,298700,86.07426147460937,86.99125862121582,85.78182258605958,39.5603722033788,-0.09391434403981691,0.14977644619954367,-0.24369079023936058,88.41633746581178,86.99125862121582,85.56617977661986,196270.55,1.5218788554879987,0.8607019318758378,-0.614746213833206,-0.4788328985291246,0.11413168589380351,-0.597811341231802,0.14911770600525287
2024-01-02,85.61576843261719,85.88028946466665,85.52759699761712,85.79211802966658,112451,85.9684555053711,86.8810432434082,85.77447497049967,40.526884084353576,-0.15580047227261673,0.08866106250511159,-0.2444615347777283,88.37549773485759,86.8810432434082,85.38658875195881,188846.45,0.5954626099669864,0.7929675335786748,0.10309293984187562,-0.044000291677548375,-0.4297116466016604,-0.597811341231802,0.14911770600525287
2024-01-03,85.43942260742188,85.88028649422276,85.43942260742188,85.7921150622724,124650,85.75684204101563,86.7531925201416,85.76859690348307,39.17749630341178,-0.21657872435352488,0.027613105133384296,-0.24419182948690918,88.28295845291322,86.7531925201416,85.22342658736997,185694.2,0.6712649075738498,0.7460203806749693,-0.20597353551069508,0.6860424901047546,-1.649228076412912,-0.597811341231802,0.14911770600525287
2024-01-04,85.35124969482422,85.79211357397713,84.46952193651838,85.70393541650739,388050,85.59813232421875,86.62093315124511,85.77447509765625,38.48746693455077,-0.26876261602751583,-0.031662039098795725,-0.2371005769287201,88.15550382309043,86.62093315124511,85.0863624793998,200343.3,1.9369252677778594,0.8228965482461411,-0.10319933106617274,0.5275459898703483,-0.055014439343803456,-2.839965206207473,-2.396922860593509
2024-01-05,84.9985580444336,85.26307233818041,84.9985580444336,85.17490090693147,72335,85.38651885986329,86.49308242797852,85.76712735493977,35.77331149524194,-0.3347195560764362,-0.09227354249432382,-0.2424460135821124,88.1228995346456,86.49308242797852,84.86326532131145,189097.45,0.3825276332388406,0.7602025618654057,-0.4132237684295048,0.03898027981255048,-0.17384828156632448,-0.01719159029101025,-1.0372076397662577
2024-01-08,85.08673095703125,85.17490238981524,84.64586706606218,85.08673095703125,87750,85.29834594726563,86.38727493286133,85.75977961222331,36.970016947266345,-0.37554701686394765,-0.14892823736824862,-0.22661877949569903,88.0959247033736,86.38727493286133,84.67862516234906,183466.1,0.4782899947183703,0.7293802634504267,0.10373459812289543,-0.3284639253521182,0.3054917612432817,-0.01719159029101025,-1.0372076397662577
2024-01-09,84.02865600585938,84.91038374263839,83.76413499400617,84.91038374263839,242217,84.98092346191406,86.24179000854492,85.74214502970378,29.795557511155238,-0.4876594450175702,-0.21667447889811295,-0.2709849661194572,88.2261300939891,86.24179000854492,84.25744992310075,189963.95,1.2750682432114093,0.8084756900603804,-1.2435252115940432,-0.7463136321570363,-0.21152131518220596,-0.6534811180731626,-0.32367415238965247
2024-01-10,83.5877914428711,83.94047715301292,83.5877914428711,83.76413429794201,142298,84.6105972290039,86.07867050170898,85.71716270446777,27.408826792068893,-0.6051081279971982,-0.29436120871793003,-0.3107469192792681,88.36570651010155,86.07867050170898,83.79163449331642,185201.4,0.7683419239811362,0.7594608731174339,-0.5246597814887566,1.1070581272880409,-0.3983884913753566,2.527263548704761,4.499759322477281
2024-01-11,83.85230255126953,84.11682355091125,83.32326727903457,83.32326727903457,144385,84.31080780029296,85.91995964050292,85.73920580546061,30.981089686414066,-0.6691299065506229,-0.36931494828446865,-0.29981495826615423,88.36512881335352,85.91995964050292,83.47479046765233,186436.5,0.7744459909942527,0.7640069262853336,0.31644705983076005,0.18254264271539977,0.45626438441657147,0.8779345195098598,1.331752387311691
2024-01-12,84.1168212890625,84.1168212890625,83.4996078821778,83.76412887470671,60201,84.13446044921875,85.73038825988769,85.75243161519369,34.45483115612784,-0.6905627977693882,-0.4335645181814526,-0.25699827958793564,88.1136110186936,85.73038825988769,83.34716550108178,178995.15,0.336327548539723,0.744434457031916,0.3154579298895621,-0.7192046382251016,-0.18517891834584077,-0.30125690679593253,3.21262412958494
2024-01-15,83.94047546386719,84.4695174725314,83.76413261234484,84.4695174725314,62300,83.90520935058593,85.54522514343262,85.74214464823405,33.25323983189952,-0.7135527607310763,-0.4895621666913774,-0.2239905940396989,87.87742490460859,85.54522514343262,83.21302538225665,169644.55,0.3672384406100874,0.7392278441192013,-0.20964394813411946,0.587818268824547,0.19408761589856383,0.8897169479982203,-0.18393210018563533
2024-01-16,83.14692687988281,83.58779074090648,83.14692687988281,83.58779074090648,106300,83.72886352539062,85.35124549865722,85.72157109578451,28.445762365177472,-0.786736205526239,-0.5489969744583497,-0.2377392310678893,87.80678824801657,85.35124549865722,82.89570274929787,167333.5,0.6352583314160045,0.7464706094345578,-0.9453706088738634,0.38422436149399,-1.1395293752028635,-1.0981643685830544,1.0914355467719128
2024-01-17,83.49961853027344,83.76413955653479,82.79424033865843,82.79424033865843,219900,83.71122894287109,85.2057601928711,85.70393651326498,33.076680542511326,-0.8069730610408357,-0.6005921917748469,-0.20638086926598875,87.74084868443121,85.2057601928711,82.67067170131098,168525.1,1.3048501380506523,0.7762610905601315,0.4241788164944804,0.8430854010390787,-1.066936498019444,-2.658158126489163,-1.0095449279485469
2024-01-18,83.67596435546875,84.11682822801912,83.14692905381808,83.94047864276968,76060,83.67596130371093,85.038232421875,85.69218025207519,35.33033359178418,-0.7995643998353756,-0.6403866333869527,-0.15917776644842296,87.5087106901202,85.038232421875,82.56775415362979,155116.1,0.4903423951478924,0.8020795017122516,0.21119356986210036,0.2686100789593082,0.3845752896719512,0.19012352256884135,2.2804541580141446
2024-01-19,83.49961853027344,83.58779669039332,82.88241177172915,83.32327566413197,128072,83.55252075195312,84.84425239562988,85.67748489379883,34.09389957796196,-0.7987155214155024,-0.6720524109926627,-0.12666311042283973,87.14414016998055,84.84425239562988,82.54436462127921,156182.2,0.82001662161245,0.8009425793158976,-0.2107484826182171,0.12079320549103212,2.6337127016353046,2.5530311960725083,1.7449178653496489
2024-01-22,83.32327270507812,83.67596515188507,83.14692984519911,83.49961556495714,99071,83.42908020019532,84.67672424316406,85.6613198598226,32.85562317205567,-0.8030157477811599,-0.6982450783503622,-0.10477066943079771,86.90239922035362,84.67672424316406,82.4510492659745,156223.25,0.6341629687002415,0.764688276298572,-0.21119356986208926,-0.6231681074182815,0.7554784976987472,2.6408756847985604,1.7558206541004484
2024-01-23,83.49961853027344,83.67596812346405,83.41144709720271,83.41144709720271,83895,83.49961853027344,84.54446525573731,85.65397224426269,35.38301341487217,-0.7831662211542607,-0.715229306911142,-0.06793691424311876,86.71654773621543,84.54446525573731,82.37238277525918,154092.95,0.5444441163596387,0.7097558952435518,0.21164054107607466,-0.05034596135321534,0.3339315281947419,1.99934827199455,-0.24077508429937167
2024-01-24,84.02865600585938,84.20499886239567,83.49961398215295,83.49961398215295,73250,83.60542602539063,84.42102355957032,85.65985043843587,42.38906770649921,-0.7164872068425439,-0.7154808868974223,-0.0010063199451215699,86.39758211553821,84.42102355957032,82.44446500360242,147047.55,0.4981381872734364,0.7091730932434406,0.6335807095862789,0.0860763428329081,0.006938533336109387,-0.6748054763399569,-0.8447296668785964
2024-01-25,83.76414489746094,84.20500881797389,83.05875993382038,84.20500881797389,201344,83.62306213378906,84.30199089050294,85.6480941772461,40.05087161131863,-0.6771813187287421,-0.7078209732636863,0.030639654534944216,86.12199305721654,84.30199089050294,82.48198872378933,149598.7,1.3458940485445394,0.7674498653647829,-0.31478678937812976,-0.328079755907984,0.709276503221834,-0.970559571110674,-0.392160575404088
2024-01-26,83.76414489746094,83.76414489746094,83.32328097694798,83.32328097694798,89050,83.67596740722657,84.18736686706544,85.62458165486653,40.05087161131862,-0.638668941218171,-0.6939905668545833,0.0553216256364123,85.8213288131796,84.18736686706544,82.55340492095127,140613.95,0.6332942072959332,0.7239050727178722,0.0,0.07350350663963834,-0.04215966405062277,-2.515516935478046,-1.561226605837529
2024-01-29,83.49961853027344,83.76413955653479,83.23510423106123,83.76413955653479,55400,83.71123657226562,84.08596801757812,85.59519081115722,37.642622767150684,-0.6223189660072705,-0.6796562466851208,0.057337280677850266,85.61827626576367,84.08596801757812,82.55365976939258,128448.95,0.4312997498227895,0.6979231518754505,-0.3157990420738055,-0.13380371723147322,0.6924221152651233,1.3404795269971403,0.6481950348437682
2024-01-30,83.32327270507812,83.41144413501763,82.88240882833168,83.41144413501763,112481,83.67596740722657,83.97134323120117,85.55845209757487,36.08488065702886,-0.6164846755754922,-0.6670219324631951,0.05053725688770283,85.35785636566851,83.97134323120117,82.58483009673384,128450.45,0.8756761848635018,0.6871613585509586,-0.21119356986208926,-0.2817131452696353,-0.46910447933337096,0.2645479721302024,0.17813537800350776
2024-01-31,82.88240814208984,83.23510058597658,82.88240814208984,83.23510058597658,96900,83.44671783447265,83.84349250793457,85.51583518981934,32.4675373662965,-0.6400568670074733,-0.6616289193720508,0.021572052364577488,85.12781867710346,83.84349250793457,82.55916633876568,127062.95,0.7626141215830421,0.6543217858092684,-0.5291013526901645,-0.0830523890604784,-0.804398568682585,-0.5606854066229516,1.7918190202373285
2024-02-01,82.88240814208984,83.32327201518606,82.88240814208984,82.97057957129931,84980,83.27037048339844,83.72005043029785,85.47615750630696,32.4675373662965,-0.6512310128073864,-0.659549338059118,0.008318325251731595,84.86075082547393,83.72005043029785,82.57935003512176,111909.45,0.7593639321790966,0.6258607307808619,0.0,0.2756859522162314,0.43907634242430493,-0.5140853489211672,5.482385246594235
2024-02-02,83.23509979248047,83.23509979248047,82.882407351956,82.882407351956,83102,83.16456146240235,83.63187751770019,85.45558382670085,38.21416100089577,-0.6244293029293431,-0.652525331033163,0.028096028103819948,84.61871657153058,83.63187751770019,82.6450384638698,112447.8,0.7390273531362996,0.589438292080009,0.42553258079325307,-0.035210710893140984,0.5110182189104195,2.21704031019756,-0.7770643035669988
2024-02-05,83.23509979248047,83.23509979248047,82.882407351956,82.97057878032493,75606,83.11165771484374,83.53929595947265,85.44088846842448,38.21416100089577,-0.5963148088319628,-0.6412832265929229,0.044968417760960167,84.26407554790715,83.53929595947265,82.81451637103815,111840.6,0.6760156866111233,0.5578721785392697,0.0,0.29391269736438463,0.2001149817599579,-0.4892534339491106,-1.4507744924319832
2024-02-15,83.76414489746094,83.94048777484629,83.14693809956263,83.23510953825532,176811,83.19983215332032,83.52607040405273,85.43354085286458,46.18126589156173,-0.5252891448674148,-0.6180844102478213,0.0927952653804065,84.22234415234962,83.52607040405273,82.82979665575584,108570.3,1.6285392966584784,0.5892958447718547,0.6356033768199598,-0.3927712441166409,3.0310448098840537,1.993247641448015,-0.05110210560023143
2024-02-16,84.1168212890625,84.38133555454313,83.85230029653358,84.02864986723563,102699,83.44671478271485,83.55252189636231,85.4291322072347,50.741250152571034,-0.4355223268202195,-0.581571993562301,0.14604966674208153,84.29718287500596,83.55252189636231,82.80786091771866,106590.35,0.9634924737558325,0.5930151530798995,0.4210350288101017,-0.26288406984117385,-0.20016719009597894,0.7949582863892024,0.16613829007698921
2024-02-19,84.73403930664062,84.73403930664062,83.94048294992126,84.2050039778441,126686,83.817041015625,83.59660873413085,85.4291322072347,57.52419618405815,-0.31099221638588403,-0.5274560381270177,0.21646382174113366,84.50286904723248,83.59660873413085,82.69034842102923,105705.4,1.1984818183366224,0.619753980231828,0.733762888468048,0.2255126060222823,0.15343901570623597,-2.0374538412053056,-0.7527403769207353
2024-02-20,84.64586639404297,84.73403782612695,84.205002506574,84.73403782612695,149511,84.0991943359375,83.62306098937988,85.4276626586914,56.33086047536512,-0.2169155563225047,-0.4653479417661151,0.2484323854436104,84.61963807174045,83.62306098937988,82.6264839070193,110170.9,1.3570824963760848,0.6076583562098004,-0.1040584319113691,0.21989185165642855,0.6297522514733034,-0.7883299418699807,0.21852673755511365
2024-02-21,84.73403930664062,84.82221074026518,84.29317541146867,84.82221074026518,76696,84.39898223876953,83.66273918151856,85.4276626586914,57.28514030679813,-0.13370306260326004,-0.39901896593354413,0.2653159033302841,84.76961450177745,83.66273918151856,82.55586386125967,110890.7,0.691635998329887,0.5971752858880284,0.10416682627736318,-0.07738215560203487,-0.40979551571411754,0.625520699009896,-1.064640968594044
2024-02-22,84.55769348144531,84.8222077730659,84.20500103223559,84.7340363425257,119680,84.55769195556641,83.73327751159668,85.42178459167481,54.71010415119804,-0.08105188050144818,-0.33542554884712494,0.25437366834567676,84.8808093598029,83.73327751159668,82.58574566339047,111559.7,1.0727888296580217,0.5998461465469995,-0.2081168638227493,0.15456807377836057,0.9448801440578247,1.6465127441044558,2.2300010793322445
2024-02-23,84.46952056884766,84.73403485582722,84.0286566968329,84.55769199784085,239525,84.62823181152343,83.78177261352539,85.40708910624186,53.41716852740682,-0.04591102281692372,-0.2775226436410847,0.23161162082416098,84.96901720759064,83.78177261352539,82.59452801946014,112540.95,2.128336396662726,0.6139170815399757,-0.10427544670078559,0.08814408362198822,0.19312885212652287,1.6465127441044558,2.2300010793322445
2024-02-26,84.38134002685547,84.64586103340432,84.20499717385533,84.20499717385533,131051,84.55769195556641,83.81704139709473,85.38651529947917,52.09131085336957,-0.024890154501449047,-0.22699614581315758,0.20210599131170853,85.03262175689837,83.81704139709473,82.60146103729109,115290.5,1.136702503675498,0.5908433186078433,-0.10439332601670515,0.4705245996972307,0.31161383748661287,0.03306180978801532,0.012688830092288939
2024-02-27,84.55769348144531,84.64586491198551,83.85230858302586,84.02865817115519,153088,84.54005737304688,83.86994514465331,85.36594174702962,54.522445629224755,0.005930917103327715,-0.18041073322986054,0.18634165033318825,85.11899541598359,83.86994514465331,82.62089487332304,116541.3,1.3135944081625999,0.6178717199880845,0.20899579757054365,-0.16865689324997435,-0.494196611994846,0.33045788674033183,-1.3187929611108484
2024-02-29,85.43942260742188,85.43942260742188,84.5576948338201,84.5576948338201,339862,84.68113403320312,83.9757526397705,85.34389864603678,64.28178452680405,0.10034825770232203,-0.12425893504342404,0.2246071927457461,85.37883987387897,83.9757526397705,82.57266540566204,128580.85,2.6431774249431386,0.6530527074532149,1.0427544670078337,0.2277027285789046,0.5959315304422619,0.3652069306923966,0.750499931107873
2024-03-01,85.35124969482422,85.439421125245,84.99855724609209,85.08672867651289,127422,84.8398452758789,84.06833419799804,85.32479464213053,62.82976186449519,0.16614465109599053,-0.06617821781554113,0.23232286891153164,85.57934411093493,84.06833419799804,82.55732428506116,130757.2,0.9744931827845809,0.6247610613034241,-0.10319933106617274,-0.10426928511686473,-0.16259934881998062,0.19846810564683182,2.209101387197232
2024-03-04,85.35124969482422,85.35124969482422,84.99855724609209,85.08672867651289,129865,85.01619110107421,84.13446388244628,85.3012819925944,62.82976186449519,0.2158011456226916,-0.009782345127894589,0.22558349075058617,85.75029361262925,84.13446388244628,82.51863415226332,133587.95,0.972131094159316,0.588485246293918,0.0,-0.17586998206308158,1.9506877426717306,-0.23108466115555615,1.7089791967814572
2024-03-05,85.17489624023438,85.9684525320942,84.73403238109543,84.73403238109543,214380,85.17490234375,84.20500144958496,85.25278689066569,59.70159743827418,0.23817845241424607,0.03980981438053354,0.19836863803371252,85.87502537178456,84.20500144958496,82.53497752738535,134239.75,1.5969934389776501,0.6746099002545654,-0.20662082303469775,-0.1584294895698446,0.4227301850537213,-0.5625406882016626,1.284886825581255
2024-03-06,85.70393371582031,85.70393371582031,84.91038413073122,85.0867269880735,229259,85.404150390625,84.30199089050294,85.21163953145346,65.28532712578092,0.2951986657317178,0.0908875846507704,0.20431108108094742,86.0856570697165,84.30199089050294,82.51832471128937,141250.2,1.6230702682190892,0.6904685248991694,0.6211190138627254,0.09901968214427459,0.5804392720889506,-1.3311202425565716,-3.549639765318946
2024-03-07,85.26306915283203,85.70393301965547,85.08672629692215,85.52759016374559,146452,85.36887969970704,84.39016342163086,85.15579668680827,58.065036255454935,0.30133985158842336,0.132978038038301,0.16836181355012236,86.18115497596665,84.39016342163086,82.59917186729507,145802.8,1.0044525893878582,0.6807003774323683,-0.514404116443612,-0.2425451004595569,0.9952604831186207,-3.7268128556393165,-3.8952816113765776
2024-03-08,83.76414489746094,84.91039378161445,83.76414489746094,84.8222156158722,440600,85.05145874023438,84.41220703125,85.08819783528646,41.328984159156576,0.18314494433442974,0.14301141929752675,0.040133525036902984,86.15819587962712,84.41220703125,82.6662181828729,162208.75,2.7162529764886294,0.7897968944908651,-1.7579994131859178,-0.09280926429229286,0.4661471561968833,1.226127997618276,1.1185655532297556
2024-03-11,83.94047546386719,83.94047546386719,83.49961160801274,83.76413261234484,178556,84.76930389404296,84.46511039733886,85.02059847513834,43.39588168853158,0.10252123090762666,0.13491338161954675,-0.03239215071192009,86.07472210181531,84.46511039733886,82.85549869286241,166291.55,1.0737526951910665,0.7432724893393424,0.21050840621856803,0.05789736572445747,-0.2994150887593805,-1.4189227876547639,-3.0582937734235816
2024-03-12,84.38134002685547,84.64586103340432,83.94047616730649,83.94047616730649,317874,84.61059265136718,84.54005699157715,84.96034685770671,48.29986813626486,0.07335485383545404,0.12260167606272822,-0.04924682222727418,85.96880454340693,84.54005699157715,83.11130943974736,177936.25,1.7864487983758228,0.7382209000323806,0.5252109432928531,-0.28868258741585606,0.9554392072756546,-0.6143733659527251,1.087389491114421
2024-03-13,84.38134002685547,84.55768960690423,84.0286543208552,84.0286543208552,246824,84.34607391357422,84.5973690032959,84.90744298299154,48.29986813626486,0.04966775095742548,0.10801489104166767,-0.05834714008424219,85.89131054531346,84.5973690032959,83.30342746127833,186122.35,1.3261384245363332,0.7103294848346016,0.0,0.11670135758301559,0.07009439745004897,0.5121979948387256,-1.354585161992028
2024-03-14,84.29317474365234,84.38134617657835,84.0286604448743,84.38134617657835,151426,84.15209503173828,84.6502727508545,84.85894788106283,47.348455681898756,0.023510337211050114,0.09111398027554417,-0.06760364306449405,85.78662267907609,84.6502727508545,83.5139228226329,189913.35,0.7973425775491823,0.6626436510838604,-0.10448433643630572,0.02484507667166458,0.047219568149703406,-0.6501504802412073,0.39040978632680634
2024-03-15,84.20500183105469,84.55769428361026,84.0286589683014,84.55769428361026,145150,84.24026641845703,84.67231559753418,84.81339200337727,46.364821210791966,-0.0042850237058473795,0.07203417947926585,-0.07631920318511323,85.75198015408266,84.67231559753418,83.5926510409857,188330.3,0.7707203779742293,0.6448292063138604,-0.10460267140940394,0.38016886083072077,-1.2810760745144978,0.3714220570286253,-0.2816058000177146
2024-03-18,84.1168212890625,84.20499271088937,83.67595745287983,84.20499271088937,183459,84.2755355834961,84.67231559753418,84.76783599853516,45.3501418390069,-0.033047528928378256,0.05101783779773703,-0.08406536672611528,85.75198015408266,84.67231559753418,83.5926510409857,192368.3,0.9536862362457849,0.6293912292286603,-0.10472126367161438,0.24646821955720544,1.0026653594563673,2.343616809860327,0.9682639892688583
2024-03-19,84.38134002685547,84.64586103340432,83.76413331430635,83.76413331430635,145457,84.2755355834961,84.65468063354493,84.7237496693929,48.95867377685198,-0.034104435373620845,0.03399338316346546,-0.0680978185370863,85.74159766538908,84.65468063354493,83.56776360170078,193306.85,0.75246686809081,0.6630360945445679,0.3144659222011903,0.11802450064548609,-0.1139364284441946,0.25825556605634237,0.0
2024-03-20,84.38134002685547,84.99855346645322,84.20499717385533,84.20499717385533,309175,84.2755355834961,84.64145431518554,84.6649678548177,48.95867377685199,-0.03454384144468747,0.020285938241834875,-0.05482977968652235,85.73523912020522,84.64145431518554,83.54766951016586,201290.05,1.5359676248279537,0.6804387876183434,0.0,0.2825426998389391,-0.36636586659868353,0.25825556605634237,0.0
2024-03-21,84.9103775024414,85.08672034601798,84.38133551761511,85.08672034601798,248619,84.3989761352539,84.65027122497558,84.61941184997559,55.737802066591435,0.0077079762551477415,0.017770345844497448,-0.010062369589349706,85.75002503862977,84.65027122497558,83.5505174113214,209886.2,1.184541908901109,0.6837649263896137,0.626960268013721,0.10021719335595591,2.0957905899499973,0.5152071205155373,0.0
2024-03-22,84.9985580444336,85.08672947568253,84.38134457159302,85.08672947568253,299622,84.55768737792968,84.672314453125,84.58561248779297,56.768481019068254,0.047757757275704193,0.0237678281307388,0.023989929144965394,85.78188455787529,84.672314453125,83.56274434837471,218883.3,1.368866423340657,0.6866475900829336,0.1038513130973362,0.3803263646266597,0.14525329595025394,-0.37587671721224236,0.4262108030256506
2024-03-25,84.9985580444336,85.17490090693147,84.73403702363778,84.82220845488672,151000,84.73403472900391,84.69876632690429,84.56209971110026,56.768481019068254,0.07859154289266712,0.03473257108312447,0.04385897180954265,85.81319401776817,84.69876632690429,83.58433863604041,214457.05,0.7041036888272034,0.6538764291777008,0.0,0.16309646746559547,-0.17885564059555437,-2.2123183809081626,-1.5119372440867473
2024-03-26,84.9985580444336,85.17490090693147,84.46952272989095,85.08672947568253,209878,84.85747833251953,84.7296272277832,84.52830034891764,56.768481019068254,0.10185343711800954,0.048156744290101486,0.05369669282790805,85.84122407207666,84.7296272277832,83.61803038348974,218398.4,0.9609868936768767,0.6607433288927428,0.0,-0.6294041552667218,-0.3256683411952621,-0.05261491343995228,-0.12119812761277604
2024-03-27,84.9985580444336,84.9985580444336,84.46952272989095,84.46952272989095,89400,84.98092193603516,84.75167045593261,84.48862266540527,56.768481019068254,0.11891784499121627,0.06230896443032445,0.05660888056089182,85.86639207121785,84.75167045593261,83.63694884064738,215214.0,0.41540048509855304,0.6431822603127291,0.0,0.4767770651749492,0.36583082987935445,0.894897345104817,2.844803004342622
2024-03-28,84.9985580444336,85.08672947568253,84.64586559238884,84.9985580444336,139456,84.9985580444336,84.7296272277832,84.46070137023926,56.768481019068254,0.130932206202516,0.07603361278476277,0.05489859341775323,85.80378322050811,84.7296272277832,83.65547123505829,205193.7,0.6796310023163479,0.6162064767101902,0.0,0.29512331100887135,-0.2651883338017913,-0.47403122231322037,-2.351370886949089
2024-03-29,84.9103775024414,85.08672034601798,84.9103775024414,84.9985489242297,114000,84.98092193603516,84.70758361816407,84.44012769063313,54.91616926226331,0.13181871712136228,0.08719063365208268,0.0446280834692796,85.74551074927588,84.70758361816407,83.66965648705225,204522.6,0.5573956130031595,0.5575579922923752,-0.10374357403344359,0.12101572572218444,0.7341129462103524,-0.6350160612520028,1.2851742398129584
2024-04-01,86.1447982788086,86.23297643523748,84.99855624277059,85.08672767215062,496772,85.21016998291016,84.74726104736328,84.43424949645996,69.78104753605287,0.22948338200022533,0.11564918332171123,0.1138341986785141,85.93818589451155,84.74726104736328,83.55633620021501,222867.95,2.228997036137318,0.6595634510262011,1.453792590112668,-0.26266618358599114,-0.35536387239506473,1.384697094799825,-0.9349529195449957
2024-04-02,86.05662536621094,86.58566066042181,86.05662536621094,86.58566066042181,314206,85.42178344726562,84.79134750366211,84.43277994791667,68.05498263357605,0.2963523499801397,0.15178981665339694,0.14456253332674276,86.10761217138437,84.79134750366211,83.47508283593984,227859.25,1.3789477495427551,0.6421596967841572,-0.1023543085123757,0.25364619011380984,1.207774937069206,-1.313265194992097,0.4449272359558609
2024-04-03,85.52759552001953,85.96845941445262,85.43942408654274,85.96845941445262,103450,85.52759094238282,84.78253059387207,84.42396278381348,58.67685505859663,0.3031635212086172,0.182064557564441,0.12109896364417622,86.07520778299715,84.78253059387207,83.48985340474698,221568.8,0.4668978664866173,0.6388319078353621,-0.614746213833206,0.07497134359799595,-0.6301529819396801,-1.7743007387870047,-0.10738388407491861
2024-04-08,85.88028717041016,85.88028717041016,85.35125184749349,85.52759471278267,98494,85.70393676757813,84.81339149475097,84.42984097798666,62.39714444114747,0.3331800004505965,0.21228764614167211,0.12089235430892437,86.18163449319245,84.81339149475097,83.4451484963095,219170.9,0.44939360106656495,0.6241923631795365,0.4123717593675025,0.19719823058421682,0.39384986878232553,0.6434993186945626,2.46730363467238
2024-04-09,85.88028717041016,85.96845860305474,85.61576614542726,85.70393757807186,144963,85.89791870117188,84.91919860839843,84.43424962361654,62.39714444114747,0.3529002619598316,0.24041016930530404,0.11249009265452756,86.27301328459633,84.91919860839843,83.56538393220053,204389.05,0.709250324320212,0.5879923757725961,0.0,-0.1195805343893186,1.85378379779646,0.47496631292918146,1.4342097061720072
2024-04-10,86.23297119140625,86.23297119140625,85.70392919319947,85.88027876828455,175537,85.91555328369141,85.0338233947754,84.44747543334961,65.95209616878569,0.39246329174639527,0.2708207937935223,0.12164249795287296,86.4263742473859,85.0338233947754,83.6412725421649,204238.1,0.859472351143102,0.5801323254304872,0.41066935453566433,-0.33236826467953895,-0.1570956381565347,0.12728172904741264,-1.245296851600497
2024-04-11,85.96845245361328,86.32114488601219,85.35124574220167,86.23297345967462,190845,85.89791870117188,85.11317901611328,84.4577621459961,61.273246270805245,0.397886241507436,0.29623388333630507,0.10165235817113094,86.52984972819314,85.11317901611328,83.69650830403342,197886.65,0.9644157400208655,0.6321012345478252,-0.30674895476561215,0.6782125595073074,-0.04964759893468784,0.036313377889074516,0.30211234723058755
2024-04-12,85.96845245361328,85.96845245361328,85.35124574220167,85.96845245361328,122726,85.98609008789063,85.19253463745117,84.47392705281575,61.273246270805245,0.39760067517767084,0.3165072417045782,0.08109343347309261,86.61439395462004,85.19253463745117,83.77067532028231,191681.75,0.640259179603692,0.6301152981296634,0.0,0.1289503566611172,-0.08023039345643745,2.7591105500343494,1.0476654789187245
2024-04-15,85.79210662841797,85.79210662841797,85.26306463462551,85.70392847808697,119947,85.96845397949218,85.26748123168946,84.48568331400553,58.087081901090365,0.3787784058133923,0.32896147452634106,0.049816931287051225,86.64713009042237,85.26748123168946,83.88783237295655,190107.8,0.6309420234203963,0.6401516342440781,-0.20512853280738597,0.09155415847534876,-1.3830675802599668,-1.607486745735065,-0.33695409801604015
2024-04-16,84.46952056884766,85.61576259985674,84.46952056884766,85.61576259985674,224705,85.6863006591797,85.2807071685791,84.493031056722,40.90663423843021,0.254209609897714,0.3140111016006156,-0.05980149170290161,86.6220087641003,85.2807071685791,83.9394055730579,194085.55,1.157762646420612,0.7311428909542427,-1.5416174186031917,0.4179325060941874,-2.678800819309357,1.4003497973222423,-3.771141304575487
2024-04-17,84.9985580444336,85.08672947568253,84.46952272989095,84.46952272989095,114390,85.43941802978516,85.32479400634766,84.51654383341472,47.58482930891477,0.19591841901454643,0.29039256508340183,-0.0944741460688554,86.55868235416106,85.32479400634766,84.09090565853425,190632.1,0.6000563388852139,0.7159516930716604,0.6263057633371316,0.33683409634026606,1.5645148817386545,-1.0623132388496215,-0.5810734349712576
2024-04-18,85.08673095703125,85.26307382259924,84.29317460787709,84.46952420049419,135588,85.26307373046875,85.36006355285645,84.53711764017741,48.62688212410249,0.15504973064930994,0.2633239981965835,-0.10827426754727354,86.51841737085512,85.36006355285645,84.20170973485777,190138.65,0.7131006767955911,0.7498113626250587,0.10373459812289543,-0.4920221304314132,0.4347088791672782,-0.2147402572857171,-0.434956740850756
2024-04-19,83.94047546386719,85.08672417990819,83.41144018225157,85.08672417990819,460230,84.85747833251953,85.33802032470703,84.53417854309082,38.03931187093547,0.02982396987543723,0.21662399253235423,-0.186800022656917,86.58795375201636,85.33802032470703,84.0880868973977,197691.4,2.3280223621260205,0.8732086175790086,-1.3471612791692733,0.2408928500440055,-3.8129771043774907,-3.9813536299291186,-3.3720232587938326
2024-04-22,83.41144561767578,84.20500195533481,83.41144561767578,83.76413807075191,411693,84.3813461303711,85.26307373046875,84.52536137898763,34.324726114254275,-0.11082906655099123,0.15113338071568516,-0.2619624472666764,86.7735672955993,85.26307373046875,83.75258016533819,205845.1,2.000013602461268,0.8625883135896777,-0.6302440428981537,0.2717815335421703,-0.59352553064973,2.5588308354487665,0.19780292935018817
2024-04-23,83.76414489746094,83.76414489746094,83.41145241564067,83.49962385433334,154475,84.24027099609376,85.20135307312012,84.53564834594727,38.62761211624664,-0.19162875007542368,0.08258095455746339,-0.2742097046328871,86.85175568150144,85.20135307312012,83.55095046473879,198587.75,0.7778677184267409,0.7946031090824082,0.4228427851517891,0.2430425847365969,0.9688138454874373,0.12748108662865576,0.5640228248895651
2024-04-24,84.46952056884766,84.64586342683403,83.94047854079088,84.64586342683403,90092,84.13446350097657,85.17490119934082,84.5518133799235,46.21695112710832,-0.19648025768253774,0.026768712109463168,-0.2232489697920009,86.85566829328727,85.17490119934082,83.49413410539438,195542.35,0.4607288395582849,0.8062184984544989,0.8420973821796851,-0.24398701951591217,2.716737332198216,3.655881029659258,3.1547879091349262
2024-04-25,84.38134002685547,84.46951818040417,83.85230474080642,84.20499717385533,95222,83.9933853149414,85.14404029846192,84.56356964111328,45.460120866385665,-0.20507655038056782,-0.019600340388543032,-0.1854762099920248,86.86072254147881,85.14404029846192,83.42735805544503,189809.55,0.5016712805019558,0.7810181423993976,-0.10439332601670515,0.3808770229507319,-1.3626259295338894,-0.9650771206997866,-1.9165552367072847
2024-04-26,84.29317474365234,84.64586720240553,83.85231085197314,84.46952433655349,119686,84.06392517089844,85.10877113342285,84.57679557800293,44.67244694976013,-0.21650761083675718,-0.05898179447818587,-0.15752581635857132,86.86653100940426,85.10877113342285,83.35101125744144,191323.85,0.6255675912856656,0.7826899034704622,-0.10448433643630572,-0.2951578331521709,1.3248943960749937,1.5946169447382808,1.3303937087271844
2024-04-29,85.70393371582031,85.70393371582031,83.94047823420222,83.94047823420222,262173,84.52242279052734,85.14403991699218,84.6164732615153,57.39369334671597,-0.1104570694162419,-0.06927684946579708,-0.04118021995044481,86.92069335269122,85.14403991699218,83.36738648129315,197459.7,1.3277291518218652,0.91345864722348,1.673633691527554,0.08607137638918516,1.863818412124374,1.5946169447382808,1.3303937087271844
2024-04-30,85.52759552001953,85.7039383869731,85.08673162558644,85.35125265306597,115416,84.87511291503907,85.17490081787109,84.65027287801107,55.67066329381904,-0.040177132989228426,-0.06345690617048336,0.02327977318125493,86.95590181777266,85.17490081787109,83.39389981796953,197530.5,0.5842945772931268,0.8739583957785719,-0.20575274454203152,-0.3839184473235724,-0.48264169017123715,1.2730861256229575,-3.118157521478715
2024-05-02,85.26306915283203,85.35124730783572,84.91038344101229,85.08672629692215,120437,85.03382263183593,85.13081436157226,84.67084643046061,53.09556289075858,-0.005758464134146379,-0.051917217763215964,0.046158753629069585,86.85342143873093,85.13081436157226,83.40820728441359,178713.75,0.6739100936553567,0.8397255535423951,-0.30928773991498737,-0.4225153435658102,-0.8538685839082238,-2.695163231243425,-3.0442660651001763
2024-05-03,85.79210662841797,87.11469815880233,85.70392847808697,85.88027805170057,819408,85.31597595214843,85.11758842468262,84.70464579264323,57.34507531724697,0.06347577264104132,-0.028838619682364515,0.09231439232340583,86.81413072027985,85.11758842468262,83.4210461290854,203973.85,4.017220834925653,0.9746460138661152,0.6204766974053477,-0.4002988704028487,0.5334710464831138,-2.695163231243425,-3.0442660651001763
2024-05-06,86.4093246459961,86.85018854725118,86.23298177631378,86.32115321115494,353150,85.73920593261718,85.16167488098145,84.74873212178548,61.70432500552188,0.1662325148484456,0.010175607223797505,0.15605690762464808,86.94660119219586,85.16167488098145,83.37674856976705,216458.85,1.6314879248411418,0.9857708011950612,0.7194345049147843,-0.21362587285993495,0.9492729647566867,-2.695163231243425,-3.0442660651001763
2024-05-07,86.1447982788086,86.58566215275756,85.70393440485962,86.40931929399751,180403,85.82737884521484,85.17490043640137,84.79281845092774,58.92489073952725,0.22374372785812113,0.05288923135066223,0.1708544965074589,86.98597449311177,85.17490043640137,83.36382637969098,220554.3,0.8179527671870375,0.9718983940887784,-0.30613173783179404,-0.043067197592394635,0.6344919339527744,2.0550337421292975,4.104866586059219
2024-05-08,86.32115173339844,86.32115173339844,85.96845927302236,86.32115173339844,120080,85.98609008789063,85.19694366455079,84.84278310139975,60.21164746238166,0.2803206663046893,0.09837551834146765,0.18194514796322167,87.05430752357995,85.19694366455079,83.33957980552162,219310.15,0.5475350776058473,0.8893376029270849,0.2047174735020807,0.31243083104899316,0.22746944638225575,-1.1031498935966,-1.8677444637342333
2024-05-09,86.32115173339844,86.32115173339844,85.7921164063589,86.23298030006671,100018,86.19770660400391,85.20135269165038,84.90009549458821,60.21164746238166,0.32145278997302285,0.14299097266777872,0.17846181730524413,87.06945921138986,85.20135269165038,83.33324617191091,215534.2,0.4640470050692651,0.8412972994754119,0.0,-0.09516764309563941,-0.6750569718193655,-1.3987187393183609,0.662635625117769
2024-05-10,86.4093246459961,86.58566751567842,86.05663217958218,86.4093246459961,145457,86.32115020751954,85.22339630126953,84.95887743631998,60.92151291816263,0.3570492697497514,0.18580263208417325,0.17124663766557813,87.13940586812697,85.22339630126953,83.30738673441209,213264.8,0.6820487956756108,0.7996623710248559,0.10214519944078404,0.01793319460277054,0.720159390313424,-2.1368247450193167,-3.361350782204775
2024-05-13,86.67383575439453,86.67383575439453,86.23297190361338,86.40931475310644,158688,86.37405242919922,85.2586654663086,85.0161897023519,63.05119090640306,0.4019699133245638,0.22903608833225136,0.1729338249923124,87.25663695303201,85.2586654663086,83.26069397958518,215062.9,0.7378678516843212,0.7518225683256959,0.3061140791021044,0.26346452966479195,0.7188770345091466,2.1651493493382468,-0.07247153567614406
2024-05-14,86.4093246459961,86.76201711241002,86.23298177631378,86.76201711241002,148805,86.42695770263671,85.2895263671875,85.06909344991048,59.55588214461238,0.4114826947907062,0.26552540962394233,0.14595728516676387,87.34055368172575,85.2895263671875,83.23849905264926,216505.8,0.6873026034406469,0.7221176040284355,-0.3051798805212447,-0.16192227613095467,0.6143467624945442,0.46693868268097294,0.31908036845940124
2024-05-15,86.1447982788086,86.40931929399751,85.96845542004856,86.1447982788086,161900,86.39168701171874,85.37329025268555,85.10877100626628,56.200498704706234,0.3931446487587351,0.2910492574509009,0.10209539130783424,87.4201435360342,85.37329025268555,83.3264369693369,213365.55,0.7587916606031293,0.6846178202843157,-0.30613173783179404,-0.17854125279843647,0.768905386860852,0.33965286621799873,0.3036013209141153
2024-05-16,86.58566284179688,86.76201242900915,86.23297712147016,86.4974914117152,354900,86.44458923339843,85.45264549255371,85.14991836547851,60.22278327971622,0.4094656359662707,0.31473253315397487,0.09473310281229586,87.56048138509341,85.45264549255371,83.34480960001402,225391.05,1.5745966842960268,0.6756306642731473,0.5117715425618785,-0.8739389928487662,0.7426455838037249,0.37413074381913436,4.727582222581517
2024-05-17,86.1447982788086,86.49749072337754,86.05662684942857,86.1447982788086,80003,86.39168395996094,85.50554885864258,85.17343101501464,54.80287821785511,0.3824177760646563,0.32826958173611115,0.054148194328545174,87.62777829319914,85.50554885864258,83.38331942408603,222611.8,0.3593834648477754,0.6560847080191687,-0.5091657770106783,0.28877622974334827,-0.21492914094993765,1.5264577763459908,-0.05505160881872362
2024-05-20,86.4093246459961,86.85018854725118,85.70393971316825,86.76201711241002,140335,86.33878173828126,85.62899131774903,85.20282198588053,57.28681896736518,0.3779702139679131,0.33820970818247154,0.03976050578544155,87.65284483594719,85.62899131774903,83.60513779955086,206617.05,0.6792033861677921,0.7214399248276697,0.3070717820144564,0.12515050063168776,0.06190547021835968,0.5069767023850646,2.5612794107337855
2024-05-21,86.4093246459961,86.4093246459961,85.7921178750587,86.23298177631378,104804,86.33878173828126,85.77888526916504,85.23074340820312,57.28681896736518,0.3701783039038986,0.344603427326757,0.025574876577141636,87.53795001993596,85.77888526916504,84.01982051839413,191272.6,0.547930022386897,0.7075421709756339,0.0,0.12995161060771476,-0.16397830333553243,2.0525421321903714,0.9264241493248893
2024-05-22,85.96845245361328,86.49748773868733,85.96845245361328,86.40931631234976,200254,86.30351257324219,85.88910064697265,85.25425605773925,51.78567282799702,0.32468568319181657,0.3406198784997689,-0.015934195307952315,87.37104639138845,85.88910064697265,84.40715490255685,193561.55,1.034575306924335,0.6837412528554221,-0.5102136768097565,0.09004381018689056,1.4836548818675244,0.7499521558164135,-0.6518534103701956
2024-05-23,85.96845245361328,86.32114488601219,85.79210960093815,85.96845245361328,116950,86.18007049560546,85.96404724121093,85.27923825581868,51.78567282799702,0.285343194791281,0.3295645417580713,-0.04422134696679031,87.28676568766979,85.96404724121093,84.64132879475208,194904.45,0.6000376081715938,0.6631137904845719,0.0,-0.033810014699131585,0.25798091936253265,0.9981444788710103,2.7316467352821894
2024-05-24,86.67383575439453,86.67383575439453,85.52758705154413,85.96845090232529,151121,86.28587799072265,86.07867202758788,85.31744651794433,59.07758692182678,0.30753742650797733,0.3251591187080526,-0.017621692200075256,87.20692966846116,86.07867202758788,84.95041438671461,197699.4,0.7643978686834659,0.7275317788000156,0.8205141312295439,-0.0096243747411906,-0.19479338523243905,0.385255198745571,-0.8081312360340931
2024-05-27,87.37921905517578,87.73191150210154,86.85018374831158,87.02652660825001,502063,86.4798568725586,86.23297424316407,85.36447194417318,64.80922713865897,0.37769126251347984,0.33566554746913807,0.04202571504434177,87.15906662690281,86.23297424316407,85.30688185942532,216818.25,2.3155938210920897,0.7716043079876146,0.8138364878417015,-0.09869189434805747,1.105615256831216,-0.3337280828253686,1.182656725193465
2024-05-28,87.46739196777344,87.64374155775,85.52759356737424,87.37922053630966,414450,86.69147033691407,86.32114715576172,85.39827143351236,65.46044914588119,0.43538465682743777,0.355609369340798,0.07977528748663976,87.36363787052319,86.32114715576172,85.27865644100025,224432.1,1.8466609722940701,0.9508767989727014,0.10090833215388173,-0.36968990725814166,0.25060173618918213,-0.20089881256155628,1.4415538575457187
2024-05-29,87.46739196777344,87.64374155775,86.93835665194175,86.93835665194175,183852,86.99125823974609,86.41813697814942,85.43354047139486,65.46044914588119,0.4756243856280946,0.3796123725982573,0.0960120130298373,87.50956291042117,86.41813697814942,85.32671104587767,227853.9,0.8068854647649217,0.9181445465507758,0.0,0.3236723675793307,-0.8962690097293446,-1.1910754088758413,-1.4082677946286148
2024-05-30,86.9383544921875,87.37921836560331,86.85018306291411,87.37921836560331,133555,87.18523864746093,86.50190124511718,85.45999221801758,57.99263161920152,0.459528598053339,0.39559561768927365,0.06393298036406536,87.4702819574605,86.50190124511718,85.53352053277386,228509.8,0.5844607102189928,0.878019794325249,-0.6048396593108185,0.6315619238836723,-1.3757393248701622,-0.9507621288623813,-0.9089719085309755
2024-05-31,87.29104614257812,88.613637750799,87.29104614257812,87.29104614257812,563945,87.30868072509766,86.5768482208252,85.49526138305664,61.17276005827979,0.46981609160224025,0.410439712471867,0.05937637913037325,87.54594612008063,86.5768482208252,85.60775032156977,215736.65,2.614043557272258,0.9843215895634159,0.4056801540019084,-0.0636234547158887,-0.8905424398374384,1.6969567532000518,2.8829719168688372
2024-06-03,87.29104614257812,87.90825286892834,87.29104614257812,87.29104614257812,218536,87.29104614257812,86.6209342956543,85.52171325683594,61.17276005827979,0.4725220641365411,0.4228561828048018,0.04966588133173927,87.63702679978931,86.6209342956543,85.60484179151928,209005.95,1.045597027261664,0.9353729411349896,0.0,0.3356387546574968,1.7121719263391677,3.084430430155294,3.8084415532174676
2024-06-04,87.02651977539062,87.55556176776616,86.93834835234416,86.93834835234416,102450,87.20287170410157,86.6650203704834,85.55110410054525,57.39335080201325,0.4481554427950414,0.4279160348028498,0.020239407992191594,87.67058712091931,86.6650203704834,85.6594536200475,205108.3,0.49949221947624745,0.8929516710399243,-0.3030395199473679,-0.46419102039185756,-0.8364332748305281,0.06540328502750992,1.8404943159233245
2024-06-05,86.9383544921875,87.29104693632992,86.49749061877169,87.0265259214609,123303,87.09706420898438,86.69588050842285,85.60400759379068,56.148219480778,0.4169244725107717,0.4257177223444342,-0.008793249833662531,87.69487476748225,86.69588050842285,85.69688624936344,205269.45,0.6006885096637614,0.8796989572423648,-0.10130852460913387,0.04487073545036413,0.6005712697569221,-1.3725380122795339,-0.7590398523317998
2024-06-06,86.76200866699219,87.20287252533356,86.58565908742646,87.20287252533356,122246,87.06179504394531,86.71792335510254,85.65103314717611,53.64149441020405,0.3736370143236343,0.41530158074027423,-0.04166456641663996,87.7014384048886,86.71792335510254,85.73440830531648,206380.85,0.5923320889510824,0.8447008879976624,-0.2028400770009542,-0.23756310030170757,1.944708756402913,0.3644645772339139,0.7648453332196326
2024-06-07,87.11470031738281,87.29104316831756,86.76200788846474,87.02652216486688,105308,87.02652587890626,86.75319213867188,85.69658915201823,57.70819002050795,0.36359931390248335,0.4049611273727161,-0.04136181347023277,87.74069348898509,86.75319213867188,85.76569078835867,204373.4,0.5152725354669443,0.8026121402450168,0.4065047084655715,-0.13363032114330764,-0.20234199872982694,0.6272757228835912,0.6626531145868197
2024-06-11,86.67383575439453,87.11469960517569,86.67383575439453,87.11469960517569,178306,86.90308380126953,86.75319213867188,85.73479741414388,51.613266238546814,0.3164227536885278,0.38725345263587846,-0.07083069894735067,87.74069348898509,86.75319213867188,85.76569078835867,205354.3,0.8682847157327604,0.7543791299441188,-0.506073672275853,-0.2190993617724568,-0.3031410202626317,-1.4920690187167351,-1.0526353534517474
2024-06-12,86.76200866699219,86.76200866699219,86.49748766116792,86.58565908742646,95202,86.85018157958984,86.77082633972168,85.77594464619955,52.68949135258787,0.28288884052369667,0.36638053021344213,-0.08349168968974546,87.74497843341825,86.77082633972168,85.7966742460251,202674.15,0.46972936607850585,0.6890647133948049,0.10172956098022379,-0.0562872544702997,1.1785994524791121,2.634196259549748,4.3509458144562085
2024-06-13,86.9383544921875,87.0265259214609,86.5856620480451,86.76201163364072,131989,86.85018157958984,86.81050415039063,85.82150052388509,54.85234290248716,0.26745950041841127,0.346596324254436,-0.07913682383602472,87.74095807565983,86.81050415039063,85.88005022512142,201178.6,0.6560787280555685,0.655971268064272,0.20325235423277466,-0.3552426383712781,1.193154297591259,2.694893409189736,0.16037217109452495
2024-06-14,87.37921905517578,87.64374007213233,86.9383551782808,87.29104762520656,673109,86.97362365722657,86.85018196105958,85.87587381998698,59.800205389570934,0.28749169766354044,0.3347753989362569,-0.04728370127271647,87.8075558762614,86.85018196105958,85.89280804585775,217089.05,3.1006123984604477,0.6625598429816799,0.5071001925023744,0.3043370457556316,0.863577013670791,0.9684431528194315,1.9213124521174407
2024-06-17,87.37921905517578,87.46739048514499,87.02652660825001,87.37921905517578,387255,87.02652740478516,86.91190299987792,85.92583847045898,59.800205389570934,0.29991018043207873,0.32780235523542134,-0.027892174803342606,87.83640084243906,86.91190299987792,85.98740515731679,232451.65,1.665959351116673,0.6330003808367867,0.0,0.15480119319866148,-0.03639861324233884,0.1856544496516399,-0.5498184659286642
2024-06-18,87.29104614257812,87.64373858351345,87.20287471410649,87.64373858351345,297076,87.14996948242188,86.95598907470703,85.97433357238769,58.31774703046561,0.2991882444972873,0.3220795330877946,-0.022891288590507264,87.86351319301959,86.95598907470703,86.04846495639448,240288.7,1.2363294653473091,0.6073821793128109,-0.10090833215387063,-0.14838275415750557,1.159736185000071,2.223583481169822,6.318395515447728
2024-06-19,87.11470031738281,87.46738601925232,87.02652216486688,87.46738601925232,388342,87.2205078125,86.99125785827637,86.01107228597006,55.361747912405555,0.28114559929635163,0.313892746329506,-0.032747147033154345,87.86346855702558,86.99125785827637,86.11904715952716,254465.6,1.5261080476103646,0.5851797359891616,-0.20202051984492542,0.14396198742181454,1.986645158123146,-0.21147994907750878,0.8171580809098522
2024-06-20,87.02651977539062,87.11469792548547,86.49748451006346,87.11469792548547,374078,87.23814086914062,87.04416122436524,86.04487164815266,53.890756599566366,0.25677134002792457,0.3024684650691897,-0.04569712504126511,87.77147883737605,87.04416122436524,86.31684361135443,263156.8,1.421502313449624,0.5894512121665206,-0.10122349232783989,0.10293992607994795,0.8468955214737006,1.6651606357628301,1.747366875770573
2024-06-21,87.90824890136719,87.90824890136719,86.85017835336387,87.02652120234826,1253931,87.34394683837891,87.14115104675292,86.09336649576822,64.14855364462318,0.30508589520860596,0.30299195109707294,0.0020939441115330193,87.77594309136991,87.14115104675292,86.50635900213594,320005.85,3.9184627406030237,0.6519337902780933,1.0131729135581136,-0.12290844763791497,-0.6524324296809936,-0.6551472946517478,-2.5139732704353213
2024-06-24,88.37239837646484,89.20785316568757,88.18674490429358,88.18674490429358,1027446,87.54258270263672,87.22607917785645,86.14959716796875,68.16365627755994,0.37648858579717626,0.3176912780370936,0.05879730776008263,88.029675714482,87.22607917785645,86.4224826412309,363822.1,2.824034054006065,0.7382898534837314,0.5279930847200021,0.06802312668354737,-1.8908700814464607,0.2697694437415521,2.2179765661771933
2024-06-25,88.46522521972656,88.65087867725997,87.35128322784982,88.65087867725997,297279,87.77741851806641,87.28037948608399,86.20737495422364,68.91348556779809,0.43554538687978095,0.3412620998056311,0.09428328707414985,88.25591774415366,87.28037948608399,86.30484122801431,353582.9,0.8407618128591625,0.8131305996072538,0.1050405386377351,-0.12823314551579923,0.27295654149688264,-1.3452867034632776,-0.7475111105661125
2024-06-26,87.90824890136719,88.55805015401788,87.25845473094178,88.55805015401788,409204,87.93612823486328,87.30242233276367,86.2558698018392,59.810852426991765,0.43242032088585347,0.3594937440216756,0.07292657686417786,88.31497349680888,87.30242233276367,86.28987116871846,353320.6,1.15816626599185,0.8779925760697664,-0.6295991639381215,0.4702765421042532,0.4839958550256096,0.0,2.541841529419231
2024-06-27,86.6086654663086,87.35128640568416,86.0516909089948,87.35128640568416,593778,87.85255737304688,87.25948600769043,86.28417460123698,44.90621553749873,0.3213735670012028,0.35186970861758105,-0.03049614161637826,88.3145187967201,87.25948600769043,86.20445321866076,373816.9,1.5884193571772705,1.008467964910116,-1.4783407146657268,0.3350392876177333,-0.3511118229512111,0.0,0.7242787800962658
2024-06-28,87.1656265258789,87.1656265258789,86.3301718336246,86.60865909178443,194505,87.70403289794922,87.270849609375,86.30118840535482,50.58910814945338,0.2751386897410413,0.3365235048422731,-0.06138481510123184,88.31616989837923,87.270849609375,86.22552932037078,376864.4,0.516114018729283,0.9853995285560075,0.6430777527532516,-0.1850665019445641,0.5512513704543975,0.6666620395862077,-0.09114800558005509
2024-07-01,86.6086654663086,87.07280620925296,86.42300491979543,87.07280620925296,228482,87.35128631591797,87.23673057556152,86.31038907368978,45.53130811675021,0.19134935733795544,0.3074886753414096,-0.11613931800345417,88.32301799283253,87.23673057556152,86.15044315829051,360091.25,0.634511391209867,0.9530291388930031,-0.6389686872782963,-0.055340206795018165,0.11427590660921805,-1.5653245349343425,-0.020277148345304585
2024-07-02,86.23735046386719,86.42300392601983,85.68038299518365,86.42300392601983,406640,86.9057113647461,87.18404579162598,86.32221832275391,42.481930398227924,0.09390125503438185,0.2647711912800041,-0.17086993624562224,88.35791867760186,87.18404579162598,86.0101729056501,369496.45,1.1005247817671862,0.9497295831905954,-0.4287273108784406,0.05445543450566248,-0.7771564734776915,2.8746255814344535,1.59180680610167
2024-07-03,86.3301773071289,86.60866458294537,85.86603656891853,86.23735057593196,193910,86.59009704589843,87.14922866821288,86.32971649169922,43.50066302331685,0.0238879173070643,0.21659453648541613,-0.19270661917835183,88.38257462432367,87.14922866821288,85.9158827121021,374069.45,0.5183796752180644,0.9221160406354273,0.10764111230505691,0.15711929888313492,1.2808943510362658,6.420917941232007,5.239515437721232
2024-07-04,87.1656265258789,87.35127997650201,86.3301718336246,86.42299855893616,294420,86.7014892578125,87.16059226989746,86.35113881429037,51.77867761414022,0.03540745742317597,0.1803571206729681,-0.14494966324979214,88.3899390385144,87.16059226989746,85.93124550128053,382625.3,0.7694734247839858,0.9353149876010249,0.9677371746588781,0.14950641568265421,1.5108454922353465,0.6424721133237332,2.797540988221625
2024-07-05,87.1656265258789,87.72259395997338,86.79431254240752,87.72259395997338,211050,86.7014892578125,87.1807731628418,86.3666830698649,51.77867761414022,0.04402923435262096,0.1530915434088987,-0.10906230905627773,88.39573732558769,87.1807731628418,85.96580900009592,387065.5,0.545256552185612,0.9343771782630024,0.0,-0.3522176733286364,0.14479967883183065,-0.6106121307325463,-0.9225149013390777
2024-07-08,87.1656265258789,87.1656265258789,86.3301718336246,86.88713926771908,358505,86.81288146972656,87.18331947326661,86.38663597106934,51.77867761414022,0.050282430130934586,0.13252972075330588,-0.0822472906223713,88.3979139891324,87.18331947326661,85.96872495740081,399725.35,0.8968783190758355,0.9211875134618424,0.0,-0.34946094601715494,1.365055591695996,-0.19547574493947728,-0.18620442896249978
2024-07-09,86.14452362060547,87.16563182556646,85.77320961455813,87.16563182556646,337400,86.79431610107422,87.15685386657715,86.3895704905192,42.31463049724266,-0.026846863969197443,0.10065440380880522,-0.12750126777800266,88.43935995170276,87.15685386657715,85.87434778145155,407680.05,0.8276097886075122,0.9840188064680417,-1.1714513460994613,0.24079002019752327,0.09183997563149138,0.8673788905499524,1.9589529484340007
2024-07-10,86.05168914794922,86.33017642090688,85.86603568746115,86.14452296041881,355744,86.73861846923828,87.121337890625,86.39389686584472,41.5706909798521,-0.0943754498838274,0.0616484330702787,-0.1560238829541061,88.48655716817584,87.121337890625,85.75611861307416,420707.15,0.8455858190192393,0.9147017300650669,-0.10776595975515724,0.11240498501070562,0.44769724473825434,-0.2219105442487601,0.6861716476233015
2024-07-11,86.42300415039062,87.07280543406311,85.03058193395395,86.05169014289572,486651,86.59009399414063,87.09557037353515,86.42645492553712,45.68401252654002,-0.11658638794258991,0.026001468867704984,-0.1425878568102949,88.49437213518986,87.09557037353515,85.69676861188044,438440.25,1.1099596809371401,1.065037966070946,0.43150228207955443,0.2442485876554823,1.5951511700039722,2.780089942234376,-0.18172063302280828
2024-07-12,86.42300415039062,86.42300415039062,85.40189594144886,86.42300415039062,140587,86.44156951904297,87.04775962829589,86.45019569396973,45.68401252654002,-0.13265950023429696,-0.005730724952695405,-0.12692877528160154,88.47089491073994,87.04775962829589,85.62462434585184,411814.15,0.34138457845608267,1.059180665120389,0.0,-0.6140502852808205,-1.9397254657484875,-3.2458725834690227,-3.3227064776440995
2024-07-15,86.3301773071289,86.60866458294537,85.68038310652463,86.60866458294537,153938,86.27447967529297,86.99530754089355,86.47091979980469,44.77021177538216,-0.15114559564914032,-0.03481369909198439,-0.11633189655715592,88.44410204952752,86.99530754089355,85.54651303225958,400148.3,0.3847023715957309,1.0417274399604353,-0.1074098779303978,0.49773822276901747,-0.1570866870910903,-3.2458725834690227,-3.3227064776440995
2024-07-16,87.53694152832031,88.37238914807445,86.60866009994884,86.60866009994884,650071,86.55296325683594,87.00760231018066,86.5308609008789,56.85309208992833,-0.06764045508823813,-0.041379050291235134,-0.026261404797002993,88.47106317495513,87.00760231018066,85.54414144540618,417798.05,1.5559455100376844,1.1751253600917826,1.3978474953181275,0.07988501995308539,0.49369257838391967,5.535361934899363,5.414303444505575
2024-07-17,87.53694152832031,87.9082484338887,86.79431355273303,87.7225949811045,334461,86.85001373291016,87.02871437072754,86.59961916605631,56.85309208992833,-0.0014453682660189315,-0.03339231388619189,0.03194694562017296,88.51074531938188,87.02871437072754,85.5466834220732,415104.0,0.805728203052729,1.1669666295669678,0.0,-0.03284897586730562,-0.9477322922418208,0.39735406497483083,-1.2952300868459221
2024-07-18,87.07280731201172,87.44411424528917,86.1445258143665,86.70149329650847,284134,86.97997436523437,87.0310287475586,86.65476353963216,51.79830177668763,0.013408398949181333,-0.024032171319117245,0.03744057026829858,88.51318982802073,87.0310287475586,85.54886766709646,410606.8,0.6919856173838329,1.1970265074852133,-0.5302152533606996,-0.2226498352794204,-1.5622735237073582,-2.3219037366567608,-3.303172950610056
2024-07-19,85.40189361572266,87.0728030628335,85.12340634712905,87.0728030628335,498488,86.77575225830078,86.90571098327636,86.67030309041341,38.520274778454606,-0.10839909708418816,-0.04090555647213143,-0.06749354061205673,88.49549959641529,86.90571098327636,85.31592237013744,372834.65,1.3370216528962637,1.2973431018048742,-1.918984523264089,0.45613217759497005,-2.2617330175741857,-1.4856834570801336,0.8891154090835407
2024-07-22,84.10230255126953,85.77321208550518,83.45250833363667,85.77321208550518,781807,86.3301773071289,86.6922061920166,86.66565246582032,31.711458395902895,-0.3062680851910926,-0.09397806221592367,-0.21229002297516894,88.57294083141491,86.6922061920166,84.81147155261829,360552.7,2.16835708067087,1.4337911884800252,-1.5217356541305849,0.4350571135180781,-2.677259944243182,-1.8097080565897428,-3.5714361046647047
2024-07-23,83.73098754882812,84.3807888410372,83.35968061868091,84.10230156120107,533843,85.56898651123046,86.45549430847169,86.65628267923991,30.075702516766285,-0.48742398107995655,-0.17266724598873026,-0.31475673509122626,88.5733925857925,86.45549430847169,84.33759603115087,372380.9,1.433593935671781,1.3787667929968603,-0.44150396740333386,0.08389052827177945,2.7625011418902057,0.418880657246512,-1.1063042364600761
2024-07-26,82.89553833007812,82.89553833007812,81.68876958289512,82.80270451704436,395500,84.64070587158203,86.20485877990723,86.60947608947754,26.734268949141708,-0.6904460710233309,-0.2762230109956504,-0.4142230600276805,88.7435082171378,86.20485877990723,83.66620934267665,371695.7,1.0640424411689455,1.4672269493883465,-0.9977778158448247,-0.2194732292683632,-3.2906356086419675,-0.46782896405239693,0.45068716237686157
2024-07-29,81.50312042236328,83.26684964747088,81.03897966160318,83.17402291176404,932279,83.52676849365234,85.94958152770997,86.5424015045166,22.289479408426487,-0.9527167031211974,-0.4115217494207598,-0.5411949537004376,89.23439422981251,85.94958152770997,82.66476882560742,388620.75,2.3989429282919144,1.568646020918927,-1.6797259970379064,0.47483004597199674,0.20470575104574174,4.1715554700944235,4.079715934415118
2024-07-30,81.595947265625,81.68877400145419,80.11069824568013,80.76049247871039,882060,82.76557922363281,85.67109756469726,86.48128280639648,23.2061180811599,-1.1399372313351535,-0.5572048458036386,-0.5827323855315149,89.4317462577546,85.67109756469726,81.91044887163993,422998.5,2.085255621473835,1.569903318899612,0.11389360650324587,0.15641212361443557,0.2665528397010952,-0.902418374452707,1.7042597216616606
2024-07-31,82.61705780029297,82.61705780029297,81.13180873942957,81.31746221620268,378410,82.4685302734375,85.47151718139648,86.42836532592773,32.62122634501105,-1.1921731326536502,-0.684198503173641,-0.5079746294800093,89.44056193029968,85.47151718139648,81.50247243249328,430494.9,0.8790115748177272,1.5586160844947834,1.2514231023556643,-0.2672783628201558,-0.1089865524954714,-4.6385873737329835,3.8442719406724057
2024-08-01,83.54533386230469,83.54533386230469,82.61705237494574,82.61705237494574,278433,82.43139953613282,85.33691635131837,86.38063214619955,39.84196188124458,-1.145462165689679,-0.7764512356768486,-0.3690109300128305,89.37853108678799,85.33691635131837,81.29530161584874,424084.55,0.6565506807545807,1.4745714715433382,1.1235888649721693,-0.5775112476597344,1.9944277998713122,-4.774695231653714,-3.3222671434163464
2024-08-02,82.61705780029297,83.54533934861087,82.43140432351986,82.80271127706608,204450,82.37570343017578,85.15126037597656,86.32183647155762,35.719570271392456,-1.1698620664260773,-0.8551334018266944,-0.31472866459938287,89.33924535357946,85.15126037597656,80.96327539837367,424611.55,0.481498913536384,1.4264866120163613,-1.111104617214953,0.4427055244088818,-4.434260881041652,-6.3459738514719755,-8.384893930934567
2024-08-05,77.23301696777344,81.50311747830224,77.14019023541971,81.50311747830224,904010,81.52168273925781,84.65462989807129,86.1703675587972,21.69706921442038,-1.6051431711193942,-1.0051353556852343,-0.6000078154341599,90.02549393468435,84.65462989807129,79.28376586145824,455091.05,1.9864376590135095,1.9665374057306144,-6.516863437008569,-0.3900105801548759,-8.351980222953914,-13.602150569682458,-16.07543971754105
2024-08-06,78.53260803222656,80.1106907220197,74.26251484507955,77.97564058733353,432335,80.90901489257813,84.22297897338868,86.04055849711101,28.94777061455592,-1.82421206371626,-1.1689506972914394,-0.6552613664248206,90.10724800404472,84.22297897338868,78.33870994273263,466155.3,0.927448427594838,2.4840892018918854,1.6826884608112547,0.2764724507885674,3.379268306975858,7.707215712032278,14.851234155458393
2024-08-07,80.38917541503906,80.66766269422779,78.5326124397161,78.5326124397161,264738,80.46343841552735,83.88415641784668,85.94022267659506,37.80764720646336,-1.8269562531479409,-1.3005518084627399,-0.526404444685201,89.83500448199706,83.88415641784668,77.9333083536963,461466.95,0.5736878881575376,2.437551263239797,2.3640719814763234,0.3029438503285631,3.8742452023632135,3.52390512129519,2.1013972820673743
2024-08-08,80.66766357421875,80.76049030755239,79.18241459420318,79.83220880976444,155900,79.88790435791016,83.61031341552734,85.84011980692546,39.03567011760764,-1.7860706651823932,-1.3976555798066705,-0.38841508537572267,89.62689719469495,83.61031341552734,77.59372963635974,452391.95,0.3446126749160766,2.322954523254385,0.346424948062829,-0.3905008009258193,-1.9965912706408795,-2.744013067621265,-2.1561541208034773
2024-08-09,81.7815933227539,82.06008058721906,81.03897242122237,81.3174526034622,371410,79.72081146240234,83.39680862426758,85.76299095153809,43.814580249071696,-1.6448232227030815,-1.4470891083859527,-0.19773411431712873,89.35135218022134,83.39680862426758,77.44226506831382,453175.25,0.8195725605050144,2.1988828552205084,1.3808875814412147,-0.7344664716750882,2.86965755714923,-1.3214364365806364,-1.4913825512867018
2024-08-12,82.61705780029297,83.26685205122503,82.15291702613402,83.26685205122503,206854,80.79761962890625,83.20651130676269,85.70419527689616,47.16014577396424,-1.4487681089033089,-1.447424908489424,-0.0013432004138849152,88.99478780986948,83.20651130676269,77.4182348036559,439185.4,0.47099470975128044,2.103732971653924,1.0215800935081676,0.07652887976525857,1.417205112604214,-1.3214364365806364,-1.4913825512867018
2024-08-13,82.70987701416016,82.70987701416016,82.06008282234303,82.70987701416016,112263,81.63307342529296,83.02085494995117,85.63959884643555,47.533928337794585,-1.2712491154023553,-1.4121897498720102,0.14094063446965488,88.60949270721271,83.02085494995117,77.43221719268963,437769.2,0.2564433496006571,1.9098744676756838,0.11234872838434828,-0.604294595055821,0.10706043617687566,4.6507558097605095,8.541414968918515
2024-08-14,82.61705780029297,83.35968587183775,82.33857050290713,83.35968587183775,185900,82.07864990234376,82.83519897460937,85.58080317179362,47.174551657589305,-1.1250844952140682,-1.3547686989404217,0.22968420372635356,88.20329609438198,82.83519897460937,77.46710185483676,439367.3,0.42310841066233196,1.7913732545096757,-0.11222264766672652,0.20472686912957894,1.0583302060494848,1.9540017945839372,0.30186534691141187
2024-08-15,82.61705780029297,82.61705780029297,82.15291702613402,82.61705780029297,121164,82.4685287475586,82.58920478820801,85.51759872436523,47.174551657589305,-0.9977465791666731,-1.283364274985672,0.2856176958189989,87.47977910601392,82.58920478820801,77.6986304704021,412921.95,0.29343075610293906,1.6144089237962456,0.0,-0.9596021142668665,-0.5996212787569899,-1.814791084720635,-0.4358611004832369
2024-08-16,82.52422332763672,83.17401751766928,82.52422332763672,82.89553732860912,225130,82.61705474853515,82.33856887817383,85.45284703572591,46.76443947139052,-0.8940156731970887,-1.2054945546279554,0.31147888143086666,86.63977832994938,82.33856887817383,78.03735942639828,407455.4,0.5525267305329614,1.4857936259610882,-0.1123671976804741,1.398656718686797,2.0742481463743134,6.546906724631696,6.524910082693891
2024-08-19,82.61705780029297,82.8955450976788,82.24574376452058,82.52423106190642,230806,82.61705474853515,82.11578140258788,85.39699045817058,47.25822044924942,-0.7951512086136177,-1.123425885425088,0.3282746768114704,85.80213662432575,82.11578140258788,78.42942618085002,404789.0,0.5701884191517061,1.3743279869207061,0.11249360359040228,-0.9462871123850913,0.2698102405719105,-4.588203276642044,-3.7964752141049773
2024-08-20,83.266845703125,83.63815971058915,82.61705150173196,82.61705150173196,252051,82.72844848632812,82.009029006958,85.35196367899577,50.704769444951104,-0.6567968101116008,-1.0301000703623906,0.37330326025078975,85.40708617528118,82.009029006958,78.61097183863482,392467.15,0.6422219031580095,1.3272320165122367,0.7865057412268728,-0.7001673407422859,0.08687670993854368,0.5097745565224354,1.3425522960756053
2024-08-21,83.35968017578125,83.35968017578125,82.80270561906825,82.98836616538114,131001,82.87697296142578,81.97189788818359,85.29672775268554,51.195465077457925,-0.5335090264566844,-0.9307818615812494,0.397272835124565,85.28890841654747,81.97189788818359,78.65488735981971,359926.85,0.3639656224591191,1.2245310218723386,0.11149031991344316,-0.0485705808362491,-0.8525040581436327,-0.9974608710138333,-0.9333701081062906
2024-08-22,84.10230255126953,84.19512928489911,83.45250833363667,83.54533506726625,185830,83.1740219116211,81.99046363830567,85.24211247762044,55.05006899916066,-0.37159562724130524,-0.8189446147132606,0.4473489874719554,85.35277763998039,81.99046363830567,78.62814963663095,342526.2,0.5425278416658346,1.172653433505075,0.8908651927674205,-0.6270599155635659,-0.40049008413989284,-0.37568478773861713,0.010135611798389732
2024-08-23,84.10230255126953,84.10230255126953,83.3596816000071,83.91664908401037,90394,83.48963775634766,82.05080184936523,85.18602765401205,55.05006899916065,-0.24050569193306615,-0.7032568301572217,0.4627511382241556,85.5230187286626,82.05080184936523,78.57858497006785,327270.9,0.2762054310358788,1.1153157692060567,0.0,1.0727248962346891,0.041630655400193284,0.017134632319937282,1.1750359844933111
2024-08-26,84.19512939453125,84.38078994425797,83.63816190980273,84.19512939453125,92106,83.80525207519531,82.18540229797364,85.13148994445801,55.55890664351274,-0.1276541062098886,-0.5881362853677551,0.4604821791578665,85.7749549113616,82.18540229797364,78.59584968458567,285262.25,0.32288183943020854,1.0656240712392806,0.11037372395974465,-0.8756060974664415,0.3703771608125628,-2.6563812517827357,-3.554260612093496
2024-08-27,84.10230255126953,84.2879631007545,83.63816180089583,83.73098853452541,51735,83.97234344482422,82.31072006225585,85.08422241210937,54.88975251772073,-0.04518786436550215,-0.4795466011673045,0.43435873680180237,85.98756585967122,82.31072006225585,78.63387426484049,243746.0,0.21224963691711865,1.0101810350551987,-0.11025203468331135,0.17163104694757347,-0.24783653485163093,0.8098588488708147,-0.4256173769807914
2024-08-28,84.28795623779297,84.38078296386433,83.8238155252109,84.102295703425,91247,84.15799865722656,82.39426498413086,85.03417091369629,56.0303698357528,0.03474738118242726,-0.3766878046973582,0.41143518587978545,86.17488596737651,82.39426498413086,78.6136440008852,229387.85,0.397784799848815,0.949752555534963,0.2207474479194671,-0.35839014234928523,0.8368724645030357,0.4191475608481321,-1.094661026073096
2024-08-29,84.38079071044922,84.38079071044922,83.73098940384413,84.19513015903668,112395,84.2136962890625,82.43603782653808,84.98566665649415,56.62102555361472,0.10438432772183148,-0.28047337821352025,0.38485770593535173,86.28799909955258,82.43603782653808,78.58407655352359,221085.95,0.5083769457082189,0.9097590556776458,0.11013966502444461,0.9086610177773791,-0.7546069078691819,1.2869551824224335,0.23189583349145781
2024-08-30,84.65926361083984,84.65926361083984,84.28795670449844,84.38078343108378,143050,84.32508850097656,82.53814811706543,84.94621238708496,58.42516650771034,0.17996798640669454,-0.1883851052894773,0.3683530916961718,86.51651226806415,82.53814811706543,78.55978396606672,218015.95,0.6561446536365803,0.8379654357661467,0.33001930658151934,-0.39083263225860865,0.29835457649001196,4.155221415843835,3.5545216828207327
2024-09-02,84.65926361083984,84.75209741965047,84.19512289568782,84.65926361083984,83095,84.41791534423828,82.90946044921876,84.9082275390625,58.42516650771033,0.2371350353887749,-0.10328107715382687,0.34041611254260173,86.11397432899027,82.90946044921876,79.70494656944724,176970.2,0.4695423297255696,0.800499980859014,0.0,0.4331737370221411,-0.14815026617228666,2.3079412528011156,2.7216430358097288
2024-09-03,84.38079071044922,84.47361744504255,84.00947668985002,84.19513015903668,59183,84.47361297607422,83.20186958312988,84.86854057312011,55.736716695439306,0.25700727788898803,-0.031223406145263886,0.2882306840342519,85.71814219627556,83.20186958312988,80.68559696998419,158312.6,0.37383632130354755,0.7804049062097889,-0.3289337616621646,-0.203152061097156,-0.642626632600074,-0.6445315815800212,-2.3727059203188294
2024-09-04,82.15290832519531,82.80270250730669,80.38917215374605,82.61704905019641,289200,84.04660339355469,83.2900562286377,84.785844039917,39.912951652671325,0.09192502942431702,-0.006593719031347707,0.09851874845566472,85.49573148750183,83.2900562286377,81.08438096977356,159535.7,1.8127604040976406,1.2085667262755735,-2.640271993775023,0.15659122730726782,-4.5240421627673495,-4.508598118297213,-6.450634498285835
2024-09-05,81.50312042236328,82.80270888671078,81.13180639731,82.0600879188302,171600,83.4710693359375,83.33182907104492,84.69966545104981,36.645196252422245,-0.09029542563204984,-0.023334060351488134,-0.06696136528056171,85.35225439549494,83.33182907104492,81.3114037465949,160320.7,1.0703546079826247,1.270211494692267,-0.7909493602586748,-0.08130132213054475,0.4502065283094936,-1.6983710861986911,-0.38969273784651426
2024-09-06,82.0600814819336,82.24573493878435,81.03897330480359,81.03897330480359,103020,82.95123291015625,83.3457534790039,84.6212999979655,41.096761675310866,-0.18760178964915042,-0.05618760621102059,-0.13141418343812983,85.3246046134206,83.3457534790039,81.3669023445872,146901.2,0.7012876681742558,1.2617515132640662,0.6833616390195196,0.16272898106874933,1.1680285631374687,-2.1769310000387843,-0.652040245218477
2024-09-09,81.96725463867188,81.96725463867188,80.01785793334295,80.01785793334295,152580,82.41283111572265,83.31326332092286,84.53844833374023,40.584925012288764,-0.2691060476475542,-0.0987712944983273,-0.1703347531492269,85.36257363166018,83.31326332092286,81.26395301018553,144187.5,1.0582054616384915,1.3658144513076094,-0.11312058382754175,0.05905528468521659,-1.3564144167506398,-1.5718656737952141,-0.08750929518538397
2024-09-10,81.595947265625,81.68877400145419,80.94614595036876,81.68877400145419,121935,81.85586242675781,83.2575668334961,84.44206047058105,38.51841789784085,-0.3595158858363874,-0.15092021276593934,-0.20859567307044805,85.4326168866605,83.2575668334961,81.0825167803317,144671.1,0.8428428345398632,1.3198536829070102,-0.45299476563375185,0.2563547314850423,-0.3800496824621358,-3.086313145727493,-2.1458278949397447
2024-09-11,81.2246322631836,81.68877301897322,80.85331824210672,81.59594628426046,104228,81.67020721435547,83.18794555664063,84.33948402404785,36.516025160352115,-0.4558733275085842,-0.21191083571446834,-0.2439624917941159,85.53190225137023,83.18794555664063,80.84398886191103,140587.5,0.74137458877923,1.2552671621016087,-0.4550654963691225,0.1557220455938646,-0.15704496945657676,-2.018151536977586,-2.573275842574674
2024-09-12,81.87442779541016,81.96726161383076,81.50312085063177,81.96726161383076,74064,81.74446868896484,83.15081405639648,84.24920705159505,42.18067115922844,-0.4743363709486914,-0.26439594276131295,-0.20994042818737846,85.55558881550253,83.15081405639648,80.74603929729044,138232.5,0.5357929575172264,1.1869154539076827,0.7999981214086516,-0.1585997292772645,2.9587275926014067,5.328803049410569,4.7886923478088095
2024-09-13,82.24574279785156,82.33856953514709,81.78160202914785,81.78160202914785,84000,81.78160095214844,83.13689002990722,84.16805775960286,45.190323700529056,-0.45377560568907427,-0.3022718753468652,-0.15150373034220904,85.56009509632398,83.13689002990722,80.71368496349046,131176.0,0.6403610416539611,1.102922394186557,0.4535176763241111,-0.5730778859112329,0.4913830054379842,-2.1707847780075062,-1.709589605464834
2024-09-16,82.98836517333984,83.35967917930127,82.15291043048303,82.245737161417,91351,81.98582305908204,83.15545539855957,84.10075518290202,50.715703011000755,-0.3732549806668004,-0.3164684964108523,-0.05678648425594812,85.56755533097797,83.15545539855957,80.74335546614117,124203.25,0.7354960518343924,1.1167685748041138,0.9029310821759395,0.04698615258813543,0.41558428502583844,-2.1707847780075062,-1.709589605464834
2024-09-18,83.17401885986328,83.17401885986328,82.43139792816018,82.80270485289893,78015,82.30143737792969,83.15081405639648,84.02185134887695,52.017980732599895,-0.29110542218687385,-0.31139588156605663,0.02029045937918278,85.56236869189067,83.15081405639648,80.7392594209023,115501.45,0.6754460658286108,1.0668822223906456,0.2237104998220607,0.24009018886061995,-0.7837052942722855,0.3795128173826212,1.1862795559103967
2024-09-19,83.35968017578125,83.45250690782485,82.61705215498104,82.80270561906825,335260,82.72844696044922,83.15081405639648,83.93830604553223,53.345649452988006,-0.2086152024819512,-0.29083974574923555,0.08222454326728434,85.56236869189067,83.15081405639648,80.7392594209023,125714.4,2.6668384846922866,1.0360252264510683,0.22322032584571883,-0.5025171841719578,1.6783629197754113,0.7750526081125475,3.284974377412464
2024-09-20,83.73098754882812,84.56644230611082,83.17402007138158,83.35968061868091,156319,83.09975891113281,83.13224830627442,83.85940208435059,55.96962862456347,-0.11198877036201793,-0.25506955067179204,0.1430807803097741,85.51854502068653,83.13224830627442,80.74595159186231,124238.85,1.2582135137277912,1.0835448275548243,0.44542802019380545,-0.03461304571514834,0.5295654552418982,3.132611470039892,1.1463286498471836
2024-09-23,84.00947570800781,84.38078972426737,83.5453349582398,83.7309884252567,162853,83.45250549316407,83.12760696411132,83.79442253112794,57.88293356857559,-0.012792495799459402,-0.2066141396973255,0.1938216438978661,85.50630846210927,83.12760696411132,80.74890546611337,127861.8,1.2736642218395173,1.0504661526845234,0.33259867981048075,0.6956707184216482,0.5691005244930158,3.132611470039892,1.1463286498471836
2024-09-24,84.00947570800781,84.00947570800781,83.45250822473137,84.00947570800781,80951,83.65672760009765,83.11832427978516,83.75110270182292,57.88293356857559,0.0650711665592496,-0.1522770784460105,0.2173482450052601,85.48087926856051,83.11832427978516,80.7557692910098,127304.05,0.6358870750773443,0.9846663300967786,0.0,-0.17505941198043828,0.6562554474329074,2.000727641681843,4.2111090314436606
2024-09-25,84.28795623779297,84.8449236764464,84.00946897735363,84.00946897735363,237304,83.8795150756836,83.12760696411132,83.70314153035481,59.90360030575985,0.14754887971135133,-0.09231188681453813,0.23986076652588945,85.50783323243844,83.12760696411132,80.7473806957842,136582.5,1.737440740944118,0.9647714459629101,0.3314870464768527,-0.7296520762731573,1.4703261303304016,-0.10698721444701853,0.7889964096855051
2024-09-26,84.65926361083984,85.03057759940653,84.38078343108378,84.65926361083984,134192,84.13943176269531,83.14617233276367,83.67065149943033,62.48783597949311,0.2401066633104847,-0.025828176789533565,0.2659348401000183,85.56990083754971,83.14617233276367,80.72244382797763,138729.75,0.967290721708934,0.9351514347163299,0.44052245376473564,0.5141959081656822,0.4270830660774827,4.016426515927041,1.4810097047522008
2024-09-27,84.93775177001953,84.93775177001953,84.47361104996479,84.65926450509654,182528,84.38078460693359,83.17402038574218,83.64899152119955,64.34400347142949,0.33210276671090355,0.045758011910553856,0.2863447548003497,85.66922203010805,83.17402038574218,80.67881874137632,142236.4,1.2832720738151415,0.8723500060947851,0.32895178542993175,-1.264795450138878,-0.1575824966969841,3.1699328107747338,3.4600374718658067
2024-09-30,84.75210571289062,84.93775918422806,84.28796495232106,84.93775918422806,65512,84.52931060791016,83.17866249084473,83.62269032796225,62.13672522365926,0.3855854669065195,0.11372350290974699,0.27186196399677254,85.68581534441289,83.17866249084473,80.67150963727657,138359.5,0.4734911589012681,0.8426759028697464,-0.21856718980691747,0.36554889324060813,-2.6212834827579523,-5.75890755647972,-7.485402937969776
2024-10-01,84.93775177001953,84.93775177001953,84.10229705747591,84.75209831488777,123832,84.7149658203125,83.19258689880371,83.58555908203125,63.4856785464193,0.4379031030483418,0.17855942293746596,0.25934368011087583,85.73717707078252,83.19258689880371,80.6479967268249,140396.35,0.8820172319294625,0.8417130774929299,0.21904595238944058,0.015832654460190554,0.7462542284165874,3.0643196006294726,6.829399729879615
2024-10-04,84.65926361083984,84.65926361083984,84.00946944251712,84.65926361083984,85150,84.78922729492187,83.20651054382324,83.5437863667806,60.03060604613211,0.4516867756118188,0.23318489347233654,0.21850188213948227,85.78134404289113,83.20651054382324,80.63167704475535,141694.7,0.6009399081264154,0.8532556441608614,-0.3278732405511908,0.6475584055064321,-0.3915951667323836,-1.0086757878815633,-0.9135999258388705
2024-10-07,86.14452362060547,87.44411201843276,84.84492814055258,84.84492814055258,453305,85.086279296875,83.40609130859374,83.52676798502604,69.54899531730044,0.5758208016116413,0.3017120751001975,0.2741087265114438,86.24256760381967,83.40609130859374,80.56961501336782,149899.95,3.0240503749334136,1.1108013459518022,1.754397506447769,1.005679869258036,1.792829627283954,1.9306458466707976,3.3983079420245366
2024-10-08,85.21623992919922,85.68038065412465,85.0305793898938,85.1234061184338,148450,85.14197692871093,83.59174728393555,83.51129659016927,59.94119035957642,0.5924636237886745,0.3598623848378929,0.23260123895078155,86.38958729421358,83.59174728393555,80.79390727365751,148742.45,0.9980338497853167,1.1112203972531176,-1.0775887455069855,-0.6747083567230305,-0.4015843133057917,-2.051909629379778,-2.1401193803742835
2024-10-09,85.21623992919922,85.77320738266465,84.75209920427379,85.68038065412465,125838,85.23480377197265,83.74955520629882,83.49737243652343,59.94119035957642,0.5987511497246629,0.4076401378152469,0.19111101190941604,86.53966842237809,83.74955520629882,80.95944199021956,149883.35,0.8395729078646827,1.0992054347381501,0.0,0.1500498127376071,0.2109089790889307,2.757378816173328,-0.2863846025262018
2024-10-11,84.38079071044922,85.21624548624096,84.38079071044922,84.75210473104843,68056,85.1234115600586,83.8702320098877,83.46333554585775,52.38734013720305,0.5302083773841986,0.4321537857290373,0.09805459165516128,86.5420372731552,83.8702320098877,81.1984267466202,145657.15,0.4672341865812973,1.064038680211963,-0.980387329274468,-0.09929871833751491,1.070478351454196,-1.0234201509584762,-0.6319175935029064
2024-10-14,84.47361755371094,84.65927102313643,84.19513026734681,84.65927102313643,72349,85.0862823486328,84.014115524292,83.43084576924642,53.09464018247099,0.4778695047578765,0.44129692953480515,0.036572575223071335,86.47157397540838,84.014115524292,81.55665707317561,143177.85,0.5053086074417237,0.9840522902889832,0.11000944940211532,-0.20343946585824613,0.3215858580000841,-1.0234201509584762,-0.6319175935029064
2024-10-15,84.19512939453125,84.93775742898649,84.1023026607808,84.47361667800841,95475,84.69640350341797,84.16264038085937,83.39526163736979,50.663049848531344,0.40920187954905884,0.43487791953765587,-0.02567603998859702,86.23989014066571,84.16264038085937,82.08539062105304,142740.2,0.6688725390604748,0.9642392873445446,-0.32967471649075764,0.06846983628858716,1.3786551243744505,0.508238887300605,0.13248642854775117
2024-10-16,85.30906677246094,85.30906677246094,83.35967714159771,83.73098405625706,593700,84.71496887207032,84.33437232971191,83.3581303914388,58.79239911186129,0.4396002901798539,0.43582239366609554,0.003777896513758372,86.16881649173123,84.33437232971191,82.49992816769259,168722.0,3.518806083379761,1.0955926664803683,1.3230425393253809,0.05909743352694452,-1.2066723441250926,-2.1447183716248652,-1.9317319411993328
2024-10-17,84.65926361083984,85.12340432599187,84.47361015766914,84.75209741965047,108264,84.60357360839843,84.45504837036133,83.31016909281412,53.277552062423126,0.40657086920366226,0.42997208877360893,-0.023401219569946674,86.00672369311476,84.45504837036133,82.90337304760789,169935.2,0.6370899025040132,1.0609078595885586,-0.7617046888512724,-0.11191169434519033,0.1862561878152258,0.017809110950661733,-1.5110597260465264
2024-10-18,84.47361755371094,85.03058504421331,84.28796408428545,84.65927102313643,86050,84.62213897705078,84.52931098937988,83.26684926350912,51.783076788942424,0.361250459389197,0.4162277628967266,-0.05497730350752961,85.91915717109055,84.52931098937988,83.13946480766921,169670.15,0.5071605111447123,1.018469606300466,-0.21928617048014853,-0.20848772856875142,1.8800759024857339,-0.8195224252875999,-0.191779522949298
2024-10-21,84.75210571289062,85.03058591989678,84.10230439875767,84.65927189499594,172156,84.67783660888672,84.60821533203125,83.25601946512857,53.87334548647522,0.3438417810999965,0.4017505665373806,-0.05790878543738409,85.84482757765142,84.60821533203125,83.37160308641108,174377.2,0.9872620961914745,1.0064445282789523,0.32967471649076874,-0.08108075314693375,0.23527539270360442,1.6346351120187341,-1.26269684673459
2024-10-22,84.65926361083984,84.75209741965047,84.10229616910247,84.19512289568782,81461,84.77066345214844,84.67319450378417,83.26530214945475,53.047702837220044,0.3188778708112494,0.3851760273921544,-0.06629815658090499,85.76122186448188,84.67319450378417,83.58516714308647,161687.25,0.503818328285007,0.9588931970135123,-0.1095454812241492,0.028084610514422792,-0.030156527726787896,-0.5302237709548852,0.16680553763983585
2024-10-23,84.28795623779297,84.65926314207843,84.00946897735363,84.4736096899357,115440,84.56644134521484,84.70104293823242,83.2745849609375,49.762986283263494,0.26606535440681967,0.3613538927950875,-0.09528853838826784,85.71340969862162,84.70104293823242,83.68867617784322,159643.3,0.7231120880112101,0.917680055209872,-0.43859036472806423,-0.11543711676430535,-0.852629098085167,-0.7285009475968884,0.27755554817689987
2024-10-24,83.82382202148438,84.47361623656766,83.73098820599324,84.10230222128045,80056,84.39935302734375,84.69176025390625,83.29005635579428,45.9341914950647,0.1846309912002937,0.32600931247612874,-0.14137832127583505,85.73379658134787,84.69176025390625,83.64972392646463,155503.45,0.5148181599829457,0.8943397852584788,-0.5506530672059196,-0.03123109124840706,-0.6095637401184573,-0.39377025633786644,1.4669179014950018
2024-10-25,84.38079071044922,84.47361744504255,83.82382322066334,83.82382322066334,62549,84.3807876586914,84.71032600402832,83.33801752726237,50.823886148578715,0.16315563349209583,0.29343857667932216,-0.13028294318722633,85.71369241403303,84.71032600402832,83.7069595940236,154583.35,0.4046296059698538,0.861733870365105,0.6644515550985997,-0.06311938616798685,0.6723275032274767,-0.9703487581335435,0.1909425109795304
2024-10-28,83.54533386230469,84.47361534966363,83.45250713001394,84.47361534966363,58153,84.13943328857422,84.6731948852539,83.3705073038737,44.34524374077056,0.07782475699131908,0.25031581274172154,-0.17249105575040247,85.79083062260463,84.6731948852539,83.55555914790318,145625.8,0.39933171182578914,0.8829837836030496,-0.9901031278687356,0.25012638112038577,-0.6440637870254728,0.7802656493707261,1.1979344309869466
2024-10-29,83.08119201660156,83.82382002952846,82.61705127907865,83.54533275412447,89050,83.82381896972656,84.59429130554199,83.37824287414551,41.20288911857728,-0.02694237048837067,0.1948641760957031,-0.22180654658407378,85.91959439717046,84.59429130554199,83.26898821391352,143368.7,0.6211258105848766,0.9261551125159513,-0.5555568746282158,-0.15593671303683054,-1.170271773009135,0.25206743782251184,0.6187791875622572
2024-10-30,82.98836517333984,83.35967917930127,82.80270462924634,83.08119190427381,75100,83.56390075683593,84.496821975708,83.36896006266277,40.583497730143996,-0.11612283255756495,0.1326667743650495,-0.24878960692261445,85.99165959044078,84.496821975708,83.00198436097523,137997.3,0.5442135462070635,0.8769310375211486,-0.11173027373412303,-0.033745516386241015,-0.4630438149480831,-1.1135061342367525,0.8288751836103225
2024-11-01,83.17401885986328,83.54533286682764,82.15291065238051,82.52422465934487,108350,83.43394012451172,84.41791763305665,83.37824274698893,42.44695932232063,-0.1698602471334567,0.07216137006534826,-0.24202161719880497,86.01885045255044,84.41791763305665,82.81698481356285,140139.2,0.7731598296550858,0.9456631944446119,0.2237104998220607,-0.008469656393517155,-0.17681353912938347,-2.899888706551057,0.298501530213402
2024-11-04,82.80270385742188,83.54533186242251,82.61705039728449,83.54533186242251,60757,83.11832275390626,84.31116523742676,83.4710708618164,39.76102993021112,-0.23964705080354065,0.009799685891570473,-0.24944673669511114,86.04533875640361,84.31116523742676,82.57699171844992,136985.45,0.4435288565318433,0.9433456305370673,-0.44643147888167034,0.18830568818823945,0.8134762750590552,-2.899888706551057,0.298501530213402
2024-11-05,82.61705780029297,83.45251261022432,82.43140432351986,83.35968587183775,43504,82.9326675415039,84.20905494689941,83.53914502461751,38.45099316193368,-0.30640167304190413,-0.05344058589512445,-0.2529610871467797,86.09111690815195,84.20905494689941,82.32699298564688,134903.15,0.32248320369094424,0.9537139846927198,-0.2242028925149242,-0.03382976410999383,0.6157022965944003,6.581708534230013,6.0606056493433424
2024-11-06,82.61705780029297,82.80271127706608,82.15291702613402,82.70988453867953,78201,82.83984069824218,84.03268165588379,83.57627639770507,38.450993161933695,-0.35521054604299707,-0.11379457792469899,-0.24141596811829807,85.80922543203141,84.03268165588379,82.25613787973617,116147.95,0.6732878195439523,0.9131913535246321,0.0,-0.2810876692411757,0.47861170401419795,-1.517042985209549,5.892849168116143
2024-11-07,84.10230255126953,84.19512928489911,82.98836758326297,82.98836758326297,293494,83.06262817382813,83.9769847869873,83.63352038065592,52.86160229980407,-0.27092206987143186,-0.14522007631404557,-0.1257019935573863,85.66493003767997,83.9769847869873,82.28903953629464,123400.15,2.378392570835611,1.0018420376688333,1.797745877814716,1.6098729025626257,0.8245523226092066,0.6524152487077162,-1.4695172862653094
2024-11-08,84.10230255126953,84.47361656801365,83.54533506726625,84.10230255126953,141980,83.24828491210937,83.92128791809083,83.67219886779785,52.86160229980407,-0.2017966589692719,-0.15653539284509083,-0.04526126612418108,85.50750582737886,83.92128791809083,82.33507000880279,124207.25,1.14308947344056,0.9920339660793092,0.0,-0.9296486058043341,0.6197250034959412,-2.7007705384617386,-0.07334650721062541
2024-11-11,83.91664123535156,84.19512141019426,83.35967380344101,83.35967380344101,65310,83.47107238769532,83.89808044433593,83.6938585917155,51.12621004767377,-0.16014948578330745,-0.15725821143273416,-0.002891274350573292,85.4695043044408,83.89808044433593,82.32665658423106,124069.95,0.526396601272105,0.9711557848358344,-0.22075651948385566,0.627458984621776,-0.1029553901989333,-0.38859158412376527,-0.7585070390935811
2024-11-12,83.82382202148438,83.82382202148438,82.9883672576446,83.35968127293181,73800,83.7124252319336,83.8655906677246,83.71242434183756,50.23825089802843,-0.1330992505098294,-0.15242641924815323,0.019327168738323824,85.41360679309413,83.8655906677246,82.31757454235508,124142.5,0.5944781199025314,0.9654382105519852,-0.11060882859559307,0.4336932611868294,-2.3284295008224376,-1.7276711600911487,2.1203118162355095
2024-11-13,83.6381607055664,83.6381607055664,82.80270594938975,83.35968050832466,110050,83.91664581298828,83.83774223327637,83.72944272359213,48.42649113305991,-0.12519983496412124,-0.14698110239134682,0.02178126742722558,85.38082861760432,83.83774223327637,82.29465584894842,124871.25,0.8813077469793887,0.9728619254243377,-0.22148991950090569,0.1235439255507842,-0.5288498883201043,-1.7769279992892684,-2.6557178182045393
2024-11-14,83.54533386230469,83.54533386230469,82.80270583952726,83.35968039772318,94300,83.80525207519531,83.74955558776855,83.74491399129232,47.50406058881511,-0.12498904578008307,-0.14258269106909408,0.017593645289011,85.1318091342419,83.74955558776855,82.3673020412952,99901.25,0.9439321329813191,0.9545409841729784,-0.11098623221581505,-0.020971256315938103,-0.6336314481737659,0.5581140134859996,-1.7609123111836489
2024-11-15,83.73098754882812,84.10230156120107,83.08119333884477,84.00947482866427,163820,83.73098907470703,83.70314178466796,83.76502672831218,49.57291173396326,-0.1085895402775634,-0.13578406091078796,0.027194520633224556,85.01744843633851,83.70314178466796,82.38883513299741,102679.05,1.595456911609525,0.9634166159307551,0.22221909703470377,0.3986669276656585,0.12057324525860391,0.8229653195100939,0.4039401817746757
2024-11-18,83.91664123535156,84.00946796029913,83.2668399962683,83.54532725333615,121210,83.73098907470703,83.67529296875,83.78668645222982,51.62596641924857,-0.07969345652553272,-0.12456594003373692,0.04487248350820419,84.94366095065847,83.67529296875,82.40692498684153,104437.05,1.1606034448502711,0.9339781290107652,0.22172637867812206,-0.23173876056459264,-0.8628257366824488,-0.9870824486651553,-1.760127640990794
2024-11-19,84.10230255126953,84.19512928489911,83.54533506726625,83.54533506726625,84391,83.78668518066407,83.64280281066894,83.80061073303223,53.657924014911316,-0.041335297825781936,-0.10791981159214592,0.06658451376636398,84.82542226215854,83.64280281066894,82.46018335917934,100048.8,0.8434983727940765,0.8960869408270444,0.221244932095499,-0.06007286302424086,1.3406124900682936,-1.1503090393315651,-2.149979149912129
2024-11-20,83.82382202148438,83.82382202148438,83.82382202148438,83.82382202148438,59975,83.82381744384766,83.60103073120118,83.80834643046062,50.24848147100093,-0.03302652289772823,-0.09294115385326238,0.05991463095553415,84.6875969214379,83.60103073120118,82.51446454096445,98974.5,0.6059641624862969,0.8137394193547928,-0.33112117187920065,-0.36001887929690835,-0.7021874267539641,-0.6594331081660632,0.3662086166910772
2024-11-21,83.82382202148438,83.82382202148438,83.08119399090995,83.82382202148438,71460,83.8795150756836,83.57782402038575,83.80370508829752,50.24848147100093,-0.026140428319934017,-0.07958100874659671,0.05344058042666269,84.62159977632575,83.57782402038575,82.53404826444574,96775.5,0.7384100314645752,0.8042579008507434,0.0,0.45165552347810056,-0.5848779832719808,0.35142792700151304,-1.902531784904038
2024-11-22,83.91664123535156,84.00946796029913,83.35967380344101,84.00946796029913,82258,83.91664581298828,83.5824649810791,83.80061073303223,51.44117830351455,-0.01304306162347757,-0.06627341932197289,0.05323035769849532,84.63165750313024,83.5824649810791,82.53327245902796,96885.6,0.8490219392768378,0.7836627349850604,0.11073130719736479,0.10408579018676978,1.5457767754733176,-0.31128861222278204,-0.3453825194360105
2024-11-25,84.47361755371094,84.65927102313643,83.91665006320858,84.28796408428545,317050,84.02804107666016,83.58710632324218,83.8052522023519,57.954814851705144,0.04179820618871588,-0.044659094219835146,0.08645730040855103,84.65187430893579,83.58710632324218,82.52233833754858,109610.65,2.8925109010848855,0.7781916753583676,0.6637257046516964,0.194435698150075,0.19231667879251457,0.05855502149658687,1.199682479272024
2024-11-26,84.38079071044922,84.65927091422921,84.00947668985002,84.47361744504255,109050,84.0837387084961,83.62887916564941,83.80989367167155,56.592321392972046,0.07688368827496106,-0.020350537720875903,0.09723422599583696,84.75076781400313,83.62887916564941,82.50699051729569,112155.5,0.9723107649647141,0.761072015227811,-0.10988856160054628,-0.7261611146034852,-1.1748520051593436,-1.4823553039917114,-2.608009608268669
2024-11-27,83.91664123535156,84.4736086672621,83.63815397828371,84.38078194231454,80312,84.10230255126953,83.67065162658692,83.80370508829752,50.23310125072643,0.0664699774996933,-0.002986434676762061,0.06945641217645536,84.76863630554915,83.67065162658692,82.57266694762468,111718.6,0.7188776085629429,0.7709897050612212,-0.5500653302602632,0.22577646053867362,-1.5167516755981714,-0.6731214740465785,1.271301165009464
2024-11-28,83.45250701904297,83.91664776210524,81.96725805768881,83.73098721554491,279139,84.02803955078124,83.69385871887206,83.78823369344076,44.810623894533194,0.020528642941755493,0.0017165808469414502,0.018812062094814043,84.7499448467632,83.69385871887206,82.63777259098093,121920.55,2.289515590275798,0.9281097049752495,-0.5530896011518016,0.030242115860379393,-0.16064141835966383,-0.7574383168564514,2.4305524852551885
2024-11-29,83.266845703125,83.266845703125,82.43139803911271,82.7098782330416,109352,83.89808044433593,83.69850006103516,83.76502672831218,42.81944048231931,-0.03050981409785436,-0.004728698142017712,-0.025781115955836646,84.74574565789752,83.69850006103516,82.65125446417281,121970.65,0.8965435537155866,0.9405096083025843,-0.22247542051145874,0.24526484448965657,-0.1632385004971093,0.8234693838280016,0.599739869657534
2024-12-02,82.70987701416016,83.3596782882028,82.6170502842185,83.17401774609397,105728,83.54533233642579,83.69385871887206,83.73253695170085,37.44408123845956,-0.11458006971186308,-0.026698972455986784,-0.08788109725587628,84.75849898082012,83.69385871887206,82.62921845692401,124219.2,0.8511405644216031,0.9141253943934808,-0.6688961065615784,-0.170188817196526,2.131071027512643,-0.6175401616571596,4.173157537906214
2024-12-03,83.08119201660156,83.54533275412447,82.70987801013811,82.70987801013811,135908,83.28541259765625,83.7170654296875,83.71087697347005,42.61602215583675,-0.14952075332054449,-0.051263328628898326,-0.09825742469164617,84.69997399814453,83.7170654296875,82.73415686123046,128839.4,1.0548636519573982,0.9036361071362591,0.44893671209043085,0.4701136177487131,1.2777945571064597,2.3451673368766857,1.866124844198902
2024-12-04,84.38079071044922,84.56644417963588,83.17402191405826,83.26684864865159,968804,83.37824249267578,83.80525207519531,83.74800834655761,56.249810305154824,-0.07152030189993752,-0.055314723283106174,-0.016205578616831348,84.68352738641579,83.80525207519531,82.92697676397484,173369.55,5.588086258515409,0.9811849145893337,1.5642513814534187,-0.39120209053116195,0.9895539123634611,-1.135912937471506,-0.8060539567774527
2024-12-05,84.28795623779297,85.77320510161053,83.35967481262884,84.8449236764464,717913,83.54533233642579,83.81453475952148,83.79442227681479,55.24017248812144,-0.01699938989455063,-0.04765165660539507,0.030652266710844436,84.70978969993725,83.81453475952148,82.91927981910571,194590.5,3.6893527690200703,1.1721642978416478,-0.11001849102695305,-0.4651336042930887,0.054221440666024634,0.0,1.8714607683089968
2024-12-06,83.266845703125,84.28796099420781,83.17401897181537,84.28796099420781,319341,83.54533233642579,83.77276191711425,83.81453501383463,45.55460636050836,-0.055545961432002855,-0.04923051757071663,-0.006315443861286227,84.68919554038987,83.77276191711425,82.85632829383863,203458.55,1.5695629404613374,1.1644013277817529,-1.2114548510195333,0.03032821885522452,-0.3209133409747267,-0.5348793372351057,-1.9821130406072807
2024-12-09,82.61705780029297,83.8238266459967,82.43140432351986,83.54533934861087,270733,83.52676849365234,83.70778274536133,83.82536506652832,40.668010126106324,-0.13694819677776593,-0.0667740534121265,-0.07017414336563943,84.75606908381242,83.70778274536133,82.65949640691024,213729.7,1.2667074346709886,1.194804127074432,-0.7803681013073938,0.20171769247800952,0.3448434410777468,-0.21906928145114524,-0.9124519868723202
2024-12-10,82.61705780029297,82.70988453867953,82.24574376452058,82.61705780029297,151210,83.43394165039062,83.64744453430175,83.84238357543946,40.668010126106324,-0.19916421368084514,-0.09325208546587023,-0.10591212821497491,84.80122066628469,83.64744453430175,82.49366840231882,217600.2,0.6948982583655713,1.097382346685701,0.0,-0.05310753893845721,-0.6366533332259117,0.9580676437808577,0.1742210845651071
2024-12-11,82.61705780029297,82.61705780029297,81.96726354936091,82.61705780029297,199230,83.08119506835938,83.59638938903808,83.8655906677246,40.668010126106324,-0.24563927861993307,-0.12372952409668281,-0.12190975452325026,84.83885510797397,83.59638938903808,82.35392367010219,222059.2,0.8971931809175211,1.037703933918549,0.0,0.472647811741278,-0.957614927178041,-0.5931111296767155,-0.39752348526578274
2024-12-12,81.87442779541016,82.43140237702973,81.41028703221117,82.43140237702973,423696,82.5984893798828,83.51284408569336,83.8655906677246,35.26783462730398,-0.33849319850737913,-0.16668225897882208,-0.17181093952855706,84.97504313304579,83.51284408569336,82.05064503834093,238529.0,1.7762871600518175,1.0602461784736485,-0.8988821735554264,-0.1168319802240636,0.6250970544977807,0.5966499267977543,2.0703473676229045
2024-12-13,80.29634857177734,81.68877080134574,80.29634857177734,81.68877080134574,459937,82.00438995361328,83.34111213684082,83.83310076395671,27.04846417315059,-0.5332711855066208,-0.24000004428438182,-0.29327114122223896,85.38608251790399,83.34111213684082,81.29614175577765,253334.85,1.8155299201827146,1.1292905844948704,-1.927438476365484,-0.06095614844506825,-0.11420375760532453,-1.423478674737788,-1.0263982102908242
2024-12-16,78.90392303466797,80.296345205868,78.43978231093463,80.296345205868,463051,81.26176300048829,83.09047622680664,83.76502672831218,22.144442588838004,-0.7908745379904758,-0.3501749430256006,-0.4406995949648752,85.91760381983543,83.09047622680664,80.26334863377785,270426.9,1.712296372883023,1.2262606746745826,-1.734108165410131,0.09948574552680611,0.08435932473851437,-0.9225790870207029,0.12345772285153878
2024-12-17,78.90392303466797,79.73937775383305,78.62543576753781,79.73937775383305,361164,80.51913604736328,82.83055725097657,83.69385846455891,22.144442588838004,-0.9836877111559943,-0.4768774966516794,-0.506810214504315,86.17459726488056,82.83055725097657,79.48651723707258,284265.55,1.2705162479238163,1.2112848495573376,0.0,-0.2501633362811728,-0.0950118039959369,-0.3441333195324803,1.2083888803878562
2024-12-18,79.83220672607422,79.83220672607422,78.43978451573572,78.43978451573572,88900,79.96216583251953,82.63097648620605,83.63506724039713,31.71646808251829,-1.0494909260178673,-0.591400182524917,-0.4580907434929503,86.19466022495995,82.63097648620605,79.06729274745216,285711.8,0.31115270702855113,1.2354364976614918,1.1764734321237702,0.03948023999278405,0.6545316375484278,0.24375226690018792,0.14619870532590618
2024-12-19,79.36807250976562,79.83221328467654,78.4397909599438,79.83221328467654,340565,79.46089477539063,82.40818901062012,83.56235198974609,29.74718712035741,-1.1261110925123887,-0.6983423645224114,-0.42776872798997734,86.20722559776495,82.40818901062012,78.6091524234753,299167.05,1.1383773714384655,1.256367941270991,-0.5813871811174653,0.7653556048109023,-1.0204294103727585,-1.9047618074468975,-2.871051912310707
2024-12-20,78.62544250488281,79.1824170868698,78.43978903237115,79.1824170868698,324963,79.12671356201172,82.14362907409668,83.47261810302734,26.872177437079927,-1.2325491026339535,-0.8051837121447198,-0.4273653904892336,86.22669110919817,82.14362907409668,78.06056703899519,311302.3,1.0438824255394195,1.2126233460874551,-0.9356785183254113,-0.14688883539788478,-1.840203207273594,0.8056318186964839,1.1523057864334607
2024-12-23,79.92503356933594,79.92503356933594,78.90392536343079,79.08957882551331,213811,79.33093566894532,81.91619987487793,83.40454406738282,38.13961000889463,-1.198223480321147,-0.8837916657800053,-0.31443181454114155,85.9593348727485,81.91619987487793,77.87306487700737,306140.35,0.6984084260699382,1.2242190418695444,1.6528887126739056,-0.042905113412716744,2.640082018191703,1.6393371476068896,0.9162996317062522
2024-12-24,80.1106948852539,80.29634834912461,79.46089359725507,80.29634834912461,113537,79.5722900390625,81.70269508361817,83.3349230448405,39.572060118959534,-1.1428646287456274,-0.9356062583731298,-0.2072583703724976,85.64762980431709,81.70269508361817,77.75776036291924,306364.7,0.37059426232852544,1.1723838032028784,0.2322943233510344,-0.024526060488960777,0.06795708770699349,-0.584679624845319,-2.1595155701249813
2024-12-25,79.83220672607422,80.01786018789578,79.55371945111628,80.01786018789578,117430,79.5722900390625,81.4984733581543,83.25447209676106,38.14521475232905,-1.1086837904515505,-0.9702217647888141,-0.13846202566273647,85.3832604521007,81.4984733581543,77.6136862642079,308220.6,0.3809933534617738,1.090329353994178,-0.3476291893093397,0.018390283940372676,0.4320483869864056,0.5881182323196787,0.4765536509569346
2024-12-26,79.83220672607422,80.29634746285372,79.83220672607422,79.83220672607422,132894,79.66511688232421,81.31745834350586,83.16937967936198,38.14521475232905,-1.0692693582786887,-0.990031283486789,-0.0792380747918997,85.15598408478985,81.31745834350586,77.47893260222187,300908.35,0.4416427792714958,1.0068375383655541,0.0,0.2879211150416561,0.11545410278845925,0.2822545718063063,2.0968529675470027
2024-12-27,79.83220672607422,80.20352073194294,79.64655326425266,80.01786018789578,57438,79.9064697265625,81.14572639465332,83.08738136291504,38.14521475232905,-1.0262036993594563,-0.9972657666613226,-0.028937932698133717,84.92388672141723,81.14572639465332,77.36756606788941,298312.65,0.19254295786652023,0.9468548622755183,0.0,0.041578320025936755,0.12363018552592475,3.156412780761886,2.616135802336661
2024-12-30,80.1106948852539,80.20352161718925,78.71827265954654,79.83220760722216,373348,79.9436019897461,81.01576728820801,83.00693041483561,40.810754148779715,-0.9585525897946212,-0.9895231312879824,0.030970541493361203,84.74589467669068,81.01576728820801,77.28563989972534,311693.65,1.1978043184389544,1.0186407416578107,0.34884186545820484,0.26587407296438936,-0.3672522989560889,-0.23387105888642568,-1.238981216377144
2024-12-31,79.46089172363281,80.11069299630988,78.25413007247629,78.99675099267441,644410,79.81364135742187,80.83475227355957,82.92029088338217,36.8233118030945,-0.9464620571333029,-0.9809109164570466,0.03444885932374375,84.49354468550315,80.83475227355957,77.175959861616,337118.75,1.9115222751626837,1.130363951140452,-0.8111316005332769,-0.14782773801352844,-0.6688153383762052,-0.23387105888642568,-1.238981216377144
2025-01-02,79.46089172363281,79.46089172363281,78.71827080343468,79.08957772242098,235435,79.7393783569336,80.58875732421875,82.80889701843262,36.8233118030945,-0.9262035251948504,-0.9699694382046075,0.043765913009757074,83.88755943544125,80.58875732421875,77.28995521299625,300450.3,0.7836071390176679,1.0786648803481431,0.0,0.1251537494249222,-0.8814334035584737,-0.23387105888642568,-1.238981216377144
2025-01-03,79.46089172363281,79.73937899509805,78.71827080343468,79.36806499388624,387730,79.66511535644531,80.34740409851074,82.71297454833984,36.82331180309449,-0.8997764300841453,-0.9559308365805151,0.056154406496369824,83.18003105938095,80.34740409851074,77.51477713764052,283941.15,1.3655294415761856,1.0709906551901738,0.0,0.20975544231986998,0.3339174500631481,-0.23387105888642568,-1.238981216377144
2025-01-06,79.46089172363281,79.92503245459122,79.18241153439308,79.46089172363281,182189,79.59085235595703,80.15710639953613,82.61705207824707,36.8233118030945,-0.8688175785862171,-0.9385081849816557,0.06969060639543856,82.65558737997797,80.15710639953613,77.65862541909429,277083.55,0.657523696372448,1.027208023857902,0.0,0.12929662335154912,2.79117234558639,-1.250242822023373,-3.546441695767344
2025-01-07,79.55371856689453,80.2035198404988,79.1824116473784,79.55371856689453,113550,79.47945709228516,80.00393943786621,82.53660087585449,37.98751668153265,-0.8272560227810715,-0.9162577525415389,0.08900172976046739,82.22796839760247,80.00393943786621,77.77991047812995,269224.4,0.42176712066216876,1.0263947130929014,0.11682079227675057,-0.5362688493261603,0.43978199844929566,3.6003910399968087,2.3761935246904065
2025-01-08,80.38917541503906,80.7604894265488,79.6465544742453,79.6465544742453,309326,79.66511383056641,79.89254531860351,82.46852684020996,47.38510455741438,-0.7186200008848118,-0.8767302022101935,0.15811020132538167,81.76009615219456,79.89254531860351,78.02499448501246,277130.2,1.1161757181281577,1.0504448659677506,1.0501795053640572,-0.034527787352645056,-1.031401095838369,-0.5919325966183719,-2.7363850346521335
2025-01-09,80.38917541503906,80.8533161588698,79.83220793888732,80.8533161588698,291903,79.85077056884765,79.78115119934083,82.4050942738851,47.38510455741437,-0.6253169067964706,-0.826447543127449,0.20113063633097839,81.16848444165933,79.78115119934083,78.39381795702232,281763.85,1.0359845665084433,1.0465333131697145,0.0,0.5983308797275377,-1.3935772156041248,-1.2293493276538836,-1.6327553532515693
2025-01-10,80.29634857177734,80.38917530397009,79.46089381759117,79.92503456078063,251218,80.01786193847656,79.70224723815917,82.32154897054036,46.477495307821336,-0.5524950638045851,-0.7716570472628762,0.21916198345829108,80.71805896626115,79.70224723815917,78.6864355100572,273139.95,0.9197409606320862,1.0307664177401383,-0.11547181916279348,-0.27125588031043923,-0.3001217089277253,-1.8864321943144469,-3.21756640634282
2025-01-13,79.36807250976562,80.3891807981244,78.53261769848075,80.29635405958744,544101,79.99929809570312,79.6558334350586,82.23336245218913,38.52978682702492,-0.5631951853383299,-0.729964674877967,0.1667694895396371,80.6417372950171,79.6558334350586,78.6699295751001,277348.15,1.961797834238303,1.1408726419939401,-1.1560626087273818,0.8080683673291622,-2.2750412660863084,-1.8864321943144469,-3.21756640634282
2025-01-14,79.55371856689453,79.64655237899909,78.71827091575771,78.90392437551579,285622,79.99929809570312,79.68832321166992,82.15136413574218,40.71327059686872,-0.550350920611308,-0.6940419240246352,0.1436910034133272,80.61067455294076,79.68832321166992,78.76597187039908,268476.7,1.0638614077124755,1.1125271514935984,0.2339052105694739,-0.12629097569892833,1.3748884512583492,-0.9910823082587283,-2.3482841467625692
2025-01-15,79.55371856689453,79.64655237899909,78.90392437551579,79.08957783527384,453315,79.83220672607422,79.72081298828125,82.06472434997559,40.71327059686872,-0.5340159448780355,-0.6620367281953153,0.12802078331727984,80.56967601059111,79.72081298828125,78.8719499659714,273084.25,1.6599822216037725,1.0632072650922257,0.0,-0.308884934043574,-1.2411403721450665,-1.141136436047463,1.5671449819185002
2025-01-16,80.1106948852539,80.29634834912461,79.64655414335145,79.83220760722216,277846,79.7765106201172,79.73473739624023,81.98891487121583,47.234850088666406,-0.47070107587455823,-0.6237695977311639,0.1530685218566057,80.60026693802573,79.73473739624023,78.86920785445474,282531.55,0.9834158344439763,1.0204636007106067,0.7001260637377049,-0.47462027715259314,2.2675507006747475,-4.495744102033717,-0.3192335725416662
2025-01-17,80.38917541503906,80.57483596190679,79.7393812065663,80.11069521807605,200559,79.79507598876953,79.78579254150391,81.92393519083659,50.185347219843976,-0.39351632341460174,-0.5777189428678515,0.18420261945324978,80.68023562208641,79.78579254150391,78.8913494609214,275531.25,0.7278992854712487,0.9957957546612564,0.34761966574379244,0.14330122044485805,0.5341148174661026,-0.19085183603871902,-1.8948487428920302
2025-01-20,80.1106948852539,80.29634834912461,79.7393808752868,80.1106948852539,150950,79.94360046386718,79.86005516052246,81.86204973856609,47.33489279500368,-0.3507743935394956,-0.5323300330021804,0.18155563946268483,80.57809131409499,79.86005516052246,79.14201900694994,266830.6,0.5657147268716557,0.9496622593400574,-0.34641545748839153,0.2040049502909147,0.5129593209210137,2.783093818670479,2.203476780153868
2025-01-21,80.29634857177734,80.48200203616285,80.11069510739183,80.29634857177734,101040,80.09212646484374,79.87862091064453,81.79397570292154,49.39834910859588,-0.2984797168658133,-0.485559969774907,0.1870802529090937,80.62246888821825,79.87862091064453,79.1347729330708,261192.05,0.38684178940362085,0.8725482448825762,0.23174644382919496,-1.8049163113836197,0.14264713733647127,0.14469131303875837,-0.3992510712928832
2025-01-22,80.85331726074219,80.85331726074219,80.20352304341401,80.48200324417218,254606,80.35204620361328,79.91575202941894,81.74910875956218,55.08405899412937,-0.20967607514575093,-0.43038319084907584,0.2207071157033249,80.77375728775657,79.91575202941894,79.05774677108131,268245.5,0.9491529214842374,0.8428477078753231,0.6936413658548357,0.8293035215003464,0.9673832452960607,2.7451004881298147,-0.6146451840785438
2025-02-03,80.66766357421875,80.66766357421875,79.64655534309716,80.38917629199206,258552,80.46343994140625,79.95752487182617,81.70888328552246,52.94840746093466,-0.15252108212312976,-0.37481076910388667,0.2222896869807569,80.87751498699937,79.95752487182617,79.03753475665296,275301.6,0.9391590895221823,0.8913696025112835,-0.22961789672120148,-0.3354747105550504,-3.5310722033439546,-4.110138831841626,-8.922436020962653
2025-02-04,80.38917541503906,80.66766269422779,80.01786140352934,80.66766269422779,149221,80.46343994140625,79.98537330627441,81.66556345621744,49.82763184162676,-0.12821897684482053,-0.32549241065207346,0.19727343380725293,80.92294244251589,79.98537330627441,79.04780417003293,276117.95,0.5404248438031646,0.8591606116017007,-0.3452289887179716,0.4843438559004598,0.4373265659709302,5.553206615500117,-0.34883693801571747
2025-02-05,81.87442779541016,81.96726161383076,80.5748393242338,81.03898008743279,514928,80.8161865234375,80.08748435974121,81.64390360514322,62.51661130786644,0.010763990418155345,-0.2582411304380277,0.26900512085618306,81.34504707946506,80.08748435974121,78.82992164001736,298992.45,1.7222107113407044,0.9550173565603666,1.8475775783280746,-0.2891986256126744,1.6127918339116087,-1.94039499885863,-2.625435524009412
2025-02-06,82.52422332763672,82.70987678701017,81.6887685960052,82.33856278603777,375160,81.26176147460937,80.20816078186036,81.63926226298014,66.50750978923082,0.17136665405915608,-0.17231957353859095,0.34368622759774703,81.8725149992035,80.20816078186036,78.54380656451721,299083.05,1.2543673070072008,0.9638294678196471,0.7936489447599948,-0.21221627178528157,0.669296009715703,2.1623913089992675,-0.8388274763578507
2025-02-07,82.52422332763672,82.70987678701017,81.6887685960052,82.43139659795,240546,81.59594268798828,80.36132736206055,81.63771502176921,66.50750978923082,0.29524205544103665,-0.07880724774266545,0.3740493031837021,82.28044945896904,80.36132736206055,78.44220526515205,278889.85,0.8625125654447446,0.9714666309110235,0.0,-0.07860262820782449,0.6933683495169651,0.8985590572072599,4.1087606379738295
2025-02-10,82.24574279785156,82.24574279785156,81.87442876644337,82.06008932326051,228252,81.91155853271485,80.50056991577148,81.63152643839518,63.16483093218308,0.36671587972669784,0.010297377751207204,0.35641850197549063,82.54465551130748,80.50056991577148,78.45648432023548,278530.7,0.8194859668970063,0.9285770216153332,-0.33745307566184213,0.09726337705842081,-0.9631412824059216,5.0069237481567885,1.915277143670413
2025-02-11,81.7815933227539,82.4313945790975,81.7815933227539,82.4313945790975,218260,82.1900421142578,80.61660499572754,81.59284795125326,57.93803615653109,0.3815086229087825,0.08453962678272227,0.29696899612606026,82.67561168313976,80.61660499572754,78.55759830831532,270057.2,0.8081991518833788,0.8914069195791012,-0.5643446813271225,0.11422745347031693,0.5673032792007815,5.0069237481567885,1.915277143670413
2025-02-12,81.7815933227539,81.9672538598058,81.13179914863565,81.68876659534064,418205,82.17147521972656,80.73264007568359,81.55416946411133,57.93803615653109,0.38875070234878706,0.14538184189593523,0.24336886045285183,82.77894135506769,80.73264007568359,78.6863387962995,281858.0,1.4837435871963898,0.8839466251245736,0.0,-0.18895087172872138,-0.40326965645153257,1.1307976473220238,-0.7118504097210376
2025-02-13,82.0600814819336,82.15290821035897,81.68876748600667,81.87442094285743,443625,82.07864685058594,80.85795822143555,81.52322680155436,60.228135384093214,0.4122100684275267,0.19874748720225355,0.21346258122527317,82.90724869729299,80.85795822143555,78.80866774557812,298361.75,1.486869546783393,0.8279725050216045,0.34052669783606326,0.16004999541816556,0.4708515817043901,1.2299727110229863,1.204465541971378
2025-02-14,81.7815933227539,82.06008058721906,81.50311314051409,82.06008058721906,356029,81.93012084960938,80.92757911682129,81.48918965657552,56.892312201588865,0.4036767833589039,0.23973334643358363,0.16394343692532026,83.0042395182157,80.92757911682129,78.85091871542689,300696.9,1.1840128714329945,0.7918386165413246,-0.33937104881013314,-0.7319906963362488,-1.0547307799725902,-0.8836560257359238,-2.465282165335936
2025-02-17,81.50312042236328,81.96726118312337,81.13180639731,81.96726118312337,1204175,81.78159637451172,80.9832763671875,81.45360565185547,53.690040182267786,0.3701764935063494,0.2658219758481368,0.10435451765821258,83.05888854484766,80.9832763671875,78.90766418952734,346310.5,3.4771541723395623,0.7976541057775971,-0.34050803986127587,0.15391983887540484,1.523459828704521,2.117375975567648,-1.7141194967384865
2025-02-18,81.87442779541016,81.87442779541016,81.31746029601658,81.68877432302097,474304,81.80016326904297,81.06218032836914,81.42575721740722,57.153095329933926,0.36933125351156093,0.28652383138082166,0.08280742213073927,83.1477978667221,81.06218032836914,78.97656279001617,357464.8,1.3268551197208789,0.7655625582597281,0.4555744260130057,0.12581943498035653,0.6840120787098725,-0.49108227496846846,-1.5666567521186003
2025-02-19,81.50312042236328,81.96726118312337,81.13180639731,81.68877389377693,555250,81.74446868896484,81.16893272399902,81.38862609863281,52.89346686773295,0.3348401638878613,0.29618709788222963,0.038653066005631675,83.10246278383309,81.16893272399902,79.23540266416495,358022.25,1.5508812650610402,0.7748815219335468,-0.4535083579145227,0.04493902906270719,-0.26210179244977594,0.694574634559797,1.1411376851697685
2025-02-20,81.68876647949219,81.78159320677382,81.31745248814033,81.50311302492892,381100,81.67020568847656,81.2756851196289,81.35149485270182,54.71091630858184,0.3188107601771435,0.3007118303412124,0.018098929835931088,83.06403612243768,81.2756851196289,79.48733411682012,362796.15,1.0504521616340194,0.7334494148268721,0.2277778521446283,0.07610438798688612,-0.49406348495265595,-1.2524993418689623,0.38599164719854695
2025-02-21,81.68876647949219,81.87441993405545,81.31745248814033,81.78159320677382,424700,81.65164031982422,81.38243751525879,81.31126925150554,54.71091630858183,0.3026189394900882,0.3010932521709876,0.0015256873191006326,82.98302902701148,81.38243751525879,79.78184600350609,361365.4,1.1752647043684867,0.7099184856386385,0.0,-0.16155224353523456,1.0336965036197743,-0.05514439042784147,-0.887310689373233
2025-02-24,81.595947265625,81.595947265625,81.22463324008228,81.41028671174067,501005,81.67020568847656,81.45670013427734,81.27413800557454,53.513713283791695,0.2790800094753223,0.29669060363185457,-0.017610594156532267,82.94255987161603,81.45670013427734,79.97084039693866,372523.35,1.3448955615802338,0.6771471194748072,-0.11362543207270592,0.24378228572174976,-0.6950599050789652,-0.05514439042784147,-0.887310689373233
2025-02-25,81.50312042236328,81.50312042236328,80.57483890084309,81.41028660443048,814262,81.59594421386718,81.51239738464355,81.23545964558919,52.2815655568794,0.25005243852578474,0.28736297061064064,-0.03731053208485591,82.9107011050174,81.51239738464355,80.1140936642697,403208.5,2.019456435070193,0.7230086188490875,-0.11376403653913236,-0.2236579215236012,-1.1864466763289783,-0.75409292054891,-1.8800379342664764
2025-02-26,81.2246322631836,81.41028573260908,80.76049150739398,81.41028573260908,681577,81.54024658203124,81.56809425354004,81.19059282938639,48.661619589573895,0.20224485954500437,0.2703393483975134,-0.06809448885250902,82.81147243564081,81.56809425354004,80.32471607143927,429739.85,1.5860223342098714,0.7256246583317828,-0.34169018037163434,0.2403748003681816,0.5017241236141778,-1.4269792891849264,0.6386817815506873
2025-02-27,78.90392303466797,82.06008137249977,78.90392303466797,81.22462665333467,5291446,80.9832778930664,81.49847297668457,81.09776458740234,30.0126053675761,-0.022643807282179296,0.21174271726157487,-0.23438652454375417,83.13534920280325,81.49847297668457,79.86159675056588,689260.15,7.676993947785897,1.0496958155984515,-2.857149566397632,-0.0854219922061139,-1.4928761271182256,-0.41361998496789454,1.3297108548157466
2025-03-03,82.24574279785156,82.8955441233724,80.38917972303673,80.38917972303673,1609824,81.09467315673828,81.56809425354004,81.06218045552572,56.10188809719968,0.06800333009900328,0.18299483982906056,-0.11499150973005728,83.2078774097594,81.56809425354004,79.92831109732067,757021.05,2.1265247511941707,1.4419525186792492,4.23530242180139,0.010029005274558855,-1.288020531332612,0.7057592836216653,2.1752859087822873
2025-03-04,83.08119201660156,83.17401874766102,81.31745579756937,81.68876980403282,713350,81.3917221069336,81.68877067565919,81.04825630187989,60.10571016262579,0.2048937220774576,0.18737461627873997,0.017519105798717627,83.40308534630489,81.68877067565919,79.97445600501348,779760.95,0.9148316544961632,1.4972339095342369,1.01579630790547,-0.048922726206168665,-0.7003312963471564,-1.7130771907591602,-1.3267563392547754
2025-03-05,84.93775177001953,84.93775177001953,83.4525028822894,83.63815633742117,1050402,82.07864837646484,81.9161994934082,81.07301038106283,67.25344054633129,0.45791069074259383,0.24148183117151073,0.2164288595710831,84.05811738557315,81.9161994934082,79.77428160124325,824820.0,1.2734923983414563,1.5451440220520678,2.2346330238581347,-0.28611765666530786,1.2170685545562776,1.4854407688832838,-1.1256948393490673
2025-03-06,84.93775177001953,85.21623903494252,84.28795759483302,85.03057849758541,577869,82.82127227783204,82.06936569213867,81.10085881551107,67.25344054633129,0.6509250030501192,0.3233704655472325,0.32755453750288677,84.60130664998351,82.06936569213867,79.53742473429384,827967.05,0.6979371944813504,1.4628956777930588,0.0,0.019216094991714172,-0.6841176310348751,2.2248349461879258,-0.6957721445572718
2025-03-07,84.84493255615234,84.93775929193878,83.82382429804964,84.84493255615234,517188,84.00947418212891,82.18540115356446,81.13644307454427,66.56195703722915,0.7873247121216025,0.4161613148621065,0.371163397259496,85.00183918761915,82.18540115356446,79.36896311950976,835068.45,0.6193360556251407,1.4163675866058685,-0.10927910373529359,0.17315585352613017,-0.6135009415062398,-1.6800358355274048,-0.3184657667472113
2025-03-10,85.1234130859375,85.1234130859375,84.28796537846917,84.84493287752339,528766,84.58500823974609,82.31536064147949,81.17048009236653,67.63707644527358,0.9074331906975317,0.5144156900291916,0.39301750066834007,85.4224953675261,82.31536064147949,79.20822591543288,849479.45,0.6224588481804946,1.3389116027208638,0.3282229372989942,-0.09403841713142569,-0.5178931508299844,2.4660176340925766,-0.4153337838732285
2025-03-11,85.77320861816406,85.77320861816406,83.91664569171992,84.28795969345386,1105686,85.1234115600586,82.49173393249512,81.19368705749511,70.05636122520275,1.0430296971019146,0.6201384914437362,0.4228912056581784,85.96153067180539,82.49173393249512,79.02193719318485,893351.15,1.2376835245580642,1.4079317792173007,0.7633569997605116,0.12063354165599005,-1.7278505202805272,-1.3833522045387014,-1.1870445217733616
2025-03-12,86.05168914794922,86.14452296041881,85.49472168425945,85.68038222697307,478552,85.34619903564453,82.70523872375489,81.22308260599772,71.0550159461807,1.159594868916102,0.7280297669382094,0.43156510197789255,86.50121637995407,82.70523872375489,78.9092610675557,906365.75,0.5279899422501346,1.3068477121429094,0.3246707617350131,0.006697012528866786,0.9390996671090779,0.0384301133949938,0.19481318446514795
2025-03-13,86.79431915283203,87.81542737347903,86.33017840869924,86.33017840869924,1256452,85.71751251220704,82.95587501525878,81.28187383015951,73.58503165718683,1.2969472418789394,0.8418132619263554,0.455133979952584,87.13743748215208,82.95587501525878,78.77431254836549,948278.1,1.3249826184955658,1.3677664472611624,0.8630045641591089,0.11408531144070366,-1.4214677219695382,-3.8033037201285813,0.09720094597001072
2025-03-14,86.79431915283203,87.35128662934623,86.1445249439364,86.88714588521344,581571,86.10738983154297,83.19258689880371,81.35149485270182,73.58503165718683,1.3897794743497798,0.9514065044110404,0.4383729699387394,87.68507218409646,83.19258689880371,78.70010161351097,955175.4,0.6088630423270951,1.3462991456809847,0.0,0.18871601352579148,0.029010047686051088,-0.3194834133745217,1.5862794604935004
2025-03-17,86.51583099365234,86.6086648073154,85.49472278338935,85.95886352280213,653170,86.38587341308593,83.42929878234864,81.41647440592448,70.89015173773834,1.424457758039381,1.0460167551367086,0.37844100290267235,88.10395412701605,83.42929878234864,78.75464343768122,970032.45,0.6733486080800699,1.3400721088492111,-0.3208598925573791,-0.12860909638311435,0.685450337057314,0.1602385385453431,2.7724603270576464
2025-03-18,86.3301773071289,86.88714477653622,85.40189583070816,86.51583076952281,487398,86.49726715087891,83.67065162658692,81.47835973103841,69.07402469557543,1.4205842359876044,1.1209302513068877,0.2996539846807167,88.42434983328869,83.67065162658692,78.91695341988515,934193.6,0.5217312557054555,1.3594290204463912,-0.21458926579236426,0.09233778296404704,0.691901155514496,0.23999849124787254,0.12404128529479586
2025-03-19,86.23735046386719,86.79431793255074,85.68038299518365,86.70149120147441,396186,86.5343994140625,83.88879776000977,81.55107510884604,68.13412888333649,1.393955440775315,1.1755352892005733,0.2184201515747417,88.69556031424871,83.88879776000977,79.08203520577082,930287.7,0.4258747052121618,1.326696476035818,-0.1075253707999213,0.0691720867479928,-1.3956737184071533,0.5387213314128614,0.526479637536692
2025-03-20,86.88714599609375,86.88714599609375,85.86603777414366,86.51583198386852,415702,86.55296478271484,84.15799903869629,81.66092173258464,71.09875126684278,1.4090424335270626,1.222236718065871,0.1868057154611915,89.0050890809142,84.15799903869629,79.31090899647837,923310.3,0.45023000393258905,1.2859513754910539,0.7534966331077309,0.07308017918177256,1.8962383754100642,0.5387213314128614,0.526479637536692
2025-03-21,86.23735046386719,86.79431793255074,85.86603645733629,86.79431793255074,331032,86.44157104492187,84.38542823791504,81.78314552307128,64.624013307846,1.3529697223312667,1.2483833189189502,0.10458640341231651,89.17115154621837,84.38542823791504,79.5997049296117,920806.9,0.35950208453042654,1.250639130593241,-0.7478615217212603,-0.04847648711218122,-0.7514778753577311,-0.7938098761100632,-2.064083550797635
2025-03-24,85.86604309082031,86.33018386428421,84.84493480564498,86.33018386428421,441107,86.31161346435547,84.59429206848145,81.8991808573405,61.19463715846717,1.2639996912387232,1.2515065933829048,0.012493097855818425,89.2472527497366,84.59429206848145,79.9413313872263,921627.25,0.47861757559794377,1.2819204543327058,-0.43056444922023873,-0.0372943476917964,-0.4613378578019911,-1.1602363928692405,0.6920514866298522
2025-03-25,84.47361755371094,86.33018057686942,84.3807908189982,86.33018057686942,603251,85.94030151367187,84.73817558288575,81.97653770446777,50.394537734002306,1.068812590513744,1.2149677928090727,-0.14615520229532875,89.1736342893262,84.73817558288575,80.30271687644529,926739.55,0.6509390907078477,1.370916361471176,-1.6216253678262627,0.1100854006351959,0.753388228226104,0.5262042254117638,1.8119269145992378
2025-03-26,84.65926361083984,84.65926361083984,83.63815545395043,84.5664368842545,527800,85.6246841430664,84.89598274230957,82.06472422281901,51.6204920035721,0.918517395465841,1.1556777133404266,-0.23716031787458558,89.06329234810052,84.89598274230957,80.72867313651862,912416.45,0.5784639240118917,1.3242752675269407,0.21976809151196264,0.10299623953369252,-0.05791891930048143,1.0670518293484532,0.767104552212472
2025-03-27,84.47361755371094,84.56644428842368,83.7309895115572,84.56644428842368,167667,85.14197845458985,85.05843200683594,82.16219380696614,50.28222148901427,0.7754879429882209,1.0796397592699856,-0.3041518162817647,88.86044012322077,85.05843200683594,81.25642389045112,886720.95,0.18908654408131442,1.2714751117610348,-0.21928617048014853,0.1307340140583202,-1.3860075941006245,-0.35857851148682895,-0.7612648548564693
2025-03-28,83.73098754882812,83.91664809612746,82.89553987377116,83.82382136359065,364388,84.64070587158203,85.29978523254394,82.22562637329102,45.23065480002515,0.5953492212217952,0.9827816516603476,-0.38743243043855236,87.87012670752031,85.29978523254394,82.72944375756757,640368.05,0.5690290138616378,1.3123554541848677,-0.8791265561826189,0.06920720797163327,-1.5892536377484667,-2.1853339576962227,-0.867680294273121
2025-03-31,81.03897094726562,82.7098732569898,80.94613713931551,82.7098732569898,625524,83.6752914428711,85.23944664001465,82.24109764099121,32.488745674942706,0.2326825254542655,0.8327618264191312,-0.6000793009648657,88.14628652049923,85.23944664001465,82.33260675953007,591153.05,1.0581422188382517,1.5086881148952338,-3.215078049799236,0.22469010496022346,-4.198467002028805,-4.613162229950674,-3.3447893515623495
2025-04-01,82.24574279785156,82.24574279785156,81.22463452314862,82.24574279785156,269741,83.22971649169922,85.19767417907715,82.2813232421875,40.57099441836625,0.04215699946712448,0.6746408610287299,-0.6324838615616054,88.25520885285488,85.19767417907715,82.14013950529943,568972.6,0.47408434079250916,1.4684326129873277,1.4891253386857706,0.1606192017939545,2.823117236854644,1.2144800170112102,-2.166886656382805
2025-04-02,82.89553833007812,83.08119179169447,81.78159631370329,82.80270451704436,237012,82.87697143554688,85.09556350708007,82.3323787689209,44.428814173839335,-0.05576001689182419,0.5285606854446191,-0.5843207023364433,88.32141956998409,85.09556350708007,81.86970744417606,528303.1,0.4486288268988011,1.4459209949878407,0.7900658564464091,-0.10711050560909818,0.08482442253172628,2.014150454450192,1.3884318852173116
2025-04-07,74.63383483886719,74.63383483886719,74.63383483886719,74.63383483886719,374443,80.90901489257813,84.58036766052246,82.24573923746745,23.521810821617194,-0.790893456165449,0.2646698571226055,-1.0555633132880544,90.26587142165833,84.58036766052246,78.89486389938658,518131.8,0.7226790557923679,2.354691994484254,-9.966403087116726,0.39779856690886906,-9.69973559080869,-11.346345580602769,-11.19459036521453
2025-04-08,72.40595245361328,74.91230951334822,70.92070356331756,74.91230951334822,1161211,78.64400787353516,83.9584186553955,82.11732686360678,20.693836742893225,-1.5355624839794046,-0.09537661109779652,-1.4401858728816082,91.82511737557209,83.9584186553955,76.09171993521892,550332.95,2.1100154006769904,2.572947188557108,-2.985083628710561,-0.5500181172965579,-4.016151985134908,7.459090562138915,11.463611516084748
2025-04-09,66.55777740478516,71.84898594079755,66.55777740478516,71.01353121592976,1309212,75.74776916503906,83.03013687133789,81.90227495829264,15.444618369300969,-2.5680144329255796,-0.5899041754633532,-1.9781102574622265,94.06257200911153,83.03013687133789,71.99770173356424,589355.25,2.2214309620555683,3.0096442365932434,-8.076925792219559,0.3050360677505859,-5.786524331497223,-6.59176631917584,-5.426933543819135
2025-04-10,73.1485824584961,73.1485824584961,73.1485824584961,73.1485824584961,331270,73.92833709716797,82.39890556335449,81.7970698038737,35.34840303559382,-2.8218881842776966,-1.036300977226222,-1.7855872070514747,94.18914313786159,82.39890556335449,70.60866798884739,550634.45,0.601615100544472,3.4871323455422694,9.90238152579459,-1.489084234874749,9.247307649849002,11.708099988660026,11.396457262637494
2025-04-11,73.70555114746094,73.70555114746094,68.41434244640274,70.642219421468,775850,72.09033966064453,81.78159866333007,81.7011474609375,36.70435785564544,-2.9442032999292707,-1.4178814417668317,-1.526321858162439,94.04971147413794,81.78159866333007,69.51348585252221,565499.35,1.3719732834352507,3.7276758596110597,0.76142102860417,0.6081981557515048,2.7828390478427556,-4.498685200822649,-4.466860813439377
2025-04-14,73.9840316772461,75.74776791890152,73.79837821274582,74.54100623519832,694814,71.96037902832032,81.14108428955078,81.60986646016438,37.411182120372075,-2.984267085600152,-1.7311585705334958,-1.253108515066656,93.64267006386967,81.14108428955078,68.63949851523188,537417.45,1.2928757709672436,3.502947981188329,0.37782843415417044,-1.2941415741642648,-0.08029019685500405,1.6537287448687765,4.37406573323722
2025-04-15,75.84059143066406,75.84059143066406,73.98402853559541,74.07686234612916,446201,72.64730682373047,80.59339790344238,81.54798100789388,42.0567545447961,-2.833545717000135,-1.9516359998268236,-0.8819097171733112,93.01165928884802,80.59339790344238,68.17513651803674,530648.95,0.840859102802333,3.283429969705705,2.509406031719341,-0.01606647441906306,1.76589192631309,0.9366459216967549,-1.4450838010078626
2025-04-16,75.1907958984375,75.93342387600353,75.00514244515863,75.84059006713883,301101,74.37391052246093,80.02714614868164,81.46134134928386,40.912171033951246,-2.735003596399949,-2.1083095191414487,-0.6266940772585001,92.34070605929534,80.02714614868164,67.71358623806793,513045.5,0.5868894669186261,2.969410164524265,-0.8567912248161003,0.45493231013253865,-1.9623144276647686,-0.3662993412938409,-0.8064554304743066
2025-04-17,74.91230773925781,75.4692822568755,74.35534030386532,74.72665428820204,151706,74.72665557861328,79.45625267028808,81.37006022135417,40.40464569609235,-2.6488456787542987,-2.2164167510640187,-0.43242892769027996,91.59690063565426,79.45625267028808,67.3156047049219,496260.9,0.30569807131692217,2.7220144029890543,-0.3703753309857949,-0.3851900465324021,-0.6640103310560974,2.1568668633551003,3.4368084790834974
2025-04-18,74.81948852539062,75.37645601670106,74.7266617905432,74.91231526023805,113153,74.94944305419922,78.88535957336425,81.27877922058106,40.22553444789355,-2.5585611429158774,-2.2848456294343906,-0.2737155134814868,90.7541665255751,78.88535957336425,67.01655262115341,482109.25,0.2347040634462002,2.4457183794115607,-0.1239038239086887,-0.3851900465324021,0.2911195655576959,0.9356979101278418,-1.7506190356707196
2025-04-21,74.54100036621094,75.19079452302604,73.89119912717068,75.19079452302604,241050,75.06083679199219,78.26805229187012,81.19832801818848,39.65750548202279,-2.4808835831717317,-2.324053220181859,-0.15683036298987263,89.65917767499754,78.26805229187012,66.8769269087427,473376.65,0.5092139631306276,2.2929019816040674,-0.37221339609289084,-0.3851900465324021,-1.4891964002938463,-3.0900890957481497,-2.1090991712789053
2025-04-22,73.79837799072266,74.26251873280268,73.05574997050437,73.98403145466439,178000,74.6523941040039,77.64610366821289,81.10240567525229,38.11198006509282,-2.450993449984665,-2.3494412661424207,-0.1015521838422444,88.55318612138959,77.64610366821289,66.73902121503619,465725.05,0.3821997549841908,2.1852151034844014,-0.9962602753382233,0.19087153159529358,-1.6370054958029567,-0.4905513298122721,-1.040111263039556
2025-04-23,75.1907958984375,75.37644935171637,74.72665518301505,74.72665518301505,309355,74.6523941040039,77.11234130859376,81.02969029744466,42.62685446130338,-2.2885676327698548,-2.3372665394679077,0.04869890669805299,87.34998303224678,77.11234130859376,66.87469958494073,459137.45,0.6737742695569704,2.1042626044856436,1.8867866010414014,0.40997828226332356,4.500035126970481,2.267687170921495,3.5660540249689676
2025-04-24,75.74777221679688,75.93343277405715,74.9123174146909,75.09797797195117,199470,74.81948699951172,76.67604904174804,80.95697491963705,44.37493496825626,-2.090799236247875,-2.287973078823901,0.1971738425760261,86.31927251788713,76.67604904174804,67.03282556560896,438948.4,0.4544269895960436,1.9598429718030577,0.7407506619715898,-0.12526095055448438,-0.8163803151391757,3.205586473238875,3.5157696161917107
2025-04-25,75.93342590332031,76.30473281979144,75.7477653628593,76.21190609067366,193100,75.04227447509766,76.23975715637206,80.88271242777506,44.97673287593541,-1.897215734221703,-2.2098216099034618,0.3126058756817587,85.12171542060258,76.23975715637206,67.35779889214155,422213.4,0.45735166150576934,1.7727929031536023,0.24509458310151278,-0.2987707483269153,2.022299672390404,3.689873494306739,2.801123590229726
2025-04-28,76.76887512207031,77.04736239736066,75.74776691638174,75.9334274606505,199210,75.48784942626953,75.85452003479004,80.827015431722,47.71789288625281,-1.6572815344522382,-2.099313594813217,0.44203206036097864,83.85766380350131,75.85452003479004,67.85137626607877,423790.55,0.47006711216189223,1.709699913530312,1.1002390696999598,0.25712712450653985,0.8135756068057276,-0.8783926472697101,-0.5790187537825342
2025-04-29,77.32585144042969,77.60433163986087,76.58322341082832,76.67605014397205,226102,76.19334411621094,75.53426322937011,80.77750714619954,49.52332076945611,-1.4059813407528736,-1.9606471440011481,0.5546658032482745,82.67663141314446,75.53426322937011,68.39189504559576,416876.25,0.5423719868905941,1.6178876889306104,0.7255236154935618,-0.2862987748134538,0.9894012430566201,-0.8783926472697101,-0.5790187537825342
2025-04-30,77.51150512695312,77.51150512695312,76.7688770952417,77.2330178445049,191233,76.65748596191406,75.35788993835449,80.72181027730306,50.14136418672525,-1.178261164533538,-1.8041699481076263,0.6259087835740884,82.09036095185535,75.35788993835449,68.62541892485363,395161.7,0.4839360697152583,1.501186401301385,0.2400926508600465,-0.32134330087744134,0.011854303657643506,0.6135008912030449,4.248031791155338
2025-05-02,77.97564697265625,77.97564697265625,77.41867948215389,77.69715968629212,138300,77.10306091308594,75.14438514709472,80.67694333394368,51.73252693681697,-0.9493948830573373,-1.6332149350975687,0.6838200520402313,81.19326911914803,75.14438514709472,69.09550117504142,388589.65,0.3559024281784139,1.3752905465281815,0.598803809760784,0.248493598366184,2.730963815359244,3.133904990423808,-2.0886019196037386
2025-05-05,76.86170959472656,78.16129800462926,75.46928737078025,78.16129800462926,234200,77.2887176513672,74.84269371032715,80.61815223693847,47.7905760228757,-0.8481254803332519,-1.4761970441447054,0.6280715638114536,79.7598218910517,74.84269371032715,69.92556552960261,388449.05,0.6029104717851672,1.550853224837625,-1.4285708694668608,-4.382525588739094,-1.2250086251671455,3.133904990423808,-2.0886019196037386
2025-05-06,77.04736328125,77.04736328125,76.11908179593374,76.11908179593374,120057,77.34441528320312,74.96337013244629,80.53770116170247,48.49498442295438,-0.7443081273614212,-1.3298192607880488,0.5855111334266276,79.97644567239,74.96337013244629,69.95029459250257,375729.75,0.3195301942420051,1.46784365956811,0.24154248910457365,-5.0295889599485495,-0.05065209940824378,3.133904990423808,-2.0886019196037386
2025-05-07,76.95453643798828,76.95453643798828,76.49039569600069,76.67604915990546,106024,77.27015228271485,75.19079933166503,80.444873046875,48.14521371890811,-0.6618925918475327,-1.1962339269999456,0.5343413351524129,80.12748855917447,75.19079933166503,70.2541101041556,322970.4,0.3282777616772311,1.3463935163256033,-0.12048023359718663,2.8038417507629143,0.11645894015797076,2.7373142811993656,0.0
2025-05-08,77.97564697265625,78.43978772844588,77.51150621686664,77.51150621686664,237500,77.36298065185547,75.76169281005859,80.36906344095866,52.22702353702467,-0.5083229690429505,-1.0586517354085465,0.550328766365596,78.75184151373224,75.76169281005859,72.77154410638494,269384.8,0.881638459185522,1.3649078862098691,1.3269010274537862,1.3780265518076762,-0.015038304424519477,-1.9555086123559384,-0.9372936922865116
2025-05-09,78.62544250488281,78.62544250488281,77.88282153261017,77.975648268866,107667,77.49293975830078,76.03553581237793,80.30872510274251,54.67223739004395,-0.3303764931176687,-0.9129966869503711,0.5826201938327024,79.02120741414751,76.03553581237793,73.04986421060835,258204.65,0.4169831953065137,1.2819362976849062,0.83333137646735,-0.40045240590582676,1.809041662083355,1.221641138979468,3.327893581040975
2025-05-12,78.99675750732422,79.46089827655905,78.81110403252072,79.46089827655905,194200,77.91994934082031,76.30009613037109,80.26231117248535,56.056379994432696,-0.15757419419948349,-0.7619121884001936,0.6043379942007101,79.35340418938554,76.30009613037109,73.24678807135663,229122.15,0.8475828286352934,1.2224055608837505,0.472258076535903,-0.07465812307537734,1.0255778120184855,2.044325031414429,2.0524152554168396
2025-05-13,78.90392303466797,79.83220448213464,78.71826957806479,79.3680637584013,245892,78.2912612915039,76.54609069824218,80.21435000101725,55.59925289150774,-0.027797659313662848,-0.6150892825828875,0.5872916232692247,79.6064749685232,76.54609069824218,73.48570642796116,206676.05,1.1897459816945408,1.2079428066418973,-0.11751681408903591,0.48501607250679424,0.9493892029855955,2.8240447648846034,2.784647773787041
2025-05-14,79.55371856689453,79.73937910887811,79.08957783527384,79.4608918370155,234824,78.81109771728515,76.73174705505372,80.17257728576661,58.17051622754198,0.1260314365074322,-0.4668651387648236,0.5928965752722558,80.0514490696366,76.73174705505372,73.41204504047083,196107.2,1.1974267135525876,1.15827790898433,0.8235275347983073,0.10495309053717428,2.1224825639188705,-2.1830983115246116,-1.745935701446777
2025-05-15,79.64655303955078,79.73937977019968,78.81109829925957,79.55371922667631,352117,79.14527893066406,76.95453491210938,80.13699328104654,58.53992196102719,0.25252215114885246,-0.3229876807820884,0.5755098319309409,80.43306687218062,76.95453491210938,73.47600295203814,198658.0,1.7724783295915594,1.1276117172451003,0.11669407078462868,-0.2803567472373425,-0.2415620287910758,-2.2798132016848105,-2.420343638428313
2025-05-16,79.64655303955078,80.01785996214636,79.36806576537852,79.64655303955078,196691,79.34950103759766,77.19124717712403,80.10605049133301,58.5399219610272,0.3487468175927262,-0.18864078110712548,0.5373875986998516,80.72846263509892,77.19124717712403,73.65403171914913,200907.25,0.9790139479784826,1.0639027145147995,0.0,-0.5692240792755765,0.5220347355644694,-0.5402775850749442,-2.0408161674034364
2025-05-19,79.18241119384766,80.11069265177213,78.71827046488542,79.64655192280989,243445,79.38663177490234,77.40939331054688,80.06118354797363,55.68827530531265,0.3831366304759314,-0.07428529879051411,0.4574219292664455,80.86799762322697,77.40939331054688,73.95078899786678,207421.85,1.1736709512522427,1.1077053108310535,-0.5827519559730931,0.1180119416830605,-1.4643102104449635,2.765434525666466,-0.3205121827184465
2025-05-20,79.46089172363281,79.46089172363281,79.08957772242098,79.36806499388624,81179,79.4980255126953,77.65538787841797,80.02714640299479,57.040447847188226,0.4279289576980432,0.026157552507197354,0.4017714051908458,80.95099689067274,77.65538787841797,74.3597788661632,199428.3,0.4070585769421893,1.0095198028818235,0.35169493525955,-0.18806606512049573,0.010217599479345196,-0.7688669112684177,0.1929240628210538
2025-05-21,79.83220672607422,79.83220672607422,79.27523925838393,79.36806598929472,144040,79.55372314453125,77.95707931518555,79.99620374043782,58.843802102798556,0.4877665480788096,0.1184793516215198,0.3692871964572898,80.8455899377516,77.95707931518555,75.06856869261951,197730.3,0.7284670078384547,0.9491794915229518,0.4672927705529073,0.0016576947628355043,1.2909062583843056,0.6295522660473729,-1.0911419276713241
2025-05-22,79.46089172363281,79.83220572484463,79.18241153439308,79.73937899509805,87040,79.51659088134765,78.17058410644532,79.95907249450684,56.29870479942816,0.4994686879478678,0.1946772188867894,0.3047914690610784,80.81947807938542,78.17058410644532,75.52169013350522,186614.55,0.4664159359492602,0.9092615848773763,-0.46511930168169346,-0.41198726278828257,-0.6097494339192711,0.048113065163679636,0.0
2025-05-23,78.90392303466797,79.64655102553147,78.90392303466797,79.4608904867029,160103,79.3680648803711,78.32839164733886,79.91420542399088,52.62211694705735,0.45851452960364725,0.24744468103016098,0.21106984857348626,80.73446907144158,78.32839164733886,75.92231422323614,184646.2,0.8670798532544942,0.8870437723421923,-0.7009343551064084,0.08260363716483532,-0.08638612371177912,-1.250601723197442,-0.2595744152807056
2025-05-26,79.0895767211914,79.27523726055972,78.90392326404853,79.27523726055972,158150,79.34949798583985,78.48619918823242,79.87397969563803,53.707333040207175,0.43601268219505585,0.28515828126313997,0.15085440093191588,80.63067645804685,78.48619918823242,76.34172191841799,182898.7,0.8646862990278225,0.8182798328154669,0.23529081873643332,-0.25093902970623194,-0.5342168783596057,0.26790190245054024,-0.9108586939837293
2025-05-27,78.53260803222656,79.18240928645619,78.2541278508927,78.90392202289702,216482,79.1638412475586,78.57438583374024,79.82911262512206,50.00666322694848,0.36898367348520367,0.3019233597075527,0.06706031377765098,80.56074098602181,78.57438583374024,76.58803068145866,183762.3,1.1780544758092384,0.8329467131818702,-0.704225148312887,-0.1885106866633124,-0.9287980727548772,1.0930318688923357,3.1188421564385393
2025-05-28,78.81109619140625,79.0895763759048,78.068468201626,78.90392291957244,155081,78.959619140625,78.64864807128906,79.8275655110677,51.795199200479814,0.3344787058723142,0.308434428940505,0.026044276931809218,80.54759671785285,78.64864807128906,76.74969942472526,180211.25,0.86055115870957,0.8580349079947933,0.3546146831968189,0.16646820635146664,0.09927402266578511,1.3214802776898793,-0.22285930696740452
2025-05-29,79.55371856689453,79.83220583875715,78.71827091575771,79.08957783527384,197318,78.97818450927734,78.75075874328613,79.78269844055175,56.28626529867668,0.3628737075721489,0.31932228466683377,0.04355142290531511,80.61149176581188,78.75075874328613,76.89002572076038,180515.5,1.0930806495841077,0.892154909995412,0.942281495088837,-0.049388342657963324,-0.04878761184228253,2.5136320470837026,2.2335628659406748
2025-06-02,78.53260803222656,79.0895754771196,78.34695457800399,78.90392202289702,168747,78.90392150878907,78.77860679626465,79.70688870747884,49.462492457162334,0.2995290798412782,0.31536364370172265,-0.01583456386044446,80.60688388311776,78.77860679626465,76.95032970941155,182037.85,0.9269885356259701,0.9341027871814296,-1.2835484664482921,0.07001895010041448,-1.6142080316433494,-2.9784252837181113,-4.000002793845403
2025-06-03,78.53260803222656,79.0895754771196,78.53260803222656,78.53260803222656,99051,78.79252777099609,78.86215171813964,79.60013631184896,49.462492457162334,0.24648666119354345,0.3015882472000868,-0.05510158600654336,80.4597658396678,78.86215171813964,77.26453759661149,175280.4,0.5651002622084386,0.88381807487631,0.0,0.38934277980975374,0.5914415066209822,0.0,-1.8229114246696043
2025-06-04,79.55371856689453,79.64655237899909,78.71827091575771,79.08957783527384,197801,78.99674987792969,78.98746948242187,79.51040242513021,55.69225058421229,0.2835763569137839,0.2979858691428262,-0.014409512229042298,80.36354157974809,78.98746948242187,77.61139738509566,179167.6,1.1039998303264653,0.9145015777958058,1.3002376468242982,-0.0713650479945871,2.324806129025947,0.4592787383701946,2.2877912664048816
2025-06-05,79.55371856689453,79.55371856689453,79.1824116473784,79.27523837725744,90613,79.14527435302735,79.11742858886718,79.42221552530924,55.69225058421229,0.30940359593203937,0.30026941450066885,0.009134181431370514,80.1273282562645,79.11742858886718,78.10752892146986,178397.05,0.5079288026343485,0.8420756233585156,0.0,-0.07976061250243305,0.26061434732305155,-1.0827807253798283,-2.3014565469425596
2025-06-06,79.7393798828125,80.11069388815805,78.99675187212141,79.55371933902694,836955,79.18240661621094,79.205615234375,79.3324816385905,56.814812262611035,0.3409232346556763,0.30840017853167034,0.03252305612400597,80.0967567637451,79.205615234375,78.3144737050049,208369.8,4.0166809201717335,0.8783244757155996,0.23337855132674612,0.011020349999935064,-0.06352892070761174,1.2649055736691395,0.4313270599146435
2025-06-09,79.64655303955078,80.01785996214636,79.36806576537852,80.01785996214636,1223455,79.40519561767579,79.2566707611084,79.23037071228028,56.05019432017834,0.35432795288657815,0.3175857334026519,0.03674221948392625,80.12455690890293,79.2566707611084,78.38878461331386,264159.2,4.63150630377439,0.8478537718558987,-0.11641279804048832,-0.09216583404251244,0.5984531649308789,1.1770303926861292,1.5196516552920647
2025-06-10,79.64655303955078,80.01785996214636,79.46089249602741,79.64655303955078,1207610,79.62798461914062,79.28916053771972,79.12361844380696,56.05019432017834,0.3607922996157953,0.32622704664528057,0.034565252970514715,80.16469547990025,79.28916053771972,78.4136255955392,314829.7,3.8357562834764316,0.809068931090972,0.0,-0.013037526208137251,2.073637303314224,0.7122605187238173,0.423045797204713
2025-06-11,79.46089172363281,79.92503245459122,79.36806499388624,79.64655226535147,221263,79.60941925048829,79.31700897216797,79.00139465332032,54.35340897012559,0.3469347762721071,0.3303685925706459,0.016566183701461235,80.17623013438208,79.31700897216797,78.45778780995386,313598.25,0.7055619730020815,0.7754554017061733,-0.2331065298278201,-0.08323425859342315,1.0248967858730973,2.003763964828642,2.4627282092946734
2025-06-12,78.53260803222656,78.99674875000831,78.43978130511528,78.90392202289702,458333,79.40519714355469,79.26595344543458,78.86369946797689,46.73542643478651,0.2580729489673246,0.31590946384998164,-0.057836514882657064,80.18520483911584,79.26595344543458,78.34670205175331,324773.7,1.4112380405186749,0.8082094039476886,-1.1682271256593046,-0.2723416236173337,-0.8112082280176014,-1.1093219543732435,-2.4667992046464526
2025-06-13,77.88282012939453,78.43978761912064,77.60433284341855,78.34696088453727,447392,79.0338851928711,79.17776679992676,78.71981595357259,42.26945986421865,0.13367592451153598,0.27946275598229253,-0.14578683147075655,80.26612856957087,79.17776679992676,78.08940503028265,329537.45,1.357636286862085,0.8242181752623988,-0.8274115926028891,-0.9470802353383045,-0.9640740581055907,-2.734276123599755,-3.177688338571405
2025-06-16,77.88282012939453,78.16130033314464,77.69715957800192,77.9756468639779,118269,78.68113861083984,79.08958015441894,78.57902666727702,42.269459864218646,0.03469049595487661,0.23050830397680935,-0.19581780802193274,80.29728459062505,79.08958015441894,77.88187571821283,325616.35,0.36321579060756626,0.7762078525797752,0.0,-0.06841860324496851,-0.10442115322505385,0.14416104954702025,1.2391225699137198
2025-06-17,78.34696197509766,78.6254421827241,77.88282121349427,77.88282121349427,278715,78.42122039794921,79.04780769348145,78.4475201924642,46.50429622569924,-0.006231963182486311,0.18316025054495025,-0.18939221372743656,80.29900315663896,79.04780769348145,77.79661223032393,327379.85,0.8513505030929669,0.7717297460130811,0.5959489460345635,-1.694628077349214,0.7332888142830063,1.1276319585431072,1.1247016797123477
2025-06-18,78.99675750732422,79.9250390457939,78.53261673808937,78.62544347549112,891395,78.3283935546875,79.02460098266602,78.31601371765137,51.83156079843374,0.013612841638874329,0.14925076876373508,-0.13563792712486075,80.26066217944573,79.02460098266602,77.7885397858863,367890.65,2.4229890050209213,0.8792427226375021,0.8293819132809466,2.213760753044025,0.6534454580739535,0.8778247307904552,1.341192102518618
2025-06-19,78.71826934814453,79.18241007052221,78.71826934814453,78.90392280420545,362200,78.36552581787109,78.96890411376953,78.190695699056,49.55395590278265,0.006790053896111203,0.12075862579021031,-0.1139685718940991,80.15094906792417,78.96890411376953,77.78685915961488,378798.65,0.9561808100424856,0.8238957892695256,-0.35253112655144747,-0.3555156620861588,-1.579973732043427,-2.0931286284358697,-0.9683727326785574
2025-06-20,77.69715881347656,78.71827413052368,77.69715881347656,78.71827413052368,1219006,78.3283935546875,78.88071746826172,78.05454762776692,42.22697905476065,-0.08008892563537984,0.08058911550509229,-0.16067804114047213,80.16680418150763,78.88071746826172,77.59463075501581,435396.95,2.7997577842472254,0.8501917263065382,-1.2971709656775299,0.1001978324495223,0.19197052457564645,-0.8647704562750547,2.9009206779375685
2025-06-23,76.10745239257812,76.70359281313202,74.8158160781008,76.70359281313202,1220930,77.97332000732422,78.74089393615722,77.91511154174805,33.83845011352676,-0.2740579953042328,0.009659693343227263,-0.28371768864746005,80.52715959038686,78.74089393615722,76.95462828192758,488438.3,2.4996606531469787,1.121011860849102,-2.046029024967,-0.1295159830334014,-1.423044541892171,-0.6299917910087438,-1.2987088586047024
2025-06-24,77.00166320800781,77.29973719449595,74.51773858839466,76.40552281536793,674568,77.70426025390626,78.63649826049804,77.78748486836751,40.94501946275213,-0.35157183959394445,-0.06258661324420708,-0.28898522634973733,80.57456096057362,78.63649826049804,76.69843556042247,514259.2,1.3117276268465397,1.3424767602160594,1.1749320037900635,0.4770922482972173,2.101692545040379,1.2435955717936098,0.44930264244946727
2025-06-25,77.29973602294922,77.29973602294922,76.60423259179669,77.1010175081901,235559,77.36485595703125,78.57485466003418,77.66792017618815,43.13755670439371,-0.38451765441713803,-0.12697282147879327,-0.25754483293834474,80.60315728566444,78.57485466003418,76.54655203440392,515213.05,0.45720697486214684,1.2562136496742555,0.38709919048918184,-0.727242575527054,1.0899645222608445,0.8670555778443667,1.5654895979298589
2025-06-26,76.90230560302734,77.69715691102162,76.80295013707007,77.29973504719256,260451,77.00166320800781,78.47941513061524,77.55410881042481,40.95425908356593,-0.43765178608813926,-0.18910861440066248,-0.24854317168747678,80.6364594549698,78.47941513061524,76.32237080626068,520481.55,0.5004039048070004,1.2079460662445618,-0.5141420144098352,-0.3944568587657682,0.27520638301874456,1.1461285328474569,0.0943683278643137
2025-06-27,77.79652404785156,77.79652404785156,77.0016651177275,77.29973911160816,183307,77.02153625488282,78.39155540466308,77.5000680287679,47.404463645757026,-0.4029599416724494,-0.23187887985501987,-0.17108106181742955,80.50710270280318,78.39155540466308,76.27600810652298,519781.0,0.35266198649046426,1.1661157167218494,1.1627979653044518,-1.7820919230510768,0.39008940370151013,2.148256806151494,5.311119930289476
2025-06-30,77.49845123291016,77.89588070401805,77.10102176180226,77.49845123291016,222010,77.29973602294922,78.33984756469727,77.42094650268555,45.61566145951287,-0.3949654739726043,-0.2644961986785368,-0.1304692752940675,80.49113026477002,78.33984756469727,76.18856486462451,522444.15,0.42494494387581905,1.1166148134543756,-0.3831441296246907,0.957698278482022,-1.4351611940869091,-0.4391116443399512,1.1936786146927947
2025-07-01,78.09458923339844,78.09458923339844,77.20037484615406,77.49844883534766,191663,77.51832122802735,78.31794662475586,77.34093068440755,49.703467195861656,-0.3366458029554593,-0.2789261195339213,-0.05771968342153799,80.46988499171111,78.31794662475586,76.16600825780061,527074.75,0.3636353287650376,1.0869614232930422,0.7692256954873633,0.3835740796985343,1.3376209140048223,-1.717725824914318,-3.5092874054519663
2025-07-02,78.09458923339844,78.09458923339844,77.49844883534766,77.89587829416033,145050,77.67729187011719,78.24499015808105,77.3986099243164,49.70346719586166,-0.2871173336063464,-0.28056436234840637,-0.006552971257940021,80.31801425486536,78.24499015808105,76.17196606129674,524437.2,0.2765822104152795,1.0215186199274071,0.0,0.06608253165516498,0.10649919614669212,-0.7557921709203441,-1.8643016915857236
2025-07-03,78.69072723388672,78.69072723388672,77.79652045422363,77.79652045422363,248271,78.03497619628907,78.20184059143067,77.5033561706543,53.73643590209434,-0.1974858167427982,-0.2639486532272847,0.06646283648448653,80.19453572978237,78.20184059143067,76.20914545307896,532320.1,0.4663941865054504,1.0045437078921653,0.7633537820483705,-0.8820979000624507,0.5989548437806524,2.64160961084583,1.6817172167155503
2025-07-04,78.09458923339844,78.98880362064281,77.79652282454127,78.6907296314492,140200,78.09458923339844,78.11960105895996,77.69563636779785,49.46503976940319,-0.172566311355979,-0.24567218485302358,0.07310587349704459,79.9762346883626,78.11960105895996,76.26296742955732,497482.35,0.28181904342937997,1.0295753196534156,-0.7575708364168765,-0.17605120273233021,-0.7285295494271593,-1.2056576605923408,-0.8269516205805627
2025-07-07,77.20037078857422,78.6907254955377,77.00165985978016,77.59780022649835,166050,78.03497314453125,77.99729194641114,77.76316617329915,43.83624013335172,-0.22240957981262,-0.2410196638449429,0.018610084032322893,79.74975677416242,77.99729194641114,76.24482711865986,444612.1,0.37347161716921334,1.1175073618006328,-1.145045327214289,-0.05568275052999505,-0.526795861514584,-2.0887191463797583,-2.038297252571064
2025-07-08,77.00166320800781,77.00166320800781,76.30616734665068,76.80295227057331,152340,77.81638793945312,77.86504745483398,77.81810137430827,42.674155241434924,-0.2747773084797984,-0.247771192771914,-0.027006115707884415,79.48786657046293,77.86504745483398,76.24222833920504,391848.6,0.3887726024796312,1.08773350581702,-0.2573920028319576,0.57887679791917,-0.2962771383824059,1.7018188488238994,3.02648191246373
2025-07-09,76.8029556274414,77.49845151919696,76.70359257404488,76.70359257404488,110254,77.55806121826171,77.73215065002441,77.86508344014486,41.48967114601704,-0.3285261073556285,-0.26392217568865695,-0.06460393166697154,79.2356492257838,77.73215065002441,76.22865207426501,386298.15,0.28541166971677184,1.048683564395029,-0.258056218902214,0.13347628020465852,0.7366883497436749,1.4848119494173195,0.5201955547422754
2025-07-10,77.00166320800781,77.00166320800781,76.50487828408518,76.60423375280244,170290,77.22024841308594,77.65560340881348,77.88443463643392,43.18787574420188,-0.35104178543417675,-0.2813460976377609,-0.06969568779641583,79.14331469406143,77.65560340881348,76.16789212356552,371896.0,0.4578968313722116,0.9750970789987095,0.25872387194354474,0.3384095530795994,0.7379596142790046,-1.0218347230120495,-1.6133902279271362
2025-07-11,77.49845123291016,77.49845123291016,76.60423681800155,76.80295534372384,115274,77.10102081298828,77.63638496398926,77.92289555867514,47.30565314460362,-0.32505198381765865,-0.2900872748737405,-0.03496470894391818,79.12166611901876,77.63638496398926,76.15110380895976,355290.1,0.3244503576091763,0.9643127237866953,0.6451653174819771,0.12805520532523929,0.25461005750608834,1.7831991301958006,3.0012322579103357
2025-07-14,77.29973602294922,77.49844695737208,76.70358805900813,77.49844695737208,107518,77.12089385986329,77.60723075866699,77.96268603006999,45.87337551019364,-0.31683723310283085,-0.2954372665195586,-0.021399966583272256,79.09503297989292,77.60723075866699,76.11942853744105,354752.55,0.3030788644084447,0.94171945046874,-0.25641184668804273,-0.10259100165578294,-0.5980326954644122,-2.097744442073457,-0.0901162268067246
2025-07-15,77.49845123291016,77.49845123291016,76.80295534372384,77.49845123291016,101618,77.22025146484376,77.56480522155762,78.00733540852865,47.582505553760924,-0.2909385685504162,-0.2945375269257301,0.0035989583753138765,79.01161809446387,77.56480522155762,76.11799234865137,345897.7,0.29378050215424967,0.9088896422977505,0.25707100720491205,0.45562082851131613,0.9770905870307711,0.7534669933970006,1.4732434091044633
2025-07-16,78.29330444335938,78.39265990877848,76.8029497210645,76.90230518648359,179812,77.51832122802735,77.52963256835938,78.06987380981445,53.85867591480487,-0.2039249590954455,-0.2764150133596732,0.07249005426422772,78.85933392228718,77.52963256835938,76.19993121443157,310318.55,0.5794432849728126,0.9996657150199159,1.025637542175395,0.14311890542244576,0.9062948249833447,-0.30380651764122524,-2.103701654287593
2025-07-17,78.88945007324219,78.88945007324219,77.9952356642094,78.09459113624935,171989,77.89587860107422,77.53819160461425,78.15472501118978,57.927482799846466,-0.08587219535409929,-0.23830644975855844,0.15243425440445915,78.9018772560614,77.53819160461425,76.17450595316711,300808.0,0.5717567351932129,0.9856055408882984,0.7614260684501994,0.04389327295191148,0.3054255543222917,0.8438794912337899,0.48425900787749665
2025-07-18,79.18751525878906,79.18751525878906,78.59137485547676,78.88944884730115,121628,78.23369140625,77.61270942687989,78.22133700052898,59.834580336521746,0.0313751664852191,-0.18437012650980295,0.21574529299502204,79.16307257393838,77.61270942687989,76.0623462798214,245939.1,0.49454519431843086,0.9336768558781658,0.3778264207319859,0.007486413359902855,1.1675174216255968,0.650862116387585,0.9036126328488381
2025-07-21,79.48558807373047,79.48558807373047,78.39266275378395,78.39266275378395,206255,78.67086181640624,77.7816162109375,78.28363393147787,61.70406901713419,0.14665597177933876,-0.11816490685197462,0.26482087863131337,79.37690589717644,77.7816162109375,76.18632652469856,195205.35,1.05660526209963,0.9549099844206127,0.3764139005590472,-0.08570458320372731,-0.182055656943525,0.650862116387585,0.9036126328488381
2025-07-22,77.8958740234375,79.28687326285059,77.7965185592657,79.1875102183428,167715,78.75034637451172,77.82632675170899,78.31634140014648,48.68814306761913,0.10848960186640966,-0.07283400510829777,0.18132360697470742,79.3791344722871,77.82632675170899,76.27351903113087,169862.7,0.9873562589079297,1.0527979217598327,-2.000002879538809,-0.15113747849135883,-1.5108489973571504,-0.946881483677009,-1.1343290530570815
2025-07-23,79.18751525878906,79.18751525878906,77.99523445216445,77.99523445216445,120191,78.92918853759765,77.92071571350098,78.3566520690918,56.68325660460806,0.18038773422060217,-0.022189657242517778,0.20257739146311995,79.56552297881818,77.92071571350098,76.27590844818378,164094.3,0.7324507920141041,1.0846436969053967,1.6581638649602048,0.22295619800545285,1.4387991654924104,4.103516858753897,9.601448120741507
2025-07-24,79.38623046875,79.38623046875,78.49201611091287,78.69072704361615,88396,79.02854461669922,78.0449119567871,78.3909917195638,57.77335909247627,0.25051440470328146,0.032351155146642066,0.2181632495566394,79.74027325490563,78.0449119567871,76.34955065866858,155491.55,0.5684939149426448,1.059253118362961,0.25094260037270555,-0.5605654715466812,0.23612215902308886,1.1646253123178463,1.5151519297801563
2025-07-25,79.28688049316406,79.48559143962845,79.08816196636296,79.38623596639626,98473,79.04841766357421,78.11942977905274,78.42058130900065,57.00100687503791,0.29467673361359914,0.08481627084003349,0.20986046277356565,79.89780386487513,78.11942977905274,76.34105569323035,151249.85,0.6510618027059201,0.9710099656832981,-0.1251476169095156,0.5363622959012604,-0.040000501364123586,-2.0146148448369483,-1.4653987058863893
2025-07-28,79.38623046875,79.58494140145328,78.79009009030398,79.18751195571053,146483,79.02854614257812,78.21381874084473,78.44409103393555,57.611277948855125,0.33384406362011987,0.13462182939605077,0.1992222342240691,80.05277739690537,78.21381874084473,76.37486008478409,147473.5,0.993283539076512,0.9475221450787652,0.12530443242058098,0.27559243417745183,0.20800726399519132,1.1070894088022643,1.679976652722992
2025-07-29,78.98880004882812,79.38622948966932,78.98880004882812,79.28687402454304,83267,79.24713134765625,78.2585292816162,78.4795425415039,54.29174975142099,0.32902237626828423,0.17350193877049747,0.15552043749778677,80.12850266515788,78.2585292816162,76.38855589807453,142053.7,0.5861656542561017,0.8741765817245133,-0.5006289095415895,0.6277126261405197,-0.9031782082688844,-0.5586557970433614,-2.4376982883652087
2025-07-30,79.28688049316406,79.28688049316406,78.69073249309749,78.79009554666638,90019,79.26700439453126,78.31814384460449,78.51686782836914,56.324409562717,0.34527365522717446,0.20785628206183288,0.13741737316534158,80.2413732621514,78.31814384460449,76.39491442705759,139302.15,0.6462140031578838,0.8371061041701219,0.3773705185439846,0.10959038727660353,1.1214833214890696,-3.0786448194715654,0.3609022846687848
2025-07-31,79.58494567871094,79.68430115040239,78.7900943248427,79.28687926363656,389303,79.30674743652344,78.3628547668457,78.56070798238119,58.320389655751136,0.3778486759910038,0.24185476084766708,0.13599391514333672,80.36260955644697,78.3628547668457,76.36309997724443,146353.75,2.660013836338324,0.8447195336887312,0.3759325422981741,0.46648917126204115,0.34438577266941994,5.14721434318266,2.738588658616825
2025-08-04,79.38623046875,79.38623046875,78.59137157726451,78.98880102300726,81110,79.32661743164063,78.42743682861328,78.58421770731609,56.4676199363497,0.3832125225071792,0.2701263131795695,0.11308620932760971,80.47360170671558,78.42743682861328,76.38127195051098,143399.25,0.5656235998444901,0.8645668093897573,-0.24968944599542686,-0.30428543721531254,-0.23658148505263377,-1.6244429900783564,-5.063968866197177
2025-08-05,80.18108367919922,80.18108367919922,79.18751383147513,79.18751383147513,241350,79.48558807373047,78.57647247314453,78.61014506022136,61.707859876238224,0.4464549657963346,0.3053920437029225,0.1410629220934121,80.67973358053983,78.57647247314453,76.47321136574924,147164.25,1.6400042809310005,0.8817672145010016,1.0012482086072971,0.23176060718361757,1.204718422705664,1.276981621170048,1.824817365577136
2025-08-06,80.28044891357422,80.47915985639365,79.9823749190085,79.9823749190085,118435,79.7439178466797,78.74041175842285,78.63153991699218,62.31851911903407,0.4988426541263493,0.34408216578760786,0.15476048833874145,80.83795916385996,78.74041175842285,76.64286435298574,145469.0,0.8141597178780359,0.8304362442188872,0.12392603069890651,0.1783585840453794,-0.9012052115274116,0.5869602630479642,-0.24813640929360892
2025-08-07,80.77722930908203,81.17465117237498,80.47915533127619,80.9759402407285,197522,80.04198760986328,78.93912544250489,78.66276168823242,65.29811289859319,0.573831528053617,0.39003203824080973,0.1837994898128073,81.01676307977885,78.93912544250489,76.86148780523092,149832.4,1.3182862985575885,0.8389383794964702,0.6188062003024131,-0.07582910609321702,2.3730184169192814,1.9667096183160648,3.758980768953557
2025-08-08,80.37979888916016,80.975939257195,79.88301398574178,80.975939257195,195657,80.20095825195312,79.1080322265625,78.67652969360351,61.133364814771184,0.5943402530108131,0.4308936811948104,0.16344657181600264,81.06842618572982,79.1080322265625,77.14763826739518,151100.75,1.2948777554049202,0.8728032984240357,-0.4920079870543326,-0.3563459079548914,0.07286453218204869,2.077152526035553,1.4917444537545066
2025-08-11,79.98237609863281,80.2804500975947,78.9888062092088,80.18108704438295,254660,80.32018737792968,79.23222846984864,78.68212674458822,57.204266685243525,0.5719319915191079,0.45910134325966995,0.11283064825943795,81.07443357594958,79.23222846984864,77.39002336374769,158070.05,1.611057882249041,0.9418952159610113,-0.4944311829833903,0.1439209000700048,0.4755796968586967,2.077152526035553,1.4917444537545066
2025-08-12,80.08172607421875,80.08172607421875,79.38623023149961,79.58494116360903,121418,80.3003158569336,79.3713279724121,78.68937962849935,57.932154625210536,0.5557832719752867,0.4784377290027933,0.07734554297249335,81.00777560398772,79.3713279724121,77.73488034083648,158765.05,0.7647652931170935,0.9090419661954285,0.12421483385718357,0.3249476487076741,0.09471266391829491,-0.9136255757229428,0.6824120156242897
2025-08-13,79.68429565429688,80.4791545336775,79.68429565429688,80.28044360400038,165256,80.18108520507812,79.48062019348144,78.69774436950684,53.97710732135916,0.5050935776155399,0.4837688987253426,0.021324678890197235,80.86258673573289,79.48062019348144,78.09865365123,161946.95,1.0204329257204288,0.8938175546201216,-0.4962810361424319,-0.23340628022624488,0.8761363011638768,1.6974124435986448,3.9624633540440213
2025-08-14,79.98237609863281,80.2804500975947,79.48559115392081,79.98237609863281,125579,80.02211456298828,79.56507377624511,78.70643577575683,56.38231024369717,0.48340187443039895,0.4836954938663539,-0.00029361943595496154,80.84414349440341,79.56507377624511,78.28600405808682,159235.3,0.7886379464854841,0.8806230731606237,0.37407677621841273,0.20617018015440802,-0.541320542258239,-1.7308933714739072,-3.1594770424557383
2025-08-15,79.98237609863281,80.2804500975947,79.58494662679588,79.98237609863281,92228,79.94263000488282,79.61972007751464,78.70893859863281,56.38231024369717,0.46089809701263107,0.4791360144956094,-0.018237917482978316,80.87032341476576,79.61972007751464,78.36911674026352,155247.25,0.594071714635847,0.8559404595123822,0.0,0.4652728781409321,0.39764198071750023,0.6500278671424109,-0.6991188495613865
2025-08-18,80.37979888916016,80.57850981839309,79.48558454693988,80.28044342454369,186700,80.02211456298828,79.6793342590332,78.72425371805826,59.64352699763726,0.46971777495232914,0.47725236658695336,-0.0075345916346242214,80.95657496426688,79.6793342590332,78.40209355379952,158500.85,1.1779116641961225,0.8875384344378261,0.4968879519623881,-0.2992125774545329,0.6083510296844397,1.8125001102816007,0.3129042030054041
2025-08-19,80.37979888916016,80.37979888916016,79.98236945035825,80.08172491497471,144509,80.08172912597657,79.72404479980469,78.74885164896646,59.64352699763726,0.471274869919867,0.47605686725353613,-0.00478199733366913,81.03489150129761,79.72404479980469,78.41319809831177,155413.55,0.9298352685464042,0.8221905683530369,0.0,0.12037876283805815,-0.5269863303297595,-0.7571068801660807,1.741613993283475
2025-08-20,80.28044891357422,80.37980438498394,79.28687903880393,80.37980438498394,198500,80.20095977783203,79.84327354431153,78.76869951883951,58.37805941921428,0.45919880815344527,0.472685255433518,-0.013486447280072755,80.85323267691815,79.84327354431153,78.8333144117049,156952.8,1.2647114291685144,0.8582885387299668,-0.12360067698469202,0.2737679299698925,-2.989552002278928,-1.4432982913029635,-1.5074044123502106
2025-08-21,80.67787170410156,80.67787170410156,80.2804498140052,80.2804498140052,191564,80.34005889892578,79.91779136657715,78.80445391337076,61.86379813696287,0.4762077138981482,0.4733897471264441,0.0028179667717040946,80.94382716444275,79.91779136657715,78.89175556871155,160521.45,1.1933856814774597,0.7968397723029503,0.49504305955636596,0.5739473988298771,1.4251223005524505,0.02091870534581819,-0.726336987275622
2025-08-22,82.5656509399414,82.8637249195705,80.47915582354634,80.47915582354634,806042,80.8567138671875,80.07676239013672,78.86702982584636,73.30156850323849,0.6346989869115873,0.5056515950834728,0.12904739182811453,81.61393186909264,80.07676239013672,78.5395929111808,196403.75,4.104005142468003,1.008537015465779,2.339897168784466,0.7790624202977492,-0.8248855555042067,-0.020914330338672737,0.07839607128026227
2025-08-25,83.26115417480469,83.85729455236039,82.76436926345224,83.4598651072112,450375,81.4329849243164,80.27547607421874,78.92882041931152,76.14075116780047,0.8071217638552355,0.5659456288378253,0.2411761350174102,82.32488793314579,80.27547607421874,78.2260642152917,213998.85,2.104567384357439,1.0462845617262058,0.8423638970268543,-0.4872876866823028,2.158306669891674,1.6108758089712572,-1.3054804045987467
2025-08-26,83.16179656982422,83.95665551213293,82.86373015171095,83.16179656982422,455250,81.98938446044922,80.46425437927246,79.00597356160482,74.91510913426254,0.9250869025008797,0.6377738835704362,0.2873130189304435,82.83858047238223,80.46425437927246,78.08992828616269,229437.2,1.9842030847656786,1.0525033348856414,-0.11933248579748534,0.2525750082704059,0.11417520761634048,-0.16471710058513223,0.8465630643329503
2025-08-27,83.95664978027344,84.0560052461947,83.16179089223107,83.16179089223107,349780,82.72462463378906,80.71264686584473,79.0963742574056,77.97022109215922,1.070374524751955,0.72429401180674,0.3460805129452149,83.44890052794703,80.71264686584473,77.97639320374243,242762.85,1.440830011676004,1.0313981374293737,0.9557912926782874,0.3370125372272659,0.8837683642618943,0.10312574683200015,0.9706112361506536
2025-08-28,84.45343780517578,84.45343780517578,83.85729740732418,83.95665287691004,422575,83.4797378540039,80.97097473144531,79.17803624471028,79.6392986479608,1.211635672094701,0.8217623438643322,0.3898733282303688,84.08933094047592,80.97097473144531,77.8526185224147,259390.65,1.6291065233076059,0.973363772152337,0.5917196865316887,0.09297408164834486,-1.1560045814190012,0.5562355438341049,1.1171704336574662
2025-08-29,84.95022583007812,85.04958130328573,84.3540854104958,84.95022583007812,370751,83.95665283203125,81.23923873901367,79.26797803243001,81.17525921691411,1.3481323602090782,0.9270363471332815,0.4210960130757967,84.75353262140801,81.23923873901367,77.72494485661933,258463.05,1.4344448848684561,0.9363147215706835,0.5882389607968053,-0.2688503744142423,-0.01382054501782859,-0.34829000854138537,-0.5138672304085712
2025-09-01,83.65857696533203,84.75150984667007,82.86372564657448,84.75150984667007,283455,84.03613739013672,81.45285606384277,79.33329798380534,67.01913990856144,1.33667336185502,1.0089637500776292,0.3277096117773908,85.0120000372259,81.45285606384277,77.89371209045964,268580.3,1.055382691880231,1.0896727831617452,-1.5204772584474502,0.2220177645487098,-0.6659038390721239,-0.5756596973476857,-1.1105407117019683
2025-09-02,83.16179656982422,83.65858151368299,82.66501162596545,83.65858151368299,167550,84.03613739013672,81.60189170837403,79.39188537597656,62.50437042478268,1.272833563937624,1.0617377128496281,0.2110958510879959,85.18634623924261,81.60189170837403,78.01743717750544,264890.3,0.6325259928355248,1.0768590637691848,-0.5938188450344772,0.2120392800051274,-0.2282809370366512,0.7237383308513756,-0.235045901727593
2025-09-03,83.8572998046875,83.8572998046875,82.76437444732495,82.76437444732495,127179,84.01626739501953,81.78073425292969,79.46206448872884,65.96157859240316,1.2637931419807558,1.1021487986758536,0.16164434330490218,85.44364808741147,81.78073425292969,78.1178204184479,265327.5,0.4793283771942222,1.0790012362482997,0.836325408481664,0.38758813655075386,0.3477630507512153,-0.47217246793883616,-0.8115186394509144
2025-09-04,84.35408020019531,84.45343566726602,83.95665075157622,84.05600621864694,139919,83.99639587402343,81.95957679748535,79.54361763000489,68.21584640005015,1.2819371945965798,1.138106477859999,0.14383071673658088,85.7627845414161,81.95957679748535,78.15636905355461,262447.35,0.5331316928900216,1.0146191864256624,0.592411628641587,-0.07155659478953469,0.33007400549494026,1.1963593433285569,1.5835280884162417
2025-09-05,83.95664978027344,84.45343469021589,83.45986487033099,83.85729431435219,187800,83.7976806640625,82.13841934204102,79.63401832580567,64.53367631878474,1.2498397983947314,1.1604531419669455,0.08938665642778587,85.9651606402349,82.13841934204102,78.31167804384714,262054.5,0.716644820066055,1.0118126042202271,-0.47114546087001496,-0.09113950204554522,1.3016229374229527,1.8956378100669857,5.637830389309517
2025-09-08,83.36051177978516,84.35408162798204,83.06243779319155,84.35408162798204,262235,83.73806762695312,82.30732612609863,79.72531318664551,59.35798784977548,1.1628939090421397,1.1609412953819844,0.0019526136601553112,86.03017605311392,82.30732612609863,78.58447619908334,262433.25,0.9992445698096564,1.049123434962929,-0.7100545365357758,-0.7004631226877445,0.215561079559623,1.0002039096841608,2.361042950124892
2025-09-09,84.45343780517578,84.55279327476164,83.65857888781602,84.0560083464959,281110,83.99639587402343,82.52591171264649,79.83482348124186,64.91379058229946,1.1687065401042673,1.162494344326441,0.006212195777826279,86.21173266885532,82.52591171264649,78.84009075643766,270417.85,1.0395393647275875,1.0682111762980697,1.3110836318733554,-0.4852509178164821,1.2538968205540568,-2.6539900039598496,-4.132629805588694
2025-09-10,84.55279541015625,84.85086940677817,84.25472899387096,84.45343993806115,203526,84.13549499511718,82.76933670043945,79.93825403849284,65.3771620712993,1.1678679655205713,1.163569068565267,0.004298896955304166,86.30497251111889,82.76933670043945,79.23370088976002,272331.35,0.7473469360027776,1.0052684078459562,0.11764779215936993,0.06758799645232294,1.3575043934189956,1.0986845546368196,1.0275687429142533
2025-09-11,84.25472259521484,84.85086296284868,84.05600408577953,84.45343352431411,222026,84.1156234741211,82.98295402526855,80.02588678995768,62.70182222686973,1.1301240376261035,1.1568800623774345,-0.026756024751330987,86.32030240269216,82.98295402526855,79.64560564784495,277153.7,0.8010934005210827,0.9772138037423815,-0.35252863432306825,-0.3782383940657219,0.09177735950691712,0.30187574446240983,-1.215574993561963
2025-09-12,86.83800506591797,87.73221943318507,84.05600649671732,84.05600649671732,1293868,84.69189453125,83.32573547363282,80.16121571858724,73.01013893935256,1.2937474930625825,1.184253548514464,0.10949394454811845,86.77195279331391,83.32573547363282,79.87951815395172,337235.7,3.83668751558628,1.3370803547724306,3.066038782317282,0.17595008979807147,1.026858565050115,1.4847435181293944,-0.5524888065323696
2025-09-15,86.53993225097656,87.23543569282856,86.14250279568061,86.73865076879272,464761,85.32777862548828,83.63374214172363,80.3085952758789,70.58601965295952,1.3834210584598168,1.2240870505035346,0.15933400795628216,87.07247269178718,83.63374214172363,80.19501159166008,351138.75,1.3235822021921533,1.3045273604224994,-0.34325156907409893,-0.0168380656651812,-0.4611663437352198,1.4847435181293944,-0.5524888065323696
2025-09-16,86.93736267089844,86.93736267089844,86.04314828164476,86.44057774135045,291050,85.8245635986328,83.96162033081055,80.48909378051758,71.92452863061634,1.469616494380631,1.2731929392789538,0.19642355510167708,87.34404555239097,83.96162033081055,80.57919510923013,358465.8,0.8119324074988465,1.2498189642666564,0.4592451248624396,-0.29982346654272574,1.0745701295846288,4.171615473886758,2.095961033914717
2025-09-17,87.9309310913086,88.42771601272841,86.93736124846895,86.93736124846895,772410,86.50019073486328,84.34414443969726,80.67124824523925,74.98877582124993,1.599659784044988,1.3384863082321607,0.26117347581282724,87.70402265916195,84.34414443969726,80.98426622023257,387161.3,1.9950599401334792,1.2818904042656976,1.1428554880038355,-0.48651948491017505,-0.7467550083917751,0.28467844299508993,3.5122461138007433
2025-09-18,88.62642669677734,88.92450068091493,87.93093084090471,88.92450068091493,574423,87.37453155517578,84.74157218933105,80.86002642313639,76.890180619022,1.7387969420923923,1.418548435004207,0.3202485070881853,88.15544858057248,84.74157218933105,81.32769579808962,406304.25,1.4137755142851693,1.2434476623649677,0.7909567166376696,0.1304608418786879,1.3016200996530891,0.3595734788724547,3.2258087486813025
2025-09-19,94.98527526855469,96.17756362576846,89.42128567589933,89.42128567589933,4914293,89.00398559570313,85.36255340576172,81.16140925089518,86.78327648584418,2.335250761763149,1.6018889003559955,0.7333618614071533,90.94156648842042,85.36255340576172,79.78354032310301,611716.8,8.033608035613865,2.084472897915121,7.17488993833999,0.08010681923562579,-0.7411524345470877,-1.7160033765390659,-3.2870336836562375
2025-09-22,99.15827178955078,102.33769220454788,97.86662798201908,98.16470196232216,12300982,91.52765350341797,86.15740928649902,81.5174383799235,89.85315351557269,3.1088339525047246,1.9032779107857414,1.2055560417189832,94.37953140612063,86.15740928649902,77.9352871668774,1204247.15,10.214665652312318,2.78686543632553,4.393308867293011,0.35037367829144905,1.1815861562103347,7.674597135005956,4.1646645174620245
2025-09-23,96.37627410888672,97.965984330698,94.58784537163885,97.965984330698,3950593,93.41543579101562,86.81813316345215,81.83206876118977,77.01086049938347,3.457563600895952,2.2141350488077833,1.2434285520881687,96.0842118729543,86.81813316345215,77.55205445394999,1379014.3,2.86479480307057,3.024673567203717,-2.8056133194499955,0.005624330335418648,1.417160099788184,7.674597135005956,4.1646645174620245
2025-09-24,96.67434692382812,98.66148657216715,94.48848876245349,96.27691747809308,4289255,95.16411895751953,87.45401802062989,82.14173138936361,77.38383446140926,3.7151602895636557,2.514340096958958,1.2008201926046977,97.5972645796597,87.45401802062989,77.31077146160008,1575988.05,2.721629139256481,3.1777834662050433,0.30928028469396907,0.18631834557791827,-0.19292856211109433,-0.21383577000940734,-2.251841649683517
2025-09-25,93.69364166259766,96.87306221071205,92.99813820621627,96.37627727629815,2583151,96.1775619506836,87.91602821350098,82.40171559651692,65.8744037170928,3.6368659901645373,2.738845275600074,0.8980207145644634,98.322162480261,87.91602821350098,77.50989394674096,1684016.85,1.5339223001242535,3.270735537977142,-3.083243234711508,0.2976129160905838,-0.6599329621733818,0.0,0.7522410309723337
2025-09-26,93.39556884765625,95.58141955450931,92.99813937904571,93.49492431972473,2260320,95.8596206665039,88.33829536437989,82.64679629007975,64.83590210669523,3.510300647960051,2.8931363500720697,0.6171642978879812,98.92159337929436,88.33829536437989,77.75499734946541,1778495.3,1.2709170499354145,3.1790748229753363,-0.3181355849256051,0.6501132916399088,-1.7043185521454118,0.2321407203542014,-0.6066353962274285
2025-09-30,96.37627410888672,96.37627410888672,92.99813514982756,93.79299405090134,1240571,95.3032211303711,88.97418022155762,82.95149103800456,69.93941537662869,3.6089133990038675,3.0362917598584294,0.5726216391454382,99.89641039786694,88.97418022155762,78.05195004524829,1826351.1,0.6792620542676596,3.2056167077865125,3.19148466892738,0.046643707979932,0.9390763957033643,2.4563311042782088,2.2851718986223624
2025-10-01,95.8794937133789,99.3569883040196,94.9852793025754,96.9724190686558,3572481,95.20386505126953,89.61006507873535,83.26280975341797,68.16378102373632,3.6054176778267077,3.150116943452085,0.4553007343746227,100.58817096261525,89.61006507873535,78.63195919485544,1996597.65,1.7892843858651242,3.361095680274203,-0.5154592248985956,-0.05285909728485194,0.6288447090782023,-2.7526169612526075,-1.3497748788239283
2025-10-02,96.7737045288086,97.7672743749353,95.87949015122729,97.36984492041735,1243434,95.22373657226562,90.25588531494141,83.59234377543132,69.65708753235734,3.6329245404962336,3.246678462860915,0.3862460776353185,101.32833655414399,90.25588531494141,79.18343407573883,2052410.4,0.6058408201400656,3.164654152732044,0.9326403183800958,0.01609605957935134,1.5220791911750853,1.1687359817073473,1.6041486635447466
2025-10-03,97.46920013427734,98.36341450952209,96.37627482246103,96.77370427594052,1690308,95.97884826660156,90.91164131164551,83.93678118387858,70.80415173839347,3.668555782733449,3.331053926835422,0.33750185589802717,102.06555378676624,90.91164131164551,79.75772883652478,2129929.85,0.7935979675574761,3.0076522239759127,0.7186824239653999,0.055177608565615266,1.4506947270404247,1.9314078330345819,2.623636754652292
2025-10-07,98.86019897460938,99.85376881355018,96.9724147645546,98.36341405513897,3375650,97.07177429199218,91.65681877136231,84.30109011332193,73.00238101954913,3.765627965108365,3.4179687344900107,0.34765923061835435,102.84561250182234,91.65681877136231,80.46802504090228,2289322.35,1.4745193048065075,2.990812467311868,1.4271162976773555,0.29750124162626346,1.684868471805201,-1.5281633164298092,-1.3507654566701555
2025-10-08,99.85376739501953,100.8473372198456,97.86662774536741,99.15827154977576,3202375,97.76727294921875,92.48148155212402,84.67367871602376,74.48040462340971,3.8780275493367213,3.5099804974593534,0.36804705187736797,103.52596702944543,92.48148155212402,81.43699607480262,2436329.35,1.3144261468590033,2.9894654016007105,1.005023690742668,0.0858699164537402,-0.5448692045472381,0.575419506715269,0.17668129194534643
2025-10-09,101.34412384033203,104.82161828583362,100.35055399876015,101.34412384033203,5167700,98.86019897460938,93.32601585388184,85.07441851298015,76.55390220030054,4.040784688750392,3.616141335717561,0.4246433530328311,104.36890173354053,93.32601585388184,82.28312997422316,2680658.85,1.9277723459663656,3.253250133495828,1.4925390240076553,-0.03831349420129193,0.8802950564221979,0.5547806000514077,0.5952381599259704
2025-10-13,101.34412384033203,101.84090876111797,97.46919994213442,97.46919994213442,2270111,99.77428283691407,94.16558227539062,85.4718463897705,76.55390220030054,4.122252137706965,3.7173634961154423,0.40488864159152316,104.95020616238538,94.16558227539062,83.38095838839585,2783988.1,0.8154169193467458,3.4023779582275244,0.0,0.2671434399057038,-1.3863493889187506,-2.0000022094964653,-3.068157645892322
2025-10-14,99.85376739501953,102.83447686949773,98.86019757019348,102.3376919570847,3266009,100.2511962890625,94.94553451538086,85.83118743896485,69.96129841190412,4.020213845523145,3.7779335659969826,0.24228027952616227,104.93950463683463,94.94553451538086,84.95156439392709,2936187.25,1.1123299442159216,3.4786314703710888,-1.4705898959278207,0.0847841788281345,-0.4838520946744862,-4.204781131940328,-3.2331029692624025
2025-10-15,102.83448028564453,102.83448028564453,100.35055564106375,101.34412549889606,2623569,101.04605255126953,95.74535827636718,86.23027127583822,74.66121461579004,4.132232578300517,3.8487933684576894,0.28343920984282756,105.56624262785229,95.74535827636718,85.92447392488208,3002672.3,0.8737446973484253,3.4122423264049435,2.9850780480153105,-0.02313105345168598,1.8010593746521364,3.030304127529093,4.018693041938404
2025-10-16,102.83448028564453,105.31840493022531,102.33769535672837,103.82805014347684,2439028,101.64219512939454,96.56008567810059,86.62438735961913,74.66121461579004,4.172905573173949,3.913615809400942,0.2592897637730074,105.85498040172729,96.56008567810059,87.2651909544739,3101385.65,0.7864317035193608,3.3547046260172095,0.0,-0.24149632990847492,1.364430807973327,-0.07130617162119934,2.3135668392111786
2025-10-17,104.32483673095703,105.81519154139927,102.33769698370071,102.83448192051479,4135114,102.23833770751953,97.42945938110351,87.03837483723959,76.76895481671757,4.276106233476668,3.9861138942160874,0.2899923392605803,106.17083011265754,97.42945938110351,88.68808864954948,3293588.85,1.255504007429464,3.371076616908057,1.4492769751670131,0.006860517943563238,-1.2496442248141726,0.4994642066477706,-0.9659707899298708
2025-10-20,114.75731658935547,114.75731658935547,105.31840310365091,106.3119729442514,11634357,104.92097625732421,98.77077865600586,87.65273221333821,85.72212639026378,5.140451511780071,4.216981417728885,0.9234700940511864,109.40344697069848,98.77077865600586,88.13811034131324,3836686.2,3.0323973328858638,4.312597049106774,9.999996343442863,0.03266778205262,1.4147553157768167,3.7806252622347936,5.475500984593995
2025-10-21,112.77017974853516,118.23481400947739,109.29268521884464,115.2541044125998,19820669,107.50425872802734,99.97796630859375,88.21244328816732,79.44180104035543,5.600546423299562,4.49369441884302,1.1068520044565417,111.22574112744823,99.97796630859375,88.73019148973927,4798998.5,4.130167783965759,4.929867947976905,-1.7315992564822968,-0.08033787001248127,0.23034471151326397,-0.1026238111519584,2.7112190353087984
2025-10-22,116.74446105957031,118.23481588160739,110.28625683074303,111.77661165278009,8560258,110.2862548828125,101.06592559814453,88.83508046468098,82.24372632434114,6.2142324394923065,4.837802022972878,1.3764304165194288,114.31217119440561,101.06592559814453,87.81968000188346,4981296.75,1.7184798315820073,5.332360095028565,3.524230714092469,0.2614607328592866,-0.37294058215946446,1.0101033114862767,1.39145407429897
2025-10-23,118.73159790039062,125.68658689873986,115.75088832966952,116.74445818657655,21704698,113.46567840576172,102.04459190368652,89.4924924214681,83.45773115313818,6.782741146723083,5.2267898477229195,1.5559512990001636,117.41873586080904,102.04459190368652,86.67044794656401,5451482.55,3.981430335863407,5.946138558234136,1.7021251567612694,0.22101202829689637,-0.42189869317011963,-1.694915395830987,-2.7648824698371155
2025-10-27,117.24124145507812,124.19623035495565,115.75088669081866,122.20909066927635,14519919,116.04895935058593,103.0878402709961,90.12340927124023,79.09017803497571,7.031968922884957,5.5878256627553275,1.4441432601296293,119.62978965217553,103.0878402709961,86.54589088981666,5979948.85,2.428100869123655,6.279365905687849,-1.255231523593936,0.1894395419437922,1.6757472785653427,0.7620977547480479,2.3927262525623716
2025-10-28,118.23480987548828,118.73159479093151,114.26053055194245,117.73802496004505,5537760,116.7444580078125,104.16586341857911,90.7775094350179,79.84735264014854,7.226355471387691,5.915531624481801,1.3108238469058904,121.7267442109353,104.16586341857911,86.60498262622292,6042374.1,0.916487444893556,6.038259016794676,0.8474564138685414,-0.7530777372024122,-0.15904147839432836,-0.9207484955256806,-0.6373160221708751
2025-10-29,114.75731658935547,120.22195071265811,114.26053166905523,119.72516579235787,5023908,117.14188537597656,105.21904716491699,91.36868336995443,70.25789504879728,7.018894123641218,6.136204124313685,0.8826899993275328,122.66160895863946,105.21904716491699,87.77648537119451,6164411.95,0.8149857668094359,6.028013687035771,-2.941175521654682,-0.18953750952860338,1.2366435536016018,1.1948149462903013,0.7385858935814227
2025-10-30,113.76374816894531,116.74445772795698,111.77660846293753,114.7573180219492,3859855,116.54574279785156,106.23745613098144,91.938330078125,67.75417511998185,6.6971067649622,6.248384652443389,0.4487221125188112,123.14356345749127,106.23745613098144,89.33134880447162,6244388.7,0.6181317636424523,5.886658430766929,-0.8657996282411484,0.3997594261948789,-0.025485081114973163,-0.5903578786495611,-0.7717567318997531
2025-10-31,113.26696014404297,114.75731488278038,110.78303557948063,114.26052996986792,2854384,115.45281524658203,107.08199043273926,92.50300890604655,66.47852950915741,6.32904404304243,6.264516530563197,0.06452751247923239,123.5969562803597,107.08199043273926,90.56702458511882,6325079.35,0.4512803463880655,5.631674547104639,-0.4366839462467298,0.21359802296341268,-0.19153205969807408,11.910262568798569,3.9471103847868116
2025-11-03,112.27339172363281,114.7573163192884,111.27982188537058,112.77017664276394,2513337,114.45924530029296,107.90168533325195,93.0378807067871,63.88779322131376,5.889290936285747,6.189471411707707,-0.3001804754219606,123.68676276680567,107.90168533325195,92.11660789969822,6272122.15,0.40071556960988075,5.344450532013064,-0.8771917416576014,0.16628250572858772,0.3585838583650913,11.910262568798569,3.9471103847868116
2025-11-04,113.76374816894531,115.25410294845115,112.77017831594142,113.26696324244337,2509012,113.56503295898438,108.75118751525879,93.59593569437662,66.02653661303927,5.596529433053632,6.070883015976893,-0.4743535829232606,123.82748417962208,108.75118751525879,93.67489085089551,6335401.05,0.3960304928130793,5.0292852910537675,1.3274351317194455,0.3940632008074152,-0.7694810409372921,1.945758379689888,-2.9180660246786116
2025-11-05,113.76374816894531,114.7573180219492,111.77660846293753,112.27339338943948,2904611,113.36631927490234,109.56591491699218,94.14571100870768,66.02653661303927,5.303379771740097,5.917382367129534,-0.6140025953894366,123.81347674379751,109.56591491699218,95.31835309018686,6396116.2,0.45412104927049324,4.7561418601148215,0.0,0.051456216481238215,-1.4208708043573326,-3.499131780813225,-3.15992163667127
2025-11-06,113.76374816894531,115.25410294845115,109.29268383042782,114.7573180219492,3809588,113.36631927490234,110.31109237670898,94.70211016337076,66.02653661303927,5.0132667348506885,5.736559240673765,-0.7232925058230766,123.73628861586167,110.31109237670898,96.8858961375563,6417813.1,0.5935959711883788,4.916845494502623,0.0,-0.08441462583944626,0.6580375706382924,0.3895688311258638,1.711102861449998
2025-11-07,107.3055419921875,113.26696099175346,106.808757075557,113.26696099175346,3247271,112.17403564453124,110.68368110656738,95.15749626159668,49.99969868972568,4.213654412818755,5.431978275102764,-1.2183238622840085,123.27458623596212,110.68368110656738,98.09277597717264,6420057.9,0.5058008900511629,5.188598241020715,-5.67685776946012,0.2780553192774038,-0.8890464487496197,-2.9253692298762624,-2.4647922636517605
2025-11-10,102.33769226074219,106.80875648572606,101.34412243296799,106.31197157183897,3155240,110.18689575195313,110.7333595275879,95.52842903137207,41.62892256484593,3.142862963557988,4.974155212793809,-1.8312922492358208,123.1760752395197,110.7333595275879,98.29064381565608,6319434.9,0.49929147936946067,5.291641083447221,-4.629630156294262,-0.038733360616827195,0.7887467877500054,-0.707260430571921,0.5014058445047764
2025-11-11,105.815185546875,108.79589499889964,103.33126100352112,103.33126100352112,3418857,108.59718322753906,110.95691261291503,95.96394386291504,48.17017106322029,2.5455145635886964,4.488427082952787,-1.9429125193640902,122.83729668204187,110.95691261291503,99.0765285437882,6376872.2,0.5361338431715786,5.447182637408586,3.3980571667305615,0.0,-0.30341598250608337,-1.5794386011026895,-2.274999714715076
2025-11-12,105.815185546875,107.30554027288731,103.8280459121919,106.31197045554578,1687485,107.007470703125,111.2549835205078,96.39449068705241,48.17017106322028,2.0484978449393623,4.0004412353501015,-1.9519433904107393,122.22683597567433,111.2549835205078,100.28313106534128,6297946.0,0.26794211954183156,5.184557533846831,0.0,-0.008074886659015235,0.5835555923585645,-0.5349258144336844,4.921383255271583
2025-11-13,108.7958984375,110.78303813498859,105.31840396689498,105.81518889126713,6952877,106.01390075683594,111.55305442810058,96.87471605936686,53.3652893146317,1.8735302435979975,3.575059036999681,-1.7015287934016836,121.86582264407846,111.55305442810058,101.2402862121227,6514411.4,1.067307017177331,5.221901085079734,2.8169046580791335,0.3223070095614844,-0.1557560988223461,0.2530863562269614,-0.622810891433645
2025-11-14,104.82161712646484,110.28625119466918,104.32483221117354,106.31197187233876,3809700,105.51711578369141,111.6524112701416,97.28207969665527,46.651003907749185,1.3980599072667985,3.1396592110531047,-1.7415993037863062,121.6448180898532,111.6524112701416,101.66000445043,6582945.0,0.5787227449112821,5.320503471535188,-3.6529697976787845,0.1957261013469047,-1.8136056365454567,-1.8933402929671939,-0.6854706974093072
2025-11-17,101.34412384033203,105.31840320661956,100.84733891954609,105.31840320661956,2045372,105.31840209960937,111.50337562561035,97.63148511250814,41.7063541421543,0.7322012345264426,2.6581676157477725,-1.92596638122133,122.03055478875889,111.50337562561035,100.9761964624618,6478457.9,0.3157189614522308,5.207244913606959,-3.3175344756771863,-1.8326170463155322,0.18180690528333265,0.16081866593591343,-1.2226315741891924
2025-11-18,99.35698699951172,102.33769660949707,99.25763152857951,100.35055686950683,2237145,104.02676239013672,110.73335914611816,97.94942741394043,39.15258772746401,0.04365487702024495,2.135265068002267,-2.091610190982022,122.44471438855184,110.73335914611816,99.02200390368448,6008597.3,0.3723240031412989,4.923620935915039,-1.960781509099685,2.0307929943259806,-2.518248208944085,-3.9498995666181425,-3.5935353819261273
2025-11-19,102.33769226074219,102.83447717462928,98.66148693011215,100.3505526051938,2006246,103.33126373291016,110.21173477172852,98.31042442321777,44.62947185618556,-0.2585249534864005,1.6565070637045334,-1.9150320171909339,122.45821217883704,110.21173477172852,97.96525736461999,5117876.15,0.3920075322651174,4.823536843728653,2.9999956231010927,-0.23030738201144096,-0.6577934530601293,1.1033037150315117,-0.8904487431288799
2025-11-20,112.27339172363281,112.27339172363281,109.2926822088461,109.2926822088461,2866680,104.02676239013672,109.98818130493164,98.8055534362793,58.15134929548662,0.30026203051804146,1.385258057067235,-1.0849960265491936,121.89095750279964,109.98818130493164,98.08540510706365,4833197.25,0.5931229063742433,5.505158526283583,9.708739022154077,0.2565641148130293,3.183733789520926,1.785715449942571,4.074378378556531
2025-11-21,104.82161712646484,112.7701757711257,104.32483221117354,111.27982102525178,15928812,104.02676239013672,109.29268226623535,99.16489448547364,48.57100041566425,0.140192753476569,1.136244996349102,-0.9960522428725329,120.65775395814296,109.29268226623535,97.92761057432773,4544402.95,3.505149559855822,5.897183197439392,-6.63716886322534,0.5422820276357987,-3.614843327615369,-1.4619852372294129,-3.0917466003484773
2025-11-24,104.82161712646484,108.29911153350396,103.82804729588224,107.30554170292136,4180931,104.72226104736328,108.67170104980468,99.52589149475098,48.57100041566425,0.013184713019839478,0.9116329396832494,-0.89844822666341,119.55511707751242,108.67170104980468,97.78828502209694,4027453.55,1.0381078138070643,5.707034002797036,0.0,-0.04305999745704003,0.2621560052100236,-1.4619852372294129,-3.0917466003484773
2025-11-25,103.33126831054688,106.80876291715182,102.33769842294546,105.81519302955041,2918594,105.51711730957031,107.92652397155761,99.84880180358887,46.78323963834834,-0.2053614887561821,0.6882340539953632,-0.8935955427515453,118.06859819026661,107.92652397155761,97.78444975284862,3896495.25,0.7490305550866513,5.542238068318278,-1.4217952906793063,0.27920716971145954,1.5391110399419539,0.7583205872659704,1.86450899023336
2025-11-26,104.32483673095703,104.32483673095703,102.83448192051479,103.33126685732887,1381932,105.91454620361328,107.4048999786377,100.17999178568522,48.15332553940561,-0.29498782426016135,0.4915896783442583,-0.7865775026044197,117.13238162727254,107.4048999786377,97.67741833000287,3714396.45,0.3720475233600872,5.001986967268141,0.9615370416475866,-0.12091894024681693,1.8481197988450715,3.697649533792924,0.40675364235596145
2025-11-27,105.815185546875,106.31197045554578,103.8280459121919,103.8280459121919,1957284,104.62290496826172,107.00747184753418,100.52774111429851,50.22346158131572,-0.24295797845063305,0.34468014698528004,-0.5876381254359131,116.27991864431456,107.00747184753418,97.73502505075379,3619267.9,0.5407955570241153,4.666245310746239,1.4285656825530735,-0.44348084794223475,0.5289772806627235,1.8933402929671939,3.5446662859105693
2025-11-28,104.32483673095703,108.29911622546967,104.32483673095703,107.30554635184151,1931654,104.52354888916015,106.56036567687988,100.87217877705892,48.15291389206916,-0.3183133269813254,0.21208145219195895,-0.5303947791732844,115.41491002871773,106.56036567687988,97.70582132504204,3573131.4,0.5406053636874367,4.573983201915094,-1.4084451189264935,0.2105664976116417,0.261122848805706,-0.4955131423863057,0.13693129636136447
2025-12-01,101.84091186523438,104.82162148080221,101.3441269293064,104.82162148080221,1073850,103.92740783691406,106.03874168395996,101.18349736531576,44.835242771114586,-0.5718727679449955,0.055290608164568045,-0.6271633761095636,114.70333127053811,106.03874168395996,97.3741520973818,3501157.05,0.3067128908141953,4.427784715192523,-2.380952555074145,0.19863050869839416,-1.027822462568817,0.342359815218507,-3.2037494063189564
2025-12-02,100.84734344482422,102.83448321713603,100.35055850174626,102.33769827405807,1196594,103.43062286376953,105.3929214477539,101.46666475931804,43.54291618500483,-0.8432724003231016,-0.1244219935329659,-0.7188504067901357,113.54334927349738,105.3929214477539,97.24249362201043,3435536.15,0.34829905661158594,4.168603381885489,-0.975608330888611,0.0608734112671927,0.8109719183892139,1.4888372559487495,0.5449042075077015
2025-12-03,102.33769226074219,103.82804700240348,101.84090734685509,101.84090734685509,1049350,103.03319396972657,104.82161865234374,101.76639162699381,46.05469413616419,-0.9274092734199257,-0.28501944951035785,-0.6423898239095679,112.05132270082086,104.82161865234374,97.59191460386663,3342773.1,0.31391601182862217,4.010216738644659,1.4778265495247078,0.01911236723253218,0.8299495511413513,1.3141813135169933,-2.42874671979183
2025-12-04,102.83448028564453,103.82805014347684,102.33769535672837,102.83448028564453,688396,102.43705291748047,104.27515525817871,102.08102213541666,46.90270818659751,-0.9431298953876848,-0.41664153868582327,-0.5264883567018614,110.19195634552264,104.27515525817871,98.35835417083479,3186713.5,0.2160206745915502,3.6742355578566586,0.4854399331544412,-0.2780117606670518,0.009613468300440076,3.9819003919386198,2.0777636153460177
2025-12-05,102.83448028564453,103.33126521456069,101.84091042781222,102.83448028564453,704221,102.13898162841797,104.05160217285156,102.405588277181,46.90270818659751,-0.9446987029648426,-0.5222529715416271,-0.4224457314232155,109.8223692064044,104.05160217285156,98.28083513929872,3059561.0,0.2301706029067569,3.3830514550422333,0.0,0.16062935130458644,0.6662167696174004,-1.9727303145215203,-1.9347051299564155
2025-12-08,104.32483673095703,104.32483673095703,102.83448192051479,103.82805179414295,922475,102.6357666015625,104.15095939636231,102.73677825927734,49.65619994120696,-0.8162731952813829,-0.5810570162895783,-0.23521617899180458,109.86563221047048,104.15095939636231,98.43628658225414,2947922.75,0.31292373587469346,3.130692120411602,1.4492769751670131,-0.2901310503285237,1.1539613810094718,0.5918882126695779,0.5343157267708953
2025-12-09,105.31840515136719,106.31197501128575,104.32483529144864,105.31840515136719,1564332,103.5299789428711,104.12612037658691,103.08287175496419,51.463266974864226,-0.6270936421031479,-0.5902643414522922,-0.036829300650855656,109.8145943536413,104.12612037658691,98.43764639953253,2855196.5,0.5478894359810261,2.9782184670016707,0.952379559406813,-0.3494935499670837,-0.42813960011827135,0.05884490126983888,-2.616508695748121
2025-12-10,107.3055419921875,107.80232690881799,105.3184023256655,105.3184023256655,3039295,104.52354888916015,104.20063819885254,103.46705207824706,54.946417764076806,-0.3132116385834962,-0.5348538008785331,0.22164216229503686,110.01982098529768,104.20063819885254,98.3814554124074,2922787.0,1.0398619536764053,2.9123126158217794,1.886789719198978,-0.043961550810267536,0.7739912655269743,0.14701124359208784,-0.8396337249982233
2025-12-11,103.82804870605469,108.29911300440155,103.82804870605469,107.802328082363,1920593,104.72226257324219,103.95224571228027,103.75021947224936,48.40044361784777,-0.3411301983825865,-0.49610908037934376,0.15497888199675725,109.35472368478842,103.95224571228027,98.54976773977212,2671172.8,0.7190073963017294,3.1201461734917904,-3.2407396874114758,-0.23755066327988406,-1.3238408398111412,-2.906633601032893,-3.683318602493768
2025-12-12,102.33769226074219,105.31840174406477,100.8473375190809,104.82161683017767,1571904,104.62290496826172,103.82804946899414,104.01351547241211,45.877854406546675,-0.4780050235107183,-0.4924882690056187,0.014483245494900432,109.2604983926083,103.82804946899414,98.39560054537998,2559283.0,0.6141970231506246,3.300268580357402,-1.4354083158509612,0.33175603858714986,0.618273245078016,2.812217026474406,2.835160418175553
2025-12-15,101.34412384033203,103.3312635234758,100.35055399876015,103.3312635234758,1138996,104.02676239013672,103.82804946899414,104.25362815856934,44.22308111749932,-0.6590548029627854,-0.525801575797052,-0.1332532271657334,109.2604983926083,103.82804946899414,98.39560054537998,2513964.2,0.45306770876053043,3.2576607062718352,-0.9708724111920364,0.449008499969894,-1.1741252883312847,-3.794118791871437,-4.103433464502926
2025-12-16,99.85376739501953,100.35055230743257,98.4627681241958,99.85376739501953,1466951,102.93383483886718,103.85288848876954,104.45234209696451,41.78826166567535,-0.9122811579662482,-0.6030974922308913,-0.30918366573535694,109.20318233354593,103.85288848876954,98.50259464399315,2475454.5,0.5925986520859099,3.2074867075870874,-1.4705898959278207,0.027453065033000712,-1.1852011859090683,-2.598592414668166,-0.802325216038946
2025-12-17,99.85376739501953,100.8473372198456,99.3569824826065,100.35055230743257,438400,101.4434799194336,103.7286922454834,104.63946444193522,41.78826166567535,-1.100281508376753,-0.7025342954600636,-0.39774721291668935,109.33621474649685,103.7286922454834,98.12116974446995,2397062.2,0.18289053992841736,2.9785357782073563,0.0,0.4478345884427748,-0.04172704427407581,0.12555021525160193,-0.11233473736065314
2025-12-18,99.35698699951172,100.8473418045044,99.15827605764731,99.35698699951172,511280,100.549267578125,103.08287200927734,104.71232630411784,40.91736016758118,-1.274665614939721,-0.8169605593559952,-0.4577050555837259,107.36548576806187,103.08287200927734,98.8002582504928,2279292.2,0.22431525014651477,2.8066064406939866,-0.4975079142908623,0.518285581531619,-0.20577756708046735,-0.9717844217523863,-0.20242549135331966
2025-12-19,99.35698699951172,101.34412673950196,99.35698699951172,100.35055686950683,1033168,99.9531265258789,102.80964050292968,104.71563822428385,40.91736016758118,-1.3967652355809008,-0.9329214946009765,-0.4638437409799243,107.31658446192293,102.80964050292968,98.30269654393643,1534510.0,0.6732885416191488,2.697344213933487,0.0,-0.37303888670811025,0.8293866411184903,1.329532840336456,-0.9691180757758322
2025-12-22,101.34412384033203,101.34412384033203,99.8537690779742,100.35055399876015,441413,99.9531265258789,102.63576583862304,104.79843571980794,46.126025362816335,-1.3179917403986678,-1.0099355437605149,-0.308056196638153,107.08381980606582,102.63576583862304,98.18771187118027,1347534.1,0.32757093122912434,2.6026498975183974,1.9999970820673951,-0.032362001212404845,1.6366453414191628,0.09371948563838828,1.5020471446272943
2025-12-23,100.35055541992188,101.84091020338606,99.85377049210048,101.84091020338606,500791,100.05248413085937,102.48673019409179,104.85970586140951,44.035643696052816,-1.3205137849421789,-1.0720511919968478,-0.24846259294533102,107.03527200703793,102.48673019409179,97.93818838114565,1226643.95,0.40826109320475595,2.520581872687355,-0.9803907545498425,0.08982802507242482,0.571339720700248,-0.15605801860081314,1.7488766537401057
2025-12-24,99.15827178955078,102.83447711816218,99.05890874255896,101.34412237731927,1205502,99.91338500976562,102.22840194702148,104.95078303019206,41.59933440448514,-1.402552100497985,-1.1381513736970752,-0.26440072680090987,106.92194028257605,102.22840194702148,97.53486361146692,1217822.45,0.9898832132713599,2.6879134064094714,-1.188118616167022,-0.13541653938790033,0.21726860803557013,-1.094090470851028,-3.0189494568178654
2025-12-26,99.85376739501953,100.35055230743257,98.95955303660884,99.85376739501953,508470,100.01274108886719,101.93033103942871,105.05841967264811,43.560920990237875,-1.3953625034117465,-1.1895935996400095,-0.20576890377173696,106.41741501466932,101.93033103942871,97.4432470641881,1145381.75,0.4439305934462462,2.5149915216647054,0.7013994827832715,0.2562756491433227,0.6486648427758146,1.2310600756632262,-0.15696010465627852
2025-12-29,99.35698699951172,100.35055686950683,98.95955753544636,99.85377193450928,680356,100.01274108886719,101.68193855285645,105.1080982208252,42.4637784280613,-1.4134572665509353,-1.2343663330221948,-0.1790909335287405,106.16090924869584,101.68193855285645,97.20296785701706,1082816.85,0.628320477281084,2.365125896650807,-0.4975079142908623,-0.602469435943731,0.8925301842964695,-0.31181638635569,-0.9207245043102108
2025-12-30,99.35698699951172,99.85377193450928,98.86020206451416,99.35698699951172,550302,99.61531372070313,101.55774230957032,105.16605644226074,42.4637784280613,-1.4115263001608298,-1.269798326449922,-0.14172797371090784,106.15435962237572,101.55774230957032,96.96112499676491,1056639.45,0.5208039506758905,2.182251759763383,0.0,-0.1982110917127744,-0.360140777928486,1.5326848348009126,0.22665544450712893
2025-12-31,101.34412384033203,101.84090876111797,99.35698415718826,99.8537690779742,905725,99.81402740478515,101.5825813293457,105.2422300974528,48.483110911370375,-1.235409626369119,-1.2629205864337616,0.027510960064642598,106.16839142680058,101.5825813293457,96.99677123189082,1042096.0,0.8691377761741721,2.2224748056522263,1.9999970820673951,-0.23692492856227654,0.893397362684345,1.5326848348009126,0.22665544450712893
2026-01-02,105.31840515136719,106.31197501128575,101.84091064165223,101.84091064165223,2739750,101.04605407714844,101.73161697387695,105.37305018107097,57.95678474580918,-0.766311049425596,-1.1635986790321287,0.39728762960653263,106.60545286362147,101.73161697387695,96.85778108413244,1126616.0,2.4318401300886903,2.588524987692426,3.921570546405473,0.1917140625415037,1.3334355629436079,1.5326848348009126,0.22665544450712893
2026-01-05,103.33126831054688,107.30554786095253,102.83448336674617,107.30554786095253,2035129,101.7415542602539,101.75645637512207,105.44756800333658,52.73497114075683,-0.5485688234591919,-1.0405927079175414,0.49202388445834955,106.65893800939133,101.75645637512207,96.8539747408528,1193952.65,1.70453074500065,2.839530255227617,-1.8867897191989669,0.1763399560895884,2.5731972423427285,2.5878045376946046,1.7639055408126714
2026-01-06,105.31840515136719,105.31840515136719,102.33769557161152,103.82805036148935,1189702,102.933837890625,101.8806526184082,105.53864529927571,56.91542625905194,-0.213203527226824,-0.875114871779398,0.6619113445525739,107.01833382226414,101.8806526184082,96.74297141455227,1218226.7,0.9765850641756579,2.8583541651646907,1.923074083295151,0.3695945317161664,1.5653914873574148,0.060056806412167596,-0.24443880896056758
2026-01-07,105.31840515136719,107.3055448712043,104.32483529144864,106.31197501128575,1173415,104.1261215209961,101.93033103942871,105.60488332112631,56.91542625905194,0.05197673081536891,-0.6896965512604446,0.7416732820758135,107.18539669209461,101.93033103942871,96.6752653867628,1230773.7,0.9533962254799563,2.8746682204434877,0.0,0.055600146772261105,-0.46058572988449953,0.27011191005656965,-3.1855679624033795
2026-01-08,103.82804870605469,104.82161855013177,102.33769393993907,104.82161855013177,1133683,104.62290649414062,101.85581321716309,105.64628206888834,52.84952812691387,0.1402578805863044,-0.5237056648910948,0.6639635454773992,106.94834385378063,101.85581321716309,96.76328258054555,1209241.25,0.9375159836798488,2.8888072859081046,-1.4150959114605954,-0.13653985571981941,-0.2461598922053443,-4.609399445682117,-2.6000928738279305
2026-01-09,103.33126831054688,103.82805325434758,101.34412853534405,103.82805325434758,975778,104.22547912597656,101.65709953308105,105.70424041748046,51.52814133844223,0.16819643782400817,-0.38532524434807425,0.5535216821720824,106.12625830944468,101.65709953308105,97.18794075671742,1106065.4,0.8822064228751755,2.834822943654161,-0.47846453988000803,0.304299038122946,-0.23579889662018738,0.21964199838957477,1.181199881542283
2026-01-12,104.32483673095703,105.31840660458519,102.83448192051479,103.33126685732887,1002331,104.4241928100586,101.68193893432617,105.72907969156901,54.00508798848968,0.2674278716147853,-0.2547746211555023,0.5222024927702876,106.20707382217589,101.68193893432617,97.15680404647645,1060152.3,0.9454594401200658,2.7880365090429935,0.9615370416475866,0.15374978232687297,0.918909452108041,0.21964199838957477,1.181199881542283
2026-01-13,105.815185546875,105.815185546875,102.33769118617957,104.82161572953345,1867366,104.52354888916015,101.8558135986328,105.77875811258951,57.5123224717776,0.4610139105085409,-0.11161691482269367,0.5726308253312345,106.74003275154926,101.8558135986328,96.97159444571635,1074925.4,1.7372052051240023,2.879964222596652,1.4285656825530735,-0.07406428934867426,0.4577823055845309,3.5691918054417737,-1.821151064613169
2026-01-14,106.31197357177734,109.29268311117298,105.81518864854475,106.80875849500995,6658535,104.72226257324219,102.10420608520508,105.81187705993652,58.644351898757236,0.6470599781752497,0.040118463776895014,0.6069415143983548,107.36929754209947,102.10420608520508,96.83911462831068,1350902.35,4.928953599051774,2.959635334823495,0.4694865130508763,0.1488727455515093,0.7638548470983331,4.141470678138481,-2.8299702552017636
2026-01-15,104.82161712646484,108.29911153350396,104.32483221117354,107.30554170292136,2242425,104.92097625732421,102.35259857177735,105.64628206888834,53.99638403599704,0.6665598306735205,0.16540673715622012,0.5011530935173004,107.63935491801126,102.35259857177735,97.06584222554343,1389676.05,1.6136314646856007,3.094921199824418,-1.4018707350082926,-0.335893987830016,-0.4240196321329548,-1.306238198237275,0.04895143197567453
2026-01-16,105.31840515136719,106.31197501128575,102.8344805015708,105.31840515136719,1808015,105.31840362548829,102.62583045959472,105.52208582560222,55.269039370968066,0.7138711834130902,0.2750996264075941,0.4387715570054961,107.93362519015366,102.62583045959472,97.31803572903578,1458156.8,1.239931809802622,3.1459309744764905,0.4739366158633018,0.16978112646923726,1.9412784151040752,0.41176415586063886,2.152634327339986
2026-01-19,108.29911041259766,109.29268023289671,104.32483113140141,105.31840095170047,3553943,106.1132583618164,103.07293663024902,105.381329981486,62.05227862093493,0.9805802563025168,0.4161957523865787,0.5643845039159381,108.71717808476537,103.07293663024902,97.42869517573267,1610289.95,2.20702054310157,3.3888533914123324,2.8301845787984448,0.13876592712758207,0.7341591644532297,0.5565342807055895,-3.568004867199648
2026-01-20,105.31840515136719,108.29911473112287,104.32483529144864,108.29911473112287,2028701,106.01390228271484,103.37100753784179,105.15777676900228,53.34112341403535,0.9405885944931924,0.5210743208079014,0.41951427368529104,108.81507460280781,103.37100753784179,97.92694047287577,1660066.6,1.2220600065081726,3.4669101978472527,-2.7522897001411972,-0.1866616541035815,0.3814914160573224,-3.699392512012789,-1.6389360888739657
2026-01-21,104.82161712646484,104.82161712646484,102.33769255000833,104.32483221117354,1485251,105.71583099365235,103.54488220214844,104.95078303019206,52.030102949730924,0.858907323630504,0.588640921372422,0.2702664022580821,108.938274400305,103.54488220214844,98.15149000399188,1712258.5,0.8674221795365594,3.4020838516488006,-0.47170105186110645,0.4225198331249791,-1.617195376823788,-0.18148583570365417,-0.12623123052488694
2026-01-22,110.2862548828125,112.7701795423353,106.80876035948057,106.80876035948057,6629512,106.80875854492187,104.04166717529297,104.81830711364746,62.84725940482985,1.2210494273227255,0.7151226225624827,0.5059268047602428,109.99725195814054,104.04166717529297,98.0860823924454,2018694.55,3.284058997434753,4.008280993545021,5.213273660675077,-0.13351674979606987,1.5992608141158327,1.0303069906034024,0.8088984688186862
2026-01-23,107.80233001708984,111.27982453377015,106.31197522422686,111.27982453377015,2945594,107.3055435180664,104.47387008666992,104.70239067077637,56.599572778701415,1.2927160500174182,0.8306413080534698,0.4620747419639484,110.18695295590658,104.47387008666992,98.76078721743326,2105699.15,1.3988674497969,4.136223435678125,-2.252252439220115,-0.1769903822365304,0.6786024824792181,-0.05999214395631114,0.3009013815283179
2026-01-26,107.3055419921875,109.29268165870948,105.815187242296,108.795896742079,1598450,107.10682983398438,104.84645881652833,104.59475390116374,55.413086870168115,1.294503492592085,0.9234137449611929,0.3710897476308922,110.25470437411299,104.84645881652833,99.43821325894366,2160198.15,0.7399552675295088,4.0483928997761724,-0.46083236310716646,-0.6750241196508577,0.32229317820207104,-4.5918359044999075,-4.050000683971855
2026-01-27,107.3055419921875,107.80232690881799,105.815187242296,107.3055419921875,1103805,107.50425720214844,105.2438865661621,104.49539693196614,55.413086870168115,1.2811517340099385,0.9949613427709421,0.2861903912389965,110.09291539924435,105.2438865661621,100.39485773307986,2181370.6,0.5060144296434544,3.7735591353422806,0.0,0.22218190498228818,0.7902828245345717,1.5413631437085407,0.7556060524520625
2026-01-28,106.31197357177734,108.29911326470777,104.82161880207953,107.80232834147516,1263902,107.80232849121094,105.5916358947754,104.39603996276855,52.84364822394623,1.1768319154412552,1.0313354573050046,0.14549645813625056,109.5851507533539,105.5916358947754,101.59812103619689,2217050.6,0.5700826133602904,3.7340838456470755,-0.9259246092643503,-1.050238363220013,1.5035014375913036,-1.2701324498204714,0.02585866280819804
2026-01-29,103.82804870605469,106.31197331624739,103.33126378401616,106.31197331624739,1314958,106.51068725585938,105.71583213806153,104.23044497172037,46.97884311440267,0.8835408214002456,1.0017765301240529,-0.11823570872380729,109.28512077070071,105.71583213806153,102.14654350542234,2237512.25,0.5876875087499521,3.6336339712622903,-2.336448832873572,0.5120485824171128,-0.8156086050381428,-1.6316329018517206,0.3619468062261433
2026-01-30,103.82804870605469,103.82804870605469,100.84733917382346,102.83447886197762,1234094,105.71583099365235,105.6413143157959,104.06484998067221,46.97884311440267,0.6436855104404771,0.9301583261873377,-0.2864728157468607,109.30648096927314,105.6413143157959,101.97614766231865,2162229.45,0.5707507128810959,3.5465773793914823,0.0,0.29453572698179276,-1.4522855203057627,0.03190013073708364,2.0607884791807196
2026-02-02,101.34412384033203,102.83447860268986,99.35698415718826,102.83447860268986,1361373,104.52354736328125,105.54195709228516,103.85785624186198,41.621517217828696,0.2502813828167376,0.7941829375132178,-0.5439015546964802,109.56140894331745,105.54195709228516,101.52250524125287,2128541.65,0.6395801557371452,3.6698423353214746,-2.392344743716446,0.7056381660207167,-1.3713951210479136,-1.6262778281728507,0.22716011288641536
2026-02-03,102.83448028564453,103.33126521456069,101.34412549889606,102.33769535672837,844904,103.62933502197265,105.41776084899902,103.78333854675293,45.627949773207774,0.05809539945762765,0.6469654299020998,-0.5888700304444722,109.6158287923178,105.41776084899902,101.21969290568025,2111301.75,0.40018154676374423,3.4454822071757656,1.4705898959278096,-0.018679128920895405,1.8066327752278566,7.5526768713854775,11.43288966351108
2026-02-04,103.82804870605469,104.32483362809323,101.84090901790053,102.83447886197762,604443,103.13255004882812,105.3432430267334,103.80817782084146,48.18115135237383,-0.013880700970005933,0.5147962037276786,-0.5286769046976846,109.60121842147312,105.3432430267334,101.08526763199369,2082853.15,0.29019952750869643,3.3172745275780238,0.9661821770774903,-0.012352394174863779,0.2933689007004636,0.12055545082807484,-2.7344669499464236
2026-02-05,103.33126831054688,104.32483819814829,101.84091347914476,102.33769842294546,664150,103.03319396972657,105.318404006958,103.766779200236,46.99294088893111,-0.10974325335729418,0.3898883123106841,-0.4996315656679783,109.61917682824638,105.318404006958,101.01763118566963,2059376.5,0.3225005238235942,3.2061612197680907,-0.47846453988000803,0.26573312511892766,-1.5129881759937458,-1.1137896154563731,0.16263773669660253
2026-02-06,102.33769226074219,102.83447717462928,100.3505526051938,102.33769226074219,878975,102.73512268066406,105.26872520446777,103.70882097880046,44.622695303290214,-0.2628582342336614,0.25933900300181506,-0.5221972372354764,109.68748061762777,105.26872520446777,100.84996979130777,2054536.35,0.4278215861208783,3.176101817846089,-0.961544425080163,-0.026220914336294587,-0.057700870579924235,-2.070015707137396,0.3247587464799473
2026-02-09,103.82804870605469,105.81518839420885,102.33769393993907,104.82161855013177,1387638,103.23190765380859,105.24388580322265,103.62602348327637,48.794740569017456,-0.2609357451604808,0.1552840533693559,-0.4162197985298367,109.69047954537702,105.24388580322265,100.79729206106829,2073801.7,0.6691276219900871,3.2162877265954988,1.4563123443464887,-0.2331814588317105,1.9560796184812101,1.6164172504865348,4.9942202013252945
2026-02-10,104.82161712646484,105.31840204175614,103.82804729588224,104.32483221117354,516150,103.62933502197265,105.19420738220215,103.62602348327637,51.42226505126908,-0.17719687551020513,0.0887878675934437,-0.26598474310364884,109.636124917157,105.19420738220215,100.7522898472473,2006240.9,0.25727219497917725,2.9861633291659526,0.9569364278654957,-0.043710449322398315,2.0625133919167205,1.5295198092137197,2.1581143741346676
2026-02-11,103.82804870605469,104.82161855013177,102.33769393993907,104.32483362809323,724098,103.62933502197265,105.07001113891602,103.66742223103842,48.729439027825634,-0.18882918068291588,0.03326445793817178,-0.22209363862108766,109.51923326434755,105.07001113891602,100.62078901348448,1709519.05,0.42356825447484775,2.919198166636186,-0.9478659532712985,-0.2613923188501621,1.6108084869157713,1.5295198092137197,2.1581143741346676
2026-02-23,113.76374816894531,113.76374816894531,107.30554412442004,107.30554412442004,6485286,105.71583099365235,105.51711769104004,103.90753491719563,67.21731350806382,0.5968004995483653,0.1459716662602105,0.4508288332881548,111.42073427767798,105.51711769104004,99.6135011044021,1921662.1,3.374831610614582,3.854731672803444,9.569378974865806,-0.21533548382927092,0.49857829689010646,0.24549596349081604,-0.14684137481167925
2026-02-24,117.24124145507812,118.73159621933759,113.26696208371955,113.76374700513936,6402619,108.69654083251953,106.11325950622559,104.1559274037679,71.13987419769741,1.4829280553236543,0.41336294407289925,1.0695651112507552,114.00540299325623,106.11325950622559,98.22111601919495,2151392.3,2.97603510061833,4.069385334512058,3.0567675046786924,-0.24182185904723097,2.7464288213389976,10.068025203659836,-0.42016967721644205
2026-02-25,119.22837829589844,119.72516320546468,114.75731410980225,118.7315933863322,4455682,111.77660675048828,106.65972290039062,104.271843846639,73.11918383935426,2.3188061099101986,0.7944515772403591,1.5243545326698396,116.46964391250381,106.65972290039062,96.84980188827743,2196479.25,2.0285563817641346,4.18918050266544,1.6949128277370606,-0.18355200278042938,2.052545137509143,4.400493838112052,0.3375582014381484
2026-02-26,118.23480987548828,119.22837970637474,116.7444551291586,119.22837970637474,1723977,114.45924530029296,107.30554313659668,104.49539705912272,70.51511519768508,2.8680121634719598,1.2091636944866793,1.6588484689852805,118.36477070437812,107.30554313659668,96.24631556881525,2181243.05,0.7903644667200201,3.9618130459388676,-0.8333321601878496,-0.3441994373834856,0.004004083061670549,-3.196778664487987,2.207735604895733
2026-03-02,114.26053619384766,116.24767595374065,112.77018137392791,112.77018137392791,2016745,116.54574279785156,107.77748908996583,104.65271237691243,61.13598281827996,2.9485818301091626,1.557047321611176,1.3915345084979867,119.1903472469142,107.77748908996583,96.36463093301745,2207817.75,0.9134562850579492,4.162188440021734,-3.3613397660349653,0.4102837192432096,-0.901886354995296,-1.0467383597435598,-3.6296118879569073
2026-03-03,112.77017974853516,116.24767427822566,111.27982495009635,113.26696468134809,1972455,116.34702911376954,107.90168533325195,104.81002756754557,58.01945400686823,2.8592153074198308,1.8174809187729069,1.041734388646924,119.48232147428578,107.90168533325195,96.32104919221811,1974964.9,0.9987291419710801,4.26960989176941,-1.3043492486190078,0.5099596730266498,-2.1981462640061733,-8.241081598006039,-10.378779215858202
2026-03-04,104.82161712646484,110.78303610996048,103.33126238059094,110.28625119466918,2787503,113.86310424804688,107.75264968872071,104.81830724080403,44.87922977869441,2.1225417792511223,1.87849309086855,0.24404868838257232,119.41510045589955,107.75264968872071,96.09019892154187,1967060.35,1.4170907364382592,4.958850888592718,-7.048461428184927,0.6310429867452783,-4.35492612031565,-1.9571075423372997,0.5014393089057378
2026-03-05,108.29911041259766,109.29268023289671,106.31197077199953,107.80232550244813,1582657,111.67725067138672,107.80232810974121,104.85970598856608,50.19387497509581,1.7985942711266603,1.8625133269201721,-0.06391905579351187,119.46522433874361,107.80232810974121,96.13943188073881,1966270.7,0.8049029057901336,4.893812517637938,3.317534475677175,-0.32772450369655814,2.5710975461891383,4.129069717996692,4.252791378188636
2026-03-06,108.7958984375,109.78946828624429,106.31197381563926,106.80875874001141,855151,109.78946838378906,107.87684593200683,104.93422368367513,50.92188337300079,1.5639222565355908,1.8027951128432558,-0.23887285630766497,119.54542075648104,107.87684593200683,96.20827110753262,1953838.0,0.4376775351897138,4.704970111366883,0.45871847239526975,0.8722728245506239,-0.21798613570590541,-0.656512637332729,2.0054680899083577
2026-03-09,102.33769226074219,103.33126208851638,100.3505526051938,101.84090734685509,2041284,107.40489959716797,107.67813186645508,104.9425033569336,42.27164204970514,0.8470554018691985,1.6116471706484445,-0.7645917687792461,119.59170603390916,107.67813186645508,95.76455769900099,1992707.1,1.0243773407541932,5.203686874158793,-5.936075044656086,-0.3247034292450657,-4.431963003584727,-8.194553689120132,-6.166214701597883
2026-03-10,104.32483673095703,106.31197647821335,103.33126685732887,105.31840660458519,1194315,105.71583099365235,107.70297126770019,105.00046157836914,45.347967670316905,0.4342731754455116,1.3761723716078582,-0.9418991961623466,119.58477551544289,107.70297126770019,95.8211670199575,1986674.95,0.6011627619304305,5.039766519933776,1.94175227750093,-0.0009416103239789919,2.0599268819414984,5.729914739519226,5.142857679404256
2026-03-11,105.815185546875,106.80875536421655,105.31840063820422,105.31840063820422,1092816,105.91454467773437,107.80232810974121,105.05841979980468,47.60319871262373,0.22480753976860512,1.1458994052400078,-0.9210918654714026,119.58048199323744,107.80232810974121,96.02417422624498,1979611.05,0.5520357142884205,4.698986801710542,1.4285656825530735,-0.0883622645329818,4.095952619427945,2.342048599233282,-2.377726309472461
2026-03-12,104.82161712646484,106.31197187233876,103.82804729588224,105.81518695704744,922975,105.21904602050782,107.97620277404785,105.09153874715169,46.233466352902845,-0.021124641831704594,0.9124945958256654,-0.93361923765737,119.45171358614736,107.97620277404785,96.50069196194833,1957691.15,0.47146098607024917,4.403645171676672,-0.9389658159886904,0.11834075149077528,-1.560441591332784,-1.0111804049482642,0.7886785768886684
2026-03-13,107.3055419921875,107.80232690881799,102.83447774251302,103.33126265914352,853910,104.92097473144531,108.199755859375,105.16605644226074,50.09920429235206,-0.015417961297600868,0.7269120844010122,-0.742330045698613,119.42498928553354,108.199755859375,96.97452243321646,1958141.45,0.43608187753749866,4.478872370960445,2.3696685224058767,0.26499563387061276,-0.5405866913823942,-1.8817179546989804,-0.8515431802177176
2026-03-16,107.3055419921875,108.795896742079,105.815187242296,108.795896742079,767300,105.91454467773437,108.37363052368164,105.21573486328126,50.09920429235206,-0.010771212032437916,0.5793754251143223,-0.5901466371467602,119.42004940534852,108.37363052368164,97.32721164201476,1966284.3,0.39022841203583836,4.2791173214701175,0.0,0.8380462709563163,-0.1730779621546441,-1.178082541399017,-3.8765096388950204
2026-03-17,112.27339172363281,112.77017664276394,107.80232745145275,108.29911237058387,2375037,107.50425567626954,108.82073669433593,105.33165130615234,57.23170285235402,0.38928785741633476,0.5413579115747248,-0.15207005415839003,119.73085416382148,108.82073669433593,97.9106192248504,2051828.65,1.1575220962042811,4.437186298684294,4.629630156294251,-0.6781109201310698,1.481767774178122,5.406152350388882,1.8594469478302234
2026-03-18,117.24124145507812,118.23481129791777,111.27982239804025,113.76374700513936,3838282,109.78946685791016,109.56591415405273,105.49724629720052,62.936786045929026,1.094583826502415,0.6520030945602628,0.4425807319421522,120.64614687589814,109.56591415405273,98.48568143220733,2199794.0,1.7448370165570048,4.772893312176724,4.424779242150234,-0.18782115046350745,1.5131788114791656,1.1046867758443657,3.935522535698177
2026-03-19,120.71873474121094,124.69301407425492,114.26053082501447,115.25410065827546,5685353,112.96889038085938,110.41044845581055,105.7787577311198,66.3232944346407,1.912099120531991,0.9040222997546086,1.0080768207773825,122.20127843393385,110.41044845581055,98.61961847768725,2414679.75,2.3544956634518512,5.527505303785221,2.9661007022560693,0.45852337777712027,-1.9182699065508957,-2.497397882724406,-2.9425248013993377
2026-03-20,118.23480987548828,124.19622886080701,117.24124004460182,122.70587411447733,4278816,115.15474395751953,111.08110809326172,106.04370969136556,61.96785123511157,2.3326644001210894,1.189750719827905,1.1429136802931845,123.05786056569804,111.08110809326172,99.1043556208254,2602813.05,1.6439198351183926,5.71783643877455,-2.0576134027974535,-0.7152438188559485,-0.432775801380203,-2.497397882724406,-2.9425248013993377
2026-03-23,119.22837829589844,121.71230284372966,112.77017447153727,113.76374429066976,3144310,117.53931121826172,111.8511245727539,106.34178059895834,63.014126952861105,2.71484306125501,1.494769188113326,1.220073873141684,123.8446753194561,111.8511245727539,99.8575738260517,2723823.65,1.1543735586553117,6.1477420298969285,0.8403349415087469,0.6905285819817086,-2.448670019784016,-6.403416705603648,-3.995297544157206
2026-03-24,120.71873474121094,127.67372357403791,117.24124032479745,124.19622915762442,7570620,119.22837982177734,112.1988739013672,106.6895300547282,64.58783725729518,3.1022212379944847,1.8162595980895577,1.285961639904927,124.81317465682281,112.1988739013672,99.58457314591158,2778090.35,2.725116553534697,6.719040859142733,1.2500014397694548,-0.49873146018064585,-0.3369539785315956,0.9977181465204099,-0.24479897214841895
2026-03-25,132.64157104492188,132.64157104492188,132.64157104492188,132.64157104492188,3979696,122.30844573974609,112.96889038085938,107.23599344889323,74.08692629992183,4.3214791586648005,2.3173035102046065,2.004175648460194,128.4366337963184,112.96889038085938,97.50114696540037,2656944.2,1.4978470379618811,7.412880251751827,9.876541805437533,0.20024107948439784,2.535456425815963,3.3022847492585328,2.552146077061379
2026-03-26,145.5579833984375,145.5579833984375,145.5579833984375,145.5579833984375,3115260,127.2762954711914,114.28537063598633,108.00601005554199,80.2634894032096,6.25785966421499,3.1054147410066832,3.152444923208307,135.43470457969948,114.28537063598633,93.13603669227317,2589923.1,1.202838802433941,8.146684531987,9.737831248350638,0.03163401045052083,-0.3035017473458024,1.7213159238943732,0.33500493719424984
2026-03-27,150.029052734375,156.48725699115272,133.1383646781871,137.11264422081953,28748674,133.63514404296876,115.87508277893066,108.85054448445638,81.87406991552996,8.060318757593038,4.096395544323954,3.9639232132690836,142.37678916070905,115.87508277893066,89.37337639715226,3941157.95,7.294473950225719,10.17364556945082,3.0716757896396496,-0.018472719949447214,-0.6750069219611743,0.5909157615554328,0.6677845590941978
2026-03-30,146.0547637939453,150.52582799171915,137.6094203092614,149.53225816999165,9594578,139.00042114257812,117.46479415893555,109.5957218170166,75.94173958664278,9.0636090291502,5.089838241289203,3.973770787860997,147.17844452371523,117.46479415893555,87.75114379415587,4320049.6,2.2209416299294342,10.53934718451841,-2.6490128865014784,0.14719379020335932,-1.7951772733723503,-4.743935309973047,-4.3291078689308815
2026-03-31,136.61585998535156,143.57084922096948,135.62229009454902,142.5772793301669,7257953,142.17984619140626,118.65707817077637,110.20014355977376,64.06847516951711,8.99341268134674,5.870553129300711,3.1228595520460294,149.47085817097934,118.65707817077637,87.8432981705734,4584324.5,1.5832110052418846,10.525097386502129,-6.46257853109824,0.1938961860005195,-2.4453103067768933,-3.5370684776457217,-1.7000000000000015
2026-04-01,141.0869140625,147.04833296654928,139.59655933648767,145.06119333186618,4989360,143.86891479492186,120.47034301757813,110.89895426432291,66.72254728509584,9.192591791856188,6.534960861811806,2.657630930044382,152.11305864312845,120.47034301757813,88.82762739202782,4694417.35,1.0628283827384883,10.512747465794876,3.2727196371108214,-0.31555578204207624,4.5765864674125245,7.685538281020832,5.4425228891149535
2026-04-02,137.6094207763672,143.07405481441788,136.119066038717,141.58370007676768,3572035,142.27920227050782,121.9358585357666,111.52821515401205,62.83496571379643,8.966478048867458,7.021264299222937,1.9452137496445214,153.91824272118842,121.9358585357666,89.95347435034478,4793886.25,0.7451230199715314,10.03837964044901,-2.464787970762705,0.20069684313648306,-1.8158067453737603,-5.257423045491693,-6.150506512301012
2026-04-07,151.02261352539062,151.02261352539062,137.11263596384148,141.08691526714125,8046305,142.47791442871093,124.04719429016113,112.38930892944336,70.07702686915027,9.757139602871135,7.568439359952577,2.188700242918558,157.8978640571813,124.04719429016113,90.19652452314097,5153443.95,1.561345204889635,10.554592696595694,9.74729249883377,-0.15330159053532633,2.0182425176967334,-0.5516154452324673,2.7715911902994383
2026-04-08,165.92616271972656,165.92616271972656,154.99689451663082,165.92616271972656,16867818,146.4521942138672,127.22661781311035,113.49879519144694,75.7348868370605,11.454298424469243,8.34561117285591,3.1086872516133326,164.2848737923366,127.22661781311035,90.16836183388408,5894770.65,2.86148842788311,11.13445356296106,9.868422249115882,-0.06266985661774749,4.6089884909003676,5.652403592181732,5.947507825668197
2026-04-09,182.320068359375,182.320068359375,165.92616575485354,168.90687531931198,18548570,155.59303588867186,131.12637939453126,114.84839426676432,80.17536769169307,13.961223894987057,9.468733717282142,4.492490177704916,173.99675195273005,131.12637939453126,88.25600683633245,6762483.4,2.7428636645525812,11.83571383985271,9.880241530891132,-0.5443006460909006,0.28704629430582607,-0.24999999999999467,0.9090909090909038
2026-04-10,192.75254821777344,200.20432198907912,185.30077444646776,185.30077444646776,16783401,165.92616271972656,135.47324752807617,116.30562998453776,82.38454852441268,16.598457640991626,10.894678502024039,5.703779138967587,184.696904450766,135.47324752807617,86.24959060538635,7547012.65,2.223846941610731,12.6421858118329,5.722068860699836,0.01702281183058041,1.596814237549693,3.9097744360902187,4.054054054054057
2026-04-13,211.63037109375,211.63037109375,196.72682383362675,202.1914578290053,11175404,180.73035278320313,140.81368522644044,118.11061503092448,85.52738728968572,19.981433396304,12.712029480880032,7.2694039154239665,198.48622622769358,140.81368522644044,83.1411442251873,8059634.1,1.3865894979028888,13.473604087052054,9.793812351911546,0.1298647737427494,0.11141546387523071,0.5788712011577379,-1.904761904761909
2026-04-14,228.02427673339844,232.4953409830729,218.0885784007885,232.4953409830729,21985434,196.13068542480468,146.84962196350097,120.155712890625,87.59692318608676,23.711980282445978,14.912019641193222,8.799960641252756,214.21089522536255,146.84962196350097,79.48834870163937,9116210.3,2.4116856979484114,14.459119527354837,7.746480599604544,-0.39601185393721705,2.3657534273739955,3.812949640287777,0.3089143865842914
2026-04-15,221.56607055664062,227.52748949538432,221.06928564507865,226.53391967226037,3490850,207.2586669921875,152.56264839172363,122.09317398071289,82.58677372445185,25.84936689102159,17.099489091158897,8.749877799862691,224.9931746745488,152.56264839172363,80.13212210889846,9252387.8,0.377291794881317,13.458569068816832,-2.832245000083311,-0.3925227774549067,1.1737329455939083,4.412104412104423,-1.1658600967883848
2026-04-16,238.95355224609375,243.4246166332348,224.54678922086148,226.5339289484797,4419802,218.58536376953126,158.89665641784669,124.3452657063802,85.06370607085788,28.616413435462903,19.4028739600197,9.213539475443202,238.3117965838606,158.89665641784669,79.48151625183277,9354626.05,0.47247233362150265,14.578566003187145,7.847538048479419,0.22210138777056798,1.1161628904905463,6.017699115044239,13.064767415980416
2026-04-17,231.99856567382812,235.9728451714526,228.52107111340672,233.48892048543732,3000805,226.4345672607422,164.63452262878417,126.48972066243489,80.15241357918444,29.903400677502987,21.50297930351636,8.400421373986628,247.86835264885562,164.63452262878417,81.40069260871272,9312752.2,0.32222536749125574,14.025754687120465,-2.910601875088603,-0.09180779659778704,-0.8824720325923185,-4.006677796327207,2.9921259842519587
2026-04-20,232.49534606933594,234.48248577933026,227.03071186685153,232.9921309968345,2988407,230.60756225585936,170.22335319519044,128.62589581807455,80.24017173762037,30.610573725722986,23.324498187957683,7.286075537765303,256.012788288013,170.22335319519044,84.43391810236788,9177904.9,0.32560884347363417,13.149223917168234,0.21413080467327372,-0.28518965390006423,0.41968131518117513,3.0000000000000027,-2.828746177370034
2026-04-21,253.3603057861328,255.3474454393574,238.45675838694854,238.45675838694854,4293524,235.67476806640624,176.97962799072266,131.0849811553955,83.53339802000632,32.480229467682875,25.155644443902723,7.324585023780152,266.72215835478937,176.97962799072266,87.23709762665592,9178640.3,0.46777342391334364,14.44294064421533,8.974355861116635,-0.15571306004650287,1.748727177527587,1.5196285352469419,1.337529504327306
2026-04-22,246.4053192138672,269.2574254312823,243.42460970724784,257.33458740480484,2626572,240.64261779785156,183.3384750366211,133.41987024943035,78.81790893014771,33.020100656129614,26.728535686348103,6.291564969781511,273.87046924992114,183.3384750366211,92.8064808233211,9152753.4,0.28697069452346435,15.96159065485788,-2.7450971653533163,0.20051473340130244,0.7269208348100964,2.099792099792097,4.833074534161486
2026-04-23,222.0628662109375,251.37317741103885,222.0628662109375,250.379607539849,4883212,237.2644805908203,188.40568161010742,135.37389106750487,64.98975451979791,31.124931112301425,27.607814771538767,3.5171163407626587,275.45801231455675,188.40568161010742,101.35335090565806,9018383.0,0.541473122177224,17.74142006089034,-9.879029024451247,-0.04828048118112882,-0.4338092798431781,-1.995520260639383,-1.4256619144602856
2026-04-24,214.611083984375,228.52106165002894,200.20432140209056,228.52106165002894,4584593,233.7869842529297,192.50415725708007,137.19543571472167,61.4363456315517,28.69096743325383,27.82444530388178,0.8665221293720506,276.1539930313038,192.50415725708007,108.85432148285634,9048627.85,0.5066616813067409,19.151462752496748,-3.3557083873195004,0.2008465924816294,3.230220091059155,2.555578641180145,1.0330578512396604
2026-04-27,216.5982208251953,216.5982208251953,203.6818131613075,216.10143591504578,2327213,230.60755920410156,196.05616912841796,139.00042088826498,62.03250792339541,26.615571279612425,27.582670499027913,-0.9670992194154877,277.3113179681397,196.05616912841796,114.80102028869624,9009225.5,0.2583144355749559,18.320122074015558,0.9259246092643503,-0.28544291350430795,1.757483474460031,-0.4051863857374438,1.059676519799213
2026-04-28,232.49534606933594,236.96641041682315,216.59822838938135,216.59822838938135,3120527,226.4345672607422,200.17948379516602,141.12003657023112,66.49494549823154,25.954384041624138,27.257013207547157,-1.302629165923019,279.95638317857566,200.17948379516602,120.40258441175637,7727818.15,0.4038044037048154,18.59319774303053,7.339453289863518,0.04993443489185179,-0.23954193004298574,-1.5459723352318933,-1.5084621044885949
2026-04-29,234.48248291015625,248.8892456313311,211.13359160342458,226.5339241674391,15482399,224.05,204.60086975097656,143.28105099995932,67.01679699478413,25.29910143458619,26.865430852954965,-1.566329418368774,281.4971324964009,204.60086975097656,127.70460700555218,8022209.2,1.9299420663325508,21.14819191434733,0.8546996206228119,0.18216274879112593,-0.5521784247846995,-1.5459723352318933,-1.5084621044885949
2026-04-30,211.1335906982422,231.99855730842143,211.1335906982422,231.99855730842143,16777968,221.86414489746093,208.3267562866211,144.96183993021648,55.983191616187064,22.6348048402632,26.019305650416616,-3.3845008101534155,278.25903570279877,208.3267562866211,138.39447687044344,8498209.95,1.974294363014649,21.44161862068956,-9.95762750467819,0.3601646494638011,-0.9588741301665205,6.528925619834713,7.975345536047818
2026-05-04,224.54678344726562,231.9985572342324,200.70110732897194,213.61751522638102,16217740,223.85128479003907,212.49974975585937,146.9075808207194,60.05210332625327,21.359444766681378,25.08733347366957,-3.7278887069881925,275.115710399011,212.49974975585937,149.88378911270777,9059628.95,1.7901108411288744,22.75572945863235,6.352941142460811,-0.047513033458257414,4.5688819420590665,-0.3491078355314148,-3.9785504238021074
2026-05-05,246.90211486816406,246.90211486816406,228.52107211137923,228.52107211137923,12678050,229.9120635986328,217.96438446044922,149.23419036865235,65.73695687189735,21.900149839283728,24.449896746792405,-2.549746907508677,271.4754648793267,217.96438446044922,164.45330404157176,9514929.7,1.332437590158969,22.70234305360116,9.955756692523954,0.13943942787038033,0.1575929637265494,-0.3491078355314148,-3.9785504238021074
2026-05-06,271.24456787109375,271.24456787109375,258.3281598772321,271.24456787109375,21338375,237.6619079589844,223.97548217773436,151.9665074666341,70.63694001588422,24.016052915325133,24.363127980498952,-0.3470750651738186,272.61211779349,223.97548217773436,175.33884656197876,10179533.2,2.0962036844675747,22.921024380178302,9.859151273745702,-0.16773054363118378,0.9064727604973788,-0.3491078355314148,-3.9785504238021074
2026-05-07,298.0709533691406,298.0709533691406,294.0966739908854,298.0709533691406,9191024,250.37960205078124,230.58272171020508,155.16249046325683,74.8975121535675,27.54012108682204,24.998526601763572,2.541594485058468,281.8478408989946,230.58272171020508,179.31760252141558,9795693.5,0.9382719048937168,23.441739195894115,9.890109766473131,-0.4644147517347985,1.9323088936799904,9.92604126119112,4.3415600792650055
2026-05-08,327.8780517578125,327.8780517578125,295.0902465820313,311.48414916992186,22495411,273.72849426269534,237.86062088012696,158.89665718078612,78.61112609945005,32.36506985519003,26.471835252448866,5.893234602741163,300.3717151879262,237.86062088012696,175.34952657232768,9993035.55,2.251108873519418,24.687881326545728,10.000001023836024,-0.020386521399129442,-0.7865731014896293,3.5764872521246494,0.9495856353591181
2026-05-11,327.3812561035156,349.2397921711252,309.0002144102985,326.88447119288816,30940936,294.29538879394534,244.59205627441406,162.6225439707438,78.40293838447506,35.73683724425018,28.32483565080913,7.412001593441051,315.13019346504586,244.59205627441406,174.0539190837823,10700912.3,2.8914297335190757,26.761440851116525,-0.1515184232776412,-0.29019653733958206,0.44735470056218585,1.8803418803418737,0.4275696938601081
2026-05-12,327.8780517578125,336.8201804421165,322.91020248875475,326.3876969770952,2571967,310.490576171875,250.4044403076172,166.39810943603516,78.46435891578022,38.01090835916435,30.262050192480178,7.748858166684169,328.2824082517548,250.4044403076172,172.52647236347957,10270740.45,0.2504169015389733,25.047912464749224,0.15174834998488151,0.16229616472482888,0.2590609403122279,1.9798657718120838,0.8514986376021882
2026-05-13,322.9101867675781,331.8523150165264,313.9680585186298,313.9680585186298,1581341,320.8236999511719,255.14873580932618,170.0660378774007,76.13269065946042,38.96311834046969,32.00226382207808,6.9608545183916135,338.64432628189036,255.14873580932618,171.653145336762,9250535.8,0.17094588185908105,24.09275833583554,-1.5151563099758514,0.4762074815726436,-1.2502179290078241,0.18098058571898168,-1.5028706518068202
2026-05-14,355.20123291015625,355.20123291015625,347.74945879316,354.7044479690232,4401253,332.249755859375,261.83049392700195,174.25559094746907,80.24251299704686,41.84105156978387,33.97002137161924,7.8710301981646325,354.85508453501535,261.83049392700195,168.80590331898856,9296055.95,0.47345379843588403,25.185863376734552,10.00000850571503,0.18380143583822672,0.9117934959939067,4.1057644933486515,5.331733241899528
2026-05-15,324.8973388671875,380.5372501104979,320.92305949266535,357.6851437069954,2587400,331.65361328125,266.12768325805666,177.94835879007977,68.34800609222299,41.201616807901075,35.41634045887561,5.785276349025466,362.5797268877055,266.12768325805666,169.67563962840785,9204435.85,0.28110359419800834,29.776307008880956,-8.531472088283476,0.01710987032821354,-1.3877038088223825,-2.965767471209968,-2.571614583333337
2026-05-18,357.1883544921875,357.1883544921875,337.81374277425243,345.76230142776427,1958301,337.6150329589844,272.3871726989746,182.1958698272705,72.949376096723,42.80702253653533,36.89447687440755,5.912545662127776,375.53026128943975,272.3871726989746,169.24408410850947,9152310.65,0.21396793387908003,30.11160149103016,9.938836599151092,0.07160020197189976,-0.6813771830388338,0.32515038205169766,-0.5178750417641154
2026-05-19,362.6529846191406,383.5179508575021,357.68513551476883,383.5179508575021,1461233,344.57001953125,278.89505462646486,186.50961875915527,73.64756130869607,44.0129146413301,38.31816442779206,5.694750213538036,387.70910931564276,278.89505462646486,170.08099993728698,9075951.95,0.16100052182404956,29.607334140934753,1.5299015374457436,-0.1041563196208406,-1.751601452995355,0.1458434613514914,0.26868178001679954
2026-05-20,391.96331787109375,398.9183070348394,378.55012448387,379.5436943644051,3155738,358.3806457519531,285.82520523071287,191.29531377156576,77.06661683871815,46.79427646841822,40.013386835917295,6.780889632500923,404.9573626039328,285.82520523071287,166.69304785749296,9019062.65,0.34989644960499305,30.495065910903293,8.082198270816644,0.5549209970649338,-0.38515527018477824,-0.25889967637540146,-1.4235471445319003
2026-05-21,430.7125244140625,430.7125244140625,424.25432047244453,425.24789030961654,1997834,373.4829040527344,295.04056549072266,196.7433883666992,80.6423473238023,51.531242792574005,42.31695802724864,9.214284765325367,428.9330497922069,295.04056549072266,161.14808118923844,8987625.75,0.2222871819067455,31.59561799517869,9.885926763103981,-0.434932134128041,3.3667241562741257,9.133679428942255,6.727828746177367
2026-05-22,473.43603515625,473.43603515625,457.0421325747639,457.0421325747639,1629087,403.1906433105469,307.6092239379883,202.7379264831543,83.66627083977126,58.063433871644634,45.46625319612784,12.597180675516796,458.7410680349768,307.6092239379883,156.4773798409998,8824919.5,0.1846007773781959,33.079337028113194,9.919263620278551,-0.12788229491633718,2.1749981256365514,5.990783410138256,7.2906717605857985
2026-05-25,519.6370239257812,520.6305937612034,518.6434540903591,518.6434540903591,1739570,435.6803771972656,322.8605209350586,209.44452285766602,86.18037559476333,66.20510480271224,49.61402351744472,16.59108128526752,494.63090356484355,322.8605209350586,151.09013830527368,8682668.35,0.20034970010112158,34.96136657169189,9.758654884452,-0.354352809800873,3.256436796480777,11.192145862552593,10.237388724035611
2026-05-26,566.3348388671875,566.3348388671875,467.97141948499177,519.6370539079633,3286233,476.416748046875,340.3473518371582,216.89629720052082,88.16350522367964,75.55461450411428,54.802141714778635,20.75247278933565,536.1030199675693,340.3473518371582,144.59168370674715,8730619.35,0.3764031929762234,43.4149736130924,8.986621967120655,0.029903373699946556,-0.27272077978219844,1.879414732593343,-2.3687752355316283
2026-05-27,604.0904541015625,616.0132920114618,592.1676161916632,595.1483256691381,1798179,518.8421752929687,358.9271072387695,224.9938912709554,89.47817213153361,85.03055164494515,60.847823700811944,24.182727944133205,580.4270467672668,358.9271072387695,137.4271677102722,8664501.95,0.20753402911981572,44.250104217249984,6.666659481852766,-0.007951228100844254,1.6804674357044913,-3.181874458338496,-0.5238489109456901
2026-05-28,601.1097412109375,630.9168358164386,581.2383448072702,604.0904506714876,2402224,552.9216186523438,377.2584701538086,233.1080446879069,88.64112262308757,91.24793211848129,66.92784538434582,24.320086734135472,615.4493474371593,377.2584701538086,139.06759287045796,8010493.2,0.2998846562905765,44.97388912283911,-0.4934216176380568,0.06360275198662446,-1.4017266590648503,9.18158567774936,5.210643015521055
2026-05-29,636.8782958984375,636.8782958984375,611.0454789041171,635.8847260140406,1497206,585.6100708007813,398.5457054138184,241.84317995707195,89.86622209670827,97.9325686797306,73.12879004342278,24.80377863630781,649.9555395157665,398.5457054138184,147.1358713118703,7246455.1,0.20661219580315898,43.74651119812723,5.950420070625406,-0.1331620395565447,2.512808021606805,12.73131881002576,8.219178082191792
2026-06-01,667.678955078125,694.5053416660853,660.7239659627279,666.6853852044968,1548674,615.21845703125,420.70231399536135,251.2241355895996,90.78762746198154,104.51081151920613,79.40519433857945,25.10561718062668,685.3059191733657,420.70231399536135,156.09870881735702,6513001.8,0.23778190879664735,45.59724914072997,4.836192311474097,-0.03531969758715503,1.352401006913162,8.987012987012989,-0.09737098344693162
2026-06-02,645.8203735351562,645.8203735351562,601.1097322904146,635.8846754807691,3130773,631.1155639648438,440.6482269287109,260.1828233083089,84.88866405487191,106.72999457212859,84.87015438528928,21.859840186839307,710.1844426604166,440.6482269287109,171.1120111970053,6035637.95,0.5187145130201191,48.39351229366069,-3.273816162201948,-0.2623166699323165,0.48391828547871274,-2.4785510009532885,-6.21345029239766
2026-06-03,635.8847045898438,645.8204030990601,623.9618663787842,633.8975648880005,1051432,637.4744140625,458.88023376464844,268.96763674418133,82.27192442937104,106.45978554305856,89.18808061684314,17.27170492621542,729.4966747399673,458.88023376464844,188.2637927893296,5021290.8,0.2093947635934569,44.85551555054271,-1.538457031159557,0.47142964549633515,1.9795979840295574,1.8572825024437911,2.6240581969342758
2026-06-04,618.0004272460938,627.93612543333,596.1418912341741,596.1418912341741,1056889,640.8525512695312,474.87670745849607,277.56201566060383,77.63301158504889,103.60820038410844,92.0721045702962,11.536095813812238,743.2832506365232,474.87670745849607,206.47016428046885,4614584.05,0.22903234366269698,44.17382192455964,-2.812503149495582,0.08672630642823087,-1.682551333517468,-4.95201535508637,0.0
2026-06-05,621.9747314453125,635.8847094648562,558.3862604988269,591.1740658306085,1557268,637.8718383789062,489.58154144287107,286.1895139058431,77.93081200379214,100.51037074687315,93.7597578056116,6.750612941261551,756.2981957613696,489.58154144287107,222.86488712437256,3567676.9,0.4364935625196329,48.617105530088935,0.6430908497796484,-0.007936817364084803,-1.3278310983176,-2.110258481421645,4.075949367088616
2026-06-08,597.135498046875,597.135498046875,560.3734124766015,560.3734124766015,1634890,623.7631469726563,503.0692535400391,294.3781857808431,71.5214355547771,94.95640160617961,93.99908656572521,0.9573150404544037,762.4308091444195,503.0692535400391,243.70769793565864,2102374.6,0.7776397222455027,50.34833398857187,-3.993608123069148,0.2701335531519966,-3.4793152912322878,-10.149561629706039,-9.632692775480422
2026-06-09,656.7496948242188,656.7496948242188,614.026189714625,625.9490283498606,1808408,625.9490112304687,519.5128356933594,303.5769870758057,76.51388763528996,94.27842550831684,94.05495435424353,0.22347115407330875,773.758001860514,519.5128356933594,265.2676695262048,2064196.65,0.8760831968213881,51.58378236040812,9.983361728172468,-0.01931012262229581,2.7622605307562997,11.261623234990248,3.2301480484522305
2026-06-10,637.871826171875,720.3381214557778,634.8911167037821,656.7496528031298,2628946,626.346435546875,535.2609176635742,312.4197584788005,72.19763618957472,91.16692279831352,93.47734804305755,-2.3104252447440246,776.938858566067,535.2609176635742,293.5829767610815,2116576.9,1.242074407974499,56.098878679286464,-2.874438892186537,-0.13014202626587812,-3.308177660269873,-10.751134956665286,-5.0847457627118615
2026-06-11,690.5310668945312,690.5310668945312,586.2062294500338,650.7882716775798,3455145,640.8525634765625,552.0274093627929,322.1401838938395,76.22636770101877,91.89093363532265,93.16006516151057,-1.2691315261879197,787.5577641414815,552.0274093627929,316.4970545841044,2069271.5,1.6697398093966886,62.52900651464793,8.255458003010663,0.3452662184263211,-0.17600272119220328,3.6647398843930645,-2.1703296703296737
2026-06-12,759.0873413085938,759.0873413085938,759.0873413085938,759.0873413085938,2395068,668.2750854492188,573.7369094848633,332.9204163869222,80.24071642341976,96.87986505763024,93.90402514073452,2.9758399168957226,801.0154548813777,573.7369094848633,346.45836408834896,2059654.9,1.1628491743932443,63.332642234569875,9.928050699061952,-0.22369454265829258,2.3628988702241616,-4.583472733355642,-1.6006739679865212
2026-06-15,834.5986938476562,834.5986938476562,834.5986938476562,834.5986938476562,2531553,715.767724609375,597.6074264526367,344.8763739267985,83.53797202530139,105.70822560463262,96.26486523351414,9.443360371118473,829.361998974944,597.6074264526367,365.8528539303294,2088317.5,1.212245264429379,64.9564702751689,9.947650083175951,0.10766774191464101,2.7801130493521287,17.57830762038335,11.472602739726035
2026-06-16,809.7593994140625,909.1163809372604,779.9523049571031,876.328577034605,18862896,746.3696655273437,619.9627471923828,356.36038500467936,78.87530743802475,109.43889798032058,98.89967178287544,10.539226197445132,842.3578562546268,619.9627471923828,397.5676381301389,2958400.65,6.376045110725621,73.51748436916733,-2.976196178678392,-0.298612606480253,0.9079966328300548,4.671968190854869,-2.662570404505893
2026-06-17,890.2385864257812,890.2385864257812,799.8237299919128,824.6629762649536,15465509,796.843017578125,644.8765106201172,369.2271146138509,82.31874586733619,117.53461464049451,102.62666035439926,14.907954286095247,871.3294353807937,644.8765106201172,418.42358585944066,3573889.2,4.327361072078004,75.77046731112748,9.938654255813884,0.143723164615861,0.14887671372583178,3.1813865147198417,0.7364544976328213
2026-06-18,896.2000122070312,904.1485710736125,863.4122068823838,863.4122068823838,1523291,837.976806640625,668.1508850097656,382.1766418457031,82.54570903308954,123.01354211873058,106.70403670726554,16.30950541146504,897.5885331285413,668.1508850097656,438.71323689098995,3550162.05,0.42907646990367665,71.09925356180764,0.6696436070227518,0.2360263790704975,1.2812598662263142,8.099401748734468,0.6527415143603221
2026-06-22,897.0,900.0,860.0,890.0,1538553,865.5593383789062,689.3290832519531,395.1146629333496,82.57802800429145,125.96810207953718,110.55684978171988,15.411252297817299,921.2707666396598,689.3290832519531,457.38739986424633,3545635.35,0.4339287174582124,66.95268642023329,0.08926442558270242,0.2089372068782236,2.746813790663727,4.255319148936176,3.9396265029419286
2026-06-23,808.0,897.0,808.0,897.0,2585251,860.239599609375,703.7472320556641,406.3706367492676,67.5847849255924,119.7476792331089,112.3950156719977,7.3526635611112,926.9607090706795,703.7472320556641,480.53375504064866,3587919.4,0.72054322067547,69.89232823086886,-9.921962095875136,-0.04731370199756446,-1.3423606797903442,-10.16326530612245,-2.9534826482894405
2026-06-24,796.0,800.0,758.0,800.0,2415032,857.4877197265625,715.2304901123047,417.2113370259603,65.84876528877322,112.55221769550144,112.42645607669846,0.12576161880298287,932.2225203346536,715.2304901123047,498.2384598899557,3544359.35,0.6813733488959013,67.24001780008635,-1.4851485148514865,0.0476551235367495,-2.244229984227597,0.22716946842344932,-3.2208977935582084
2026-06-25,771.0,800.0,756.0,794.0,2232507,833.6400024414063,723.5759674072266,427.5608528137207,62.26067808418636,103.63779948004833,110.66872475736844,-7.030925277320108,935.3462060637894,723.5759674072266,511.80572875066383,3566075.75,0.6260402628856103,64.14134876007483,-3.1407035175879394,0.3340466665395114,0.45969504788345716,7.207615593835004,2.4109014675052443
2026-06-26,729.0,802.0,727.0,761.0,1747220,800.2,729.9704803466797,437.27660675048827,56.67353701956149,92.12208379010588,106.95939656391593,-14.837312773810055,933.7428812795644,729.9704803466797,526.198079413795,3533325.55,0.49449731570870964,65.58916892539818,-5.447470817120625,0.16348102632479655,-3.6395859356203264,-8.921775898520078,-8.52098259979529
2026-06-29,766.0,770.0,728.0,728.0,972057,774.0,736.4265655517578,447.7663424173991,60.07277834622816,85.00154205251431,102.56782566163562,-17.566283609121314,935.9172379741848,736.4265655517578,536.9358931293308,3507068.1,0.2771708368023991,62.44394640201176,5.075445816186552,-0.04080504718203537,0.9605559714053191,-0.278551532033422,0.5034965034965033
2026-06-30,842.0,842.0,812.0,812.0,1681494,780.8,745.1426177978516,459.4482271830241,65.97740854815612,84.51676955665198,98.9576144406389,-14.440844883986927,947.2023456023862,745.1426177978516,543.0828899933169,3513709.1,0.4785524219975979,64.25142021507686,9.921671018276768,0.05934599029766563,2.50225391133696,6.098696461824948,-0.6401335930976915
2026-07-01,899.0,899.0,860.0,888.0,1708544,801.4,757.8015991210938,472.13807017008463,69.60763753068983,87.72081652363556,96.71025485723825,-8.989438333602692,965.3110532072951,757.8015991210938,550.2921450348924,3442597.65,0.4962949997947045,63.28456418639995,6.76959619952493,-0.09885131953493165,1.9361745317864276,4.344010530934628,3.6414565826330625
2026-07-02,899.0,899.0,858.0,899.0,1296894,827.0,770.9573638916015,484.60435994466144,69.60763753068983,89.23144230661535,95.21449234711368,-5.983050040498327,979.2828180791632,770.9573638916015,562.6319097040398,3454870.75,0.3753813366245322,60.313288961546625,0.0,0.1897318900919931,-0.5845045481542077,-8.536585365853655,-1.0810810810810811
2026-07-03,988.0,988.0,839.0,867.0,14930355,878.8,789.4573425292969,498.30559056599935,74.52911197149764,96.49781359178064,95.47115659604707,1.0266569957335747,1006.1377027136292,789.4573425292969,572.7769823449645,4148544.05,3.5989385239865057,72.13818376667373,9.899888765294772,0.11318580885453233,0.07800105377469002,1.885057471264373,1.0655737704918122
2026-07-06,963.0,1020.0,891.0,1015.0,19881338,918.2,806.5086059570312,511.3169227600098,71.04876920467089,99.09684734976724,96.1962947467911,2.9005526029761484,1021.3603370023227,806.5086059570312,591.6568749117398,5064747.55,3.9254351384206703,79.71975926445057,-2.53036437246964,-0.009085485277215977,-0.4793234110779254,-7.490974729241873,-5.3527980535279855
2026-07-07,867.0,986.0,867.0,955.0,12387047,923.2,820.0018310546875,522.5543802897135,59.54905930360641,92.34569889975944,95.42617557738477,-3.0804766776253274,1012.1896684753708,820.0018310546875,627.8139936340042,5602355.4,2.211042698219395,84.95712469585717,-9.968847352024923,0.3974618785651973,-2.31392776703252,-10.126829268292681,-4.113110539845755
2026-07-08,953.0,953.0,827.0,878.0,20363133,934.0,834.8143463134766,534.9105407714844,65.01237928240374,92.86436380189275,94.91381322228636,-2.049449420393614,1019.545060052061,834.8143463134766,650.0836325748921,6530091.65,3.1183533235708873,90.42950806974288,9.919261822376013,0.25268356539331904,0.5613583571852931,-2.008250108554055,-1.7575215966636915
2026-07-09,1005.0,1045.0,948.0,966.0,18630875,955.2,853.1707550048828,547.8601361592611,67.84067318055708,96.36058999243153,95.2031685763154,1.1574214161161223,1028.2096797119066,853.1707550048828,678.1318302978591,7330188.1,2.541663971760834,91.30557366044384,5.456453305351516,-0.08308174762022835,-0.8304486270893752,4.9628891104464445,2.546998180715576
2026-07-10,1005.0,1005.0,1005.0,1005.0,0,958.6,868.8942016601562,560.9173683166504,67.84067318055708,98.00167216459226,95.76286929397078,2.238802870621484,1038.8411813270593,868.8942016601562,698.9472219932532,7157430.85,0.0,79.13149717238467,0.0,-0.03737569847767075,-0.8304486270893752,4.0633245382585725,0.20697811945593614
2026-07-13,905.0,1030.0,905.0,1025.0,13352742,947.0,876.1898345947266,572.0181424458822,57.47787877775322,90.19338415515028,94.64897226620668,-4.4555881110564,1038.6517766386264,876.1898345947266,713.7278925508267,7705314.55,1.7329262697004368,85.24729754940006,-9.950248756218905,0.005918645015356994,0.057127944892587657,-8.052738336713993,-5.488344644437893
2026-07-14,815.0,924.0,815.0,884.0,14984851,936.6,875.2098999023438,581.734833017985,50.06557612048653,75.86844757618394,90.89286732820214,-15.024419752018204,1038.9594582556374,875.2098999023438,711.46034154905,8327979.45,1.7993381335733243,88.41432454281339,-9.944751381215466,0.19595735310091733,-1.4159606790255297,0.3750275755570298,0.9678426475179469
2026-07-15,838.0,865.0,780.0,825.0,14549576,913.6,876.6219299316406,591.8265772501628,51.77707253391552,65.61536680831944,85.8373672242256,-20.222000415906166,1038.4711397404672,876.6219299316406,714.7727201228141,8112313.45,1.7935174829813805,87.95908127043828,2.822085889570558,-0.08736726929839955,1.9975001997308173,0.0,0.37105751391466324
2026-07-16,766.0,854.0,755.0,816.0,14701231,865.8,870.4100006103515,600.3705721537273,46.413993127539285,51.090983109185345,78.88809040121755,-27.79710729203221,1039.4363633188075,870.4100006103515,701.3836379018956,8074099.55,1.8207889200474374,89.43120376771317,-8.591885441527447,0.23962128796235493,-0.014484209344078902,-7.692307692307687,-4.959950708564387
2026-07-17,690.0,720.0,690.0,690.0,8886568,802.8,860.1,607.7638168334961,41.5246703595147,33.066568722579746,69.72378606549,-36.65721734291026,1046.739985561847,860.1,673.4600144381528,8442263.4,1.0526286114219083,87.64037659868475,-9.921671018276768,0.16578843836740909,-6.473889757658291,-9.142857142857142,-3.792544570502432
2026-07-20,621.0,667.0,621.0,661.0,4617246,746.0,846.3,614.4127690633138,37.64716640036581,13.063776041078654,58.39178406060773,-45.32800801952908,1060.2661557103688,846.3,632.333844289631,8596198.05,0.5371265265345998,85.15499305219346,-9.999999999999998,0.15093593640875813,-0.5192494034838457,-9.142857142857142,-3.792544570502432
2026-07-21,682.0,683.0,620.0,643.0,20179537,719.4,840.0,622.2025843302409,42.73788260732913,2.109294298693726,47.13528610822494,-45.02599180953121,1065.8066243026265,840.0,614.1933756973735,9475912.35,2.1295613820235473,82.20099397856768,9.822866344605474,-0.11480806865203919,4.200670223388481,4.834905660377364,3.5377358490566113
2026-07-22,663.0,708.0,660.0,708.0,2272489,684.4,833.35,629.6426139831543,41.5986551792377,-8.012983924527475,36.10563210167446,-44.118616026201934,1072.07668803246,833.35,594.62331196754,9468785.2,0.239997946093444,77.640861448092,-2.7859237536656867,0.15336368301654968,1.3404288294859956,3.9495063117110263,1.1064106736088597
2026-07-23,697.0,697.0,663.0,670.0,1285815,670.6,829.65,637.384358215332,44.452134974151306,-13.139977017654815,26.256510277808605,-39.396487295463416,1074.6567883055275,829.65,584.6432116944724,9421450.6,0.13647739128409803,71.82207992167973,5.128205128205132,0.16612166048495247,0.055832476427841726,2.6572081279307547,0.2896684905053126
2026-07-24,640.0,700.0,628.0,682.0,1370316,660.6,825.2,644.1429835001628,40.84874478467983,-21.55411716733977,16.694384788778933,-38.2485019561187,1080.9034466556504,825.2,569.4965533443496,9402605.4,0.1457379036665731,71.8458025987891,-8.177905308464851,-0.2473849217723867,-2.6665489151664,-2.6587022721948905,-3.0487804878048808
2026-07-27,585.0,640.0,576.0,640.0,2021399,653.4,816.15,650.3740903218587,37.67518571400776,-32.288225635983736,6.897862703826399,-39.186088339810134,1092.6425239305283,816.15,539.6574760694716,9455072.5,0.21378989954862854,70.79969558561723,-8.59375,0.0721389858897803,-0.047299308791204364,-2.514739501864993,-0.2979145978152964
2026-07-28,527.0,527.0,527.0,527.0,255652,622.4,800.4,655.4149772644043,34.620599147435826,-44.95696331784461,-3.4731025005078022,-41.48386081733681,1105.1369184619484,800.4,495.6630815380515,9383780.4,0.0272440305614995,69.09306950753493,-9.914529914529913,-0.06281056383515837,-4.65422176004644,-11.71315724512466,-2.8054448871181914
2026-07-29,474.5,474.5,474.5,474.5,758190,584.7,779.175,659.2082753499349,32.084813452790016,-58.558316620523556,-14.490145324510955,-44.0681712960126,1112.7633493800483,779.175,445.5866506199515,9336262.7,0.08120915449390687,66.8806602398636,-9.962049335863377,0.1913253481581556,-3.759743710600294,-12.889696630784286,-6.199829205807006
2026-07-30,427.5,442.0,427.5,427.5,3876414,530.8,755.6,661.8125325520833,29.96856272362774,-72.29660406141988,-26.051437071892742,-46.24516698952714,1118.8564122663652,755.6,392.34358773363476,9465238.7,0.4095421280817778,64.22990554121513,-9.905163329820866,-0.04603973420009844,-0.26443825042463676,2.9690258385491886,2.3852876911871768
2026-07-31,450.0,470.0,416.5,470.0,5922954,492.8,728.7,664.3446833292643,32.271634845626366,-80.44145485914305,-36.92944062934281,-43.51201422980024,1099.1042457412682,728.7,358.29575425873185,9014868.65,0.657020554592329,62.79925146905312,5.263157894736836,0.14251061606802562,7.979428588197601,15.586034912718194,6.989151698381657
2026-08-03,459.5,480.0,430.0,430.0,3145059,467.7,703.525,666.5383824666341,33.26948368029714,-85.14820172506131,-46.573192848486514,-38.5750088765748,1075.3181619370612,703.525,331.73183806293883,8178054.7,0.3845729963141479,61.092684606512705,2.111111111111108,-0.3145609094511337,0.6184176769345795,-3.438511326860838,2.7925531914893664
2026-08-04,498.0,505.0,479.5,479.5,3703414,461.9,685.075,669.3820281982422,37.30107118588342,-84.79424896502508,-54.21740407179423,-30.57684489323085,1059.3255880176794,685.075,310.82441198232067,7743873.05,0.4782379535521957,59.01365999231102,8.378672470076175,0.3186484533235223,-0.059350381622413906,-0.446864962993998,-1.2936610608020649
2026-08-05,547.0,547.0,520.0,525.0,1165255,476.4,664.775,673.0340606689454,42.09598002633804,-79.6417874126887,-59.30228073997313,-20.339506672715572,1021.4676253055538,664.775,308.0823746944462,6783979.15,0.17176571068913146,57.67850532666955,9.839357429718865,-0.002778949738335701,2.88496854462601,9.819048954972654,3.2110091743119185
2026-08-06,593.0,593.0,525.0,541.0,1745493,509.5,644.175,677.5355575561523,46.25156788585944,-71.02784417467365,-61.64739342691323,-9.380450747760413,963.7971906201786,644.175,324.55280937982127,5939710.05,0.29386838504010815,59.05470461644694,8.40950639853748,-0.4022170511909673,-0.48171851317403425,-5.2113935368501725,-4.349206349206347
2026-08-07,535.0,595.0,534.0,595.0,1830706,526.5,620.675,680.5322036743164,42.14460665390483,-68.09637475258592,-62.93718969204777,-5.1591850605381495,894.4138834560943,620.675,346.9361165439056,6031245.35,0.30353698013628316,59.314077334254016,-9.780775716694768,-0.17977012124817948,-0.38468864916847423,-2.1290931141355607,-0.8297378028543023
2026-08-10,588.0,588.0,551.0,555.0,1216091,552.2,604.825,684.9172480265299,46.79391162525056,-60.79569215975266,-62.50889018558875,1.7131980258360855,843.7410334775196,604.825,365.90896652248045,5424412.8,0.2241885057125446,58.47220035635348,9.906542056074773,0.08787349343861717,1.589230295129762,0.536968194960763,1.907630522088355
2026-08-11,646.0,646.0,594.0,617.0,22460507,581.8,596.375,689.7307754516602,51.39694921939876,-49.75617511796304,-59.95834717206361,10.202172054100572,815.0927645421502,596.375,377.65723545784977,5798195.6,3.873706330293514,58.409240308839685,9.863945578231291,-0.02481586909149902,0.4272475445720847,0.536968194960763,1.907630522088355
2026-08-12,685.0,710.0,631.0,646.0,23730795,609.4,588.725,695.1032257080078,54.2623062849788,-37.42884780467534,-55.45244729858596,18.023599493910616,780.957993224915,588.725,396.4920067750851,6257256.55,3.7925238977136075,61.15467493432773,6.037151702786381,-0.055858442703549116,0.8806410303470624,3.231991235277998,2.266009852216744
2026-08-13,691.0,752.0,690.0,706.0,24454242,629.0,584.975,700.0871704101562,54.70473100884021,-26.865513324980725,-49.735060503864915,22.86954717888419,765.1981000440103,584.975,404.75189995598976,6744907.1,3.625586184871249,61.934051609750696,0.8759124087591275,-0.02110518697276964,1.1059567173957285,10.254709472008482,3.885677585099545
2026-08-14,647.0,695.0,640.0,695.0,2127023,651.4,582.825,703.6919616699219,50.822285012959995,-21.793208381345494,-44.146690079361036,22.353481698015543,758.7473138954108,582.825,406.9026861045893,6406929.85,0.33198787091449117,61.00951139511727,-6.367583212735162,-0.24284380760136726,-0.45732720428869333,-0.9144507279509106,-0.7727975270479082
2026-08-17,689.0,692.0,605.0,647.0,1369185,671.6,586.225,707.2846944173177,54.1661459748182,-14.220397290106007,-38.16143152151003,23.941034231404025,767.7917124024425,586.225,404.65828759755755,6244526.8,0.2192616100230365,64.4749098757683,6.4914992272024685,-0.4168200504919728,0.10097531306225704,0.6678809957498588,1.0591900311526459
2026-08-18,668.0,685.0,656.0,673.0,1246446,676.0,585.525,709.7574106852213,52.253009882549776,-9.800441052922906,-32.489233427792605,22.6887923748697,765.6391377892879,585.525,405.410862210712,5297872.25,0.235272943774739,60.278255225665866,-3.0478955007256947,-0.4373220778009723,-1.1962985353416111,-9.577804583835947,-3.2367447595560983
2026-08-19,690.0,692.0,641.0,646.0,1711247,677.0,586.875,711.8184967041016,54.082719444772835,-4.470840684156315,-26.885554879065346,22.41471419490903,769.8167149056803,586.875,403.9332850943196,5269810.15,0.3247264989233056,59.04115452891042,3.293413173652704,0.09921712609282096,-1.3006958690137793,-2.2011739594450352,-4.237018158649253
2026-08-20,710.0,714.0,675.0,714.0,1221868,680.8,587.525,713.5836558024089,55.743105556325766,1.3511634872039622,-21.238211205811485,22.589374693015447,772.1983887876524,587.525,402.8516112123475,5266612.8,0.23200262605217534,56.36900059172237,2.898550724637672,-0.20952662644722064,0.47940480185713064,-1.7187286864002171,0.1663339986693213
2026-08-21,639.0,745.0,639.0,701.0,12796201,679.2,587.475,714.2151601155599,48.97290086847244,0.233347228443904,-16.943899518960407,17.17724674740431,772.0890996497108,587.475,402.8609003502892,5837907.05,2.1919158510754295,62.98646717949272,-9.999999999999998,0.07292445718072305,0.6466205402973157,-1.582234559333795,0.996346728661579
2026-08-24,643.0,670.0,621.0,645.0,12717195,670.0,590.375,714.3171885172526,49.346159059557,-0.3260056492564445,-13.620320745019615,13.29431509576317,776.6401971899479,590.375,404.10980281005203,6372696.85,1.9955750758801591,61.12160488889369,0.6259780907668322,-0.05119683229035665,-1.0215058314384073,-0.33845719926667295,0.03288391976323801
2026-08-25,628.0,643.0,590.0,643.0,7485994,662.0,595.425,713.6558725992838,47.93025395134943,-1.9571111158390977,-11.287678819183512,9.330567703344414,779.9238304056487,595.425,410.9261695943512,6734213.95,1.1116359022124624,60.03872423704121,-2.3328149300155476,-0.03142551921185843,0.9095610374029395,0.8914673836139864,0.2301117685733045
2026-08-26,614.0,630.0,591.0,627.0,8234688,646.8,602.4,713.1255330403645,46.5866726614495,-4.3295486054313415,-9.896052776433079,5.566504171001737,777.9822194570777,602.4,426.8177805429223,7108038.85,1.158503516057738,57.23356100543572,-2.2292993630573243,0.09398842232435367,1.4681604395669012,0.7713884992987419,-0.5903574942604184
2026-08-27,675.0,675.0,606.0,639.0,6672131,639.8,614.775,713.7774546305338,52.79568344602879,-1.2728594749930835,-8.17141411614508,6.898554641151996,772.4263391533411,614.775,457.12366084665877,7247824.7,0.920570140169091,58.80241953804429,9.934853420195445,-0.11305637616038089,0.3111269939336747,1.7258176757132926,1.5176509402837324
2026-08-28,742.0,742.0,707.0,719.0,14596271,660.4,629.375,715.8441141764323,58.501696663309936,6.481217302130858,-5.240887832489893,11.722105134620751,776.507906262545,629.375,482.2420937374549,7681490.55,1.9001873275753753,59.895430266305056,9.925925925925917,-0.4558916903721677,0.774831481905669,1.2039950745656114,1.1374715632109123
2026-08-31,742.0,766.0,712.0,742.0,16639431,680.2,643.5,717.8445353190104,58.501696663309936,12.482488653984433,-1.696212535195028,14.17870118917946,775.4210290087846,643.5,511.57897099121544,8356209.15,1.9912655010555833,59.10937289746439,0.0,-0.11023270076141456,-0.4381051578845385,-2.7849128024874936,-1.0925449871465265
2026-09-01,731.0,795.0,730.0,769.0,12553994,700.8,655.15,720.0756103515625,57.18548979237493,16.164595967784294,1.8759491654008364,14.288646802383457,773.415134783092,655.15,536.884865216908,8798738.15,1.4267948183001673,59.89478984446914,-1.482479784366575,0.19604210375987474,1.7781860578235609,1.3767209011264159,0.032488628979865375
2026-09-02,686.0,743.0,686.0,718.0,6713568,715.2,662.1,720.5631154378256,52.02844341738227,15.275482370701184,4.555855806460906,10.719626564240277,769.4369510123673,662.1,554.7630489876327,9076153.8,0.7396930624952609,59.50881786520659,-6.155950752393979,-0.04102653494677533,-1.6699071260597553,-5.075445816186552,-6.333225073075677
2026-09-03,638.0,699.0,632.0,691.0,6860301,707.8,664.35,720.5652516682943,47.14461199853563,10.575743998391772,5.7598334448470805,4.8159105535446916,767.388623315418,664.35,561.311376684582,9331894.2,0.7351456042011278,60.50764214984571,-6.99708454810496,0.16164441336217195,-0.6651369315447186,-0.2745664739884357,-1.7857142857142905
2026-09-04,701.0,701.0,683.0,692.0,7028993,699.6,672.65,720.7397338867188,53.335971922969186,11.798732521529246,6.967613260183514,4.831119261345732,756.8359470708164,672.65,588.4640529291836,9591808.55,0.732812061808719,60.83995652986628,9.874608150470209,-0.09708022272419958,1.5122200906831251,4.202289523257496,2.6478375992939007
2026-09-07,771.0,771.0,761.0,770.0,3387659,705.4,681.8,720.9382781982422,59.07255855159959,18.206501506648124,9.215390909476437,8.991110597171687,767.0207041806884,681.8,596.5792958193115,9700386.95,0.34922926450887615,62.06129565921744,9.985734664764623,-0.23473421241366754,1.6651381893682204,5.965790571547758,2.510748065348234
2026-09-08,747.0,776.0,738.0,750.0,11712435,708.6,686.85,719.4782999674479,56.50762413859279,21.10482191941469,11.593277111464088,9.511544807950601,775.0561580377995,686.85,598.6438419622006,9162983.35,1.2782337970743993,58.85312290465512,-3.11284046692607,-0.3671620448905233,-0.46588983968915976,-7.834645669291341,-6.894816305988927
2026-09-09,758.0,793.0,747.0,775.0,12573006,723.0,690.5,718.6156433105468,57.42018199961805,24.01256786195927,14.077135261563125,9.935432600396144,784.2510701693294,690.5,596.7489298306706,8605093.9,1.4611120048323936,57.13937318403444,1.4725568942436373,-0.0180897502252253,0.1646891802691508,1.495087569414788,1.3513513513513598
2026-09-10,803.0,826.0,730.0,763.0,13451380,756.0,696.1,717.1616668701172,61.02313574416913,29.60681248518415,17.18307070628733,12.423741778896819,802.503205333594,696.1,589.696794666406,8054950.8,1.6699518512267015,62.32079009282985,5.936675461741414,-0.11174924474647296,-0.5147388760934346,5.569584736251398,1.351111111111103
2026-09-11,744.0,803.0,737.0,782.0,14596619,764.6,700.95,714.625,54.510467258910396,28.945815395287127,19.53561964408729,9.410195751199836,806.771050537414,700.95,595.1289494625861,8678430.6,1.6819422396487218,62.81135141378587,-7.347447073474466,0.5434767453688316,-1.6097760087677493,-2.299003322259141,-1.4734257147868801
2026-09-14,731.0,757.0,717.0,730.0,8112901,756.6,703.05,711.8583333333333,53.164113909491626,27.061036303256287,21.040702975921093,6.020333327335194,809.5374096832693,703.05,596.5625903167306,9015616.4,0.8998720264983767,59.76983789194776,-1.7473118279569877,0.13023751389060756,-0.6979172181896032,-2.5163220892274185,0.28484956382410775
2026-09-15,726.0,749.0,721.0,744.0,6152192,752.4,705.95,710.4916666666667,52.62573423703592,24.877109250488502,21.807984230834574,3.069125019653928,811.5739107698423,705.95,600.3260892301578,9260903.7,0.6643187532551494,55.53385950635473,-0.6839945280437743,0.13069434131136592,-0.7653989654031412,3.23705874145388,0.6035860110065627
2026-09-16,772.0,786.0,720.0,740.0,7923328,755.2,710.05,710.0916666666667,56.9455084680802,26.55207114076461,22.75680161282058,3.795269527944029,819.3684146860605,710.05,600.7315853139394,9571507.75,0.8278035401475802,56.929344905507435,6.336088154269981,0.17592593539166312,0.7413735937723764,3.1625895391269143,1.3587436033174471
2026-09-17,760.0,822.0,758.0,778.0,12585987,746.6,712.55,709.9083333333333,55.52317653793582,26.604510557467847,23.526343401750037,3.0781671557178107,824.1271623491768,712.55,600.9728376508231,10139713.7,1.2412566441594894,57.872098918106445,-1.5544041450777257,0.2712983686560255,0.9577145306960189,-2.646403773090533,-2.2980501392757646
2026-09-18,797.0,811.0,766.0,791.0,10174653,757.2,720.45,711.0416666666666,58.92943300703164,29.293977216623148,24.67987016472466,4.614107051898486,832.473446793869,720.45,608.4265532061311,10008636.3,1.0165873446715212,56.95581906235892,4.8684210526315885,-0.026676874442554954,1.9286856204631775,4.467770152065675,1.3898788310762633
2026-09-21,791.0,825.0,780.0,800.0,8365232,769.2,727.85,711.4583333333334,58.151682900205195,30.588642237709223,25.861624579321578,4.727017658387645,837.866792976536,727.85,617.8332070234641,9791038.15,0.8543764074701312,55.3617098540444,-0.7528230865746499,-0.13186898734366403,1.1404859900489006,4.467770152065675,1.3898788310762633
2026-09-22,780.0,856.0,770.0,822.0,12156364,780.0,735.45,710.425,56.674873346134866,30.37689953642098,26.764679570741457,3.6122199656795217,837.1067495882196,735.45,633.7932504117805,10024556.65,1.2126585169230402,59.44681520683848,-1.3906447534766109,-0.22226247695271706,1.1404859900489006,4.467770152065675,1.3898788310762633
2026-09-23,768.0,803.0,760.0,791.0,6043556,779.2,743.15,708.2416666666667,55.03293030296751,28.90756380707637,27.193256418008442,1.7143073890679297,828.0159004113635,743.15,658.2840995886364,9915000.05,0.6095366585499916,57.25390651259335,-1.538461538461533,-0.18557623162702708,1.1404859900489006,4.467770152065675,1.3898788310762633
