Date,Close,High,Low,Open,Volume,MA5,MA20,MA60,RSI,MACD,MACD_signal,MACD_hist,BB_upper,BB_mid,BB_lower,Volume_MA20,Volume_ratio,ATR,pct_change,usdtwd_pct,twii_pct,murata_pct,tdk_pct
2023-12-20,104.47811126708984,104.47811126708984,103.56960595172384,104.47811126708984,117000,103.84215393066407,102.45668258666993,99.49646924336751,59.74605249762153,1.5739140865510848,1.6031501274765243,-0.02923604092543952,107.79884159986186,102.45668258666993,97.114523573478,237050.0,0.49356675806791817,2.254389684139668,1.321590303306519,-0.33465989557395215,0.33367432683415466,0.17680639486283845,2.2539462636961938
2023-12-21,109.0206298828125,109.0206298828125,102.66109313964844,102.66109313964844,960000,104.75065765380859,103.0699234008789,99.61003227233887,70.15908620757287,1.9138405627568602,1.6652882145325916,0.24855234822426864,108.47212294987594,103.0699234008789,97.66772385188187,280800.0,3.4188034188034186,2.8017426253429196,4.347818467075926,0.12791495872452874,-0.5186161111112364,-0.705968298123183,-1.3960300270427495
2023-12-22,109.0206298828125,111.74614562988282,106.7493667602539,110.83764038085938,977000,105.75001373291016,103.61502647399902,99.75387891133626,70.15908620757287,2.1583545761630063,1.7639014868586746,0.39445308930433165,109.11287493602462,103.61502647399902,98.11717801197342,319300.0,3.059818352646414,3.094414124581052,0.0,-0.3736782960108931,0.30147861455658287,1.0131420976176697,-0.044722893065618496
2023-12-25,106.7493667602539,109.92913513183595,106.7493667602539,108.11212463378907,300000,106.47681732177735,104.16012954711914,99.87501284281413,61.00757783034807,2.144145368044491,1.839950263095838,0.3041951049486529,108.44274934744814,104.16012954711914,99.87750974679014,329700.0,0.9099181073703366,3.105794690847851,-2.083333333333337,-0.36226354270691985,0.04665088698287967,0.809438229309456,-0.7305761709260561
2023-12-26,105.38661193847656,107.20362248913995,105.38661193847656,106.7493698514741,124000,106.93106994628906,104.43268127441407,99.97343419392904,56.265326548054155,1.9998683061797067,1.8719338717126117,0.12793443446709496,108.25204145646583,104.43268127441407,100.6133210923623,322050.0,0.38503337990995185,2.9339568054899217,-1.2765928858743725,0.127733444468503,0.8343763777672208,1.0123977559789887,0.750980116998412
2023-12-27,106.29511260986328,107.20361784584503,105.84085999187242,105.84085999187242,154000,107.29447021484376,104.56895713806152,100.049142964681,58.577040594326384,1.9365131881207276,1.884849734994235,0.051663453126492564,108.45260691019048,104.56895713806152,100.68530736593256,299000.0,0.5150501672240803,2.785030019073728,0.8620645968930862,-0.5678033131921834,0.7873572184754041,1.8316979410633705,1.058441171525626
2023-12-28,103.11534881591797,107.20362255751824,102.66109617796239,106.74936991956267,468000,106.11341400146485,104.47810668945313,100.09456825256348,48.845397691970184,1.6111510899749248,1.830110005990373,-0.21895891601544815,108.41066538285973,104.47810668945313,100.54554799604652,303700.0,1.5409944023707607,3.0193628671380113,-2.991448727860191,-0.31445393355279405,0.1054642742363665,2.1890338704401158,-1.0621145531203302
2023-12-29,103.56959533691406,104.93235317029452,103.11534272578726,104.4781005591677,175000,105.02320709228516,104.47810668945313,100.1551352183024,50.1202630648097,1.3741132587438756,1.7389106565410735,-0.3647973977971979,108.41066538285973,104.47810668945313,100.54554799604652,306050.0,0.5718019931383761,2.8590492107872447,0.4405227022089786,-0.4788328985291246,0.11413168589380351,-0.597811341231802,0.14911770600525287
2024-01-02,104.02384948730469,104.47810210515318,103.56959686945619,104.47810210515318,75000,104.47810363769531,104.54624404907227,100.22327308654785,51.42400985415356,1.208977246172438,1.6329239744673465,-0.42394672829490854,108.39252251167966,104.54624404907227,100.69996558646488,302650.0,0.2478110028085247,2.598976885114162,0.43859797744012496,-0.044000291677548375,-0.4297116466016604,-0.597811341231802,0.14911770600525287
2024-01-03,102.20684814453125,103.56960611979167,101.75259548611112,103.56960611979167,168000,103.84215087890625,104.54624404907227,100.2081314086914,46.21997893306339,0.9208736848063381,1.4905139165351449,-0.5696402317288067,108.39252251167966,104.54624404907227,100.69996558646488,304750.0,0.5512715340442986,2.555280500591416,-1.7467161153223665,0.6860424901047546,-1.649228076412912,-0.597811341231802,0.14911770600525287
2024-01-04,99.93557739257812,102.20684051513672,99.93557739257812,101.75258789062501,215000,102.57024383544922,104.40996780395508,100.19298960367838,40.6783706619038,0.5034732427277504,1.293105781773666,-0.7896325390459156,108.70449035792173,104.40996780395508,100.11544524998844,308950.0,0.695905486324648,2.5174125341063105,-2.222229521001673,0.5275459898703483,-0.055014439343803456,-2.839965206207473,-2.396922860593509
2024-01-05,100.84408569335938,100.84408569335938,99.93558041684263,99.93558041684263,58000,102.1159912109375,104.31911697387696,100.16270599365234,43.59172668506878,0.24318611417888292,1.0831218482547094,-0.8399357340758264,108.84031374214113,104.31911697387696,99.79792020561278,301000.0,0.19269102990033224,2.302891969662969,0.9090939628160211,0.03898027981255048,-0.17384828156632448,-0.01719159029101025,-1.0372076397662577
2024-01-08,104.02384948730469,105.38660734085016,101.29833378021374,101.75258639806222,285000,102.20684204101562,104.34182968139649,100.19298934936523,52.40252136076443,0.2901424715088581,0.9245259729055392,-0.6343835013966811,108.85172240728058,104.34182968139649,99.8319369555124,306750.0,0.9290953545232273,2.6015092600400114,3.153148518411042,-0.3284639253521182,0.3054917612432817,-0.01719159029101025,-1.0372076397662577
2024-01-09,100.38983154296875,101.7525894372172,100.38983154296875,101.29833680580104,268000,101.48003845214843,104.11470336914063,100.17784754435222,43.95290893432984,0.03373200409659205,0.7463671791437498,-0.7126351750471578,108.94549751769551,104.11470336914063,99.28390922058574,271450.0,0.9872904770676,2.7391770846128014,-3.4934468991934753,-0.7463136321570363,-0.21152131518220596,-0.6534811180731626,-0.32367415238965247
2024-01-10,100.38983154296875,101.29833680580104,99.48132628013646,99.48132628013646,62000,101.11663513183593,103.91028938293456,100.13999303181966,43.95290893432984,-0.167543798053714,0.563584983704257,-0.731128781757971,109.01458315372703,103.91028938293456,98.8059956121421,267150.0,0.23207935616694741,2.616221543419706,0.0,1.1070581272880409,-0.3983884913753566,2.527263548704761,4.499759322477281
2024-01-11,99.93557739257812,100.84408264160157,99.93557739257812,100.84408264160157,63000,101.11663513183593,103.70587577819825,100.11728032430013,42.948944555183736,-0.3595659821279611,0.3789547905378134,-0.7385207726657745,109.10968265933732,103.70587577819825,98.30206889705917,265400.0,0.2373775433308214,2.3885260375002053,-0.45249020085883496,0.18254264271539977,0.45626438441657147,0.8779345195098598,1.331752387311691
2024-01-12,100.84408569335938,100.84408569335938,99.93558041684263,100.38983305510101,67000,101.11663513183593,103.52417449951172,100.13242212931316,45.62411641318811,-0.4334394985667984,0.21647593271689106,-0.6499154312836894,109.06138925798524,103.52417449951172,97.98695974103819,255350.0,0.26238496181711374,2.191190339271011,0.9090939628160211,-0.7192046382251016,-0.18517891834584077,-0.30125690679593253,3.21262412958494
2024-01-15,101.29833984375,101.29833984375,100.84408719871077,101.29833984375,38086,100.571533203125,103.38789901733398,100.1702766418457,46.96323704435782,-0.45014132994990064,0.08315248018353273,-0.5332938101334334,109.00688552020607,103.38789901733398,97.76891251446189,253204.3,0.15041608693059322,1.9595988474202928,0.45045194992583415,0.587818268824547,0.19408761589856383,0.8897169479982203,-0.18393210018563533
2024-01-16,99.48133087158203,100.844088828727,99.48133087158203,100.38983617634534,49000,100.38983306884765,103.2061981201172,100.19298934936523,42.45895547549075,-0.6030435793266946,-0.05408673171851275,-0.5489568476081819,109.09103109653437,103.2061981201172,97.32136514370002,245954.3,0.1992240021825193,1.9405868640533162,-1.7937203857147699,0.38422436149399,-1.1395293752028635,-1.0981643685830544,1.0914355467719128
2024-01-17,103.11534881591797,109.0206331093406,103.11534881591797,108.566380471385,3015000,100.9349365234375,103.2061981201172,100.26869824727376,52.310511857523146,-0.4260733281013529,-0.12848405099508078,-0.29758927710627214,109.09103109653437,103.2061981201172,97.32136514370002,381904.3,7.894647952379693,2.9537489138806823,3.6529647447388847,0.8430854010390787,-1.066936498019444,-2.658158126489163,-1.0095449279485469
2024-01-18,99.02706909179688,103.11534258641235,99.02706909179688,103.11534258641235,566000,100.75323486328125,102.93364601135254,100.26112721761068,43.323953379889666,-0.6086964616512631,-0.22452653312631726,-0.38416992852494586,109.069994048446,102.93364601135254,96.79729797425907,404354.3,1.3997625349847893,3.1050196885794037,-3.9647635110263812,0.2686100789593082,0.3845752896719512,0.19012352256884135,2.2804541580141446
2024-01-19,101.7525863647461,102.20683898244584,99.4813232762473,99.93557589394705,266000,100.9349349975586,102.57024383544922,100.34440676371257,49.54676267935399,-0.5274203711584988,-0.2851053007327536,-0.24231507042574524,108.01010549704206,102.57024383544922,97.13038217385638,369654.3,0.7195912505278581,3.114986382188679,2.7522952036707293,0.12079320549103212,2.6337127016353046,2.5530311960725083,1.7449178653496489
2024-01-22,102.66110229492188,104.02386028998721,100.38983896981298,100.38983896981298,277000,101.20748748779297,102.25226745605468,100.46554094950358,51.45994135390767,-0.3852578286654307,-0.30513580631928905,-0.08012202234614163,106.7698598820361,102.25226745605468,97.73467503007326,334654.3,0.8277198290893021,3.184191040586752,0.8928676534265989,-0.6231681074182815,0.7554784976987472,2.6408756847985604,1.7558206541004484
2024-01-23,101.7525863647461,103.56959683554513,101.29833374704633,103.11534421784536,238000,101.66173858642578,102.0024284362793,100.571533203125,49.44093425666826,-0.34196072195507554,-0.3125007894464464,-0.02945993250862916,105.9950119457309,102.0024284362793,98.00984492682771,331554.3,0.7178311365589287,3.0624673136416916,-0.8849660775761214,-0.05034596135321534,0.3339315281947419,1.99934827199455,-0.24077508429937167
2024-01-24,101.7525863647461,102.20683898244584,101.29833374704633,101.7525863647461,73000,101.38918609619141,101.82072715759277,100.73809229532877,49.44093425666826,-0.3041414990685638,-0.31082893137086987,0.006687432302306062,105.48184147229834,101.82072715759277,98.1596128428872,329004.3,0.22188159850798303,2.775272369876068,0.0,0.0860763428329081,0.006938533336109387,-0.6748054763399569,-0.8447296668785964
2024-01-25,101.7525863647461,102.66109160014561,101.7525863647461,102.66109160014561,85000,101.93428955078124,101.59360084533691,100.88193893432617,49.44093425666826,-0.2710450537977209,-0.3028721558562401,0.031827102058519186,104.58905850751934,101.59360084533691,98.59814318315448,325554.3,0.2610931571169541,2.526370085279195,0.0,-0.328079755907984,0.709276503221834,-0.970559571110674,-0.392160575404088
2024-01-26,101.7525863647461,103.56959683554513,101.7525863647461,101.7525863647461,312000,101.93428955078124,101.52546272277831,100.98036028544108,49.44093425666825,-0.24202595788696613,-0.2907029162623853,0.04867695837541919,104.43596439097206,101.52546272277831,98.61496105458457,317754.3,0.9818907250035641,2.431788803348507,0.0,0.07350350663963834,-0.04215966405062277,-2.515516935478046,-1.561226605837529
2024-01-29,102.66110229492188,103.11535495994364,102.20684962990009,102.66110229492188,141000,101.93428955078124,101.48003807067872,101.09392356872559,51.9753147617051,-0.14405786315212765,-0.2613739056403338,0.11731604248820615,104.28256609958896,101.48003807067872,98.67751004176847,316054.3,0.4461258714088054,2.289252775595046,0.8928676534265989,-0.13380371723147322,0.6924221152651233,1.3404795269971403,0.6481950348437682
2024-01-30,102.66110229492188,103.56960762496543,102.20684962990009,102.20684962990009,113000,102.11599273681641,101.41190071105957,101.17720324198405,51.9753147617051,-0.06566054832397583,-0.22223123417706223,0.1565706858530864,104.01304855925613,101.41190071105957,98.81075286286301,317954.3,0.35539698629645833,2.1657201381910847,0.0,-0.2817131452696353,-0.46910447933337096,0.2645479721302024,0.17813537800350776
2024-01-31,102.20684814453125,103.11535346137153,101.75259548611112,102.6611008029514,88000,102.20684509277343,101.41190071105957,101.26805381774902,50.50719411830644,-0.03972668063136098,-0.18573032346792198,0.146003642836561,104.01304855925613,101.41190071105957,98.81075286286301,313954.3,0.2802955716803369,2.0586585164669944,-0.4424793229724555,-0.0830523890604784,-0.804398568682585,-0.5606854066229516,1.7918190202373285
2024-02-01,102.66110229492188,104.02386028998721,102.20684962990009,102.20684962990009,272000,102.3885482788086,101.54817695617676,101.32862103780111,51.968285534995694,0.017281400704618477,-0.1451279786334139,0.16240937933803237,104.10892963605373,101.54817695617676,98.98742427629979,316804.3,0.858574204958708,2.02643900033219,0.44444590420034125,0.2756859522162314,0.43907634242430493,-0.5140853489211672,5.482385246594235
2024-02-02,102.66110229492188,103.11535495994364,102.20684962990009,102.66110229492188,86000,102.57025146484375,101.63902778625489,101.4421843210856,51.968285534995694,0.0617489128544122,-0.10375260033584868,0.16550151319026088,104.22342178841228,101.63902778625489,99.05463378409749,318204.3,0.2702666180186754,1.8773811776270386,0.0,-0.035210710893140984,0.5110182189104195,2.21704031019756,-0.7770643035669988
2024-02-05,100.84408569335938,102.66109624639289,100.38983305510101,102.66109624639289,229000,102.20684814453125,101.48003959655762,101.54060567220053,45.708472275357856,-0.0490627528264298,-0.0928146308339649,0.043751878007535105,103.82702880776925,101.48003959655762,99.13305038534598,315404.3,0.7260522446903863,1.9298995859195491,-1.7699172918897998,0.29391269736438463,0.2001149817599579,-0.4892534339491106,-1.4507744924319832
2024-02-15,104.02384948730469,105.38660734085016,102.66109163375921,103.1153442516077,355000,102.47939758300781,101.66174049377442,101.69959398905436,55.75296126064764,0.11833448130332158,-0.050584808406507614,0.1689192897098292,104.20760661823655,101.66174049377442,99.11587436931228,319754.3,1.1102274465112745,2.2782491941290477,3.153148518411042,-0.3927712441166409,3.0310448098840537,1.993247641448015,-0.05110210560023143
2024-02-16,105.38661193847656,106.29511721380825,104.02385402547901,104.9323593008107,407000,103.11535034179687,101.91157951354981,101.88886604309081,59.233963151011295,0.3568480143325985,0.030901756141313616,0.32594625819128487,104.87789344880666,101.91157951354981,98.94526557829296,337004.3,1.2076997237127243,2.2773183317789836,1.3100480879033372,-0.26288406984117385,-0.20016719009597894,0.7949582863892024,0.16613829007698921
2024-02-19,106.29511260986328,108.56637569981763,104.47810213789981,105.38660737388155,374000,103.84215240478515,102.22955627441407,102.09327977498373,61.413409734462824,0.6121239354851866,0.14714619201008822,0.4649777434750984,105.63493687258104,102.22955627441407,98.8241756762471,352554.3,1.0608294949175205,2.518779029130828,0.8620645968930862,0.2255126060222823,0.15343901570623597,-2.0374538412053056,-0.7527403769207353
2024-02-20,105.38661193847656,108.11212776447164,104.9323593008107,106.7493698514741,405000,104.38725433349609,102.45668258666993,102.28255182902018,58.070038992684694,0.7326776784372981,0.26425248929553025,0.4684251891417679,106.0724281336647,102.45668258666993,98.84093703967515,369454.3,1.0962113582112862,2.6069109537348423,-0.8546965604347201,0.21989185165642855,0.6297522514733034,-0.7883299418699807,0.21852673755511365
2024-02-21,107.20362854003906,108.56638652995481,104.93236522351282,104.93236522351282,474000,105.65916290283204,102.75194702148437,102.49453646341959,62.470629277121276,0.9637262067616064,0.40414723278874554,0.5595789739728608,106.89537025869743,102.75194702148437,98.60852378427131,391250.0,1.2115015974440895,2.7438590007624626,1.7241436726547876,-0.07738215560203487,-0.40979551571411754,0.625520699009896,-1.064640968594044
2024-02-22,108.11212921142578,109.02063449891675,105.84086599269834,108.11212921142578,594000,106.47681884765625,103.18348693847656,102.72923380533854,64.47803212020507,1.20623748670738,0.5645652835724724,0.6416722031349076,107.67576992841263,103.18348693847656,98.69120394854049,418500.0,1.4193548387096775,2.801980268156589,0.8474532847061234,0.15456807377836057,0.9448801440578247,1.6465127441044558,2.2300010793322445
2024-02-23,105.38661193847656,109.47488567746917,105.38661193847656,108.56638040213748,537000,106.47681884765625,103.29705009460449,102.85793863932291,54.97733812096108,1.1650727243019077,0.6846667717183594,0.48040595258354823,107.89565550897711,103.29705009460449,98.69844468023186,294600.0,1.8228105906313645,2.9734860642680587,-2.5210097080033966,0.08814408362198822,0.19312885212652287,1.6465127441044558,2.2300010793322445
2024-02-26,104.93235778808594,106.29511568143771,104.93235778808594,105.84086305032045,123000,106.20426788330079,103.59231452941894,102.9942143758138,53.56080955346187,1.0833071494595998,0.7643948472666076,0.31891230219299227,107.77616663521076,103.59231452941894,99.40846242362713,272450.0,0.45145898329968803,2.758722308145887,-0.43103591816370246,0.4705245996972307,0.31161383748661287,0.03306180978801532,0.012688830092288939
2024-02-27,104.93235778808594,106.74936831255496,101.75258937026516,105.84086305032045,366000,106.11341705322266,103.75130310058594,103.13049011230468,53.56080955346187,1.0069004210280497,0.812895962018896,0.19400445900915364,107.88212451768632,103.75130310058594,99.62048168348556,277450.0,1.3191566047936565,3.0571298593650766,0.0,-0.16865689324997435,-0.494196611994846,0.33045788674033183,-1.3187929611108484
2024-02-29,106.7493667602539,108.11212463378907,104.93235626220704,104.93235626220704,325000,106.02256469726562,103.95571632385254,103.27433675130209,58.51895081547009,1.0805095356089964,0.8664186767369162,0.21409085887208024,108.2603444109408,103.95571632385254,99.65108823676428,279850.0,1.1613364302304807,3.0734816609940037,1.731600252266774,0.2277027285789046,0.5959315304422619,0.3652069306923966,0.750499931107873
2024-03-01,111.2918930053711,111.2918930053711,106.7493667602539,107.20361938476563,899000,106.65851745605468,104.43268165588378,103.53174654642741,67.78040842743064,1.4882337613372414,0.9907816936569813,0.49745206768026007,109.71288195561843,104.43268165588378,99.15248135614914,312900.0,2.8731224033237455,3.2693542722104283,4.255319148936176,-0.10426928511686473,-0.16259934881998062,0.19846810564683182,2.209101387197232
2024-03-04,112.20040130615234,113.56315921675339,110.83764339555131,113.56315921675339,969000,108.02127532958984,104.9550724029541,103.73616027832031,69.25872558186471,1.863189486271125,1.16526325217981,0.6979262340913148,111.11315076296829,104.9550724029541,98.79699404293991,357700.0,2.708974000559128,3.196842478742649,0.8163292727327409,-0.17586998206308158,1.9506877426717306,-0.23108466115555615,1.7089791967814572
2024-03-05,112.65465545654297,113.56316074248284,110.38339224169331,112.65465545654297,330000,109.56573486328125,105.50017585754395,103.8875779469808,69.99990758564412,2.1719620863357108,1.3666030190109901,0.8053590673247206,112.35527875927747,105.50017585754395,98.64507295581043,369950.0,0.8920124341127179,3.1945659483488984,0.4048596485418443,-0.1584294895698446,0.4227301850537213,-0.5625406882016626,1.284886825581255
2024-03-06,115.83441925048828,117.65142974853516,112.20039825439454,113.10890350341798,1199000,111.74614715576172,106.20426750183105,104.06927897135417,74.61392470297811,2.642782607426554,1.621838936694103,1.0209436707324508,114.2312132885045,106.20426750183105,98.1773217151576,414300.0,2.8940381366159786,3.4954280211211284,2.8225764670434916,0.09901968214427459,0.5804392720889506,-1.3311202425565716,-3.549639765318946
2024-03-07,113.56316375732422,117.19718499755858,111.74615313720703,116.74293234252929,857000,113.10890655517578,106.74937057495117,104.23583844502767,66.72039850898305,2.800359128969802,1.8575429751492432,0.942816153820559,115.2310277597804,106.74937057495117,98.26771339012194,450100.0,1.9040213285936458,3.7561751996851847,-1.9607777272595883,-0.2425451004595569,0.9952604831186207,-3.7268128556393165,-3.8952816113765776
2024-03-08,110.38339233398438,114.47166612413194,108.56638176058546,114.47166612413194,558000,112.92720642089844,107.1354850769043,104.36454327901204,57.542295136206235,2.6382466134569853,2.0136837028107917,0.6245629106461936,115.53621692845464,107.1354850769043,98.73475322535397,472350.0,1.1813274055255636,4.042723088200025,-2.8000024991684525,-0.09280926429229286,0.4661471561968833,1.226127997618276,1.1185655532297556
2024-03-11,107.65787506103516,110.8376435227535,107.65787506103516,107.65787506103516,399000,112.018701171875,107.4080364227295,104.45539372762045,51.05888679748525,2.2637497135640245,2.0636969049614384,0.20005280860258612,115.48287256393802,107.4080364227295,99.33320028152097,487900.0,0.8177905308464849,3.9276624713358,-2.4691370824178716,0.05789736572445747,-0.2994150887593805,-1.4189227876547639,-3.0582937734235816
2024-03-12,107.20362854003906,109.02063919326007,106.29512321342857,108.56638652995481,235000,110.92849578857422,107.63516273498536,104.53110249837239,50.04679519453222,1.9083065542685205,2.0326188348228547,-0.12431228055433419,115.39729511420309,107.63516273498536,99.87303035576763,486050.0,0.48348935294722767,3.76737627246856,-0.4219352469464588,-0.28868258741585606,0.9554392072756546,-0.6143733659527251,1.087389491114421
2024-03-13,107.20362854003906,107.20362854003906,107.20362854003906,107.20362854003906,0,109.20233764648438,107.8622890472412,104.60681126912435,50.04679519453222,1.6080783633188673,1.9477107405220573,-0.33963237720318995,115.26931327904487,107.8622890472412,100.45526481543754,481750.0,0.0,3.265059436139419,0.0,0.11670135758301559,0.07009439745004897,0.5121979948387256,-1.354585161992028
2024-03-14,103.11534881591797,106.29511728160708,102.2068435400068,102.66109617796239,403000,107.11277465820312,107.97585220336914,104.59924049377442,41.467122187838314,1.028400590555833,1.7638487105288125,-0.7354481199729794,114.98898828833553,107.97585220336914,100.96271611840275,490450.0,0.8216943623203181,3.4959561779917987,-3.813564689738258,0.02484507667166458,0.047219568149703406,-0.6501504802412073,0.39040978632680634
2024-03-15,103.11534881591797,104.02385409182915,102.2068435400068,103.56960145387356,125000,105.65916595458984,107.9304271697998,104.56895701090495,41.467122187838314,0.562517428527201,1.5235824541284901,-0.9610650256012891,115.0621099022546,107.9304271697998,100.798744437345,478950.0,0.26098757699133524,3.2720967611692053,0.0,0.38016886083072077,-1.2810760745144978,0.3714220570286253,-0.2816058000177146
2024-03-18,103.11534881591797,103.11534881591797,103.11534881591797,103.11534881591797,0,104.7506607055664,107.81686401367188,104.54624430338542,41.467122187838314,0.19109879812268105,1.2570857229273285,-1.0659869248046474,115.1874359424507,107.81686401367188,100.44629208489305,458600.0,0.0,2.8358171930133116,0.0,0.24646821955720544,1.0026653594563673,2.343616809860327,0.9682639892688583
2024-03-19,104.47811126708984,104.47811126708984,102.66110063635784,102.66110063635784,121000,104.20555725097657,107.7260139465332,104.5538153330485,45.36643109057339,0.006633926553078595,1.0069953636524787,-1.0003614370994,115.21933431267854,107.7260139465332,100.23269358038786,445950.0,0.27133086668909073,2.69997631804247,1.321590303306519,0.11802450064548609,-0.1139364284441946,0.25825556605634237,0.0
2024-03-20,104.47811126708984,104.47811126708984,104.47811126708984,104.47811126708984,0,103.66045379638672,107.68058891296387,104.5538153330485,45.36643109057339,-0.13796543352624724,0.7780032042167335,-0.9159686377429808,115.24430547932769,107.68058891296387,100.11687234660005,425700.0,0.0,2.3399794756368073,0.0,0.2825426998389391,-0.36636586659868353,0.25825556605634237,0.0
2024-03-21,106.7493667602539,107.20361938476563,104.0238510131836,104.0238510131836,448000,104.3872573852539,107.6578758239746,104.59924062093098,51.598875514622534,-0.0685005004183239,0.6087024632897221,-0.677202963708046,115.23034611853488,107.6578758239746,100.08540552941433,424400.0,1.055607917059378,2.4519513284295034,2.173905582345159,0.10021719335595591,2.0957905899499973,0.5152071205155373,0.0
2024-03-22,107.65787506103516,110.8376435227535,103.56960132454014,104.93235923670515,865000,105.29576263427734,107.63516311645508,104.67494939168294,53.86596108631747,0.059177821599419644,0.4987975349516616,-0.439619713352242,115.20462102289963,107.63516311645508,100.06570521001052,437950.0,1.9751113140769494,3.0940967777340163,0.8510666885937157,0.3803263646266597,0.14525329595025394,-0.37587671721224236,0.4262108030256506
2024-03-25,107.65787506103516,107.65787506103516,107.65787506103516,107.65787506103516,0,106.20426788330079,107.74872627258301,104.7506581624349,53.86596108631747,0.15853630384580697,0.4307452887304907,-0.27220898488468376,115.24393025999937,107.74872627258301,100.25352228516665,411100.0,0.0,2.681550540702814,0.0,0.16309646746559547,-0.17885564059555437,-2.2123183809081626,-1.5119372440867473
2024-03-26,107.65787506103516,107.65787506103516,107.65787506103516,107.65787506103516,0,106.84022064208985,107.88500213623047,104.80365422566732,53.86596108631747,0.23457458704345413,0.39151114839308343,-0.1569365613496293,115.26278947595686,107.88500213623047,100.50721479650407,404950.0,0.0,2.3240104686091057,0.0,-0.6294041552667218,-0.3256683411952621,-0.05261491343995228,-0.12119812761277604
2024-03-27,110.83763885498047,111.29189147323859,109.47488100020612,109.92913361846423,440000,108.11212615966797,108.18026618957519,104.83393770853678,61.70667412457075,0.5451318969057013,0.422235298095607,0.12289659881009429,115.53313360541564,108.18026618957519,100.82739877373474,408650.0,1.0767160161507403,2.498677927755016,2.9535821621433644,0.4767770651749492,0.36583082987935445,0.894897345104817,2.844803004342622
2024-03-28,109.92913818359375,113.10890664344977,109.47488554647147,111.29189609496062,965000,108.74808044433594,108.3392547607422,104.84907951354981,58.64016446224133,0.7097607112238364,0.4797403807212529,0.23002033050258353,115.69935579158917,108.3392547607422,100.97915372989522,440650.0,2.1899466696924996,2.6500570169847877,-0.8196680123936928,0.29512331100887135,-0.2651883338017913,-0.47403122231322037,-2.351370886949089
2024-03-29,108.98553466796875,112.28812662760416,108.98553466796875,110.40093122209821,407000,109.01361236572265,108.22393684387207,104.88634897867838,55.55226635958375,0.755381744429215,0.5348686534628454,0.22051309096636962,115.46048596040718,108.22393684387207,100.98738772733695,416050.0,0.9782478067539959,2.73706167600487,-0.8583743411588296,0.12101572572218444,0.7341129462103524,-0.6350160612520028,1.2851742398129584
2024-04-01,114.17533111572266,116.06252667135443,109.4573422266432,109.4573422266432,1289000,110.31710357666016,108.32268333435059,105.03282763163249,66.11953226655092,1.1965172364260042,0.6671983700554772,0.5293188663705269,115.83629360361978,108.32268333435059,100.80907306508139,432050.0,2.9834509894688113,3.3157190529889786,4.76191309568279,-0.26266618358599114,-0.35536387239506473,1.384697094799825,-0.9349529195449957
2024-04-02,116.0625228881836,117.4779195087712,114.17532739406678,116.0625228881836,863000,111.99803314208984,108.49307670593262,105.19561780293783,69.00523600199507,1.6790459001932874,0.8695678760830392,0.8094780241102482,116.5548979368008,108.49307670593262,100.43125547506445,458700.0,1.881403967734903,3.313968794551036,1.65288924850866,0.25364619011380984,1.207774937069206,-1.313265194992097,0.4449272359558609
2024-04-03,115.11892700195312,117.9497202888864,114.17532923964202,115.59072588310866,480000,112.85429077148437,108.45730209350586,105.39567743937174,65.97926670919594,1.9626883905658872,1.0881919789796088,0.8744964115862783,116.38722613553475,108.45730209350586,100.52737805147697,422750.0,1.1354228267297457,3.3753584285101477,-0.8130065267834552,0.07497134359799595,-0.6301529819396801,-1.7743007387870047,-0.10738388407491861
2024-04-08,111.34452819824219,116.53431552951619,110.40093050164693,116.06251668121855,477000,113.13736877441406,108.34637031555175,105.52525965372722,55.49612287649168,1.8614569512105987,1.242844973425807,0.6186119777847918,116.03392261639253,108.34637031555175,100.65881801471097,403750.0,1.181424148606811,3.7430953084246967,-3.278695260638509,0.19719823058421682,0.39384986878232553,0.6434993186945626,2.46730363467238
2024-04-09,111.34452819824219,115.59071783292092,110.87272934994455,113.23172359143274,414000,113.60916748046876,108.39442710876465,105.64727096557617,55.49612287649168,1.7609313853201485,1.3464622558046753,0.4144691295154732,116.14733474226784,108.39442710876465,100.64151947526145,396550.0,1.0440045391501702,3.8730810650315863,0.0,-0.1195805343893186,1.85378379779646,0.47496631292918146,1.4342097061720072
2024-04-10,110.40093231201172,112.28812773614867,110.40093231201172,111.34453002408019,234000,112.85428771972656,108.53157997131348,105.78383903503418,53.05215921614686,1.5868318383811015,1.3945361723199607,0.1922956660611408,116.32656251046936,108.53157997131348,100.7365974321576,388300.0,0.6026268349214525,3.6082963129123016,-0.8474560012059595,-0.33236826467953895,-0.1570956381565347,0.12728172904741264,-1.245296851600497
2024-04-11,109.45733642578125,110.40093415358972,108.98553756187702,110.40093415358972,187000,111.53325042724609,108.64426536560059,105.94253501892089,50.65002933550353,1.3570728994175312,1.387043517739475,-0.02997061832194392,116.42356225954647,108.64426536560059,100.8649684716547,385900.0,0.4845814977973568,3.3159096834190205,-0.8546992008760412,0.6782125595073074,-0.04964759893468784,0.036313377889074516,0.30211234723058755
2024-04-12,110.87273406982422,112.28813067497092,108.9855385962953,110.400935201442,310000,110.68401184082032,108.82772064208984,106.10967915852865,54.01359560205225,1.274506330245302,1.3645360802406405,-0.09002974999533864,116.63696559936353,108.82772064208984,101.01847568481615,401400.0,0.7722969606377678,3.3141340027865667,1.293104409682666,0.1289503566611172,-0.08023039345643745,2.7591105500343494,1.0476654789187245
2024-04-15,108.98553466796875,111.81632777622768,108.98553466796875,110.40093122209821,179000,110.21221313476562,109.12122993469238,106.19237391153972,49.19866115201282,1.044747312879764,1.3005783267684654,-0.25583101388870144,116.45315316342715,109.12122993469238,101.78930670595761,390200.0,0.45873910814966684,3.2496885501828823,-1.7021312026696878,0.09155415847534876,-1.3830675802599668,-1.607486745735065,-0.33695409801604015
2024-04-16,105.68294525146484,108.51373842784336,104.73934752600533,108.51373842784336,475000,109.07989654541015,109.24960975646972,106.28059247334798,42.12214855745493,0.5893763080674006,1.1583379230282524,-0.5689616149608518,116.21973823945922,109.24960975646972,102.27948127348023,407700.0,1.1650723571253372,3.3825550290869537,-3.0303006968451784,0.4179325060941874,-2.678800819309357,1.4003497973222423,-3.771141304575487
2024-04-17,106.62654113769531,108.04193770147003,106.15474228310374,106.15474228310374,126000,108.32501831054688,109.4251693725586,106.3845376332601,44.57508974455271,0.30116022048557056,0.9869023825197162,-0.6857421620341456,115.90432933590597,109.4251693725586,102.94600940921123,414000.0,0.30434782608695654,3.2460800185427185,0.8928554025299462,0.33683409634026606,1.5645148817386545,-1.0623132388496215,-0.5810734349712576
2024-04-18,107.09834289550781,107.09834289550781,105.68294629336454,106.62654402812672,138000,107.85321960449218,109.55618095397949,106.50391705830891,45.81171563577437,0.10955447761323,0.811432801538419,-0.701878323925189,115.71205358974086,109.55618095397949,103.40030831821812,414850.0,0.33265035555019884,3.001988896356126,0.4424805989000635,-0.4920221304314132,0.4347088791672782,-0.2147402572857171,-0.434956740850756
2024-04-19,103.7957534790039,106.62654675570401,101.90855796120384,106.62654675570401,396000,106.43782348632813,109.52206306457519,106.553111521403,39.215812521542226,-0.3052668923652959,0.5880928627576761,-0.893359755122972,115.80273684511896,109.52206306457519,103.24138928403143,434650.0,0.9110778787530197,3.2936950347491725,-3.0836979613457993,0.2408928500440055,-3.8129771043774907,-3.9813536299291186,-3.3720232587938326
2024-04-22,98.60596466064453,103.79575227436267,98.60596466064453,103.79575227436267,438000,104.36190948486328,109.11489295959473,106.50823860168457,31.532679211625947,-1.0407908128459127,0.26231612763695844,-1.3031069404828712,117.00266109945802,109.11489295959473,101.22712481973143,434150.0,1.0088679027985719,3.546507539230533,-5.000001102558771,0.2717815335421703,-0.59352553064973,2.5588308354487665,0.19780292935018817
2024-04-23,99.54956817626953,101.43676378150687,97.19057366972287,99.0777692749602,268000,103.13523406982422,108.70947761535645,106.50937589009602,34.06218821299427,-1.5299219138239266,-0.09613148065521859,-1.4337904331687081,117.67274199498777,108.70947761535645,99.74621323572512,404300.0,0.6628741033885729,3.6397985489043294,0.9569436482594451,0.2430425847365969,0.9688138454874373,0.12748108662865576,0.5640228248895651
2024-04-24,107.57014465332031,108.98554129349557,100.9649603325024,100.9649603325024,908000,103.32395477294922,108.7050910949707,106.58362248738607,50.725916281575024,-1.2558912122747472,-0.32808342697912435,-0.9278077852956228,117.67060797555209,108.7050910949707,99.73957421438931,449700.0,2.0191238603513453,4.412621824680558,8.056867170783688,-0.24398701951591217,2.716737332198216,3.655881029659258,3.1547879091349262
2024-04-25,111.34452819824219,115.59071783292092,107.5701374118611,107.5701374118611,1490000,104.17319183349609,108.88942375183106,106.78891347249349,56.32018768603529,-0.7257922178789045,-0.40762518515908036,-0.3181670327198241,117.91567479710704,108.88942375183106,99.86317270655508,524200.0,2.8424265547500953,4.89368297086446,3.508764961770816,0.3808770229507319,-1.3626259295338894,-0.9650771206997866,-1.9165552367072847
2024-04-26,114.17533111572266,117.00612444917033,113.23173333790676,115.11892889353855,1488000,106.24910736083984,109.05630836486816,106.9959592183431,59.989210281223336,-0.07638232038652859,-0.34137661220457,0.2649942918180414,118.35357454787254,109.05630836486816,99.75904218186378,576600.0,2.5806451612903225,4.9960714082062845,2.542381707739061,-0.2951578331521709,1.3248943960749937,1.5946169447382808,1.3303937087271844
2024-04-29,114.64713287353516,117.00612737710584,113.23173617139274,117.00612737710584,956000,109.45734100341797,109.29220809936524,107.19572639465332,60.58347852214472,0.470921669102637,-0.1789169559431286,0.6498386250457656,118.91639381604377,109.29220809936524,99.66802238268671,576150.0,1.6592901154213313,4.833180714540527,0.4132256532142664,0.08607137638918516,1.863818412124374,1.5946169447382808,1.3303937087271844
2024-04-30,117.47792053222656,118.42151828750549,114.64712726638977,115.5907250216687,1321000,113.04301147460937,109.71682739257812,107.45781529744467,64.03505296876028,1.1201722812863153,0.0809008915027602,1.039271389783555,120.01014995395812,109.71682739257812,99.42350483119813,621850.0,2.124306504784112,4.692008755417219,2.4691307909234794,-0.3839184473235724,-0.48264169017123715,1.2730861256229575,-3.118157521478715
2024-05-02,113.70352935791016,117.94971925094414,112.7599316039026,117.47792037394038,731000,114.26968841552734,109.6932373046875,107.65699768066406,56.88278029102396,1.3149878834074258,0.32771828988369334,0.9872695935237324,119.94561809818921,109.6932373046875,99.44085651118579,593950.0,1.2307433285630103,4.758379274300462,-3.2128515360305587,-0.4225153435658102,-0.8538685839082238,-2.695163231243425,-3.0442660651001763
2024-05-03,122.19590759277344,124.55490194784628,116.06252226958404,116.06252226958404,3635000,116.4399642944336,109.99990653991699,107.99771970113119,66.06655708654597,2.1300902470138112,0.688192681309717,1.4418975657040942,121.36139992565967,109.99990653991699,98.63841315417432,732550.0,4.9621186267149,5.570778383051883,7.468878303796012,-0.4002988704028487,0.5334710464831138,-2.695163231243425,-3.0442660651001763
2024-05-06,122.66770935058594,131.63188811082105,122.1959104684683,128.3292959359976,4948000,118.13843994140625,110.37734565734863,108.34630508422852,66.49354342769693,2.782065284684606,1.1069672019846948,1.6750980826999111,122.89736271295077,110.37734565734863,97.85732860174649,955950.0,5.176002929023484,6.086138667717981,0.38610274853461135,-0.21362587285993495,0.9492729647566867,-2.695163231243425,-3.0442660651001763
2024-05-07,124.55490112304688,125.97029772671787,117.94971697258228,123.61130338726622,2707000,120.1199935913086,111.03786430358886,108.71120173136393,68.21632919067325,3.4117127030596635,1.5679163021996887,1.8437964008599748,125.07472081080338,111.03786430358886,97.00100779637434,1067450.0,2.535950161600075,6.34406427924033,1.5384584765232079,-0.043067197592394635,0.6344919339527744,2.0550337421292975,4.104866586059219
2024-05-08,125.02670288085938,125.49850175965507,122.1959096080852,125.49850175965507,775000,121.62975006103515,111.72197303771972,109.08396174112956,68.65030379137646,3.9037828981014115,2.0350896213800334,1.8686932767213782,127.0920864480056,111.72197303771972,96.35185962743384,1085500.0,0.7139567019806541,5.938534662217601,0.37879019898736654,0.31243083104899316,0.22746944638225575,-1.1031498935966,-1.8677444637342333
2024-05-09,119.8369140625,125.49850055364172,119.8369140625,125.49850055364172,805000,122.85642700195312,112.19377212524414,109.3777961730957,59.09232332882566,3.8308201776740702,2.394235732638841,1.4365844450352294,127.96714786993955,112.19377212524414,96.42039638054872,1114050.0,0.7225887527489789,5.9016082394074845,-4.15094431731503,-0.09516764309563941,-0.6750569718193655,-1.3987187393183609,0.662635625117769
2024-05-10,118.89331817626953,121.25231258452885,117.00612264966207,121.25231258452885,575000,122.19590911865234,112.66557121276855,109.6483331044515,57.52414698367588,3.654726976412917,2.646333981393656,1.008392995019261,128.65728627627388,112.66557121276855,96.67385614926323,1133450.0,0.5073007190436278,5.680885798802057,-0.7874000207801934,0.01793319460277054,0.720159390313424,-2.1368247450193167,-3.361350782204775
2024-05-13,116.5343246459961,119.36511795723486,115.59072687558317,119.36511795723486,479000,120.96923217773437,112.94865074157715,109.8795534769694,53.6882373029956,3.28693108723877,2.7744534025626786,0.5124776846760914,129.00703975042143,112.94865074157715,96.8902617327329,1141900.0,0.41947631141080655,5.426686503182008,-1.9841262456616993,0.26346452966479195,0.7188770345091466,2.1651493493382468,-0.07247153567614406
2024-05-14,117.47792053222656,118.42151828750549,115.5907250216687,116.53432277694763,411000,119.55383605957032,113.37327003479004,110.15678405761719,54.98140282121981,3.0365866169898084,2.826880045448105,0.20970657154170347,129.4395360231877,113.37327003479004,97.30700404639236,1153500.0,0.3563068920676203,5.080567404869312,0.8097149823426575,-0.16192227613095467,0.6143467624945442,0.46693868268097294,0.31908036845940124
2024-05-15,117.94972229003906,118.89332006835939,116.06252673339844,117.47792340087891,575000,118.13843994140625,113.98660888671876,110.38888193766276,55.64825823862026,2.84347941879129,2.8301999201167423,0.013279498674547696,129.75047441168022,113.98660888671876,98.2227433617573,1158500.0,0.4963314630988347,4.78059752888153,0.40160887737459294,-0.17854125279843647,0.768905386860852,0.33965286621799873,0.3036013209141153
2024-05-16,116.0625228881836,120.30871274994641,115.59072401465438,118.8933161293588,816000,117.38356170654296,114.45840797424316,110.56681378682454,52.310379786732,2.5092344602963834,2.7660068281526704,-0.256772367856287,129.8553273617089,114.45840797424316,99.06148858677741,1193000.0,0.6839899413243923,4.772249689736263,-1.6000032600456904,-0.8739389928487662,0.7426455838037249,0.37413074381913436,4.727582222581517
2024-05-17,116.5343246459961,117.47792241640902,115.1189279903767,115.1189279903767,305000,116.91176300048828,114.93020706176758,110.73746732076009,53.06827971087391,2.2564029725227783,2.664086057026692,-0.40768308450391366,129.95121926362475,114.93020706176758,99.90919485991039,1201350.0,0.2538810504848712,4.450482321242403,0.40650655015230797,0.28877622974334827,-0.21492914094993765,1.5264577763459908,-0.05505160881872362
2024-05-20,114.17533111572266,116.53432556026237,113.70353222681472,116.53432556026237,311000,116.4399642944336,115.44918594360351,110.88394597371419,48.88501247909357,1.8444198104843679,2.5001528077182273,-0.6557329972338595,129.53877400273421,115.44918594360351,101.35959788447282,1197100.0,0.259794503383176,4.234523789536437,-2.0242907293104517,0.12515050063168776,0.06190547021835968,0.5069767023850646,2.5612794107337855
2024-05-21,115.11892700195312,115.11892700195312,113.23173147733094,114.17532923964202,196000,115.96816558837891,116.27483406066895,111.0158676147461,50.56370249961924,1.5758945569571665,2.315301157566015,-0.7394066006088487,127.93434029719937,116.27483406066895,104.61532782413853,1185000.0,0.16540084388185655,3.9215466875478704,0.8264446242543189,0.12995161060771476,-0.16397830333553243,2.0525421321903714,0.9264241493248893
2024-05-22,116.5343246459961,119.36511795723486,114.64712910517024,115.59072687558317,566000,115.68508605957031,117.12407188415527,111.1562375386556,53.05425443842117,1.4604618250067034,2.144333291054153,-0.6838714660474494,125.72814834545834,117.12407188415527,108.5199954228522,1199900.0,0.4717059754979582,4.027738976150104,1.2295090658888341,0.09004381018689056,1.4836548818675244,0.7499521558164135,-0.6518534103701956
2024-05-23,116.5343246459961,118.42152018682194,113.70353133475732,117.94972130161548,371000,115.77944641113281,117.57228088378906,111.34203275044759,53.05425443842117,1.3533796353018488,1.9861425599036922,-0.6327629246018434,124.92355110625341,117.57228088378906,110.22101066132471,1173050.0,0.31626955372746257,4.119772292938706,0.0,-0.033810014699131585,0.25798091936253265,0.9981444788710103,2.7316467352821894
2024-05-24,115.59072875976562,116.53432654555964,114.17533208107461,115.59072875976562,309000,115.59072723388672,117.78459091186524,111.51967226664225,51.06517808691265,1.1787875967705332,1.8246715672770604,-0.6458839705065271,124.60461885277087,117.78459091186524,110.9645629709596,1114000.0,0.27737881508078993,3.8850019158115483,-0.8097149823426575,-0.0096243747411906,-0.19479338523243905,0.385255198745571,-0.8081312360340931
2024-05-27,120.78050994873047,125.49849861860275,115.59072241187096,115.59072241187096,1997000,116.91176300048828,118.11484985351562,111.78380813598633,59.957247648206526,1.4425651247130418,1.7482502787642569,-0.3056851540512151,124.83799237568381,118.11484985351562,111.39170733134743,1139450.0,1.7525999385668525,4.688038487934248,4.489790180102471,-0.09869189434805747,1.105615256831216,-0.3337280828253686,1.182656725193465
2024-05-28,124.08309936523438,125.49849593594047,120.30870851001812,123.61130050833233,1331000,118.70459747314453,118.58664817810059,112.07270367940266,64.3915756736705,1.8962433678681663,1.777848896585039,0.1183944712831273,125.6031120276603,118.58664817810059,111.57018432854088,1158200.0,1.1491970298739422,4.754938346332661,2.7343728039447734,-0.36968990725814166,0.25060173618918213,-0.20089881256155628,1.4415538575457187
2024-05-29,125.02670288085938,126.44209951724646,122.1959096080852,123.1395073656766,1054000,120.40307312011718,118.96408729553222,112.30161717732747,65.56491781255484,2.3053528887618597,1.8833496950204034,0.42200319374145634,126.52077767882203,118.96408729553222,111.40739691224242,1144850.0,0.9206446259335284,4.687105221376475,0.7604609495186265,0.3236723675793307,-0.8962690097293446,-1.1910754088758413,-1.4082677946286148
2024-05-30,122.19590759277344,128.32929291596284,121.72410872175887,126.44209743190456,1589000,121.53538970947265,119.38870620727539,112.46820894877116,59.25661742403434,2.3737900358396615,1.981437763184255,0.3923522726554065,126.64937347502601,119.38870620727539,112.12803893952477,1187750.0,1.337823616080825,4.942849084420141,-2.264152555301302,0.6315619238836723,-1.3757393248701622,-0.9507621288623813,-0.9089719085309755
2024-05-31,122.66770935058594,128.80109481811522,122.1959104684683,124.08310599693885,1329000,122.95078582763672,119.41229629516602,112.63509318033854,59.94828549795087,2.437993752425953,2.0727489610325947,0.3652447913933585,126.71431441161984,119.41229629516602,112.11027817871219,1072450.0,1.239218611590284,5.16449416987636,0.38610274853461135,-0.0636234547158887,-0.8905424398374384,1.6969567532000518,2.8829719168688372
2024-06-03,124.55490112304688,125.49849885882755,123.61130338726622,125.02669999093722,412000,123.7056640625,119.50665588378907,112.78043454488119,62.677587066709044,2.6110576176123743,2.1804106923485507,0.43064692526382364,127.03118519359187,119.50665588378907,111.98212657398626,845650.0,0.4871991958848223,4.853333548325059,1.5384584765232079,0.3356387546574968,1.7121719263391677,3.084430430155294,3.8084415532174676
2024-06-04,123.6113052368164,125.97029961156481,122.19590861196735,125.97029961156481,482000,123.6113052368164,119.45947608947753,112.94790356953939,60.459149877524,2.6416207163057095,2.2726526971399825,0.36896801916572697,126.86156568054899,119.45947608947753,112.05738649840607,734400.0,0.656318082788671,4.709474541828046,-0.7575742726480872,-0.46419102039185756,-0.8364332748305281,0.06540328502750992,1.8404943159233245
2024-06-05,120.78050994873047,124.5549008846283,120.78050994873047,123.13950428366661,344000,122.76206665039062,119.24716644287109,113.12118886311849,54.25500687434135,2.4096437966733504,2.300050917046656,0.10959287962669428,126.20730146246964,119.24716644287109,112.28703142327254,712850.0,0.48256996563091814,4.584796727704016,-2.2900779849081454,0.04487073545036413,0.6005712697569221,-1.3725380122795339,-0.7590398523317998
2024-06-06,121.25231170654297,124.08310497595643,120.30871395007182,122.19590946301412,413000,122.57334747314454,119.31793632507325,113.34776280721029,55.08232549839411,2.2380717771096954,2.287655089059264,-0.049583311949568554,126.33189481896211,119.31793632507325,112.30397783118438,693250.0,0.5957446808510638,4.476742634128096,0.39062739345343545,-0.23756310030170757,1.944708756402913,0.3644645772339139,0.7648453332196326
2024-06-07,125.97029876708984,127.38569538245041,123.61130440815558,123.61130440815558,1128000,123.2338653564453,119.67178535461426,113.6605406443278,62.40459735420684,2.4545078033400785,2.3210256319154268,0.13348217142465169,127.2840829966226,119.67178535461426,112.05948771260591,720900.0,1.5647107781939242,4.697628106365341,3.8910491636360955,-0.13363032114330764,-0.20234199872982694,0.6272757228835912,0.6626531145868197
2024-06-11,120.78050994873047,126.91389521956444,120.78050994873047,126.91389521956444,541000,122.47898712158204,119.88409461975098,113.88682200113932,52.30411591439336,2.1821083420464475,2.293242173941631,-0.11113383189518355,127.36364870371834,119.88409461975098,112.40454053578362,724000.0,0.7472375690607734,4.889062394961158,-4.119851162657739,-0.2190993617724568,-0.3031410202626317,-1.4920690187167351,-1.0526353534517474
2024-06-12,122.19590759277344,123.13950533480258,120.78051097972973,122.19590759277344,312000,122.19590759277344,120.11999397277832,114.20483131408692,54.46857888764246,2.0567318429275474,2.2459401077388144,-0.18920826481126696,127.5775870590058,120.11999397277832,112.66240088655084,719050.0,0.4339058479938808,4.551720127109284,1.1718758636172222,-0.0562872544702997,1.1785994524791121,2.634196259549748,4.3509458144562085
2024-06-13,123.1395034790039,124.5549000707166,121.72410688729121,122.19590575119545,463000,122.66770629882812,120.37948303222656,114.53856722513835,55.90522128508871,2.010336458839376,2.1988193779589267,-0.18848291911955073,127.8801527087235,120.37948303222656,112.87881335572962,713450.0,0.6489592823603616,4.322263201284764,0.7721992534930555,-0.3552426383712781,1.193154297591259,2.694893409189736,0.16037217109452495
2024-06-14,131.6318817138672,132.10368057305666,123.61130110764589,124.08309996683538,2198000,124.74362030029297,121.15795097351074,115.0138427734375,66.2321077047035,2.628531655752653,2.2847618335176723,0.34376982223498054,129.90101199443123,121.15795097351074,112.41488995259024,782550.0,2.8087662130215323,4.941185053653831,6.896550655908151,0.3043370457556316,0.863577013670791,0.9684431528194315,1.9213124521174407
2024-06-17,133.04727172851562,135.40626590809924,130.21647871301528,131.16007638484874,2150000,126.15901489257813,121.98359832763671,115.4899954477946,67.59429007520222,3.1958264504486635,2.4669747569038707,0.7288516935447928,131.9248939924801,121.98359832763671,112.04230266279332,874800.0,2.4577046181984454,4.9743320058445155,1.0752638313908713,0.15480119319866148,-0.03639861324233884,0.1856544496516399,-0.5498184659286642
2024-06-18,127.85749053955078,134.93447341074364,127.85749053955078,134.93447341074364,1192000,127.57441101074218,122.66770629882812,115.87965176900228,58.3066201544278,3.189868870530134,2.6115535796291236,0.5783152909010103,132.22212612086577,122.66770629882812,113.11328647679048,918850.0,1.2972737661206943,5.254685454557627,-3.900704705583624,-0.14838275415750557,1.159736185000071,2.223583481169822,6.318395515447728
2024-06-19,124.08309936523438,129.2728867911567,123.13950165143031,128.8010879342547,791000,127.95184936523438,123.11591491699218,116.16854731241862,52.64151842529081,2.8477584350869023,2.6587945507206796,0.1889638843662227,131.9965787790474,123.11591491699218,114.23525105493695,948600.0,0.8338604258907865,5.3718454125801305,-2.9520297625025393,0.14396198742181454,1.986645158123146,-0.21147994907750878,0.8171580809098522
2024-06-20,125.97029876708984,126.4420976388767,124.5549021517293,124.5549021517293,320000,128.51800842285155,123.58771362304688,116.4737543741862,54.99600634130592,2.697815927294073,2.6665988260353584,0.031217101258714575,131.98561689249263,123.58771362304688,115.18981035360113,936300.0,0.34177079995727866,4.970132460721757,1.5209157504202597,0.10293992607994795,0.8468955214737006,1.6651606357628301,1.747366875770573
2024-06-21,129.74468994140625,132.57548317649147,125.0267012162642,125.49850008877841,1131000,128.14057006835938,124.24823188781738,116.84186795552571,59.34896103911482,2.8506862963215553,2.703416320092598,0.14726997622895732,132.38424766621958,124.24823188781738,116.1122161094152,974300.0,1.160833418864826,5.31395239398916,2.996254840432644,-0.12290844763791497,-0.6524324296809936,-0.6551472946517478,-2.5139732704353213
2024-06-24,134.46267700195312,136.3498724686472,129.74468833521792,132.10368266858552,2277000,128.42365112304688,125.19182929992675,117.28861465454102,64.03215391534538,3.3143337151038423,2.825599799094847,0.4887339160089952,133.4762481894366,125.19182929992675,116.90741041041692,1072700.0,2.122681085112333,5.486116625914509,3.6363623533861356,0.06802312668354737,-1.8908700814464607,0.2697694437415521,2.2179765661771933
2024-06-25,134.46267700195312,134.93447586862663,126.44209626850329,133.51907926860608,1795000,129.74468841552735,125.8759376525879,117.68236529032389,64.03215391534538,3.6398200550033266,2.988443850276543,0.6513762047267835,134.8569571297371,125.8759376525879,116.89491817543868,1062600.0,1.689252776209298,5.886951689142354,0.0,-0.12823314551579923,0.27295654149688264,-1.3452867034632776,-0.7475111105661125
2024-06-26,133.04727172851562,137.29346125176613,132.10367405668217,132.10367405668217,2728000,131.5375228881836,126.32414627075195,118.06766751607259,61.564445743664145,3.7404414669580035,3.1388433736128354,0.6015980933451681,135.8090353112867,126.32414627075195,116.83925723021721,1132450.0,2.4089363768819814,5.793996423267902,-1.052638029374453,0.4702765421042532,0.4839958550256096,0.0,2.541841529419231
2024-06-27,135.40626525878906,136.3498629260977,131.1600757559002,133.5190699241718,1044000,133.42471618652343,126.84312438964844,118.5080130259196,64.05108132529479,3.964831613018873,3.304041021494043,0.66079059152483,137.13097701949135,126.84312438964844,116.5552717598055,1131950.0,0.9223022218295861,5.713435189525181,1.7730491573603846,0.3350392876177333,-0.3511118229512111,0.0,0.7242787800962658
2024-06-28,132.57546997070312,135.40626292381424,131.16007349414758,135.40626292381424,805000,133.99087219238282,127.36210250854492,118.81468200683594,59.10911428144106,3.8696341647233083,3.4171596501398964,0.4524745145834119,137.70990651538722,127.36210250854492,117.01429850170263,1092750.0,0.7366735300846489,5.517802732874021,-2.0905940228657105,-0.1850665019445641,0.5512513704543975,0.6666620395862077,-0.09114800558005509
2024-07-01,128.80108642578125,134.4626726422991,128.32928757440476,134.4626726422991,565000,132.85855407714843,127.66877136230468,119.02699139912923,53.21364187595857,3.4498604490595426,3.423699809923826,0.026160639135716757,137.7918914217408,127.66877136230468,117.54565130286858,1054550.0,0.5357735527002039,5.599880377543399,-2.846969764282903,-0.055340206795018165,0.11427590660921805,-1.5653245349343425,-0.020277148345304585
2024-07-02,131.6318817138672,131.6318817138672,128.80108855873024,128.80108855873024,356000,132.29239501953126,128.0226203918457,119.30220731099446,56.701688169799944,3.3074816868447954,3.4004561853080197,-0.09297449846322436,138.18213013791154,128.0226203918457,117.86311064577984,1051750.0,0.33848347991442834,5.230669032282404,2.1978038902001895,0.05445543450566248,-0.7771564734776915,2.8746255814344535,1.59180680610167
2024-07-03,134.93446350097656,138.70885408841647,132.10367056039664,132.57546938382663,1377000,132.66983337402343,128.58877830505372,119.69537289937337,60.41001604840206,3.4216930933480256,3.4047035669160213,0.016989526432004354,138.97274833933884,128.58877830505372,118.20480827076862,1096500.0,1.255813953488372,5.476842811251322,2.5089528039174525,0.15711929888313492,1.2808943510362658,6.420917941232007,5.239515437721232
2024-07-04,129.74468994140625,136.82167302911932,128.80109219637785,136.34987415660513,1116000,131.5375183105469,129.0369873046875,120.00204226175944,52.76262855447057,3.058182280661498,3.335399309665117,-0.2772170290036189,138.75432623851918,129.0369873046875,119.31964837085583,1135100.0,0.9831732886970311,5.816007880783342,-3.8461438426608874,0.14950641568265421,1.5108454922353465,0.6424721133237332,2.797540988221625
2024-07-05,131.1600799560547,133.5190741998686,129.74468340976634,131.1600799560547,413000,131.2544403076172,129.5323757171631,120.34802805582682,54.45598302904768,2.8514378869256234,3.238607025117218,-0.3871691381915947,138.56477197717254,129.5323757171631,120.49997945715364,1135100.0,0.3638445951898511,5.543792268692534,1.0909040017650362,-0.3522176733286364,0.14479967883183065,-0.6106121307325463,-0.9225149013390777
2024-07-08,129.27288818359375,132.57548021748119,128.32929045962592,132.10368135549726,353000,131.3488006591797,129.69750518798827,120.67828725179037,51.79014432825916,2.5064184297918075,3.0921693060521362,-0.5857508762603287,138.57513469827202,129.69750518798827,120.81987567770452,1096350.0,0.3219774706982259,5.3707786005808975,-1.4388461589023405,-0.34946094601715494,1.365055591695996,-0.19547574493947728,-0.18620442896249978
2024-07-09,127.38568878173828,129.74468301843714,125.97029223971896,129.27288417109736,642000,130.49956207275392,130.02776412963868,120.9535031636556,49.19650855545791,2.056995046079777,2.8851344540576647,-0.8281394079778877,137.94853926192678,130.02776412963868,122.10698899735058,1101400.0,0.5828944979117486,5.157926890999203,-1.45985707318248,0.24079002019752327,0.09183997563149138,0.8673788905499524,1.9589529484340007
2024-07-10,129.27288818359375,129.74468704557768,126.91389387367416,127.38569273565807,300000,129.36724700927735,130.3816131591797,121.29162572224935,51.796234195201876,1.8319869906576685,2.6745049613776652,-0.8425179707199968,137.4114204032697,130.3816131591797,123.3518059150897,1100800.0,0.27252906976744184,4.847642395119779,1.4814846313615293,0.11240498501070562,0.44769724473825434,-0.2219105442487601,0.6861716476233015
2024-07-11,130.6882781982422,133.519071227807,127.85748516867737,130.21647935998138,714000,129.55596466064452,130.7590518951416,121.7083812713623,53.709472671331994,1.7477298886817039,2.4891499468384732,-0.7414200581567694,136.90693287901567,130.7590518951416,124.61117091126754,1113350.0,0.6413077648538196,4.9561682169877574,1.0948854276685571,0.2442485876554823,1.5951511700039722,2.780089942234376,-0.18172063302280828
2024-07-12,130.21649169921875,133.04728499702787,128.80109505031422,129.27289393328238,433000,129.36724700927735,130.68828239440919,122.10154711405436,52.95499030175713,1.624163949733628,2.3161527474175045,-0.6919887976838766,136.82643685801239,130.68828239440919,124.55012793080598,1025100.0,0.42239781484733196,4.861504447617877,-0.3610013885926189,-0.6140502852808205,-1.9397254657484875,-3.2458725834690227,-3.3227064776440995
2024-07-15,134.93446350097656,135.87806114783655,128.32927997295673,131.16007291353665,1558000,130.49956207275392,130.78264198303222,122.56548245747884,59.13691702026662,1.8852064609574484,2.2299634901254937,-0.3447570291680453,137.12801103144335,130.78264198303222,124.43727293462109,995500.0,1.5650426921145153,5.219808011252804,3.6231753291707802,0.49773822276901747,-0.1570866870910903,-3.2458725834690227,-3.3227064776440995
2024-07-16,137.76527404785156,144.37045842000882,135.40627962922397,135.8780785129495,4543000,132.57547912597656,131.27803115844728,123.1316411336263,62.33499104973665,2.2940627574110692,2.242783343582609,0.05127941382846046,138.18409326427727,131.27803115844728,124.37196905261727,1163050.0,3.9061089377068914,5.781966265623397,2.097915145936402,0.07988501995308539,0.49369257838391967,5.535361934899363,5.414303444505575
2024-07-17,135.40626525878906,143.42684543091246,133.99086875782612,139.1806559280236,1794000,133.80215454101562,131.844189453125,123.7449794769287,58.24414536330999,2.400065561973321,2.2742397872607514,0.1258257747125695,138.09187727100658,131.844189453125,125.59650163524344,1213200.0,1.4787339268051434,6.269167653285123,-1.7123391982243108,-0.03284897586730562,-0.9477322922418208,0.39735406497483083,-1.2952300868459221
2024-07-18,132.1036834716797,134.93447668892998,128.8010913848877,133.51908008030483,1345000,134.08523559570312,132.1508586883545,124.28754806518555,53.000098339271716,2.1923112000578158,2.2578540698201643,-0.06554286976234858,137.75336638887862,132.1508586883545,126.54835098783037,1264450.0,1.0637035865396023,6.31396848270062,-2.4390169692646513,-0.2226498352794204,-1.5622735237073582,-2.3219037366567608,-3.303172950610056
2024-07-19,128.80108642578125,133.04727608816964,127.85748872302827,133.04727608816964,680000,133.80215454101562,132.10367851257325,124.64139709472656,48.31535143306968,1.7411020501656367,2.154503665889259,-0.4134016157236222,137.80649861514914,132.10367851257325,126.40085840999737,1241900.0,0.5475481117642322,6.164077667026053,-2.500003753950164,0.45613217759497005,-2.2617330175741857,-1.4856834570801336,0.8891154090835407
2024-07-22,124.55490112304688,131.1600852735115,123.13950451937589,131.1600852735115,801000,131.7262420654297,131.60828971862793,124.86156997680663,43.04693895022584,1.0290219564403742,1.9294073239994822,-0.900385367559108,138.11320626231407,131.60828971862793,125.1033731749418,1168100.0,0.6857289615615102,6.411611411973993,-3.296699911907297,0.4350571135180781,-2.677259944243182,-1.8097080565897428,-3.5714361046647047
2024-07-23,123.1395034790039,127.38569325414197,123.1395034790039,125.97029666242929,458000,128.80108795166015,131.04213104248046,125.01097284952799,41.42540660502342,0.3464884873993128,1.6128235566794484,-1.2663350692801356,138.41424510147223,131.04213104248046,123.67001698348871,1101250.0,0.41589103291713964,6.122888527062536,-1.1363644716354537,0.08389052827177945,2.7625011418902057,0.418880657246512,-1.1063042364600761
2024-07-26,124.08309936523438,126.91389250664656,115.5907199409978,118.89331193931201,774000,126.53645477294921,130.59392242431642,125.16823895772298,42.967801948408116,-0.1169359374480905,1.2668716578539407,-1.3838075953020312,138.52179497992566,130.59392242431642,122.66604986870719,1003550.0,0.7712620198296049,6.816259732207366,0.7662820293825146,-0.2194732292683632,-3.2906356086419675,-0.46782896405239693,0.45068716237686157
2024-07-29,120.3087158203125,125.49850356158089,118.42152027803309,125.49850356158089,535000,124.17746124267578,129.83904495239258,125.21541887919108,38.590454759827594,-0.7797755737473722,0.8575422115336782,-1.6373177852810503,138.66213734324964,129.83904495239258,121.01595256153554,978100.0,0.5469788365197833,6.851022872386092,-3.041819203606533,0.47483004597199674,0.20470575104574174,4.1715554700944235,4.079715934415118
2024-07-30,122.19590759277344,123.13950533480258,117.47791888262775,118.89331549567144,372000,122.85642547607422,129.3200668334961,125.35695851643881,41.78394306976389,-1.1396628331730483,0.4581012025923329,-1.597764035765381,138.67073039467158,129.3200668334961,119.96940327232062,956450.0,0.3889382612786868,6.692431349691257,1.5686243175262238,0.15641212361443557,0.2665528397010952,-0.902418374452707,1.7042597216616606
2024-07-31,122.66770935058594,125.9703015254094,120.78051382211538,120.78051382211538,404000,122.47898712158204,129.01339797973634,125.36482187906901,42.58776911815411,-1.3710015676192597,0.09228064855001439,-1.463282216169274,138.82659448253875,129.01339797973634,119.20020147693394,948400.0,0.4259805989034163,6.492078863504958,0.38610274853461135,-0.2672783628201558,-0.1089865524954714,-4.6385873737329835,3.8442719406724057
2024-08-01,126.91389465332031,127.85749238308478,124.08310146402692,125.49849805867362,371000,123.2338653564453,128.777498626709,125.43559163411459,49.36420032174223,-1.197898881652506,-0.1657552574904897,-1.0321436241620163,138.55241721480948,128.777498626709,119.00258003860851,949150.0,0.3908760469894116,6.318439419370809,3.4615346819583337,-0.5775112476597344,1.9944277998713122,-4.774695231653714,-3.3222671434163464
2024-08-02,120.3087158203125,125.49850356158089,119.36511804917279,122.66771024816177,380000,122.47898864746094,128.04621124267578,125.36482187906901,41.21488653407413,-1.5755347026119182,-0.4477111465147754,-1.1278235560971428,138.06697231963358,128.04621124267578,118.02545016571798,899300.0,0.42255087290114535,6.482484377341037,-5.204456809910852,0.4427055244088818,-4.434260881041652,-6.3459738514719755,-8.384893930934567
2024-08-05,109.45733642578125,116.06252052044047,108.5137386979728,116.06252052044047,1749000,120.30871276855468,127.03184356689454,125.10533243815104,31.89822194262075,-2.7190855145784667,-0.9019860201275137,-1.8170994944509529,140.00190586518045,127.03184356689454,114.06178126860863,930950.0,1.8787260325473978,7.190816743340859,-9.019612021076151,-0.3900105801548759,-8.351980222953914,-13.602150569682458,-16.07543971754105
2024-08-06,110.40093231201172,114.17532316028561,106.62654146373781,111.81632888011443,2299000,117.94971771240235,125.99388618469239,124.9480660756429,33.30995675920697,-3.508770547108483,-1.4233429255237078,-2.0854276215847753,140.7697891425091,125.99388618469239,111.21798322687567,1025250.0,2.2423799073396733,7.238545403768452,0.8620672830553344,0.2764724507885674,3.379268306975858,7.707215712032278,14.851234155458393
2024-08-07,119.3651123046875,121.252307756145,110.40093391026433,110.40093391026433,2532000,117.28919830322266,125.49849739074708,124.95592931111653,44.978936101888024,-3.3723923760611854,-1.8131528156312036,-1.5592395604299818,140.4745154261858,125.49849739074708,110.52247935530835,1134200.0,2.232410509610298,7.720256075817096,8.119659684885171,0.3029438503285631,3.8742452023632135,3.52390512129519,2.1013972820673743
2024-08-08,117.94972229003906,122.66771118164063,117.47792340087891,118.42152117919923,2322000,115.49636383056641,125.02669906616211,124.97951927185059,43.67936969262854,-3.340020164858629,-2.1185262854766886,-1.2214938793819403,140.3430538814547,125.02669906616211,109.71034425086953,1218200.0,1.9060909538663602,7.382860303143046,-1.1857652435625865,-0.3905008009258193,-1.9965912706408795,-2.744013067621265,-2.1561541208034773
2024-08-09,123.6113052368164,125.97029961156481,121.252310862068,121.252310862068,887000,116.1568817138672,124.74361991882324,125.08174235026041,49.91325155673063,-2.824958166995657,-2.259812661780482,-0.5651455052151748,139.93833149559225,124.74361991882324,109.54890834205423,1247550.0,0.7109935473528115,7.467889238927406,4.799996843447829,-0.7344664716750882,2.86965755714923,-1.3214364365806364,-1.4913825512867018
2024-08-12,126.44209289550781,127.38569060368324,122.66770206280609,125.02669633324466,567000,119.5538330078125,124.53131065368652,125.22328186035156,52.73050627352247,-2.1634084902900668,-2.2405318274823993,0.07712333719233255,139.49316269527196,124.53131065368652,109.56945861210107,1240200.0,0.45718432510885343,7.101235812520707,2.290071812823391,0.07652887976525857,1.417205112604214,-1.3214364365806364,-1.4913825512867018
2024-08-13,125.97029876708984,129.27289086959783,125.498499895303,129.27289086959783,827000,122.66770629882812,124.31900100708008,125.38841145833334,52.2034795363073,-1.658082110063603,-2.12404188399864,0.4659597739350372,139.0600552005622,124.31900100708008,109.57794681359793,1259900.0,0.6564013016906104,6.657656500757256,-0.37313059094004064,-0.604294595055821,0.10706043617687566,4.6507558097605095,8.541414968918515
2024-08-14,125.49849700927734,128.32929017490014,125.49849700927734,127.85749131396301,400000,123.89438323974609,123.84720268249512,125.53781433105469,51.64755963765188,-1.2809122132437096,-1.9554159498476542,0.6745037366039446,137.73714616819234,123.84720268249512,109.9572591967979,1202000.0,0.33277870216306155,6.147408056072662,-0.3745341262425872,0.20472686912957894,1.0583302060494848,1.9540017945839372,0.30186534691141187
2024-08-15,125.97029876708984,128.3292931260241,124.5549021517293,125.498499895303,405000,125.49849853515624,123.25745391845703,125.73439712524414,52.19579064037694,-0.9331748351890212,-1.7509677269159276,0.8177928917269064,135.57140639889607,123.25745391845703,110.94350143801799,995100.0,0.4069942719324691,5.831005778502282,0.37594215791891816,-0.9596021142668665,-0.5996212787569899,-1.814791084720635,-0.4358611004832369
2024-08-16,127.38568878173828,129.27288417109736,127.38568878173828,127.85748762907805,511000,126.25337524414063,122.85642509460449,125.93884315490723,53.885019449246315,-0.5371879442603813,-1.5082117703848184,0.971023826124437,133.96821111601955,122.85642509460449,111.74463907318943,930950.0,0.5489016595950373,5.493883061902981,1.1235902657223962,1.398656718686797,2.0742481463743134,6.546906724631696,6.524910082693891
2024-08-19,129.27288818359375,130.21648590756158,127.38569273565807,128.32929045962592,731000,126.81953430175781,122.71488533020019,126.15115254720052,56.1118928924373,-0.07027418347870196,-1.2206242530035953,1.1503500695248934,133.3944234314278,122.71488533020019,112.03534722897257,900250.0,0.8119966675923355,5.138804937092356,1.4814846313615293,-0.9462871123850913,0.2698102405719105,-4.588203276642044,-3.7964752141049773
2024-08-20,131.1600799560547,133.04727535110584,128.80108571224076,130.2164822585291,2100000,127.85749053955078,122.83283500671386,126.3949151357015,58.28142413463268,0.4468874990790823,-0.8871219025870599,1.3340094016661421,133.84240751844808,122.83283500671386,111.82326249497964,971250.0,2.1621621621621623,5.019789563995386,1.4598511714078333,-0.7001673407422859,0.08687670993854368,0.5097745565224354,1.3425522960756053
2024-08-21,129.74468994140625,133.9908797940341,129.74468994140625,131.16008655894888,865000,128.70672912597655,123.09232444763184,126.63081448872884,56.04377883615561,0.7340698133153154,-0.5628835594065849,1.2969533727219003,134.50987598037148,123.09232444763184,111.6747729148922,974450.0,0.8876802298732619,4.916642935813048,-1.0791317107481713,-0.0485705808362491,-0.8525040581436327,-0.9974608710138333,-0.9333701081062906
2024-08-22,131.1600799560547,131.1600799560547,129.27288456100354,130.2164822585291,687000,129.74468536376952,123.49335327148438,126.80380732218424,57.7890808209385,1.0636133391610798,-0.23758417969305193,1.3011975188541318,135.4677317521766,123.49335327148438,111.51897479079216,985900.0,0.6968252358251344,4.512716597044795,1.0909040017650362,-0.6270599155635659,-0.40049008413989284,-0.37568478773861713,0.010135611798389732
2024-08-23,131.6318817138672,132.57547943224617,126.44209426278282,129.27288741791975,1021000,130.59392395019532,123.87079238891602,126.92962036132812,58.38227472900905,1.3473183689892494,0.07939633004340835,1.267922038945841,136.3870630963183,123.87079238891602,111.35452168151375,998250.0,1.0227898822940145,4.728805740033937,0.3597144481541692,1.0727248962346891,0.041630655400193284,0.017134632319937282,1.1750359844933111
2024-08-26,132.1036834716797,134.93447668892998,131.16008573259626,131.63188460213797,504000,131.1600830078125,124.46054077148438,127.0475700378418,59.00273142983901,1.5918769414836618,0.3818924523314591,1.2099844891522027,137.3752973008018,124.46054077148438,111.54578424216693,996700.0,0.5056687067322163,4.601550435540574,0.3584251411356876,-0.8756060974664415,0.3703771608125628,-2.6563812517827357,-3.554260612093496
2024-08-27,133.99087524414062,134.93447295712753,132.1036798181668,132.1036798181668,582000,131.7262420654297,125.05028915405273,127.24415283203125,61.47671931451359,1.9158868255262291,0.6886913269704131,1.227195498555816,138.59164565639372,125.05028915405273,111.50893265171175,1007200.0,0.5778395552025417,4.365449462663261,1.4285686234218442,0.17163104694757347,-0.24783653485163093,0.8098588488708147,-0.4256173769807914
2024-08-28,131.1600799560547,135.40626959491976,131.1600799560547,135.40626959491976,472000,132.0093200683594,125.47490768432617,127.3856923421224,56.01620624478382,1.922088827643563,0.9353708271050432,0.9867180005385199,139.23255768894768,125.47490768432617,111.71725767970464,1010600.0,0.4670492776568375,4.349548152823504,-2.1126776602720443,-0.35839014234928523,0.8368724645030357,0.4191475608481321,-1.094661026073096
2024-08-29,131.6318817138672,132.10368057305666,130.21648513629873,130.6882839954882,138000,132.1036804199219,125.71080703735352,127.50364201863607,56.70641754556663,1.9426804073884227,1.1368327431617191,0.8058476642267036,139.73162697316573,125.71080703735352,111.68998710154129,998950.0,0.13814505230492016,4.021234457348094,0.3597144481541692,0.9086610177773791,-0.7546069078691819,1.2869551824224335,0.23189583349145781
2024-08-30,132.1036834716797,133.51908008030483,131.63188460213797,132.1036834716797,165000,132.1980407714844,126.30055541992188,127.64518165588379,57.42589891074015,1.9743112108614582,1.304328436701667,0.6699827741597912,140.3568432201741,126.30055541992188,112.24426761966964,988200.0,0.16697024893746204,3.736696311893368,0.3584251411356876,-0.39083263225860865,0.29835457649001196,4.155221415843835,3.5545216828207327
2024-09-02,133.99087524414062,136.82166838310133,131.63188096167335,132.57547867466025,690000,132.57547912597656,127.52723236083985,127.86535441080729,60.27006554685143,2.1271391189542044,1.4688905731521744,0.65824854580203,139.52594802459507,127.52723236083985,115.52851669708464,935250.0,0.7377706495589414,3.9304417931646496,1.4285686234218442,0.4331737370221411,-0.14815026617228666,2.3079412528011156,2.7216430358097288
2024-09-03,134.46267700195312,136.82167133532073,133.04728040193257,134.93447586862663,408000,132.66983947753906,128.7303195953369,128.08552716573078,60.97202777095118,2.2602717898044205,1.6271668164826236,0.6331049733217968,138.01749756606137,128.7303195953369,119.44314162461247,840700.0,0.4853098608302605,3.909635011861118,0.352114841367257,-0.203152061097156,-0.642626632600074,-0.6445315815800212,-2.3727059203188294
2024-09-04,126.44209289550781,130.21648372820954,125.49849518733238,128.32928831185868,676000,131.7262420654297,129.08416862487792,128.09339040120443,46.07000355962638,1.6990012551723055,1.64153370422056,0.057467550951745494,137.352308436715,129.08416862487792,120.81602881304084,747900.0,0.9038641529616259,4.583574585562402,-5.964914789201181,0.15659122730726782,-4.5240421627673495,-4.508598118297213,-6.450634498285835
2024-09-05,129.27288818359375,132.57548021748119,128.32929045962592,128.80108932160982,1322000,131.254443359375,129.65032691955565,128.23493003845215,50.654091351419375,1.4657159731833929,1.6063701580131267,-0.1406541848297338,136.04718735588963,129.65032691955565,123.25346648322167,697900.0,1.8942541911448632,4.7902162837505315,2.2388076812563718,-0.08130132213054475,0.4502065283094936,-1.6983710861986911,-0.38969273784651426
2024-09-06,126.44209289550781,130.21648372820954,126.44209289550781,129.74468487412182,303000,130.12212524414062,129.79186630249023,128.30569979349772,46.406111955751214,1.0404208606304053,1.4931802985365825,-0.45275943790617723,135.73530985651146,129.79186630249023,123.84842274846899,668700.0,0.4531179901301032,4.654772890277358,-2.1897826588863967,0.16272898106874933,1.1680285631374687,-2.1769310000387843,-0.652040245218477
2024-09-09,124.55490112304688,125.97029772671787,122.66770565148556,122.66770565148556,260000,128.23493041992188,129.6975067138672,128.32928975423178,43.77072800886867,0.5448105785121697,1.3035063545316998,-0.7586957760195301,135.91832446096694,129.6975067138672,123.47668896676745,653350.0,0.39794903191245123,4.537388137443344,-1.4925344315682265,0.05905528468521659,-1.3564144167506398,-1.5718656737952141,-0.08750929518538397
2024-09-10,119.8369140625,126.91389717642716,118.89331631397637,125.97029942790354,504000,125.30977783203124,129.3908374786377,128.13270696004233,37.96591797006065,-0.22606038328804345,0.9975930069677512,-1.2236533902557947,136.863968462206,129.3908374786377,121.91770649506941,637200.0,0.7909604519774012,5.001813834111003,-3.787877488567082,0.2563547314850423,-0.3800496824621358,-3.086313145727493,-2.1458278949397447
2024-09-11,119.3651123046875,120.78050889328063,117.94971571609436,120.30871003041625,147000,123.89438171386719,129.08416824340821,127.90467096964518,37.43132051956258,-0.8650795347998752,0.625058498614226,-1.4901380334141012,137.6529050827118,129.08416824340821,120.5154314041046,624550.0,0.2353694660155312,4.712344413187704,-0.39370319363066786,0.1557220455938646,-0.15704496945657676,-2.018151536977586,-2.573275842574674
2024-09-12,122.66770935058594,122.66770935058594,120.78051382211538,120.78051382211538,120000,122.57334594726562,128.919038772583,127.81817461649577,43.43554976472706,-1.092422073949166,0.28156238410154766,-1.3739844580507135,137.85965984032964,128.919038772583,119.97841770483639,610300.0,0.19662461084712438,4.5243780975491354,2.7668026127000367,-0.1585997292772645,2.9587275926014067,5.328803049410569,4.7886923478088095
2024-09-13,122.66770935058594,124.08310599693885,122.1959104684683,123.61130711482122,120000,121.81846923828125,128.6831398010254,127.79458478291829,43.43554976472706,-1.2580901935225626,-0.026368131423274405,-1.2317220620992881,138.03367977944578,128.6831398010254,119.332599822605,590750.0,0.20313161235717309,4.172753755005325,0.0,-0.5730778859112329,0.4913830054379842,-2.1707847780075062,-1.709589605464834
2024-09-16,123.6113052368164,124.08310411176608,122.19590861196735,123.13950636186672,112000,121.62975006103515,128.40006065368652,127.75526822408041,45.17875681456976,-1.298277336810699,-0.28074997250075934,-1.0175273643099396,138.014500085981,128.40006065368652,118.78562122139203,559800.0,0.2000714540907467,3.8680126543111113,0.7692292382615928,0.04698615258813543,0.41558428502583844,-2.1707847780075062,-1.709589605464834
2024-09-18,120.3087158203125,124.55490579044118,120.3087158203125,123.61130801930148,214000,121.72411041259765,127.85749244689941,127.59800198872884,40.476934172823384,-1.5784222334463323,-0.5402844246898739,-1.0381378087564583,138.02495775303808,127.85749244689941,117.69002714076076,465500.0,0.4597207303974221,3.918436296420121,-2.6717535343363297,0.24009018886061995,-0.7837052942722855,0.3795128173826212,1.1862795559103967
2024-09-19,123.6113052368164,124.08310411176608,121.72410973701768,122.66770748691704,168000,122.57334899902344,127.55082321166992,127.41714579264323,46.47577126442679,-1.5164668316768086,-0.735520906087261,-0.7809459255895477,137.84778328542964,127.55082321166992,117.2538631379102,430650.0,0.3901079763148729,3.899229895757915,2.745095726428093,-0.5025171841719578,1.6783629197754113,0.7750526081125475,3.284974377412464
2024-09-20,122.19590759277344,125.49849968987542,122.19590759277344,125.02670081886085,162000,122.47898864746094,127.10261459350586,127.21269963582357,44.41005052311023,-1.5635538152092465,-0.9011274879116581,-0.6624263272975884,137.5177923325309,127.10261459350586,116.68743685448082,404400.0,0.40059347181008903,3.8196781892704568,-1.1450389924540727,-0.03461304571514834,0.5295654552418982,3.132611470039892,1.1463286498471836
2024-09-23,122.19590759277344,125.02670081886085,121.72410872175887,121.72410872175887,129000,122.38462829589844,126.63081588745118,127.03184356689454,44.41005052311023,-1.582627049427444,-1.0374274002148154,-0.5451996492126285,137.03699105218968,126.63081588745118,116.22464072271268,359800.0,0.358532518065592,3.7507333769813265,0.0,0.6956707184216482,0.5691005244930158,3.132611470039892,1.1463286498471836
2024-09-24,123.1395034790039,124.08310120681237,122.19590575119545,122.19590575119545,174000,122.29026794433594,126.18260688781739,126.82739753723145,46.25695408313587,-1.5042622243500432,-1.130794365041861,-0.37346785930818216,136.3660758862339,126.18260688781739,115.9991378894009,343300.0,0.5068453247888145,3.502261654132739,0.7721992534930555,-0.17505941198043828,0.6562554474329074,2.000727641681843,4.2111090314436606
2024-09-25,125.02670288085938,125.49850175965507,123.61130624447229,123.61130624447229,250000,123.2338653564453,125.73439826965333,126.70158475240072,49.84593008891895,-1.2751768709436675,-1.1596708662222224,-0.11550600472144512,135.23718106472677,125.73439826965333,116.23161547457987,326700.0,0.7652280379553107,3.349826537668529,1.5325702544977782,-0.7296520762731573,1.4703261303304016,-0.10698721444701853,0.7889964096855051
2024-09-26,122.19590759277344,126.44209743190456,122.19590759277344,125.49849968987542,262000,122.95078582763672,125.28618965148925,126.59149843851725,44.992348865265924,-1.3069805415872082,-1.1891328012952196,-0.11784774029198863,134.55417369662715,125.28618965148925,116.01820560635137,316200.0,0.8285895003162556,3.469341644530208,-2.264152555301302,0.5141959081656822,0.4270830660774827,4.016426515927041,1.4810097047522008
2024-09-27,123.1395034790039,124.08310120681237,122.19590575119545,122.66770461509968,120000,123.1395050048828,124.8615707397461,126.44995880126953,46.85014039168099,-1.2417309759067763,-1.199652436217531,-0.04207853968924535,133.67230807202944,124.8615707397461,116.05083340746275,315300.0,0.38058991436726924,3.2583888193417696,0.7721992534930555,-1.264795450138878,-0.1575824966969841,3.1699328107747338,3.4600374718658067
2024-09-30,122.19590759277344,122.66770646378801,121.2523098507443,121.72410872175887,160000,123.1395050048828,124.36618194580078,126.2376495361328,45.205942493800094,-1.2517313472706064,-1.210068218428146,-0.041663128842460484,132.55458903535956,124.36618194580078,116.17777485624201,315050.0,0.5078558958895414,3.0755627938641483,-0.7662820293825146,0.36554889324060813,-2.6212834827579523,-5.75890755647972,-7.485402937969776
2024-10-01,122.66770935058594,122.66770935058594,120.30871493999774,122.66770935058594,123000,123.04514617919922,123.80002365112304,126.11969985961915,46.22220150759803,-1.2076650439008745,-1.2095875835226917,0.0019225396218172097,130.64149062881506,123.80002365112304,116.95855667343103,286700.0,0.4290198814091385,2.9800203427606884,0.38610274853461135,0.015832654460190554,0.7462542284165874,3.0643196006294726,6.829399729879615
2024-10-04,119.8369140625,123.13950618233267,119.8369140625,122.66770730807086,156000,122.00718841552734,123.0687355041504,125.9309804280599,41.27569141865738,-1.3851960252801518,-1.2447092718741837,-0.14048675340596817,127.96008874465132,123.0687355041504,118.17738226364948,274100.0,0.5691353520612915,3.0230299130369525,-2.3076939343470437,0.6475584055064321,-0.3915951667323836,-1.0086757878815633,-0.9135999258388705
2024-10-07,121.72410583496094,122.19590469478638,120.30870925548466,120.78050811531008,133000,121.91282806396484,122.83283615112305,125.80516738891602,45.4656584011331,-1.3579563276997533,-1.2673586830392976,-0.09059764466045572,127.4885822838344,122.83283615112305,118.17709001841169,246950.0,0.5385705608422757,2.9344913422702095,1.5748000415603869,1.005679869258036,1.792829627283954,1.9306458466707976,3.3983079420245366
2024-10-08,124.08309936523438,124.5548982221364,121.72410508072421,123.13950165143031,343000,122.10154724121094,122.57334671020507,125.75012423197428,50.24456572501408,-1.1329575784317427,-1.2404784621177867,0.10752088368604396,126.17752731707324,122.57334671020507,118.9691661033369,198000.0,1.7323232323232323,2.9206649154891395,1.937983864487669,-0.6747083567230305,-0.4015843133057917,-2.051909629379778,-2.1401193803742835
2024-10-09,122.19590759277344,125.97029856088999,121.72410872175887,125.97029856088999,271000,122.10154724121094,122.36103744506836,125.63217455546061,46.717510994746796,-1.0943105222108755,-1.2112448741364044,0.11693435192552881,125.47219964228859,122.36103744506836,119.24987524784814,196400.0,1.379837067209776,3.097401571974737,-1.5209096018032664,0.1500498127376071,0.2109089790889307,2.757378816173328,-0.2863846025262018
2024-10-11,123.1395034790039,123.1395034790039,120.30871029557854,123.1395034790039,189000,122.19590606689454,122.2902675628662,125.50636164347331,48.65816957856715,-0.9762881080683314,-1.1642535209227898,0.18796541285445834,125.25211700417312,122.2902675628662,119.3284181215593,192850.0,0.9800362976406534,3.061853786834822,0.7721992534930555,-0.09929871833751491,1.070478351454196,-1.0234201509584762,-0.6319175935029064
2024-10-14,123.6113052368164,123.6113052368164,121.72410973701768,123.6113052368164,123000,122.9507843017578,122.47898712158204,125.39627520243327,49.64571987632903,-0.8350580068141369,-1.0984144181010593,0.26335641128692244,125.25798801126224,122.47898712158204,119.69998623190183,173800.0,0.7077100115074798,2.9052326818966754,0.3831441125576207,-0.20343946585824613,0.3215858580000841,-1.0234201509584762,-0.6319175935029064
2024-10-15,125.02670288085938,125.02670288085938,123.1395073656766,123.61130624447229,205000,123.6113037109375,122.76206665039062,125.23114585876465,52.591802463498105,-0.6019820982518382,-0.9991279541312151,0.3971458558793769,125.352554393946,122.76206665039062,120.17157890683525,176700.0,1.1601584606677986,2.76949439300149,1.1450389924540616,0.06846983628858716,1.3786551243744505,0.508238887300605,0.13248642854775117
2024-10-16,122.19590759277344,124.0831030768317,122.19590759277344,123.13950533480258,186000,123.2338653564453,122.7384765625,124.97165641784667,46.70611798346889,-0.6383310008694281,-0.9269685634788578,0.28863756260942974,125.341146446484,122.7384765625,120.13580667851599,180000.0,1.0333333333333334,2.7776678456794164,-2.264152555301302,0.05909743352694452,-1.2066723441250926,-2.1447183716248652,-1.9317319411993328
2024-10-17,123.1395034790039,125.02669893462082,122.66770461509968,123.61130234290813,240000,123.4225845336914,122.7620662689209,124.7672103881836,48.76443702600404,-0.5842624521568922,-0.8584273412144647,0.2741648890575725,125.37058127692774,122.7620662689209,120.15355126091407,186000.0,1.2903225806451613,2.7847509785018127,0.7721992534930555,-0.11191169434519033,0.1862561878152258,0.017809110950661733,-1.5110597260465264
2024-10-18,120.78050994873047,124.08310201764107,120.78050994873047,123.13950428366661,303000,122.95078582763672,122.6205265045166,124.57849082946777,44.17138133835592,-0.7234246121086869,-0.8314267953933092,0.1080021832846223,125.33986673508637,122.6205265045166,119.90118627394683,195550.0,1.5494758373817439,2.8537964572229844,-1.915708171322672,-0.20848772856875142,1.8800759024857339,-0.8195224252875999,-0.191779522949298
2024-10-21,121.72410583496094,121.72410583496094,120.78050811531008,121.25230697513551,101000,122.57334594726562,122.69129600524903,124.46054115295411,46.34822174183006,-0.7489380329743938,-0.8149290429095262,0.0659910099351324,125.22462286130238,122.69129600524903,120.15796914919568,189900.0,0.5318588730911006,2.5991032922133672,0.7812484701637867,-0.08108075314693375,0.23527539270360442,1.6346351120187341,-1.26269684673459
2024-10-22,121.72410583496094,122.19590469478638,121.25230697513551,121.25230697513551,77000,121.91282653808594,122.59693603515625,124.41336123148601,46.34822174183006,-0.7603922740176188,-0.8040216891311448,0.04362941511352603,125.1265606096865,122.59693603515625,120.06731146062599,185350.0,0.41543026706231456,2.3783692158717007,0.0,0.028084610514422792,-0.030156527726787896,-0.5302237709548852,0.16680553763983585
2024-10-23,121.25231170654297,122.66770834124969,121.25231170654297,122.19590946301412,226000,121.72410736083984,122.54975624084473,124.38190803527831,45.323446801166966,-0.798336954321087,-0.8028847421691333,0.004547787848046325,125.14521480217402,122.54975624084473,119.95429767951543,188550.0,1.1986210554229648,2.2499728717163703,-0.38759301223181275,-0.11543711676430535,-0.852629098085167,-0.7285009475968884,0.27755554817689987
2024-10-24,120.3087158203125,122.19591136259191,120.3087158203125,121.25231359145221,146000,121.15794982910157,122.45539665222168,124.31900164286296,43.263141122695146,-0.8942404417302754,-0.8211558820813618,-0.07308455964891358,125.23566180782366,122.45539665222168,119.6751314966197,189400.0,0.7708553326293559,2.2016025611247763,-0.7782085742943812,-0.03123109124840706,-0.6095637401184573,-0.39377025633786644,1.4669179014950018
2024-10-25,121.25231170654297,121.25231170654297,119.83691507183624,120.7805128283074,155000,121.25231018066407,122.36103706359863,124.3347282409668,45.91104376883291,-0.883915121092528,-0.8337077298835951,-0.05020739120893292,125.17147773667449,122.36103706359863,119.55059639052277,188450.0,0.8224993366940833,2.096775104269036,0.7843121587631119,-0.06311938616798685,0.6723275032274767,-0.9703487581335435,0.1909425109795304
2024-10-28,118.89331817626953,121.25231258452885,118.42151929461767,121.25231258452885,264000,120.68615264892578,122.05436782836914,124.27968508402506,40.786255206667235,-1.053934195701956,-0.8777530230472673,-0.17618117265468858,124.97639377752004,122.05436782836914,119.13234187921823,189150.0,1.3957176843774781,2.194644195687989,-1.9455245818180478,0.25012638112038577,-0.6440637870254728,0.7802656493707261,1.1979344309869466
2024-10-29,116.5343246459961,118.8933190720284,116.06252576078963,118.42152018682194,189000,119.64819641113282,121.77128868103027,124.17746200561524,36.409446678888465,-1.363311197361341,-0.9748646579100821,-0.38844653945125884,125.59379231038032,121.77128868103027,117.94878505168022,185500.0,1.0188679245283019,2.279464077761428,-1.9841262456616993,-0.15593671303683054,-1.170271773009135,0.25206743782251184,0.6187791875622572
2024-10-30,116.0625228881836,117.94971838230039,116.0625228881836,117.00612063524198,240000,118.61023864746093,121.41743965148926,123.99660580952963,35.58691701502957,-1.6278008836451932,-1.1054519030571044,-0.5223489805880888,125.95079205138782,121.41743965148926,116.8840872515907,191500.0,1.2532637075718016,2.2271615999421437,-0.40486076462512566,-0.033745516386241015,-0.4630438149480831,-1.1135061342367525,0.8288751836103225
2024-11-01,117.47792053222656,117.47792053222656,113.23173063347139,116.53432277694763,194000,118.04407958984375,121.18154029846191,123.94942588806153,39.96839884049219,-1.7035624966374172,-1.225074021773167,-0.47848847486425017,126.02475426774369,121.18154029846191,116.33832632918013,193200.0,1.0041407867494825,2.4963653731172144,1.2195130769357743,-0.008469656393517155,-0.17681353912938347,-2.899888706551057,0.298501530213402
2024-11-04,117.94972229003906,117.94972229003906,116.06252673339844,117.47792340087891,110000,117.38356170654296,120.94564094543458,124.09096565246583,41.39931886727192,-1.7058694606475626,-1.321233109548046,-0.38463635109951655,125.9412686435442,120.94564094543458,115.95001324732495,192550.0,0.5712801869644248,2.4151427309203353,0.40160887737459294,0.18830568818823945,0.8134762750590552,-2.899888706551057,0.298501530213402
2024-11-05,118.89331817626953,118.89331817626953,116.53432376801022,116.53432376801022,95000,117.38356170654296,120.89846115112304,124.23250541687011,44.26090307663639,-1.6129641969602346,-1.379579327030484,-0.23338486992975072,125.95562160368692,120.89846115112304,115.84130069855917,189500.0,0.5013192612137203,2.407656287898865,0.7999983958505208,-0.03382976410999383,0.6157022965944003,6.581708534230013,6.0606056493433424
2024-11-06,117.94972229003906,118.89332006835939,117.00612451171875,118.89332006835939,115000,117.66664123535156,120.70974197387696,124.20891558329264,42.04958960566266,-1.5970664206428609,-1.4230767457529594,-0.17398967488990147,125.91665467515247,120.70974197387696,115.50282927260145,188600.0,0.6097560975609756,2.338261523731101,-0.7936492148629459,-0.2810876692411757,0.47861170401419795,-1.517042985209549,5.892849168116143
2024-11-07,120.3087158203125,120.3087158203125,113.23173253676471,116.06252585018382,551000,118.51587982177735,120.52102279663086,124.24823214213053,48.920329701454996,-1.378228890678443,-1.4141071747380562,0.03587828405961324,125.4808763121387,120.52102279663086,115.56116928112301,199000.0,2.7688442211055277,2.9700910917066596,1.9999992237986541,1.6098729025626257,0.8245523226092066,0.6524152487077162,-1.4695172862653094
2024-11-08,116.0625228881836,121.2523104970048,116.0625228881836,120.7805116234756,221000,118.23280029296875,120.21435356140137,124.12241910298665,39.77815875156521,-1.529796314600631,-1.4372450027105712,-0.09255131189005983,125.48677954269817,120.21435356140137,114.94192758010456,196500.0,1.1246819338422391,3.2660506273219325,-3.529414226705585,-0.9296486058043341,0.6197250034959412,-2.7007705384617386,-0.07334650721062541
2024-11-11,113.23173522949219,116.06252861022949,112.28813743591309,116.06252861022949,305000,117.28920288085938,119.71896514892578,123.90224647521973,35.072514226681136,-1.8569299634996241,-1.5211819948683818,-0.33574796863124234,125.65431904434845,119.71896514892578,113.7836112535031,202300.0,1.5076618882847257,3.333829366921196,-2.4390195803503545,0.627458984621776,-0.1029553901989333,-0.38859158412376527,-0.7585070390935811
2024-11-12,111.34452819824219,113.23172359143274,109.92913165334929,113.23172359143274,316000,115.77944488525391,119.10562629699707,123.6584836324056,32.326923781168176,-2.242616090189742,-1.665468813932654,-0.577147276257088,125.83016446997206,119.10562629699707,112.38108812402209,211950.0,1.4909176692616184,3.3296659281507566,-1.6666767734549892,0.4336932611868294,-2.3284295008224376,-1.7276711600911487,2.1203118162355095
2024-11-13,113.70352935791016,113.70352935791016,110.8727360958875,111.34453497289128,204000,114.93020629882812,118.5394676208496,123.46190083821615,38.77850376741469,-2.3310525232618744,-1.798585555798498,-0.5324669674633764,125.06883456501374,118.5394676208496,112.01010067668547,211900.0,0.9627182633317602,3.2631495726670092,2.118650281105783,0.1235439255507842,-0.5288498883201043,-1.7769279992892684,-2.6557178182045393
2024-11-14,111.81632995605469,114.17532425892503,110.87273223490654,114.17532425892503,223000,113.23172912597656,118.02048873901367,123.22600135803222,35.8352048044445,-2.5243214470617232,-1.9437327340511432,-0.58058871301058,124.96309935796828,118.02048873901367,111.07787812005907,213750.0,1.0432748538011696,3.2684085661805407,-1.6597544618998095,-0.020971256315938103,-0.6336314481737659,0.5581140134859996,-1.7609123111836489
2024-11-15,111.81632995605469,113.2317265377769,111.34453109548062,111.81632995605469,60000,112.38249053955079,117.4543300628662,122.96651204427083,35.8352048044445,-2.6469757725794096,-2.0843813417567967,-0.562594430822613,124.485475987961,117.4543300628662,110.42318413777141,204750.0,0.29304029304029305,3.0842468163293053,0.0,0.3986669276656585,0.12057324525860391,0.8229653195100939,0.4039401817746757
2024-11-18,109.45733642578125,110.87273301749394,108.98553756187702,110.87273301749394,151000,111.62761077880859,116.88817138671875,122.6362528483073,32.283018094741465,-2.9010893203705734,-2.247722937479552,-0.6533663828910212,124.58374131550248,116.88817138671875,109.19260145793503,197150.0,0.7659142784681714,3.0504528933757533,-2.109703950398434,-0.23173876056459264,-0.8628257366824488,-0.9870824486651553,-1.760127640990794
2024-11-19,110.87273406982422,111.81633180658868,109.92913633305976,110.400935201442,332000,111.533251953125,116.34560279846191,122.29813041687012,36.359238544282526,-2.9542110705924784,-2.389020564102138,-0.5651905064903406,124.13513888597038,116.34560279846191,108.55606671095344,208700.0,1.5908001916626737,2.9582585583666434,1.293104409682666,-0.06007286302424086,1.3406124900682936,-1.1503090393315651,-2.149979149912129
2024-11-20,110.87273406982422,112.75992954335314,110.400935201442,111.81633180658868,234379,110.96709289550782,115.80303421020508,121.98359781901041,36.359238544282526,-2.96216445244049,-2.5036493417698082,-0.45851511067068174,123.5265666434672,115.80303421020508,108.07950177694296,216568.95,1.0822373198004607,2.878356662839243,0.0,-0.36001887929690835,-0.7021874267539641,-0.6594331081660632,0.3662086166910772
2024-11-21,112.75992584228516,114.17532240097493,110.40093157780221,110.40093157780221,260000,111.1558120727539,115.37841491699218,121.67692858378092,41.77861745227307,-2.78409366204032,-2.559738205823911,-0.22435545621640873,122.76704601803677,115.37841491699218,107.9897838159476,218268.95,1.1911909595936572,2.997827884217041,1.7021243214516923,0.45165552347810056,-0.5848779832719808,0.35142792700151304,-1.902531784904038
2024-11-22,114.17533111572266,115.11892889353855,112.75993444899882,113.23173333790676,254000,111.6276123046875,115.07174568176269,121.38598607381185,45.525393291890346,-2.4999421245347264,-2.547778989566074,0.04783686503134765,122.09906086255853,115.07174568176269,108.04443050096685,223668.95,1.1356068868745528,2.9126512398218884,1.2552378541089038,0.10408579018676978,1.5457767754733176,-0.31128861222278204,-0.3453825194360105
2024-11-25,113.70352935791016,114.64712711191771,113.23173048090638,114.17532823491393,113000,112.47685089111329,114.69430656433106,121.07931683858236,44.497439375163744,-2.2864635145819676,-2.4955158945692526,0.209052379987285,121.107999438725,114.69430656433106,108.28061368993711,221568.95,0.5099992575674525,2.713017291980481,-0.4132256532142664,0.194435698150075,0.19231667879251457,0.05855502149658687,1.199682479272024
2024-11-26,113.23173522949219,116.06252861022949,113.23173522949219,114.17533302307129,846000,112.94865112304687,114.41122741699219,120.73333117167155,43.441112003280345,-2.130787627973291,-2.4225702412500603,0.29178261327676935,120.53792752789816,114.41122741699219,108.28452730608622,250668.95,3.37496925726142,2.7287207704813907,-0.4149335830490153,-0.7261611146034852,-1.1748520051593436,-1.4823553039917114,-2.608009608268669
2024-11-27,109.92913818359375,113.70352919418924,109.45733930726931,113.2317303178648,461000,112.75993194580079,114.08096809387207,120.37948214213053,36.847037759151966,-2.2479918956538683,-2.387654572130822,0.13966267647695396,120.43372655523224,114.08096809387207,107.7282096325119,264268.95,1.744434978078204,2.9310499860065304,-2.9166708778284645,0.22577646053867362,-1.5167516755981714,-0.6731214740465785,1.271301165009464
2024-11-28,109.92913818359375,112.28813256521593,108.98554043094487,111.34453481256706,415000,112.1937744140625,113.77429885864258,120.01776974995931,36.84703775915197,-2.314200459840606,-2.3729637496727793,0.05876328983217327,120.31371018140212,113.77429885864258,107.23488753588305,273018.95,1.5200410081424751,2.9805889391084683,0.0,0.030242115860379393,-0.16064141835966383,-0.7574383168564514,2.4305524852551885
2024-11-29,111.81632995605469,111.81632995605469,108.5137379320362,109.45733565318433,198000,111.7219741821289,113.49121932983398,119.67964719136556,42.61933019845081,-2.1891553991086425,-2.336202079559952,0.14704668045130953,119.84305578966313,113.49121932983398,107.13938287000484,273218.95,0.7246935104611155,3.023522683763139,1.7167348017493866,0.24526484448965657,-0.1632385004971093,0.8234693838280016,0.599739869657534
2024-12-02,111.34452819824219,114.17532128802802,111.34452819824219,112.7599247431351,197000,111.25017395019532,113.16095962524415,119.30220807393393,41.59572725857808,-2.103874589766832,-2.2897365816013284,0.18586199183449637,119.2166881906997,113.16095962524415,107.1052310597886,277568.95,0.7097335634983668,2.9978254045661643,-0.42194351933919627,-0.170188817196526,2.131071027512643,-0.6175401616571596,4.173157537906214
2024-12-03,114.17533111572266,115.11892889353855,111.81633667118294,111.81633667118294,329000,111.4388931274414,112.9250602722168,118.96408564249674,49.44178343973089,-1.7872643258992582,-2.189242130460914,0.401977804561656,118.37815837852318,112.9250602722168,107.47196216591041,289268.95,1.1373498607437817,3.1013687766635245,2.542381707739061,0.4701136177487131,1.2777945571064597,2.3451673368766857,1.866124844198902
2024-12-04,116.0625228881836,117.94971838230039,113.70352852053757,113.70352852053757,537000,112.66557006835937,112.83070030212403,118.79109280904134,53.88913205115538,-1.3682949541155551,-2.0250526951918424,0.6567577410762873,117.97423364102612,112.83070030212403,107.68716696322194,310368.95,1.7301988488217006,3.254011588010097,1.65288924850866,-0.39120209053116195,0.9895539123634611,-1.135912937471506,-0.8060539567774527
2024-12-05,115.59072875976562,118.89332101004464,115.59072875976562,118.89332101004464,270000,113.79788818359376,112.59480094909668,118.5630568186442,52.64241916836972,-1.0620854912629056,-1.832459254406055,0.7703737631431493,116.60136827212854,112.59480094909668,108.58823362606482,296318.95,0.9111803345685451,3.260489009645953,-0.40649997663113613,-0.4651336042930887,0.054221440666024634,0.0,1.8714607683089968
2024-12-06,113.70352935791016,116.53432261993282,113.70352935791016,116.06252374292905,137000,114.17532806396484,112.476851272583,118.3507474263509,47.87159812340985,-0.96062007531539,-1.658091418587922,0.6974713432725321,116.18106519886321,112.476851272583,108.7726373463028,292118.95,0.4689870342201353,3.2031962432961816,-1.6326563748704004,0.03032821885522452,-0.3209133409747267,-0.5348793372351057,-1.9821130406072807
2024-12-09,113.70352935791016,117.94971925094414,113.70352935791016,116.06252374292905,186000,114.64712829589844,112.50044097900391,118.16989123026529,47.87159812340985,-0.8701771417347004,-1.5005085632172779,0.6303314214825775,116.23081315479129,112.50044097900391,108.77006880321653,286168.95,0.6499656933430409,3.3422620632612223,0.0,0.20171769247800952,0.3448434410777468,-0.21906928145114524,-0.9124519868723202
2024-12-10,112.75992584228516,114.64712125387152,112.75992584228516,114.64712125387152,65000,114.36404724121094,112.57121086120605,118.05194142659505,45.48140869193591,-0.8646739597855913,-1.3733416425309406,0.5086676827453493,116.26275152431185,112.57121086120605,108.87967019810026,273618.95,0.23755664583904001,3.1482531763712407,-0.829880585900522,-0.05310753893845721,-0.6366533332259117,0.9580676437808577,0.1742210845651071
2024-12-11,115.11892700195312,117.0061225265753,112.75993259617539,112.75993259617539,286000,114.17532806396484,112.6419807434082,117.98117167154948,51.94162113660995,-0.6623260870053969,-1.2311385314258319,0.568812444420435,116.476424065423,112.6419807434082,108.80753742139339,277718.95,1.0298180948761329,3.2946456440937606,2.0920563241301204,0.472647811741278,-0.957614927178041,-0.5931111296767155,-0.39752348526578274
2024-12-12,115.11892700195312,117.0061225265753,114.17532923964202,115.59072588310866,378000,114.08096771240234,112.80711059570312,117.8553586324056,51.94162113660996,-0.4962435532088705,-1.0841595357824396,0.5879159825735691,116.77400637887152,112.80711059570312,108.84021481253473,285468.95,1.324137003341344,3.232798663139029,0.0,-0.1168319802240636,0.6250970544977807,0.5966499267977543,2.0703473676229045
2024-12-13,112.28813171386719,116.06252269584591,110.87273509562516,115.11892495035123,418000,113.79788818359376,112.83070068359375,117.68236567179362,44.58845650447525,-0.5862851402730769,-0.984584656680567,0.3982995164074902,116.77835310238171,112.83070068359375,108.88304826480578,303368.95,1.3778601930092054,3.4937305214165923,-2.4590181317776794,-0.06095614844506825,-0.11420375760532453,-1.423478674737788,-1.0263982102908242
2024-12-16,109.45733642578125,113.70352620091931,108.98553756187702,113.23172733701509,474000,112.94864959716797,112.83070068359375,117.4464661916097,38.68995496569062,-0.8759676586433613,-0.962861257073126,0.08689359842976463,116.77835310238171,112.83070068359375,108.88304826480578,319518.95,1.4834800878007393,3.656964937100019,-2.521010230448373,0.09948574552680611,0.08435932473851437,-0.9225790870207029,0.12345772285153878
2024-12-17,110.87273406982422,113.23172841173538,110.400935201442,110.87273406982422,314000,112.57121124267579,112.83070068359375,117.28919982910156,42.7667804659627,-0.9800351454924936,-0.9662960347569995,-0.013739110735494053,116.77835310238171,112.83070068359375,108.88304826480578,318618.95,0.985503216302734,3.6726218769472334,1.293104409682666,-0.2501633362811728,-0.0950118039959369,-0.3441333195324803,1.2083888803878562
2024-12-18,110.87273406982422,111.81633180658868,109.92913633305976,110.87273406982422,167000,111.72197265625,112.83070068359375,117.07689030965169,42.766780465962704,-1.0504010095994545,-0.9831170297254905,-0.06728397987396395,116.77835310238171,112.83070068359375,108.88304826480578,315250.0,0.5297383029341792,3.434565023158125,0.0,0.03948023999278405,0.6545316375484278,0.24375226690018792,0.14619870532590618
2024-12-19,109.92913818359375,111.34453481256706,109.45733930726931,109.92913818359375,86000,110.68401489257812,112.68916130065918,116.87244415283203,40.67555475552037,-1.1688331845438142,-1.0202602606891553,-0.14857292385465892,116.84499920129554,112.68916130065918,108.53332340002282,306550.0,0.2805415103572011,3.228249087443409,-0.8510621607258462,0.7653556048109023,-1.0204294103727585,-1.9047618074468975,-2.871051912310707
2024-12-20,108.98553466796875,111.34452892485119,108.04193696521577,109.92913237072172,273000,110.02349548339843,112.42967147827149,116.65227127075195,38.640726184915636,-1.3235751042276576,-1.0809232293968558,-0.24265187483080175,116.83537702005894,112.42967147827149,108.02396593648403,307500.0,0.8878048780487805,3.238161470402344,-0.8583743411588296,-0.14688883539788478,-1.840203207273594,0.8056318186964839,1.1523057864334607
2024-12-23,110.40093231201172,110.87273116804596,109.45733459994324,109.45733459994324,150000,110.21221466064453,112.26454162597656,116.43996175130208,43.22846397719158,-1.3168189602474314,-1.128102375566971,-0.18871658468046038,116.71653958358876,112.26454162597656,107.81254366836437,309350.0,0.48488766769031844,3.058032807692326,1.2987022987546615,-0.042905113412716744,2.640082018191703,1.6393371476068896,0.9162996317062522
2024-12-24,112.28813171386719,112.28813171386719,110.40093622287782,110.87273509562516,275000,110.49529418945312,112.21736145019531,116.22765223185222,48.7325372512688,-1.145973379941168,-1.1316765764418104,-0.01429680349935758,116.64614128132857,112.21736145019531,107.78858161906206,280800.0,0.9793447293447294,2.9019216869140787,1.7094053123771769,-0.024526060488960777,0.06795708770699349,-0.584679624845319,-2.1595155701249813
2024-12-25,113.70352935791016,114.17532823491393,112.28813272689882,112.28813272689882,315000,111.06145324707032,112.40608100891113,116.08611259460449,52.45558361349565,-0.8861512655901862,-1.0825715142714856,0.19642024868129937,116.74506850080529,112.40608100891113,108.06709351701697,273500.0,1.1517367458866545,2.766624998131768,1.2605051152241975,0.018390283940372676,0.4320483869864056,0.5881182323196787,0.4765536509569346
2024-12-26,114.17533111572266,115.11892889353855,113.70353222681472,113.70353222681472,91000,111.91069183349609,112.61839065551757,115.93670972188313,53.66352369988747,-0.6348517336026305,-0.9930275581377146,0.3581758245350841,116.86154865572857,112.61839065551757,108.37523265530658,257300.0,0.35367275553828215,2.5864616031313186,0.414940292950261,0.2879211150416561,0.11545410278845925,0.2822545718063063,2.0968529675470027
2024-12-27,114.64713287353516,115.11893177424929,112.28813836996447,114.64713287353516,163000,113.04301147460937,112.7599308013916,115.81089680989584,54.89756735419406,-0.3930932508398399,-0.8730406966781397,0.47994744583829974,117.07862146514721,112.7599308013916,108.441240137636,255550.0,0.6378399530424574,2.619039176618452,0.4132256532142664,0.041578320025936755,0.12363018552592475,3.156412780761886,2.616135802336661
2024-12-30,116.0625228881836,116.53432176171279,114.64712626759598,115.11892514112519,253000,114.17532958984376,112.99583053588867,115.7008103688558,58.4708079311382,-0.08629303382194564,-0.7156911641069009,0.6293981302849553,117.500411812107,112.99583053588867,108.49124925967034,258350.0,0.9792916586026708,2.521460018951567,1.2345620681240455,0.26587407296438936,-0.3672522989560889,-0.23387105888642568,-1.238981216377144
2024-12-31,116.0625228881836,116.53432176171279,114.64712626759598,116.0625228881836,345000,114.93020782470703,113.09019012451172,115.63790384928386,58.4708079311382,0.15506090297351705,-0.5415407506908173,0.6966016536643344,117.77428988025342,113.09019012451172,108.40609036877002,259150.0,1.331275323171908,2.436891415640266,0.0,-0.14782773801352844,-0.6688153383762052,-0.23387105888642568,-1.238981216377144
2025-01-02,115.59072875976562,117.00612543845664,115.11892986686863,116.06252765266262,118000,115.30764770507812,113.06660041809081,115.5356808980306,56.733225032873136,0.3047527930337992,-0.37228204194589404,0.6770348349796933,117.69205759382649,113.06660041809081,108.44114324235514,238200.0,0.49538203190596136,2.3635986364332986,-0.40649997663113613,0.1251537494249222,-0.8814334035584737,-0.23387105888642568,-1.238981216377144
2025-01-03,113.70352935791016,116.53432261993282,113.23173048090638,115.59072486592527,257000,115.21328735351562,112.97224044799805,115.3626880645752,50.294802328772576,0.26801397634572766,-0.24422283828756974,0.5122368146332974,117.45570563540312,112.97224044799805,108.48877526059297,237550.0,1.081877499473795,2.488797770112385,-1.6326563748704004,0.20975544231986998,0.3339174500631481,-0.23387105888642568,-1.238981216377144
2025-01-06,112.75992584228516,114.17532240097493,112.75992584228516,114.17532240097493,61000,114.83584594726562,112.9250602722168,115.20542170206706,47.39837956487395,0.1609024979066902,-0.16319777104871777,0.324100268955408,117.39596528018957,112.9250602722168,108.45415526424402,233750.0,0.2609625668449198,2.345677608589371,-0.829880585900522,0.12929662335154912,2.79117234558639,-1.250242822023373,-3.546441695767344
2025-01-07,113.23173522949219,113.70353412628174,112.75993633270264,113.23173522949219,109000,114.26968841552734,112.9014705657959,115.04029223124186,48.98049015983324,0.11278681779114663,-0.10800085328074491,0.22078767107189154,117.36004281735003,112.9014705657959,108.44289831424177,229900.0,0.4741191822531535,2.1587350319769993,0.4184193840876871,-0.5362688493261603,0.43978199844929566,3.6003910399968087,2.3761935246904065
2025-01-08,116.0625228881836,117.4779195087712,114.17532739406678,114.17532739406678,497000,114.26968841552734,113.06660041809081,114.91447919209799,57.28227111689189,0.2996218466812053,-0.026476313288354876,0.32609815996956015,117.74243922254303,113.06660041809081,108.3907616136386,251500.0,1.9761431411530814,2.4370615982839334,2.4999949466058435,-0.034527787352645056,-1.031401095838369,-0.5919325966183719,-2.7363850346521335
2025-01-09,109.92913818359375,116.06252357581143,109.92913818359375,116.06252357581143,349000,113.13737030029297,112.80711097717285,114.66285311381021,41.51865473859586,-0.046684780585096064,-0.030518006747703115,-0.01616677383739295,117.57843772550495,112.80711097717285,108.03578422884075,254650.0,1.370508541134891,2.9299047708084327,-5.284552284374211,0.5983308797275377,-1.3935772156041248,-1.2293493276538836,-1.6327553532515693
2025-01-10,109.92913818359375,112.75993144154036,109.45733930726931,109.45733930726931,265000,112.38249206542969,112.54762153625488,114.45840695699056,41.51865473859586,-0.31747561641384436,-0.08790952868093137,-0.22956608773291298,117.35393194152533,112.54762153625488,107.74131113098443,249000.0,1.0642570281124497,2.9795964192701154,0.0,-0.27125588031043923,-0.3001217089277253,-1.8864321943144469,-3.21756640634282
2025-01-13,105.68294525146484,110.40093387876237,105.21114638873509,110.40093387876237,405000,110.96709594726562,112.21736221313476,114.1674643198649,34.00505586774102,-0.8647433642396578,-0.24327629579267668,-0.6214670684469812,117.92244701342678,112.21736221313476,106.51227741284275,248350.0,1.6307630360378498,3.274288562037738,-3.8626637143623355,0.8080683673291622,-2.2750412660863084,-1.8864321943144469,-3.21756640634282
2025-01-14,105.68294525146484,107.0983418396541,105.68294525146484,106.15474411419459,132000,109.45733795166015,112.02864265441895,113.91583824157715,34.00505586774102,-1.2836597665050107,-0.4513529899351435,-0.8323067765698672,118.33605727187305,112.02864265441895,105.72122803696485,231250.0,0.5708108108108109,3.02643629885794,0.0,-0.12629097569892833,1.3748884512583492,-0.9910823082587283,-2.3482841467625692
2025-01-15,103.3239517211914,106.15474491903227,103.3239517211914,106.15474491903227,126000,106.90962371826171,111.65120353698731,113.60916900634766,30.4540881344589,-1.785423841731827,-0.7181671602944802,-1.067256681437347,119.05757120745167,111.65120353698731,104.24483586652295,221850.0,0.5679513184584178,3.000350552055663,-2.232142115892388,-0.308884934043574,-1.2411403721450665,-1.141136436047463,1.5671449819185002
2025-01-16,105.21115112304688,106.62654777492644,104.26755335512718,104.73935223908703,110000,105.96602630615234,111.36812438964844,113.33395309448242,36.19442748142292,-2.0076513120124275,-0.9760639906380697,-1.0315873213743578,119.3129793834271,111.36812438964844,103.42326939586978,219000.0,0.502283105022831,3.040649952279579,1.8264878282509667,-0.47462027715259314,2.2675507006747475,-4.495744102033717,-0.3192335725416662
2025-01-17,105.21115112304688,106.15474889096659,104.73935223908703,105.68295000700672,45000,105.02242889404297,111.1322250366211,113.06660041809081,36.19442748142291,-2.1588819361694505,-1.2126275797443458,-0.9462543564251047,119.52455352038422,111.1322250366211,102.73989655285797,216950.0,0.20742106476146577,2.8239495122262435,0.0,0.14330122044485805,0.5341148174661026,-0.19085183603871902,-1.8948487428920302
2025-01-20,106.62654113769531,107.57013884687845,105.68294342851216,106.15474228310374,79000,105.21114807128906,111.01427536010742,112.83856417338053,40.46848718131673,-2.1398562196120423,-1.398073307717885,-0.7417829118941572,119.59776940864947,111.01427536010742,102.43078131156537,207250.0,0.38118214716525933,2.7619546071069543,1.3452851713342762,0.2040049502909147,0.5129593209210137,2.783093818670479,2.203476780153868
2025-01-21,106.15474700927734,107.09834476047092,106.15474700927734,107.09834476047092,53000,105.30550842285156,110.80196609497071,112.58693809509278,39.51823131183184,-2.138200204409671,-1.5460986870562423,-0.5921015173534285,119.65515558271508,110.80196609497071,101.94877660722634,202400.0,0.2618577075098814,2.519507026318504,-0.4424734436510591,-1.8049163113836197,0.14264713733647127,0.14469131303875837,-0.3992510712928832
2025-01-22,107.57014465332031,108.98554129349557,105.2111502530282,107.09834577326188,254000,106.15474700927734,110.56606674194336,112.39821853637696,43.78305838215419,-1.9996265889353282,-1.6368042674320595,-0.36282232150326865,119.5035465585337,110.56606674194336,101.62858692535302,201350.0,1.2614849764092377,2.6868248948716875,1.333334291606647,0.8293035215003464,0.9673832452960607,2.7451004881298147,-0.6146451840785438
2025-02-03,105.68294525146484,106.62654297692434,102.85215207508631,106.15474411419459,226012,106.24910583496094,110.1650375366211,112.21736221313476,39.757551456342526,-2.01881557081785,-1.7132065281092177,-0.3056090427086322,119.22864674389743,110.1650375366211,101.10142832934477,196900.6,1.1478482036113653,2.95764725265333,-1.7543895733686865,-0.3354747105550504,-3.5310722033439546,-4.110138831841626,-8.922436020962653
2025-02-04,106.62654113769531,106.62654113769531,105.21114457392059,106.15474228310374,46012,106.53218383789063,109.78759803771973,112.06009585062662,42.599293500879824,-1.9355706218719035,-1.757679346861755,-0.17789127501014845,118.7764460643004,109.78759803771973,100.79875001113906,194651.2,0.23638179471793647,2.7520138274695154,0.8928554025299462,0.4843438559004598,0.4373265659709302,5.553206615500117,-0.34883693801571747
2025-02-05,110.40093231201172,110.40093231201172,107.09834031977205,107.57013917580629,233000,107.28706207275391,109.57528800964356,111.94214604695638,52.29336789509425,-1.5472014015628304,-1.7155837578019701,0.16838235623913977,118.27685092025317,109.57528800964356,100.87372509903395,198151.2,1.175869739875408,2.8883308070491007,3.539823325453506,-0.2891986256126744,1.6127918339116087,-1.94039499885863,-2.625435524009412
2025-02-06,110.87273406982422,112.28813067497092,110.87273406982422,110.87273406982422,206000,108.23065948486328,109.31579856872558,111.82419624328614,53.35384737487924,-1.1876549901383413,-1.6099980042692446,0.42234301413090325,117.49676673528121,109.31579856872558,101.13483040216995,195801.2,1.0520875255105688,2.754846481170447,0.4273530557505678,-0.21221627178528157,0.669296009715703,2.1623913089992675,-0.8388274763578507
2025-02-07,113.70352935791016,115.11892598892149,111.34453497289128,111.34453497289128,306042,109.45733642578125,109.19784889221191,111.73769976298014,59.21234008045102,-0.6666061264098744,-1.4213196286973706,0.7547135022874962,117.02983177735035,109.19784889221191,101.36586600707346,193853.3,1.5787298952352116,2.95369253956069,2.553193363395545,-0.07860262820782449,0.6933683495169651,0.8985590572072599,4.1087606379738295
2025-02-10,113.70352935791016,116.53432261993282,112.7599316039026,112.7599316039026,294466,111.06145324707032,109.10348892211914,111.666929880778,59.21234008045102,-0.25078030865783774,-1.187211764689464,0.9364314560316263,116.65149608980205,109.10348892211914,101.55548175443623,202676.6,1.4528860263098946,3.063119003089961,0.0,0.09726337705842081,-0.9631412824059216,5.0069237481567885,1.915277143670413
2025-02-11,117.47792053222656,120.78051267570281,116.53432277694763,116.53432277694763,717100,113.23172912597656,109.29220848083496,111.6197499593099,65.84556828812737,0.3789580787988598,-0.8739777959917993,1.252935874790659,117.48562547011079,109.29220848083496,101.09879149155913,225681.6,3.1774854485257107,3.5983009117169864,3.319502213898362,0.11422745347031693,0.5673032792007815,5.0069237481567885,1.915277143670413
2025-02-12,117.00611877441406,119.83691197056923,117.00611877441406,118.42151537249164,250000,114.55276641845703,109.5045181274414,111.63547655741374,64.434932629049,0.8303876372508654,-0.5331047093432664,1.3634923465941318,118.2759457842487,109.5045181274414,100.7330904706341,235131.6,1.0632343759834917,3.4959665496420778,-0.40160887737460405,-0.18895087172872138,-0.40326965645153257,1.1307976473220238,-0.7118504097210376
2025-02-13,117.00611877441406,118.8933142385175,116.5343199083882,117.00611877441406,142000,115.779443359375,109.6932373046875,111.6983829498291,64.43493262904899,1.174608657265935,-0.1915620360214261,1.3661706932873612,118.95123295330902,109.6932373046875,100.43524165606598,236781.6,0.5997087611537383,3.3443702537070417,0.0,0.16004999541816556,0.4708515817043901,1.2299727110229863,1.204465541971378
2025-02-14,114.64713287353516,117.94972517853411,114.64713287353516,117.47792627781998,269210,115.9681640625,109.62246780395508,111.75342636108398,57.31476845728934,1.242730425500909,0.09529645628304095,1.147433969217868,118.69524852212801,109.62246780395508,100.54968708578214,225392.1,1.1944074348657294,3.3387998605459632,-2.016121828147288,-0.7319906963362488,-1.0547307799725902,-0.8836560257359238,-2.465282165335936
2025-02-17,114.17533111572266,115.59072778244649,114.17533111572266,115.59072778244649,136000,116.0625244140625,109.83477745056152,111.7612897237142,55.982355974108366,1.244303403688562,0.3250978457641452,0.9192055579244169,119.13368425901332,109.83477745056152,100.53587064210971,214742.1,0.6333178263600849,3.0823461013696796,-0.41152512582494083,0.15391983887540484,1.523459828704521,2.117375975567648,-1.7141194967384865
2025-02-18,114.64713287353516,115.59073067496342,114.64713287353516,115.59073067496342,71000,115.49636688232422,110.0706771850586,111.80846977233887,57.05744569016975,1.2689923056988164,0.5138767377510794,0.7551155679477369,119.61578129551789,110.0706771850586,100.52557307459931,205042.1,0.34627035130834105,2.8600865624191583,0.4132256532142664,0.12581943498035653,0.6840120787098725,-0.49108227496846846,-1.5666567521186003
2025-02-19,115.59072875976562,117.94972322425063,115.59072875976562,115.59072875976562,182198,115.21328887939453,110.56606636047363,111.87137641906739,59.20355294865403,1.3491466180762473,0.680930713816113,0.6682159042601342,120.18051139677884,110.56606636047363,100.95162132416841,193902.0,0.939639611762643,2.919087067525334,0.8230435969744931,0.04493902906270719,-0.26210179244977594,0.694574634559797,1.1411376851697685
2025-02-20,117.94972229003906,118.89332006835939,117.00612451171875,117.00612451171875,205070,115.40200958251953,111.17940521240234,112.01291618347167,64.04178868032258,1.5847525106094196,0.8616950731747743,0.7230574374346452,121.04404904908537,111.17940521240234,101.31476137571931,197555.5,1.0380374122714882,2.9702209663344576,2.0408155183242904,0.07610438798688612,-0.49406348495265595,-1.2524993418689623,0.38599164719854695
2025-02-21,116.5343246459961,119.36511795723486,116.5343246459961,119.36511795723486,126110,115.77944793701172,111.83992385864258,112.10727602640787,59.483541210325775,1.638374950412782,1.017031048622376,0.6213439017904061,121.24842511592072,111.83992385864258,102.43142260136443,197561.0,0.6383344890945075,2.951630612321699,-1.2000008279481111,-0.16155224353523456,1.0336965036197743,-0.05514439042784147,-0.887310689373233
2025-02-24,116.0625228881836,117.00612063524198,116.0625228881836,116.0625228881836,38000,116.15688629150391,112.38249244689942,112.19377250671387,58.00156933970941,1.624079286382937,1.1384406961744882,0.4856385902084488,121.4259152582587,112.38249244689942,103.33906963554014,193961.0,0.1959156737694691,2.6838928969532576,-0.40486076462512566,0.24378228572174976,-0.6950599050789652,-0.05514439042784147,-0.887310689373233
2025-02-25,116.0625228881836,117.4779195087712,114.64712626759598,116.0625228881836,233000,116.4399642944336,112.92506103515625,112.24881579081217,58.001569339709405,1.594370953751195,1.2296267476898297,0.36474420606136526,121.44375232203132,112.92506103515625,104.40636974828118,203361.0,1.145745742792374,2.7034796095161853,0.0,-0.2236579215236012,-1.1864466763289783,-0.75409292054891,-1.8800379342664764
2025-02-26,118.42151641845703,119.36511415884314,115.59072319729869,115.59072319729869,264000,117.00612182617188,113.51480979919434,112.31958554585775,63.30318328292917,1.741107545087175,1.3319229071692988,0.40918463791787607,121.8281735199989,113.51480979919434,105.20144607838978,212611.0,1.2417043332659177,2.8462677897866215,2.0325196037192184,0.2403748003681816,0.5017241236141778,-1.4269792891849264,0.6386817815506873
2025-02-27,118.42151641845703,121.72410850980842,118.42151641845703,118.89331528865009,385000,117.10048065185546,114.12814826965332,112.39821866353353,63.30318328292917,1.836230429523198,1.4327844116400787,0.4034460178831192,121.95070192017255,114.12814826965332,106.3055946191341,229211.0,1.6796750592249063,2.9071110299952565,0.0,-0.0854219922061139,-1.4928761271182256,-0.41361998496789454,1.3297108548157466
2025-03-03,116.5343246459961,118.8933190720284,116.06252576078963,118.8933190720284,165000,117.10048065185546,114.57635726928712,112.45326182047526,56.66637708523546,1.7392859904146576,1.4940847273949944,0.24520126301966316,121.82281685997688,114.57635726928712,107.32989767859735,224761.0,0.7341131246079169,2.8969353341610593,-1.5936223665573679,0.010029005274558855,-1.288020531332612,0.7057592836216653,2.1752859087822873
2025-03-04,119.3651123046875,119.3651123046875,114.64712367604372,115.1189225389081,195128,117.76099853515625,115.26046562194824,112.61052805582682,62.94242839112828,1.869329265989748,1.5691336351139453,0.3001956308758027,121.48279217201369,115.26046562194824,109.0381390718828,223216.8,0.8741635934212838,3.139742440092089,2.4291449470279947,-0.048922726206168665,-0.7003312963471564,-1.7130771907591602,-1.3267563392547754
2025-03-05,117.47792053222656,119.83691492042388,117.47792053222656,119.83691492042388,133060,118.04407806396485,115.8030345916748,112.7363410949707,57.01403903995722,1.7993669129705978,1.615180290685276,0.1841866222853219,120.58000200880342,115.8030345916748,111.02606717454618,227569.2,0.58470126888876,3.035642699839453,-1.5810245858469574,-0.28611765666530786,1.2170685545562776,1.4854407688832838,-1.1256948393490673
2025-03-06,116.0625228881836,117.94971838230039,116.0625228881836,117.94971838230039,84000,117.57227935791016,116.0861141204834,112.80711097717285,52.983346024161705,1.6111382840094848,1.6143718893501178,-0.0032336053406329945,120.12993146340759,116.0861141204834,112.04229677755922,220119.2,0.38161141781362096,2.8825164057430985,-1.204820137801721,0.019216094991714172,-0.6841176310348751,2.2248349461879258,-0.6957721445572718
2025-03-07,114.64713287353516,116.06252957567756,114.17533397282102,115.59073067496342,178313,116.81740264892578,116.27483406066895,112.86215438842774,49.23488351765386,1.3323965560593507,1.5579768226919646,-0.22558026663261388,119.57884151570461,116.27483406066895,112.97082660563329,218734.85,0.8152016013909077,2.749806965358224,-1.2195065034145802,0.17315585352613017,-0.6135009415062398,-1.6800358355274048,-0.3184657667472113
2025-03-10,115.11892700195312,117.47792140773085,114.17532923964202,117.0061225265753,200376,116.5343231201172,116.3456039428711,112.87788098653158,50.49221100088124,1.1364611548775372,1.4736736891290791,-0.33721253425154196,119.47366221828547,116.3456039428711,113.21754566745672,213451.55,0.9387423047525305,2.823511659055637,0.4115184711495523,-0.09403841713142569,-0.5178931508299844,2.4660176340925766,-0.4153337838732285
2025-03-11,112.75992584228516,115.11892010676812,111.34452928359539,115.11892010676812,197254,115.21328582763672,116.29842376708984,112.82283770243326,44.550688479722105,0.7818169599623985,1.335302343295743,-0.5534853833333444,119.61693851657563,116.29842376708984,112.97990901760406,208590.95,0.9456498472249155,2.950296466962583,-2.0491861947496637,0.12063354165599005,-1.7278505202805272,-1.3833522045387014,-1.1870445217733616
2025-03-12,113.23173522949219,114.64713191986084,113.23173522949219,114.17533302307129,130200,114.36404876708984,116.08611450195312,112.78352114359538,45.92132564213511,0.5326894425842852,1.1747797631534516,-0.6420903205691664,119.62303040987248,116.08611450195312,112.54919859403375,179245.95,0.7263762444841849,2.8085510817109967,0.4184193840876871,0.006697012528866786,0.9390996671090779,0.0384301133949938,0.19481318446514795
2025-03-13,112.75992584228516,115.5907189596647,112.75992584228516,114.64712125387152,116050,113.70352935791016,115.87380485534668,112.76779441833496,44.73058919592229,0.2937963146893736,0.998583073460636,-0.7047867587712624,119.67787587635222,115.87380485534668,112.06973383434114,172548.45,0.6725647202278549,2.811516686466803,-0.416675931222632,0.11408531144070366,-1.4214677219695382,-3.8033037201285813,0.09720094597001072
2025-03-14,113.70352935791016,113.70352935791016,111.81633384989506,112.7599316039026,140005,113.51480865478516,115.70867538452148,112.76779441833496,47.65401619038772,0.17855444291626554,0.8345773473517619,-0.6560229044354964,119.5916923521523,115.70867538452148,111.82565841689068,172448.7,0.811864629887033,2.6882738626732423,0.8368252360726025,0.18871601352579148,0.029010047686051088,-0.3194834133745217,1.5862794604935004
2025-03-17,114.17533111572266,115.11892889353855,113.70353222681472,114.17533111572266,111202,113.32608947753906,115.68508529663086,112.79138450622558,49.10361895604442,0.1238670261341639,0.6924352831082424,-0.5685682569740785,119.60085075815499,115.68508529663086,111.76931983510673,164548.3,0.6758015731551162,2.5185572857339293,0.414940292950261,-0.12860909638311435,0.685450337057314,0.1602385385453431,2.7724603270576464
2025-03-18,116.0625228881836,116.0625228881836,114.64712626759598,114.64712626759598,183501,113.98660888671876,115.77944488525391,112.80711110432942,54.528007502038584,0.23015438200108917,0.5999791028868118,-0.3698247208857226,119.63247698643167,115.77944488525391,111.92641278407615,166923.35,1.099312948128587,2.4343752172975304,1.65288924850866,0.09233778296404704,0.691901155514496,0.23999849124787254,0.12404128529479586
2025-03-19,115.11892700195312,117.9497202888864,115.11892700195312,116.06252476426421,260501,114.36404724121094,115.8030345916748,112.80711110432942,51.56860550629533,0.23553250314340346,0.5270897829381301,-0.2915572797947267,119.63258291374683,115.8030345916748,111.97348626960277,176398.4,1.4767764333463342,2.487230959915629,-0.8130065267834552,0.0691720867479928,-1.3956737184071533,0.5387213314128614,0.526479637536692
2025-03-20,117.47792053222656,117.47792053222656,115.5907250216687,115.5907250216687,327004,115.30764617919922,115.89739418029785,112.89360758463542,57.74317386079762,0.4252438198078323,0.5067205903120706,-0.0814767705042383,119.79727099821605,115.89739418029785,111.99751736237965,183638.7,1.780692196143841,2.470132635963337,2.04917956734727,0.07308017918177256,1.8962383754100642,0.5387213314128614,0.526479637536692
2025-03-21,116.49484252929688,117.96946078916139,116.49484252929688,117.47792136920656,266106,115.86590881347657,115.82465019226075,113.01089935302734,54.61808745649963,0.49060978197722704,0.5034984286451019,-0.012888646667874815,119.61610863348365,115.82465019226075,112.03319175103785,186690.5,1.425385865911763,2.337397385816827,-0.836819377186715,-0.04847648711218122,-0.7514778753577311,-0.7938098761100632,-2.064083550797635
2025-03-24,113.54560852050781,117.9694633979302,113.54560852050781,117.9694633979302,196015,115.73996429443359,115.67521438598632,113.05544726053874,46.4893867455043,0.3009649051184766,0.46299172393977683,-0.1620268188213002,119.58271778025596,115.67521438598632,111.76771099171668,190185.75,1.0306502984582178,2.6155917180309016,-2.5316434142115485,-0.0372943476917964,-0.4613378578019911,-1.1602363928692405,0.6920514866298522
2025-03-25,114.03714752197266,114.52868695094668,113.05406866402463,113.54560809299863,95246,115.3348892211914,115.57394561767578,113.10818748474121,47.88161058047148,0.1881640255868149,0.40802618426918447,-0.21986215868236958,119.5436709454002,115.57394561767578,111.60422028995136,193048.05,0.4933797570086826,2.4634619272163882,0.4329000547617534,0.1100854006351959,0.753388228226104,0.5262042254117638,1.8119269145992378
2025-03-26,114.03714752197266,114.52868695094668,113.54560809299863,114.03714752197266,40000,115.11853332519532,115.47267684936523,113.17665430704753,47.88161058047148,0.09764294873909307,0.34594953716316623,-0.24830658842407316,119.49293736625732,115.47267684936523,111.45241633247313,183398.05,0.21810482717782442,2.2660775179806087,0.0,0.10299623953369252,-0.05791891930048143,1.0670518293484532,0.767104552212472
2025-03-27,112.56253051757812,113.54560938672728,112.07099108300355,113.54560938672728,129015,114.13545532226563,115.17972755432129,113.23627090454102,43.90700891244328,-0.09202412832965479,0.25835480406460204,-0.3503789323942568,119.14878578919993,115.17972755432129,111.21066931944264,176648.8,0.7303474464587363,2.2260880407790755,-1.2931023236181893,0.1307340140583202,-1.3860075941006245,-0.35857851148682895,-0.7612648548564693
2025-03-28,109.12174987792969,112.56252577498152,108.63021046406514,112.56252577498152,175061,112.66083679199218,114.71473922729493,113.21495119730632,36.32920755450028,-0.5140532097847625,0.10387320129472914,-0.6179264110794916,119.22658039993658,114.71473922729493,110.20289805465328,166151.85,1.0536205284503302,2.45358564247693,-3.0567726434607034,0.06920720797163327,-1.5892536377484667,-2.1853339576962227,-0.867680294273121
2025-03-31,104.20635986328125,107.15559646318543,103.22328099664652,107.15559646318543,328000,110.79298706054688,114.09834098815918,113.08025499979655,28.706971109105282,-1.2309555031499144,-0.16309253959419956,-1.0678629635557149,120.52543145081182,114.09834098815918,107.67125052550654,174301.85,1.8817929930175725,2.9129034076510942,-4.504500725242311,0.22469010496022346,-4.198467002028805,-4.613162229950674,-3.3447893515623495
2025-04-01,106.17251586914062,106.66405529446072,104.69789759318034,105.18943701850043,56000,109.22006072998047,113.43871116638184,112.95473810831706,34.61633117267469,-1.6217587524341184,-0.45482578216218333,-1.166932970271935,120.28419649849633,113.43871116638184,106.59322583426734,167345.45,0.3346371233875794,2.8522090107882114,1.8867907951481744,0.1606192017939545,2.823117236854644,1.2144800170112102,-2.166886656382805
2025-04-02,107.15559387207031,108.63021213636486,105.18943618634425,106.17251502920728,267250,107.84375,112.92259483337402,112.83774248758952,37.40986517231121,-1.8310398762557298,-0.7300686009808928,-1.100971275274837,120.0370428321102,112.92259483337402,105.80814683463784,174054.95,1.5354346429101844,2.9306846026858646,0.9259251274984726,-0.10711050560909818,0.08482442253172628,2.014150454450192,1.3884318852173116
2025-04-07,96.44003295898438,96.44003295898438,96.44003295898438,96.44003295898438,26010,104.61925048828125,111.94147033691407,112.534290822347,24.914509338604717,-2.828942597373498,-1.1498434002594138,-1.679099197114084,122.02518937989623,111.94147033691407,101.8577512939319,171155.45,0.15196711527444787,3.9686681107392077,-10.000001423984372,0.39779856690886906,-9.69973559080869,-11.346345580602769,-11.19459036521453
2025-04-08,88.47709655761719,93.19587804080867,86.80586551164743,91.32802672453302,638251,100.49031982421874,110.63296852111816,112.07453371683756,19.65945720277162,-4.213756549385366,-1.7626260300846042,-2.4511305193007615,125.08433369653702,110.63296852111816,96.1816033456993,194152.35,3.2873720045108903,4.724068022285573,-8.25687855659879,-0.5500181172965579,-4.016151985134908,7.459090562138915,11.463611516084748
2025-04-09,79.62938690185547,89.85340844857274,79.62938690185547,88.87032959793254,797000,95.57492523193359,108.85849151611328,111.46731478373209,15.697589588805357,-5.956504928208872,-2.601401809709458,-3.3551031184994144,128.70061664218048,108.85849151611328,89.01636639004609,223983.55,3.5582970267236145,5.457395158876466,-9.999999999999998,0.3050360677505859,-5.786524331497223,-6.59176631917584,-5.426933543819135
2025-04-10,87.59232330322266,87.59232330322266,87.49401691910316,87.59232330322266,119000,91.85888671875,107.60011138916016,111.00067469278972,29.47316900025497,-6.618805683836641,-3.4048825845348945,-3.2139230993017462,129.4872884810328,107.60011138916016,85.7129342972875,220070.85,0.5407349496764338,5.7914673245418955,9.999997125661197,-1.489084234874749,9.247307649849002,11.708099988660026,11.396457262637494
2025-04-11,90.24664306640625,90.24664306640625,82.57862489725666,87.00247980246684,240017,88.47709655761719,106.45085678100585,110.60972658793132,33.38097360821145,-6.8505336943584325,-4.094012806499602,-2.75652088785883,129.47712291639672,106.45085678100585,83.42459064561498,225561.7,1.0640857911604673,6.041674103822922,3.030310948591919,0.6081981557515048,2.7828390478427556,-4.498685200822649,-4.466860813439377
2025-04-14,90.9347915649414,94.37556746199324,90.24663938564953,91.81956400995684,192015,87.3760482788086,105.35960006713867,110.24597434997558,34.39587357160531,-6.899123181985431,-4.655034881596769,-2.244088300388662,129.18183439918874,105.35960006713867,81.53736573508858,229359.95,0.8371775456002671,5.786641300159028,0.7625197737591183,-1.2941415741642648,-0.08029019685500405,1.6537287448687765,4.37406573323722
2025-04-15,94.473876953125,94.57218333907318,91.03310094286334,91.03310094286334,136100,88.57540435791016,104.39811744689942,109.9333433787028,39.50056865714836,-6.576249180561888,-5.0392777413897925,-1.5369714391720954,128.3542544074182,104.39811744689942,80.44198048638063,229164.7,0.5938960057984497,5.500074696688727,3.8918936605865984,-0.01606647441906306,1.76589192631309,0.9366459216967549,-1.4450838010078626
2025-04-16,93.09756469726562,94.47387659623028,92.7043391549584,94.37557021065348,82000,91.26903991699218,103.34422912597657,109.55059407552083,38.25397242759827,-6.358133499793652,-5.303048893070565,-1.0550846067230877,127.34380517179245,103.34422912597657,79.34465308016068,227704.6,0.3601156937541007,5.002669776885776,-1.45681780005944,0.45493231013253865,-1.9623144276647686,-0.3662993412938409,-0.8064554304743066
2025-04-17,92.21279907226562,92.90095126671532,90.73818079819078,91.42633299264048,95001,92.19313507080078,102.15174293518066,109.2553217569987,37.436056800552855,-6.185367378111479,-5.479512590078747,-0.7058547880327319,125.85879989836253,102.15174293518066,78.4446859719988,223279.6,0.4254799811536746,4.6502316598443185,-0.9503638767319855,-0.3851900465324021,-0.6640103310560974,2.1568668633551003,3.4368084790834974
2025-04-18,91.42633056640625,92.6060221542414,91.42633056640625,92.21279662516048,59000,92.42907257080078,100.96711311340331,108.94694163004557,36.68519404265084,-6.04225901682662,-5.592061875428322,-0.4501971413982977,124.31093349879004,100.96711311340331,77.6232927280166,213204.55,0.27672955384863973,4.18749298357643,-0.8528843216688786,-0.3851900465324021,0.2911195655576959,0.9356979101278418,-1.7506190356707196
2025-04-21,88.47709655761719,91.13140645422713,88.18216990230657,91.13140645422713,156006,91.93753356933594,99.51707191467285,108.66017748514811,33.93636125910416,-6.096545959349285,-5.692958692212515,-0.4035872671367704,122.13414802409312,99.51707191467285,76.89999580525259,204654.65,0.7622890562222749,4.06171534097953,-3.225803759724255,-0.3851900465324021,-1.4891964002938463,-3.0900890957481497,-2.1090991712789053
2025-04-22,86.60924530029297,88.96863604349466,86.01939948956665,88.96863604349466,284025,90.36460723876954,98.02279205322266,108.34228248596192,32.28632367472672,-6.218604536447316,-5.798087861059475,-0.4205166753878409,119.85221436416086,98.02279205322266,76.19336974228446,205550.6,1.3817765552618186,3.913384836039327,-2.1111127399030982,0.19087153159529358,-1.6370054958029567,-0.4905513298122721,-1.040111263039556
2025-04-23,90.24664306640625,90.34494945312939,88.87033115139266,88.87033115139266,123000,89.79442291259765,96.85784378051758,108.1243273417155,38.552020270236355,-5.953204402843326,-5.829111169416246,-0.12409323342708056,117.6619731528356,96.85784378051758,76.05371440819957,201899.85,0.6092129340363551,3.8896940782789393,4.199780004434439,0.40997828226332356,4.500035126970481,2.267687170921495,3.5660540249689676
2025-04-24,90.83648681640625,93.09756366068295,89.65678770173042,93.09756366068295,45007,89.51916046142578,95.69781074523925,107.88474960327149,39.52918915490173,-5.630373977337712,-5.789363731000539,0.1589897536628273,115.00186417698762,95.69781074523925,76.39375731349088,199387.9,0.22572583391469594,3.829838329035418,0.6535907929184459,-0.12526095055448438,-0.8163803151391757,3.205586473238875,3.5157696161917107
2025-04-25,91.5246353149414,92.50771412068792,91.22971617339509,92.40940774017248,92000,89.53882141113282,94.57218513488769,107.65664100646973,40.71371923880298,-5.258385313855172,-5.683168047571466,0.4247827337162944,111.89764090756988,94.57218513488769,77.2467293622055,201987.9,0.4554728278278055,3.5420235257349186,0.7575683765995933,-0.2987707483269153,2.022299672390404,3.689873494306739,2.801123590229726
2025-04-28,92.90094757080078,93.39248697593729,91.62294211732741,91.62294211732741,65000,90.42359161376953,93.58910598754883,107.42788111368814,43.11380458787066,-4.797225294262049,-5.505979496909583,0.7087542026475342,108.70706916163255,93.58910598754883,78.47114281346512,198787.15,0.32698290608824565,3.3188006104363805,1.5037615294760887,0.25712712450653985,0.8135756068057276,-0.8783926472697101,-0.5790187537825342
2025-04-29,94.57218170166016,94.86710835469485,92.11448459402558,92.70433790009496,204200,92.01617889404297,92.86162757873535,107.23483835856119,45.97390362066041,-4.247930530076232,-5.254369703542913,1.0064391734666813,106.11816332498452,92.86162757873535,79.60509183248618,200244.1,1.0197553885482769,3.243310363800765,1.7989419640587645,-0.2862987748134538,0.9894012430566201,-0.8783926472697101,-0.5790187537825342
2025-04-30,93.58910369873047,97.32480633598796,93.58910369873047,94.8671092062913,243001,92.6846710205078,92.33076477050781,107.00182100931804,44.55483186283011,-3.8475840964882906,-4.9730125821319895,1.125428485643699,104.47840677200864,92.33076477050781,80.18312276900699,195994.15,1.2398380257778103,3.3089626669283283,-1.0395001841354667,-0.32134330087744134,0.011854303657643506,0.6135008912030449,4.248031791155338
2025-05-02,95.85018920898438,97.81634693634815,94.7688039589936,96.34172864082532,225276,93.68741149902344,91.8146484375,106.83794174194335,48.49282031228767,-3.309703754865069,-4.640350816678605,1.3306470618135364,102.241329626709,91.8146484375,81.38796724829099,204457.95,1.1018206922254674,3.431400076353576,2.4159708992752993,0.248493598366184,2.730963815359244,3.133904990423808,-2.0886019196037386
2025-05-05,92.31110382080078,97.8163437796995,91.1314047222749,96.2434191486279,269100,93.8447052001953,91.07242393493652,106.59935111999512,43.307958535775576,-3.132890312994107,-4.338858715941706,1.2059684029475992,98.61575001730837,91.07242393493652,83.52909785256468,204550.45,1.315567870909108,3.8652052738297127,-3.6923092352663445,-4.382525588739094,-1.2250086251671455,3.133904990423808,-2.0886019196037386
2025-05-06,92.99925994873047,93.7857260477818,92.11448746237188,92.31110773728301,340006,93.86436767578125,90.90038528442383,106.30932324727377,44.549456945195914,-2.9037631638530286,-4.051839605523971,1.1480764416709421,98.0762648273945,90.90038528442383,83.72450574145317,220250.25,1.5437258300501362,3.572676382040406,0.7454749206179612,-5.0295889599485495,-0.05065209940824378,3.133904990423808,-2.0886019196037386
2025-05-07,92.21279907226562,95.65357504510693,91.42633299264048,93.68741734634047,332000,93.39249114990234,91.08717041015625,105.99832433064779,43.380251152885414,-2.7538938928325365,-3.792250462985684,1.0383565701531476,98.19158345388395,91.08717041015625,83.98275736642854,204937.7,1.6200045184463374,3.6599518047638786,-0.8456635858160699,2.8038417507629143,0.11645894015797076,2.7373142811993656,0.0
2025-05-08,96.04679870605469,96.04679870605469,92.70433668376366,93.19587609884131,517293,93.88403015136718,91.90804100036621,105.7040454864502,50.236951202627814,-2.2992454174819272,-3.493649453884933,1.194404036403006,96.92560576298123,91.90804100036621,86.89047623775119,190952.35,2.7090161498405227,3.6831581819672365,4.157773836562995,1.3780265518076762,-0.015038304424519477,-1.9555086123559384,-0.9372936922865116
2025-05-09,98.3078842163086,102.73173900604247,98.11127144799451,101.74866016387939,426404,94.37556915283203,92.44381904602051,105.44745140075683,53.790999998251365,-1.736465626375221,-3.142212688382991,1.4057470620077699,97.79815233021334,92.44381904602051,87.08948576182767,206322.55,2.066686360749225,4.08339579770331,2.354149790222393,-0.40045240590582676,1.809041662083355,1.221641138979468,3.327893581040975
2025-05-12,100.76557922363281,101.2571186344798,99.78250040193883,100.76557922363281,203250,96.06646423339843,92.96976585388184,105.16891237894694,57.356079467422134,-1.079697064366897,-2.7297095635797723,1.6500124992128753,99.37813066109125,92.96976585388184,86.56140104667243,204484.2,0.9939643258501145,3.9321742804323625,2.499997865803416,-0.07465812307537734,1.0255778120184855,2.044325031414429,2.0524152554168396
2025-05-13,103.22327423095703,104.20635303315662,102.73173482985723,102.73173482985723,189100,98.11126708984375,93.58418998718261,104.93919830322265,60.62738834090846,-0.3567751184556869,-2.2551226745549555,1.8983475560992686,101.3777350356426,93.58418998718261,85.79064493872262,204338.45,0.9254254399991778,3.866654217644555,2.439022358884846,0.48501607250679424,0.9493892029855955,2.8240447648846034,2.784647773787041
2025-05-14,103.22327423095703,105.18943183535622,102.73173482985723,105.18943183535622,255190,100.31336212158203,94.02165985107422,104.70948422749838,60.62738834090846,0.21368253282466299,-1.761361633079032,1.975044165903695,102.92824748437869,94.02165985107422,85.11507221776975,210292.95,1.2134976469729488,3.6787932560251457,0.0,0.10495309053717428,2.1224825639188705,-2.1830983115246116,-1.745935701446777
2025-05-15,103.7148208618164,104.20636029718047,102.73174199108828,103.22328142645235,92300,101.84696655273437,94.55252265930176,104.52727902730307,61.31573137210611,0.6973988565707003,-1.2696095351490857,1.967008391719786,104.43894932082449,94.55252265930176,84.66609599777902,210807.95,0.4378392750368285,3.384903262700751,0.4761974801918756,-0.2803567472373425,-0.2415620287910758,-2.2798132016848105,-2.420343638428313
2025-05-16,104.6978988647461,105.18943829603597,104.2063594334562,104.6978988647461,100095,103.12496948242188,95.17677764892578,104.36932182312012,62.71951504838257,1.1468534938524897,-0.7863169293487706,1.9331704232012603,105.97572758501018,95.17677764892578,84.37782771284138,211062.65,0.47424307427202306,3.1301984855699265,0.9478664618622679,-0.5692240792755765,0.5220347355644694,-0.5402775850749442,-2.0408161674034364
2025-05-19,101.7486572265625,104.69789366791214,101.7486572265625,104.69789366791214,97001,103.32158508300782,95.6928939819336,104.1543472290039,56.13794687309269,1.250653623219847,-0.37892281883504714,1.6295764420548942,106.72135949680155,95.6928939819336,84.66442846706563,212962.7,0.4554835189448668,3.1060709059184157,-2.816906232276517,0.1180119416830605,-1.4643102104449635,2.765434525666466,-0.3205121827184465
2025-05-20,101.7486572265625,102.73173604034572,101.2571178196709,102.73173604034572,48005,103.0266616821289,96.35647201538086,103.92364603678385,56.13794687309267,1.3177260479581463,-0.03959304547640846,1.3573190934345547,107.15146417828728,96.35647201538086,85.56147985247443,207562.65,0.23127956787986664,2.8885438812192707,0.0,-0.18806606512049573,0.010217599479345196,-0.7688669112684177,0.1929240628210538
2025-05-21,102.73173522949219,103.22327463250411,101.74865642346833,102.73173522949219,152000,102.92835388183593,97.16259651184082,103.67001291910807,57.84793288663794,1.4336810242921416,0.25506176847730155,1.17861925581484,107.27944159292656,97.16259651184082,87.04575143075508,200961.4,0.7563641574949219,2.700020458261472,0.9661827779610777,0.0016576947628355043,1.2909062583843056,0.6295522660473729,-1.0911419276713241
2025-05-22,101.25711822509766,101.74865763395736,100.76557881623796,101.25711822509766,70001,102.43681335449219,97.71312026977539,103.4153928120931,54.4206996198449,1.3905574296244367,0.4821609007067286,0.9083965289177081,107.43599943199322,97.71312026977539,87.99024110755755,198311.45,0.3529851655060764,2.602171918927173,-1.4354055259559129,-0.41198726278828257,-0.6097494339192711,0.048113065163679636,0.0
2025-05-23,100.76557922363281,102.73173686702077,100.76557922363281,102.24019745617377,20050,101.65034942626953,98.20957489013672,103.16044375101725,53.28740246257072,1.3017132407551202,0.646071368716407,0.6556418720387132,107.45634815864392,98.20957489013672,88.96280162162952,197063.6,0.10174380250842875,2.5173700155219447,-0.4854364908668862,0.08260363716483532,-0.08638612371177912,-1.250601723197442,-0.2595744152807056
2025-05-26,99.29096221923828,101.25711988694596,98.79942280231135,100.76558047001905,79400,101.15881042480468,98.59789123535157,102.88091773986817,49.92823372803174,1.099638366039656,0.7367847681810569,0.36285359785859916,107.29881151551564,98.59789123535157,89.8969709551875,196433.6,0.4042078340976289,2.5094136247369656,-1.4634134153309053,-0.25093902970623194,-0.5342168783596057,0.26790190245054024,-0.9108586939837293
2025-05-27,100.27404022216797,100.76557963502174,99.29096139646045,99.7825008093142,58020,100.86388702392578,98.96654586791992,102.57845980326334,52.0962866207181,1.0072082807721756,0.7908694706992806,0.21633881007289502,107.26670120857237,98.96654586791992,90.66639052726747,196084.6,0.2958926912159343,2.371440906580209,0.9900981730431857,-0.1885106866633124,-0.9287980727548772,1.0930318688923357,3.1188421564385393
2025-05-28,101.25711822509766,102.24019704281706,100.27403940737827,101.25711822509766,82488,100.56896362304687,99.3007926940918,102.29238650004069,54.23049988357376,1.001735567126559,0.8330426899847364,0.16869287714182268,107.39161420214003,99.3007926940918,91.20997118604356,189999.0,0.4341496534192285,2.3174031370946864,0.9803913363334749,0.16646820635146664,0.09927402266578511,1.3214802776898793,-0.22285930696740452
2025-05-29,103.22327423095703,103.22327423095703,101.25711662655785,101.74865602765765,102190,100.96219482421876,99.78250122070312,102.07053565979004,58.23792471812949,1.1428763923203036,0.8950094304518499,0.2478669618684537,107.58348932737161,99.78250122070312,91.98151311403464,182958.45,0.5585421170763089,2.270570399401953,1.9417459634675227,-0.049388342657963324,-0.04878761184228253,2.5136320470837026,2.2335628659406748
2025-06-02,97.42311096191406,102.240198749195,96.8332651614972,102.240198749195,240019,100.293701171875,99.86114730834962,101.70483563741048,45.563843281859256,0.7777414915391034,0.8715558426693006,-0.0938143511301972,107.52573661427688,99.86114730834962,92.19655800242235,183695.6,1.3066126788012342,2.8198288887430043,-5.619046007071415,0.07001895010041448,-1.6142080316433494,-2.9784252837181113,-4.000002793845403
2025-06-03,99.29096221923828,99.29096221923828,98.30788338538443,98.30788338538443,49019,100.293701171875,100.21014022827148,101.40171966552734,49.384032699903024,0.6318063676761341,0.8236059476706674,-0.19179957999453334,107.0146154900601,100.21014022827148,93.40566496648287,172691.55,0.2838529157911896,2.6928985378871664,1.917256838630843,0.38934277980975374,0.5914415066209822,0.0,-1.8229114246696043
2025-06-04,100.27404022216797,101.2571190478755,98.79942198360668,98.79942198360668,63000,100.293701171875,100.57387924194336,101.13857828776041,51.32034457892991,0.5886918364767126,0.7766231254318765,-0.18793128895516387,106.47285978627471,100.57387924194336,94.67489869761201,158841.25,0.39662241388808006,2.6615383414047216,0.9900981730431857,-0.0713650479945871,2.324806129025947,0.4592787383701946,2.2877912664048816
2025-06-05,99.78250122070312,101.74865888022437,98.7994223909425,101.25711946534406,69000,99.9987777709961,100.95236434936524,100.89083442687988,50.28454207593637,0.5089928180529029,0.7230970639560819,-0.214104245903179,105.38059822528649,100.95236434936524,96.52413047344399,145691.25,0.4736042830300378,2.6998980944550084,-0.49019566816673743,-0.07976061250243305,0.26061434732305155,-1.0827807253798283,-2.3014565469425596
2025-06-06,100.76557922363281,100.76557922363281,99.29096099109184,100.27403981278582,38015,99.50723876953126,101.18830337524415,100.65161196390788,52.3556991194501,0.5191722560679182,0.6823121023784491,-0.1631398463105309,104.9719505271482,101.18830337524415,97.4046562233401,121727.35,0.31229629167151013,2.536527446199804,0.9852208462436396,0.011020349999935064,-0.06352892070761174,1.2649055736691395,0.4313270599146435
2025-06-09,103.7148208618164,103.7148208618164,101.74866312036018,102.24020255572424,222023,100.76558074951171,101.45865020751953,100.5008602142334,58.007655142738045,0.7564982455237441,0.6971493310075081,0.05934891451623603,105.14720035179302,101.45865020751953,97.77010006324603,111508.3,1.9910894525340266,2.5915560051309763,2.9268344020910497,-0.09216583404251244,0.5984531649308789,1.1770303926861292,1.5196516552920647
2025-06-10,99.29096221923828,100.76558047001905,99.29096221923828,100.27404105309212,349000,100.76558074951171,101.38491935729981,100.26851399739583,48.6792524857417,0.5809159438886269,0.6739026535837319,-0.09298670969510503,105.18894656824753,101.38491935729981,97.58089214635208,118795.8,2.937814299832149,2.8358630234572626,-4.265406434507768,-0.013037526208137251,2.073637303314224,0.7122605187238173,0.423045797204713
2025-06-11,98.79942321777344,99.78250205576123,98.01295714726467,99.78250205576123,119001,100.47065734863281,101.16372680664062,100.03583895365396,47.76022237863342,0.3975202493979566,0.6186261727465769,-0.22110592334862034,105.03160200490512,101.16372680664062,97.29585160837613,115290.85,1.03218078451152,2.693687274795835,-0.49504908652159285,-0.08323425859342315,1.0248967858730973,2.003763964828642,2.4627282092946734
2025-06-12,98.3078842163086,99.29096305847168,98.3078842163086,99.29096305847168,95000,100.17573394775391,100.9179573059082,99.77924486796061,46.8085322919345,0.21009293024256692,0.5369195242457749,-0.326826594003208,104.8587888096007,100.9179573059082,96.97712580221571,107281.35,0.8855220408766294,2.4656061504448012,-0.4975120152082235,-0.2723416236173337,-0.8112082280176014,-1.1093219543732435,-2.4667992046464526
2025-06-13,95.16203308105469,98.30788231501674,95.16203308105469,98.30788231501674,286000,99.05502471923828,100.49031791687011,99.46235656738281,41.15618104024949,-0.19009714461731164,0.39151619047315767,-0.5816133350904693,104.97230374221007,100.49031791687011,96.00833209153015,116966.35,2.4451476856377923,2.556305481752682,-3.1999988203713525,-0.9470802353383045,-0.9640740581055907,-2.734276123599755,-3.177688338571405
2025-06-16,94.27725982666016,94.67049285258634,93.29418101199279,94.57217897088269,90000,97.16751251220703,99.96928596496582,99.09926884969076,39.704012515633146,-0.5720502304607322,0.1988029062863797,-0.7708531367471119,104.80093171181346,99.96928596496582,95.13764021811818,116461.6,0.7727869100201268,2.46451169339391,-0.9297544679829683,-0.06841860324496851,-0.10442115322505385,0.14416104954702025,1.2391225699137198
2025-06-17,94.86711120605469,95.55526341675719,94.27726538255304,94.27726538255304,57000,96.28274230957031,99.62520866394043,98.76173858642578,41.19371984898417,-0.8177284614067588,-0.004503367252248008,-0.8132250941545108,104.88450708346477,99.62520866394043,94.36591024441609,114461.55,0.49798382076776,2.3063106129543263,0.625656049485368,-1.694628077349214,0.7332888142830063,1.1276319585431072,1.1247016797123477
2025-06-18,96.63665008544922,97.32480225277465,94.57217858288075,94.86710522618942,130000,95.85018768310547,99.36960830688477,98.4143840789795,45.5406919760061,-0.8597327663682393,-0.17554924707544625,-0.684183519292793,104.69090340231499,99.36960830688477,94.04831321145456,118561.3,1.096479205271872,2.3658190205462684,1.8652817155473622,2.213760753044025,0.6534454580739535,0.8778247307904552,1.341192102518618
2025-06-19,95.55525970458984,96.93157157282391,95.26034055444444,96.93157157282391,61000,95.29966278076172,99.01078453063965,98.06539103190104,43.427982049123464,-0.9691093574309235,-0.33426126914654175,-0.6348480882843818,104.34532204540764,99.01078453063965,93.67624701587167,114011.3,0.5350346851584009,2.2732072869240287,-1.1190271805812557,-0.3555156620861588,-1.579973732043427,-2.0931286284358697,-0.9683727326785574
2025-06-20,93.78572082519531,95.3586454354109,93.29418141573443,95.26033905357795,85001,95.02440032958984,98.63721466064453,97.7360595703125,40.145939802032245,-1.1849190831732557,-0.5043928319518846,-0.6805262512213711,104.34291479411127,98.63721466064453,92.9315145271778,114761.3,0.7406765172579954,2.271590087181547,-1.8518487468560885,0.1001978324495223,0.19197052457564645,-0.8647704562750547,2.9009206779375685
2025-06-23,91.9178695678711,92.70433562311572,90.7381779853003,91.42633015841723,117000,94.55252227783203,98.19482917785645,97.36740493774414,36.969874945977594,-1.489499805257367,-0.701414226612981,-0.7880855786443859,104.5416788898601,98.19482917785645,91.8479794658528,119608.8,0.978188895800309,2.37505045421001,-1.991615824764681,-0.1295159830334014,-1.423044541892171,-0.6299917910087438,-1.2987088586047024
2025-06-24,93.19587707519531,94.37556868362205,92.40941100271327,92.40941100271327,87000,94.21827545166016,97.8900749206543,97.02005043029786,40.44176037525364,-1.6092077515451848,-0.8829729315994219,-0.7262348199457629,104.59078018364123,97.8900749206543,91.18936965766737,119988.8,0.7250676729828117,2.386070275748803,1.3903798176921,0.4770922482972173,2.101692545040379,1.2435955717936098,0.44930264244946727
2025-06-25,93.39248657226562,95.35864418431332,93.39248657226562,93.68741321419121,128031,93.56944274902344,97.54599723815917,96.70054969787597,40.98036429732066,-1.66897353019192,-1.0401730513179217,-0.6288004788739983,104.43534238636357,97.54599723815917,90.65665208995478,123489.35,1.0367776654424046,2.3562965201980304,0.2109637284830601,-0.727242575527054,1.0899645222608445,0.8670555778443667,1.5654895979298589
2025-06-26,93.58910369873047,94.76880282116271,93.29418454334471,93.68741758415547,106200,93.17621154785157,97.16259651184082,96.441672261556,41.549631869570995,-1.6810943719755898,-1.1683573154494553,-0.5127370565261344,104.03579815416941,97.16259651184082,90.28939486951222,124674.95,0.8518150598817165,2.238739421214026,0.21052777764163366,-0.3944568587657682,0.27520638301874456,1.1461285328474569,0.0943683278643137
2025-06-27,94.57218170166016,94.86710835469485,93.68741674314879,93.7857231273949,103300,93.33350372314453,96.73004188537598,96.28110262552897,44.435450518315974,-1.5930108104957412,-1.2532880144587124,-0.3397227960370288,103.06508466349442,96.73004188537598,90.39499910725755,124730.45,0.8281859000749215,2.1106414525140735,1.050419294637428,-1.7820919230510768,0.39008940370151013,2.148256806151494,5.311119930289476
2025-06-30,93.39248657226562,95.75187720678207,92.9009471692537,95.75187720678207,90000,93.62842712402343,96.52851066589355,96.06810213724772,41.77033386800777,-1.599952237772385,-1.322620859121447,-0.27733137865093793,103.02510535813529,96.52851066589355,90.0319159736518,117229.5,0.7677248474146866,2.2093465971826465,-1.2474018344168392,0.957698278482022,-1.4351611940869091,-0.4391116443399512,1.1936786146927947
2025-07-01,93.88402557373047,94.37556497464004,93.49079255294359,93.49079255294359,48212,93.76605682373047,96.25816383361817,95.84690933227539,43.29638902586018,-1.547946515575731,-1.3676859904123038,-0.18026052516342728,102.72064978109222,96.25816383361817,89.79567788614412,117189.15,0.41140327410856725,2.045844171208216,0.526315359517171,0.3835740796985343,1.3376209140048223,-1.717725824914318,-3.5092874054519663
2025-07-02,94.37556457519531,94.57217733460857,93.39248577753703,93.58909853695029,27012,93.96267242431641,95.96324005126954,95.8125015258789,44.85283414653128,-1.4503497870646385,-1.3842187497427707,-0.06613103732186776,102.18806316019956,95.96324005126954,89.73841694233951,115389.75,0.2340935828355638,1.9303571559899917,0.5235597839579498,0.06608253165516498,0.10649919614669212,-0.7557921709203441,-1.8643016915857236
2025-07-03,95.26033782958984,95.45695059072948,94.37556540386936,95.16203144902002,81005,94.29691925048829,95.73713188171386,95.92555554707845,47.63889492344511,-1.2867767083983779,-1.3647303414738923,0.0779536330755144,101.70087894770981,95.73713188171386,89.77338481571792,115990.0,0.6983791706181567,1.8171610039292148,0.9375024757489747,-0.8820979000624507,0.5989548437806524,2.64160961084583,1.6817172167155503
2025-07-04,93.78572082519531,95.75187846303884,92.9009483881065,95.26033905357795,90155,94.1396270751953,95.388138961792,96.16149444580078,43.678261339181645,-1.261590305709575,-1.344102334321029,0.08251202861145401,100.91370874612,95.388138961792,89.862569177464,118597.0,0.7601794311829135,1.9549968800629645,-1.547986326725459,-0.17605120273233021,-0.7285295494271593,-1.2056576605923408,-0.8269516205805627
2025-07-07,91.6229476928711,93.29418627221301,91.52464130592077,93.29418627221301,110002,93.78571929931641,94.78354530334472,96.22867151896159,38.60834715510759,-1.400009182469745,-1.3552837039507721,-0.044725478518972794,98.95257878562296,94.78354530334472,90.61451182106649,112995.95,0.9735039176182864,1.9958078986245087,-2.3060793405377256,-0.05568275052999505,-0.526795861514584,-2.0887191463797583,-2.038297252571064
2025-07-08,90.9347915649414,91.13140433036874,89.16524667491053,90.44325215107686,113012,93.1958724975586,94.36573677062988,96.24014066060384,37.13149048941982,-1.5473981453221768,-1.3937065922250533,-0.15369155309712346,98.30110432579582,94.36573677062988,90.43036921546394,101196.55,1.1167574388652577,2.0573936478693153,-0.7510739888400564,0.57887679791917,-0.2962771383824059,1.7018188488238994,3.02648191246373
2025-07-09,91.03309631347656,91.52463571851726,90.44325052748695,90.44325052748695,53000,92.52737884521484,93.97742042541503,96.24177907307943,37.4992926438365,-1.6373976873282743,-1.4424448112456976,-0.19495287608257672,97.59017370551223,93.97742042541503,90.36466714531784,97896.5,0.5413880986552124,1.9272591869574476,0.10810466142099351,0.13347628020465852,0.7366883497436749,1.4848119494173195,0.5201955547422754
2025-07-10,91.6229476928711,91.72126158011798,90.44325604887398,91.52464130592077,66000,91.79990081787109,93.64317359924317,96.19426358540854,39.775981195845056,-1.6421966750186385,-1.4823951840002858,-0.15980149101835273,96.77377438693422,93.64317359924317,90.51257281155212,96446.5,0.6843172121331516,1.840692032862322,0.6479526713705885,0.3384095530795994,0.7379596142790046,-1.0218347230120495,-1.6133902279271362
2025-07-11,92.01617431640625,92.11448069649283,90.93478913486169,92.11448069649283,54000,91.44599151611328,93.48588066101074,96.17624041239421,41.31081641983583,-1.5958735680550689,-1.5050908608112423,-0.09078270724382653,96.61127789248789,93.48588066101074,90.36048342953359,84846.5,0.6364434596595028,1.752558636698165,0.4291791886605667,0.12805520532523929,0.25461005750608834,1.7831991301958006,3.0012322579103357
2025-07-14,90.9347915649414,92.01617677538417,90.54155853379052,91.62294374423328,70100,91.30836029052735,93.31875724792481,96.15494028727214,38.41163107393417,-1.627658093279635,-1.5296043073049208,-0.09805378597471415,96.61857166686046,93.31875724792481,90.01894282898915,83851.5,0.8360017411733839,1.7154999173508958,-1.1752094232329258,-0.10259100165578294,-0.5980326954644122,-2.097744442073457,-0.0901162268067246
2025-07-15,91.22972106933594,92.01617965596165,90.44325498241375,92.01617965596165,60000,91.36734619140626,93.13688774108887,96.15166346232097,39.65549647476443,-1.6104845489508222,-1.5457803556341012,-0.06470419331672095,96.47807643667507,93.13688774108887,89.79569904550267,84001.5,0.7142729594114391,1.6964898848438301,0.3243307641871196,0.45562082851131613,0.9770905870307711,0.7534669933970006,1.4732434091044633
2025-07-16,92.11448669433594,92.40941335409526,91.22972171565095,91.22972171565095,87000,91.58362426757813,92.9107795715332,96.21228663126628,43.35170313924195,-1.5080967985627183,-1.5382436442198246,0.030146845657106347,95.84160641262807,92.9107795715332,89.97995273043833,81851.5,1.0629004966310942,1.6275835381658963,0.96982169256834,0.14311890542244576,0.9062948249833447,-0.30380651764122524,-2.103701654287593
2025-07-17,93.68741607666016,93.68741607666016,92.40941058966331,92.99925639124021,38020,91.99651794433593,92.81738739013672,96.33025614420573,49.2975429006419,-1.2852163391437443,-1.4876381832046086,0.20242184406086428,95.50210987762166,92.81738739013672,90.13266490265177,80702.5,0.4711130386295344,1.6202963173870062,1.7075809015184351,0.04389327295191148,0.3054255543222917,0.8438794912337899,0.48425900787749665
2025-07-18,94.178955078125,94.27726146123695,92.60602294714884,93.98233481160486,86000,92.42907409667968,92.8370491027832,96.39579467773437,51.02741045781303,-1.0567374680958608,-1.4014580401828591,0.34472057208699836,95.55715768165211,92.8370491027832,90.11694052391428,80752.45,1.064983167693364,1.6270886102804858,0.5246585102343326,0.007486413359902855,1.1675174216255968,0.650862116387585,0.9036126328488381
2025-07-21,94.178955078125,94.86710726020488,93.68741566226902,94.3755678443489,72300,93.07790679931641,92.95010337829589,96.45150248209636,51.02741045781303,-0.86568721336495,-1.2943038748192772,0.4286166614543272,95.69717458343496,92.95010337829589,90.20303217315683,78517.45,0.920814417686769,1.567435675301202,0.0,-0.08570458320372731,-0.182055656943525,0.650862116387585,0.9036126328488381
2025-07-22,91.6229476928711,94.57218430316047,91.52464130592077,94.3755715292598,110001,93.15655212402343,92.87145690917968,96.45314102172851,42.319767574277975,-0.9100366090420096,-1.2174504216638238,0.3074138126218142,95.6783144193041,92.87145690917968,90.06459939905527,79667.5,1.3807512473718895,1.7647833182263355,-2.713989960000729,-0.15113747849135883,-1.5108489973571504,-0.946881483677009,-1.1343290530570815
2025-07-23,93.68741607666016,93.88402884375368,91.9178711716332,92.60602335675685,76000,93.47113800048828,92.88620338439941,96.4662488301595,49.7748005023017,-0.7697255624007937,-1.1279054498112178,0.35817988741042406,95.7076476365409,92.88620338439941,90.06475913225792,77065.95,0.9861683402332678,1.8309563625805028,2.2532219665201803,0.22295619800545285,1.4387991654924104,4.103516858753897,9.601448120741507
2025-07-24,94.37556457519531,94.37556457519531,92.90094637870789,94.17895181578206,48091,93.60876770019532,92.92552642822265,96.46297187805176,52.001731443048065,-0.5961284170021486,-1.021550043249404,0.42542162624725544,95.80944931543092,92.92552642822265,90.04160354101438,74160.5,0.6484718954160233,1.783444607101426,0.7345153995623965,-0.5605654715466812,0.23612215902308886,1.1646253123178463,1.5151519297801563
2025-07-25,93.29418182373047,93.6874148530781,92.99925517664569,93.58910097051904,26013,93.4318130493164,92.86162643432617,96.45805651346842,48.372104297245166,-0.5395899223821345,-0.9251580190759501,0.38556809669381553,95.64687223539163,92.86162643432617,90.07638063326071,70296.15,0.3700487153279376,1.7291599126278523,-1.1458291734013804,0.5363622959012604,-0.040000501364123586,-2.0146148448369483,-1.4653987058863893
2025-07-28,92.99925994873047,94.08064520970359,92.99925994873047,93.4907993855634,56002,93.1958740234375,92.84196510314942,96.41054102579753,47.400390517291775,-0.5126707394475716,-0.8426605631502744,0.3299898237027028,95.61696520587249,92.84196510314942,90.06696500042635,68596.25,0.8164003134282122,1.6427899590738881,-0.3161203295155346,0.27559243417745183,0.20800726399519132,1.1070894088022643,1.679976652722992
2025-07-29,93.19587707519531,93.58910261114,92.40941100271327,92.99925680692664,54000,93.51045989990234,92.80755767822265,96.4252872467041,48.148225957104046,-0.47005325282134436,-0.7681391010844885,0.2980858482631441,95.54496550699425,92.80755767822265,90.07014984945106,68885.65,0.7839078240533406,1.5810435123209348,0.21141794738284148,0.6277126261405197,-0.9031782082688844,-0.5586557970433614,-2.4376982883652087
2025-07-30,92.90094757080078,93.78572000010573,92.40940816566427,93.78572000010573,79056,93.35316619873046,92.73382682800293,96.42364870707193,47.06723084518455,-0.4548338918229007,-0.7054780592321709,0.2506441674092702,95.37101069191793,92.73382682800293,90.09664296408793,71487.85,1.105866241606091,1.5537459552703372,-0.31646196554013795,0.10959038727660353,1.1214833214890696,-3.0786448194715654,0.3609022846687848
2025-07-31,93.09756469726562,94.27726382507667,92.90095192611201,93.3924913542925,70000,93.09756622314453,92.62568817138671,96.43839480082194,47.906906183979345,-0.4220420417292132,-0.6487908557315794,0.22674881400236613,94.9899028286971,92.62568817138671,90.26147351407633,70937.6,0.9867827499097798,1.5300886618044112,0.21164168031224673,0.46648917126204115,0.34438577266941994,5.14721434318266,2.738588658616825
2025-08-04,95.35865020751953,95.35865020751953,92.70434026371751,93.09756581072777,103114,93.51045989990234,92.70433464050294,96.42692565917969,56.460531664652734,-0.21116933167283491,-0.5612665509198305,0.35009721924699555,95.32208286464311,92.70433464050294,90.08658641636276,71585.55,1.4404303661842368,1.6799848327374256,2.428726806771464,-0.30428543721531254,-0.23658148505263377,-1.6244429900783564,-5.063968866197177
2025-08-05,100.27404022216797,101.74865846072926,96.93157071470313,97.02987709721464,482000,94.96541595458984,93.13688926696777,96.459694925944,68.55018512876394,0.34856170252190566,-0.3793009002314833,0.727862602753389,97.36558452795128,93.13688926696777,88.90819400598426,90185.45,5.344542828139129,2.307987955467066,5.154634638757538,0.23176060718361757,1.204718422705664,1.276981621170048,1.824817365577136
2025-08-06,100.27404022216797,104.20635552499809,99.7825008093142,100.27404022216797,324000,96.38104858398438,93.60385169982911,96.45150260925293,68.55018512876394,0.7831251999391782,-0.146815680197351,0.9299408801365292,98.76784573428944,93.60385169982911,88.43985766536878,100734.85,3.2163645451400384,2.590103523495976,0.0,0.1783585840453794,-0.9012052115274116,0.5869602630479642,-0.24813640929360892
2025-08-07,100.27404022216797,101.74865846072926,98.79942198360668,100.27404022216797,134314,97.85566711425781,94.06589889526367,96.40234870910645,68.55018512876394,1.1146706728451363,0.10548159041114646,1.00918908243399,99.874791221845,94.06589889526367,88.25700656868234,104800.55,1.2816154113695013,2.6379879173128566,0.0,-0.07582910609321702,2.3730184169192814,1.9667096183160648,3.758980768953557
2025-08-08,102.73173522949219,102.73173522949219,99.29095940840871,100.27403821443257,385110,99.78250122070312,94.62133827209473,96.39415639241537,73.19775527853753,1.5577811644771486,0.39594150522434696,1.1618396592528017,101.47682080432733,94.62133827209473,87.76585573986213,120756.05,3.189156982196751,2.745026304482273,2.4509783408336983,-0.3563459079548914,0.07286453218204869,2.077152526035553,1.4917444537545066
2025-08-11,102.73173522949219,105.68097164756374,101.74865642346833,104.69789284153988,462050,101.25711822509766,95.15711631774903,96.37777163187663,73.19775527853753,1.8871950121720147,0.6941922066138806,1.193002805558134,102.78655088116312,95.15711631774903,87.52768175433494,141158.55,3.273269667335064,2.903331493764024,0.0,0.1439209000700048,0.4755796968586967,2.077152526035553,1.4917444537545066
2025-08-12,112.56253051757812,112.56253051757812,112.56253051757812,112.56253051757812,471100,103.71481628417969,96.23850326538086,96.5088488260905,84.09879510359323,2.907999274661492,1.136953620223403,1.771045654438089,106.88321288182019,96.23850326538086,85.59379364894153,161208.55,2.922301577676867,3.8269933330069463,9.569385026082688,0.3249476487076741,0.09471266391829491,-0.9136255757229428,0.6824120156242897
2025-08-13,114.03714752197266,121.90177838555698,114.03714752197266,119.9356206696609,1953600,106.46743774414062,97.37887458801269,96.71365699768066,85.07911244215865,3.7922683664250485,1.6680165694637323,2.124251796961316,110.38831777042256,97.37887458801269,84.36943140560282,255888.55,7.6345737235995905,4.561960604336535,1.3100425138045768,-0.23340628022624488,0.8761363011638768,1.6974124435986448,3.9624633540440213
2025-08-14,116.00330352783203,117.47792179301634,112.56252757573532,115.51176410610393,534302,109.61329040527343,98.5733154296875,96.95123443603515,86.29254822282604,4.59869940612117,2.25415313679522,2.3445462693259502,113.75320830467692,98.5733154296875,83.39342255469808,278253.65,1.9201976326276402,4.609085086062466,1.724136431490919,0.20617018015440802,-0.541320542258239,-1.7308933714739072,-3.1594770424557383
2025-08-15,114.03714752197266,116.98638409581677,112.5625292350506,116.98638409581677,661100,111.87437286376954,99.59080200195312,97.13965797424316,79.34360517216078,5.021267412183519,2.80757599187288,2.213691420310639,116.06464706842704,99.59080200195312,83.11695693547921,309407.65,2.1366633953620733,4.584387722689627,-1.6949138050949109,0.4652728781409321,0.39764198071750023,0.6500278671424109,-0.6991188495613865
2025-08-18,117.47792053222656,117.47792053222656,114.03714461705674,114.03714461705674,582105,114.8236099243164,100.7557502746582,97.41000467936198,82.06542449223886,5.569594410204957,3.3599796755392957,2.209614734665661,118.83516454195136,100.7557502746582,82.67633600736504,334212.9,1.741719125742902,4.4319061483536535,3.0172387551091084,-0.2992125774545329,0.6083510296844397,1.8125001102816007,0.3129042030054041
2025-08-19,116.00330352783203,119.93561890165685,115.51176410610393,119.44407947992875,484000,115.51176452636719,101.84696769714355,97.66396675109863,77.36071165269541,5.818090907903027,3.8516019220120423,1.9664889858909849,120.86512152900382,101.84696769714355,82.8288138652833,354797.9,1.3641568904438273,4.43083263464689,-1.2552290657800835,0.12037876283805815,-0.5269863303297595,-0.7571068801660807,1.741613993283475
2025-08-20,116.00330352783203,116.98638237128823,113.54560641919153,115.02022468437583,388029,115.90499572753906,103.0659854888916,97.94250577290853,77.36071165269541,5.946478865838515,4.270577310777337,1.675901555061178,122.44681977455656,103.0659854888916,83.68515120322664,368699.3,1.0524267336553121,4.2988250769735314,0.0,0.2737679299698925,-2.989552002278928,-1.4432982913029635,-1.5074044123502106
2025-08-21,116.98638153076172,118.46099978535115,116.00330269436876,116.49484211256524,393050,116.101611328125,104.23093376159667,98.22104479471842,78.3216112430707,6.057723757721533,4.628006600166176,1.4297171575553564,124.03448089639487,104.23093376159667,84.42738662679848,384551.8,1.022098973402283,4.053341345508047,0.847456902547461,0.5739473988298771,1.4251223005524505,0.02091870534581819,-0.726336987275622
2025-08-22,119.44407653808594,121.41023417657296,116.00330067073368,117.96945830922068,652499,117.18299713134766,105.4843593597412,98.52416076660157,80.54479674555952,6.271902989750103,4.956785878082962,1.3151171116671412,125.82745425732108,105.4843593597412,85.14126446216133,414772.2,1.5731502738129508,4.233820300218877,2.1008385550227215,0.7790624202977492,-0.8248855555042067,-0.020914330338672737,0.07839607128026227
2025-08-25,120.42715454101562,123.37639097875478,119.4440757284359,123.37639097875478,692350,117.77284393310546,106.84100799560547,98.81089210510254,81.36790156790633,6.446654730293929,5.254759648525155,1.1918950817687737,127.37915715427536,106.84100799560547,86.30285883693557,448089.05,1.545116980653734,4.193619626898878,0.8230445840620826,-0.4872876866823028,2.158306669891674,1.6108758089712572,-1.3054804045987467
2025-08-26,122.88485717773438,125.83409375,120.91869946289061,121.41023889160155,1165109,119.14915466308594,108.33528785705566,99.23525454203288,83.27318136323791,6.706158387150069,5.5450393962501385,1.1611189908999302,128.98157016851837,108.33528785705566,87.68900554559296,503544.4,2.3138158223981837,4.355395571176943,2.040820981020275,0.2525750082704059,0.11417520761634048,-0.16471710058513223,0.8465630643329503
2025-08-27,122.88485717773438,123.86793603515625,121.90177832031249,123.37639660644531,598036,120.52546539306641,109.81973686218262,99.62848612467448,83.2731813632379,6.833049760616845,5.80264146912348,1.030408291493365,130.14961663359713,109.81973686218262,89.4898570907681,530746.2,1.1267833853544313,4.036830523665852,0.0,0.3370125372272659,0.8837683642618943,0.10312574683200015,0.9706112361506536
2025-08-28,124.3594741821289,125.34255302941845,121.90177706390502,122.88485591119456,479420,122.00008392333984,111.39266319274903,100.02991002400717,84.38434128815221,6.972229831226372,6.036559141544059,0.935670689682313,131.06829942342983,111.39266319274903,91.71702696206822,550764.4,0.8704629420492682,3.9573565825788637,1.1999989569599467,0.09297408164834486,-1.1560045814190012,0.5562355438341049,1.1171704336574662
2025-08-29,121.90177917480469,125.83409463205645,120.91870031049174,125.83409463205645,505130,122.49162445068359,112.83287391662597,100.39856465657552,75.39479044268428,6.805762993299396,6.190399911895127,0.6153630814042694,131.03129716423803,112.83287391662597,94.63445066901392,572520.9,0.8822909347064884,4.085094947776976,-1.9762828875625749,-0.2688503744142423,-0.01382054501782859,-0.34829000854138537,-0.5138672304085712
2025-09-01,118.9525375366211,123.37639223839625,118.9525375366211,121.41023459316284,369030,122.19670104980469,114.01256828308105,100.70168062845866,66.2711587389035,6.3625145651733135,6.224822842550765,0.1376917226225487,130.41144888635716,114.01256828308105,97.61368767980495,585816.7,0.6299410720110916,4.130262914976734,-2.419358977488295,0.2220177645487098,-0.6659038390721239,-0.5756596973476857,-1.1105407117019683
2025-09-02,119.93561553955078,121.90177317134669,118.95253672365283,120.91869435544874,214010,121.60685272216797,114.99564704895019,100.9720272064209,67.67533846586767,6.021155044052691,6.184089282851151,-0.16293423879846003,130.24371551863007,114.99564704895019,99.74757857927031,572417.2,0.3738706663601304,3.972792719339018,0.826445591904279,0.2120392800051274,-0.2282809370366512,0.7237383308513756,-0.235045901727593
2025-09-03,121.41024017333984,121.90177960724,119.93562187163936,120.91870073943969,161147,121.31192932128906,116.05245704650879,101.34068183898925,69.71222499906645,5.8027248482171245,6.107816395924345,-0.3050915477072209,129.86683866199255,116.05245704650879,102.23807543102505,564274.55,0.28558261222307474,3.7052422324523784,1.229513541207261,0.38758813655075386,0.3477630507512153,-0.47217246793883616,-0.8115186394509144
2025-09-04,120.91869354248047,122.8848511610574,120.91869354248047,122.39331175641317,284000,120.62377319335937,117.08468971252441,101.70933634440104,68.17018636534917,5.526250463853259,5.991503209510128,-0.46525274565686914,128.87128465720903,117.08468971252441,105.2980947678398,571758.85,0.49671290614915714,3.473364283935652,-0.4048642273976055,-0.07155659478953469,0.33007400549494026,1.1963593433285569,1.5835280884162417
2025-09-05,119.93561553955078,122.39331257929567,118.95253672365283,122.39331257929567,188050,120.2305404663086,117.94488372802735,102.06979853312174,65.07008685263465,5.16824008881764,5.826850585371631,-0.6586104965539903,127.64794832959984,117.94488372802735,108.24181912645486,561905.85,0.33466460617913124,3.469019160163277,-0.8130074632209938,-0.09113950204554522,1.3016229374229527,1.8956378100669857,5.637830389309517
2025-09-08,118.9525375366211,121.41023459316284,117.96945871400439,120.91869518185449,303001,120.2305404663086,118.75592384338378,102.46630694071452,62.032123802569416,4.750428129922767,5.611566094281859,-0.8611379643590915,125.30339752623136,118.75592384338378,112.2084501605362,553953.4,0.5469792224400103,3.465253389362634,-0.8196714533103,-0.7004631226877445,0.215561079559623,1.0002039096841608,2.361042950124892
2025-09-09,119.93561553955078,121.90177317134669,118.95253672365283,119.93561553955078,234209,120.2305404663086,119.12457809448242,102.89394620259603,63.84972017656224,4.447368821849409,5.378726639795369,-0.9313578179459601,124.99950497337915,119.12457809448242,113.24965121558569,542108.85,0.4320331608679696,3.3964511304734644,0.826445591904279,-0.4852509178164821,1.2538968205540568,-2.6539900039598496,-4.132629805588694
2025-09-10,121.90177917480469,122.39331860696116,119.9356214461788,120.42716087833527,251979,120.32884826660157,119.51780967712402,103.34452400207519,67.22873934474802,4.316091889597388,5.166199689755773,-0.8501078001583853,124.9985589951321,119.51780967712402,114.03706035911594,457027.8,0.5513428285981729,3.271284722065053,1.6393492678624222,0.06758799645232294,1.3575043934189956,1.0986845546368196,1.0275687429142533
2025-09-11,116.49484252929688,122.88485498870978,116.49484252929688,122.88485498870978,455213,119.44407806396484,119.54238662719726,103.67549387613933,52.65332003461468,3.732730778480814,4.879505907500782,-1.146775129019968,124.9608328705298,119.54238662719726,114.12394038386472,453073.35,1.0047225245095524,3.6871150870447664,-4.435486243194509,-0.3782383940657219,0.09177735950691712,0.30187574446240983,-1.215574993561963
2025-09-12,120.91869354248047,121.90177235176894,117.47791770997087,117.47791770997087,316000,119.64069366455078,119.88646392822265,104.0982177734375,60.24725843776861,3.5860430283331084,4.6208133316672475,-1.034770303334139,124.66969533704625,119.88646392822265,115.10323251939906,435818.35,0.7250727281217049,3.916423718435073,3.797465121317334,0.17595008979807147,1.026858565050115,1.4847435181293944,-0.5524888065323696
2025-09-15,118.46099853515625,122.88485325223678,118.46099853515625,121.41023501320993,335000,119.54238586425781,119.93561782836915,104.50947240193685,54.97213837715373,3.2341946989626678,4.343489605126332,-1.1092949061636643,124.63408871182261,119.93561782836915,115.23714694491568,423463.1,0.7910960836965488,3.984081184921134,-2.0325186580524846,-0.0168380656651812,-0.4611663437352198,1.4847435181293944,-0.5524888065323696
2025-09-16,121.90177917480469,122.39331860696116,118.95254258186586,119.44408201402233,282001,119.9356185913086,120.23054161071778,105.00920422871907,60.223108873668664,3.1961513614624835,4.114021956393563,-0.9178705949310793,124.62005854821535,120.23054161071778,115.8410246732202,413363.15,0.6822112711304817,3.9771797031723044,2.9045683239174336,-0.29982346654272574,1.0745701295846288,4.171615473886758,2.095961033914717
2025-09-17,120.91869354248047,125.83408758892277,120.91869354248047,124.35946937499008,453000,119.73900146484375,120.4763111114502,105.4712511698405,58.137032696385695,3.05149916498533,3.9015173981119164,-0.8500182331265864,124.39437422877123,120.4763111114502,116.55824799412918,416611.7,1.0873434423469144,4.102274948941638,-0.8064571649233243,-0.48651948491017505,-0.7467550083917751,0.28467844299508993,3.5122461138007433
2025-09-18,121.41024017333984,122.39331904114016,120.91870073943969,120.91870073943969,157028,120.72208099365234,120.6975040435791,105.9382137298584,58.903562813870394,2.942604449808428,3.709734808451219,-0.7671303586427909,124.27027761039419,120.6975040435791,117.12473047676401,404810.6,0.38790486217505177,3.751921688904045,0.40651004113494427,0.1304608418786879,1.3016200996530891,0.3595734788724547,3.2258087486813025
2025-09-19,129.27487182617188,129.7664112627733,121.41024084054925,122.39331971375208,2008480,122.39331665039063,121.1890438079834,106.53297653198243,68.75980380916133,3.4511321472625838,3.658014276213492,-0.2068821289509084,126.37607841006678,121.1890438079834,116.00200920590001,472609.65,4.249765107420045,4.365821608974632,6.477733378670147,0.08010681923562579,-0.7411524345470877,-1.7160033765390659,-3.2870336836562375
2025-09-22,130.74948120117188,131.73256000719573,126.81716597707648,129.76640239514802,1585031,124.85101318359375,121.70516014099121,107.13593152364095,70.20280221707404,3.9278547988604515,3.7119823807428842,0.2158724181175673,128.40620914504947,121.70516014099121,115.00411113693293,517243.7,3.06437951781723,4.439097931793913,1.1406774991684632,0.35037367829144905,1.1815861562103347,7.674597135005956,4.1646645174620245
2025-09-23,124.3594741821289,131.24102611315578,123.86793475848413,130.74948668951103,915115,125.3425521850586,121.77889099121094,107.65204798380533,57.75363144776848,3.7468494241047807,3.7189557894152636,0.02789363468951711,128.5664841232695,121.77889099121094,114.99129785915237,504744.0,1.8130279904268303,4.83029705484428,-4.887214052659427,0.005624330335418648,1.417160099788184,7.674597135005956,4.1646645174620245
2025-09-24,128.2917938232422,128.78333326317798,122.88485998394845,124.85101774369163,548186,126.81717224121094,122.04923782348632,108.22551078796387,62.196378097846925,3.876026273668728,3.7503698862659567,0.1256563874027714,129.42733116440294,122.04923782348632,114.6711444825697,502251.5,1.091457168370826,4.972720551428981,3.1620587550525103,0.18631834557791827,-0.19292856211109433,-0.21383577000940734,-2.251841649683517
2025-09-25,125.83409118652344,130.749485373497,125.83409118652344,128.29178828001022,897324,127.70194244384766,122.12296867370605,108.74981956481933,58.0849651076989,3.7370059167094496,3.7476970923546555,-0.010691175645205941,129.62667217448328,122.12296867370605,114.61926517292883,523146.7,1.7152435444971745,4.96507703616826,-1.9157130502866937,0.2976129160905838,-0.6599329621733818,0.0,0.7522410309723337
2025-09-26,125.83409118652344,127.80024886131287,122.8848546743393,126.3256306052208,651018,127.01378631591797,122.319584274292,109.25938212076822,58.0849651076989,3.585499871607908,3.7152576482053066,-0.1297577765973985,130.00280990178146,122.319584274292,114.63635864680253,530441.1,1.2273143992801463,4.958452656275636,0.0,0.6501132916399088,-1.7043185521454118,0.2321407203542014,-0.6066353962274285
2025-09-30,127.80024719238281,128.2917866046612,125.83408954326923,127.30870778010441,350404,126.42393951416015,122.76196975708008,109.82629089355468,60.5071247707414,3.582782510567185,3.6887626206776822,-0.10598011011049735,130.64517449125375,122.76196975708008,114.87876502290639,529509.8,0.6617516805165834,4.625018576957816,1.5624986737059476,0.046643707979932,0.9390763957033643,2.4563311042782088,2.2851718986223624
2025-10-01,125.3425521850586,128.78332812739353,124.35947334439147,128.29178870705996,517150,126.6205551147461,123.03231658935547,110.3882843017578,56.13995857522646,3.3437686514972427,3.6197638268415946,-0.2759951753443519,130.87817013045046,123.03231658935547,115.18646304826049,544666.8,0.9494795717308269,4.598196737763715,-1.9230753158282599,-0.05285909728485194,0.6288447090782023,-2.7526169612526075,-1.3497748788239283
2025-10-02,127.30870819091797,127.80024760478251,124.85101112159522,126.81716877705342,438150,126.42393798828125,123.32723999023438,110.99451624552408,58.70762018120097,3.2752458090865417,3.5508602232905844,-0.27561441420404265,131.35763660464212,123.32723999023438,115.29684337582663,558516.95,0.7844882773924767,4.378335370486859,1.5686261142636493,0.01609605957935134,1.5220791911750853,1.1687359817073473,1.6041486635447466
2025-10-03,131.73255920410156,136.6479532042546,127.80024400397913,127.80024400397913,2348290,127.60363159179687,123.86793327331543,111.6728406270345,63.837367664475,3.537134878801197,3.548115154392707,-0.010980275591510047,132.63768802048236,123.86793327331543,115.0981785261485,661731.45,3.54870544538876,5.039789989533496,3.474900559472638,0.055177608565615266,1.4506947270404247,1.9314078330345819,2.623636754652292
2025-10-07,137.63104248046875,139.1056607927595,131.24102979387555,133.20718754359655,3552383,129.96302185058593,124.75270462036133,112.4396422068278,69.31161751779001,4.172543671948247,3.6730008579038156,0.4995428140444318,135.25202276968687,124.75270462036133,114.25338647103578,829948.1,4.280247162443049,5.416435457446888,4.477619892913709,0.29750124162626346,1.684868471805201,-1.5281633164298092,-1.3507654566701555
2025-10-08,139.59719848632812,142.05489564277755,137.63104076116858,138.61411962374834,3003105,132.322412109375,125.78493766784668,113.2326592763265,70.89330189865548,4.779665072494424,3.894333700821938,0.8853313716724864,137.82894859492134,125.78493766784668,113.74092674077203,964953.3,3.1121765167288404,5.2840913806685,1.4285701615159851,0.0858699164537402,-0.5448692045472381,0.575419506715269,0.17668129194534643
2025-10-09,140.08872985839844,149.427978515625,140.08872985839844,141.0718086644223,6226704,135.27164764404296,126.79259338378907,114.05189158121745,71.29165837702718,5.240071349640274,4.163481230585606,1.0765901190546687,140.0836901037115,126.79259338378907,113.50149666386663,1264578.05,4.923938067721482,5.890316533818951,0.35210690286056057,-0.03831349420129193,0.8802950564221979,0.5547806000514077,0.5952381599259704
2025-10-13,137.63104248046875,138.122581917899,130.7494903564453,132.7156481061663,1665100,137.33611450195312,127.57905654907226,114.82524693806967,66.3984158504245,5.3450177719608405,4.399788538860653,0.9452292331001875,141.49825477216004,127.57905654907226,113.6598583259845,1335234.1,1.2470472406299389,6.350172929570176,-1.7543790856080377,0.2671434399057038,-1.3863493889187506,-2.0000022094964653,-3.068157645892322
2025-10-14,128.2917938232422,139.59720094176544,126.8171755034348,139.10566150182964,3034249,136.64796142578126,128.16890411376954,115.42820205688477,51.83793546124552,4.621317580074702,4.444094347103463,0.17722323297123932,141.07320096705277,128.16890411376954,115.26460726048631,1464185.9,2.0723113096499564,7.2074865974049045,-6.785713810568494,0.0847841788281345,-0.4838520946744862,-4.204781131940328,-3.2331029692624025
2025-10-15,130.74948120117188,130.74948120117188,127.80024478310033,129.76640239514802,564600,135.2716491699219,128.6604434967041,116.0459031422933,54.655916080339495,4.197706250995054,4.394816727881782,-0.19711047688672778,141.14399707769797,128.6604434967041,116.17688991571019,1476615.9,0.3823607750668268,6.639719906827124,1.91570115647135,-0.02313105345168598,1.8010593746521364,3.030304127529093,4.018693041938404
2025-10-16,132.71563720703125,135.17333419234663,131.7325584129051,132.22409780996816,1059000,133.8953369140625,129.37317543029786,116.68818117777506,56.83197716716606,3.9748242785254604,4.310818238010518,-0.33599395948505784,141.00337165316787,129.37317543029786,117.74297920742784,1512815.9,0.700019083617511,6.344270984740142,1.5037581700490632,-0.24149632990847492,1.364430807973327,-0.07130617162119934,2.3135668392111786
2025-10-17,141.07180786132812,142.54642606196919,131.73255925726806,131.73255925726806,4013153,134.09195251464843,130.33167686462403,117.46972872416178,64.60612174584347,4.4214936197707,4.332953314362555,0.08854030540814506,142.5158226772803,130.33167686462403,118.14753105196775,1699373.5,2.3615485353867176,6.940217094068272,6.296296977621085,0.006860517943563238,-1.2496442248141726,0.4994642066477706,-0.9659707899298708
2025-10-20,152.37721252441406,154.8349095006143,145.49566099105343,145.49566099105343,9527236,137.0411865234375,131.90460281372071,118.4822998046875,71.96289160999387,5.622916482818454,4.590945948053735,1.031970534764719,146.7941834893165,131.90460281372071,117.0150221381249,2153085.3,4.424922691172524,7.849935033430658,8.013936189290938,0.03266778205262,1.4147553157768167,3.7806252622347936,5.475500984593995
2025-10-21,159.25877380371094,160.73339207967123,152.37722184922958,153.36030069986978,8990614,143.23458251953124,133.79702949523926,119.57515576680501,75.32493201664342,7.04907983674201,5.08257272579139,1.9665071109506194,152.26216938938882,133.79702949523926,115.33188960108971,2594764.6,3.4649054484557094,7.917434303007527,4.516135428185697,-0.08033787001248127,0.23034471151326397,-0.1026238111519584,2.7112190353087984
2025-10-22,159.75030517578125,164.17415978064903,157.7841475736178,159.75030517578125,5227895,149.0347473144531,135.32080116271973,120.66473477681478,75.55045429265716,8.125323373494098,5.691122855331932,2.4342005181621653,156.96992471565596,135.32080116271973,113.67167760978352,2755735.35,1.897096177976597,7.713778023544023,0.30863691860150144,0.2614607328592866,-0.37294058215946446,1.0101033114862767,1.39145407429897
2025-10-23,160.24185180664062,167.12340372471724,156.80107584760233,157.78415469304184,5461755,154.539990234375,136.79541969299316,121.78052927652995,75.78876643479965,8.91514954094967,6.33592819245548,2.5792213484941904,161.00034923967158,136.79541969299316,112.59049014631475,2949571.55,1.85171131041049,8.061584670686807,0.3076968337046404,0.22101202829689637,-0.42189869317011963,-1.694915395830987,-2.7648824698371155
2025-10-27,159.25877380371094,165.64878633287216,158.27569495307074,165.1572469075521,3317501,158.17738342285156,138.54038467407227,122.88485450744629,74.23041570965869,9.353939893668922,6.939530532698169,2.4144093609707538,163.97130203509016,138.54038467407227,113.1094673130544,3069690.85,1.0807280479074952,7.969785565235423,-0.6134964067414428,0.1894395419437922,1.6757472785653427,0.7620977547480479,2.3927262525623716
2025-10-28,156.8010711669922,161.71646524746217,154.3433741267572,160.24184702332118,2506411,159.0621551513672,139.96584854125976,123.9449410756429,70.33666467241625,9.395067852629012,7.430637996684338,1.9644298559446742,166.1624936124806,139.96584854125976,113.76920347003892,3167602.1,0.7912644710015819,7.8902263059646955,-1.5432133363954659,-0.7530777372024122,-0.15904147839432836,-0.9207484955256806,-0.6373160221708751
2025-10-29,151.39413452148438,158.76722548843978,151.39413452148438,158.27568609064275,2047929,157.48922729492188,141.2438507080078,124.91982752482096,62.561651706853915,8.88890173077516,7.722290743502503,1.1666109872726569,167.0283355387579,141.2438507080078,115.45936587725774,3225132.35,0.6349906849559213,7.821274927430124,-3.4482778754422294,-0.18953750952860338,1.2366435536016018,1.1948149462903013,0.7385858935814227
2025-10-30,145.49566650390625,154.34337595346813,144.0210482623126,152.37721829800992,2250989,154.63829956054687,142.22692947387696,125.7931292215983,55.370910661045784,7.920501745233565,7.761932943848716,0.15856880138484897,167.0177458859587,142.22692947387696,117.43611306179523,3305130.9,0.6810589559402928,8.154748629260178,-3.896100754643883,0.3997594261948789,-0.025485081114973163,-0.5903578786495611,-0.7717567318997531
2025-10-31,147.953369140625,149.42798743770763,144.51259311409882,145.00413254645972,1154091,152.18060302734375,143.23458557128907,126.66970787048339,57.55977051752465,7.267577730484959,7.663061901175966,-0.39548417069100683,167.18027974828271,143.23458557128907,119.28889139429543,3345315.25,0.3449872175723947,7.7228347218399955,1.6891930156921697,0.21359802296341268,-0.19153205969807408,11.910262568798569,3.9471103847868116
2025-11-03,145.98721313476562,149.42798920191498,143.52951594394466,148.9364497637508,1634283,149.5262908935547,144.2668186187744,127.43159408569336,55.22621296276012,6.516361824097913,7.433721885760356,-0.9173600616624427,166.69694065522967,144.2668186187744,121.83669658231915,3401171.9,0.4805058515272339,7.479586526657373,-1.3289024895341228,0.16628250572858772,0.3585838583650913,11.910262568798569,3.9471103847868116
2025-11-04,144.02105712890625,150.41106990254372,143.5295176847803,147.46183323778797,1217100,146.9702880859375,145.10243606567383,128.16071103413898,52.91590245408701,5.696697465930129,7.086317001794311,-1.389619535864182,166.07004034256818,145.10243606567383,124.13483178877948,3440119.4,0.35379585952743386,7.399848618804845,-1.3468001502599747,0.3940632008074152,-0.7694810409372921,1.945758379689888,-2.9180660246786116
2025-11-05,139.59719848632812,142.54643507406746,137.13950132987867,138.61411962374834,1291804,144.61090087890625,145.49566802978515,128.81609700520832,48.04569439242395,4.636690256949919,6.5963916528254325,-1.9597013958755136,165.68818068198289,145.49566802978515,125.30315537758742,3387295.1,0.3813674220471668,7.33074290950121,-3.0716748861373433,0.051456216481238215,-1.4208708043573326,-3.499131780813225,-3.15992163667127
2025-11-06,143.0379638671875,145.00412144611792,138.6141093145941,141.5633456829897,912153,144.1193603515625,145.7660140991211,129.48786748250325,51.764206797075936,4.027837513835124,6.082680825027371,-2.054843311192247,165.657719215202,145.7660140991211,125.87430898304018,3255283.6,0.2802069226779504,7.205312139104227,2.4647811117759266,-0.08441462583944626,0.6580375706382924,0.3895688311258638,1.711102861449998
2025-11-07,136.64796447753906,141.56335888320595,135.173346155839,141.56335888320595,1518128,141.8582794189453,145.61855239868163,130.0531379699707,45.282250051451015,2.995171310638341,5.4651789221495655,-2.4700076115112246,165.74514817219475,145.61855239868163,125.49195662516851,3181034.75,0.47724345042128197,7.293219548736797,-4.4673450438525775,0.2780553192774038,-0.8890464487496197,-2.9253692298762624,-2.4647922636517605
2025-11-10,142.0548858642578,142.546425261712,136.15641309480768,136.64795249226185,939100,141.07181396484376,145.71686019897462,130.5446772257487,50.886429058474604,2.5832907058134253,4.888801278882338,-2.3055105730689123,165.74871281405774,145.71686019897462,125.68500758389149,2916654.55,0.3219784804477445,7.1727918978258,3.956825414408205,-0.038733360616827195,0.7887467877500054,-0.707260430571921,0.5014058445047764
2025-11-11,148.9364471435547,152.86876257968814,144.51259227790453,144.51259227790453,3077641,142.05489196777344,146.2821304321289,131.12633221944174,56.93227784508665,2.780109471255628,4.467062917356996,-1.6869534461013682,165.9886695517685,146.2821304321289,126.5755913124893,2987281.6,1.0302480355383972,7.658269873506404,4.844297496301975,0.0,-0.30341598250608337,-1.5794386011026895,-2.274999714715076
2025-11-12,147.953369140625,152.8687634642338,147.4618297082641,148.44490857298587,2340160,143.72612609863282,147.26520919799805,131.6588333129883,55.874115960380266,2.824207871624708,4.138491908210539,-1.314284036585831,165.06209508568918,147.26520919799805,129.4683233103069,2952577.15,0.7925821684286896,7.35809172450151,-0.6600654317892585,-0.008074886659015235,0.5835555923585645,-0.5349258144336844,4.921383255271583
2025-11-13,155.3264617919922,155.3264617919922,146.47875194308125,147.46183081518245,3185876,146.18382568359374,148.49405822753906,132.34698855082195,61.63368557335305,3.414740130465958,3.993741552661623,-0.579001422195665,164.82276445174864,148.49405822753906,132.16535200332947,3083640.95,1.0331540058189979,7.556707474422767,4.98338949237398,0.3223070095614844,-0.1557560988223461,0.2530863562269614,-0.622810891433645
2025-11-14,159.75030517578125,165.64877798227164,152.37721416766826,154.34337176983172,9472351,150.80429382324218,149.84579162597657,133.0515282948812,64.61780448992229,4.191392624498917,4.033271767029082,0.15812085746983495,165.11652341758878,149.84579162597657,134.57505983436437,3504308.5,2.7030585349434846,8.318688319780183,2.8480938358805385,0.1957261013469047,-1.8136056365454567,-1.8933402929671939,-0.6854706974093072
2025-11-17,148.4449005126953,164.66570089984415,146.97028229568178,164.17416149417298,6198957,152.0822967529297,150.2144462585449,133.59222157796225,53.22452199476794,3.8502602449965195,3.99666946262257,-0.1464092176260503,164.93956990160092,150.2144462585449,135.4893226154889,3613598.7,1.7154525210560874,9.568919024364474,-7.076922107063288,-1.8326170463155322,0.18180690528333265,0.16081866593591343,-1.2226315741891924
2025-11-18,146.9702911376953,154.83492210158536,146.4787517024522,146.4787517024522,3305767,151.6890655517578,149.944100189209,134.10833803812662,51.938172748491674,3.421481020372198,3.881631774172496,-0.4601507538002978,164.70053863787382,149.944100189209,135.18766174054417,3302525.25,1.0009815973397933,9.407219207666966,-0.9933715270157739,2.0307929943259806,-2.518248208944085,-3.9498995666181425,-3.5935353819261273
2025-11-19,152.86875915527344,159.75031101435326,148.4449043887221,148.93644380722782,5829050,152.6721435546875,149.6245994567871,134.7063776652018,56.47008854503821,3.5170847059534083,3.8087223605286784,-0.29163765457527013,163.797019899223,149.6245994567871,135.45217901435123,3144447.05,1.8537599480328346,9.856925963532431,4.013374384658386,-0.23030738201144096,-0.6577934530601293,1.1033037150315117,-0.8904487431288799
2025-11-20,161.2249298095703,166.14032401108162,155.81799618790788,159.2587721289658,7004077,153.85183715820312,149.69833068847657,135.40272521972656,61.944657652097,4.218496253051256,3.890677139033194,0.3278191140180624,164.1059467503274,149.69833068847657,135.29071462662574,3233256.15,2.166261092552163,10.312211149169197,5.466238295170078,0.2565641148130293,3.183733789520926,1.785715449942571,4.074378378556531
2025-11-21,153.3603057861328,161.71647629371057,153.3603057861328,156.30954243586615,4416691,152.57383728027344,149.35425338745117,135.95161107381185,54.941155079727935,4.092583768103822,3.9310584648473195,0.16152530325650227,163.01078136607657,149.35425338745117,135.69772540882576,3181002.95,1.3884586306340898,10.05140573029034,-4.878044625435251,0.5422820276357987,-3.614843327615369,-1.4619852372294129,-3.0917466003484773
2025-11-24,155.3264617919922,156.3095406640934,149.4279885593849,154.34338291989096,2661396,153.9501495361328,149.15763778686522,136.49230448404947,56.2722031025438,4.10413960779357,3.96567469343657,0.13846491435700026,162.31797043112087,149.15763778686522,135.99730514260958,3148197.7,0.8453713056203553,9.628758580212763,1.282050134016588,-0.04305999745704003,0.2621560052100236,-1.4619852372294129,-3.0917466003484773
2025-11-25,152.86875915527344,156.30953508481335,149.42798322573353,156.30953508481335,2967333,155.12984313964844,148.9610221862793,136.99203618367514,54.120075066795806,3.870366455814576,3.946613045912171,-0.07624659009759505,161.7528812898546,148.9610221862793,136.16916308270402,3171243.8,0.9357000556059424,9.26246435072837,-1.5822819939142252,0.27920716971145954,1.5391110399419539,0.7583205872659704,1.86450899023336
2025-11-26,151.88568115234375,154.34337825836872,150.90260230993374,152.86875999475373,1171972,154.9332275390625,148.98559951782227,137.45080629984537,53.24291403460491,3.564681935303156,3.870226823790368,-0.30554488848721206,161.7990126817871,148.98559951782227,136.17218635385743,3127445.95,0.37473773127877713,8.486239230422585,-0.6430862711007901,-0.12091894024681693,1.8481197988450715,3.697649533792924,0.40675364235596145
2025-11-27,156.8010711669922,160.24184702332118,152.3772164945692,153.85183471871022,3669237,154.04845581054687,149.55086975097657,138.03246116638184,56.99596795613428,3.67667324450062,3.8315161079324183,-0.15484286343179843,162.7088831288809,149.55086975097657,136.39285637307225,3198358.35,1.1472251069052346,8.4688961158299,3.236243191165755,-0.44348084794223475,0.5289772806627235,1.8933402929671939,3.5446662859105693
2025-11-28,158.27569580078125,162.20801122440315,156.80107751692304,160.2418535125922,3629178,155.03153381347656,150.06698608398438,138.68784713745117,58.08298389408251,3.840150186943333,3.8332429237346015,0.006907263208731695,163.76006010176198,150.06698608398438,136.37391206620677,3322112.7,1.0924307293969888,8.060635308040707,0.9404429592311914,0.2105664976116417,0.261122848805706,-0.4955131423863057,0.13693129636136447
2025-12-01,151.88568115234375,158.7672330492137,151.39414173113875,158.7672330492137,1447262,154.34337768554687,150.36190948486328,139.22034823099773,51.95447591551738,3.4147232589311045,3.7495389907739023,-0.3348157318427978,163.93859088275534,150.36190948486328,136.78522808697122,3312761.65,0.4368747748574064,7.968962776045274,-4.037268398099791,0.19863050869839416,-1.027822462568817,0.342359815218507,-3.2037494063189564
2025-12-02,147.953369140625,153.36030289659467,147.953369140625,152.8687634642338,1253378,153.36029968261718,150.55852508544922,139.6627337137858,48.55895822840692,2.728808630534502,3.5453929187260225,-0.8165842881915206,163.85966333160795,150.55852508544922,137.2573868392905,3314575.55,0.37814132792960475,7.627358906701861,-2.5889945529325997,0.0608734112671927,0.8109719183892139,1.4888372559487495,0.5449042075077015
2025-12-03,153.85183715820312,154.34337657404402,148.44490358395316,148.44490358395316,1770257,153.75353088378907,151.27125701904296,140.21161944071451,53.47121114480948,2.630846656634162,3.3624836663076505,-0.7316370096734883,163.5907478746274,151.27125701904296,138.95176616345853,3338498.2,0.5302554903279564,7.462378710264149,3.9867074686023685,0.01911236723253218,0.8299495511413513,1.3141813135169933,-2.42874671979183
2025-12-04,149.91952514648438,157.29261654713116,148.93644629306482,155.8179982670018,2459238,152.3772216796875,151.6153350830078,140.71135126749675,50.04048613601967,2.2104259564140705,3.1320721243289347,-0.9216461679148642,163.33647280053424,151.6153350830078,139.89419736548138,3415852.45,0.7199485446158542,7.581550916104442,-2.555908388455075,-0.2780117606670518,0.009613468300440076,3.9819003919386198,2.0777636153460177
2025-12-05,148.9364471435547,150.9026048616214,148.444907714038,149.91952600258804,564081,150.50937194824218,152.2297592163086,141.21108309427896,49.19076935662367,1.7774243026584884,2.8611425599948457,-1.0837182573363573,161.7241675103558,152.2297592163086,142.73535092226138,3368150.1,0.16747501840847295,6.898370413634969,-0.6557371376204268,0.16062935130458644,0.6662167696174004,-1.9727303145215203,-1.9347051299564155
2025-12-08,151.88568115234375,153.36029941595874,149.91952346752376,151.39414173113875,780200,150.50937194824218,152.7212989807129,141.74358418782552,51.83321620696567,1.6531889757430065,2.619551843144478,-0.9663628674014717,160.92837054307026,152.7212989807129,144.51422741835555,3360205.1,0.23218820779719665,6.568434661470847,1.9801962953677865,-0.2901310503285237,1.1539613810094718,0.5918882126695779,0.5343157267708953
2025-12-09,153.3603057861328,154.83492411099948,151.88568746126614,152.8687663445106,1404280,151.59075927734375,152.9424919128418,142.26789296468098,53.14533575795982,1.6546477191657232,2.426571018348727,-0.7719232991830038,160.95624078580045,152.9424919128418,144.92874303988316,3276537.05,0.428586638445001,6.085875767762165,0.9708779804661116,-0.3494935499670837,-0.42813960011827135,0.05884490126983888,-2.616508695748121
2025-12-10,154.3433837890625,157.29262042197453,152.37722603378782,154.3433837890625,2186319,151.68906860351564,153.26199264526366,142.8987019856771,54.044125222338614,1.7153564019195926,2.2843280950629,-0.5689716931433075,160.9407445983621,153.26199264526366,145.58324069216522,3268845.0,0.668835322568063,5.929811583818771,0.641025067008294,-0.043961550810267536,0.7739912655269743,0.14701124359208784,-0.8396337249982233
2025-12-11,151.39413452148438,155.81798910165762,150.90259512368735,154.83491030606356,1789298,151.98399047851564,153.06537628173828,143.40662600199383,50.89022671514582,1.5081042157584932,2.129083319202019,-0.6209791034435259,160.72290166353955,153.06537628173828,145.40785089993702,3199016.1,0.5593276007582456,5.794555903038971,-1.910836211553324,-0.23755066327988406,-1.3238408398111412,-2.906633601032893,-3.683318602493768
2025-12-12,150.4110565185547,152.86875352049185,148.44489891700493,152.3772141201044,878478,152.27891235351564,152.59841384887696,143.9391269683838,49.84600961583935,1.2501185971277948,1.9532903747871744,-0.7031717776593795,159.6549541064814,152.59841384887696,145.54187359127252,2769322.45,0.3172176645590693,5.611795729765364,-0.6493501257739842,0.33175603858714986,0.618273245078016,2.812217026474406,2.835160418175553
2025-12-15,146.47874450683594,149.42798097341654,146.47874450683594,147.95336274012624,981264,151.19752502441406,152.50010604858397,144.34874305725097,45.7979480427809,0.7200580391788662,1.7066439076655127,-0.9865858684866464,159.84901220828266,152.50010604858397,145.1511998888853,2508437.8,0.3911853026612819,5.3878645673591485,-2.614376963194631,0.449008499969894,-1.1741252883312847,-3.794118791871437,-4.103433464502926
2025-12-16,140.08872985839844,146.47874209755346,138.61411164936266,145.4956632915296,1168552,148.5432098388672,152.15602798461913,144.6682436625163,40.099067503746916,-0.21318211964998568,1.322678702202413,-1.5358608218523986,161.07231839791802,152.15602798461913,143.23973757132023,2401577.05,0.4865769349353168,5.718100339374367,-4.362417680429587,0.027453065033000712,-1.1852011859090683,-2.598592414668166,-0.802325216038946
2025-12-17,145.98721313476562,147.4618314492582,140.58027931495948,141.0718187531237,802500,146.87197570800782,151.81195068359375,145.07785987854004,46.69308729355352,-0.4713894799378693,0.9638650657743566,-1.4352545457122259,161.13430211653383,151.81195068359375,142.48959925065367,2150249.55,0.3732124952659565,5.938767172905752,4.2105337683690625,0.4478345884427748,-0.04172704427407581,0.12555021525160193,-0.11233473736065314
2025-12-18,142.0548858642578,145.0041222489829,142.0548858642578,144.51258285152872,455071,145.0041259765625,150.85344848632812,145.29086011250814,43.273069604802295,-0.9820066586661653,0.5746907208862523,-1.5566973795524177,160.04184197463474,150.85344848632812,141.6650549980215,1822799.25,0.24965502920850993,5.671241852586028,-2.6936107526607467,0.518285581531619,-0.20577756708046735,-0.9717844217523863,-0.20242549135331966
2025-12-19,143.0379638671875,145.00412144611792,140.08872749879188,143.5295032619201,583610,143.52950744628907,150.33733139038085,145.49566815694172,44.37007123510236,-1.2924497168814923,0.20126263333270333,-1.4937123502141958,160.0759810312559,150.33733139038085,140.5986817495058,1631145.2,0.3577915687702113,5.570462131884696,0.6920409649753712,-0.37303888670811025,0.8293866411184903,1.329532840336456,-0.9691180757758322
2025-12-22,145.49566650390625,145.9872059177708,143.52950884844805,144.0210482623126,420070,143.33289184570313,149.84579162597657,145.84793802897136,47.12309557960169,-1.3248895126466493,-0.10396779586316723,-1.220921716783482,159.5163027411956,149.84579162597657,140.17528051075755,1519078.9,0.27652941529238545,5.220966121044511,1.7182170175469968,-0.032362001212404845,1.6366453414191628,0.09371948563838828,1.5020471446272943
2025-12-23,142.5464324951172,146.47874787429282,142.5464324951172,146.47874787429282,594235,143.82443237304688,149.32967529296874,146.08551534016928,44.290548187829636,-1.570473381680614,-0.3972689130266566,-1.1732044686539573,159.41383712693406,149.32967529296874,139.24551345900343,1400424.0,0.4243250615527869,5.049146022128661,-2.027025326359033,0.08982802507242482,0.571339720700248,-0.15605801860081314,1.7488766537401057
2025-12-24,141.5633544921875,146.97028817070856,141.5633544921875,143.52951219346787,670260,142.93966064453124,148.81355895996094,146.347669728597,43.35504253090449,-1.8234074401981388,-0.6824966184609531,-1.1409108217371857,159.39143130535257,148.81355895996094,138.23568661456932,1375338.4,0.4873418789150365,5.096851042980981,-0.6896545818243172,-0.13541653938790033,0.21726860803557013,-1.094090470851028,-3.0189494568178654
2025-12-26,141.07180786132812,143.03796546218288,140.08872906090076,143.03796546218288,614250,142.7430450439453,148.02709579467773,146.60163167317708,42.867486191668334,-2.0400072749434344,-0.9539987497574494,-1.086008525185985,158.44214506355,148.02709579467773,137.61204652580548,1222589.05,0.5024173903733229,4.810502424087799,-0.3472273121971736,0.2562756491433227,0.6486648427758146,1.2310600756632262,-0.15696010465627852
2025-12-29,140.5802764892578,144.02105248724664,140.0887370609737,143.0379736306784,600311,142.2515075683594,147.14232482910157,146.81463216145832,42.3545580268707,-2.22567053384131,-1.2083331065742215,-1.0173374272670883,156.87574923866083,147.14232482910157,137.4089004195423,1071145.7,0.560438229831852,4.693410824379151,-0.34842636492862233,-0.602469435943731,0.8925301842964695,-0.31181638635569,-0.9207245043102108
2025-12-30,139.59719848632812,140.088737917618,136.6479618985888,140.088737917618,962158,141.07181396484376,146.52790069580078,147.0522095998128,41.290416924239295,-2.424191611173427,-1.4515048074940626,-0.9726868036793643,156.54779698695853,146.52790069580078,136.50800440464303,1046890.5,0.919062690892696,4.5919313265511335,-0.6993000920757275,-0.1982110917127744,-0.360140777928486,1.5326848348009126,0.22665544450712893
2025-12-31,144.02105712890625,145.00413601715817,139.10566268764666,140.58028102002453,995215,141.36673889160156,146.33128509521484,147.33074874877929,47.662873500417895,-2.199201548009455,-1.601044155597141,-0.598157392412314,156.38766488225042,146.33128509521484,136.27490530817926,1033982.35,0.962506758456757,4.766136926945851,3.169016778665079,-0.23692492856227654,0.893397362684345,1.5326848348009126,0.22665544450712893
2026-01-02,157.29261779785156,158.27569665908814,145.4956714630127,146.47875032424926,4615980,144.51259155273436,146.50332412719726,147.7567497253418,61.251098334991056,-0.9391651597114503,-1.468668356420003,0.5295031967085526,157.19883564239277,146.50332412719726,135.80781261200175,1176268.5,3.924257089261508,6.031270607377323,9.215014063580007,0.1917140625415037,1.3334355629436079,1.5326848348009126,0.22665544450712893
2026-01-05,160.24185180664062,165.1572460338382,158.76723353848135,160.7333912293604,8593900,148.3466003417969,147.0194404602051,148.13359654744465,63.51785614653252,0.29401210429676894,-1.1161322642766485,1.4101443685734174,159.2893912019771,147.0194404602051,134.74948971843307,1483001.6,5.794936431626237,6.275718291191897,1.874998362974245,0.1763399560895884,2.5731972423427285,2.5878045376946046,1.7639055408126714
2026-01-06,165.15724182128906,167.1233994620187,158.27569007873535,160.73338712964738,4749331,153.26199340820312,147.8304801940918,148.55959726969402,66.98441193814276,1.6489369464484298,-0.5631184221316329,2.212055368580063,162.53651009104183,147.8304801940918,133.12445029714175,1692264.1,2.806495156400233,6.618650436804092,3.067482033707214,0.3695945317161664,1.5653914873574148,0.060056806412167596,-0.24443880896056758
2026-01-07,162.69955444335938,174.0049615496955,161.2249361251416,171.54726435266593,6088135,157.88246459960936,148.37117385864258,148.93644434611002,63.723987597439546,2.4956416109039026,0.04863358447547417,2.4470080264284286,164.43727068432628,148.37117385864258,132.30507703295888,1957660.85,3.1099028210121276,7.440167101837402,-1.4880893812631357,0.055600146772261105,-0.46058572988449953,0.27011191005656965,-3.1855679624033795
2026-01-08,154.3433837890625,164.66571200425457,153.36030491142517,164.66571200425457,3146206,159.94692993164062,148.42032775878906,149.21498336791993,54.08479023643571,2.4639847389988745,0.5317038153801542,1.9322809236187202,164.55655702681082,148.42032775878906,132.2840984907673,2044757.15,1.5386697633017203,7.955532433969669,-5.135951774966852,-0.13653985571981941,-0.2461598922053443,-4.609399445682117,-2.6000928738279305
2026-01-09,157.29261779785156,160.73339381217957,152.868762922287,153.85184178352355,2043363,159.94692993164062,148.56778945922852,149.6983304341634,56.58112655312301,2.6463692789311324,0.95463690809035,1.6917323708407825,164.98341128685183,148.56778945922852,132.1521676316052,2037609.35,1.0028237257548902,7.943412228092722,1.9108263252927804,0.304299038122946,-0.23579889662018738,0.21964199838957477,1.181199881542283
2026-01-12,157.29261779785156,162.69955153465273,156.30953893661498,158.76723608970642,1744200,159.35708312988282,148.8627136230469,150.14071604410807,56.58112655312301,2.7591050947876568,1.3155305454298114,1.4435745493578453,165.69870163007172,148.8627136230469,132.02672561602205,2035354.45,0.856951475945627,7.736292277418725,0.0,0.15374978232687297,0.918909452108041,0.21964199838957477,1.181199881542283
2026-01-13,162.2080078125,163.19108664772727,155.32645596590908,157.78415305397726,2819410,158.767236328125,149.45256118774415,150.63225555419922,60.71012987044648,3.2080989676980494,1.694044229883459,1.5140547378145903,167.31243061680445,149.45256118774415,131.59269175868386,2132401.05,1.3221762388458775,7.753404064671988,3.1249972716237417,-0.07406428934867426,0.4577823055845309,3.5691918054417737,-1.821151064613169
2026-01-14,164.66571044921875,171.54726252769356,161.22493440998133,163.6826315808652,7551364,159.16046752929688,150.36190948486328,151.0254872639974,62.62401288464102,3.7193713124493115,2.0991096463966294,1.620261666052682,169.3975491027812,150.36190948486328,131.32626986694535,2460906.05,3.0685299830930157,8.09592727174402,1.515154935852281,0.1488727455515093,0.7638548470983331,4.141470678138481,-2.8299702552017636
2026-01-15,166.14031982421875,171.05571390185835,164.1741621931629,167.12339863974668,5643101,161.5198547363281,151.66448898315429,151.2548723856608,63.7645280274482,4.195187472155283,2.51832521154836,1.6768622606069226,171.2962287543702,151.66448898315429,132.03274921193838,2684633.5,2.102000515154117,7.93401053000421,0.8955169664510931,-0.335893987830016,-0.4240196321329548,-1.306238198237275,0.04895143197567453
2026-01-16,166.14031982421875,168.10647745527461,160.7333863388152,167.12339863974668,3552707,163.28939514160157,152.67214431762696,151.36956481933595,63.7645280274482,4.520169506430278,2.9186940705247437,1.6014754359055345,173.1284420874741,152.67214431762696,132.21584654777982,2822143.85,1.2588681473483359,7.859221274864905,0.0,0.16978112646923726,1.9412784151040752,0.41176415586063886,2.152634327339986
2026-01-19,176.462646484375,179.41188291586874,169.08955540564068,169.08955540564068,9275683,167.12340087890624,154.3925323486328,151.64810384114583,70.95888052243751,5.54670662290971,3.444296581001737,2.102410041907973,176.78497787628405,154.3925323486328,132.00008682098158,3263174.45,2.84253359485577,8.58086685043625,6.213017208030869,0.13876592712758207,0.7341591644532297,0.5565342807055895,-3.568004867199648
2026-01-20,172.03880310058594,177.44573691231864,169.08956647600445,172.03880310058594,4061434,169.08955993652344,155.84257431030272,151.84471969604493,65.0023461727494,5.934864075314579,3.9424100798643056,1.9924539954502731,178.8856227727658,155.84257431030272,132.79952584783965,3437065.65,1.1816573826572094,8.550907328553308,-2.5069574053910415,-0.1866616541035815,0.3814914160573224,-3.699392512012789,-1.6389360888739657
2026-01-21,168.10647583007812,174.00494866622122,165.6487788150185,168.59801523309005,3097204,169.7777130126953,156.97311477661134,151.99218139648437,60.16749179627794,5.857652336100529,4.3254585311115505,1.532193804988978,180.09725225023152,156.97311477661134,133.84897730299116,3570922.35,0.867340058514574,8.524942331573232,-2.2857211278136447,0.4225198331249791,-1.617195376823788,-0.18148583570365417,-0.12623123052488694
2026-01-22,172.03880310058594,175.9711186000279,171.5472636631557,172.53034253801619,3735204,170.95740966796876,158.44773330688477,152.24614359537762,63.121503779474956,6.044094860163057,4.669185796921852,1.3749090632412049,181.4594147470721,158.44773330688477,135.43605186669745,3727970.8,1.0019402512487492,8.436902390023437,2.339188452491636,-0.13351674979606987,1.5992608141158327,1.0303069906034024,0.8088984688186862
2026-01-23,167.12339782714844,174.00494950238397,165.15724020565258,173.02187069163602,2850117,171.15402526855468,159.72573547363282,152.50829798380533,57.39196033303561,5.7291773872863985,4.8811841149947615,0.847993272291637,181.60012404971513,159.72573547363282,137.8513468975505,3836963.65,0.7428053169072895,8.491676644251164,-2.8571491924200387,-0.1769903822365304,0.6786024824792181,-0.05999214395631114,0.3009013815283179
2026-01-26,163.68263244628906,167.12340850371857,160.24185638885956,167.12340850371857,2164450,168.5980224609375,160.85627670288085,152.81141408284506,53.7163490211299,5.142680392259933,4.933483370447796,0.2091970218121375,180.9347947225238,160.85627670288085,140.7777586832379,3914473.65,0.5529351308827944,8.276993373665544,-2.0588172725030884,-0.6750241196508577,0.32229317820207104,-4.5918359044999075,-4.050000683971855
2026-01-27,167.12339782714844,169.08955544864432,161.71646436803482,164.17416139490464,1944293,167.61494140625,162.18343276977538,153.13091456095378,56.702591743024826,4.899045165658066,4.92659572948985,-0.02755056383178367,180.0005237123439,162.18343276977538,144.36634182720687,3981672.75,0.488310597599966,8.156473067924738,2.1020955793757956,0.22218190498228818,0.7902828245345717,1.5413631437085407,0.7556060524520625
2026-01-28,160.24185180664062,170.07264026103576,159.25877296120112,169.58110083831602,3044634,166.0420166015625,163.215665435791,153.36849187215168,49.78420672141279,4.103378052973255,4.761952194186531,-0.6585741412132755,177.58085096674293,163.215665435791,148.8504799048391,4085796.55,0.7451751360453814,8.51079229884606,-4.117643675259175,-1.050238363220013,1.5035014375913036,-1.2701324498204714,0.02585866280819804
2026-01-29,155.8179931640625,162.2080055020209,155.32645375345032,161.7164660914087,1908379,162.7978546142578,163.80551223754884,153.56510747273762,45.9064922029712,3.0803295908866346,4.425627673526552,-1.3452980826399177,175.5889736167154,163.80551223754884,152.02205085838227,4131454.75,0.46191453506782326,8.293560225475996,-2.7607385915112026,0.5120485824171128,-0.8156086050381428,-1.6316329018517206,0.3619468062261433
2026-01-30,152.86875915527344,159.75031101435326,152.86875915527344,157.29261392182477,2040790,159.94692687988282,163.5843193054199,153.7863001505534,43.475298886887465,2.0084258937827713,3.9421873175777966,-1.9337614237950254,176.0300208892348,163.5843193054199,151.13861772160502,4002695.25,0.5098539540325984,8.105292443289839,-1.8927429040135224,0.29453572698179276,-1.4522855203057627,0.03190013073708364,2.0607884791807196
2026-02-02,143.52951049804688,150.90260179075477,143.03797107853302,150.90260179075477,1898273,155.9163024902344,162.74870223999022,153.79449259440105,36.82455426767503,0.4007159716145736,3.233893048385152,-2.8331770767705784,178.05478439749027,162.74870223999022,147.44262008249018,3667913.9,0.5175347763752034,8.335358527749916,-6.109324566270868,0.7056381660207167,-1.3713951210479136,-1.6262778281728507,0.22716011288641536
2026-02-03,149.427978515625,150.41105732164885,145.4956632915296,148.44489970960115,1245236,152.3772186279297,161.96223907470704,154.00749282836915,42.77842593418765,-0.39291932180572076,2.508530574346978,-2.9014498961526987,178.32703986772435,161.96223907470704,145.59743828168973,3492709.15,0.35652439024302957,8.141516967196857,4.109585545934391,-0.018679128920895405,1.8066327752278566,7.5526768713854775,11.43288966351108
2026-02-04,150.90260314941406,151.39414257335352,147.46182718183783,147.46182718183783,565260,150.50936889648438,161.37239151000978,154.15495478312175,44.19440183255872,-0.8926017681227165,1.8283041058530394,-2.720905873975756,178.45975439103674,161.37239151000978,144.28502862898281,3216565.4,0.17573402984437997,7.580290090439368,0.9868464048283121,-0.012352394174863779,0.2933689007004636,0.12055545082807484,-2.7344669499464236
2026-02-05,145.98721313476562,150.90260751640758,145.98721313476562,149.9195286400792,774598,148.543212890625,160.95458297729493,154.10580088297527,40.58890912213224,-1.6660296486778066,1.1294373549468701,-2.795467003624677,179.13902307708918,160.95458297729493,142.7701428775007,3097985.0,0.25003284392919917,7.224970662599714,-3.25732619057707,0.26573312511892766,-1.5129881759937458,-1.1137896154563731,0.16263773669660253
2026-02-06,144.02105712890625,144.5125965730322,139.10566268764666,144.5125965730322,1016234,146.77367248535157,160.29100494384767,154.0402623494466,39.210909948032636,-2.4098499242390687,0.42157989910968235,-2.831429823348751,179.9471460002166,160.29100494384767,140.63486388747873,3046628.55,0.33356019065730874,7.179181300535614,-1.3468001502599747,-0.026220914336294587,-0.057700870579924235,-2.070015707137396,0.3247587464799473
2026-02-09,147.953369140625,150.90260573479028,146.47875084354234,150.4110663024294,840870,147.6584442138672,159.82404251098632,153.91737747192383,43.35312118715753,-2.6514637127127685,-0.19302882325480786,-2.4584348894579606,180.21028291342708,159.82404251098632,139.43780210854555,3001462.05,0.2801534672077563,7.139496941248737,2.7303729677522925,-0.2331814588317105,1.9560796184812101,1.6164172504865348,4.9942202013252945
2026-02-10,146.47874450683594,148.93644156231977,145.4956656846424,148.93644156231977,512840,147.06859741210937,159.03757934570314,153.69618479410806,42.192058904811006,-2.928180028170061,-0.7400590642378586,-2.1881209639322026,180.23409093232155,159.03757934570314,137.84106775908472,2886133.55,0.17769101502596787,6.646334132772554,-0.9966820237716112,-0.043710449322398315,2.0625133919167205,1.5295198092137197,2.1581143741346676
2026-02-11,147.953369140625,149.42798743770763,144.51259311409882,148.44490857298587,887578,146.47875061035157,158.20196228027345,153.68799260457357,43.812595350507884,-2.9939771133323916,-1.1908426740567652,-1.8031344392756263,179.77853939479178,158.20196228027345,136.62538516575512,2552944.25,0.34766838327942334,6.415542158217389,1.00671577897109,-0.2613923188501621,1.6108084869157713,1.5295198092137197,2.1581143741346676
2026-02-23,154.3433837890625,157.29262042197453,149.91952883969446,149.91952883969446,1508260,148.14998474121094,157.61211547851562,153.81087748209634,50.31271856635005,-2.5016633805975346,-1.4530068153649192,-1.0486565652326154,178.91824976883106,157.61211547851562,136.30598118820018,2346202.2,0.642851668965275,6.805370041301675,4.318938247606918,-0.21533548382927092,0.49857829689010646,0.24549596349081604,-0.14684137481167925
2026-02-24,160.24185180664062,163.19108834295918,154.34337873400355,154.34337873400355,2367279,151.3941436767578,157.31719207763672,153.93376235961915,55.43748809333607,-1.6169054475016083,-1.485786541792257,-0.13111890570935114,178.2869176232704,157.31719207763672,136.34746653200304,2286930.8,1.0351336384992498,7.077681983655536,3.8216526505855386,-0.24182185904723097,2.7464288213389976,10.068025203659836,-0.42016967721644205
2026-02-25,164.17416381835938,168.59801853202774,163.19108499309974,166.14032146887865,2920303,154.6383026123047,156.70276794433593,153.98291625976563,58.50981812601175,-0.5916040522893411,-1.306950043891674,0.7153459916023328,175.9607609349832,156.70276794433593,137.44477495368866,1969161.8,1.483018307586507,7.248146615886412,2.453985626965771,-0.18355200278042938,2.052545137509143,4.400493838112052,0.3375582014381484
2026-02-26,180.3949737548828,180.3949737548828,160.24185679589047,164.66571173810829,9224703,161.42154846191406,157.12057647705078,154.4334940592448,68.23771898459647,1.5124044323692942,-0.7430791486394803,2.2554835810087743,178.0679755573412,157.12057647705078,136.17317739676034,2227325.25,4.1416057219303735,8.968809328300537,9.88024519769748,-0.3441994373834856,0.004004083061670549,-3.196778664487987,2.207735604895733
2026-03-02,198.09039306640625,198.09039306640625,177.44573671705373,178.42881559083244,8746602,171.4489532470703,158.6197723388672,155.1462262471517,75.09724613407684,4.555209151099518,0.3165785113083194,4.238630639791199,186.13877393189605,158.6197723388672,131.10077074583833,2509795.15,3.484986414130253,10.525588931107468,9.809264051651256,0.4102837192432096,-0.901886354995296,-1.0467383597435598,-3.6296118879569073
2026-03-03,178.42880249023438,197.10729972061702,178.42880249023438,192.68344511342113,5158789,176.2660369873047,158.93927230834962,155.57222696940104,59.675853117331975,5.318815774785008,1.3170259640036572,4.001789810781351,187.25121535479735,158.93927230834962,130.62732926190188,2580974.4,1.9987757336918957,11.743722483782722,-9.925564926099506,0.5099596730266498,-2.1981462640061733,-8.241081598006039,-10.378779215858202
2026-03-04,160.73338317871094,167.6149347521114,160.73338317871094,165.15723776161124,3594012,176.36434326171874,158.61977157592773,155.7196886698405,49.769957315013066,4.4448693864423205,1.9425946484913899,2.5022747379509305,186.68599542148542,158.61977157592773,130.55354773037004,2618169.15,1.3727195586274479,12.537282060814817,-9.917355866630295,0.6310429867452783,-4.35492612031565,-1.9571075423372997,0.5014393089057378
2026-03-05,155.3264617919922,168.106487129308,151.88568573963792,162.2080138967007,7961456,174.5948028564453,158.20196304321288,155.69511184692382,47.19221578496262,3.2781784087553376,2.2097114005441796,1.068467008211158,186.19955100040235,158.20196304321288,130.20437508602342,2908019.45,2.737758855086062,13.028417971328853,-3.3639069120489307,-0.32772450369655814,2.5710975461891383,4.129069717996692,4.252791378188636
2026-03-06,156.8010711669922,161.22492583941516,153.85183471871022,155.8179923508982,3104094,169.8760223388672,157.68584671020508,155.670534769694,47.9834862590288,2.4443787791287264,2.256644876261089,0.18773390286763725,185.36978239902749,157.68584671020508,130.00191102138268,2966009.5,1.046555649939759,12.274374391245665,0.94936133739707,0.8722728245506239,-0.21798613570590541,-0.656512637332729,2.0054680899083577
2026-03-09,141.5633544921875,141.5633544921875,141.5633544921875,141.5633544921875,1157171,158.57061462402345,156.7519218444824,155.49849599202474,41.1259170749419,0.5477164424951582,1.914859189507903,-1.3671427470127449,185.3189572542148,156.7519218444824,128.18488643475,2871636.35,0.40296571674195447,12.669486695720202,-9.717865165969819,-0.3247034292450657,-4.431963003584727,-8.194553689120132,-6.166214701597883
2026-03-10,144.51258850097656,149.42798266767645,141.56335200095663,147.4618250009965,3500123,151.78737182617186,156.18665161132813,155.4411496480306,42.82897111824999,-0.7092478198926244,1.3900377876277976,-2.099285607520422,185.27416794851067,156.18665161132813,127.0991352741456,2951223.55,1.1859904682584959,12.028839225186818,2.083331536871591,-0.0009416103239789919,2.0599268819414984,5.729914739519226,5.142857679404256
2026-03-11,156.8010711669922,157.7841499830862,152.86875590261621,152.86875590261621,4416176,151.00090942382812,156.38326721191407,155.49030354817708,49.39725697145924,-0.7056884644186141,0.9708925372185154,-1.6765810016371296,185.4294847528405,156.38326721191407,127.33704967098765,3069992.85,1.4384971613207502,12.19453552610986,8.503399457087845,-0.0883622645329818,4.095952619427945,2.342048599233282,-2.377726309472461
2026-03-12,149.427978515625,152.86875433670846,148.44489970960115,151.3941361276727,2531850,149.8212127685547,156.67819061279297,155.48211110432942,45.98363482010685,-1.2830246969692212,0.5201090903809682,-1.8031337873501894,185.29143915169306,156.67819061279297,128.0649420738929,3101671.7,0.8162856178492391,11.682753650280684,-4.702195333547743,0.11834075149077528,-1.560441591332784,-1.0111804049482642,0.7886785768886684
2026-03-13,159.25877380371094,161.2249315049913,145.49566989474826,145.49566989474826,3078390,150.31275329589843,157.16973037719725,155.6541498819987,50.859746582954884,-0.9365093040835291,0.22878541148806877,-1.1652947155715978,185.59570837401384,157.16973037719725,128.74375238038067,3193329.4,0.9640064066049685,12.222288044942331,6.578952205431854,0.26499563387061276,-0.5405866913823942,-1.8817179546989804,-0.8515431802177176
2026-03-16,158.27569580078125,165.15724779211956,153.3603015212539,156.80107751692304,3595583,153.65522155761718,157.53838500976562,155.76065012613932,50.37007499998109,-0.7327725913260679,0.03647381092524146,-0.7692464022513094,185.8129792231516,157.53838500976562,129.26379079637965,3344845.55,1.07496234018937,12.165575808398778,-0.6172834183323261,0.8380462709563163,-0.1730779621546441,-1.178082541399017,-3.8765096388950204
2026-03-17,166.14031982421875,169.58109567856647,156.30953166893954,159.2587681155233,7912461,157.98076782226562,158.5460403442383,155.97365036010743,54.17145632202448,0.0625782891008555,0.04169470656036427,0.020883582540491233,186.52218260709378,158.5460403442383,130.5698980813828,3701738.7,2.1374985219783342,12.313040901895866,4.968939788037052,-0.6781109201310698,1.481767774178122,5.406152350388882,1.8594469478302234
2026-03-18,164.66571044921875,171.05572309351678,161.22493440998133,170.07264422516323,5444034,159.55369567871094,159.5782730102539,156.14568913777669,53.346394300170196,0.5673706436905945,0.14682989398641033,0.4205407497041842,186.81146361456913,159.5782730102539,132.34508240593865,3923128.7,1.3876766265659344,11.98207393944781,-0.8875686387026183,-0.18782115046350745,1.5131788114791656,1.1046867758443657,3.935522535698177
2026-03-19,161.2249298095703,165.15724517077933,160.24185096926806,162.6995480700237,2146512,161.9130859375,160.24185104370116,156.30953572591145,51.3799814336836,0.6819192392098614,0.25384776303110057,0.42807147617876085,186.92355404836914,160.24185104370116,133.56014803903318,3988410.8,0.5381872900354197,11.039849974389606,-2.0895550325940704,0.45852337777712027,-1.9182699065508957,-2.497397882724406,-2.9425248013993377
2026-03-20,156.30953979492188,165.15724959463444,156.30953979492188,162.20801299473024,2634293,161.3232391357422,160.73339080810547,156.40784378051757,48.6226201394543,0.3717832460497732,0.2774348596348351,0.09434838641493809,186.70015418281633,160.73339080810547,134.7666274333946,4094483.45,0.6433761504152617,10.747564617765999,-3.0487778908970364,-0.7152438188559485,-0.432775801380203,-2.497397882724406,-2.9425248013993377
2026-03-23,149.91952514648438,154.34337998687243,148.444906866355,150.41106457319415,1553163,159.65200500488282,160.83169860839843,156.4651901245117,45.22476685307691,-0.38518239856412606,0.14491140799504287,-0.5300938065591689,186.60893560461548,160.83169860839843,135.05446161218137,4127762.7,0.3762723569356349,10.363173725872782,-4.088051603773635,0.6905285819817086,-2.448670019784016,-6.403416705603648,-3.995297544157206
2026-03-24,147.46182250976562,153.85183481852215,145.4956648763021,153.36029541015625,1294093,155.9163055419922,160.48762054443358,156.58807500203451,43.95254612221669,-1.169913157831047,-0.11805350517017513,-1.051859652660872,186.80751821029554,160.48762054443358,134.16772287857162,4117054.35,0.31432497363072215,10.095573221385752,-1.6393479330443217,-0.49873146018064585,-0.3369539785315956,0.9977181465204099,-0.24479897214841895
2026-03-25,151.39413452148438,153.36029211267248,150.41105572589032,151.39413452148438,1000042,153.26199035644532,160.04523468017578,156.6781903584798,46.54367234575965,-1.457709653098732,-0.38598473475588646,-1.0717249183428454,186.67809049930133,160.04523468017578,133.41237886105023,4048692.5,0.24700369316760906,9.535959405588567,2.666664459174406,0.20024107948439784,2.535456425815963,3.3022847492585328,2.552146077061379
2026-03-26,154.3433837890625,157.7841598607932,150.90260771733182,153.36030491142517,1711335,151.88568115234375,159.55369567871094,156.88299865722655,48.467909670470746,-1.4313114140504126,-0.5950500706147916,-0.836261343435621,186.22853550597415,159.55369567871094,132.87885585144772,3988244.1,0.4290948490339395,9.182038437304943,1.9480604561728176,0.03163401045052083,-0.3035017473458024,1.7213159238943732,0.33500493719424984
2026-03-27,150.4110565185547,151.39413531932954,145.98720191506777,149.4279777177798,1416252,150.70598449707032,158.05449981689452,157.00588353474936,46.0858638827963,-1.7080077165567502,-0.8176415998031834,-0.8903661167535668,183.11915660025326,158.05449981689452,132.98984303353578,3597821.55,0.39364153566760424,9.071924228863582,-2.5477783199842507,-0.018472719949447214,-0.6750069219611743,0.5909157615554328,0.6677845590941978
2026-03-30,145.00413513183594,146.47875345521055,141.56335904396187,145.98721401408568,1710170,149.72290649414063,155.40018692016602,156.99769134521483,42.95949602711504,-2.336649457728072,-1.1214431713881612,-1.2152062863399107,172.63331031652982,155.40018692016602,138.16706352380223,3245999.95,0.5268545983803851,9.042027328294147,-3.5947632520297867,0.14719379020335932,-1.7951772733723503,-4.743935309973047,-4.3291078689308815
2026-03-31,139.59719848632812,146.47875052438656,138.61411962374834,144.512592799227,1185451,148.1499816894531,153.4586067199707,156.94853744506835,40.03470472385176,-3.2338691359771587,-1.5439283643059607,-1.689940771671198,168.35954423454666,153.4586067199707,138.55766920539475,3047333.05,0.3890126154737173,8.885041137940023,-3.7288154855665945,0.1938961860005195,-2.4453103067768933,-3.5370684776457217,-1.7000000000000015
2026-04-01,143.0379638671875,145.98720023558312,142.0548850777223,145.98720023558312,785273,146.47874755859374,152.57383575439454,156.97311426798504,42.70783074522468,-3.6254888063775184,-1.9602404527202726,-1.6652483536572458,167.7547880931037,152.57383575439454,137.39288341568536,2906896.1,0.27014140615483295,8.552369219448686,2.4647811117759266,-0.31555578204207624,4.5765864674125245,7.685538281020832,5.4425228891149535
2026-04-02,138.61412048339844,144.51259369545795,138.12258104906016,144.02105426111964,985219,143.33289489746093,151.73821868896485,156.9321528116862,40.225012051230216,-4.2438964100261956,-2.4169716441814573,-1.8269247658447383,168.07688979267294,151.73821868896485,135.39954758525676,2558084.25,0.3851393870237073,8.264055009708567,-3.0927756968748943,0.20069684313648306,-1.8158067453737603,-5.257423045491693,-6.150506512301012
2026-04-07,140.5802764892578,143.52951305896252,140.0887370609737,141.07181591754193,739376,141.36673889160156,150.92717895507812,156.9321528116862,41.84324331219873,-4.5231959462063,-2.838216504586426,-1.6849794416198742,167.80902416312912,150.92717895507812,134.04533374702712,2439848.35,0.30304178536342224,7.8175666851559695,1.418438467165295,-0.15330159053532633,2.0182425176967334,-0.5516154452324673,2.7715911902994383
2026-04-08,148.4449005126953,150.41105813538002,146.4787428900106,147.46182170135296,1273360,142.05489196777344,151.27125625610353,157.07961451212566,47.917054678401755,-4.063096561614998,-3.0831925159921405,-0.9799040456228574,167.62167571087363,151.27125625610353,134.92083680133342,2445657.8,0.5206615578025675,8.085995346618134,5.594400736605798,-0.06266985661774749,4.6089884909003676,5.652403592181732,5.947507825668197
2026-04-09,150.90260314941406,152.37722142123243,147.46182718183783,149.91952430153515,1280374,144.31597290039062,151.59075698852538,157.19430694580078,49.68549488371227,-3.4602606902839455,-3.1586061508505017,-0.3016545394334438,167.6318996737478,151.59075698852538,135.54961430330297,2334670.35,0.5484174671597641,7.6632485323216635,1.6556329171500073,-0.5443006460909006,0.28704629430582607,-0.24999999999999467,0.9090909090909038
2026-04-10,151.39413452148438,155.3264497038606,151.39413452148438,153.36029211267248,1065813,145.98720703125,151.32041015625,157.09599889119465,50.05077847008263,-2.909309733602612,-3.108746867400924,0.19943713379831207,167.17296277778598,151.32041015625,135.46785753471403,2167152.2,0.4918034829302713,7.231328268604979,0.32572756321747054,0.01702281183058041,1.596814237549693,3.9097744360902187,4.054054054054057
2026-04-13,157.78414916992188,162.20800381954584,154.34337333132544,154.83491273683921,3326782,149.8212127685547,151.73821868896485,157.05503718058267,54.65928890183243,-1.9347537160014099,-2.8739482371210214,0.9391945211196115,167.8195816323843,151.73821868896485,135.65685574554539,2206898.8,1.5074465580388192,7.709000405865844,4.220780856956319,0.1298647737427494,0.11141546387523071,0.5788712011577379,-1.904761904761909
2026-04-14,161.71646118164062,165.15723695146278,156.30952782906297,162.2080005773295,3633140,154.04844970703124,151.86110305786133,156.99769083658853,57.27190830182561,-0.8354754936867437,-2.466253688434166,1.6307781947474225,168.21960752371382,151.86110305786133,135.50259859200884,2234636.3,1.6258305658061674,7.860828234737038,2.492209789390154,-0.39601185393721705,2.3657534273739955,3.812949640287777,0.3089143865842914
2026-04-15,165.64878845214844,169.0895644734097,160.2418547044522,168.10648561019218,6028662,157.48922729492188,152.2297576904297,157.04684473673504,59.76846152694512,0.3489933857591154,-1.90320427359551,2.2521976593546253,169.5036401261751,152.2297576904297,134.9558752546843,2356290.25,2.558539636617348,7.992412439299765,2.431618427570581,-0.3925227774549067,1.1737329455939083,4.412104412104423,-1.1658600967883848
2026-04-16,172.03880310058594,176.9541974748884,166.140329851423,170.07264535086495,6689235,161.71646728515626,152.52468185424806,157.34176839192708,63.500539116815446,1.7827636947643555,-1.166010679923537,2.9487743746878925,170.96087768490068,152.52468185424806,134.08848602359544,2295128.95,2.9145355863338307,8.43414531709179,3.8575679956049935,0.22210138777056798,1.1161628904905463,6.017699115044239,13.064767415980416
2026-04-17,177.93727111816406,189.2426778466662,172.03879804242382,172.03879804242382,7066964,167.02509460449218,153.18825988769532,157.68584594726562,66.5821941010839,3.3563046767858964,-0.26154760858165027,3.6178522853675465,174.23498312798017,153.18825988769532,132.14153664741048,2376275.45,2.973966675454228,9.60344324871187,3.4285683876383866,-0.09180779659778704,-0.8824720325923185,-4.006677796327207,2.9921259842519587
2026-04-20,179.41188049316406,184.81881387788954,176.954183500107,179.90341989177546,3840088,171.35064086914062,154.097607421875,158.05450032552082,67.32493354682177,4.668520100856483,0.7244659333059765,3.9440541675505068,177.98609225605247,154.097607421875,130.20912258769755,2460954.25,1.5604060904423558,9.371601532587958,0.828724283413762,-0.28518965390006423,0.41968131518117513,3.0000000000000027,-2.828746177370034
2026-04-21,184.81881713867188,192.1919082479274,179.90342306583486,180.88650188040225,5052958,175.9711120605469,155.5230712890625,158.4313471476237,69.96126030742366,6.074729181455382,1.7945185829358579,4.280210598519524,183.08694829217455,155.5230712890625,127.95919428595046,2581887.5,1.957079074901598,9.82605836221134,3.013700447621037,-0.15571306004650287,1.748727177527587,1.5196285352469419,1.337529504327306
2026-04-22,180.3949737548828,191.7003808294395,177.9372765647618,188.2596047632701,4322692,178.92034912109375,157.0468437194824,158.69350153605143,65.31774294546315,6.754333072317991,2.7864814808122844,3.967851591505706,186.60381423177265,157.0468437194824,127.48987320719219,2720363.95,1.5890123819645527,10.350997815873523,-2.393610917047373,0.20051473340130244,0.7269208348100964,2.099792099792097,4.833074534161486
2026-04-23,166.63186645507812,183.83574647256407,162.69955102250992,181.86958875627997,5361169,177.83896179199218,158.00534591674804,158.7016939798991,53.4350000793739,6.111902113068481,3.451565607263524,2.6603365058049575,187.49680552926267,158.00534591674804,128.5138863042334,2923717.75,1.83368213296239,11.789024167097606,-7.629429475405303,-0.04828048118112882,-0.4338092798431781,-1.995520260639383,-1.4256619144602856
2026-04-24,166.63186645507812,173.5134184620725,164.174169309723,169.08956360043325,2398087,175.577880859375,158.76723251342773,158.70988642374675,53.435000079373914,5.538921707809521,3.8690368273727236,1.6698848804367978,188.32678425002288,158.76723251342773,129.20768077683258,2993620.0,0.8010659335520206,11.462387498464526,0.0,0.2008465924816294,3.230220091059155,2.555578641180145,1.0330578512396604
2026-04-27,164.17416381835938,169.58109735728738,160.24184851732082,167.6149397067681,1754077,172.53033752441405,159.25877151489257,158.50507837931315,51.494866324654986,4.830827770186801,4.061395015935539,0.7694327542512616,188.83552617272647,159.25877151489257,129.68201685705867,2995757.1,0.5855204348843903,11.179302343998131,-1.4749295491935932,-0.28544291350430795,1.757483474460031,-0.4051863857374438,1.059676519799213
2026-04-28,166.63186645507812,174.00495789114353,164.174169309723,164.174169309723,2944635,168.8929473876953,160.06981201171874,158.4149627685547,53.32010802775147,4.417057200104551,4.132527452769342,0.28452974733520975,189.51432078765464,160.06981201171874,130.62530323578284,3072176.25,0.9584850478549204,10.999501241169602,1.4970093829367315,0.04993443489185179,-0.23954193004298574,-1.5459723352318933,-1.5084621044885949
2026-04-29,164.66571044921875,168.10648648845614,161.22493440998133,166.63186818592584,1329153,165.7470947265625,161.0528907775879,158.3576166788737,51.645778905826575,3.8856967905971374,4.0831613203349,-0.19746452973776307,189.68106790365687,161.0528907775879,132.4247136515189,3053125.4,0.43534176486822324,10.450441352810296,-1.1799399764806817,0.18216274879112593,-0.5521784247846995,-1.5459723352318933,-1.5084621044885949
2026-04-30,162.2080078125,171.05571732954544,160.7333895596591,165.64878373579543,2552429,164.86232299804686,162.18343124389648,158.19377009073892,49.55118470240882,3.2290512817508272,3.912339312618086,-0.6832880308672586,188.97068125565974,162.18343124389648,135.39618123213322,3121474.3,0.8176998285713902,10.433359541753772,-1.4925406327850443,0.3601646494638011,-0.9588741301665205,6.528925619834713,7.975345536047818
2026-05-04,165.15724182128906,170.56417533329557,161.2249265398298,164.17416300092424,1831200,164.56739807128906,163.28939514160157,158.1610008239746,52.063619972798875,2.9130536526521382,3.7124821806248964,-0.7994285279727582,188.53023977915976,163.28939514160157,138.0485505040434,3173770.65,0.5769793100834176,10.287478108648704,1.8181802788664658,-0.047513033458257414,4.5688819420590665,-0.3491078355314148,-3.9785504238021074
2026-05-05,171.05572509765625,174.004961737271,164.66571237849092,165.15725181842672,2675395,165.94371032714844,164.91147537231444,158.28388570149738,56.70741681728985,3.102814248451409,3.590548594190199,-0.4877343457387897,187.5065374626476,164.91147537231444,142.31641328198128,3258279.45,0.8211066733395136,10.161047608666221,3.5714348407136276,0.13943942787038033,0.1575929637265494,-0.3491078355314148,-3.9785504238021074
2026-05-06,167.12339782714844,172.53033128626208,163.68262198953067,172.53033128626208,3017544,166.0420166015625,166.23863143920897,158.28388570149738,53.019845555148365,2.9024374486701277,3.452926365086185,-0.5504889164160574,185.71984205735117,166.23863143920897,146.75742082106677,3372187.85,0.8948327122405118,9.98593583374158,-2.2988574444163357,-0.16773054363118378,0.9064727604973788,-0.3491078355314148,-3.9785504238021074
2026-05-07,174.49649047851562,178.42880575690472,166.63185992173746,168.598017560932,4781621,168.00817260742187,167.5412109375,158.5214630126953,58.472645254773994,3.300537803381644,3.422448652745277,-0.12191084936363294,185.4318115428487,167.5412109375,149.65061033215133,3547600.9,1.3478463713322433,10.227403833931671,4.411765645761334,-0.4644147517347985,1.9323088936799904,9.92604126119112,4.3415600792650055
2026-05-08,184.32728576660156,191.70037719726562,180.886509765625,181.86958862304687,10225215,172.4320281982422,169.2124450683594,158.9966178894043,64.4048903325929,4.35904981021514,3.60976888423925,0.7492809259758899,186.80082712635095,169.2124450683594,151.62406301036782,3994842.95,2.559603751131193,11.15760155190745,5.633806881231407,-0.020386521399129442,-0.7865731014896293,3.5764872521246494,0.9495856353591181
2026-05-11,183.34420776367188,187.27652321168628,174.00495857463764,184.81882605667727,5601713,176.06942138671874,170.80994873046876,159.5045420328776,63.42909808771196,5.060270375902633,3.899869182571927,1.1604011933307055,187.35712077925479,170.80994873046876,154.26277668168274,4221637.95,1.3269051174793423,11.43946329659294,-0.5333328697599726,-0.29019653733958206,0.44735470056218585,1.8803418803418737,0.4275696938601081
2026-05-12,190.71730041503906,192.6834581512766,176.95419626137647,183.83574833820776,7738985,180.00173645019532,172.45660629272462,160.2910051981608,67.4164397388886,6.140159744275081,4.347927294912559,1.7922324493625226,190.0663754876167,172.45660629272462,154.84683709783252,4442248.1,1.7421325477070946,12.011436442367232,4.02144836823588,0.16229616472482888,0.2590609403122279,1.9798657718120838,0.8514986376021882
2026-05-13,209.3957977294922,209.3957977294922,181.3780501459686,184.8188261649978,10270677,188.45621643066406,174.8405731201172,161.29046885172525,74.88660397162806,8.406276160599873,5.159597068050022,3.2466790925498508,198.2746061895671,174.8405731201172,151.4065400506673,4774124.95,2.1513213641381546,14.145611261188082,9.79381381437603,0.4762074815726436,-1.2502179290078241,0.18098058571898168,-1.5028706518068202
2026-05-14,227.58274841308594,230.04044548018192,219.22657838495968,228.07428782650513,12052710,199.07346801757814,177.93727111816406,162.56847127278647,79.75379039442541,11.536736357145628,6.435024925869143,5.101711431276485,210.74913813848107,177.93727111816406,145.12540409784705,5075327.35,2.3747650484061884,15.012149459788303,8.685442057957893,0.18380143583822672,0.9117934959939067,4.1057644933486515,5.331733241899528
2026-05-15,216.27734375,245.27816938920452,214.31118607954545,217.26042258522727,13071494,205.4634796142578,180.14919815063476,163.73997344970704,70.59464038501346,12.956047690635927,7.739229478822501,5.216818211813426,217.00240697464966,180.14919815063476,143.29598932661986,5394440.3,2.423141841054391,17.139460639771073,-4.9676017808544355,0.01710987032821354,-1.3877038088223825,-2.965767471209968,-2.571614583333337
2026-05-18,215.2942657470703,223.65043587880592,210.87041097144558,216.76888400561188,6799567,211.8534912109375,182.01704788208008,164.92786026000977,69.84350809110907,13.841974305636654,8.959778444185332,4.882195861451322,222.0479863271101,182.01704788208008,141.98610943705006,5381070.45,1.263608618987696,16.55820254211631,-0.45454506971661646,0.07160020197189976,-0.6813771830388338,0.32515038205169766,-0.5178750417641154
2026-05-19,206.44654846191406,221.19273049490792,198.58191804431735,215.29425768171038,6791571,214.9993408203125,183.36878128051757,165.90274658203126,63.31410994098427,13.67253224842375,9.902329205033016,3.770203043390733,224.82955816307123,183.36878128051757,141.9080043979639,5528644.6,1.2284332763947243,17.365217196579543,-4.109592633345205,-0.1041563196208406,-1.751601452995355,0.1458434613514914,0.26868178001679954
2026-05-20,227.09121704101562,227.09121704101562,204.480403223079,204.480403223079,13702399,218.53842468261718,185.48240127563477,167.24628779093425,70.29275156853062,15.030834315340002,10.928030227094414,4.102804088245588,231.33211478851806,185.48240127563477,139.6326877627515,5961116.65,2.298629569679701,18.064630079427154,10.000006652041527,0.5549209970649338,-0.38515527018477824,-0.25889967637540146,-1.4235471445319003
2026-05-21,249.7020263671875,249.7020263671875,238.3966196615865,240.85431677149975,4736657,222.9622802734375,188.94775390625,168.94209874471028,75.73670591336432,17.727450817543513,12.287914345184234,5.439536472359279,242.93320426542576,188.94775390625,134.96230354707424,5981814.9,0.7918427900535672,18.67078731232645,9.956707978753787,-0.434932134128041,3.3667241562741257,9.133679428942255,6.727828746177367
2026-05-22,274.27899169921875,274.27899169921875,255.60049405661962,257.566651703209,12360327,234.56260986328124,194.33011016845703,170.9410255432129,80.02216457366949,21.598717951824625,14.150075066512311,7.448642885312314,259.29579045497,194.33011016845703,129.36442988194403,6331772.8,1.9521115792404933,19.45827771495376,9.842517375446036,-0.12788229491633718,2.1749981256365514,5.990783410138256,7.2906717605857985
2026-05-25,269.36358642578125,292.9574772076015,265.9228106867658,283.1266893818431,12812617,245.37647399902343,199.4666961669922,172.75972112019858,77.08952510150459,23.993510665396542,16.11876218628916,7.874748479107382,271.1130538614941,199.4666961669922,127.82033847249028,6852499.3,1.8697728287254258,20.468462889071358,-1.792118763083339,-0.354352809800873,3.256436796480777,11.192145862552593,10.237388724035611
2026-05-26,264.93975830078125,272.31284990469914,246.75279901111725,266.4143766215648,6441553,257.0751159667969,204.50497589111328,174.43914769490559,74.4452362668271,25.243444471865757,17.94369864340448,7.299745828461276,279.7815557196591,204.50497589111328,129.22839606256747,7086873.1,0.908941490711891,21.147341289672763,-1.6423259668095214,0.029903373699946556,-0.27272077978219844,1.879414732593343,-2.3687752355316283
2026-05-27,280.66900634765625,290.9913340767294,271.8212968655935,273.7874545282741,10058258,267.790673828125,210.2068328857422,176.11038157145182,77.41201653156645,27.18981758925628,19.79292243257484,7.396895156681438,290.5122238551155,210.2068328857422,129.90144191636887,7442554.25,1.3514524264300793,21.80123922117615,5.936914922756853,-0.007951228100844254,1.6804674357044913,-3.181874458338496,-0.5238489109456901
2026-05-28,278.2113037109375,292.9574858864289,265.431279158845,285.0928553928335,9774639,273.492529296875,215.8841125488281,177.44573008219402,75.9287278176491,28.208842270445018,21.47610640014888,6.732735870296139,298.6501420295429,215.8841125488281,133.11808306811332,7864828.55,1.2428292540464851,22.564568222030523,-0.8756587229565627,0.06360275198662446,-1.4017266590648503,9.18158567774936,5.210643015521055
2026-05-29,282.14361572265625,302.7882705316311,275.2620641196646,294.9236401282121,7598871,275.0654541015625,221.88089294433593,179.17431030273437,76.69805795775576,28.99944385042579,22.98077389020426,6.01866996022153,305.6455938504115,221.88089294433593,138.11619203826038,8117150.65,0.9361500516194066,23.22611998068865,1.4134263990238205,-0.1331620395565447,2.512808021606805,12.73131881002576,8.219178082191792
2026-06-01,279.6859436035156,309.1783102400902,277.2282463838011,292.95750858997417,8999545,277.1299255371094,227.60732803344726,181.15685297648113,75.08289855582406,29.09232943377924,24.20308499891926,4.889244434859982,310.70081301250775,227.60732803344726,144.51384305438677,8475567.9,1.0618220638642986,24.389312497435377,-0.8710713204854059,-0.03531969758715503,1.352401006913162,8.987012987012989,-0.09737098344693162
2026-06-02,284.601318359375,285.0928577693221,265.4312813714378,275.26206957038,5456189,281.06223754882814,233.28460769653321,183.31143391927083,76.16403649905004,29.22567618834097,25.207603236803603,4.018072951537366,315.6216626910299,233.28460769653321,150.94755270203657,8614607.6,0.6333647745023233,23.758947684161896,1.7574622065481549,-0.2623166699323165,0.48391828547871274,-2.4785510009532885,-6.21345029239766
2026-06-03,277.2282409667969,288.0421085222393,273.29592549209053,283.1267141788564,4408379,280.37408447265625,238.78984985351562,185.31855341593425,71.17530889658961,28.408928284520186,25.84786824634692,2.5610600381732667,317.1274308852104,238.78984985351562,160.45226882182084,8684149.35,0.5076350972706383,22.557245730293477,-2.5906687414806395,0.47142964549633515,1.9795979840295574,1.8572825024437911,2.6240581969342758
2026-06-04,265.9228210449219,278.70284571621204,265.4312816344876,273.29591220143544,2358363,277.9163879394531,243.36116638183594,187.39121119181314,64.2284299173011,26.543420750328437,25.986978747143226,0.5564420031852109,316.3922516580044,243.36116638183594,170.33008110566746,8562986.45,0.27541360876496546,21.319154843817604,-4.078018849179599,0.08672630642823087,-1.682551333517468,-4.95201535508637,0.0
2026-06-05,290.9913330078125,292.46595124940615,249.70202224319044,258.54973169275235,13995077,279.68593139648436,248.6943687438965,189.83252360026043,70.9898369751082,26.77911898410875,26.14540679453633,0.6337121895724174,319.1053203330857,248.6943687438965,178.2834171547073,8751479.55,1.5991669660017658,24.178458065470686,9.426987824657541,-0.007936817364084803,-1.3278310983176,-2.110258481421645,4.075949367088616
2026-06-08,278.2113037109375,289.5167100454809,261.990503317897,261.990503317897,10922717,279.39100341796876,253.43772354125977,191.85602747599285,64.31557549286973,25.63911818080578,26.044149071790223,-0.4050308909844418,317.8373028265572,253.43772354125977,189.03814425596232,9017529.75,1.2112759594721603,24.821440948729997,-4.391893450837547,0.2701335531519966,-3.4793152912322878,-10.149561629706039,-9.632692775480422
2026-06-09,292.9574890136719,300.82211959122014,266.90590022554335,289.02517372489774,18553424,281.06223754882814,258.5497329711914,194.24818598429363,68.04835842143355,25.630105345606438,25.96134032655347,-0.3312349809470305,318.02995557583233,258.5497329711914,199.0695103665505,9558251.7,1.9410897078594407,26.03407807098957,5.3003544809436365,-0.01931012262229581,2.7622605307562997,11.261623234990248,3.2301480484522305
2026-06-10,290.4997863769531,321.9583080827484,287.55054996703484,290.0082469753001,33525944,283.7165466308594,262.6049324035645,196.43553619384767,66.79427164547073,25.13490698409541,25.796053658061858,-0.6611466739664493,318.9512560577456,262.6049324035645,206.25860874938337,10721015.05,3.1271240496952757,27.15056874361943,-0.8389280796313958,-0.13014202626587812,-3.308177660269873,-10.751134956665286,-5.0847457627118615
2026-06-11,282.14361572265625,301.8051917312037,275.7536035198783,297.87287652949425,22139781,286.96070556640626,265.33297576904295,198.5000015258789,62.571941255052394,23.793904261382522,25.395623778725994,-1.6017195173434722,319.7914123812654,265.33297576904295,210.8745391568205,11225368.6,1.9722987982773235,27.004038005980227,-2.8764808258598507,0.3452662184263211,-0.17600272119220328,3.6647398843930645,-2.1703296703296737
2026-06-12,288.0421142578125,302.29675813746536,287.0590353695606,293.94058758732405,11167575,286.37086181640626,268.9212142944336,200.53169809977214,64.28805231348406,22.942640994125554,24.90502722180591,-1.962386227680355,319.05559599525577,268.9212142944336,218.7868325936114,11130172.65,1.0033604465246098,26.090585260490748,2.0906014548826013,-0.22369454265829258,2.3628988702241616,-4.583472733355642,-1.6006739679865212
2026-06-15,316.5513916015625,316.5513916015625,296.3982750555003,296.88981448345305,13925508,294.03887939453125,273.9840705871582,203.06312611897786,71.16885870775222,24.288486587153557,24.78171909487544,-0.49323250772188487,321.7092729957699,273.9840705871582,226.25886817854652,11486469.7,1.212340115257519,26.413077538258648,9.897607305518076,0.10766774191464101,2.7801130493521287,17.57830762038335,11.472602739726035
2026-06-16,295.90673828125,335.7214323024813,295.90673828125,329.82295911415076,14598332,294.62872924804685,278.457080078125,205.30782292683918,61.87218993017747,23.41926521611458,24.509228319123274,-1.0899631030086923,314.9858896870412,278.457080078125,241.9282704692088,11876807.75,1.2291461062001277,28.199959735988333,-6.521738292118318,-0.298612606480253,0.9079966328300548,4.671968190854869,-2.662570404505893
2026-06-17,311.1444396972656,314.58521549170615,291.97440312823977,291.97440312823977,9392131,298.7576599121094,282.6597412109375,207.88840459187824,65.4587039600224,23.686908241038452,24.344764303506313,-0.6578560624678609,313.1468240864939,282.6597412109375,252.1726583353811,11661294.35,0.8054106789612081,27.454740086318743,5.149494568634205,0.143723164615861,0.14887671372583178,3.1813865147198417,0.7364544976328213
2026-06-18,342.1114501953125,342.1114501953125,316.5513993186512,316.5513993186512,10035329,310.7512268066406,287.28021240234375,211.09160334269205,71.35572877336725,26.096966625184393,24.695204767841933,1.4017618573424606,324.09058053149846,287.28021240234375,250.46984427318904,11926227.95,0.8414503766046163,27.923042807882496,9.952615745978566,0.2360263790704975,1.2812598662263142,8.099401748734468,0.6527415143603221
2026-06-22,340.6368103027344,365.2137807430471,330.31448271780306,359.80684724617834,11875051,321.270166015625,290.59810333251954,214.31118647257486,70.73641780809773,27.57015258571772,25.270194331417095,2.299958254300627,333.86956470399616,290.59810333251954,247.3266419610429,11901964.15,0.997738763983758,28.853210170197368,-0.4310407885314116,0.2089372068782236,2.746813790663727,4.255319148936176,3.9396265029419286
2026-06-23,309.6698303222656,335.22987980918276,307.7036726694258,335.22987980918276,7208228,319.89385375976565,292.61341552734376,216.94911473592123,59.13028682890092,25.93986793999312,25.4041290531323,0.5357388868608197,335.47325662798215,292.61341552734376,249.7535744267054,11621744.7,0.620236305827644,29.397200498612193,-9.09090827645651,-0.04731370199756446,-1.3423606797903442,-10.16326530612245,-2.9534826482894405
2026-06-24,314.09368896484375,317.04292548094554,298.85596696498436,299.83904580368494,4980622,323.5312438964844,295.07111206054685,219.61161982218425,60.13653820369558,24.71986877377651,25.267276997261146,-0.5474082234846342,336.8735390833556,295.07111206054685,253.2686850377381,11548698.15,0.4312712944185834,27.902501567592058,1.4285726956269285,0.0476551235367495,-2.244229984227597,0.22716946842344932,-3.2208977935582084
2026-06-25,310.6529235839844,323.4329489213002,305.2459897874277,319.5006334328953,5058305,323.4329406738281,296.57030792236327,222.28231760660807,58.92142527279206,23.207844054492284,24.855390408707372,-1.6475463542150877,338.34860557602883,296.57030792236327,254.79201026869768,11298700.5,0.44768909486537856,26.607095909762783,-1.0954582985092998,0.3340466665395114,0.45969504788345716,7.207615593835004,2.4109014675052443
2026-06-26,295.4151916503906,314.09368962495773,295.4151916503906,307.2121377395909,3180637,314.09368896484375,297.4305023193359,224.78916854858397,53.74243048031114,20.54318688024233,23.992949703014364,-3.4497628227720334,338.3161111771101,297.4305023193359,256.54489346156174,10969000.4,0.28996598450301814,25.549949518403363,-4.905066322182627,0.16348102632479655,-3.6395859356203264,-8.921775898520078,-8.52098259979529
2026-06-29,290.0,307.0,288.0,300.0,3434890,303.96632690429686,297.8233215332031,227.29588190714517,51.99339510386817,17.789401020838795,22.75223996657925,-4.9628389457404545,338.2387800911648,297.8233215332031,257.4078629752414,10760801.35,0.319203922484825,24.67662291594958,-1.833078258480103,-0.04080504718203537,0.9605559714053191,-0.278551532033422,0.5034965034965033
2026-06-30,319.0,319.0,295.5,300.0,3434350,305.8323608398438,299.78902435302734,230.22858250935872,59.579985033056296,17.742538583746693,21.75029969001274,-4.007761106266045,340.3142643395721,299.78902435302734,259.2637843664826,10482541.6,0.3276256971877889,25.25307319382297,10.000000000000009,0.05934599029766563,2.50225391133696,6.098696461824948,-0.6401335930976915
2026-07-01,305.5,331.5,300.0,325.0,9897284,304.113623046875,300.8339584350586,233.01001383463543,55.206232740757066,16.42670575031275,20.68558090207274,-4.258875151759991,340.7839605972833,300.8339584350586,260.8839562728339,10704596.35,0.924582644351648,26.085996767979907,-4.2319749216300995,-0.09885131953493165,1.9361745317864276,4.344010530934628,3.6414565826330625
2026-07-02,299.0,308.0,297.0,300.0,3250498,301.7830383300781,301.92254638671875,235.65034255981445,53.18189993426203,14.69006514576688,19.486477750811567,-4.7964126050446865,340.3205883526931,301.92254638671875,263.5245044207444,10646702.3,0.305305615617711,24.074530532249252,-2.127659574468088,0.1897318900919931,-0.5845045481542077,-8.536585365853655,-1.0810810810810811
2026-07-03,292.0,304.0,283.5,295.0,5145184,301.1,303.22640533447264,238.04292755126954,51.012499265787476,12.603636579290594,18.109909516507372,-5.506272937216778,338.0852831326295,303.22640533447264,268.3675275363158,10786043.35,0.47702237354720073,23.597926461282686,-2.341137123745818,0.11318580885453233,0.07800105377469002,1.885057471264373,1.0655737704918122
2026-07-06,284.0,297.5,280.5,292.0,3459982,299.9,302.87683868408203,240.2612174987793,48.57381933291956,10.187162499238923,16.525360113053683,-6.33819761381476,338.3864673168701,302.87683868408203,267.36721005129397,10259288.6,0.3372535986559536,22.718202933111662,-2.73972602739726,-0.009085485277215977,-0.4793234110779254,-7.490974729241873,-5.3527980535279855
2026-07-07,262.5,289.0,259.5,284.0,4232005,288.6,302.09127349853514,242.11298192342122,42.669988734329436,6.462720841087389,14.512832258660426,-8.050111417573037,340.4771081395836,302.09127349853514,263.7054388574867,9924753.0,0.42640910055897613,23.622442542030107,-7.570422535211263,0.3974618785651973,-2.31392776703252,-10.126829268292681,-4.113110539845755
2026-07-08,272.0,273.0,258.0,265.5,3240971,281.9,301.04339904785155,244.01657943725587,45.80446489984879,4.228896512437814,12.456045109415903,-8.22714859697809,341.56393662062715,301.04339904785155,260.52286147507596,9159130.35,0.3538513893952825,22.472783536426093,3.6190476190476106,0.25268356539331904,0.5613583571852931,-2.008250108554055,-1.7575215966636915
2026-07-09,275.0,281.5,271.5,275.0,2482135,277.1,300.2684097290039,245.90463841756184,46.79376444709339,2.669872932869737,10.498810674106672,-7.828937741236935,342.20613306043424,300.2684097290039,258.3306863975736,7606939.9,0.3262987525377977,20.80974573156928,1.1029411764705843,-0.08308174762022835,-0.8304486270893752,4.9628891104464445,2.546998180715576
2026-07-10,275.0,275.0,275.0,275.0,0,273.7,299.9112289428711,247.72715861002604,46.79376444709339,1.4179898100415471,8.682646501293647,-7.2646566912521,342.61363326749586,299.9112289428711,257.20882461824635,6499950.85,0.0,18.035112967360043,0.0,-0.03737569847767075,-0.8304486270893752,4.0633245382585725,0.20697811945593614
2026-07-13,258.0,277.0,255.5,276.0,2927643,268.5,298.4091232299805,249.15984522501628,41.78138266341403,-0.9351150845963616,6.7590941841156456,-7.694209268712007,344.82180670150683,298.4091232299805,251.99643975845413,6087954.25,0.4808910973665743,18.497097905045372,-6.181818181818177,0.005918645015356994,0.057127944892587657,-8.052738336713993,-5.488344644437893
2026-07-14,246.0,260.0,235.0,255.5,3155250,265.2,294.88155364990234,250.29422403971355,38.6353848991287,-3.7253241606278493,4.662210515166947,-8.387534675794797,345.97661673741743,294.88155364990234,243.78649056238729,5549441.35,0.5685707445128689,19.364151517705988,-4.651162790697672,0.19595735310091733,-1.4159606790255297,0.3750275755570298,0.9678426475179469
2026-07-15,250.0,250.5,241.5,248.5,2078164,260.8,292.58621673583986,251.4706926981608,40.25039074925101,-5.549843246856199,2.619799762762318,-8.169643009618516,347.471326240055,292.58621673583986,237.7011072316247,4923432.95,0.42209653733580343,17.982264648678523,1.6260162601626105,-0.08736726929839955,1.9975001997308173,0.0,0.37105751391466324
2026-07-16,236.5,248.5,235.5,248.0,2057786,253.1,288.85399475097654,252.3320457458496,36.73632225748766,-7.992986767441323,0.49724245672158984,-8.490229224162913,348.38098794600353,288.85399475097654,229.32700155594955,4556715.7,0.451594116350072,17.517962695521387,-5.400000000000005,0.23962128796235493,-0.014484209344078902,-7.692307692307687,-4.959950708564387
2026-07-17,218.0,229.0,217.5,223.0,2430360,241.7,282.64842224121094,252.95879618326822,32.543324064013134,-11.29182585886906,-1.86057120639654,-9.431254652472521,344.6249853374087,282.64842224121094,220.67185914501317,4176467.25,0.5819176482229089,17.71556766945187,-7.822410147991543,0.16578843836740909,-6.473889757658291,-9.142857142857142,-3.792544570502432
2026-07-20,207.5,221.5,200.5,221.5,2650304,231.6,275.99158172607423,253.63993174235026,30.421031789603973,-14.585311462023355,-4.405519257521903,-10.179792204501453,340.29932862007877,275.99158172607423,211.68383483206966,3715229.9,0.7133620452397845,18.15349198019162,-4.816513761467888,0.15093593640875813,-0.5192494034838457,-9.142857142857142,-3.792544570502432
2026-07-21,219.0,219.5,208.5,212.5,3129188,226.2,271.4580902099609,254.51273396809896,35.39074407316677,-16.082084382306334,-6.74083228247879,-9.341252099827544,338.4951185134456,271.4580902099609,204.4210619064762,3511277.9,0.8911820964099709,17.333026382832738,5.542168674698789,-0.11480806865203919,4.200670223388481,4.834905660377364,3.5377358490566113
2026-07-22,219.0,236.0,219.0,233.0,2413296,220.0,266.7034057617187,255.42649790445964,35.39074407316677,-17.07149810181801,-8.806965446346634,-8.264532655471374,334.4929275278946,266.7034057617187,198.91388399554282,3382911.6,0.7133783809189693,17.288622865121706,0.0,0.15336368301654968,1.3404288294859956,3.9495063117110263,1.1064106736088597
2026-07-23,214.0,224.0,212.0,223.0,1728211,215.5,261.87075958251955,256.215966796875,34.160424176010736,-18.05099320283921,-10.65577099764515,-7.3952222051940595,330.2462568424386,261.87075958251955,193.49526232260052,3216406.9,0.5373110597418504,16.583473149772146,-2.2831050228310557,0.16612166048495247,0.055832476427841726,2.6572081279307547,0.2896684905053126
2026-07-24,207.0,221.5,207.0,212.0,1779694,213.3,257.45,256.921538289388,32.45913546024714,-19.17109912867818,-12.358836623851754,-6.812262504826425,328.0891124698352,257.45,186.8108875301648,3146359.75,0.5656358908100068,16.305676729802528,-3.2710280373831724,-0.2473849217723867,-2.6665489151664,-2.6587022721948905,-3.0487804878048808
2026-07-27,212.0,212.0,202.0,207.0,1683160,214.2,253.55,257.75140482584635,34.95115257273568,-19.431340533495842,-13.773337405780572,-5.65800312771527,325.227567510416,253.55,181.872432489584,3058773.25,0.5502728912644963,15.464919832495525,2.4154589371980784,0.0721389858897803,-0.047299308791204364,-2.514739501864993,-0.2979145978152964
2026-07-28,193.0,204.0,193.0,204.0,1946300,209.0,247.25,258.21545079549156,30.366124004131777,-20.929463109538233,-15.204562546532106,-5.724900563006127,316.82426929093947,247.25,177.67573070906056,2984370.75,0.6521642795219059,15.936263854829456,-8.9622641509434,-0.06281056383515837,-4.65422176004644,-11.71315724512466,-2.8054448871181914
2026-07-29,185.0,197.5,178.0,195.0,3421453,202.2,241.225,258.44785537719724,28.661233503743574,-22.502870106613727,-16.66422405854843,-5.838646048065296,310.42910316402197,241.225,172.02089683597802,2660579.2,1.2859805113112213,16.41142867418553,-4.145077720207258,0.1913253481581556,-3.759743710600294,-12.889696630784286,-6.199829205807006
2026-07-30,176.5,193.5,170.0,170.0,3633842,194.7,235.1,258.6041320800781,26.93111786271966,-24.157216100258466,-18.16282246689044,-5.994393633368027,304.45765430380476,235.1,165.74234569619523,2679746.4,1.3560395117985793,17.35657151762746,-4.594594594594592,-0.04603973420009844,-0.26443825042463676,2.9690258385491886,2.3852876911871768
2026-07-31,194.0,194.0,188.0,193.5,1684151,192.1,230.2,258.92919057210287,35.55623438221902,-23.782048817783476,-19.28666773706905,-4.495381080714427,296.4073298533899,230.2,163.99267014661007,2506694.75,0.6718612228313798,17.375695315277135,9.915014164305958,0.14251061606802562,7.979428588197601,15.586034912718194,6.989151698381657
2026-08-03,204.0,208.5,196.0,202.5,2519743,190.5,226.2,259.25706914265953,39.920446386038435,-22.419373040143114,-19.913208797683865,-2.506164242459249,288.2580373521415,226.2,164.14196264785843,2459682.8,1.0244178639619712,16.992269273240183,5.154639175257736,-0.3145609094511337,0.6184176769345795,-3.438511326860838,2.7925531914893664
2026-08-04,206.0,208.5,199.5,204.0,1950032,193.1,223.375,259.63466567993163,40.78417516866737,-20.936713977431793,-20.11790983363345,-0.8188041437983422,283.59204165153716,223.375,163.15795834846284,2345584.15,0.8313630529947093,15.926633370141491,0.9803921568627416,0.3186484533235223,-0.059350381622413906,-0.446864962993998,-1.2936610608020649
2026-08-05,210.0,217.5,208.0,212.5,1861718,198.1,220.275,259.95604400634767,42.56269784447387,-19.217403156476394,-19.937808498202042,0.7204053417256482,276.1813832152496,220.275,164.36861678475043,2276621.5,0.8177547299803678,15.33641558745596,1.9417475728155331,-0.002778949738335701,2.88496854462601,9.819048954972654,3.2110091743119185
2026-08-06,210.0,210.0,200.5,208.0,1622266,204.8,217.025,259.96611404418945,42.56269784447387,-17.651363018617047,-19.480519402285044,1.8291563836679963,266.75212380688316,217.025,167.29787619311685,2233628.05,0.7262919177613301,14.558226842461831,0.0,-0.4022170511909673,-0.48171851317403425,-5.2113935368501725,-4.349206349206347
2026-08-07,207.0,219.5,205.0,219.0,1756973,207.4,213.625,259.62306823730466,41.479067304842026,-16.462569599854135,-18.87692944179886,2.4143598419447265,255.3103817618528,213.625,171.9396182381472,2321476.7,0.7568342167724534,14.550463263466922,-1.4285714285714235,-0.17977012124817948,-0.38468864916847423,-2.1290931141355607,-0.8297378028543023
2026-08-10,218.0,220.5,210.0,211.5,1942741,210.2,211.625,259.6517791748047,46.824912911977705,-14.46607823643754,-17.994759200726598,3.528680964289059,247.82310259639007,211.625,175.42689740360993,2272231.6,0.8549925104465583,14.410401495004667,5.31400966183575,0.08787349343861717,1.589230295129762,0.536968194960763,1.907630522088355
2026-08-11,219.0,227.0,213.5,214.0,3757663,212.8,210.275,259.7135414123535,47.29625760921355,-12.657247929071957,-16.927256946395673,4.270009017323716,242.91413537296256,210.275,177.63586462703745,2302352.25,1.6320973473976452,14.289014629004045,0.4587155963302836,-0.02481586909149902,0.4272475445720847,0.536968194960763,1.907630522088355
2026-08-12,230.5,234.0,217.0,218.0,3474470,216.9,209.3,260.1144322713216,52.50962724103009,-10.178452127813216,-15.577495982679183,5.399043854865967,237.8517074795859,209.3,180.7482925204141,2372167.55,1.464681531454218,14.65047934513684,5.251141552511407,-0.055858442703549116,0.8806410303470624,3.231991235277998,2.266009852216744
2026-08-13,253.5,253.5,229.5,230.5,3836240,225.6,210.15,260.55457865397136,60.850602371829865,-6.285624054145387,-13.719121596972425,7.433497542827038,242.82559849248278,210.15,177.47440150751723,2461090.25,1.5587563276072465,15.897082099118595,9.97830802603037,-0.02110518697276964,1.1059567173957285,10.254709472008482,3.885677585099545
2026-08-14,228.5,250.0,228.5,249.5,5033520,229.9,210.675,260.2012115478516,50.47359069395944,-5.158358480141885,-12.006968973606318,6.848610493464433,244.20781974424216,210.675,177.14218025575786,2591248.25,1.9425078241731566,17.110804485902783,-9.861932938856011,-0.24284380760136726,-0.45732720428869333,-0.9144507279509106,-0.7727975270479082
2026-08-17,220.0,226.5,219.5,226.0,1781683,230.3,211.3,259.2965616861979,47.50718644356117,-4.8944511674024795,-10.58446541236555,5.69001424496307,245.04891811131205,211.3,177.55108188868797,2547817.2,0.6992978146155854,16.029363887782413,-3.7199124726477018,-0.4168200504919728,0.10097531306225704,0.6678809957498588,1.0591900311526459
2026-08-18,213.0,221.5,212.0,220.0,1462221,229.1,211.0,258.35716857910154,45.15364039081924,-5.190313515912578,-9.505635033074954,4.315321517162376,244.56690099048615,211.0,177.43309900951385,2464468.85,0.5933209502729158,15.15878203607809,-3.1818181818181857,-0.4373220778009723,-1.1962985353416111,-9.577804583835947,-3.2367447595560983
2026-08-19,218.5,226.0,207.0,207.0,2415869,226.7,210.975,257.5831726074219,47.36025505169736,-4.924219190489879,-8.58935186455794,3.6651326740680616,244.51754956885034,210.975,177.43245043114965,2464597.5,0.980228617451734,15.670944431267678,2.5821596244131495,0.09921712609282096,-1.3006958690137793,-2.2011739594450352,-4.237018158649253
2026-08-20,214.0,222.0,212.5,221.0,1218220,218.8,210.975,256.4720225016276,45.738825051193366,-5.018598631363915,-7.875201217919136,2.856602586555221,244.51754956885034,210.975,177.43245043114965,2439097.95,0.49945513668280517,14.848151840431989,-2.0594965675057253,-0.20952662644722064,0.47940480185713064,-1.7187286864002171,0.1663339986693213
2026-08-21,210.5,217.0,210.5,213.0,779463,215.2,211.15,255.34350077311197,44.46376505515291,-5.3145529097539566,-7.3630715562861,2.048518646532144,244.64171146480783,211.15,177.65828853519218,2389086.4,0.326259862347381,13.73506492837439,-1.6355140186915862,0.07292445718072305,0.6466205402973157,-1.582234559333795,0.996346728661579
2026-08-24,210.0,216.0,209.5,209.5,632210,213.2,211.05,254.14110717773437,44.273884763608976,-5.525747254250376,-6.995606695878956,1.4698594416285795,244.54296862579156,211.05,177.55703137420846,2336538.9,0.2705754224763816,12.77038960459114,-0.23752969121140222,-0.05119683229035665,-1.0215058314384073,-0.33845719926667295,0.03288391976323801
2026-08-25,209.5,211.0,203.5,210.0,893311,212.5,211.875,252.97134145100912,44.07120366454757,-5.668127469975502,-6.730110850698265,1.0619833807227632,244.29149190409495,211.875,179.45850809590505,2283889.45,0.391135831902897,12.067670990645654,-0.23809523809523725,-0.03142551921185843,0.9095610374029395,0.8914673836139864,0.2301117685733045
2026-08-26,209.5,213.0,208.5,210.5,744310,210.7,213.1,251.7196528116862,44.07120366454757,-5.715084875800329,-6.527105655718678,0.812020779918349,242.99384728105412,213.1,183.20615271894587,2150032.3,0.3461854968411405,11.0586481918929,0.0,0.09398842232435367,1.4681604395669012,0.7713884992987419,-0.5903574942604184
2026-08-27,217.0,218.5,209.0,212.5,1214414,211.3,215.125,250.71584879557292,48.19676569686615,-5.088455095454549,-6.239375543665853,1.1509204482113038,239.57015881465097,215.125,190.67984118534903,2029060.9,0.5985103749227044,10.850828432973845,3.5799522673030992,-0.11305637616038089,0.3111269939336747,1.7258176757132926,1.5176509402837324
2026-08-28,223.0,233.0,219.0,224.5,3970726,213.8,216.575,250.0004684448242,51.292194921352646,-4.060885266460502,-5.803677488224783,1.7427922217642804,239.10982684762521,216.575,194.04017315237476,2143389.65,1.8525451030334126,11.537384641910666,2.764976958525356,-0.4558916903721677,0.774831481905669,1.2039950745656114,1.1374715632109123
2026-08-31,215.5,226.0,211.5,219.5,1678808,214.9,217.15,248.74227956136068,47.47354079523888,-3.8078218931294145,-5.404506369205709,1.5966844760762946,238.90727343598547,217.15,195.39272656401454,2101342.9,0.7989214896816698,11.932400022989246,-3.363228699551568,-0.11023270076141456,-0.4381051578845385,-2.7849128024874936,-1.0925449871465265
2026-09-01,215.5,223.5,215.0,216.0,1501251,216.1,217.625,247.69709116617838,47.47354079523888,-3.5661588867517082,-5.036836872714909,1.470677985963201,238.76332886886374,217.625,196.48667113113626,2078903.85,0.7221358505829887,11.474746686590679,0.0,0.19604210375987474,1.7781860578235609,1.3767209011264159,0.032488628979865375
2026-09-02,209.0,214.5,208.5,212.0,1097746,216.0,217.575,246.29779968261718,44.16838440469213,-3.854700304697957,-4.800409559111519,0.9457092544135621,238.79384713371644,217.575,196.35615286628354,2040705.25,0.5379248179030264,10.878113795045255,-3.0162412993039456,-0.04102653494677533,-1.6699071260597553,-5.075445816186552,-6.333225073075677
2026-09-03,203.0,211.0,203.0,210.5,930450,213.2,217.225,244.83946990966797,41.309399586728695,-4.515469788220571,-4.74342160493333,0.22795181671275877,239.18782744715492,217.225,195.26217255284507,2006114.45,0.4638070375296883,10.494365289039221,-2.8708133971291905,0.16164441336217195,-0.6651369315447186,-0.2745664739884357,-1.7857142857142905
2026-09-04,214.0,215.5,206.5,206.5,1615521,211.4,217.575,243.70374298095703,47.960039191115285,-4.1042154543625315,-4.615580374819171,0.5113649204566393,239.06985862638408,217.575,196.0801413736159,1999041.85,0.8081476633418154,10.761783250500658,5.418719211822665,-0.09708022272419958,1.5122200906831251,4.202289523257496,2.6478375992939007
2026-09-07,213.5,221.0,213.5,221.0,1959232,211.0,217.35,242.46137440999348,47.69547319418835,-3.7751219967317127,-4.4474886992016796,0.6723667024699669,238.92020362004828,217.35,195.7797963799517,1999866.4,0.9796814427203737,10.326878817100571,-0.2336448598130869,-0.23473421241366754,1.6651381893682204,5.965790571547758,2.510748065348234
2026-09-08,206.5,213.0,206.0,210.5,991519,209.2,216.725,240.62718454996744,44.03322549196996,-4.032668467286129,-4.36452465281857,0.3318561855324411,238.8120883930868,216.725,194.63791160691318,1861559.2,0.5326282398110144,9.949961641487162,-3.2786885245901676,-0.3671620448905233,-0.46588983968915976,-7.834645669291341,-6.894816305988927
2026-09-09,208.0,210.5,207.0,207.0,493250,209.0,215.6,239.16207224527994,45.007655591272126,-4.06883543461754,-4.305386809178365,0.23655137456082453,237.01470227866903,215.6,194.18529772133095,1712498.2,0.28802949982662757,9.156633422622207,0.7263922518159882,-0.0180897502252253,0.1646891802691508,1.495087569414788,1.3513513513513598
2026-09-10,207.0,210.5,202.5,209.0,884300,209.8,213.275,237.42633158365885,44.452000690671646,-4.130574962474157,-4.270424439837523,0.1398494773633665,225.48144782157695,213.275,201.06855217842306,1564901.2,0.5650835976098683,9.002415632939247,-0.48076923076922906,-0.11174924474647296,-0.5147388760934346,5.569584736251398,1.351111111111103
2026-09-11,201.0,210.0,201.0,203.0,840080,207.2,211.9,235.07447408040363,41.167921422899525,-4.610506786721061,-4.338440909214231,-0.2720658775068294,223.0336379830078,211.9,200.76636201699222,1355229.2,0.619880386284475,9.002093548547347,-2.898550724637683,0.5434767453688316,-1.6097760087677493,-2.299003322259141,-1.4734257147868801
2026-09-14,199.0,202.0,194.5,197.0,669377,204.3,210.85,232.71386057535807,40.10432478431214,-5.093524520399171,-4.48945763145122,-0.6040668889479512,222.70482357966986,210.85,198.99517642033013,1299613.9,0.515058356947398,8.801814408741034,-0.995024875621886,0.13023751389060756,-0.6979172181896032,-2.5163220892274185,0.28484956382410775
2026-09-15,199.0,204.5,199.0,200.0,559839,202.8,210.15,230.8693634033203,40.104324784312126,-5.413911354244988,-4.6743483760099735,-0.7395629782350142,223.07529140462884,210.15,197.22470859537117,1254494.8,0.4462664970791429,8.361572487575563,0.0,0.13069434131136592,-0.7653989654031412,3.23705874145388,0.6035860110065627
2026-09-16,201.0,202.0,198.0,202.0,436100,201.4,209.275,228.98446858723958,41.84677815049659,-5.44368552487353,-4.828215805782685,-0.6154697190908447,222.1895980233649,209.275,196.3604019766351,1155506.35,0.37741030155308103,7.780029489232154,1.005025125628145,0.17592593539166312,0.7413735937723764,3.1625895391269143,1.3587436033174471
2026-09-17,200.0,205.0,199.0,203.0,510072,200.0,208.575,227.14025319417317,41.201373514730406,-5.484748644028372,-4.959522373431822,-0.5252262705965496,221.92169286850321,208.575,195.22830713149676,1120098.95,0.4553811964559024,7.5426922240012,-0.497512437810943,0.2712983686560255,0.9577145306960189,-2.646403773090533,-2.2980501392757646
2026-09-18,207.5,207.5,201.5,203.0,2758209,201.3,208.425,225.675,47.71460340476827,-4.85612574713798,-4.938843048173053,0.08271730103507302,221.7480113555002,208.425,195.1019886444998,1219036.25,2.262614421843485,7.536999927467707,3.750000000000009,-0.026676874442554954,1.9286856204631775,4.467770152065675,1.3898788310762633
2026-09-21,209.0,210.5,204.0,207.5,1019641,203.3,208.375,224.325,48.932987871679124,-4.188616346472969,-4.788797707833037,0.6001813613600682,221.68061812483924,208.375,195.06938187516076,1238407.8,0.8233483348538341,7.398733270472013,0.7228915662650603,-0.13186898734366403,1.1404859900489006,4.467770152065675,1.3898788310762633
2026-09-22,210.5,217.5,206.0,213.0,1420127,205.6,208.425,222.51666666666668,50.183145941669785,-3.4982472565334604,-4.530687617573122,1.0324403610396615,221.7559098674688,208.425,195.09409013253122,1264748.6,1.122853189954114,7.945568834409078,0.7177033492822948,-0.22226247695271706,1.1404859900489006,4.467770152065675,1.3898788310762633
2026-09-23,206.0,214.5,206.0,209.5,714646,206.6,208.25,220.85833333333332,46.5049912901856,-3.2764680862784985,-4.279843711314197,1.0033756250356989,221.61334342027703,208.25,194.88665657972297,1263265.4,0.5657132697531335,8.0194929898212,-2.137767220902609,-0.18557623162702708,1.1404859900489006,4.467770152065675,1.3898788310762633
