Date,Close,High,Low,Open,Volume,MA5,MA20,MA60,RSI,MACD,MACD_signal,MACD_hist,BB_upper,BB_mid,BB_lower,Volume_MA20,Volume_ratio,ATR,pct_change,usdtwd_pct,twii_pct,onsemi_pct,vishay_pct
2023-12-20,85.9509506225586,87.22295341286775,84.22466161655741,84.58809197548253,18090000,84.24283447265626,79.31382942199707,76.29434242248536,68.84632255259535,2.3257265508310496,1.596942157741656,0.7287843930893936,85.75771174028007,79.31382942199707,72.86994710371407,8228150.0,2.1985500993540468,2.9905473354857484,2.159828996119373,-0.33465989557395215,0.33367432683415466,-4.2128862223521075,-1.8196871262284198
2023-12-21,83.77037048339844,86.40523176611269,83.31608429437381,83.58865878053143,10002000,84.2791763305664,79.69088630676269,76.37914237976074,61.29561695804784,2.3370341175823057,1.7449605497097862,0.5920735678725195,86.25618223992468,79.69088630676269,73.1255903736007,8591550.0,1.1641671176912198,3.0036940203194997,-2.537005260984093,0.12791495872452874,-0.5186161111112364,3.0553202080549235,1.0109396574011775
2023-12-22,85.9509506225586,86.13266926794992,84.31552440518185,84.67894783224943,8353000,84.53357696533203,80.14517250061036,76.52451400756836,65.38414125834356,2.4932098676756027,1.8946104133029498,0.5985994543726529,87.13111794227954,80.14517250061036,73.15922705894117,8771050.0,0.9523375194532011,2.918174655550431,2.603044640458285,-0.3736782960108931,0.30147861455658287,0.4303653362638382,1.5846775269031443
2023-12-25,86.22352600097656,89.4943854008282,86.13267014328632,87.04124258390387,21852000,85.20592041015625,80.69940185546875,76.68199996948242,65.86948400464894,2.608901042606263,2.0374685391636125,0.5714325034426504,87.77131685012532,80.69940185546875,73.62748686081218,9787800.0,2.232575246735732,3.0015426719129867,0.31712898629236985,-0.36226354270691985,0.04665088698287967,0.4303653362638382,1.5846775269031443
2023-12-26,85.9509506225586,87.04124169933397,85.04237819117455,86.22352512471682,8140000,85.56934967041016,81.17185974121094,76.81980018615722,64.88969213718894,2.6480673056826163,2.1595882924674132,0.48847901321520304,88.32509128968921,81.17185974121094,74.01862819273266,10142300.0,0.8025792966092503,2.867852116745844,-0.3161264576617806,0.127733444468503,0.8343763777672208,1.7378872126501355,0.1641946906407732
2023-12-27,84.31552124023438,86.67780808678833,84.13380260166421,86.13266603479238,6718000,85.24226379394531,81.50348892211915,76.94094314575196,59.19985222471703,2.5181141159908407,2.231293457172099,0.28682065881874186,88.59034702380218,81.50348892211915,74.41663082043611,10357350.0,0.6486215103284141,2.8246725658629472,-1.9027472883993757,-0.5678033131921834,0.7873572184754041,-0.4913983420460899,-0.8196772823554466
2023-12-28,82.77095794677734,84.40639131007691,82.77095794677734,84.13381677224083,4811000,85.0423812866211,81.60797500610352,77.065114847819,54.35252175366287,2.264389455460929,2.237912656829865,0.026476798631064113,88.7054012378025,81.60797500610352,74.51054877440453,9904650.0,0.4857314493697405,2.6661073388544967,-1.8318848899198659,-0.31445393355279405,0.1054642742363665,-0.08230416497647663,-0.5371859828566694
2023-12-29,83.1343765258789,83.77037444786941,82.04409239336445,82.77094617108827,3103000,84.47906646728515,81.78968963623046,77.18171475728353,55.280347723566706,2.068787976108453,2.2040877206855827,-0.13529974457712957,88.84585861976873,81.78968963623046,74.73352065269219,9763750.0,0.3178082191780822,2.5407973009412252,0.43906532933355447,-0.4788328985291246,0.11413168589380351,-1.7062891508092815,-0.41544915609637023
2024-01-02,79.2275161743164,83.86124129124764,79.2275161743164,83.77037849926248,9159000,83.07986450195312,81.81694679260254,77.24380048116048,44.749891916108375,1.580304646848873,2.0793311059182407,-0.4990264590693676,88.82663453774886,81.81694679260254,74.80725904745621,10088050.0,0.907905888650433,2.819854343073226,-4.699452278139516,-0.044000291677548375,-0.4297116466016604,-2.490125537473631,-1.9190623170008303
2024-01-03,77.13780212402344,78.4098049359864,76.41094139379956,78.22808628750161,8608000,81.31723480224609,81.807861328125,77.2680290222168,40.325075551362175,1.0128797820568707,1.8660408411459666,-0.8531610590890959,88.84251988459151,81.807861328125,74.77320277165849,10416250.0,0.8264010560422417,2.8194170680657087,-2.6376114653085647,0.6860424901047546,-1.649228076412912,-2.627378109060352,-1.786479776460892
2024-01-04,77.41036224365234,78.3189346029997,76.50178988430498,78.13722290387302,4234000,79.93620300292969,81.82603225708007,77.29831466674804,41.142532638191895,0.5785160396169431,1.608535880840162,-1.0300198412232189,88.81061011531428,81.82603225708007,74.84145439884587,10575250.0,0.40036878560790523,2.6857807548162436,0.35334182738404607,0.5275459898703483,-0.055014439343803456,-3.9213222873369924,-1.8189666660113013
2024-01-05,75.50237274169922,77.410373589611,75.50237274169922,77.22866186385102,5272000,78.48248596191407,81.78060379028321,77.2846861521403,37.291467113773294,0.0794055000609859,1.3027098046843268,-1.223304304623341,88.9235023678886,81.78060379028321,74.63770521267782,10775000.0,0.48928074245939673,2.582076767228982,-2.46477273410457,0.03898027981255048,-0.17384828156632448,-0.6561680052816987,-0.8381288413830679
2024-01-08,75.1389389038086,76.32008586251922,75.0480830451057,76.22923000381634,2318000,76.8833984375,81.6852035522461,77.25137176513672,36.588923039213036,-0.34153230005030366,0.9738613837374008,-1.3153936837877045,89.13852355564728,81.6852035522461,74.2318835488449,10841800.0,0.21380213617664964,2.4074002405869206,-0.48135419417077996,-0.3284639253521182,0.3054917612432817,2.9590562529290487,1.7348982304391747
2024-01-09,75.04808807373047,75.86580472056326,74.7755204793583,75.59323019433295,2745000,76.04751281738281,81.47623214721679,77.24077173868815,36.404291913988615,-0.6746821264679426,0.6441526816963322,-1.318834808164275,89.43678746059385,81.47623214721679,73.51567683383973,10817300.0,0.25376018045168386,2.2317847740026586,-0.12091045123012734,-0.7463136321570363,-0.21152131518220596,-1.167569455484041,-2.536076791611952
2024-01-10,73.77607727050781,75.13893589199643,73.59436556038563,75.13893589199643,3282000,75.37516784667969,81.24454612731934,77.207457224528,33.83029700310907,-1.0294792097990353,0.30942630339725874,-1.338905513196294,89.82635541684877,81.24454612731934,72.66273683778991,10836450.0,0.30286671373005,2.140156181683744,-1.6949276602129748,1.1070581272880409,-0.3983884913753566,-1.84343527385199,0.4486254114496546
2024-01-11,74.68465423583984,74.68465423583984,72.9583720889136,73.59437004495402,4290000,74.83002624511718,81.06283187866211,77.15597152709961,37.24355439601762,-1.2232431016724234,0.002892422383322296,-1.2261355240557457,90.04981656310899,81.06283187866211,72.07584719421523,11003900.0,0.38986177627931917,2.0849729770494103,1.2315333085556102,0.18254264271539977,0.45626438441657147,-1.5606405179875549,0.9379128899244416
2024-01-12,72.9583740234375,74.5029444901237,72.8675112285729,74.5029444901237,4141000,74.32122650146485,80.5313175201416,77.10448582967122,33.68791106762822,-1.4988212891532129,-0.29745031992398474,-1.2013709692292283,90.12616557076572,80.5313175201416,70.93646946951748,10231800.0,0.4047186223342911,2.0492623144117488,-2.3114255934707617,-0.7192046382251016,-0.18517891834584077,-1.2898012636524236,-0.8406981165444583
2024-01-15,74.59379577636719,75.59322407183504,73.2309371193135,73.2309371193135,3579554,74.21219787597656,80.02705993652344,77.11054306030273,39.57359561485677,-1.5671885464710869,-0.5513979652334051,-1.0157905812376817,89.76311430339501,80.02705993652344,70.29100556965187,7636477.7,0.46874411746137884,2.1273406789431877,2.2415819634416634,0.587818268824547,0.19408761589856383,-1.2898012636524236,-0.8406981165444583
2024-01-16,75.3206558227539,75.95665375092123,73.77607853285711,75.04808132104931,4541000,74.26671142578125,79.65000228881836,77.13022880554199,42.03604870680924,-1.5449098008235183,-0.7501003323514278,-0.7948094684720904,89.50716184354876,79.65000228881836,69.79284273408796,7113027.7,0.638406061598776,2.1344386174926457,0.9744242652108159,0.38422436149399,-1.1395293752028635,0.44916540842754316,-0.5354731732666984
2024-01-17,73.23094177246094,77.68294838809159,73.23094177246094,76.41094550764598,12789000,74.15768432617188,79.10485916137695,77.10297164916992,37.32650059122081,-1.676549969347235,-0.9353902597505893,-0.7411597095966457,89.1225625484975,79.10485916137695,69.0871557742564,7301377.7,1.7515872381180884,2.4434476839110464,-2.7744235992986144,0.8430854010390787,-1.066936498019444,-2.073179329841457,-2.512345752767764
2024-01-18,72.41321563720703,74.41207902470134,72.32235978592482,74.13950453899758,4568000,73.70339660644531,78.42797241210937,77.03482869466146,35.64365125218151,-1.82581258545477,-1.1134747248914256,-0.7123378605633444,88.32671153231072,78.42797241210937,68.52923329190801,6625277.7,0.6894805330197706,2.3962838912264433,-1.116640200797503,0.2686100789593082,0.3845752896719512,1.3145214082805223,2.2089193918052974
2024-01-19,72.9583740234375,73.4126602703285,72.1406573926621,73.3217974754639,2517000,73.70339660644531,77.88737258911132,77.00000012715658,37.66147840148408,-1.8784608312476507,-1.2664719461626706,-0.6119888850849802,87.73846654722809,77.88737258911132,68.03627863099456,6251027.7,0.4026537908318659,2.2463797560851035,0.752843775039258,0.12079320549103212,2.6337127016353046,0.8877376605330056,0.4502595960418132
2024-01-22,73.50350952148438,74.04865158234487,73.14007917029157,73.68522123115207,2008000,73.48533935546875,77.26500053405762,76.99394289652507,39.69755419627346,-1.8548159033922076,-1.384140737608578,-0.47067516578362967,86.52623011039003,77.26500053405762,68.00377095772521,5933777.7,0.3384016222919844,2.0922327964614063,0.7471870163550332,-0.6231681074182815,0.7554784976987472,1.7869224932244743,1.613629054692245
2024-01-23,74.77552032470703,75.50237417338766,72.59494491494885,73.14008703442387,5701000,73.37631225585938,76.69260025024414,77.00454305013021,44.27144940476189,-1.713682224577255,-1.4500490350023134,-0.26363318957494153,84.98716111212549,76.69260025024414,68.39803938836279,5126227.7,1.1121238332819277,2.2009256580583934,1.7305443121064412,-0.05034596135321534,0.3339315281947419,2.0747406675633684,0.4411143533090689
2024-01-24,75.04808807373047,75.86580472056326,74.68465768270943,75.04808807373047,2610000,73.73974151611328,76.14745712280273,77.07722892761231,45.230102681883054,-1.5618349666140574,-1.4724062213246623,-0.08942874528939515,83.22362189697898,76.14745712280273,69.07129234862649,4849727.7,0.5381745453461232,2.064955175364452,0.36451468052622893,0.0860763428329081,0.006938533336109387,-2.0846885656300884,-1.0540054982422054
2024-01-25,73.866943359375,75.59322547827506,73.77608056839482,75.41151376003012,2364000,74.03048706054688,75.62502822875976,77.12871475219727,41.868943060654075,-1.519289998510402,-1.4817829767618103,-0.03750702174859177,81.62270049987735,75.62502822875976,69.62735595764217,4632027.7,0.5103596422793413,2.031913806633224,-1.5738505066179131,-0.328079755907984,0.709276503221834,-3.2734518090801634,-1.2872010829558023
2024-01-26,73.32179260253906,74.13950917896948,73.14008088860233,73.59436710530173,1642000,74.1031707763672,75.15256996154785,77.13628616333008,40.377524826047406,-1.5121310098177076,-1.4878525833729899,-0.024278426444717782,80.19227738247575,75.15256996154785,70.11286254061996,4473577.7,0.36704403278834297,1.8942490711310809,-0.7380172131716489,0.07350350663963834,-0.04215966405062277,-1.3481955207300333,-0.49461381701702
2024-01-29,74.13951110839844,74.32122975892183,73.04922693268902,73.32179451068751,1203000,74.23037109375,74.70282669067383,77.15748621622721,43.62160832421117,-1.4240587474421318,-1.4750938161868183,0.05103506874468655,78.07188914768054,74.70282669067383,71.33376423366713,4378577.7,0.2747467516677847,1.8112829051446444,1.1152462001195795,-0.13380371723147322,0.6924221152651233,1.8267990173177928,0.9037746413023573
2024-01-30,73.32179260253906,74.59379539566888,73.2309367455707,74.23036503593785,1163000,73.9396255493164,74.40754051208496,77.15294329325359,41.207047216186865,-1.4040587788410335,-1.4608868087176616,0.05682802987662816,77.06741092523828,74.40754051208496,71.74767009893165,3978777.7,0.29230082394399665,1.7514930044717818,-1.102945640771491,-0.2817131452696353,-0.46910447933337096,-0.6162653641876292,-0.04478037152347847
2024-01-31,73.14007568359375,74.86636457057172,72.95836398258851,72.95836398258851,3371000,73.55802307128906,74.20765419006348,77.15294329325359,40.66831992107756,-1.3868845544814974,-1.4460863578704288,0.05920180338893144,76.58999594854009,74.20765419006348,71.82531243158687,3716927.7,0.906931818985879,1.7723606822733056,-0.247834801217095,-0.0830523890604784,-0.804398568682585,-1.9842944019041409,-2.643379239916721
2024-02-01,73.68522644042969,73.86694509480164,73.23094020228665,73.4126588566586,1021000,73.5216796875,74.02139739990234,77.16505750020345,43.072810958019296,-1.3141362037458606,-1.4196963270455152,0.10556012329965458,75.8727487269522,74.02139739990234,72.17004607285249,3556277.7,0.2870979395113042,1.6329618461312498,0.7453516444176023,0.2756859522162314,0.43907634242430493,-1.3215167275527295,1.196511931507338
2024-02-02,74.04865264892578,74.86636921792345,73.95779679278326,74.23036436121083,2020000,73.66705169677735,73.94871139526367,77.20442899068196,44.68228888677788,-1.213172457007488,-1.3783915530379098,0.16521909603042184,75.66442349397994,73.94871139526367,72.2329992965474,3393677.7,0.5952244669551265,1.5727193036462515,0.4932144828107443,-0.035210710893140984,0.5110182189104195,0.9118098979732814,-0.3183459224452956
2024-02-05,73.68522644042969,74.6846547779728,73.23094020228665,74.59379891671577,1251000,73.5761947631836,73.87602577209472,77.23925755818685,43.36202859790153,-1.1492357437790162,-1.332560391186131,0.18332464740711485,75.5001557792065,73.87602577209472,72.25189576498295,3340327.7,0.3745141532071838,1.5568520065849045,-0.4907938166264114,0.29391269736438463,0.2001149817599579,9.543970538021496,-1.2317495908557907
2024-02-15,74.23036193847656,74.68464813621965,73.59436403437915,74.1395060852994,1592000,73.75790863037109,73.83513946533203,77.27105751037598,45.94223890934914,-1.0425595812198765,-1.2745602291928801,0.23200064797300368,75.3739655461503,73.83513946533203,72.29631338451377,3282677.7,0.4849699378041286,1.4946429526189835,0.7398165471983464,-0.3927712441166409,3.0310448098840537,-1.285656233506005,2.907264404108889
2024-02-16,75.22980499267578,75.95665882602411,74.68465595284205,74.95723047275892,3863000,74.1758544921875,73.90782585144044,77.32860056559245,50.403302838629344,-0.8673727192648357,-1.1931227272072713,0.3257500079424356,75.56749414322422,73.90782585144044,72.24815755965665,3311727.7,1.166460636241319,1.5255301439427922,1.3464073569081858,-0.26288406984117385,-0.20016719009597894,-2.4559703416997647,-0.0896902695421975
2024-02-19,75.95665740966797,76.8652298833048,75.68408982669163,75.86580154867585,3844000,74.63014068603516,73.97142601013184,77.35585759480794,53.414270956359516,-0.6622509369557861,-1.0869483691569743,0.4246974322011883,75.84069089775862,73.97142601013184,72.10216112250505,3289427.7,1.168592335985983,1.54018277683429,0.9661761280159498,0.2255126060222823,0.15343901570623597,-2.4559703416997647,-0.0896902695421975
2024-02-20,75.3206558227539,76.04750960753692,75.138937177665,76.04750960753692,1996000,74.88454132080078,74.08954010009765,77.38311475118002,50.52394200858503,-0.5447311379551678,-0.9785049229166131,0.43377378496144525,75.98759152694777,74.08954010009765,72.19148867324753,3182177.7,0.6272434125850357,1.4559680639059747,-0.83732171557237,0.21989185165642855,0.6297522514733034,-1.4877901551704764,-1.9748757716502197
2024-02-21,75.1389389038086,75.6840879197413,74.95722718640282,75.6840879197413,1369000,75.17528381347657,74.11679725646972,77.38917172749838,49.69649989926941,-0.4609453956573759,-0.8749930174647658,0.41404762180738985,76.06044825940789,74.11679725646972,72.17314625353156,3071650.0,0.44568879917959403,1.3587537531636427,-0.24125774923273724,-0.07738215560203487,-0.40979551571411754,0.19362530465383276,-1.923083496489586
2024-02-22,75.41151428222656,76.68351711432243,75.22980256272335,76.04751223234561,2415000,75.41151428222656,74.12134017944337,77.38311449686687,50.99300551438729,-0.3683044517536018,-0.7736553043225329,0.4053508525689311,76.0772249713897,74.12134017944337,72.16545538749703,2965350.0,0.8144063938489554,1.3835303474770015,0.36276181483865244,0.15456807377836057,0.9448801440578247,0.9533597495294144,0.4668658001962367
2024-02-23,74.32123565673828,76.13838071502667,74.04866112525171,76.13838071502667,2778000,75.22980041503907,74.17585487365723,77.36797167460124,45.897357325796996,-0.3784991074034991,-0.6946240649387263,0.3161249575352272,76.08752359126741,74.17585487365723,72.26418615604705,2464800.0,1.1270691333982472,1.4776889131167292,-1.445772089137376,0.08814408362198822,0.19312885212652287,-2.769267677441356,0.8828798269174154
2024-02-26,74.13951110839844,74.5937973369203,73.68522487987656,74.50294147758748,1471000,74.86637115478516,74.2621696472168,77.33465716044108,45.0886034160623,-0.39666953825144446,-0.6350331596012699,0.23836362134982547,75.98533601647524,74.2621696472168,72.53900327795834,2309950.0,0.6368103205697093,1.401806718973665,-0.24451228068806952,0.4705245996972307,0.31161383748661287,1.8112576574324857,0.5527479498716348
2024-02-27,72.41321563720703,75.32065140123773,71.95892944893883,74.32122317341913,5103000,74.28488311767578,74.23491172790527,77.2710568745931,38.20205433514294,-0.5440953602558238,-0.6168455997321808,0.07275023947635695,76.05919668463545,74.23491172790527,72.41062677117509,2439250.0,2.092036486624987,1.6631287500836953,-2.328441940583359,-0.16865689324997435,-0.494196611994846,-0.7734929437689941,-0.3206515178934666
2024-02-29,72.68579864501953,73.68522699001697,72.32236826542285,72.41322412735754,1942000,73.79425506591797,74.19402618408203,77.20139973958334,39.76643262558911,-0.6316548912855637,-0.6198074580428574,-0.011847433242706318,76.1210879626814,74.19402618408203,72.26696440548267,2435950.0,0.7972249019889571,1.6230927466850853,0.3764271554769216,0.2277027285789046,0.5959315304422619,3.203866757071383,-0.5487223325505663
2024-03-01,72.1406478881836,73.32178781537104,72.1406478881836,73.14007611329824,2081000,73.14008178710938,74.06228256225586,77.15142822265625,37.71039370250548,-0.7365451267825307,-0.6431549917907922,-0.09339013499173854,76.17343306279773,74.06228256225586,71.95113206171399,2254950.0,0.9228585999689571,1.5641657040854,-0.750009997824097,-0.10426928511686473,-0.16259934881998062,2.8129767767489433,3.4023000618559562
2024-03-04,71.59551239013672,72.4132220560167,71.41379373960737,72.3223661966809,3427000,72.59493713378906,73.88965377807617,77.06965688069661,35.721476830126235,-0.8538170019957789,-0.6852873938317896,-0.16852960816398932,76.21514961445229,73.88965377807617,71.56415794170005,2295800.0,1.4927258471992333,1.4888673857285917,-0.7556565043494223,-0.17586998206308158,1.9506877426717306,-1.5528742244373395,1.6007144031102483
2024-03-05,71.59551239013672,72.4132220560167,71.32293788027157,71.68636824947252,3187000,72.08613739013671,73.77608222961426,76.96819979349772,35.721476830126235,-0.9359665680232894,-0.7354232286700896,-0.2005433393531998,76.31803633562679,73.77608222961426,71.23412812360174,2336950.0,1.3637433406790902,1.4357229577307982,0.0,-0.1584294895698446,0.4227301850537213,-3.6179262506481624,0.0
2024-03-06,71.32293701171875,72.59493982250311,71.14122529525999,71.68636737649395,2582000,71.86808166503906,73.67613945007324,76.81222813924154,34.66136245776791,-1.011406382784486,-0.7906198594929689,-0.22078652329151705,76.44072914751743,73.67613945007324,70.91154975262904,2383950.0,1.0830764068038339,1.4381218336657746,-0.38071573108193757,0.09901968214427459,0.5804392720889506,0.8182944542059367,0.8315265754554879
2024-03-07,68.59722137451172,71.86808087487184,68.59722137451172,71.50465050108564,6607000,71.0503662109375,73.3990249633789,76.63051376342773,26.266638508786414,-1.2764216573428513,-0.8877802190629454,-0.38864143827990594,76.96343644287654,73.3990249633789,69.83461348388127,2654150.0,2.489309195034192,1.682486855891687,-3.821653666280145,-0.2425451004595569,0.9952604831186207,6.879665226661902,1.8229051044968303
2024-03-08,68.50636291503906,71.3229360742759,68.23378841207588,68.96064913207266,7447000,70.3235092163086,73.1582534790039,76.4609135945638,26.040239112700235,-1.4767565597343406,-1.0055754871972244,-0.47118107253711616,77.34146925548926,73.1582534790039,68.97503770251855,2968350.0,2.5088011858439874,1.8700416300661316,-0.1324520988636113,-0.09280926429229286,0.4661471561968833,-4.83365740174051,-1.0230225879252375
2024-03-11,69.77836608886719,69.96007780392655,68.23378878343217,68.77893086046788,2095000,69.96007995605468,72.99016799926758,76.33522783915201,34.54602250833328,-1.515414631106239,-1.1075433159790273,-0.40787131512721175,77.43822851979527,72.99016799926758,68.5421074787399,2904550.0,0.7212821263190512,1.8508746154565643,1.8567664662122674,0.05789736572445747,-0.2994150887593805,3.356556843968206,-0.1722646374109571
2024-03-12,70.41436767578125,71.14122843743573,69.77836970822706,70.32351181353893,1849000,69.72385101318359,72.82662506103516,76.22468490600586,38.36296194418342,-1.4776974421297382,-1.1815741412091696,-0.2961233009205686,77.40567613693895,72.82662506103516,68.24757398513137,2945950.0,0.6276413381082503,1.785806313204828,0.9114595576859452,-0.28868258741585606,0.9554392072756546,1.2132326988749886,0.2588384986862202
2024-03-13,69.051513671875,70.86865876850328,68.77893913463738,70.86865876850328,2307000,69.26956634521484,72.57676811218262,76.10202776590982,33.81271387380917,-1.5400247793728141,-1.2532642688418985,-0.28676051053091567,77.41316871521806,72.57676811218262,67.74036750914718,2960300.0,0.7793129074755937,1.8263280892929707,-1.9354771602600018,0.11670135758301559,0.07009439745004897,-3.269157365252817,-2.247184670606117
2024-03-14,69.4149398803711,70.59607996264633,68.77893497589241,69.0515094966487,1525000,69.43311004638672,72.36325378417969,75.97482770284017,35.992944249163145,-1.5423153343200084,-1.3110744819375206,-0.23124085238248782,77.36773328924033,72.36325378417969,67.35877427911905,2974000.0,0.5127774041694687,1.8251036756210968,0.5263117188466726,0.02484507667166458,0.047219568149703406,-3.404682990967156,-2.077804497861324
2024-03-15,68.41551208496094,69.77837083620034,68.41551208496094,69.23322179021812,1625000,69.4149398803711,72.0725112915039,75.79462763468425,32.79376243869103,-1.6062601193476098,-1.3701116094195385,-0.23614850992807135,77.29131977674426,72.0725112915039,66.85370280626354,2975650.0,0.5460991716095643,1.7634710190368705,-1.4397877418500404,0.38016886083072077,-1.2810760745144978,-2.9804269495095626,0.13543054160063406
2024-03-18,68.41551208496094,68.41551208496094,68.41551208496094,68.41551208496094,0,69.14236907958984,71.73179664611817,75.62805620829265,32.79376243869103,-1.6380543512712364,-1.423700157789878,-0.21435419348135842,76.97241191365809,71.73179664611817,66.49118137857825,2782500.0,0.0,1.5283415498319546,0.0,0.24646821955720544,1.0026653594563673,-1.4024349048200713,-3.426508376877513
2024-03-19,70.23265075683594,70.23265075683594,69.23321555051554,69.41493419341809,2135000,69.10602569580078,71.44559631347656,75.49328473409017,43.401699884070325,-1.4993401448935089,-1.4388281552106044,-0.0605119896829045,76.32765815430949,71.44559631347656,66.56353447264362,2697050.0,0.7916056432027586,1.5668478327710273,2.656033137073366,0.11802450064548609,-0.1139364284441946,0.29802387105475336,0.32679916332511993
2024-03-20,70.23265075683594,70.23265075683594,70.23265075683594,70.23265075683594,0,69.34225311279297,71.19119606018066,75.27068456013997,43.401699884070325,-1.3735744259947893,-1.4257774093674414,0.052202983372652056,75.7420726230454,71.19119606018066,66.64031949731591,2597250.0,0.0,1.3579347884015571,0.0,0.2825426998389391,-0.36636586659868353,2.0664488930010494,0.837604760190902
2024-03-21,69.96007537841797,70.59607329093338,69.50578917466201,69.50578917466201,1967000,69.45128021240234,70.93225288391113,75.02537002563477,42.24177089251879,-1.281130665865362,-1.3968480606670255,0.11571739480166343,75.11151802411203,70.93225288391113,66.75298774371024,2627150.0,0.7487200959214357,1.3222480321175312,-0.388103503827153,0.10021719335595591,2.0957905899499973,0.2778868404402557,2.768811704172447
2024-03-22,70.05093383789062,70.59607591629936,69.41493590172338,69.9600779801321,1466000,69.77836456298829,70.66422386169434,74.81185544331869,42.790622968434,-1.1868554705255292,-1.3548495426387264,0.16799407211319717,74.28407761663202,70.66422386169434,67.04437010675666,2579700.0,0.5682831336977168,1.3034336297786568,0.12987187189434923,0.3803263646266597,0.14525329595025394,-1.4515683449992545,-1.1674999465508873
2024-03-25,70.05093383789062,70.05093383789062,70.05093383789062,70.05093383789062,0,70.10544891357422,70.45070877075196,74.57714093526205,42.790622968434,-1.0994677195267855,-1.3037731780163382,0.20430545848955273,73.64054414802219,70.45070877075196,67.26087339348173,2440800.0,0.0,1.1296424791415027,0.0,0.16309646746559547,-0.17885564059555437,-1.5265122991294788,2.271691300296008
2024-03-26,70.05093383789062,70.05093383789062,70.05093383789062,70.05093383789062,0,70.06910552978516,70.24627990722657,74.31214065551758,42.790622968434,-1.0184719861855882,-1.2467129396501884,0.22824095346460016,72.92360065527912,70.24627990722657,67.56895915917401,2367250.0,0.0,0.9790234819226358,0.0,-0.6294041552667218,-0.3256683411952621,-0.8838747862208174,-1.5992825915096542
2024-03-27,68.32464599609375,68.59722050594657,67.87035976757755,68.23379013676205,1221000,69.68750457763672,70.0418514251709,74.0547119140625,34.91691651333731,-1.0811168436122074,-1.2135937204425922,0.13247687683038478,72.6458753028128,70.0418514251709,67.43782754752901,2173150.0,0.5618572118813704,1.1392302270413603,-2.4643323753424706,0.4767770651749492,0.36583082987935445,3.731652138125008,3.2957002344911057
2024-03-28,68.32464599609375,69.86922333216349,68.32464599609375,68.59722050594657,1186000,69.36041870117188,69.82379379272462,73.76094017028808,34.91691651333731,-1.1178771524950264,-1.194450406853079,0.07657325435805262,72.21750580331265,69.82379379272462,67.43008178213658,2135350.0,0.5554124616573396,1.1932765082451438,0.0,0.29512331100887135,-0.2651883338017913,-2.7245040893594696,-0.874119365546322
2024-03-29,67.41606903076172,68.77892762517219,67.3252131775058,68.77892762517219,1302000,68.8334457397461,69.58756484985352,73.44748255411784,31.391134198961467,-1.2064176976861631,-1.196843865019696,-0.009573832666467164,71.95088388132659,69.58756484985352,67.22424581838045,2096400.0,0.6210646823125358,1.2280015668346427,-1.3297938863583325,0.12101572572218444,0.7341129462103524,-2.7245040893594696,-0.874119365546322
2024-04-01,68.59722137451172,69.05150760878,67.23436267170685,67.32521853218894,1765000,68.5427032470703,69.43765029907226,73.15825373331705,39.888872662876494,-1.1678157418793802,-1.1910382403916329,0.023222498512252665,71.63953965215961,69.43765029907226,67.23576094598491,2013300.0,0.8766701435454229,1.3065540161997775,1.7520338410877079,-0.26266618358599114,-0.35536387239506473,0.4078795512111322,-0.7054939613681643
2024-04-02,68.05207824707031,68.86979484271593,67.77950373790253,68.41550861534145,1431000,68.14293212890625,69.26047859191894,72.88719635009765,37.57564250963284,-1.1677508038565065,-1.1863807530846078,0.01862994922810124,71.29518530898814,69.26047859191894,67.22577187484974,1925500.0,0.7431835886782654,1.277718961348261,-0.7947014711647826,0.25364619011380984,1.207774937069206,-4.563297477072304,-2.397850299770321
2024-04-03,69.051513671875,69.32408820911262,67.7795107178635,68.05208525510112,1724000,68.2883056640625,69.14690742492675,72.65853894551596,43.98878589156064,-1.0746651825851643,-1.1640376389847191,0.08937245639955482,70.93559189719167,69.14690742492675,67.35822295266183,1882600.0,0.9157548071815574,1.3133000986683747,1.4686332152504367,0.07497134359799595,-0.6301529819396801,0.35471053929143626,0.955419252211609
2024-04-08,70.14178466796875,70.68693363915946,69.32407507489692,69.77836126298443,3411000,68.6517333984375,69.22413558959961,72.44199574788412,50.020901921792,-0.9025147709880486,-1.111733065385385,0.2092182943973364,71.0459597106159,69.22413558959961,67.40231146858332,1722800.0,1.9799164151381472,1.3562494144838533,1.5789241076952898,0.19719823058421682,0.39384986878232553,-0.8222730775152898,0.5938698759691219
2024-04-09,69.96007537841797,70.77779193155017,69.2332146796655,70.1417870871774,2757000,69.16053466796875,69.29682121276855,72.2875384012858,49.072354707738356,-0.7718493517124472,-1.0437563226507975,0.27190697093835037,71.1140603345201,69.29682121276855,67.479582091017,1488300.0,1.8524491030034267,1.381359792803963,-0.25905997460848873,-0.1195805343893186,1.85378379779646,3.1854580965908985,2.2706415468776386
2024-04-10,71.05035400390625,71.59550295177009,69.96006997189221,69.96006997189221,3486000,69.65116119384766,69.36042060852051,72.18608093261719,54.631487244892256,-0.5737063624779353,-0.9497463306162252,0.3760399681382899,71.3311695840072,69.36042060852051,67.38967163303383,1557850.0,2.2376993933947427,1.4152362177471514,1.5584297466675112,-0.33236826467953895,-0.1570956381565347,-2.410486362592179,-3.4635833505281877
2024-04-11,71.05035400390625,71.5046401725549,69.96006997189221,71.5046401725549,2131000,70.25081634521484,69.39221992492676,72.08008079528808,54.63148724489224,-0.4119281645024415,-0.8421826973934684,0.4302545328910269,71.4530394487079,69.39221992492676,67.33140040114563,1571950.0,1.355641082731639,1.4324807488025564,0.0,0.6782125595073074,-0.04964759893468784,1.978903727801562,1.2879649660074488
2024-04-12,73.41265869140625,73.59437041351127,70.95950885184115,71.05036471289367,10231000,71.1230453491211,69.61027717590332,72.04525222778321,64.39722507523466,-0.09203856806007593,-0.69215387152679,0.600115303466714,72.33521113360274,69.61027717590332,66.8853432182039,1968150.0,5.19828265122069,1.5927981905182318,3.3248316924221477,0.1289503566611172,-0.08023039345643745,-5.609063980255213,-1.8165260102143366
2024-04-15,70.41436767578125,73.4126596527835,70.14179315719633,73.4126596527835,4479000,71.1775619506836,69.66024856567383,71.96650937398275,49.757533753128,-0.07954385336950054,-0.569631867895332,0.4900880145258315,72.40667097262694,69.66024856567383,66.91382615872071,2115850.0,2.116879741002434,1.8165406311940904,-4.084160782445522,0.09155415847534876,-1.3830675802599668,-1.5006002538399454,-0.9250717354782112
2024-04-16,67.23436737060547,69.9600849667111,67.23436737060547,69.9600849667111,3492000,70.63242034912109,69.60119132995605,71.83628069559732,39.50080680755157,-0.32252330234821613,-0.5202101547859089,0.1976868524376928,72.5065130062153,69.60119132995605,66.6958696536968,2209200.0,1.5806626833242803,1.998335254391649,-4.516124208936878,0.4179325060941874,-2.678800819309357,-1.4015816232478495,-0.42018509115280267
2024-04-17,67.77950286865234,68.50636359587287,67.50693529483787,67.50693529483787,1683000,69.9782501220703,69.56939086914062,71.73633778889975,41.71870263245936,-0.465729744839507,-0.5093140727966285,0.04358432795712153,72.5424890190933,69.56939086914062,66.59629271918794,2293350.0,0.7338609457780103,1.901490050508416,0.8107988806409283,0.33683409634026606,1.5645148817386545,-0.38627934994541757,-1.1251431022928915
2024-04-18,68.05207824707031,69.86922315656827,67.59779201969582,67.59779201969582,1615000,69.37859497070312,69.46036224365234,71.62579485575358,42.84693340754384,-0.5508771582584302,-0.517626689888989,-0.03325046836944123,72.49043307780434,69.46036224365234,66.43029140950034,2267350.0,0.7122852669415838,1.9508155286902875,0.40215015879681015,-0.4920221304314132,0.4347088791672782,-2.388709301021086,-0.04741880886390826
2024-04-19,64.59949493408203,67.59778656558012,64.05435289158888,67.32521207840496,3405000,67.61596221923828,69.17870445251465,71.48648020426432,33.896145390187,-0.8867300437878924,-0.5914473606687697,-0.29528268311912276,72.87952351441464,69.17870445251465,65.47788539061466,2437600.0,1.396865769609452,2.2237368389291072,-5.073442871874256,0.2408928500440055,-3.8129771043774907,-3.527731145617896,-0.8539053686059783
2024-04-22,62.509788513183594,65.32636177500048,62.50978851318359,64.59950102853131,2319000,66.03504638671875,68.80619010925292,71.28508008321127,29.833807827781158,-1.306457688034655,-0.7344494261419467,-0.5720082618927083,73.53337584766085,68.80619010925292,64.079004370845,2455200.0,0.9445259042033236,2.3027816953141453,-3.2348649521653283,0.2717815335421703,-0.59352553064973,-0.09882648574951469,0.6698697325461689
2024-04-23,62.14635467529297,63.690925010607984,61.69206846704061,63.14578294707665,2114000,65.01744384765625,68.41096115112305,71.06550839742025,29.17884218890346,-1.6494075993641673,-0.917441060786391,-0.7319665385777763,73.95171459117246,68.41096115112305,62.87020771107363,2487600.0,0.8498150828107413,2.2622583417479087,-0.581403083477039,0.2430425847365969,0.9688138454874373,1.6982666997252815,2.5665386078847163
2024-04-24,64.8720703125,64.8720703125,62.691495180712465,63.32749308371592,2324000,64.43595733642579,68.15201797485352,70.92619387308757,39.845280026648055,-1.6818678767896955,-1.0703264239870518,-0.6115414528026437,73.85184184710668,68.15201797485352,62.452194102600366,2603800.0,0.8925416698671172,2.324052647809125,4.3859622200667525,-0.24398701951591217,2.716737332198216,6.241891139870881,3.2437522400703855
2024-04-25,64.5086441040039,64.5086441040039,63.60007165183484,64.2360695956101,1045000,63.7272705078125,67.87490348815918,70.79445101420085,39.00182544925317,-1.7171243970824293,-1.1996860186061273,-0.5174383784763019,73.72298739862056,67.87490348815918,62.0268195776978,2656050.0,0.3934413885280774,2.183778782856596,-0.5602198399795255,0.3808770229507319,-1.3626259295338894,1.2971135204562723,-0.8079050059020099
2024-04-26,63.690921783447266,65.14463618982492,63.690921783447266,65.05378033914953,1370000,63.545555877685544,67.64321727752686,70.63999347686767,37.09890680555348,-1.7904100679307362,-1.3178308284710492,-0.47257923945968705,73.7764789725111,67.64321727752686,61.50995558254262,2663500.0,0.5143608034541017,2.0864368659927375,-1.267616661169113,-0.2951578331521709,1.3248943960749937,2.5308833604829273,2.3981768416344806
2024-04-29,65.4172134399414,65.50806929445874,64.23606653564396,64.32692932201867,1410000,64.12704086303711,67.49784564971924,70.50522187550862,43.37951725064544,-1.6897142070467766,-1.3922075041861945,-0.297506702860582,73.70053369390483,67.49784564971924,61.295157605533646,2674700.0,0.5271619247018358,2.050531618661902,2.7104202736516037,0.08607137638918516,1.863818412124374,4.05524865594411,1.9443373726286906
2024-04-30,66.32579040527344,67.50693739071322,66.14407868375555,66.23493454451449,2106000,64.9629280090332,67.44333171844482,70.36439304351806,46.412298110173666,-1.5190863620308903,-1.4175832757551337,-0.10150308627575666,73.66817077078157,67.44333171844482,61.218492666108084,2714900.0,0.7757191793436222,2.0557572629432235,1.3888958540953178,-0.3839184473235724,-0.48264169017123715,-0.9319345319950378,0.30340855239061604
2024-05-02,65.4172134399414,66.41664170334681,65.4172134399414,66.32578584882948,820000,65.07195663452148,67.28433132171631,70.20387846628824,43.88108063475565,-1.4405711261385932,-1.4221808458318257,-0.01839028030676748,73.54740644076496,67.28433132171631,61.02125620266765,2667650.0,0.3073866511723802,1.914913396338181,-1.3698697893840595,-0.4225153435658102,-0.8538685839082238,1.4490653079910487,1.6194446869421286
2024-05-03,65.4172134399414,66.41664170334681,65.23550173090673,66.23492999431215,866000,65.25367050170898,67.15258808135987,70.06304963429768,43.88108063475564,-1.362639575212853,-1.4102725917080312,0.04763301649517815,73.45836806087875,67.15258808135987,60.84680810184097,2639400.0,0.32810487231946656,1.817076939818434,0.0,-0.4002988704028487,0.5334710464831138,0.514213111508055,0.7968183116583205
2024-05-06,64.69035339355469,66.14407480794621,64.59949753811958,66.14407480794621,1080000,65.45355682373047,66.93453006744384,69.91919231414795,41.76761817006105,-1.344036573769543,-1.3970253881203338,0.052988814350790836,73.26539490856925,66.93453006744384,60.60366522631844,2607200.0,0.41423749616446764,1.7807436504861938,-1.111114350742004,-0.21362587285993495,0.9492729647566867,-0.9947485438612125,1.4053578573511416
2024-05-07,64.78121948242188,65.14464292268418,63.78178422612713,65.14464292268418,1111000,65.32635803222657,66.6665018081665,69.76322078704834,42.14277301605143,-1.3068963396377171,-1.3789995784238107,0.07210323878609359,72.87842188121782,66.6665018081665,60.454581735115184,2492200.0,0.44579086750662067,1.7250256566289752,0.14046312023430207,-0.043067197592394635,0.6344919339527744,1.6075825692805301,-0.519720700804216
2024-05-08,64.69035339355469,65.14463960258767,64.50864168268447,64.87207203628235,624000,64.99927062988282,66.40301570892333,69.6193634668986,41.85240345152011,-1.270153036912589,-1.3572302701215664,0.08707723320897731,72.47212306417438,66.40301570892333,60.33390835367228,2385550.0,0.2615748988702815,1.5798219583988724,-0.14026609809628665,0.31243083104899316,0.22746944638225575,-0.16951934599525043,-1.7413801442344279
2024-05-09,64.96292877197266,65.68978948901746,64.50864255678404,65.32635913049505,931000,64.90841369628906,66.09864444732666,69.48307768503825,43.118504767538454,-1.2051469657081384,-1.3268136092388807,0.1216666435307423,71.78491719354192,66.09864444732666,60.412371701111404,2257800.0,0.41234830365842856,1.5266652882434784,0.42135397956433174,-0.09516764309563941,-0.6750569718193655,0.834871915341906,2.126698830278695
2024-05-10,65.50807189941406,65.68979054753221,64.50864359626597,65.50807189941406,836000,64.9265853881836,65.82153034210205,69.34679177602132,45.666580497144665,-1.0969952135360188,-1.2808499300983085,0.1838547165622897,71.0101528779162,65.82153034210205,60.632907806287896,2193050.0,0.3812042589088256,1.4805961766465137,0.8391603299705341,0.01793319460277054,0.720159390313424,-1.1226537016213012,-2.3427322396370354
2024-05-13,65.7806396484375,66.2349258242805,65.41720932139171,65.96235134603192,638000,65.14464263916015,65.43992938995362,69.20899155934652,46.94627360259462,-0.9780162685954537,-1.2202831977977378,0.2422669292022841,69.20521752013521,65.43992938995362,61.67464125977203,1713400.0,0.3723590521769581,1.3922122201454832,0.4160826919802574,0.26346452966479195,0.7188770345091466,2.653992010899886,0.8884962784613037
2024-05-14,66.14407348632812,68.50636033972756,66.14407348632812,66.23492933994785,3302000,65.4172134399414,65.22641468048096,69.08330567677815,48.68185627837219,-0.8446617888405541,-1.1451589160063012,0.30049712716574706,68.20640538574156,65.22641468048096,62.24642397522035,1654550.0,1.9957088029977939,1.5700133496314272,0.5524936209696074,-0.16192227613095467,0.6143467624945442,0.9124789382094045,2.7300870958450574
2024-05-15,66.68921661376953,67.32521453120611,65.9623559093928,66.23493040649842,1326000,65.81698608398438,65.19915714263917,68.95761992136637,51.25761992441895,-0.6870688069137003,-1.053540894187781,0.36647208727408076,68.11100925315536,65.19915714263917,62.287305032122966,1546250.0,0.8575586095392077,1.5423927192556792,0.8241753171644106,-0.17854125279843647,0.768905386860852,2.3975887809535745,1.6716516205276477
2024-05-16,68.14293670654297,68.23379256911343,66.96178969755303,67.23436421712239,2389000,66.45298767089844,65.21732883453369,68.83950544993083,57.39830573371405,-0.4398024027678531,-0.9307931959037955,0.4909907931359424,68.20064181938744,65.21732883453369,62.234015849679935,1581550.0,1.5105434542063165,1.5426838174007758,2.1798428090596067,-0.8739389928487662,0.7426455838037249,-2.3280678532277554,0.3794420192504866
2024-05-17,67.77950286865234,68.1429332322626,67.41607250504208,68.1429332322626,652000,66.90727386474609,65.2037000656128,68.7032195409139,55.51529813634852,-0.27005504296658955,-0.7986455653163543,0.5285905223497648,68.13451491257133,65.2037000656128,62.27288521865425,1533400.0,0.42519890439546104,1.433907868614124,-0.5333404391650309,0.28877622974334827,-0.21492914094993765,0.23287420403468317,0.5039962031324174
2024-05-20,68.14293670654297,68.59722295125326,67.59779459926222,68.32464843168388,869000,67.37973327636719,65.38087215423585,68.58359088897706,57.03329114545276,-0.10499267379806554,-0.6599149870126966,0.554922313214631,68.57452403618615,65.38087215423585,62.18722027228555,1406600.0,0.6178017915541021,1.3759772663977132,0.5362002117290654,0.12515050063168776,0.06190547021835968,1.5170160422699919,0.3343125462154317
2024-05-21,68.68807983398438,68.86979849368218,68.32464944644686,68.50636810614465,1268000,67.88853454589844,65.68978672027588,68.47607657114665,59.277990357169784,0.06901339396516448,-0.5141293108171244,0.5831427047822889,68.90923897216716,65.68978672027588,62.470334468384586,1354050.0,0.9364499095306673,1.2894285358299133,0.7999994625841556,0.12995161060771476,-0.16397830333553243,-1.9655346102127047,-1.665984739901416
2024-05-22,68.7789306640625,69.14236102500102,68.7789306640625,68.96064931046055,843000,68.30647735595703,66.02141551971435,68.36553351084392,59.656263256298914,0.21180381647576496,-0.3689426853585466,0.5807465018343115,69.0656678173771,66.02141551971435,62.977163222051594,1290500.0,0.6532351801627276,1.178075556521478,0.13226578803440248,0.09004381018689056,1.4836548818675244,4.765176098936119,0.7200194753019362
2024-05-23,68.14293670654297,69.50579544067382,68.14293670654297,69.50579544067382,1140000,68.30647735595703,66.18495883941651,68.26256186167399,55.7519482740719,0.2705283752050036,-0.24104847324583656,0.5115768484508402,69.31933266720682,66.18495883941651,63.05058501162619,1231300.0,0.9258507268740356,1.2027133135360613,-0.9246930002821951,-0.033810014699131585,0.25798091936253265,-6.082054442214657,-1.0092388742360736
2024-05-24,68.96064758300781,68.96064758300781,67.14350275569197,67.87035652750386,835000,68.54270629882812,66.4075590133667,68.17624746958414,59.428505069544514,0.3786851976857264,-0.11710173905952398,0.4957869367452504,69.6703902604792,66.4075590133667,63.14472776625419,1220800.0,0.6839777195281782,1.2846375153733656,1.1999935957945462,-0.0096243747411906,-0.19479338523243905,1.2700572412216449,1.9541152075655877
2024-05-27,70.50521850585938,71.9589329935545,69.41493437305239,69.41493437305239,3212000,69.01516265869141,66.7482738494873,68.14444751739502,65.29445970314238,0.5823215829600912,0.022782925344399046,0.5595386576156921,70.23230615598028,66.7482738494873,63.26424154299433,1312900.0,2.446492497524564,1.513123901396475,2.2397859895273875,-0.09869189434805747,1.105615256831216,1.2700572412216449,1.9541152075655877
2024-05-28,72.50408172607422,73.14007964590432,70.95950445642514,70.95950445642514,6688000,69.77836303710937,67.10261726379395,68.14141890207927,71.11485127270336,0.8946830923179903,0.1971629587391173,0.697520133578873,71.37010025616486,67.10261726379395,62.83513427142302,1576800.0,4.241501775748351,1.6626888665496047,2.8350571242449663,-0.36968990725814166,0.25060173618918213,1.5022105898018445,-0.7500219730547597
2024-05-29,71.7772216796875,73.14008031917524,71.59550996716547,72.8675058185347,2095000,70.37802124023438,67.37518882751465,68.13536179860434,66.73215904856156,1.071231814270476,0.37197672984538904,0.6992550844250869,72.10508843718304,67.37518882751465,62.64528921784625,1576250.0,1.3291038858049167,1.6469397312776268,-1.0025091402892983,0.3236723675793307,-0.8962690097293446,-3.5845204819456855,-1.8471771041361884
2024-05-30,70.86865234375,72.50408555519505,70.86865234375,71.32293857672275,1881000,70.92316436767578,67.64776077270508,68.12324746449788,61.62010906980412,1.124867227015784,0.5225548292794681,0.602312397736316,72.52847414642949,67.64776077270508,62.76704739898069,1629300.0,1.154483520530289,1.645405528633283,-1.2658184792831317,0.6315619238836723,-1.3757393248701622,1.5490753992807749,0.08553998717286682
2024-05-31,71.14122772216797,71.59551396067005,70.05093659064826,71.41379530615448,2399000,71.35928039550781,67.9339614868164,68.11567605336508,62.54706482562515,1.17581417913145,0.6532066992498645,0.5226074798815855,72.9337978498499,67.9339614868164,62.93412512378291,1705950.0,1.406254579559776,1.6319617741517498,0.38462051895080673,-0.0636234547158887,-0.8905424398374384,1.2896967096160061,0.9829249109723603
2024-06-03,70.86865234375,71.59551308924952,70.41436611077724,71.14122685627677,1025000,71.43196716308594,68.24287643432618,68.10810464223226,60.961458742436086,1.1805863857399288,0.7586826365478775,0.4219037491920513,73.16169262563587,68.24287643432618,63.32406024301649,1703200.0,0.6018083607327384,1.571853134727821,-0.38314685751906774,0.3356387546574968,1.7121719263391677,0.20536900876053643,1.0156452713743436
2024-06-04,71.68636322021484,74.23036176242827,71.05035838576855,71.41378872947254,6003000,71.26842346191407,68.58813362121582,68.15959033966064,63.916696924917275,1.2361018154134058,0.8541664723209832,0.3819353430924226,73.45294945758343,68.58813362121582,63.7233177848482,1947800.0,3.0819385973919293,1.810500639254548,1.1538400257683934,-0.46419102039185756,-0.8364332748305281,-2.281740323313697,-4.105577474812394
2024-06-05,70.32350158691406,71.77721596696216,69.9600712589378,71.68636011793234,1880000,70.97767944335938,68.86979103088379,68.1898759841919,56.27095137436724,1.156791872866762,0.914691552430139,0.2421003204366231,73.42697738982872,68.86979103088379,64.31260467193886,2010600.0,0.9350442653934149,1.8113865150905226,-1.9011448929473262,0.04487073545036413,0.6005712697569221,4.222601250294833,1.8785624795669698
2024-06-06,70.95950317382812,71.77721972158473,69.96007491850663,70.86864732004568,1570000,70.995849609375,69.16961975097657,68.20956160227458,58.75072994076054,1.1322068094530948,0.9581946038347302,0.1740122056183646,73.42348807288498,69.16961975097657,64.91575142906815,2042550.0,0.7686470343443245,1.812154286822199,0.9043940824363217,-0.23756310030170757,1.944708756402913,-2.803868985262903,-0.9862708948087162
2024-06-07,72.9583740234375,73.59437199634169,71.2320848988801,71.7772270087777,5228000,71.35927886962891,69.54213485717773,68.25196170806885,65.3930194474139,1.2594964507992188,1.018454973227628,0.24104147757159078,73.7505351222239,69.54213485717773,65.33373459213156,2262150.0,2.3110757465243243,1.9218495582477149,2.8169177632385356,-0.13363032114330764,-0.20234199872982694,-0.19323588067016173,-1.9922162833000745
2024-06-11,72.59494018554688,74.95722717061284,72.59494018554688,73.59436849478351,6134000,71.70453643798828,69.8828498840332,68.31101881663004,63.39418750087583,1.3158796932666093,1.0779399172354243,0.237939776031185,73.9084141225765,69.8828498840332,65.85728564548991,2536950.0,2.4178639705157767,1.9805745484901482,-0.4981386204877203,-0.2190993617724568,-0.3031410202626317,0.6530657917463767,0.4860843431571782
2024-06-12,71.41378784179688,73.41265124139426,70.32350375609442,72.95836505037536,2657000,71.65002136230468,70.14633560180664,68.34433294932047,57.26759397806919,1.2508358393647825,1.1125191016612959,0.13831673770348663,73.81559260224768,70.14633560180664,66.4770786013656,2504700.0,1.0608056853116141,2.1283842733981064,-1.6270449989091107,-0.0562872544702997,1.1785994524791121,3.027842338641351,2.4626165966135094
2024-06-13,70.77779388427734,72.41322010380506,70.59607523864702,72.14065253314588,1489000,71.74087982177734,70.35076446533203,68.38370431264242,54.22860041563764,1.1348864547750281,1.1169925722840424,0.01789388249098578,73.64550086091545,70.35076446533203,67.05602806974862,2512850.0,0.5925542710468193,2.0868856856327644,-0.8905758632050897,-0.3552426383712781,1.193154297591259,-1.5481504674330404,-0.8189680109805031
2024-06-14,70.41436767578125,71.14122843743573,70.14179315719633,70.95950978109313,1461000,71.63185272216796,70.46433601379394,68.41701857248943,52.513690466231004,1.0021184763728286,1.0940177531017996,-0.09189927672897102,73.59093462389687,70.46433601379394,67.33773740369101,2466450.0,0.5923493279815119,1.941892298246982,-0.5134749030046071,0.3043370457556316,0.863577013670791,-4.09115092932918,-3.129054639270168
2024-06-17,71.32293701171875,72.14065359949852,70.0509342009344,71.14122529525999,1968000,71.30476531982421,70.64150772094726,68.4351900100708,56.23950842332544,0.9591562924416337,1.0670454609697666,-0.1078891685281329,73.51919904729999,70.64150772094726,67.76381639459453,2532250.0,0.7771744496001579,1.9616025782892663,1.2903181068399938,0.15480119319866148,-0.03639861324233884,-1.7229371164896312,0.3589129802493707
2024-06-18,70.05093383789062,72.0497973678661,69.9600779801321,72.0497973678661,3189000,70.79596405029297,70.73690757751464,68.43216139475504,50.29038504063126,0.8130955670341251,1.0162554821826384,-0.20315991514851328,73.38302321134286,70.73690757751464,68.09079194368643,2648250.0,1.2041914471821014,1.9786848195485651,-1.7834419432547044,-0.14838275415750557,1.159736185000071,0.0,-0.13413114538608495
2024-06-19,68.50636291503906,70.77779400020708,68.23378841207588,70.5052194972439,2704000,70.2144790649414,70.72782173156739,68.40793285369872,44.179098425823604,0.5661808445411225,0.9262405546543353,-0.3600597101132128,73.40462819755827,70.72782173156739,68.05101526557651,2720050.0,0.9940993731732872,2.05406092202625,-2.2049255280821134,0.14396198742181454,1.986645158123146,0.0,-0.13413114538608495
2024-06-20,69.77836608886719,69.86922194639688,68.41550743034914,68.96064950738484,1756000,70.01459350585938,70.77779350280761,68.40339005788168,49.609832271165644,0.4677472741805673,0.8345418985595817,-0.36679462437901444,73.33610244813592,70.77779350280761,68.2194845574793,2765700.0,0.6349206349206349,1.9740147345624486,1.8567664662122674,0.10293992607994795,0.8468955214737006,-4.382872835268614,0.7162015690245882
2024-06-21,69.96007537841797,70.68693607717046,68.96064711652633,69.96007537841797,1564000,69.92373504638672,70.86865043640137,68.4018757502238,50.35290130847292,0.3997918301963921,0.7475918848869438,-0.34780005469055175,73.1466726663326,70.86865043640137,68.59062820647013,2786900.0,0.5611970289569055,1.940984631373339,0.26040920665777456,-0.12290844763791497,-0.6524324296809936,1.3159831817137313,-0.39998858470932097
2024-06-24,68.32464599609375,69.96007919149517,68.23379013676205,69.96007919149517,1585000,69.32407684326172,70.83685035705567,68.37310428619385,44.05598874554414,0.21153275007810635,0.6403800579251763,-0.4288473078470699,73.24126904741497,70.83685035705567,68.43243166669636,2824400.0,0.5611811358164566,1.912358554487976,-2.3376609780336732,0.06802312668354737,-1.8908700814464607,-1.0653761869571454,-1.5171809895136001
2024-06-25,67.87035369873047,68.3246398866252,66.41663928383873,68.23378403541767,1652000,68.8879608154297,70.70510711669922,68.36553274790445,42.467274416616114,0.025385848770383745,0.5173812160942178,-0.4919953673238341,73.4505851594238,70.70510711669922,67.95962907397465,2746400.0,0.6015147101660355,1.9117783088569147,-0.6649025263727681,-0.12823314551579923,0.27295654149688264,0.0737504376575826,-0.31719073925581265
2024-06-26,68.41551208496094,69.59665217692024,67.9612258345478,67.9612258345478,1966000,68.86979064941406,70.50067863464355,68.3670471827189,45.02907833699032,-0.0772566197203588,0.39845364893130253,-0.4757102686516613,73.2906588901223,70.50067863464355,67.7106983791648,2510300.0,0.7831733258973032,1.8870476647679628,0.8032349273592532,0.4702765421042532,0.4839958550256096,0.48644140458240503,0.18184028478340775
2024-06-27,68.14293670654297,68.96065333339308,67.59779459926222,68.86979747082262,1395000,68.54270477294922,70.31896438598633,68.37916164398193,43.97473329320774,-0.17853799565135375,0.2830553200147713,-0.46159331566612505,73.22966823154773,70.31896438598633,67.40826054042493,2475300.0,0.56356805235729,1.8171558073496834,-0.3984116614949462,0.3350392876177333,-0.3511118229512111,-0.45474192008262415,0.2268446717550221
2024-06-28,68.86979675292969,69.23322019942323,67.68864975625192,68.14293599622677,1065000,68.32464904785157,70.21902160644531,68.38370456695557,47.50461144933539,-0.19787174237382033,0.186869907537053,-0.38474164991087334,73.18695882942409,70.21902160644531,67.25108438346653,2434500.0,0.4374614910659273,1.7808110921259002,1.0666696821666655,-0.1850665019445641,0.5512513704543975,1.0168028812263197,0.9506564548053875
2024-07-01,67.87035369873047,69.23321226241467,67.87035369873047,68.86978885758457,903000,68.23379058837891,70.05547790527343,68.38067582448323,43.45078331660368,-0.2904919671509276,0.09139753259945688,-0.3818894997503845,73.16647503548316,70.05547790527343,66.94448077506371,2359700.0,0.38267576386828833,1.7250840883336733,-1.4512066265923829,-0.055340206795018165,0.11427590660921805,0.9190331515263273,-2.2869751297262764
2024-07-02,67.23436737060547,68.778937902322,66.96179283825158,68.3246516363044,1257000,68.10659332275391,69.8737636566162,68.3503900527954,41.05018712857729,-0.4104811726569011,-0.008978208451814712,-0.40150296420508635,73.20176133351774,69.8737636566162,66.54576597971467,2371300.0,0.5300889807278708,1.7373588850985726,-0.937060577211779,0.05445543450566248,-0.7771564734776915,5.406183647399776,0.7801519746291508
2024-07-03,69.86921691894531,70.41435895675522,67.77949768684071,67.87035353783284,3424000,68.39733428955078,69.78290634155273,68.34584725697836,52.70767329007975,-0.28962453297030777,-0.06510747335551333,-0.22451705961479446,72.99991223994233,69.78290634155273,66.56590044316313,2242350.0,1.5269694739893416,1.9297099119053969,3.918902863793128,0.15711929888313492,1.2808943510362658,-0.3291248900109567,1.2750456203008298
2024-07-04,70.41436767578125,71.41379602416268,70.14179315719633,70.41436767578125,3216000,68.85162048339843,69.78744964599609,68.35341879526774,54.70354302295186,-0.14814790836317115,-0.0817155603570449,-0.06643234800612625,73.0079249420326,69.78744964599609,66.56697434995958,2309150.0,1.3927202650325878,1.8783591376803261,0.7802445495680432,0.14950641568265421,1.5108454922353465,-0.3291248900109567,1.2750456203008298
2024-07-05,71.14122772216797,71.14122772216797,69.96008072931942,70.77779734499474,1816000,69.3059066772461,69.79653587341309,68.35493335723876,57.29159910582877,0.022367033799909564,-0.06089904152565401,0.08326607532556357,73.03192553661755,69.79653587341309,66.56114621020863,2321450.0,0.7822697021258266,1.785397518369423,1.0322609864701127,-0.3522176733286364,0.14479967883183065,0.9631218289804178,0.0
2024-07-08,71.05035400390625,71.41378432519653,70.23264444582414,71.41378432519653,1079000,69.94190673828125,69.70113487243653,68.35493335723876,56.854233684446015,0.14845728123103186,-0.01902777697431684,0.1674850582053487,72.64319312772994,69.70113487243653,66.75907661714311,2114000.0,0.5104068117313151,1.7048298331698193,-0.12773706776134652,-0.34946094601715494,1.365055591695996,2.2213204467469216,1.2140211455327732
2024-07-09,70.05093383789062,71.5955111472159,68.96064968107316,71.5955111472159,2203000,70.50522003173828,69.57393455505371,68.29890460968018,52.139921223210095,0.16582829054782167,0.017943436530110865,0.1478848540177108,72.19125576111301,69.57393455505371,66.95661334899441,1917450.0,1.148921745025946,1.8288340508995418,-1.4066364341558057,0.24079002019752327,0.09183997563149138,-2.0397263507847208,-1.9990902037479774
2024-07-10,70.5960693359375,70.5960693359375,69.77835976047311,70.05092730834225,832000,70.65059051513671,69.53304862976074,68.30193297068278,54.36279904205818,0.22103486702997088,0.05856172263008287,0.16247314439988803,72.05309562682996,69.53304862976074,67.01300163269153,1826200.0,0.45559084437630054,1.694017454174855,0.7781987593604489,0.11240498501070562,0.44769724473825434,4.232434456827727,1.7225798436903528
2024-07-11,70.41436767578125,70.50522353802357,69.59665105188445,70.2326559512966,1112000,70.65059051513671,69.51487731933594,68.35493297576905,53.471338037717786,0.24727424760006045,0.09630422762407839,0.15097001997598206,72.0021609233427,69.51487731933594,67.02759371532917,1807350.0,0.6152654438819266,1.6014042314919474,-0.2573821203721849,0.2442485876554823,1.5951511700039722,-3.0682838314205596,2.4955255258521047
2024-07-12,70.95950317382812,71.3229335208152,69.59664457151955,70.32350526549371,2028000,70.61424560546875,69.54213409423828,68.4079329808553,55.812493671039064,0.30850081914331895,0.1387435459279265,0.16975727321539244,72.08230632315595,69.54213409423828,67.00196186532061,1835700.0,1.1047556790325217,1.618055527199108,0.7741821961064987,-0.6140502852808205,-1.9397254657484875,3.542571334172928,0.9130522207808189
2024-07-15,69.23321533203125,71.95893258025072,69.23321533203125,71.77722086977904,3674000,70.25081787109374,69.43764801025391,68.42761859893798,47.63806728583375,0.21524510497667393,0.154043857737676,0.06120124723899792,71.83743225320886,69.43764801025391,67.03786376729896,1921000.0,1.9125455491931285,1.7657437566684893,-2.432778929649526,0.49773822276901747,-0.1570866870910903,-0.650448786437996,1.0340333211784403
2024-07-16,69.4149398803711,70.23265651078195,69.0515094966487,69.86922612705958,1337000,70.12361907958984,69.40584831237793,68.50787601470947,48.49328130852602,0.15422512075384986,0.1540801103409108,0.0001450104129390728,71.78820683847292,69.40584831237793,67.02348978628294,1828400.0,0.7312404287901991,1.6877975243304568,0.26248174011320735,0.07988501995308539,0.49369257838391967,3.1033063139356276,3.326224794186472
2024-07-17,69.23321533203125,70.1417877481044,68.77892912399467,69.86922018239692,1449000,69.85104827880859,69.44219093322754,68.61993312835693,47.65507109164046,0.09016334440680396,0.14129675715408943,-0.05113341274728547,71.7886805909995,69.44219093322754,67.09570127545557,1765650.0,0.8206609463936794,1.6444723376343604,-0.26179457715158616,-0.03284897586730562,-0.9477322922418208,-4.165606893934259,0.1650964015869727
2024-07-18,68.05207824707031,68.96065070181929,67.41607336963139,68.96065070181929,1429000,69.3785903930664,69.35587654113769,68.71836185455322,42.51166427056345,-0.0552767702711634,0.10198205166903887,-0.15725882194020227,71.77614017188257,69.35587654113769,66.9356129103928,1749300.0,0.8168981878465672,1.6674949542697601,-1.7060266221876286,-0.2226498352794204,-1.5622735237073582,-0.03975454500508846,-1.3185118406359053
2024-07-19,66.05321502685547,68.052078596687,65.87150330771522,68.052078596687,1782000,68.39733276367187,69.16053352355956,68.73804759979248,35.52401290564349,-0.32804911961981986,0.015975817411267135,-0.344024937031087,71.97415827516699,69.16053352355956,66.34690877195214,1760200.0,1.012384956254971,1.735905665563363,-2.9372552193891233,0.45613217759497005,-2.2617330175741857,-3.844626162198117,-1.7536451134378184
2024-07-22,63.32749557495117,65.59892664911524,63.054928005166,65.59892664911524,2170000,67.21618881225587,68.91067600250244,68.71836179097494,28.616491138361155,-0.7554575077842429,-0.13831084762783488,-0.6171466601564081,72.74076046737653,68.91067600250244,65.08059153762835,1789450.0,1.2126631087764397,1.9042231797135107,-4.126550767886306,0.4350571135180781,-2.677259944243182,6.617955511572315,3.1449247911924383
2024-07-23,63.418357849121094,64.41778612727705,63.32749506140535,63.78178127255419,1264000,66.01687240600586,68.68807621002198,68.71381905873616,29.111330457656663,-1.0744641546142333,-0.3255415090251146,-0.7489226455891187,73.22500359916802,68.68807621002198,64.15114882087593,1770050.0,0.7141041213525041,1.7956988978679365,0.14347997397494705,0.08389052827177945,2.7625011418902057,-5.0950502367943855,-0.9888797594577614
2024-07-26,61.14693069458008,62.32807075980988,61.14693069458008,62.055503174845114,2672000,64.39961547851563,68.32464714050293,68.64264767964681,24.532913594982645,-1.493349999591274,-0.5591032071383465,-0.9342467924529275,73.98011666542335,68.32464714050293,62.66917761558252,1805350.0,1.4800454205555709,1.8591293320910136,-3.5816555829858876,-0.2194732292683632,-3.2906356086419675,3.8939846280241053,3.092780936251538
2024-07-29,58.71228790283203,62.27060762407698,58.52500716548589,61.89604614938469,2675000,62.53165740966797,67.85311470031738,68.51575597127278,20.76349141380898,-1.9987352005578316,-0.8470296058222435,-1.151705594735588,74.95897837890924,67.85311470031738,60.74725102172552,1869350.0,1.4309786824297215,2.1106588156243573,-3.981627146436395,0.47483004597199674,0.20470575104574174,11.543392739756197,0.2499928529415385
2024-07-30,59.929603576660156,60.21052645109194,57.49496486019143,58.61864206958762,2562000,61.3069351196289,67.4061050415039,68.42429580688477,26.818047301257437,-2.2748068546785873,-1.1325850555935124,-1.142221799085075,75.32138276536956,67.4061050415039,59.49082731763826,1944200.0,1.3177656619689333,2.1913125189945104,2.073357583752755,0.15641212361443557,0.2665528397010952,-5.493797887806862,-0.9143629535139697
2024-07-31,59.08684539794922,59.74232618809873,58.805926079908836,59.46140687005835,1422000,60.458805084228516,66.96692962646485,68.31878967285157,25.372587035697094,-2.5324071580073593,-1.4125494760762818,-1.1198576819310775,75.70561861841666,66.96692962646485,58.22824063451303,1970150.0,0.7217724538740705,2.0489611826954186,-1.4062468770261516,-0.2672783628201558,-0.1089865524954714,5.786127766209859,1.9714618896962133
2024-08-01,60.866004943847656,60.866004943847656,59.46140482975886,60.11688202533406,1362000,59.948334503173825,66.64851150512695,68.2550505320231,33.51911245152495,-2.5634441594268083,-1.6427284127463873,-0.920715746680421,75.80049388689406,66.64851150512695,57.496529123359835,1975400.0,0.6894806115217171,2.012987631122488,3.011092458762721,-0.5775112476597344,1.9944277998713122,-8.115014024435908,-3.208546821190894
2024-08-02,58.99320602416992,60.116883281249706,58.05680592854817,59.74232538625074,1769000,59.5175895690918,66.10471096038819,68.15858364105225,29.827986185091888,-2.707944924394397,-1.8557717150759894,-0.8521732093184076,75.73110658247954,66.10471096038819,56.47831533829684,1892650.0,0.9346683221937495,2.1191491490127543,-3.0769210520807055,0.4427055244088818,-4.434260881041652,-5.49374755745311,-4.674902218688725
2024-08-05,53.0938835144043,56.93312228803946,53.0938835144043,56.93312228803946,2747000,58.39390869140625,65.23868675231934,67.9653091430664,21.715800172874893,-3.260899229072294,-2.1367972178752503,-1.1241020111970434,76.24948644068513,65.23868675231934,54.227887063953546,1869200.0,1.4696126685212925,2.6231722637798036,-10.000003233166598,-0.3900105801548759,-8.351980222953914,1.5011101078310274,-3.834121876994323
2024-08-06,52.0638427734375,53.843004345873396,47.9436845841334,53.09388499982563,5907000,56.82075653076172,64.28481750488281,67.75032437642416,20.65930707331161,-3.739132783537258,-2.457264331007652,-1.281868452529606,76.393260097469,64.28481750488281,52.17637491229662,2073750.0,2.8484629294755877,3.059991930174496,-1.940036540531731,0.2764724507885674,3.379268306975858,-0.6669553085850488,-0.46362135453331677
2024-08-07,55.809444427490234,55.9967251615589,52.7193248176473,52.7193248176473,2209000,56.16527633666992,63.522772026062015,67.58868058522542,33.356322596256504,-3.772411558552186,-2.720293776516559,-1.052117782035627,75.75614753846841,63.522772026062015,51.289396513655625,2130250.0,1.0369674920783944,3.176377324567417,7.194247398049747,0.3029438503285631,3.8742452023632135,-3.0944426805978753,-7.54540135430759
2024-08-08,55.060325622558594,55.34124494047351,53.187525407015215,55.15396777658552,1607000,55.00414047241211,62.77324161529541,67.41000868479411,32.24489686278264,-3.815252992834182,-2.9392856197800836,-0.8759673730540984,75.15849344571055,62.77324161529541,50.387989784880276,2100450.0,0.7650741507772144,3.1024495506884304,-1.3422796313712126,-0.3905008009258193,-1.9965912706408795,8.796511554413012,1.6120645349833262
2024-08-09,55.43488693237305,57.12040640701595,55.43488693237305,56.09036772031276,905000,54.292476654052734,62.01518249511719,67.2315222422282,33.4391004316312,-3.7754600178524456,-3.106520499394556,-0.6689395184578895,74.23927813145534,62.01518249511719,49.79108685877904,2104100.0,0.4301126372320707,2.9634670485242873,0.6802744182482501,-0.7344664716750882,2.86965755714923,-1.287554010734393,-0.09914442437820581
2024-08-12,57.026763916015625,57.40132178910219,55.90308315259057,56.277641025677134,814000,55.079052734375,61.345802307128906,67.07048136393229,38.40770053450626,-3.57427066248669,-3.2000705320129827,-0.37420013047370704,73.09011384035469,61.345802307128906,49.60149077390312,2089200.0,0.3896228221328738,2.830529422951602,2.8716158212509058,0.07652887976525857,1.417205112604214,-1.304348198275218,-2.6302672428315965
2024-08-13,58.24408721923828,58.43136795457069,56.27764485637236,57.4013256962839,1131000,56.315101623535156,60.710031509399414,66.90550053914389,41.97477990882123,-3.2788028338093014,-3.215816992372247,-0.06298584143705455,71.60933477623932,60.710031509399414,49.8107282425595,2044350.0,0.5532320786558075,2.740288579651166,2.1346526080550987,-0.604294595055821,0.10706043617687566,3.6094938416791678,2.395497128508972
2024-08-14,58.33772659301758,58.993207389540174,57.4949686307025,58.993207389540174,1235000,56.82075805664063,60.16525707244873,66.74813760121664,42.25183224256849,-3.0024758631900994,-3.1731487665358173,0.17067290334571794,70.33562621118149,60.16525707244873,49.99488793371597,1922400.0,0.6424261339991677,2.574681936876033,0.16077060908659124,0.20472686912957894,1.0583302060494848,-2.5099461516084443,-2.3892301287717133
2024-08-15,58.80592346191406,59.92960425613311,58.61864273419709,59.92960425613311,1491000,57.56987762451172,59.63480625152588,66.59252071380615,43.699314947579836,-2.714415086260921,-3.0814020304808385,0.3669869442199176,68.83419449589033,59.63480625152588,50.435418007161424,1930100.0,0.7724988342572924,2.4436413670413,0.8025627603947871,-0.9596021142668665,-0.5996212787569899,6.752947803479348,3.0086644116483097
2024-08-16,59.27412414550781,60.30416637321117,59.180485566663336,59.64868560505136,1636000,58.33772506713867,59.136851692199706,66.43562145233155,45.17913623299612,-2.4204435958301715,-2.949210343550705,0.5287667477205336,67.15036651571624,59.136851692199706,51.12333686868317,1939450.0,0.8435381164763206,2.3175882396087406,0.7961794595352067,1.398656718686797,2.0742481463743134,-0.05271602131685649,0.29701129965937767
2024-08-19,59.929603576660156,60.023242153415595,58.8995649440194,59.36776497196206,643000,58.91829299926758,58.730727958679196,66.2881326675415,47.26879324646116,-2.1102516917730725,-2.7814186131951786,0.6711669214221061,65.58064467678975,58.730727958679196,51.88081124056865,1900150.0,0.3383943372891614,2.158400102247067,1.1058441446443856,-0.9462871123850913,0.2698102405719105,2.478909511593974,0.9871782542750118
2024-08-20,59.835968017578125,60.77236812068838,59.835968017578125,60.304168069133254,698000,59.23666915893555,58.41986560821533,66.14968318939209,46.99322396819907,-1.8506448976747905,-2.595263870091101,0.7446189724163106,64.37666598866433,58.41986560821533,52.463065227766336,1845950.0,0.37812508464476285,1.995466769028825,-0.15624258045067174,-0.7001673407422859,0.08687670993854368,-2.4446751107008224,-1.7595294442468434
2024-08-21,59.27412414550781,60.30416637321117,58.993204836891564,59.64868560505136,1030000,59.42394866943359,58.217197036743165,65.98824113210043,45.28717672047562,-1.6709787451113698,-2.410406845095155,0.739428099983785,63.730242253706464,58.217197036743165,52.70415181977987,1788950.0,0.575756728807401,1.9041994046675954,-0.9389734814773232,-0.0485705808362491,-0.8525040581436327,1.1342661749051297,1.044776134256642
2024-08-22,63.01972961425781,64.51796834605685,59.55504495629639,60.02324500649395,5014000,60.266709899902345,58.197265625,65.86348298390706,56.59928933458922,-1.2123774343980216,-2.1708009629557283,0.9584235285577067,63.63348375835494,58.197265625,52.76104749164506,1976450.0,2.5368716638417363,2.349485377451787,6.319124108110286,-0.6270599155635659,-0.40049008413989284,-4.31663738317738,-1.821740191991561
2024-08-23,61.521484375,62.364245902910795,61.1469300462982,62.1769687385599,2020000,60.716181945800784,58.215993309020995,65.6804396947225,51.97060145570906,-0.9587762848694084,-1.9283960273384644,0.969619742469056,63.6973898429616,58.215993309020995,52.73459677508039,1943850.0,1.039174833449083,2.2859272695194974,-2.3774225126456994,1.0727248962346891,0.041630655400193284,4.075232045577137,3.5105007447112646
2024-08-26,62.17696762084961,63.95612922686395,61.4278446885807,62.55152908698406,2818000,61.16565475463867,58.389227294921874,65.52043546040854,53.752561549426446,-0.6968704383063411,-1.6820909095320398,0.9852204712256987,64.1486117963678,58.389227294921874,52.62984279347594,1951000.0,1.4443874935930292,2.3182415720213316,1.0654542108479603,-0.8756060974664415,0.3703771608125628,-2.016763885827655,-0.8236587089064717
2024-08-27,61.89604568481445,62.3642457386242,61.521484212933494,62.17696857476665,1027000,61.57767028808594,58.48754940032959,65.37089201609294,52.84761084035038,-0.5061417336080964,-1.4469010743472512,0.9407593407391548,64.42213302197112,58.48754940032959,52.55296577868807,1874250.0,0.547952514339069,2.121510899177248,-0.45181028728868977,0.17163104694757347,-0.24783653485163093,1.657308031044158,-1.2701154462959607
2024-08-28,61.14692687988281,62.176965518805275,60.959642581064315,61.80240406533379,1300000,61.952230834960936,58.59055347442627,65.20432033538819,50.41038644773192,-0.410701180364903,-1.2396610955507816,0.8289599151858786,64.63934681596572,58.59055347442627,52.54176013288683,1868150.0,0.6958755988544817,2.0009525043190766,-1.2102854013425812,-0.35839014234928523,0.8368724645030357,-1.8800951236872754,-2.078188752571075
2024-08-29,61.4278450012207,61.521483582189454,60.30416774126408,60.67872920930488,957000,61.633853912353516,58.61864547729492,65.04697354634602,51.317079977984605,-0.3088360400207435,-1.053496084444774,0.7446600444240306,64.71695050197913,58.61864547729492,52.52034045261072,1847900.0,0.5178851669462633,1.8964676158665827,0.4594149463794439,0.9086610177773791,-0.7546069078691819,2.237713868150193,1.8190990593233591
2024-08-30,61.521484375,61.70876868351677,61.05328431995687,61.42784579282455,932000,61.633853912353516,58.745059394836424,64.87755889892578,51.634525114611954,-0.21803786275422254,-0.8864044401066637,0.6683665773524412,64.97935939468803,58.745059394836424,52.51075939498482,1806050.0,0.5160432989119903,1.7310031822256917,0.15243799253812362,-0.39083263225860865,0.29835457649001196,2.057666621270271,0.0
2024-09-02,61.521484375,61.89604584786767,61.05328431995687,61.802407265692224,517000,61.5027572631836,59.16643943786621,64.73085861206054,51.634525114611954,-0.14441492771345565,-0.7380065376280222,0.5935916099145665,64.9126030522282,59.16643943786621,53.42027582350421,1694550.0,0.3050957481337228,1.612570961650372,0.0,0.4331737370221411,-0.14815026617228666,2.057666621270271,0.0
2024-09-03,60.4914436340332,61.521482291409875,60.4914436340332,61.521482291409875,529000,61.22183685302734,59.587819480895995,64.55639095306397,47.669061841743876,-0.16725587899552607,-0.6238564059015229,0.45660052690599684,64.28036488540089,59.587819480895995,54.895274076391104,1425650.0,0.37105881527724194,1.5349002655592288,-1.6742781020826047,-0.203152061097156,-0.642626632600074,-9.130602747620475,-6.054606084834591
2024-09-04,57.58860397338867,58.899565492672906,57.120403941084696,58.52500403799662,1323000,60.510172271728514,59.67677745819092,64.30022811889648,38.65849662193865,-0.41481071826798654,-0.5820472683748157,0.16723655010682914,64.12903626847057,59.67677745819092,55.224518647911275,1381350.0,0.957758714301227,1.7797188558777992,-4.798760760623278,0.15659122730726782,-4.5240421627673495,-0.3250471311331826,0.8980621714703041
2024-09-05,56.464927673339844,58.4313701087006,56.27764693110315,57.96317003915038,896000,59.51758880615235,59.74700756072998,64.03139457702636,35.83476843873849,-0.693674747693116,-0.6043727642384757,-0.08930198345464024,63.928749745735686,59.74700756072998,55.56526537572428,1345800.0,0.6657750037152623,1.8295860987737524,-1.9512129527711308,-0.08130132213054475,0.4502065283094936,-0.3969924629845134,-1.1518309473571575
2024-09-06,57.86952590942383,58.43136811698272,56.83948722035693,58.43136811698272,635000,58.78719711303711,59.86873950958252,63.805656878153485,41.579127125788325,-0.7922051137637354,-0.6419392341435277,-0.15026587962020765,63.64392932771376,59.86873950958252,56.09354969145128,1332300.0,0.47661938001951515,1.847833344756302,2.4875587270913435,0.16272898106874933,1.1680285631374687,-3.3167285851312234,-2.224576203845108
2024-09-09,57.12040328979492,57.401322591557694,56.464922537626634,56.65220326282939,500000,57.90698089599609,59.87342147827148,63.578033701578775,39.54570928783829,-0.9201323603847413,-0.6975778593917705,-0.2225545009929708,63.633974756708575,59.87342147827148,56.11286819983439,1316600.0,0.37976606410451164,1.788736015028421,-1.2945027764723949,0.05905528468521659,-1.3564144167506398,2.164312809677371,-3.141925300739523
2024-09-10,56.09036636352539,58.05680510769482,55.34124343995338,57.40132433561073,917000,57.02676544189453,59.76573543548584,63.339300346374515,36.87533692221817,-1.0920426091448192,-0.7764708093423803,-0.3155717998024389,63.83353491191713,59.76573543548584,55.69793595905455,1305900.0,0.7021977180488552,1.9123127687234902,-1.803273203523681,0.2563547314850423,-0.3800496824621358,-1.6717049184581612,0.0
2024-09-11,55.153968811035156,56.46492684325366,55.153968811035156,56.09036893636966,1271000,56.53983840942383,59.60654754638672,63.069817543029785,34.58869188808677,-1.2889835762165092,-0.8789733627172062,-0.410010213499303,64.13297477046517,59.60654754638672,55.08012032230828,1307700.0,0.9719354592031811,1.8321321371894916,-1.6694445288900073,0.1557220455938646,-0.15704496945657676,3.444230336363141,1.3498174407515995
2024-09-12,56.558563232421875,56.6522018065749,55.71580177671416,55.71580177671416,902000,56.55856552124023,59.49417953491211,62.84494469960531,40.54436845516763,-1.316545364937376,-0.9664877631612402,-0.35005760177613576,64.21183415456673,59.49417953491211,54.77652491525749,1278250.0,0.7056522589477802,1.787612251636192,2.5466787824445447,-0.1585997292772645,2.9587275926014067,-1.771039908715344,-0.05549103494698615
2024-09-13,57.86952590942383,58.525006698867735,56.27764501279804,57.40132585583289,789000,56.55856552124023,59.42394962310791,62.66766408284505,45.52936414318015,-1.2185577737192332,-1.0169017652728387,-0.20165600844639453,64.1968928724606,59.42394962310791,54.65100637375522,1235900.0,0.6384011651428109,1.848912176227326,2.317885395381558,-0.5730778859112329,0.4913830054379842,3.447280147882381,2.276506075594087
2024-09-16,58.80592346191406,60.39780428938415,57.86952339541198,58.05680412312895,1194000,56.895669555664064,59.36776561737061,62.4847900390625,48.8296017805267,-1.053201790387071,-1.0241617702956853,-0.02904002009138562,64.14210110836022,59.36776561737061,54.59343012638099,1263450.0,0.945031461474534,1.9394946719266382,1.6181185827508937,0.04698615258813543,0.41558428502583844,-1.8823179742660012,-0.5428817982657153
2024-09-18,58.15044403076172,59.27412485067771,58.15044403076172,59.27412485067771,584000,57.30768508911133,59.28348941802979,62.28796284993489,46.696786495383066,-0.9639360396587762,-1.0121166241683035,0.048180584509527336,64.08246816595965,59.28348941802979,54.48451067009992,1257750.0,0.464321208507255,1.8307194916585519,-1.11464864857852,0.24009018886061995,-0.7837052942722855,-1.0921293745370542,-0.4880550353139834
2024-09-19,58.71228790283203,58.71228790283203,57.77588778818426,58.150445690793596,515000,58.0193489074707,59.25539760589599,62.127756881713864,48.76263336591022,-0.8381940053941577,-0.9773321004134744,0.13913809501931673,64.06118000726246,59.25539760589599,54.44961520452952,1232000.0,0.4180194805194805,1.7114769080571148,0.9661901666186745,-0.5025171841719578,1.6783629197754113,3.8363520779839844,2.2888075497272453
2024-09-20,58.33772659301758,60.11688467262695,58.33772659301758,59.18048812741563,1613000,58.37518157958984,59.021297454833984,61.96887976328532,47.44254009395112,-0.7600056328313656,-0.9338668068970526,0.17386117406568702,63.50001210428544,59.021297454833984,54.54258280538253,1061950.0,1.518903903196949,1.7205010642640826,-0.6379606777278779,-0.03461304571514834,0.5295654552418982,-5.153372676116019,-1.598287015964639
2024-09-23,61.89604568481445,61.98968426674323,58.5250067262175,58.80592604408676,2474000,59.180485534667966,59.040025520324704,61.860221989949544,58.84187899298372,-0.40623138908091505,-0.8283397233338251,0.42210833425291006,63.565646879687385,59.040025520324704,54.51440416096202,1084650.0,2.2809201124786798,1.978028612192292,6.099516212931699,0.6956707184216482,0.5691005244930158,0.2443555694854549,0.054139058654567584
2024-09-24,61.05328369140625,62.4578838420751,60.95964511019482,62.27060667965224,1900000,59.629957580566405,58.98384132385254,61.742061106363934,55.757327791473394,-0.19165729571263057,-0.7010032378095863,0.5093459420969557,63.37127795016912,58.98384132385254,54.59640469753595,1038750.0,1.829121540312876,1.91405662815069,-1.3615764691975563,-0.17505941198043828,0.6562554474329074,1.0467498986156842,0.21646058420676795
2024-09-25,61.14692687988281,65.26708143557266,60.86600400373782,62.27060409613177,7105000,60.229254150390624,58.94638538360596,61.613346608479816,56.033123181165045,-0.01388944916998014,-0.5635804800816652,0.549691030911685,63.24094857187677,58.94638538360596,54.65182219533514,1342650.0,5.291773731054258,2.245659401975244,0.1533794463044469,-0.7296520762731573,1.4703261303304016,-1.163615269788465,-3.4557276017307403
2024-09-26,59.835968017578125,62.55152974543102,59.64868728253949,61.70876822379863,2323000,60.45399017333985,58.88083744049072,61.479440180460614,51.219434638062054,0.020967723056166676,-0.4466708394540988,0.4676385625102655,63.072774321660695,58.88083744049072,54.68890055932075,1393800.0,1.6666666666666667,2.333283810097415,-2.143948893588621,0.5141959081656822,0.4270830660774827,5.2692004142766535,3.4675605257244113
2024-09-27,61.334205627441406,61.61512851088223,59.929605498568705,60.397805541526274,2043000,61.05328598022461,58.87615547180176,61.381104151407875,55.883945765530605,0.16755605509646188,-0.3238254605439867,0.4913815156404486,63.056307065737506,58.87615547180176,54.69600387786601,1448100.0,1.4108141702921069,2.25940070119164,2.503908033079938,-1.264795450138878,-0.1575824966969841,1.4593558364400128,3.081061843377131
2024-09-30,60.02324295043945,61.98968166507705,60.02324295043945,61.98968166507705,1397000,60.67872543334961,58.80124340057373,61.21700458526611,51.2646905264849,0.1759167734287601,-0.22387701374943736,0.39979378717819747,62.832848232231896,58.80124340057373,54.76963856891557,1471350.0,0.9494681754850988,2.2203391029844344,-2.1374087486598525,0.36554889324060813,-2.6212834827579523,-2.3927931091562327,-0.8390127362291944
2024-10-01,59.18048858642578,60.39780803393342,58.80592710776974,59.74232723232685,1274000,60.30416641235352,58.68419361114502,61.02977326711019,48.489891848336214,0.11323417586546469,-0.15645477582645698,0.26968895169192164,62.514153927045605,58.68419361114502,54.854233295244434,1509200.0,0.8441558441558441,2.1365446794083343,-1.404046703557027,0.015832654460190554,0.7462542284165874,-2.148461018428016,-2.9084801146494255
2024-10-04,57.86952590942383,59.3677682241646,57.77588732753881,59.3677682241646,1012000,59.648686218261716,58.55309772491455,60.80857823689779,44.458611216438705,-0.04174475857733029,-0.13351277237663164,0.09176801379930136,62.30120993164899,58.55309772491455,54.80498551818011,1533350.0,0.659992826164933,2.0639228417039948,-2.2151940754721156,0.6475584055064321,-0.3915951667323836,1.7204593387887268,1.3513601298864808
2024-10-07,58.99320602416992,59.08684460489894,58.2440866620891,58.61864455708807,612000,59.480133819580075,58.623327827453615,60.607625770568845,48.41714405021115,-0.07305297716585102,-0.12142081333447552,0.0483678361686245,62.34791020786052,58.623327827453615,54.89874544704671,1497800.0,0.4085992789424489,1.9510422888734773,1.9417475728155331,1.005679869258036,1.792829627283954,-0.6290251214395082,-1.0555673861183723
2024-10-08,58.24408721923828,59.55504522239931,57.68224501324105,59.1804873238174,1336000,58.86211013793945,58.71228580474853,60.41084499359131,46.06026840739433,-0.15650846075919134,-0.12843834281941868,-0.028070117939772654,62.30236871961662,58.71228580474853,55.12220288988045,1519800.0,0.879063034609817,1.9406100115781146,-1.2698391143968757,-0.6747083567230305,-0.4015843133057917,-0.7877304648210681,-0.393028551363106
2024-10-09,56.65220260620117,58.993202713895435,56.184002584662316,58.43136411688189,2865000,58.1879020690918,58.6514196395874,60.17844721476237,41.44348656194161,-0.347098185289596,-0.17217031131345417,-0.17492787397614185,62.34154608405549,58.6514196395874,54.96129319511932,1631300.0,1.7562680071108931,2.0564220272654485,-2.733126552477416,0.1500498127376071,0.2109089790889307,0.6663848416811335,0.9582817823639678
2024-10-11,57.026763916015625,57.026763916015625,56.37128317301079,56.37128317301079,908000,57.75715713500976,58.64673767089844,59.95532048543294,42.89389866232582,-0.462585549477339,-0.23025335894623114,-0.23233219053110785,62.34527121605157,58.64673767089844,54.948204125745306,1651700.0,0.5497366349821396,1.8696298560307005,0.6611593064052457,-0.09929871833751491,1.070478351454196,0.028451533431317344,2.591527476229305
2024-10-14,57.86952590942383,58.056806645276794,57.02676795620989,57.02676795620989,693000,57.75715713500976,58.73569564819336,59.737154197692874,46.127244111185185,-0.48056659545537883,-0.2803160062480607,-0.20025058920731814,62.256661955554996,58.73569564819336,55.21472934083172,1640500.0,0.4224321853093569,1.757684905794763,1.4778359063988944,-0.20343946585824613,0.3215858580000841,3.497794711255686,0.9884825593322155
2024-10-15,58.05680465698242,58.71228542397782,57.869523927543334,58.05680465698242,1574000,57.56987686157227,58.88083744049072,59.550880686442056,46.84745862228163,-0.4742381519525267,-0.31910043538895394,-0.15513771656357278,61.99608080508184,58.88083744049072,55.76559407589961,1655650.0,0.9506840213813306,1.6356951178800592,0.3236223981715636,0.06846983628858716,1.3786551243744505,-4.767139960239941,-1.5225529549070749
2024-10-16,57.86952590942383,57.96316806339177,56.652206484503964,57.96316806339177,2155000,57.494964599609375,58.94638557434082,59.3584571202596,46.182560108377764,-0.4788151615267324,-0.35104338061650964,-0.1277717809102228,61.90723122723941,58.94638557434082,55.98553992144224,1718300.0,1.2541465401850667,1.6048821918265124,-0.3225784620167982,0.05909743352694452,-1.2066723441250926,-0.4183510051991468,1.0491227946849202
2024-10-17,58.431365966796875,59.180485310559334,57.86952377991293,57.86952377991293,684000,57.85079727172852,58.97447757720947,59.178426297505695,48.54211531077372,-0.43212540477560424,-0.3672597854483286,-0.06486561932727564,61.90278653423735,58.97447757720947,56.04616862018159,1713050.0,0.39928781997022855,1.5656927703358312,0.9708737864077666,-0.11191169434519033,0.1862561878152258,0.3042142375578871,0.8196951178949696
2024-10-18,57.77588653564453,59.086844524481016,57.77588653564453,58.99320594387944,564000,58.0006217956543,58.922975730896,59.007156435648604,46.00775033888575,-0.4429095624582331,-0.3823897408503095,-0.060519821607923574,61.8995997314697,58.922975730896,55.9463517303223,1681550.0,0.33540483482501265,1.531728132802585,-1.1217937837099567,-0.20848772856875142,1.8800759024857339,-1.0831889415647167,-1.1382171672167818
2024-10-21,59.55504608154297,59.55504608154297,57.86952658340175,57.86952658340175,1261000,58.33772583007813,58.993205833435056,58.898853619893394,53.15664592633786,-0.3043840292039164,-0.36678859852103096,0.06240456931711458,61.959346049028404,58.993205833435056,56.02706561784171,1715400.0,0.7351055147487466,1.5647189878820318,3.0794153972882654,-0.08108075314693375,0.23527539270360442,-1.9710885037641845,-2.193010867723144
2024-10-22,59.46140670776367,59.83596817885047,59.08684523667688,59.55504528949391,464000,58.618646240234376,59.03066177368164,58.834418805440265,52.76069050792987,-0.1998536722354416,-0.3334016132639131,0.1335479410284715,62.00078245788406,59.03066177368164,56.06054108947923,1712850.0,0.270893540006422,1.4559728484542398,-0.15723163684751018,0.028084610514422792,-0.030156527726787896,-0.893652784592669,-0.8968260366216563
2024-10-23,63.4879264831543,65.36072659010085,59.46140339555303,59.46140339555303,11028000,59.74232635498047,59.28817176818848,58.835578282674156,64.8762944353229,0.20552472254008336,-0.22561634610311382,0.4311410686431972,62.84118388555544,59.28817176818848,55.735159650821515,2183600.0,5.050375526653233,2.048419561266718,6.7716524016659285,-0.11543711676430535,-0.852629098085167,2.1490836872562813,-0.6221847493012134
2024-10-24,61.334205627441406,64.33068304470356,61.24056704768304,63.4879286827125,3584000,60.32289428710938,59.26007976531982,58.83869953155518,56.52545968168644,0.3489799240020446,-0.11069709208208213,0.4596770160841267,62.73428445976903,59.26007976531982,55.78587507087062,2239100.0,1.6006431155374927,2.1873124193672258,-3.3923313849041126,-0.03123109124840706,-0.6095637401184573,3.1043115675402966,1.081378189144111
2024-10-25,61.70876693725586,62.926082759420325,60.95964401271951,62.3642441381009,1444000,61.10947036743164,59.292853927612306,58.888640848795575,57.54887345715638,0.4872761558562786,0.008897557505590015,0.4783785983506886,62.849670137329966,59.292853927612306,55.73603771789465,2216300.0,0.6515363443577133,2.157862596345038,0.6106891024066252,-0.06311938616798685,0.6723275032274767,1.6695178915175912,0.05632580575358759
2024-10-28,60.866004943847656,62.45788221548204,60.39780490581806,62.36424363670925,1423000,61.37166213989258,59.27880783081055,58.9042475382487,54.44339737992943,0.5228460228678387,0.11168725057803974,0.4111587722897989,62.80689793921818,59.27880783081055,55.75071772240292,1932200.0,0.7364662043266743,2.144824558120896,-1.3657086913843264,0.25012638112038577,-0.6440637870254728,1.3894706859923334,0.8441092295790709
2024-10-29,59.367767333984375,60.77236747369616,58.61864440180513,60.77236747369616,1811000,61.35293426513672,59.25539779663086,58.90892957051595,49.34541208810033,0.42523826292635647,0.1743974530477031,0.25084080987865337,62.774122740262335,59.25539779663086,55.736672852999384,1906600.0,0.9498583866568762,2.1584960226437806,-2.461534334716875,-0.15593671303683054,-1.170271773009135,3.4053144479762265,0.558029111155034
2024-10-30,58.71228790283203,59.92960733745755,58.43136858285429,59.742326600111404,947000,60.397806549072264,59.12430191040039,58.87303428649902,47.26037594072585,0.2916299691717015,0.19784395627250279,0.09378601289919869,62.50976848227277,59.12430191040039,55.73883533852801,1851800.0,0.5113943190409331,2.0704617202383777,-1.1040998518014322,-0.033745516386241015,-0.4630438149480831,-1.4323959016565913,-3.107652497411173
2024-11-01,60.02324295043945,60.116881528438284,56.839484861403214,57.58860420164217,1107000,60.135614013671876,59.12430191040039,58.890201568603516,51.65973352968216,0.2882052987266661,0.21591622476333547,0.07228907396333065,62.50976848227277,59.12430191040039,55.73883533852801,1837300.0,0.6025145594078267,2.23138637981127,2.23284612886665,-0.008469656393517155,-0.17681353912938347,0.709320492485066,-0.05894749978038183
2024-11-04,58.99320602416992,60.30416758687352,58.71228670989997,59.74232538625074,755000,59.59250183105469,59.1149377822876,58.98852361043294,48.253820046632505,0.20006957364735456,0.2127468945401393,-0.012677320892784727,62.500786009057606,59.1149377822876,55.72908955551759,1811350.0,0.4168161868219836,2.146118979432907,-1.716063437492077,0.18830568818823945,0.8134762750590552,-2.098884221167119,0.41296976190574597
2024-11-05,58.99320602416992,59.64868680552172,58.61864455708807,58.61864455708807,418000,59.21794204711914,59.171121788024905,59.10401299794515,48.253820046632505,0.1287373722473646,0.19594499008158436,-0.06720761783421977,62.506876545443006,59.171121788024905,55.835367030606804,1781650.0,0.23461398142171583,1.9973087486330066,0.0,-0.03382976410999383,0.6157022965944003,1.007189853585877,0.11750275671003063
2024-11-06,60.02324295043945,60.3041658286015,58.80592357604081,59.36776576028211,640000,59.349037170410156,59.222623634338376,59.17424297332764,51.92943526634777,0.1535514151577786,0.18746627509682323,-0.03391485993904464,62.578557631265106,59.222623634338376,55.866689637411646,1783050.0,0.3589355318134657,1.9307665491566972,1.746026357420738,-0.2810876692411757,0.47861170401419795,2.9487176421822525,6.748840739027329
2024-11-07,61.24056625366211,61.3342048322064,60.304166179887964,60.39780475843226,1075000,59.85469284057617,59.37244758605957,59.27724698384603,55.914920462431496,0.2683511548443107,0.20364325104632072,0.06470790379798999,62.81097561506543,59.37244758605957,55.93391955705371,1770000.0,0.6073446327683616,1.8481259268380643,2.0280865267939374,1.6098729025626257,0.8245523226092066,-0.3044051494773381,-1.649260190593671
2024-11-08,59.929603576660156,61.802403688430786,59.83596499990472,61.61512653491991,1089000,59.83596496582031,59.53631763458252,59.35215892791748,51.01005764260169,0.2506576187712639,0.21304612459130937,0.03761149417995455,62.73286605176426,59.53631763458252,56.33976921740077,1681200.0,0.6477516059957173,1.8639009617297984,-2.1406769355656663,-0.9296486058043341,0.6197250034959412,-2.2761961418243493,0.0
2024-11-11,58.71228790283203,59.92960733745755,58.43136858285429,59.92960733745755,902000,59.779781341552734,59.62059383392334,59.380250994364424,46.89632960038491,0.1368308616135394,0.1978030719957554,-0.06097221038221598,62.62144438170293,59.62059383392334,56.619743286143745,1680900.0,0.5366172883574276,1.8151460007795928,-2.0312426600168854,0.627458984621776,-0.1029553901989333,-0.639120230409651,-2.962540612848874
2024-11-12,58.05680465698242,59.08684331077318,57.30768531130889,58.33772396509965,1241000,59.59250106811523,59.62995777130127,59.377129618326826,44.80119270910221,-0.00619823396657182,0.15700281080328995,-0.16320104476986177,62.60889039877074,59.62995777130127,56.6510251438318,1708300.0,0.7264531990868115,1.8103476006042198,-1.1164328103418941,0.4336932611868294,-2.3284295008224376,0.3859409319530105,-3.9746609584634385
2024-11-13,57.68224334716797,58.52500484578033,57.30768545940467,58.24408553693715,750000,59.12430114746094,59.611229705810544,59.36620489756266,43.60243799901888,-0.1480669662271623,0.09598885539719951,-0.24405582162436182,62.636159597765605,59.611229705810544,56.58629981385548,1667100.0,0.4498830304120929,1.7312771720404125,-0.6451634946626483,0.1235439255507842,-0.5288498883201043,-2.4775813897099486,-2.039606147241768
2024-11-14,57.494964599609375,58.150441778092116,57.307683874864566,57.86952247701627,587000,58.37518081665039,59.592501640319824,59.34435558319092,42.98315479271735,-0.27246992474110954,0.022297099369537693,-0.29476702411064726,62.667065712802014,59.592501640319824,56.517937567837635,1588700.0,0.36948448416944674,1.6128079361986976,-0.3246731345579512,-0.020971256315938103,-0.6336314481737659,-2.146300578994087,-1.77585431828573
2024-11-15,57.963165283203125,58.99320392286448,57.49496525206928,57.49496525206928,558000,57.981893157958986,59.569091606140134,59.322506268819176,45.08312240600396,-0.3294822174811287,-0.04805876400059558,-0.2814234534805331,62.68769539084321,59.569091606140134,56.45048782143706,1582400.0,0.35262891809908997,1.5975321211395521,0.814333371373066,0.3986669276656585,0.12057324525860391,-3.3721196956665977,-4.239405748547087
2024-11-18,56.558563232421875,58.24408257175469,56.371282512033204,58.24408257175469,1214000,57.55114822387695,59.508225440979004,59.26632226308187,40.289071808759616,-0.48244321194110995,-0.13493565358869847,-0.3475075583524115,62.815971638243646,59.508225440979004,56.20047924371436,1614900.0,0.7517493343241067,1.6342345129504765,-2.4232666451503904,-0.23173876056459264,-0.8628257366824488,2.6559622667783334,-0.9114501466969682
2024-11-19,57.30768585205078,57.40132443161247,56.55856649930873,57.02676654128287,541000,57.40132446289063,59.395857429504396,59.22418422698975,43.726076448075894,-0.5370274492035563,-0.21535401271167004,-0.32167343649188623,62.84651043288357,59.395857429504396,55.94520442612522,1578900.0,0.34264361264171256,1.5287047377824927,1.324507867271052,-0.06007286302424086,1.3406124900682936,0.2557132376070914,0.06569309152160141
2024-11-20,57.026763916015625,57.77588323427144,56.745841046097354,57.30768321385122,1308878,57.27022857666016,59.274125289916995,59.18672822316488,42.732721914498626,-0.5960826334182059,-0.29149973685297725,-0.30458289656522863,62.88318442675934,59.274125289916995,55.66506615307465,1621143.9,0.8073792832332775,1.4622163978347051,-0.4901994066911053,-0.36001887929690835,-0.7021874267539641,0.9902415868041414,-0.3939585576520743
2024-11-21,57.21404266357422,58.05680415268829,57.21404266357422,57.96316557482351,684000,57.214044189453126,58.96043109893799,59.089966773986816,43.651756130996034,-0.6206183604658335,-0.3573234615755485,-0.263294898890285,62.08553998377693,58.96043109893799,55.835322214099044,1103943.9,0.6195967023324284,1.404592909679766,0.3284050061729049,0.45165552347810056,-0.5848779832719808,1.7233749876451654,2.175345291212283
2024-11-22,57.86952590942383,58.525006698867735,57.68224517357086,57.86952590942383,516000,57.195316314697266,58.78719711303711,59.029100799560545,46.86583676185655,-0.5804796727519985,-0.40195470381083853,-0.17852496894116,61.737487720235585,58.78719711303711,55.836906505838634,950543.9,0.5428471004863636,1.3921090597615995,1.1456684676241613,0.10408579018676978,1.5457767754733176,1.6795698924731095,3.0967684310004406
2024-11-25,58.431365966796875,58.52500454523613,57.77588520147367,58.150443087313505,443000,57.56987686157227,58.62332706451416,58.966674105326334,49.5235084536147,-0.4975976801059758,-0.421083299069866,-0.0765143810361098,61.23500115471106,58.62332706451416,56.01165297431726,900493.9,0.4919522497598262,1.3063770976283806,0.9708737864077666,0.194435698150075,0.19231667879251457,3.9787367621188396,7.1964857423109985
2024-11-26,57.494964599609375,58.43136465125068,57.494964599609375,58.150441778092116,546000,57.60733261108398,58.45477504730225,58.89332275390625,45.44373949550328,-0.5016897017104469,-0.4372045795979822,-0.06448512211246471,60.885906449943185,58.45477504730225,56.02364364466131,856643.9,0.6373710242960932,1.2570470002362633,-1.60256627873393,-0.7261611146034852,-1.1748520051593436,-2.1688074431020388,6.187992745678139
2024-11-27,55.809444427490234,57.68224462401115,55.71580584649735,57.58860604301826,1063000,57.363868713378906,58.27685890197754,58.80436471303304,39.18607184164766,-0.6336358896127905,-0.4764908416009439,-0.1571450480118466,60.936717845112746,58.27685890197754,55.616999958842335,819243.9,1.2975378882894337,1.351632570539935,-2.93159615604075,0.22577646053867362,-1.5167516755981714,-0.6636560614634912,4.233106259059327
2024-11-28,55.71580505371094,56.1840050961791,54.96668570017845,55.903085785114776,719000,57.06422119140625,58.127034759521486,58.70916404724121,38.865875681791735,-0.7372614183321957,-0.5286449569471943,-0.20861646138500145,61.01169431302606,58.127034759521486,55.24237520601691,807843.9,0.8900234315070028,1.33372414726803,-0.16778409951913043,0.030242115860379393,-0.16064141835966383,-0.6636560614634912,4.233106259059327
2024-11-29,55.62216567993164,56.0903657157153,55.15396564414798,55.52852352952523,500000,56.614749145507815,57.90698089599609,58.610842068990074,38.52685001848266,-0.8175174787035147,-0.5864194612984583,-0.2310980174050563,60.8533891665145,57.90698089599609,54.96057262547768,777493.9,0.6430918621998192,1.2807476038412686,-0.16806608769096565,0.24526484448965657,-0.1632385004971093,1.0945334600741985,0.7384003982506826
2024-12-02,55.809444427490234,56.27764447662046,55.43488653143579,55.809444427490234,491000,56.09036483764648,57.74779281616211,58.515641403198245,39.66050388944149,-0.8561401047879968,-0.640363589996366,-0.21577651479163085,60.78958021906445,57.74779281616211,54.706005413259774,764293.9,0.6424230260113288,1.2223489826870557,0.3366980506229522,-0.170188817196526,2.131071027512643,3.9791817946690955,1.6230151278886051
2024-12-03,55.809444427490234,56.558567363764915,55.71580584649735,55.809444427490234,524000,55.75326080322266,57.58860473632812,58.437608083089195,39.66050388944149,-0.8766434146286812,-0.687619554922829,-0.18902385970585223,60.68864069174354,57.58860473632812,54.48856878091271,769593.9,0.6808785776498488,1.1717373206311241,0.0,0.4701136177487131,1.2777945571064597,-5.598376687623174,-4.246503605792629
2024-12-04,57.026763916015625,57.120402491266596,55.715802430005944,55.809441005256915,871000,55.996724700927736,57.438780784606934,58.42824408213298,47.025124777710005,-0.7856089156798589,-0.7072174270742351,-0.07839148860562384,60.325695598827735,57.438780784606934,54.55186597038613,781143.9,1.115031430188471,1.2027856860483945,2.181206964185023,-0.39120209053116195,0.9895539123634611,-5.500639553335596,2.2174250872795565
2024-12-05,56.277645111083984,57.30768737403273,56.277645111083984,57.12040663785269,593000,56.109092712402344,57.19063472747803,58.42512270609538,43.5060448778979,-0.7650915472024806,-0.7187922510998842,-0.04629929610259642,59.49627770997174,57.19063472747803,54.88499174498431,757043.9,0.783309924298974,1.1797532296351083,-1.3136267140020141,-0.4651336042930887,0.054221440666024634,-0.34864840484709614,-3.386234721842085
2024-12-06,56.93312454223633,57.30768600565271,56.27764376729908,56.371285919194605,546000,56.37128448486328,57.04081077575684,58.40951601664225,47.227396788855565,-0.6880087363980465,-0.7126355481595167,0.02462681176147019,58.95289793692023,57.04081077575684,55.12872361459345,729893.9,0.7480539294820795,1.1597917641309112,1.1647243410034758,0.03032821885522452,-0.3209133409747267,1.186490423856168,-0.43812306850659066
2024-12-09,56.464927673339844,57.12040848512676,56.184008346026324,57.02676990004994,351000,56.5023811340332,56.928442764282224,58.39859142303467,44.94978101908894,-0.6571247033846319,-0.7015333792045397,0.04440867581990782,58.68473319660747,56.928442764282224,55.17215233195698,702343.9,0.49975517691546834,1.1300062141268479,-0.8223628558259533,0.20171769247800952,0.3448434410777468,1.743842033447085,-0.16502866204217703
2024-12-10,56.18400573730469,57.401325147196374,55.903086423034736,56.652205785115555,417000,56.577293395996094,56.83480281829834,58.40015207926432,43.591377257994914,-0.6478489379053016,-0.6907964909446921,0.04294755303939046,58.536644454154015,56.83480281829834,55.13296118244267,661143.9,0.6307250206800668,1.1791038821314865,-0.49751579894043996,-0.05310753893845721,-0.6366533332259117,-1.9799112902525784,-1.5977796114320042
2024-12-11,56.18400573730469,59.08684460489894,56.18400573730469,57.682244461466325,2607000,56.4087417602539,56.759890937805174,58.41731936136882,43.59137725799492,-0.6331987063997886,-0.6792769340357114,0.04607822763592284,58.43637875295578,56.759890937805174,55.083403122654566,753993.9,3.457587654223728,1.4089352135265223,0.0,0.472647811741278,-0.957614927178041,2.4570469894366065,0.9518365498143888
2024-12-12,56.18400573730469,57.21404441365545,56.18400573730469,56.652205785115555,719000,56.39001388549805,56.69434299468994,58.4110767364502,43.59137725799492,-0.6145046651188295,-0.6663224802523351,0.051817815133505585,58.3522290260786,56.69434299468994,55.03645696330128,760593.9,0.9453139185049998,1.3584156752364211,0.0,-0.1168319802240636,0.6250970544977807,-1.2652649623457912,-2.384917982910717
2024-12-13,54.0302848815918,56.464923640534344,53.843004152730956,56.2776429116735,1561000,55.80944595336914,56.49769897460938,58.34708938598633,33.80817846873174,-0.7646622262220291,-0.685990429446274,-0.07867179677575509,58.431862858133705,56.49769897460938,54.56353509108505,810743.9,1.925392223117559,1.5268828502453502,-3.83333446494164,-0.06095614844506825,-0.11420375760532453,-1.7136067879896855,1.193168677000389
2024-12-16,51.78292465209961,54.40484420940537,51.50200533740308,54.40484420940537,1622000,54.87304534912109,56.258917045593265,58.23003940582275,26.99898484799853,-1.052869539111697,-0.7593662513793586,-0.29350328773233825,59.11897808363874,56.258917045593265,53.39885600754779,831143.9,1.951527286670816,1.7103436531462757,-4.159445456223876,0.09948574552680611,0.08435932473851437,0.7277188653669775,-0.39302593413381715
2024-12-17,51.68928527832031,52.34476605061247,50.75288519564089,51.78292385775512,3200000,53.97410125732422,55.97799701690674,58.1223534266154,26.757169107099074,-1.274144283710072,-0.8623218578455014,-0.41182242586457063,59.44386231176896,55.97799701690674,52.51213172204452,964093.9,3.319178764641079,1.6945486133896495,-0.18083060083686764,-0.2501633362811728,-0.0950118039959369,1.9566456571246338,-1.2965189636549246
2024-12-18,52.34476852416992,52.43840710802963,51.12744550149569,51.78292630476266,1608000,53.20625381469726,55.74389724731445,58.016228103637694,31.38965908193603,-1.3806982630432003,-0.9659971388850412,-0.4147011241581591,59.52925515653934,55.74389724731445,51.95853933808956,979050.0,1.6424084571778765,1.6434036791422213,1.268122092074142,0.03948023999278405,0.6545316375484278,-4.148210285221554,-0.7424124545280741
2024-12-19,51.50200653076172,52.1574873282971,51.221087209555975,51.78292585196746,858000,52.26985397338867,55.45829544067383,57.90229943593343,28.862078558037453,-1.5156751493106242,-1.075932740970158,-0.4397424083404662,59.61985841493503,55.45829544067383,51.29673246641263,987750.0,0.8686408504176157,1.5741073638717848,-1.6100214351297826,0.7653556048109023,-1.0204294103727585,-0.20021138581083342,-2.1288737706551264
2024-12-20,50.75288391113281,51.97020327339027,50.75288391113281,51.97020327339027,915000,51.614373779296876,55.10246334075928,57.716580073038735,26.796555594980333,-1.6639126891280256,-1.1935287306017315,-0.4703839585262941,59.59943111375197,55.10246334075928,50.60549556776659,1007700.0,0.9080083358142305,1.5265356303232076,-1.4545503565603024,-0.14688883539788478,-1.840203207273594,1.0802421532034145,0.9994003946645513
2024-12-23,50.94016647338867,51.87656656611947,50.659243587903134,51.0338050538286,1048000,51.445822143554686,54.72790336608887,57.54802811940511,28.180360166564512,-1.7461513243135158,-1.3040532493440884,-0.44209807496942743,59.304620990045606,54.72790336608887,50.15118574213213,1037950.0,1.0096825473288693,1.4853072767089583,0.36900871009377667,-0.042905113412716744,2.640082018191703,1.725186646439636,0.2910306777849536
2024-12-24,50.47196578979492,51.78292375981696,50.47196578979492,50.940165830249114,1778000,51.20235824584961,54.376753425598146,57.37011210123698,26.81561851031958,-1.828033485337393,-1.4088492965427495,-0.4191841887946435,59.13369596785203,54.376753425598146,49.619810883344265,1099550.0,1.6170251466509027,1.4620607024840355,-0.9191188722132315,-0.024526060488960777,0.06795708770699349,1.906054817368008,1.7991977557835437
2024-12-25,51.03380584716797,51.408367318916135,50.19104432177606,51.03380584716797,1274000,50.94016571044922,54.13797149658203,57.22340939839681,31.126082619803597,-1.8265347352911618,-1.492386384292432,-0.33414835099872975,59.068387193301724,54.13797149658203,49.20755579986234,1110100.0,1.1476443563642915,1.429429008438174,1.1131725277216065,0.018390283940372676,0.4320483869864056,1.906054817368008,1.7991977557835437
2024-12-26,52.34476852416992,53.65572655862086,51.2210876574384,51.2210876574384,2301000,51.10871810913086,53.96941967010498,57.073585446675615,40.005409265420305,-1.699967071017852,-1.5339025216375162,-0.16606454938033588,58.90320371544563,53.96941967010498,49.03563562476434,1189200.0,1.9349142280524723,1.5884279021734702,2.5688122906763367,0.2879211150416561,0.11545410278845925,-1.2960307261217108,1.311291120709046
2024-12-27,51.59564208984375,52.438403576150705,51.59564208984375,52.25112284896218,798000,51.277269744873045,53.768093490600585,56.93312543233235,37.064805863851355,-1.6411909006528944,-1.555360197440592,-0.08583070321230246,58.746323461293535,53.768093490600585,48.789863519907634,1204100.0,0.6627356531849514,1.4890057133912682,-1.431139071672971,0.041578320025936755,0.12363018552592475,-1.507004711168436,-1.6319580244515852
2024-12-30,50.09740447998047,51.59564318512806,50.09740447998047,51.59564318512806,1157000,51.108717346191405,53.4824914932251,56.78174069722493,31.998840308518666,-1.6959556944511789,-1.5834792968427094,-0.1124763976084695,58.620454410103854,53.4824914932251,48.34452857634634,1237400.0,0.9350250525294973,1.4902367789587783,-2.9038065022127135,0.26587407296438936,-0.3672522989560889,-3.8630555510286935,-3.661340184185524
2024-12-31,49.81648254394531,50.19104041445158,48.69280178826122,50.09740183984567,782000,50.977620697021486,53.182843399047854,56.64752330780029,31.13942952988016,-1.741945180849207,-1.615172473644009,-0.12677270720519807,58.446877893282426,53.182843399047854,47.91880890481328,1250300.0,0.6254498920259138,1.491303691922989,-0.5607514779481515,-0.14782773801352844,-0.6688153383762052,-0.6460760373890873,0.5938366910320569
2025-01-02,49.161006927490234,50.28468780024947,49.161006927490234,49.81648773427337,511000,50.60306091308594,52.78955554962158,56.48365332285563,29.170772513931396,-1.810414255768876,-1.6542208300689825,-0.15619342569989358,58.01960471928866,52.78955554962158,47.559506379954506,1232300.0,0.4146717520084395,1.442287316034489,-1.3157806071049993,0.1251537494249222,-0.8814334035584737,-2.1252976507575294,-1.475816039216471
2025-01-03,49.25464630126953,49.81648853269546,49.06736912954397,49.81648853269546,587000,49.98503646850586,52.43840560913086,56.33382930755615,29.853040357099673,-1.8359568088002547,-1.690568025815237,-0.14538878298501778,57.62525957900024,52.43840560913086,47.25155163926148,1232000.0,0.476461038961039,1.349864927650089,0.1904748898195141,0.20975544231986998,0.3339174500631481,3.565063677813307,2.816059906470847
2025-01-06,49.441925048828125,49.441925048828125,48.4118863575937,49.441925048828125,1140000,49.55429306030273,52.06384563446045,56.213658014933266,31.27880480290763,-1.8201065806429426,-1.7164757367807781,-0.10363084386216448,56.95770647101055,52.06384563446045,47.169984797910345,1261700.0,0.90354283902671,1.3072214294613338,0.38022554545025233,0.12929662335154912,2.79117234558639,0.9388237994850446,0.17484960996152488
2025-01-07,49.25464630126953,50.471969349984164,49.25464630126953,50.0037692765041,734000,49.38574142456055,51.703331565856935,56.08412272135417,30.608812078437296,-1.801885970574034,-1.7335577835394294,-0.06832818703460464,56.28440408732811,51.703331565856935,47.12225904438576,1280850.0,0.5730569543662412,1.2952349786951072,-0.3787853069508129,-0.5362688493261603,0.43978199844929566,-2.7592660596029384,0.05815844931063019
2025-01-08,49.441925048828125,49.441925048828125,48.88008641216988,48.973724994251945,560000,49.31082992553711,51.366227531433104,55.94366270701091,32.173416530633745,-1.752136635580051,-1.7372735539475537,-0.014863081632497277,55.532490698127454,51.366227531433104,47.199964364738754,1288000.0,0.43478260869565216,1.1974487997568588,0.38022554545025233,-0.034527787352645056,-1.031401095838369,-7.046067593176552,-3.2558200004464077
2025-01-09,47.94368362426758,49.629203012150484,47.94368362426758,49.629203012150484,795000,49.06736526489258,50.95421142578125,55.77511068979899,26.940095689117953,-1.812709701739685,-1.75236078350598,-0.06034891823370492,54.725487384822614,50.95421142578125,47.18293546673989,1197400.0,0.6639385334892267,1.262524878173665,-3.030305602140093,0.5983308797275377,-1.3935772156041248,-7.046067593176552,-3.2558200004464077
2025-01-10,47.288204193115234,48.318242855617285,47.288204193115234,47.66276565516117,1066000,48.674076843261716,50.50942134857178,55.598755327860516,25.0224352683084,-1.8917985292587858,-1.7802483326565413,-0.11155019660224452,53.74374637991723,50.50942134857178,47.27509631722632,1214750.0,0.8775468203334019,1.2315267160841166,-1.367186210157123,-0.27125588031043923,-0.3001217089277253,-7.494430875770341,-1.6826955380992548
2025-01-13,47.00728225708008,47.38184012612263,46.11770151346972,47.38184012612263,1487000,48.18714828491211,50.15827121734619,55.40835393269857,24.226505738258226,-1.9546134798562207,-1.8151213620964772,-0.13949211775974346,53.3069199615956,50.15827121734619,47.00962247309678,1211050.0,1.2278601213822715,1.2358749689599564,-0.5940634473830531,0.8080683673291622,-2.2750412660863084,3.5780503416997123,-0.6112356093005533
2025-01-14,48.13096618652344,48.13096618652344,46.91364320852645,47.00728536103238,896000,47.96241226196289,49.975673294067384,55.24760526021321,33.35789673174028,-1.891914070940139,-1.8304799038652098,-0.061434167074929213,53.15107461036641,49.975673294067384,46.80027197776836,1174750.0,0.7627154713768887,1.2334013701648938,2.390446491456366,-0.12629097569892833,1.3748884512583492,-1.2350074098805952,-1.107019625318395
2025-01-15,49.161006927490234,49.254645511852246,47.756406729561945,47.756406729561945,2749000,47.906228637695314,49.84925937652588,55.074371274312334,40.443017043399806,-1.7390618359465506,-1.8121962902814779,0.07313445433492727,52.93752851884568,49.84925937652588,46.760990234206076,1152200.0,2.3858705085922582,1.268713025114948,2.1400790854167573,-0.308884934043574,-1.2411403721450665,0.09061115763686622,2.363188189467813
2025-01-16,49.441925048828125,49.81648652132224,48.973724994251945,49.254644312581064,1220000,48.20587692260742,49.70411720275879,54.907379913330075,42.2463986710449,-1.5770780200933174,-1.765172636243846,0.18809461615052858,52.56288801846931,49.70411720275879,46.84534638704827,1132800.0,1.0769774011299436,1.2119194920423275,0.5714246694585201,-0.47462027715259314,2.2675507006747475,-3.1142517381116064,0.3037670650690272
2025-01-17,49.161006927490234,49.53556840910432,48.88008760232118,49.53556840910432,641000,48.58043746948242,49.587067222595216,54.66859792073568,40.912283403473374,-1.4546046467527134,-1.7030590383456197,0.24845439159290628,52.32503646688947,49.587067222595216,46.84909797830096,1121950.0,0.571326707963813,1.1377276673411023,-0.5681779604262194,0.14330122044485805,0.5341148174661026,2.093071914994482,-0.060559834164941595
2025-01-20,49.62920379638672,50.00376525387181,48.88008445349933,49.16100376057175,672000,49.10482177734375,49.53088321685791,54.473514556884766,44.0817809863814,-1.3047239955140313,-1.623392029779302,0.3186680342652708,52.21368509499695,49.53088321685791,46.84808133871887,1109800.0,0.6055145071183997,1.1358547517452864,0.9523744490975261,0.2040049502909147,0.5129593209210137,2.093071914994482,-0.060559834164941595
2025-01-21,49.161006927490234,50.09740705944243,49.161006927490234,49.441926252659286,497000,49.31082992553711,49.44192523956299,54.26438522338867,41.674387261812214,-1.2097765233100617,-1.5406689284854542,0.33089240517539253,52.044767081016715,49.44192523956299,46.83908339810927,1082250.0,0.45922845922845923,1.1092608024395412,-0.9433898452559375,-1.8049163113836197,0.14264713733647127,1.793885270136486,4.848466095206305
2025-01-22,49.62920379638672,50.00376525387181,49.348284489314295,49.441923067644176,484000,49.4044692993164,49.39978713989258,54.07710520426432,44.91414664663781,-1.0842518131151024,-1.449385505411384,0.36513369229628156,51.959343399915326,49.39978713989258,46.840230879869836,1017550.0,0.475652302098177,1.0737271389651462,0.9523744490975261,0.8293035215003464,0.9673832452960607,0.7552565443905701,-0.5780239706307255
2025-02-03,47.66276550292969,49.34828493258726,47.10092331165528,49.34828493258726,871594,49.04863739013672,49.231235122680665,53.88202184041341,35.895689470586845,-1.1304169688436474,-1.3855917980978367,0.25517482925418933,51.78168773722742,49.231235122680665,46.68078250813391,997429.7,0.873840031031761,1.2676675850673187,-3.962260409263707,-0.3354747105550504,-3.5310722033439546,-3.9740195357103825,-3.9574582833931005
2025-02-04,47.85004425048828,48.22460572377799,47.47548634928152,48.13096714149703,495560,48.78644485473633,49.00649890899658,53.700984446207684,37.189218409348854,-1.1387643905483031,-1.3362263165879302,0.1974619260396271,51.16355885882093,49.00649890899658,46.84943895917224,907157.7,0.5462776758660595,1.1985278236578727,0.3929246353677973,0.4843438559004598,0.4373265659709302,0.6366962200720527,2.3370150620267482
2025-02-05,48.692806243896484,48.692806243896484,47.85004470699585,48.4118869222906,562399,48.59916534423828,48.86135711669922,53.51214383443197,42.78428634017823,-1.0650981443692729,-1.282000682144199,0.21690253777492607,50.64282482080587,48.86135711669922,47.079889412592564,895377.65,0.628113735025662,1.1510923796245836,1.761256455681548,-0.2891986256126744,1.6127918339116087,2.253853990468846,9.855778807639393
2025-02-06,50.00376510620117,50.00376510620117,48.88008430914713,49.0673650373366,708250,48.76771697998047,48.856675148010254,53.36231981913249,50.21362979084239,-0.8906666388956452,-1.2037338734944882,0.313067234598843,50.62490790372211,48.856675148010254,47.0884423922984,872940.15,0.8113385551117107,1.1724079106485974,2.6923050105969404,-0.21221627178528157,0.669296009715703,1.3921063205962314,-3.829336799812766
2025-02-07,50.47196578979492,50.56560436905263,49.441923557546005,49.81648501874249,543349,48.93626937866211,48.88944931030274,53.22029914855957,52.58177366910696,-0.7065043890339524,-1.1042879766023812,0.3977835875684288,50.7542492475408,48.88944931030274,47.024649373064676,861007.6,0.631061793182778,1.165910964096334,0.9363308594849906,-0.07860262820782449,0.6933683495169651,-2.269257547430381,-2.332195292721828
2025-02-10,50.94016647338867,50.94016647338867,50.0974049610978,50.47196642702327,573315,49.591749572753905,48.978407287597655,53.06891454060872,54.89241167326882,-0.5168170516871484,-0.9867937916193347,0.46997673993218625,51.05542190818676,48.978407287597655,46.90139266700855,864123.35,0.6634643074973035,1.1228243705222725,0.927645032776625,0.09726337705842081,-0.9631412824059216,-8.21463235994665,-1.3977863206440788
2025-02-11,50.94016647338867,51.595643680633934,50.75288574042594,51.595643680633934,569257,50.209774017333984,49.062683296203616,52.8972412109375,54.89241167326882,-0.3623119634332497,-0.8618974259821177,0.49958546254886804,51.316176184331276,49.062683296203616,46.809190408075956,863236.2,0.6594452364254418,1.0854821798137022,0.0,0.11422745347031693,0.5673032792007815,1.892005468381397,0.47255326744144455
2025-02-12,50.65924072265625,51.31472146491091,50.56560214751244,51.03380216739682,624600,50.60306091308594,49.12354907989502,52.74273516337077,53.09210927562131,-0.25954208849579175,-0.7414263584848525,0.48188426998906075,51.48341847287061,49.12354907989502,46.76367968691943,837466.2,0.7458211447817238,1.0406337981583376,-0.5514818073458327,-0.18895087172872138,-0.40326965645153257,4.443983005535723,1.5284933525709699
2025-02-13,51.12744140625,51.31472213105146,50.75288352872979,50.846522105089164,898030,50.827796173095706,49.21718883514404,52.6163210550944,55.699844965965646,-0.1387172933322276,-0.6208845454543276,0.4821672521221,51.741833751102234,49.21718883514404,46.69254391918585,845667.7,1.0619182924924293,0.9892801461899208,0.924215753956914,0.16004999541816556,0.4708515817043901,1.7179320256933472,2.779396629188513
2025-02-14,51.50200653076172,51.78292585196746,50.846525733226336,51.50200653076172,907007,51.03380432128906,49.320192909240724,52.50707441965739,57.724657315035905,-0.012593329430131917,-0.4992263022494885,0.4866329728193566,52.04371193785467,49.320192909240724,46.59667388062678,863018.05,1.050971066016522,0.9822294758634149,0.7326107354668654,-0.7319906963362488,-1.0547307799725902,1.78712430249921,4.957736674234092
2025-02-17,50.94016647338867,51.9702051465594,50.84652432086587,51.9702051465594,1177206,51.03380432128906,49.47001705169678,52.39470647176107,53.75571980254033,0.04154610585293028,-0.39107182062900475,0.43261792648193503,52.20435933131349,49.47001705169678,46.73567477208007,882128.35,1.3345064808312759,1.001089655840764,-1.090909063974943,0.15391983887540484,1.523459828704521,1.78712430249921,4.957736674234092
2025-02-18,50.47196578979492,51.502004449961014,50.19104290785614,51.12744298876453,1083083,50.940164184570314,49.62920513153076,52.27765649159749,50.63152616654325,0.046140240151515854,-0.30362940847290065,0.3497696486244165,52.19418214440211,49.62920513153076,47.06422811865941,882982.5,1.2266188740999964,1.0424059073426448,-0.9191188722132315,0.12581943498035653,0.6840120787098725,0.23152407417601495,-0.16102123942272062
2025-02-19,52.53204345703125,52.90660492070121,50.28468539126003,50.47196612309501,3009397,51.31472473144531,49.90544319152832,52.18713779449463,61.291494215074295,0.2135504984253629,-0.20019342709324794,0.41374392551861083,52.47148048387968,49.90544319152832,47.33940589917696,959102.35,3.1377224756044026,1.2530077236224504,4.081627562944767,0.04493902906270719,-0.26210179244977594,6.871991611925088,2.6881858283221316
2025-02-20,52.25112533569336,53.93664481644161,51.97020601758247,52.90660612600738,2256300,51.53946151733398,50.111451148986816,52.115347162882486,59.40771544738478,0.3198693349898818,-0.09618087467662201,0.4160502096665038,52.73848752569864,50.111451148986816,47.484414772274995,1027117.35,2.196730490435197,1.3481318669873419,-0.5347557468760367,0.07610438798688612,-0.49406348495265595,0.3962557977111203,-0.10471629468223886
2025-02-21,53.281166076660156,54.77940477852163,51.97020453346924,52.438404574311306,2623814,51.895293426513675,50.31745910644531,52.04823849995931,63.80096625240493,0.48169082633562255,0.01939346552582691,0.46229736080979567,53.258144079480225,50.31745910644531,47.3767741334104,1020858.05,2.5702045450883206,1.5429409840626815,1.9713273816576837,-0.16155224353523456,1.0336965036197743,-3.0319382678797524,-2.358508667467496
2025-02-24,52.53204345703125,53.000243500577284,52.438404877155186,52.71932418886623,927251,52.21366882324219,50.47196502685547,51.97332649230957,58.81537610908889,0.5432256225325602,0.12415989692717358,0.4190657256053867,53.540879317867166,50.47196502685547,47.40305073584378,1006220.6,0.9215186013882045,1.4495836794549868,-1.4059801516938975,0.24378228572174976,-0.6950599050789652,-1.2025859766080393,-1.5029392563599586
2025-02-25,51.78292465209961,52.62568616827209,51.50200533740308,52.62568616827209,892301,52.475860595703125,50.60306091308594,51.88280785878499,54.25004877609845,0.5254872747432202,0.2044253724903829,0.3210619022528373,53.66016299011327,50.60306091308594,47.54595883605861,1018785.65,0.8758476329147353,1.4061299663101903,-1.4260225866606246,-0.2236579215236012,-1.1864466763289783,-4.082397458583031,-1.9073645001318362
2025-02-26,51.50200653076172,51.78292585196746,51.03380647139116,51.78292585196746,655200,52.26985321044922,50.69670104980469,51.77668253580729,52.60116462868572,0.4831918270551796,0.2601786634033423,0.22301316365183732,53.74291468937972,50.69670104980469,47.65048741022966,1017945.65,0.6436492950286687,1.3185285548790053,-0.542491802510614,0.2403748003681816,0.5017241236141778,-1.3080866217780596,-0.16666796761496405
2025-02-27,49.62920379638672,52.15748470420411,49.62920379638672,52.15748470420411,7060232,51.74546890258789,50.72011089324951,51.62997983296712,43.17884213173504,0.29515053934882474,0.2671730385924388,0.027977500756385942,53.72352883526589,50.72011089324951,47.716692951233135,1346107.25,5.244925320772174,1.4798288686041234,-3.6363684845101885,-0.0854219922061139,-1.4928761271182256,-6.271015265656499,-6.622148410558626
2025-03-03,47.85004425048828,49.25464441720026,47.56912493156248,49.25464441720026,1883500,50.659244537353516,50.63115291595459,51.46923116048177,36.49139170933406,0.0025339480046682183,0.2142452204748847,-0.21171127247021648,53.86701774443521,50.63115291595459,47.395288087473965,1416082.25,1.3300781081042432,1.557195534766806,-3.584904471161332,0.010029005274558855,-1.288020531332612,-4.548351592666533,-3.033835618620939
2025-03-04,48.973724365234375,49.067366518196636,47.288204904825484,47.850043534267485,757138,49.94758071899414,50.69670085906982,51.355302492777504,42.54393552289412,-0.13711464230521386,0.143973247918865,-0.2810878902240789,53.72589966069673,50.69670085906982,47.66750205744291,1410359.45,0.5368404487239051,1.586791011914052,2.3483366261142447,-0.048922726206168665,-0.7003312963471564,-0.9351996668276907,1.925398058599237
2025-03-05,48.973724365234375,49.34828583291763,48.411885735792374,48.78644363139274,783050,49.38574066162109,50.75288486480713,51.242934481302896,42.543935522894124,-0.24496337098327103,0.06618592413843781,-0.31114929512170886,53.59572543293649,50.75288486480713,47.91004429667777,1424733.95,0.549611385339698,1.5000722232755461,0.0,-0.28611765666530786,1.2170685545562776,4.495392053374547,2.7744883608376902
2025-03-06,48.692806243896484,50.00376784083458,48.692806243896484,49.62920636397141,652096,48.823900604248045,50.75288486480713,51.127445157368975,41.399972913349636,-0.34907805559864613,-0.016866871808978973,-0.3322111837896672,53.59572543293649,50.75288486480713,47.91004429667777,1429218.8,0.456260441018548,1.4748574730972188,-0.5736098795404487,0.019216094991714172,-0.6841176310348751,-5.614111671586497,1.2062013336311406
2025-03-07,48.13096618652344,49.25464343993162,48.03732403401751,48.786443393650586,525597,48.52425308227539,50.65924491882324,50.99947052001953,39.133549554992285,-0.47149044207521484,-0.10779158586222615,-0.3636988562129887,53.72093297086875,50.65924491882324,47.59755686677773,1420086.15,0.3701162778046952,1.4405190641394712,-1.1538461237145747,0.17315585352613017,-0.6135009415062398,3.4639936662812953,0.9080623510765662
2025-03-10,48.13096618652344,48.13096618652344,48.13096618652344,48.13096618652344,0,48.58043746948242,50.54219493865967,50.87149588267008,39.133549554992285,-0.5620244720260885,-0.19863816309499865,-0.36338630893108986,53.80633151755803,50.54219493865967,47.27805835976131,1392918.7,0.0,1.2484498555875416,0.0,-0.09403841713142569,-0.5178931508299844,-2.73128113830563,-0.8436622159063378
2025-03-11,48.037322998046875,48.31824230534063,46.67954217869714,48.22460372693698,1060186,48.393157196044925,50.39705276489258,50.7216718673706,38.72376889299766,-0.6340209666862933,-0.2857147238132576,-0.3483062428730357,53.839939198086434,50.39705276489258,46.95416633169872,1417262.25,0.7480520983325422,1.3004832250616682,-0.19455912876060744,0.12063354165599005,-1.7278505202805272,-2.9438388622112566,-3.346564962269427
2025-03-12,48.41188430786133,48.880084342614175,48.130965001426176,48.224603579543626,1068002,48.28078918457031,50.270638656616214,50.59057585398356,41.36840155911889,-0.6533236318999869,-0.3592365054306035,-0.2940871264693834,53.81376481056835,50.270638656616214,46.72751250266408,1442199.5,0.7405369368107533,1.2394536409957526,0.7797297735131492,0.006697012528866786,0.9390996671090779,-0.02333676175462207,-2.4061029319882965
2025-03-13,47.19456481933594,49.254642109667856,47.19456481933594,48.69280349813784,1205008,47.9811408996582,50.097404861450194,50.428266525268555,35.93950304404768,-0.7581096264437974,-0.4390111296332423,-0.31909849681055513,53.89050937273631,50.097404861450194,46.30430035016408,1471219.9,0.8190536302560889,1.3488701275739081,-2.5145054895698737,0.11408531144070366,-1.4214677219695382,-1.6335985371503492,0.9074534126752631
2025-03-14,47.756404876708984,48.03732419097893,47.100924095357186,47.19456624816909,878501,47.906228637695314,49.928853034973145,50.28312447865804,39.862187866797655,-0.7867483397980024,-0.5085585716661943,-0.27818976813180807,53.82736584156656,49.928853034973145,46.03034022837973,1470243.45,0.5975207711348757,1.2938741233136193,1.1904761904761862,0.18871601352579148,0.029010047686051088,2.4673714428967486,1.139083709380051
2025-03-17,48.13096618652344,48.59916623280447,47.85004330108852,48.31824334736955,446312,47.906228637695314,49.76030101776123,50.14890715281169,42.3946939581658,-0.7703407504487387,-0.5609150074227033,-0.20942574302603545,53.66392415364986,49.76030101776123,45.8566778818726,1447208.7,0.30839505041670906,1.2337257543512015,0.7843163880979942,-0.12860909638311435,0.685450337057314,1.9912031435438182,1.3633800071101376
2025-03-18,47.85004425048828,48.505525042703795,47.662767085926376,48.505525042703795,1228039,47.86877288818359,49.60579490661621,50.010007794698076,41.00013902891344,-0.7711167166485708,-0.6029553492678769,-0.16816136738069398,53.5571132793907,49.60579490661621,45.65447653384172,1449750.35,0.8470692902402127,1.181596714674697,-0.5836615349596119,0.09233778296404704,0.691901155514496,-1.4301954120925275,-0.35089801940757503
2025-03-19,48.505523681640625,48.69280441303039,47.943685059554184,48.03732363920764,2904229,47.88750076293945,49.50747280120849,49.882033093770346,45.50459267776188,-0.7106480550135146,-0.6244938904170044,-0.08615416459651015,53.46589766699264,49.50747280120849,45.54904793542435,1540807.65,1.8848744682699363,1.136418507723685,1.3698617032013694,0.0691720867479928,-1.3956737184071533,0.36850223136077886,1.7018657946573201
2025-03-20,50.56560516357422,51.033805211385086,48.78644355305975,48.78644355305975,4100381,48.56170883178711,49.40915088653564,49.82428843180339,56.69486272546699,-0.4908367853159774,-0.597762469396799,0.10692568408082159,53.142545777372426,49.40915088653564,45.67575599569886,1595356.85,2.570196755666295,1.322000243993122,4.247106979928006,0.07308017918177256,1.8962383754100642,-0.8719620287956253,-0.6924254299070398
2025-03-21,50.1910400390625,51.40836293233054,50.1910400390625,50.56560147884999,1961205,49.04863586425781,49.3061466217041,49.7977570215861,54.5034107000559,-0.3429062359662396,-0.5467912227106871,0.20388498674444755,52.81640113362242,49.3061466217041,45.79589210978578,1580602.1,1.2407961497710271,1.3080432638964445,-0.7407507994812712,-0.04847648711218122,-0.7514778753577311,1.3425879771164162,-2.033698580348442
2025-03-24,50.56560516357422,51.22108594492602,50.37832443003329,50.75288589711514,1102508,49.53556365966797,49.1703685760498,49.779029019673665,56.32160227696107,-0.19321863054922517,-0.47607670427839477,0.2828580737291696,52.212033791904965,49.1703685760498,46.12870336019464,1504536.8,0.7327889886109797,1.2709769494920542,0.7462788661486197,-0.0372943476917964,-0.4613378578019911,4.339884830644158,2.787644251606647
2025-03-25,50.65924072265625,52.625682949420224,49.25464066300313,51.876563632021764,3110860,50.09740295410156,49.076728439331056,49.750936889648436,56.78652221744528,-0.06627059161426274,-0.3941154817455684,0.32784489013130563,51.779016645737855,49.076728439331056,46.37444023292426,1613717.25,1.9277602690310214,1.5509856610820594,0.18517638378721113,0.1100854006351959,0.753388228226104,-0.8099801431981191,-2.135015297375187
2025-03-26,50.56560516357422,51.31472452565504,50.4719665828452,50.65924374430324,1315686,50.50941925048828,49.015862464904785,49.735330200195314,56.142958644859746,0.026475839779685373,-0.3099972174405176,0.336473057220203,51.50818245728298,49.015862464904785,46.52354247252659,1634886.5,0.8047567828103052,1.4565552986457635,-0.18483411465769484,0.10299623953369252,-0.05791891930048143,-0.5958959381599738,-0.9433867073645574
2025-03-27,49.62920379638672,50.7528845967592,49.441923067644176,50.7528845967592,867501,50.322138977050784,48.92222232818604,49.71660219828288,50.03587842020316,0.024140019246821964,-0.24316977010304971,0.2673097893498717,51.14768671518497,48.92222232818604,46.69675794118711,1645501.55,0.5271954924624653,1.4371427960416652,-1.8518543665369869,0.1307340140583202,-1.3860075941006245,-2.841923996393314,-1.011908358049718
2025-03-28,46.53908157348633,48.8800816166991,46.11770085129152,48.78643947172104,3490652,49.59174728393555,48.76771621704101,49.64325078328451,36.08588525235146,-0.22447061598034423,-0.23942993927850864,0.014959323298164406,51.20546237399402,48.76771621704101,46.32997006008801,1467022.55,2.3794126409304344,1.7137241492488036,-6.226419097066738,0.06920720797163327,-1.5892536377484667,-6.444240866061845,-2.70594854837668
2025-03-31,43.82352066040039,45.134482130360446,42.69983991073215,45.134482130360446,2961939,48.24333038330078,48.56639003753662,49.532443364461265,28.552294067725555,-0.6333189002822124,-0.3182077314792494,-0.31511116880296297,51.843734382880314,48.56639003753662,45.28904569219293,1520944.5,1.9474339793463864,1.9971264843828533,-5.83501182505719,0.22469010496022346,-4.198467002028805,-0.6106497517977538,-1.7305290709566434
2025-04-01,45.08766555786133,45.08766555786133,43.58942327740611,43.91716545066953,1077352,47.129015350341795,48.37208709716797,49.43334102630615,35.321625422356675,-0.8455808531397011,-0.42368235581133973,-0.4218984973283614,51.99075836824453,48.37208709716797,44.75341582609141,1536955.2,0.7009651289770841,1.9306085905258352,2.8846265165620055,0.1606192017939545,2.823117236854644,-1.204221873450484,-1.6981151799233651
2025-04-02,45.462223052978516,45.60268449345138,44.24490366651735,44.479003685916915,730555,46.10833892822266,48.19651203155517,49.318631935119626,37.219589356709946,-0.9723674735384762,-0.5334193793567671,-0.4389480941817091,52.02683488942134,48.19651203155517,44.36618917368901,1534330.45,0.4761392827731471,1.8542315553802606,0.8307316213489013,-0.10711050560909818,0.08482442253172628,1.393028726283041,1.9193803737188597
2025-04-07,40.920684814453125,40.920684814453125,40.920684814453125,40.920684814453125,140727,44.366635131835935,47.807905960083005,49.140715980529784,26.908792427034285,-1.4229085601316882,-0.7113172155117513,-0.7115913446199369,52.820733355366684,47.807905960083005,42.795078564799326,1508762.0,0.0932731603791718,2.2125391131329444,-9.989696793386017,0.39779856690886906,-9.69973559080869,4.094958566389262,-2.1885608574431115
2025-04-08,36.84733963012695,36.84733963012695,36.84733963012695,36.84733963012695,863674,42.428286743164065,47.24372463226318,48.91988156636556,21.228477370388433,-2.0846203257548908,-0.9859778375603792,-1.0986424881945116,54.24783947999533,47.24372463226318,40.239609784531034,1525665.85,0.5660964358611028,2.4606465892920415,-9.954244907669462,-0.5500181172965579,-4.016151985134908,-8.92246552092364,-9.036149269143202
2025-04-09,33.19538116455078,34.55316189737899,33.19538116455078,33.19538116455078,4940011,40.30265884399414,46.49694538116455,48.642863210042314,17.634325894084668,-2.870623434813268,-1.3629069570109569,-1.5077164778023113,55.882700426526895,46.49694538116455,37.111190335802206,1772666.4,2.7867685651400627,2.619488172796592,-9.911050573079294,0.3050360677505859,-5.786524331497223,22.691705248438264,22.2327530443029
2025-04-10,36.472782135009766,36.472782135009766,35.39592066423364,36.472782135009766,2946000,38.579682159423825,45.918718338012695,48.43139279683431,29.216681227710808,-3.192279087459852,-1.7287813831007361,-1.4634977043591157,56.27920039069897,45.918718338012695,35.55823628532642,1866957.1,1.577968770680376,2.707209879151578,9.873063225913214,-1.489084234874749,9.247307649849002,-11.020407170268331,-11.377722847721493
2025-04-11,37.64328384399414,38.15830317239518,33.85086424311744,33.85086424311744,2377604,37.01589431762695,45.38028831481934,48.237870089213054,32.8485740511625,-3.314535897364152,-2.0459322859534197,-1.2686036114107324,56.299434670919794,45.38028831481934,34.46114195871888,1932437.2,1.2303654680214189,2.9205737525017326,3.209247116525349,0.6081981557515048,2.7828390478427556,0.5733966651803701,-2.5327416619481347
2025-04-14,38.532867431640625,40.40566772339311,38.1114866515797,38.81378676098688,1461009,36.53833084106445,44.94720344543457,48.05605246225993,35.55496755617702,-3.3015847255126474,-2.2970627738652656,-1.0045219516473818,56.24393021754799,44.94720344543457,33.650476673321144,1945237.25,0.751069824516264,2.899481769421364,2.3631933689239437,-1.2941415741642648,-0.08029019685500405,1.5393303097038125,1.8817178004941315
2025-04-15,40.07792282104492,40.45248428291975,38.81378413836233,38.81378413836233,1884140,37.18444747924805,44.56327934265137,47.90310707092285,40.072524747314176,-3.1305606170666778,-2.4637623425055484,-0.6667982745611294,55.97930221598809,44.56327934265137,33.14725646931465,1995519.2,0.9441853528645577,2.7688331136690656,4.0097077959363014,-0.01606647441906306,1.76589192631309,0.6457033945344914,-0.0879617483601991
2025-04-16,39.001068115234375,39.84382611646855,38.86060666232044,39.14152599606517,915021,38.345584869384766,44.106784439086915,47.72909278869629,38.06948768385207,-3.046794404735593,-2.5803687549515573,-0.46642564978403556,55.65155813972018,44.106784439086915,32.56201073845365,2018954.65,0.45321523195184205,2.561964186343121,-2.6869024889810134,0.45493231013253865,-1.9623144276647686,-4.4630363799766375,-4.049291903113083
2025-04-17,38.90742492675781,39.1415249606999,38.01784408336129,38.72014418518754,1037601,38.832513427734376,43.65965347290039,47.578488477071126,37.892111685000934,-2.9539144140442843,-2.655077886770103,-0.2988365272741813,55.28640459034996,43.65965347290039,32.032902355450815,2009432.75,0.5163651284174601,2.3701930784758525,-0.24010416381387012,-0.3851900465324021,-0.6640103310560974,1.1386843493385035,3.119268439097156
2025-04-18,38.95424270629883,39.32880417489287,38.72014268144827,38.95424270629883,610003,39.094705200195314,43.1820894241333,47.43958911895752,38.04752769921504,-2.843747596598604,-2.6928118287358034,-0.1509357678628005,54.75527491417466,43.1820894241333,31.60890393409194,1894721.45,0.3219486431633526,2.1353222004716854,0.12033122117218742,-0.3851900465324021,0.2911195655576959,1.1386843493385035,3.119268439097156
2025-04-21,38.20512390136719,39.00106614077912,38.111485318887176,39.00106614077912,536022,39.02915649414062,42.56406536102295,47.29288647969564,36.474755016183074,-2.784785948034866,-2.711206652595616,-0.07357929543925001,53.792068535664434,42.56406536102295,31.33606218638146,1716503.5,0.3122755065748482,1.9692233499943872,-1.9230737215962135,-0.3851900465324021,-1.4891964002938463,0.2886902153013349,-1.5124610120325177
2025-04-22,37.36236572265625,38.11148509433136,37.128265695752596,37.64328504052405,630040,38.48604507446289,41.922631645202635,47.11340980529785,34.73516906110925,-2.7740840444928168,-2.7237821309750565,-0.050301913517760255,52.775537681243364,41.922631645202635,31.06972560916191,1649945.25,0.38185509488875463,1.8502413307437477,-2.205877360551578,0.19087153159529358,-1.6370054958029567,2.043750864044269,0.9936943802743459
2025-04-23,39.3756217956543,39.609721810577426,38.39240244739369,38.86060247723996,1040057,38.56095581054687,41.36313247680664,46.95032005310058,41.86781814353609,-2.5734842447891637,-2.693722553737878,0.12023830894871423,51.467919631257345,41.36313247680664,31.258345322355936,1646822.7,0.6315537185636316,1.9031899650340716,5.3884598420308905,0.40997828226332356,4.500035126970481,3.300417894965091,5.008937304800232
2025-04-24,40.03110122680664,40.265201233980946,39.375620492302055,39.51608192543969,746446,38.78569107055664,40.83172550201416,46.79347298940023,44.01318770725543,-2.3347027462993424,-2.6219185922501707,0.2872158459508283,49.947538802333604,40.83172550201416,31.715912201694714,1528602.0,0.48831939249065487,1.7680420685867142,1.6646833783452442,-0.12526095055448438,-0.8163803151391757,9.12069975425307,10.221470157317892
2025-04-25,42.04436492919922,42.79348427714998,41.48252273917404,42.04436492919922,1847295,39.40371551513672,40.40566349029541,46.67486228942871,50.104028570174464,-1.9604146929178938,-2.4896178123837154,0.5292031194658215,48.32376070932965,40.40566349029541,32.48756627126117,1555182.45,1.1878316913877212,1.900620866154264,5.0292488607443175,-0.2987707483269153,2.022299672390404,-0.825820880675765,-0.3091196569198207
2025-04-28,42.69984436035156,42.980767256104706,42.41892503668142,42.60620577648918,721137,40.302659606933595,40.05919551849365,46.559372965494795,51.93736503438228,-1.5925392013969883,-2.31020209018637,0.7176628887893814,46.79630439294686,40.05919551849365,33.322086644040446,1547864.25,0.4658916310005868,1.772058394254427,1.5590185087969388,0.25712712450653985,0.8135756068057276,1.0345693574608017,2.0930257380662454
2025-04-29,43.12122344970703,43.12122344970703,42.46574267199216,43.12122344970703,757142,41.45443115234375,39.888302612304685,46.45870990753174,53.12963237984195,-1.2525547812380395,-2.0986726283967037,0.8461178471586641,46.08505940399143,39.888302612304685,33.69154582061794,1411188.75,0.5365278032438964,1.6231813787158196,0.9868398718257065,-0.2862987748134538,0.9894012430566201,-2.947053641844899,-0.6074424129403067
2025-04-30,43.5426025390625,43.63624111568976,42.79348320979625,43.12122180007438,855500,42.28782730102539,39.874256706237794,46.357266553243,54.349181575248615,-0.9382968063929837,-1.86659746399596,0.9283006576029762,46.03462317024914,39.874256706237794,33.71389024222645,1305866.8,0.6551204150377359,1.5191249156728446,0.9771965070678679,-0.32134330087744134,0.011854303657643506,2.1616061229914996,-0.7639397765079603
2025-05-02,43.40214157104492,44.01080304194751,43.35532228222536,43.823522314586505,713301,42.96203536987305,39.789980506896974,46.28625615437826,53.84623292161795,-0.6925953157848141,-1.631797034353731,0.9392017185689168,45.69069119239903,39.789980506896974,33.88926982139492,1287664.25,0.5539495252741543,1.4039723615460855,-0.32258284950140714,0.248493598366184,2.730963815359244,5.833337026011809,3.5471678394114248
2025-05-05,41.669803619384766,43.589423071703905,41.34206501975083,43.589423071703905,1241110,42.887123107910156,39.60035953521729,46.18325214385986,47.952341801589164,-0.6303935250899357,-1.431516332500972,0.8011228074110364,44.95175115936304,39.60035953521729,34.24896791107153,1313192.0,0.9451093214092074,1.5164237869336847,-3.991365146866066,-4.382525588739094,-1.2250086251671455,-8.351228854075309,-0.36443403657200335
2025-05-06,42.606204986572266,42.79348572290785,41.669804876977274,41.669804876977274,550101,42.868395233154295,39.68463554382324,46.08180878957113,51.07005130087744,-0.4997772720338034,-1.2451685204075384,0.745391248373735,45.174864426369766,39.68463554382324,34.194406661276716,1333660.7,0.4124744772039845,1.464058229145605,2.247194097050853,-5.0295889599485495,-0.05065209940824378,0.2603448959082266,-1.6825182014758355
2025-05-07,42.138004302978516,42.793485084330314,41.950723569437585,42.699842931518404,374100,42.67175140380859,39.94916877746582,45.95071277618408,49.47428721735749,-0.42909647562940023,-1.081954111451911,0.6528576358225107,45.373220984762824,39.94916877746582,34.52511657016882,1309182.0,0.28575094982974103,1.3812186672452216,-1.0989025747336734,2.8038417507629143,0.11645894015797076,0.7530535657416237,-9.74702071146405
2025-05-08,42.746665954589844,43.074404560455804,42.13800446131546,42.13800446131546,446010,42.51256408691406,40.42673301696777,45.82195777893067,51.59191148838712,-0.32027558913696197,-0.9296184069889212,0.6093428178519592,44.95495138228952,40.42673301696777,35.898514651646025,1084481.95,0.41126548948094527,1.3219095459428305,1.4444482164721384,1.3780265518076762,-0.015038304424519477,2.500003195300615,6.0181271184757135
2025-05-09,42.887123107910156,43.40214243939489,42.37210377642542,43.308503859882336,534010,42.40956039428711,40.747450065612796,45.687740389506025,52.090918794775796,-0.2201626363308833,-0.7877272528573137,0.5675646165264304,44.99654212332944,40.747450065612796,36.49835800789615,963882.45,0.5540198392449204,1.2829934282130497,0.32858037038379084,-0.40045240590582676,1.809041662083355,3.042492005394104,2.177306328121076
2025-05-12,43.5426025390625,43.776702552713374,42.980763935133496,42.980763935133496,735011,42.78412017822266,41.04241600036621,45.56444765726725,54.450693951474456,-0.08692862881160579,-0.6475675280481721,0.5606388992365663,45.20230345104789,41.04241600036621,36.88252854968453,881752.8,0.8335794340545332,1.2305382304250723,1.5283828423348966,-0.07465812307537734,1.0255778120184855,8.882380259416166,12.17654776100947
2025-05-13,43.72988510131836,44.947204509021105,43.72988510131836,44.572643042612775,1101387,43.008856201171874,41.302266883850095,45.44895839691162,55.130718908058476,0.03338754875594674,-0.5113765126873484,0.5447640614432951,45.451365926900344,41.302266883850095,37.153167840799846,863771.7,1.2750903971500804,1.2537467290295434,0.4301133862815165,0.48501607250679424,0.9493892029855955,2.577323069044568,0.6784375312557822
2025-05-14,44.244903564453125,44.43218429395732,43.6362420865852,44.01080354559359,804438,43.4302360534668,41.51061592102051,45.33424943288167,57.03054174721712,0.16835596927966634,-0.3754300162939455,0.5437859855736118,45.81638352058788,41.51061592102051,37.20484832145314,809786.6,0.9933950500045321,1.1927061261418872,1.177726540880486,0.10495309053717428,2.1224825639188705,-1.2453565416723378,1.9541769418732091
2025-05-15,43.963985443115234,44.75992409989216,43.963985443115234,44.244904758913975,828100,43.673699951171876,41.75876178741455,45.20861574808757,55.64651773362935,0.2497724489646984,-0.25038952324221675,0.5001619722069152,46.02744650667922,41.75876178741455,37.49007706814988,805440.55,1.0281329888344954,1.1398037968932258,-0.6349163377171063,-0.2803567472373425,-0.2415620287910758,-1.5044254285352388,-0.2643824590766841
2025-05-16,44.01080322265625,44.29172252880984,44.01080322265625,44.01080322265625,439096,43.89843597412109,42.01393070220947,45.09312636057536,55.83886767978972,0.31444863114325017,-0.13742189236512337,0.45187052350837353,46.17369471590697,42.01393070220947,37.854166688511974,775515.3,0.5661990163185691,1.0315282354000768,0.1064912088136083,-0.5692240792755765,0.5220347355644694,0.8984674462461539,1.1928422296873187
2025-05-19,43.26168441772461,44.57264238669637,43.26168441772461,44.57264238669637,514028,43.84225234985352,42.22930278778076,44.972955004374185,51.956232641704474,0.30177862839806835,-0.04958178821248503,0.3513604166105534,46.16188651281034,42.22930278778076,38.29671906275118,770716.55,0.6669481795869051,1.068785533209635,-1.7021248195397742,0.1180119416830605,-1.4643102104449635,-2.4042699474196794,-1.702678988525208
2025-05-20,43.26168441772461,43.870342326577735,42.60620364719732,43.870342326577735,489006,43.74861221313476,42.48213081359863,44.81844902038574,51.95623264170449,0.28841291538234515,0.018017152506481005,0.27039576287586414,45.947846384594484,42.48213081359863,39.016415242602775,768365.75,0.6364234741072204,1.0948326193657392,0.0,-0.18806606512049573,0.010217599479345196,0.9580250170699856,-0.8660927136783236
2025-05-21,44.3853645324707,44.432183821328024,43.44896446699312,43.54260304470777,786016,43.77670440673828,42.83328075408936,44.6873530069987,57.140617559251645,0.36429274578701865,0.08727227116258854,0.27702047462443014,45.42871416799321,42.83328075408936,40.2378473401855,776164.55,1.0126924760993012,1.1049215239307626,2.5974025974025983,0.0016576947628355043,1.2909062583843056,-1.355622451140459,-4.0322665929920065
2025-05-22,44.61946487426758,45.228122778017536,43.77670338035805,44.01080339843483,645050,43.90780029296875,43.09547290802002,44.54299132029215,58.1537375694672,0.4382659422213422,0.15747100537433928,0.2807949368470029,45.24059997358368,43.09547290802002,40.950345842456365,756414.2,0.8527735201163595,1.1511212404279256,0.5274268765453449,-0.41198726278828257,-0.6097494339192711,-3.1378812108859178,-0.49019543696879886
2025-05-23,44.61946487426758,45.93042283224788,44.57264201298599,44.947203470741954,260001,44.02953262329102,43.324891090393066,44.41111501057943,58.153737569467204,0.4912276665818922,0.22422233761584986,0.26700532896604234,45.02547809553122,43.324891090393066,41.62430408525491,732091.95,0.35514801112073424,1.178675850939121,0.0,0.08260363716483532,-0.08638612371177912,-2.411918741267194,-2.1111766395878973
2025-05-26,44.33854293823242,44.66628511376246,43.63624286906032,44.66628511376246,601153,44.244904327392575,43.43959999084473,44.287041982014976,56.3015362007515,0.5047141318919799,0.2803206964710759,0.224393435420904,45.08510819594395,43.43959999084473,41.7940917857455,669784.85,0.8975314983610035,1.158858036774191,-0.6295950362174008,-0.25093902970623194,-0.5342168783596057,-2.411918741267194,-2.1111766395878973
2025-05-27,44.01080322265625,44.432183967928026,43.729883916502665,44.432183967928026,335400,44.394728088378905,43.50514793395996,44.16218859354655,54.13523568336645,0.48338424413293524,0.3209334060034478,0.16245083812948746,45.130905476201335,43.50514793395996,41.87939039171859,650498.0,0.5156049672712291,1.0979836387276802,-0.7391756558909557,-0.1885106866633124,-0.9287980727548772,5.16113652650696,4.025874846420341
2025-05-28,43.72988510131836,44.6662851952563,43.074404321145224,44.198085148287326,457896,44.263632202148436,43.535581016540526,44.06386661529541,52.27847168109873,0.43875471846988034,0.3444976684967343,0.09425704997314605,45.15384853516466,43.535581016540526,41.91731349791639,635535.7,0.720488243225361,1.1638366034454664,-0.638293556963021,0.16646820635146664,0.09927402266578511,-1.2672880931348662,-2.2805666640589473
2025-05-29,43.776702880859375,43.917164318935875,43.44896428812454,43.776702880859375,236161,44.095079803466795,43.54728603363037,43.995977592468265,52.5704438637674,0.4025232637574234,0.35610278754887215,0.046420476208551276,45.16914991732674,43.54728603363037,41.925422149934,604568.75,0.3906272032750618,1.0710850604275817,0.10706129099709027,-0.049388342657963324,-0.04878761184228253,0.21003536941137657,1.0607998653420658
2025-06-02,41.99754333496094,43.26168562160249,41.95072404406672,42.88712415028286,748140,43.57069549560547,43.47705612182617,43.87970790863037,42.0432585623124,0.2276223794665171,0.3304067059324012,-0.10278432646588409,45.24081958482545,43.47705612182617,41.713292658826894,606310.7,1.2339218159930214,1.171737563942925,-4.064169818226182,0.07001895010041448,-1.6142080316433494,1.2375070254612375,-0.9239553714338156
2025-06-03,42.1848258972168,42.60620667767637,41.85708727468329,42.23164519013829,255072,43.13995208740234,43.502807235717775,43.76655960083008,43.32970939964883,0.10293770438188687,0.2849129056222983,-0.18197520124041144,45.16774139450341,43.502807235717775,41.83787307693214,557008.8,0.4579317238794072,1.115388475816279,0.4459369462688434,0.38934277980975374,0.5914415066209822,11.354014838759552,6.025823820308629
2025-06-04,42.93394088745117,43.26168304838236,42.559383010493306,42.559383010493306,332245,42.92457962036133,43.51919403076172,43.67057851155599,48.275350733272354,0.06383566238975646,0.24069745697578998,-0.17686179458603352,45.15313470578891,43.51919403076172,41.88525335573453,546116.0,0.6083780735228413,1.11025096586285,1.7757925374863204,-0.0713650479945871,2.324806129025947,6.143128378779394,0.33829738841788526
2025-06-05,43.68306350708008,43.72988279489103,42.933940613774105,43.0275827614787,520100,42.91521530151367,43.5964469909668,43.59644680023193,52.719029596029166,0.09223175684051199,0.2110043169487344,-0.1187725601082224,45.09600326632508,43.5964469909668,42.09689071560852,553416.0,0.939799355277043,1.0683431278967273,1.7448261308988355,-0.07976061250243305,0.26061434732305155,-1.4717539413987235,-0.7417396452396141
2025-06-06,43.82352066040039,43.963982093639906,43.355320645712176,43.7298820862958,232101,42.92457885742188,43.65028972625733,43.52465604146322,53.52522084697725,0.124632894275166,0.1937300324140207,-0.06909713813885471,45.09780168950455,43.65028972625733,42.202777763010104,542720.55,0.4276620813418618,1.0070522372341943,0.32153686587834684,0.011020349999935064,-0.06352892070761174,1.2716940689851963,2.9891234628743435
2025-06-09,44.057621002197266,44.38536315821657,43.4957824091394,44.38536315821657,349095,43.33659439086914,43.70881462097168,43.45832767486572,54.90534956503227,0.16727275406930886,0.18843857674507836,-0.021165822675769497,45.120616300257,43.70881462097168,42.29701294168636,533474.8,0.6543795508241438,0.991389372146591,0.5341888060774069,-0.09216583404251244,0.5984531649308789,4.405028861527627,2.902394047076484
2025-06-10,45.4154052734375,45.789966745762946,44.38536658266694,44.38536658266694,1540294,43.98271026611328,43.80245475769043,43.408386357625325,61.961105558843414,0.30708708461585843,0.21216827831923438,0.09491880629662405,45.40357802179518,43.80245475769043,42.20133149358568,573738.95,2.6846599834297464,1.0901835550024694,3.081837467285209,-0.013037526208137251,2.073637303314224,2.7109548300671804,2.3717823193514898
2025-06-11,46.679542541503906,46.77318469271817,45.46222315238109,45.78996532350677,1511211,44.73183059692383,43.949937629699704,43.399802652994794,67.11940286349653,0.5139715178571578,0.27252892622681907,0.2414425916303387,46.00263410622917,43.949937629699704,41.897241153170235,594230.15,2.54314090256107,1.125863003572896,2.7834988159970653,-0.08323425859342315,1.0248967858730973,-3.754647744255313,-0.43831509345257924
2025-06-12,45.60268783569336,46.63272656771032,45.509045677820765,46.63272656771032,928102,45.11575546264648,44.017826843261716,43.36390736897786,59.69344188408329,0.5843002965102357,0.3348832002835024,0.24941709622673336,46.1974850903502,44.017826843261716,41.83816859617323,600413.35,1.5457717587392086,1.1318141849209287,-2.30690929512235,-0.2723416236173337,-0.8112082280176014,2.317498631188175,0.31446142125948207
2025-06-13,44.10444259643555,45.41540414491573,44.10444259643555,45.41540414491573,829465,45.171939849853516,44.02484970092773,43.296798642476396,51.20500923579206,0.5132243598844113,0.3705514322036842,0.1426729276807271,46.20468261744661,44.02484970092773,41.845016784408855,600481.6,1.3813329167787989,1.1806716588325132,-3.2854318689635065,-0.9470802353383045,-0.9640740581055907,-3.6995075526758403,-4.89028321025764
2025-06-16,44.713104248046875,44.994023560319604,43.7298848690509,44.01080418132363,393002,45.303036499023435,44.05996475219727,43.24451630910237,54.062878647486954,0.5002435799228167,0.3964898617475107,0.10375371817530593,46.2613650489116,44.05996475219727,41.858564455482934,598176.9,0.6569996266990584,1.1918005964906722,1.3800461263748565,-0.06841860324496851,-0.10442115322505385,5.6056459911622,3.6914977291888196
2025-06-17,45.13448715209961,45.274945028884076,44.666287085318665,45.22812573662259,450065,45.24685287475586,44.153604888916014,43.18833236694336,55.98488422498236,0.5179872622713901,0.4207893418522866,0.09719792041910352,46.37129704669332,44.153604888916014,41.93591273113871,594978.75,0.75643878037661,1.114048242767304,0.942414782286427,-1.694628077349214,0.7332888142830063,-1.744622165500509,-2.5429107474335244
2025-06-18,45.08766555786133,45.462223448913,44.947204116165175,45.04084269590738,552021,44.92847747802735,44.24490394592285,43.09703337351481,55.705985392388534,0.5222509630067194,0.4410816660831732,0.08116929692354619,46.45833137898495,44.24490394592285,42.03147651286075,598129.5,0.9229121787171507,1.0341777214313737,-0.10373795559146526,2.213760753044025,0.6534454580739535,-1.284473598064495,1.4445188363116035
2025-06-19,44.85356521606445,44.94720379513787,44.057623005609194,44.94720379513787,499050,44.77865295410156,44.26831398010254,43.00807545979818,54.25078607779262,0.5009652202143329,0.4530583769094051,0.04790684330492778,46.497841592480626,44.26831398010254,42.038786367724455,583781.2,0.8548579502046315,1.0336263655408084,-0.5192114936544034,-0.3555156620861588,-1.579973732043427,-1.284473598064495,1.4445188363116035
2025-06-20,43.16804122924805,44.479002738803786,43.16804122924805,44.43218345033738,700433,44.591372680664065,44.195742797851565,42.884782727559404,45.11301897787259,0.34412159691056843,0.4312710209096378,-0.08714942399906939,46.47115971391803,44.195742797851565,41.920325881785104,586550.35,1.1941566482740997,1.120546048377555,-3.7578372615355238,0.1001978324495223,0.19197052457564645,1.0715679128911804,-1.359227795447937
2025-06-23,42.98076248168945,43.07440105515021,41.7634395942039,42.60620104368119,586030,44.244904327392575,44.113807678222656,42.75680809020996,44.2217511541351,0.20237718742960453,0.3854922542136312,-0.18311506678402667,46.44237623188158,44.113807678222656,41.78523912456373,602851.8,0.9720962929861037,1.158420126599767,-0.4338365657223897,-0.1295159830334014,-1.423044541892171,0.6626249075033508,0.9842497724935839
2025-06-24,44.3853645324707,44.432183821328024,42.98076443425432,42.98076443425432,576086,44.095079803466795,44.11614875793457,42.65380407969157,51.897541372136544,0.2010656092668981,0.3486069252242846,-0.1475413159573865,46.4457625611708,44.11614875793457,41.78653495469833,601598.45,0.957592227839018,1.197486955004941,3.267978438911201,0.4770922482972173,2.101692545040379,1.9559920092959038,0.7797342611799651
2025-06-25,44.713104248046875,45.1344850024974,44.432184935774146,44.75992353807852,552046,44.02016754150391,44.1512638092041,42.57186908721924,53.50530458008112,0.2238911522991529,0.3236637706392583,-0.09977261834010537,46.495318958633725,44.1512638092041,41.80720865977448,612430.75,0.9014015053946915,1.1377047570078418,0.7383959082647884,-0.727242575527054,1.0899645222608445,-0.8669939382833891,0.3223635279853587
2025-06-26,44.66628646850586,45.04084437350839,44.57264431319299,45.04084437350839,375369,43.98271179199219,44.19808387756348,42.540655835469565,53.231594551430014,0.2354881947422527,0.3060286554598572,-0.0705404607176045,46.54410716591457,44.19808387756348,41.852060589212385,608304.4,0.617074280574002,1.0484374641155167,-0.10470706592253798,-0.3944568587657682,0.27520638301874456,-0.16747329694251079,0.835467051055061
2025-06-27,44.994022369384766,45.134483807844724,44.52582233729526,44.759922353340016,587099,44.34790802001953,44.25894985198975,42.56016419728597,54.968238139164306,0.26803474493453194,0.29842987335479215,-0.03039512842026021,46.622044737563996,44.25894985198975,41.8958549664155,625851.3,0.9380806590958587,0.9898006649733765,0.7337433370692148,-1.7820919230510768,0.39008940370151013,-1.34203392399872,1.7208526239276933
2025-06-30,44.994022369384766,45.41540311268187,44.61946448696282,45.228122385429515,485402,44.7505599975586,44.408773803710936,42.55860347747803,54.968238139164306,0.2904796518380621,0.2968398290514461,-0.0063601772133839996,46.53640953984529,44.408773803710936,42.281138067576585,612714.4,0.7922157533754715,0.9639523930728001,0.0,0.957698278482022,-1.4351611940869091,-0.9824304832146802,-0.50125365451541
2025-07-01,44.713104248046875,45.1344850024974,44.66628495801523,45.04084285035125,397191,44.81610794067383,44.53518772125244,42.5461181640625,53.01141039309295,0.28234496065190484,0.29394085537153786,-0.011595894719633015,46.38931675948871,44.53518772125244,42.681058683016175,619820.35,0.6408163268598716,0.8978520799273824,-0.6243454275584703,0.3835740796985343,1.3376209140048223,2.270556439941962,1.0705208576054392
2025-07-02,43.72988510131836,44.71310448553662,43.636242948674834,44.71310448553662,802020,44.61946411132813,44.5749849319458,42.59293816884359,46.73975143343784,0.1943205845060305,0.2740168011984364,-0.0796962166924059,46.315061660857886,44.5749849319458,42.83490820303371,643309.1,1.2467101740050002,0.921720007518636,-2.198950762340468,0.06608253165516498,0.10649919614669212,4.384332753205156,6.043629645385695
2025-07-03,43.72988510131836,44.338543019128295,43.683065811038034,43.683065811038034,653200,44.432183837890626,44.57732601165772,42.70764726003011,46.73975143343784,0.1231411378446694,0.24384166852768302,-0.12070053068301362,46.31246918120275,44.57732601165772,42.842182842112685,649964.1,1.0049785826632578,0.8862209675948527,0.0,-0.8820979000624507,0.5989548437806524,1.1617474572264808,1.1163262032681143
2025-07-04,43.07440185546875,44.2449019058891,43.07440185546875,44.2449019058891,405089,44.04825973510742,44.53987007141113,42.872297604878746,42.82262990341583,0.013681185516915662,0.19780957192552956,-0.1841283864086139,46.37309720592248,44.53987007141113,42.70664293689978,658613.5,0.615063311031432,0.9241248453049192,-1.4989365838279922,-0.17605120273233021,-0.7285295494271593,1.1617474572264808,1.1163262032681143
2025-07-07,42.51256561279297,43.636242865715914,42.184823437288046,43.636242865715914,416667,43.55196838378906,44.46261730194092,42.9729606628418,39.74776394669914,-0.11705279290793413,0.13483709895883683,-0.25188989186677097,46.500235498562986,44.46261730194092,42.42499910531885,661992.1,0.6294138555429891,0.9944307897213125,-1.304339047030667,-0.05568275052999505,-0.526795861514584,-3.515897380596944,-3.312028530752109
2025-07-08,42.138004302978516,42.55938506042487,41.76344283589666,42.32528503651944,401441,43.03694839477539,44.29874725341797,43.047872670491536,37.79912044134997,-0.2480252988053877,0.058264619405991924,-0.30628991821137963,46.531537361520094,44.29874725341797,42.06595714531585,605049.45,0.66348461270397,0.9679656476955657,-0.881060233404829,0.57887679791917,-0.2962771383824059,5.511807888466946,4.2668343688473165
2025-07-09,42.51256561279297,42.7934849260237,41.95072341424862,41.95072341424862,222100,42.79348449707031,44.09039840698242,43.11420097351074,40.9184158587782,-0.31793305165944474,-0.016974914807095405,-0.30095813685234934,46.1594431512671,44.09039840698242,42.02135366269775,540593.9,0.41084444349076077,0.9512717629061677,0.8888919065110468,0.13347628020465852,0.7366883497436749,0.26032892860035073,1.4985661863259558
2025-07-10,42.55938720703125,42.7934872427442,42.23164501378328,42.37210646404427,319110,42.55938491821289,43.938233375549316,43.15555871327718,41.314600841261345,-0.3653458584673004,-0.08664910353913641,-0.278696754928164,45.98651307854846,43.938233375549316,41.88995367255017,510144.3,0.6255288944716231,0.8993478250468013,0.11013589409007984,0.3384095530795994,0.7379596142790046,3.0292539140266195,1.5332128424344615
2025-07-11,43.21486282348633,43.35532068476975,42.7934820954708,42.84030138256527,379212,42.587477111816405,43.893754386901854,43.22578862508138,46.70281869320507,-0.34604050569677725,-0.13852738397066458,-0.20751312172611266,45.96533949650292,43.893754386901854,41.82216927730079,487631.65,0.7776607609452749,0.8855592454056946,1.5401434547600568,0.12805520532523929,0.25461005750608834,0.3528210397472531,-0.16777720289139486
2025-07-14,43.4489631652832,43.72988246209372,43.12122100893538,43.54260174019249,308214,42.774756622314456,43.83054733276367,43.3014809290568,48.520750066233454,-0.308297076622722,-0.17248132250107606,-0.13581575412164593,45.87381924537104,43.83054733276367,41.787275420156305,483392.25,0.6376064159075782,0.8486395397727141,0.5417125648485177,-0.10259100165578294,-0.5980326954644122,-1.1049721286962466,-2.128869885025464
2025-07-15,44.15126419067383,44.338541344722756,43.63624130079104,43.63624130079104,699305,43.177408599853514,43.78138618469238,43.38809795379639,53.630626618697946,-0.21918864353784073,-0.181822786708429,-0.03736585682941174,45.738038771876745,43.78138618469238,41.824733597508015,495854.25,1.4103035317333672,0.854098025061626,1.6163815525793268,0.45562082851131613,0.9770905870307711,-0.23700590887374418,-2.747547882922996
2025-07-16,44.15126419067383,44.75992208549834,43.82352202692271,44.666283508473875,1150570,43.505148315429686,43.734566116333006,43.487200291951496,53.630626618697946,-0.14687646783273323,-0.17483352293328985,0.027957055100556627,45.60240618389549,43.734566116333006,41.86672604877052,525781.7,2.188303624869409,0.8650716295301597,0.0,0.14311890542244576,0.9062948249833447,1.0011881037375048,0.11771065767982591
2025-07-17,46.53908157348633,46.72636229135987,44.43218153459484,44.479000821042575,2261861,44.3010871887207,43.8188419342041,43.640145556132,66.67440224222088,0.10193333532676974,-0.11948015128127795,0.2214134866080477,46.02137758563269,43.8188419342041,41.61630628277551,613922.25,3.6842792389427164,1.0930751590176107,5.408265032911297,0.04389327295191148,0.3054255543222917,-0.1848128519918668,1.5872944754363072
2025-07-18,45.5090446472168,46.913644834749206,45.5090446472168,46.913644834749206,2146593,44.7599235534668,43.93589210510254,43.74236927032471,58.9684208128087,0.21353996949203946,-0.05287612712661447,0.26641609661865395,46.239310820996636,43.93589210510254,41.63247338920844,686230.25,3.128094396887925,1.1346118294862504,-2.2132729986153232,0.007486413359902855,1.1675174216255968,2.2050183077859,-0.23148171708340382
2025-07-21,45.368587493896484,46.02406830626224,45.181306751494404,45.60268752887832,579258,45.14384841918945,44.05528335571289,43.8313273747762,57.98428533684824,0.2873430014707026,0.015167698592848937,0.27217530287785363,46.3974601445627,44.05528335571289,41.713106566863075,685891.65,0.8445328063113176,1.0956984595237946,-0.30863568859581525,-0.08570458320372731,-0.182055656943525,-0.2799769107788008,1.2180958566695432
2025-07-22,45.13448715209961,46.445445195836434,45.13448715209961,46.25816802679048,1548700,45.34049301147461,44.092739486694335,43.882829411824545,56.297848586527735,0.32321665451326,0.07677748977693115,0.24643916473632882,46.48065558058748,44.092739486694335,41.70482339280119,734522.35,2.108445032339724,1.1243997374188655,-0.5159965401796307,-0.15113747849135883,-1.5108489973571504,3.13790511943719,0.4011493470250427
2025-07-23,45.78996658325195,46.07088590045757,45.32176653054828,45.32176653054828,1351201,45.668233489990236,44.14658260345459,43.93433144887288,59.82151666019496,0.39992836972954393,0.14140766576745373,0.2585207039620902,46.639643554224826,44.14658260345459,41.653521652684354,774480.1,1.744655543764133,1.0993329388774113,1.4522806672056188,0.22295619800545285,1.4387991654924104,-4.547638299266876,0.5707712516980434
2025-07-24,46.16452407836914,46.539085546089,45.321766134123806,46.35180481222907,1754128,45.5933219909668,44.22149448394775,43.985053126017256,61.72083906368992,0.48535178303108495,0.21019648922017997,0.275155293810905,46.865760820850404,44.22149448394775,41.5772281470451,843418.05,2.079784752057417,1.115064468622449,0.8179903220418172,-0.5605654715466812,0.23612215902308886,-6.995473814704911,-3.9160058935838737
2025-07-25,46.44544219970703,47.007284386850344,46.02406502445305,46.258165042742064,6941238,45.780601501464844,44.29406547546387,44.033433787027995,63.12863689625258,0.5691573070289806,0.28198865278194013,0.28716865424704047,47.10219275252103,44.29406547546387,41.48593819840671,1161125.0,5.978028205404241,1.0974851211257615,0.6085151465246463,0.5363622959012604,-0.040000501364123586,2.6695519099874554,0.41347054508602543
2025-07-28,45.93101119995117,46.90722824447287,45.88220109251959,46.858418137041284,2743389,45.89308624267578,44.34091491699219,44.075581614176436,58.859624378633164,0.5872935516960496,0.343049632564762,0.24424391913128757,47.22835609225497,44.34091491699219,41.45347374172941,1274024.35,2.153325405436717,1.0878240585694308,-1.1076027601242266,0.27559243417745183,0.20800726399519132,3.056925042938796,0.35294728918917606
2025-07-29,44.661930084228516,45.88220139800525,44.61311997647195,45.88220139800525,2020371,45.79857482910156,44.33835620880127,44.125450388590494,49.895474537703976,0.49357281618729587,0.3731542692892688,0.12041854689802706,47.22449908988181,44.33835620880127,41.452213327720735,1355183.35,1.490846976536422,1.118499680557403,-2.7630158417326633,0.6277126261405197,-0.9031782082688844,-0.47732488923494243,0.9378558124723657
2025-07-30,45.198848724365234,45.49171309492166,44.36906572045995,44.85717424604483,618240,45.68035125732422,44.411804389953616,44.16866111755371,53.1466195072689,0.457351244660714,0.38999366436355787,0.0673575802971561,47.30749869055216,44.411804389953616,41.516110089355074,1345994.35,0.45931842135890094,1.1190527064113103,1.2021841401035127,0.10959038727660353,1.1214833214890696,-0.5652652021531424,-1.974444770392747
2025-07-31,44.51549530029297,45.394092121261195,44.41787508639537,45.19884796949354,695500,45.350545501708986,44.45108489990234,44.20828596750895,48.805977454611686,0.369248016676444,0.3858445348261351,-0.016596518149691097,47.329090231136284,44.45108489990234,41.5730795686684,1348109.35,0.5159077043713108,1.1000079502052458,-1.5118823672689907,0.46648917126204115,0.34438577266941994,-2.911281048958303,-2.9028321553283276
2025-08-04,46.12625503540039,46.272689080657315,44.46668532636927,45.394092257060706,470248,45.28670806884766,44.60367755889892,44.26461245218913,57.597093745484194,0.4245069705813691,0.393577021977182,0.03092994860418713,47.49792205254826,44.60367755889892,41.709433065249584,1351367.3,0.347979413146966,1.194140724082952,3.618424829919431,-0.30428543721531254,-0.23658148505263377,-15.575498982143166,1.251565756515216
2025-08-05,46.61436462402344,47.102473154117924,46.41912046719113,46.5655545158085,1013110,45.42337875366211,44.80876750946045,44.32673314412435,59.84724335178321,0.5019008535528116,0.4152417882923079,0.08665906526050365,47.660100298253795,44.80876750946045,41.95743472066711,1381189.45,0.7335054579225174,1.1650843767008963,1.0582033773356203,0.23176060718361757,1.204718422705664,-1.52178345561782,-1.0506779108716668
2025-08-06,46.27268981933594,46.80960845389504,46.077445663867394,46.76079834602103,532048,45.745530700683595,45.01550178527832,44.37223459879557,57.545242428874914,0.5295613090276987,0.4381056924393861,0.09145561658831264,47.64221796221754,45.01550178527832,42.38878560833909,1387719.8,0.38339728236204457,1.107361498477796,-0.7329817910065706,0.1783585840453794,-0.9012052115274116,-0.5503855355470599,-14.053715321757432
2025-08-07,46.223873138427734,46.66317153016216,45.97981889012775,46.467927386727716,697873,45.95053558349609,45.20106716156006,44.41380106608073,57.206672791504865,0.5413035111759967,0.45874525618670825,0.08255825498928848,47.597558525309964,45.20106716156006,42.80457579781016,1411508.45,0.4944164521296348,1.0508269840186775,-0.10549782409191577,-0.07582910609321702,2.3730184169192814,1.298426173468048,3.924415405103221
2025-08-08,46.223873138427734,47.102469921896585,46.175063033562196,46.37030717699664,915543,46.29221115112305,45.38429145812988,44.44678389231364,57.206672791504865,0.5443345412218008,0.4758631131937268,0.06847142802807399,47.47065307565269,45.38429145812988,43.29792984060707,1441330.1,0.6352070216253722,1.0343709712607723,0.0,-0.3563459079548914,0.07286453218204869,0.14708908300016255,2.0279775228693397
2025-08-11,45.39409255981445,46.37030960411154,44.564309561750925,45.39409255981445,1021542,46.14577865600586,45.49325294494629,44.47061901092529,51.261134474978604,0.4743127147162127,0.47555303349822403,-0.001240318782011307,47.31317319445359,45.49325294494629,43.673332695438994,1473446.6,0.69330099916753,1.137254847407418,-1.7951342504950119,0.1439209000700048,0.4755796968586967,-1.1749923942171892,-4.249483378818053
2025-08-12,45.58933639526367,45.83339065463449,45.24765819776104,45.39409224297252,486853,45.940773010253906,45.60027160644531,44.496927897135414,52.51176568697616,0.4296220430486315,0.4663668354083056,-0.036744792359674094,47.14494480248666,45.60027160644531,44.05559841040396,1482378.55,0.32842690552963005,1.0637185286695559,0.43010846662911995,0.3249476487076741,0.09471266391829491,6.178343825235988,5.72654832638495
2025-08-13,48.3227424621582,49.10371533291376,45.979820125919154,46.27268821092833,4324261,46.35078353881836,45.80884552001953,44.58127886454265,65.75870474695758,0.6077614931690434,0.49464576696045315,0.11311572620859023,47.63126358477062,45.80884552001953,43.98642745526844,1663626.35,2.5992982138086473,1.39047324986696,5.995713653727375,-0.23340628022624488,0.8761363011638768,3.759250412343551,4.671639783728088
2025-08-14,47.44414520263672,48.51798614816104,47.44414520263672,48.371552107052885,2135114,46.59483795166015,45.97348957061767,44.65098654429118,59.96814551181694,0.6703158508437923,0.529779783737121,0.14053606710667133,47.76000113957562,45.97348957061767,44.186978001659725,1712853.55,1.2465245496323956,1.348255609287942,-1.8181858370507786,0.20617018015440802,-0.541320542258239,-0.5203323587194664,-0.9055762412591317
2025-08-15,48.3227424621582,48.3227424621582,46.663172784319904,47.492959485225256,1493563,47.01461181640625,46.06267261505127,44.71660950978597,63.435597254613846,0.7817742788317688,0.5801786827560506,0.2015955960757182,48.12487555365901,46.06267261505127,44.00046967644353,1674438.65,0.8919783355454678,1.389764151761323,1.8518560209461965,0.4652728781409321,0.39764198071750023,-1.0267314805570527,-3.133149910292188
2025-08-18,49.2989616394043,51.349015980364754,48.02988020338246,48.420364793865495,3749519,47.79558563232422,46.25216846466064,44.794601122538246,66.8694060732358,0.9380651835162652,0.6517559829080936,0.28630920060817167,48.750552099691696,46.25216846466064,43.75378482962959,1754584.95,2.136983450131611,1.6470137017907858,2.020206485611986,-0.2992125774545329,0.6083510296844397,-1.0961075976090973,-0.5390840903627514
2025-08-19,48.07868957519531,49.88468962294868,48.07868957519531,49.29896088421042,1723133,48.29345626831055,46.38767356872559,44.85225486755371,59.364604345564416,0.9524814805428221,0.7119010824350394,0.24058039810778276,48.976611782815695,46.38767356872559,43.79873535463548,1811778.7,0.9510725564882732,1.6682118812524631,-2.475249018700687,0.12037876283805815,-0.5269863303297595,-1.5040537104556329,0.2032423045858156
2025-08-20,46.32149887084961,48.56679729760258,46.32149887084961,47.63939037325588,5856497,47.89320755004883,46.44702415466308,44.88530413309733,50.56421411509498,0.8127470533019476,0.7320702766084211,0.08067677669352658,48.96854450504432,46.44702415466308,43.925503804281846,2027168.55,2.8890034822215447,1.7451567539858637,-3.6548223753009035,0.2737679299698925,-2.989552002278928,-0.6027712161970622,-0.1352200453873742
2025-08-21,47.73701477050781,47.83463498496978,46.71198389879476,46.71198389879476,909943,47.95178146362305,46.54437656402588,44.94740765889485,56.19740802297112,0.8069250860255366,0.7470412384918442,0.05988384753369236,49.109060169103486,46.54437656402588,43.97969295894828,2005105.65,0.45381299484144394,1.7142206686704382,3.055850812610461,0.5739473988298771,1.4251223005524505,-1.3341415628182807,-1.557215466361861
2025-08-22,47.73701477050781,48.56679776535197,47.59058072484238,47.73701477050781,804401,47.83463592529297,46.62300109863281,45.01419315338135,56.19740802297112,0.7931679881762079,0.756266588428717,0.03690139974749096,49.23463785519547,46.62300109863281,44.01136434207015,1957619.3,0.410907779668907,1.6158201849156584,0.0,0.7790624202977492,-0.8248855555042067,6.228225804749865,7.15268322641025
2025-08-25,48.127498626708984,48.713231076567126,47.981068307223765,48.371552883156774,601120,47.60034332275391,46.70710391998291,45.08670641581217,57.7381142175124,0.804500393054731,0.7659133493539199,0.03858704370081112,49.40168292478445,46.70710391998291,44.01252491518137,1640613.4,0.3663995430001974,1.5305396677348124,0.8179896838509837,-0.4872876866823028,2.158306669891674,-1.7357719144983963,-1.7971715111141595
2025-08-26,49.2989616394043,49.49420579663209,47.981070095068645,48.12750042001008,1549279,47.844397735595706,46.875501441955564,45.20839672088623,62.05066631135127,0.8976610030970207,0.7922628801025401,0.10539812299448059,49.77874257383828,46.875501441955564,43.97226031007285,1580907.9,0.9799932051702697,1.5282191389119633,2.4340824811643014,0.2525750082704059,0.11417520761634048,0.07851013724897715,0.8496772639024153
2025-08-27,49.39657974243164,49.88468825262947,49.29895952998103,49.787068040178866,1376282,48.45941390991211,47.11223392486572,45.32859261830648,62.3950298774951,0.9682075291198373,0.8274518099059995,0.14075571921383778,50.02759922124751,47.11223392486572,44.19686862848393,1548703.45,0.8886672267695923,1.4025537500768268,0.19801249312585423,0.3370125372272659,0.8837683642618943,0.5099005941845203,0.712894487512461
2025-08-28,49.00609588623047,49.98231292092043,48.76204162755798,49.88468898306796,1307470,48.71323013305664,47.30259628295899,45.42979520161946,60.04773799587446,0.9812956105049153,0.8582205700257828,0.12307504047913254,50.18896530082037,47.30259628295899,44.4162272650976,1583164.95,0.8258583541784449,1.37824942251491,-0.7905078817951994,0.09297408164834486,-1.1560045814190012,-0.917075552591462,0.9652362173806495
2025-08-29,50.079933166503906,50.76328583601397,49.201340069110216,49.49420443490811,2512566,49.18181381225586,47.58081817626953,45.5364096959432,64.05274192412077,1.066029182546309,0.8997822925298881,0.166246890016421,50.40814232867966,47.58081817626953,44.7534940238594,1674018.25,1.5009191208040893,1.4287748261507223,2.1912320515520944,-0.2688503744142423,-0.01382054501782859,-2.343439652058732,-1.4658817410383107
2025-09-01,48.61560821533203,50.2751779406931,48.469177892606716,50.2751779406931,1214248,49.27943572998047,47.70528583526611,45.61627782185872,55.83336255555599,1.0034551567582355,0.9205168653755577,0.08293829138267783,50.48171145786847,47.70528583526611,44.92886021266375,1711218.25,0.7095810250971786,1.4790715224088102,-2.9239754500137605,0.2220177645487098,-0.6659038390721239,-2.343439652058732,-1.4658817410383107
2025-09-02,49.78706741333008,50.95852856784996,48.810850405225565,49.29895890927782,2511308,49.37705688476562,47.86392097473144,45.711768595377606,60.23009685415571,1.0364442730693284,0.9437023469143119,0.09274192615501653,50.738710291677066,47.86392097473144,44.98913165778582,1786128.15,1.4060066182821205,1.5942513664233595,2.4096360016917284,0.2120392800051274,-0.2282809370366512,-1.310751207660532,-3.945666815947546
2025-09-03,53.69193649291992,54.57053330693849,50.37279711104136,50.470421048139215,9233136,50.23612823486328,48.234883308410645,45.84971078236898,70.70044111614283,1.3619786437866779,1.027357606288785,0.33462103749789285,52.01676398536955,48.234883308410645,44.45300263145174,2221182.55,4.156855995469621,2.0194799700480335,7.8431393582027775,0.38758813655075386,0.3477630507512153,-2.349811490501408,0.8080749993190084
2025-09-04,52.81333923339844,58.6706413468536,52.715719021096476,55.64437007782406,16923513,50.99757690429688,48.56435661315918,45.95194072723389,66.46069953716773,1.5314182851129488,1.1281697420536179,0.4032485430593309,52.7365577359424,48.56435661315918,44.392155490375956,3032464.55,5.580778512315997,2.544205617475912,-1.6363672404278828,-0.07155659478953469,0.33007400549494026,0.5649726984540582,2.338001926893818
2025-09-05,52.618099212646484,54.082424752249196,52.032366762421944,54.082424752249196,3264750,51.50521011352539,48.884067916870116,46.068864250183104,65.5204186450454,1.6311433781135776,1.22876446926561,0.4023789088479677,53.27533090041334,48.884067916870116,44.492804933326894,3149924.9,1.0364532817909404,2.478319267122757,-0.36967937188960853,-0.09113950204554522,1.3016229374229527,2.184767388800113,1.5665813330074663
2025-09-08,52.12998962402344,53.30144705236095,51.349013039835306,53.30144705236095,2298387,52.20808639526367,49.220862770080565,46.20262336730957,63.116238594157146,1.6517495279177723,1.3133614809960426,0.33838804692172975,53.51731466189371,49.220862770080565,44.92441087826742,3213767.15,0.7151691123608629,2.4082012331764755,-0.9276458023510847,-0.7004631226877445,0.215561079559623,-0.4683354497614256,-1.156801015267639
2025-09-09,51.34901428222656,52.227611098709716,51.05614991805632,52.227611098709716,1901280,52.52047576904297,49.50884666442871,46.31322186787923,59.362962133579465,1.5867705635706812,1.3680432975109702,0.21872726605971105,53.54460708082811,49.50884666442871,45.47308624802931,3284488.5,0.578866389698122,2.2433025595067315,-1.4981306296615315,-0.4852509178164821,1.2538968205540568,-0.5319192523505656,-0.8452639110237303
2025-09-10,52.03236770629883,53.39907305764262,51.34901503062693,51.446638969421485,2376655,52.18856201171875,49.694327926635744,46.42818654378255,61.51924516243417,1.5722907870017053,1.4088927954091173,0.16339799159258805,53.8400478363297,49.694327926635744,45.548608016941785,3187108.2,0.7457089156872678,2.2175367216279747,1.3308014450216898,0.06758799645232294,1.3575043934189956,-1.0078113421104873,0.26229535925967884
2025-09-11,50.275177001953125,53.30144830277298,50.275177001953125,52.2276110602814,2427903,51.680929565429686,49.835879516601565,46.51464506785075,53.6376888413856,1.40285363194144,1.4076849627155819,-0.004831330774141884,53.84931867077589,49.835879516601565,45.822440362427244,3201747.65,0.7583055460351474,2.325367998853559,-3.3771107904685738,-0.3782383940657219,0.09177735950691712,1.8491572198157336,2.0408237602321133
2025-09-12,51.44664001464844,52.03236876342587,50.079934635537676,51.153775640259724,1526579,51.44663772583008,49.99207439422607,46.624529647827146,57.54290953178486,1.3475668290529157,1.3956613359830485,-0.04809450693013284,54.00071176871863,49.99207439422607,45.983437019733515,3203398.45,0.4765498341300627,2.275643482724844,2.3301022145576944,0.17595008979807147,1.026858565050115,-1.5503919402964916,-1.6129053469985055
2025-09-15,52.03236770629883,52.3252320747375,50.860906508571645,51.446638969421485,1220706,51.42711334228515,50.1287446975708,46.77226842244466,59.38503191572943,1.3356187870462364,1.3836528261956862,-0.048034039149449814,54.22334680979801,50.1287446975708,46.034142585343595,3076957.8,0.3967249729586802,2.167467760516979,1.1385149574075548,-0.0168380656651812,-0.4611663437352198,-0.3108116792343796,-0.9180319771442291
2025-09-16,53.69193649291992,54.18004500649192,51.739502438631924,52.325231165329356,3422688,51.89569778442383,50.40940704345703,46.950787989298504,64.1333832697806,1.4434243121897339,1.3956071233944958,0.04781718879523811,54.678156974873815,50.40940704345703,46.140657112040245,3161935.55,1.0824660863185527,2.2038777348293817,3.1894931170318275,-0.29982346654272574,1.0745701295846288,3.013927966210561,0.5956269128080782
2025-09-17,53.008583068847656,54.18004422941323,51.251393189985485,53.49669157541895,6120809,52.09094085693359,50.743761253356936,47.09450829823812,60.97238184335902,1.4569255266959402,1.4078708040547847,0.04905472264115551,54.700486146241005,50.743761253356936,46.78703636047287,3175151.15,1.9277220865532654,2.3005141754424963,-1.2727300758883509,-0.48651948491017505,-0.7467550083917751,0.4842571773996607,-0.13157427538036393
2025-09-18,56.03485870361328,56.42534327908366,53.691936354901344,53.691936354901344,7138663,53.24287719726563,51.15865345001221,47.28320420583089,68.40035788699286,1.6923125627525266,1.4647591557943331,0.22755340695819348,55.50853350980877,51.15865345001221,46.80877339021565,3486587.15,2.0474643807483774,2.4493469800816308,5.709029480820282,0.1304608418786879,1.3016200996530891,4.076310492156465,4.150193950940628
2025-09-19,56.230098724365234,59.3539939254905,55.9372343638787,57.108695529797224,11979586,54.19956893920899,51.58330764770508,47.47593441009521,68.81275958296385,1.8730216945063987,1.5464116635367464,0.32661003096965224,56.17809280858928,51.58330764770508,46.98852248682088,4045346.4,2.9613251414019826,2.578335324285653,0.3484260070764966,0.08010681923562579,-0.7411524345470877,-1.4663363098225912,-2.846300019954262
2025-09-22,53.69193649291992,56.03485884765449,53.49669234269664,56.03485884765449,4486412,54.5314826965332,51.86152954101563,47.62089964548747,58.182044628625434,1.7907834665115772,1.5952860241317126,0.19549744237986455,56.24421777839173,51.86152954101563,47.47884130363953,4239611.0,1.0582131237983863,2.5990114652700456,-4.51388542617922,0.35037367829144905,1.1815861562103347,0.8419821964858132,0.0
2025-09-23,54.570533752441406,54.570533752441406,52.71571989613651,53.691936931250154,2359884,54.7072021484375,52.12510814666748,47.78050816853841,60.459207125096285,1.7760315482835978,1.6314351289620896,0.14459641932150813,56.492939544600894,52.12510814666748,47.757276748734064,4280141.25,0.551356570300104,2.4997851174080257,1.6363672404278828,0.005624330335418648,1.417160099788184,-2.097090934086776,-0.9765562544103212
2025-09-24,54.18004608154297,55.05864291299483,53.49669340418847,54.863398758897475,2179000,54.94149475097656,52.364281463623044,47.93829053243001,58.92345337302227,1.7130840881953162,1.647764920808735,0.06531916738658117,56.62559070094163,52.364281463623044,48.10297222630446,4320277.15,0.5043657905141571,2.37474036959447,-0.7155650569039329,0.18631834557791827,-0.19292856211109433,1.0313377164776538,0.1314941427221994
2025-09-25,53.4966926574707,54.86339799310295,53.3014485060986,53.984801173914725,1348340,54.433861541748044,52.58881130218506,48.101070658365884,56.231535461539025,1.5897314279358241,1.636158222234153,-0.046426794298328966,56.569045750395354,52.58881130218506,48.60857685397476,4322320.65,0.31194816608527176,2.2663682519157873,-1.2612640141423936,0.2976129160905838,-0.6599329621733818,-2.296816255373546,-2.166785013623229
2025-09-26,52.22761154174805,53.39907273233876,51.83712323689365,53.30144879413893,1670192,53.63336410522461,52.69619522094727,48.242699432373044,51.52381842091749,1.373733768325181,1.5836733314523586,-0.20993956312717765,56.503560227573395,52.69619522094727,48.88883021432114,4280201.95,0.39021336364747927,2.1854617410706223,-2.3722608869455653,0.6501132916399088,-1.7043185521454118,0.7836033475213666,0.872488074747646
2025-09-30,53.69193649291992,53.69193649291992,52.715719465775926,52.715719465775926,990126,53.63336410522461,52.95001163482666,48.41965834299723,56.091651980466324,1.3056619938710057,1.5280710639360882,-0.22240907006508248,56.255763856770365,52.95001163482666,49.64425941288295,4268995.85,0.23193416784417817,2.089310169084123,2.8037371573106817,0.046643707979932,0.9390763957033643,-0.9043347335633944,0.9234949122875813
2025-10-01,52.81333923339844,54.472908910338546,52.22761051164188,54.0824243371583,1149368,53.281925201416016,53.10132522583008,48.59133790334066,52.87244901167499,1.1673625374123588,1.4559293586313424,-0.2885668212189836,56.05587698511069,53.10132522583008,50.14677346654947,4200898.85,0.27360049385621366,2.110108599699129,-1.6363672404278828,-0.05285909728485194,0.6288447090782023,-1.946872586561943,0.7843048432874866
2025-10-02,51.25139236450195,53.399070503618404,51.056148220223676,53.10620614918714,2064350,52.69619445800781,52.97929801940918,48.74322770436605,47.63806764332798,0.9211052354041627,1.3489645339859064,-0.42785929858174376,56.03113624397049,52.97929801940918,49.92745979484787,3842459.55,0.5372470349102308,2.1411504241918755,-2.9574855359812746,0.01609605957935134,1.5220791911750853,0.8066250602974723,2.5940360494053794
2025-10-03,50.76328659057617,51.9347477951532,50.76328659057617,51.64188342500207,1315492,52.149513244628906,52.87679538726807,48.88073972066243,46.102076221128264,0.6787344642822433,1.214918520045174,-0.5361840557629307,56.08576905986977,52.87679538726807,49.66782171466637,3062058.5,0.42961034219300515,2.0118585282432293,-0.9523756358741475,0.055177608565615266,1.4506947270404247,1.0874000021444896,2.0859758569875986
2025-10-07,51.34901428222656,52.03236694793875,51.15377385542803,51.15377385542803,836812,51.97379379272461,52.81334114074707,49.02723350524902,48.25805222109678,0.5278326849390922,1.0775013530239577,-0.5496686680848655,56.09325913444331,52.81334114074707,49.53342314705083,2940661.6,0.2845658949673094,1.9128214387924756,1.1538411536953674,0.29750124162626346,1.684868471805201,-4.329692892237635,-4.415420092481925
2025-10-08,50.860904693603516,51.446637133551526,50.56804033561569,51.446637133551526,683200,51.40758743286133,52.74988689422607,49.15466753641764,46.58568875069485,0.36465209080642325,0.9349315005804508,-0.5702794097740276,56.13295167330043,52.74988689422607,49.36682211515171,2859902.25,0.23888928371590323,1.7749248200115901,-0.9505724607297816,0.0858699164537402,-0.5448692045472381,5.625914474119775,4.4892600515549885
2025-10-09,50.372798919677734,51.349015981872824,50.372798919677734,51.349015981872824,1077587,50.91947937011719,52.701076126098634,49.27006479899089,44.90965823020412,0.1937112548530564,0.786687451434972,-0.5929761965819156,56.19557731071794,52.701076126098634,49.20657494147933,2818717.6,0.38229689983842297,1.6684304523027236,-0.9596875574003794,-0.03831349420129193,0.8802950564221979,-1.788521675134902,-1.0585201534065503
2025-10-13,49.78706741333008,49.78706741333008,46.077443527327404,46.077443527327404,1176400,50.62661437988281,52.5888111114502,49.36399485270182,42.91438832366484,0.010850693359259367,0.6315200998198295,-0.6206694064605701,56.31063904862815,52.5888111114502,48.86698317427225,2758704.85,0.4264319903595341,2.018687110975738,-1.1627932513371686,0.2671434399057038,-1.3863493889187506,9.553998188727753,8.321959967518033
2025-10-14,50.860904693603516,52.910962647463016,50.56804033561569,50.76328448226503,3162310,50.64613800048828,52.61809749603272,49.47582219441732,47.51798218291939,-0.046877549764893445,0.4958405699028849,-0.5427181196677784,56.27186610913894,52.61809749603272,48.964328882926495,2795425.2,1.1312447208388905,2.1660481940633645,2.1568598755947743,0.0847841788281345,-0.4838520946744862,-1.137496882621214,1.007563680810808
2025-10-15,55.93723678588867,55.93723678588867,50.66566689696174,50.95853127012892,10431718,51.5637825012207,52.842627334594724,49.63245811462402,62.79323698150848,0.31337755543141554,0.45934796700859104,-0.1459704115771755,56.73725843388084,52.842627334594724,48.94799623530861,3240682.15,3.2189883231837473,2.5801177533785067,9.980813599101346,-0.02313105345168598,1.8010593746521364,1.6552274518977672,5.797995351543328
2025-10-16,55.1562614440918,59.158749723012164,54.76577314781901,57.792048134002165,28617451,52.42285385131836,52.99882202148437,49.79324506123861,59.904491340473044,0.5297574247674461,0.47342985856036207,0.05632756620708407,57.00558382389269,52.99882202148437,48.99206021907605,4610519.4,6.206990691764576,2.8218322629537926,-1.3961636052674864,-0.24149632990847492,1.364430807973327,5.182685819537247,-0.29462999819359625
2025-10-17,53.98480224609375,54.86339908273157,53.39907350431688,54.27766661698218,4564087,53.14525451660156,53.013465309143065,49.936848640441895,55.76068846727709,0.5997989541816793,0.49870367768462553,0.10109527649705374,57.033012979066044,53.013465309143065,48.993917639220086,4667589.35,0.9778253093323217,2.6798796865299424,-2.1238915896891863,0.006860517943563238,-1.2496442248141726,-0.8306634534006374,-2.54136968684896
2025-10-20,58.08491516113281,58.573023691898634,53.9848027579054,53.9848027579054,17303905,54.80482406616211,53.26728191375732,50.152689107259114,64.90979929447877,0.9749140151311906,0.5939457451739386,0.38096826995725197,57.882491297742966,53.26728191375732,48.65207252977168,5226744.15,3.3106470306184774,2.934325254433268,7.594939213351926,0.03266778205262,1.4147553157768167,4.492672121061769,6.124921105043879
2025-10-21,63.84459686279297,63.84459686279297,60.623077603315664,62.477891496713355,26890017,57.4015625,53.65776882171631,50.45359961191813,73.27205505852083,1.7171592383422407,0.818588443807599,0.8985707945346417,60.1845760304232,53.65776882171631,47.13096161300942,6214311.85,4.32711097367925,3.3110394473968534,9.915968174666823,-0.08033787001248127,0.23034471151326397,0.34615129079793583,-1.6000096736979552
2025-10-22,60.818321228027344,62.96599947426981,59.35399565885828,59.35399565885828,47882026,58.37777938842773,53.887179946899415,50.69782956441244,64.56573948469918,2.03770932853093,1.0624126207522653,0.9752967077786647,61.082943305132744,53.887179946899415,46.69141658866609,8009433.85,5.978203565536658,3.4683143482685646,-4.7400653829318244,0.2614607328592866,-0.37294058215946446,-5.718956828543353,-3.4262369860514896
2025-10-23,61.404052734375,63.45410700971529,59.93972718799695,60.525455916959196,27701647,59.62733764648438,54.27278575897217,50.947139739990234,65.4221246279237,2.3123558233044363,1.3124012612626996,0.9999545620417367,62.212581840301986,54.27278575897217,46.33298967764235,9170195.6,3.0208349099990843,3.474456411395201,0.9630839762109877,0.22101202829689637,-0.42189869317011963,-0.28885331214595356,1.803968759288166
2025-10-27,61.01356506347656,62.38027041048743,60.134968236973506,61.89216188997962,13319463,61.03309020996094,54.594937324523926,51.19851563771566,64.30630819640875,2.4700330540290523,1.5439276198159704,0.9261054342130819,63.08909057996532,54.594937324523926,46.10078406908253,9718174.55,1.3705725217705622,3.310569179677697,-0.6359314304344554,0.1894395419437922,1.6757472785653427,3.884837815558817,2.9691255762799296
2025-10-28,58.96350860595703,61.01356282736765,58.670640525207794,61.01356282736765,8051293,61.20880889892578,54.83411045074463,51.43687527974446,58.65063857341107,2.4018835538085526,1.7155188066144869,0.6863647471940657,63.54567254843663,54.83411045074463,46.122548353052636,10011789.2,0.8041812346588361,3.1815498941565066,-3.360001100389265,-0.7530777372024122,-0.15904147839432836,-1.6704651917566093,0.8650520387065486
2025-10-29,55.351505279541016,59.744481829917724,55.15626113250758,59.45161747135375,11998630,59.51019058227539,54.92685108184814,51.60608622233073,50.26289810810412,2.032981160886841,1.7790112774689577,0.2539698834178834,63.61793225650412,54.92685108184814,46.235769907192164,10544303.7,1.1379253046362845,3.369106001256992,-6.1258283501316235,-0.18953750952860338,1.2366435536016018,-0.7721963650058505,-1.2006685328784683
2025-10-30,54.27766418457031,55.8396136325986,53.69193546904243,55.64436948609852,5150207,58.20205917358398,55.02935371398926,51.768789037068686,48.06223887429241,1.6351246555985384,1.750233953094874,-0.1151092974963357,63.63432352239555,55.02935371398926,46.42438390558297,10718304.45,0.48050575760609227,3.206248956230216,-1.9400395518558988,0.3997594261948789,-0.025485081114973163,-1.0700448160121057,-2.3148110178250025
2025-10-31,53.69193649291992,55.05864182051049,53.20382797934792,54.375289156715205,3224711,56.65963592529297,55.02935371398926,51.894883728027345,46.85714327590053,1.2580551030546872,1.6517981830868367,-0.39374308003214953,63.63432352239555,55.02935371398926,46.42438390558297,10830033.7,0.29775632184782586,3.0260576075545296,-1.079132089506718,0.21359802296341268,-0.19153205969807408,-1.5142510642518037,0.5924016903943174
2025-11-03,53.59431838989258,54.3752912975615,52.22761300849253,53.00858591616146,3446022,55.17578659057617,55.06840267181396,52.01121629079183,46.647219054624635,0.9405062305574177,1.5095397925809528,-0.5690335620235352,63.63804628594888,55.06840267181396,46.498759057679045,10944866.4,0.3148528153801859,2.9089403650897885,-0.1818114774836177,0.16628250572858772,0.3585838583650913,0.7587804303599954,-1.1778487869819942
2025-11-04,52.422855377197266,54.08242507683505,51.93474686106689,54.08242507683505,2866518,53.86765594482422,55.12697582244873,52.11371905008952,44.0942163647224,0.5875463182655452,1.3251410977178713,-0.7375947794523261,63.60226494306307,55.12697582244873,46.651686701834386,10984974.8,0.2609489827869245,2.807438745180238,-2.185797017088742,0.3940632008074152,-0.7694810409372921,-4.320254349442909,-4.052443833152886
2025-11-05,51.739501953125,52.32523067432614,50.95852908353269,51.739501953125,3081063,53.14525527954102,55.17578659057617,52.20564619700114,42.62857469460548,0.24980256605086737,1.1100733913844705,-0.8602708253336031,63.55597051836307,55.17578659057617,46.79560266278928,11073253.35,0.2782437015224618,2.6283570849781497,-1.3035410207157594,0.051456216481238215,-1.4208708043573326,3.7282582793470853,-4.844723005931806
2025-11-06,53.301448822021484,53.301448822021484,51.93474720226111,52.3252317833473,2558407,52.95001220703125,55.27340831756592,52.3236057917277,46.96760775185183,0.10694151250631023,0.9094470156088384,-0.8025055031025282,63.5101539497076,55.27340831756592,47.03666268542423,11159333.1,0.22926163929993273,2.486169056167261,3.0188672289725105,-0.08441462583944626,0.6580375706382924,-2.555915629380845,-4.830292922034518
2025-11-07,51.15377426147461,52.71572003209587,50.860906171007215,52.42285566560094,2717535,52.442379760742185,55.288051795959475,52.41960048675537,42.237388442616094,-0.17752983641132403,0.692051645204806,-0.86958148161613,63.49274629665539,55.288051795959475,47.08335729526356,11261049.85,0.24132163840834078,2.480085535480195,-4.029298655123171,0.2780553192774038,-0.8890464487496197,-1.9876996335467245,-1.4403213822526073
2025-11-10,50.56804275512695,51.73950396710111,50.275178383126544,51.349015655118876,1996918,51.83712463378906,55.297813987731935,52.50257892608643,41.02390289745211,-0.44510813779149316,0.4646196886055462,-0.9097278263970394,63.47831294029611,55.297813987731935,47.11731503516776,11307016.4,0.1766087471138717,2.344650875279444,-1.1450406442223948,-0.038733360616827195,0.7887467877500054,1.4844220307172806,2.1572662985715363
2025-11-11,51.44664001464844,52.03236876342587,50.76328732509306,51.056151699481774,1889027,51.6418815612793,55.38079261779785,52.554643885294595,43.63960061911046,-0.579589269021632,0.25577789708011056,-0.8353671661017426,63.35704921094933,55.38079261779785,47.404536024646376,11342647.75,0.16654197870157786,2.2272742263487073,1.7374555384238377,0.0,-0.30341598250608337,-0.22661847605440766,-3.0653953521157185
2025-11-12,51.34901428222656,52.32523131210899,51.15377385542803,51.44663821959826,1747401,51.56378402709961,55.405198097229004,52.61972503662109,43.4092164588085,-0.6861347804746671,0.06739536156915502,-0.7535301420438222,63.32601831047769,55.405198097229004,47.484377883980315,11271902.3,0.15502272407027515,2.086498657059675,-0.1897611435733748,-0.008074886659015235,0.5835555923585645,1.7344624144016718,-0.28109993789033894
2025-11-13,53.59431838989258,54.863399830351156,51.54426031779251,52.22761300849253,5961501,51.62235794067383,55.2880521774292,52.707584635416666,49.95322017234441,-0.5826788303693533,-0.06261947681854665,-0.5200593535508067,63.244960765939794,55.2880521774292,47.33114358891861,11048391.45,0.5395808998060075,2.2768835758683306,4.372633319356978,0.3223070095614844,-0.1557560988223461,-2.3137799453151864,-4.016904236847029
2025-11-14,53.98480224609375,55.93723635064667,52.227612296790625,52.32523251242926,6243623,52.18856353759766,55.229479217529295,52.78568197886149,51.014136645131664,-0.4638336748876668,-0.14286231643237068,-0.3209713584552961,63.207690976162844,55.229479217529295,47.25126745889575,9929700.05,0.6287826388068992,2.467915639600026,0.7285918879692543,0.1957261013469047,-1.8136056365454567,-2.514030484764551,-2.790015238959165
2025-11-17,53.98480224609375,56.034860290257825,53.496693719955516,54.66815492748177,6308054,52.87191543579102,55.229479217529295,52.884117190043135,51.014136645131664,-0.36543551973947075,-0.1873769570937907,-0.17805856264568004,63.207690976162844,55.229479217529295,47.25126745889575,10016898.4,0.629741238066266,2.4772824303603302,0.0,-1.8326170463155322,0.18180690528333265,-1.9181537645014624,-4.456199859952637
2025-11-18,54.37528991699219,56.32772399857918,52.52047604989556,53.9848016110858,7539482,53.457645416259766,55.04399795532227,53.01834704081217,52.18957872430436,-0.2530284270617926,-0.2005072510873911,-0.052521175974401535,62.91445447350836,55.04399795532227,47.17354143713618,9528677.25,0.7912411977223807,2.6546111661367697,0.7233288900797774,2.0307929943259806,-2.518248208944085,-0.999563406990478,-1.8181748422711697
2025-11-19,51.93474578857422,55.15626118371345,51.641881429738355,54.86339682487758,4898168,53.574791717529294,54.44850540161133,53.08830922444661,44.9325972858128,-0.35676395811904626,-0.23175859249372213,-0.12500536562532413,61.24415552500296,54.44850540161133,47.6528552782197,8429084.8,0.5811031821627894,2.769246977848546,-4.488333086855512,-0.23030738201144096,-0.6577934530601293,1.229142980057163,-0.9661882944462796
2025-11-20,56.9134521484375,57.10869629938372,53.20382817634894,53.20382817634894,10788750,54.23861846923828,54.253261947631835,53.24124984741211,57.81836189826219,-0.03681078755520417,-0.19276903150601854,0.15595824395081437,60.4788136504918,54.253261947631835,48.02771024477187,6574421.0,1.641019034223698,3.089874115576674,9.586465254170196,0.2565641148130293,3.183733789520926,-2.6452676371647166,-3.9024345972530794
2025-11-21,56.230098724365234,58.57302105620228,55.058641282419096,55.15626149459048,15668017,54.68767776489258,53.99456424713135,53.37629318237305,55.885381861257365,0.15977174572471853,-0.12226087605987113,0.28203262178458965,59.33623127028863,53.99456424713135,48.65289722397407,5972739.5,2.623254705817992,3.1464748700042087,-1.2006887621049511,0.5422820276357987,-3.614843327615369,4.008906850533367,5.837565286003565
2025-11-24,58.573020935058594,58.573020935058594,55.839614036217,56.71820711585945,11940142,55.60532150268555,53.87253704071045,53.530860837300615,60.732583562162986,0.49886841686001304,0.0019649825241057073,0.49690343433590733,58.61721298629944,53.87253704071045,49.12786109512145,5903773.45,2.0224593814655947,3.09139914051586,4.1666692106982595,-0.04305999745704003,0.2621560052100236,1.4775130951530047,2.7178299199193567
2025-11-25,58.47540283203125,61.40405398440733,57.79205015168233,59.353995943360566,14345320,56.42534408569336,53.84813175201416,53.68217455546061,60.43462793070525,0.7510701376862343,0.15178601355653146,0.5992841241297029,58.486376232498394,53.84813175201416,49.20988727152993,6218474.8,2.3068872129223714,3.1608130994770782,-0.16666052300012835,0.27920716971145954,1.5391110399419539,1.9413420457724984,3.501930328974412
2025-11-26,57.596805572509766,60.23259233502929,57.596805572509766,59.06113113791256,8550184,57.55775604248047,53.9603967666626,53.82535305023193,57.69126016774056,0.8700173439821413,0.2954322796416534,0.5745850643404878,58.85354097414841,53.9603967666626,49.06725255917679,6046052.5,1.4141762745196143,3.0908095878827377,-1.5025074081921663,-0.12091894024681693,1.8481197988450715,2.753049013765363,1.353386542666457
2025-11-27,57.30393981933594,58.37777705175713,56.522966948123035,58.08491269054884,6396178,57.63585357666015,54.11171054840088,53.94575316111247,56.76623887999862,0.9299323618356539,0.42233229608045353,0.5076000657552003,59.22823260804014,54.11171054840088,48.99518848876162,6108351.05,1.0471202371383026,2.9260096566495855,-0.5084756876058583,-0.44348084794223475,0.5289772806627235,2.753049013765363,1.353386542666457
2025-11-28,57.30393981933594,57.694424392956186,54.86339726931288,56.81583130933132,7017301,57.8506217956543,54.29231071472168,54.09055868784586,56.76623887999862,0.9662768075973887,0.5311211983838406,0.435155609213548,59.59793989009539,54.29231071472168,48.98668153934797,6297980.55,1.1142144603796849,2.9133453189154155,0.0,0.2105664976116417,0.261122848805706,1.208707284842303,1.4094995180714998
2025-12-01,56.81583023071289,58.28015573292728,56.71820629618187,57.30393873145102,3401308,57.499183654785156,54.453386306762695,54.20770473480225,55.05978586025655,0.9448025821633195,0.6138574751397364,0.33094510702358304,59.864352365683764,54.453386306762695,49.042420247841626,6295744.85,0.5402550581445499,2.733159201292748,-0.8517906275937182,0.19863050869839416,-1.027822462568817,0.37818196727970044,0.5852236201834504
2025-12-02,55.546749114990234,57.694423548393786,55.44912518003495,56.62058633169201,3437715,56.91345291137695,54.609580993652344,54.23861827850342,50.78516310510766,0.815973825572847,0.6542807452263586,0.16169308034648844,59.95368902914875,54.609580993652344,49.26547295815594,6324304.7,0.543572007212113,2.6681110902348935,-2.2336752108862656,0.0608734112671927,0.8109719183892139,2.0820924662036555,2.1818182845035894
2025-12-03,55.644371032714844,56.71820828235369,55.644371032714844,55.83961518464167,1959270,56.52296600341797,54.80482444763184,54.28580214182536,51.09966102796424,0.7135282709620654,0.6661302503735,0.04739802058856535,59.99040399502556,54.80482444763184,49.619244900238115,6268215.05,0.31257223697199094,2.468557500518702,0.17574731065272964,0.01911236723253218,0.8299495511413513,11.013989965152726,7.168455537406682
2025-12-04,56.03485870361328,57.69442466631412,55.93723476676637,56.13247891648777,2892010,56.26914978027344,54.941494941711426,54.34274813334147,52.409701858130425,0.6562832971254409,0.6641608597238882,-0.007877562598447296,60.10427442406745,54.941494941711426,49.7787154593554,6284895.2,0.46015246204900917,2.4127569849294455,0.7017559254445693,-0.2780117606670518,0.009613468300440076,-4.129484772249558,1.3377907878914241
2025-12-05,55.93723678588867,57.30394215929892,55.546752196323276,55.93723678588867,2763010,55.995809173583986,55.18066806793213,54.40620225270589,52.034393573260985,0.5961667310574583,0.6505620339906022,-0.054395302933143874,60.03883504094508,55.18066806793213,50.32250109491918,6287168.95,0.43946806932872384,2.325348048668939,-0.17421640739911926,0.16062935130458644,0.6662167696174004,-0.09125613474186833,0.3300357327185699
2025-12-08,56.13248062133789,56.71820936431936,55.15626356705375,56.034860405498485,1918601,55.85913925170898,55.458889961242676,54.485926691691084,52.76296770312819,0.5578479413128861,0.632019215455059,-0.07417127414217295,59.816339034559086,55.458889961242676,51.101440887926266,6283253.1,0.30535153836155354,2.2235610818151614,0.34904090131686605,-0.2901310503285237,1.1539613810094718,2.995979794230741,0.5263112508548939
2025-12-09,56.52296829223633,57.40156139675409,55.64437146374608,56.23010020009126,2573509,56.0543830871582,55.71270637512207,54.56077003479004,54.25941091058068,0.5526188696323899,0.6161391462905252,-0.06352027665813531,59.6580068212237,55.71270637512207,51.767405929020434,6317477.2,0.4073634013273526,2.1613782619742077,0.6956536867355201,-0.3494935499670837,-0.42813960011827135,-2.039733068627536,0.45812781067045005
2025-12-10,55.351505279541016,57.596803660494636,55.351505279541016,56.81583079633325,3833880,55.995809936523436,55.912830924987794,54.64537550608317,49.22162697433962,0.4487743267658999,0.5826661823856002,-0.1338918556197003,59.29150366309126,55.912830924987794,52.534158186884326,6421801.15,0.5970100771494614,2.1725676111714627,-2.072543336079924,-0.043961550810267536,0.7739912655269743,-0.23538125872302196,2.9315949049908196
2025-12-11,54.76577377319336,56.03485888858551,54.47290940963072,56.03485888858551,1987479,55.74199295043945,55.97140369415283,54.70069440205892,46.87800134984083,0.3155753843924458,0.5292480227869694,-0.21367263839452355,59.21891008445659,55.97140369415283,52.72389730384908,6223100.05,0.3193712111377673,2.0911518602092403,-1.0582033919213973,-0.23755066327988406,-1.3238408398111412,1.5789523968692043,0.2531654063194111
2025-12-12,53.78955841064453,55.64437231058643,53.78955841064453,55.64437231058643,1989679,55.31245727539063,55.961641502380374,54.729980913798016,43.18721263597362,0.12974620820545368,0.44934765987066627,-0.3196014516652126,59.23536051602849,55.961641502380374,52.687922488732255,6010402.85,0.33103920812895266,2.059640132173594,-1.7825282019966027,0.33175603858714986,0.618273245078016,-1.8045419228200243,-3.2197001387211155
2025-12-15,52.91096496582031,53.106209121024506,52.2276122845919,52.71572081061612,1684977,54.66815414428711,55.9079496383667,54.71696472167969,40.12528297935213,-0.08741226683535785,0.3419956745294615,-0.42940794136481936,59.34912292104753,55.9079496383667,52.46677635568587,5779249.0,0.291556394265068,1.9932809313574662,-1.6333903285035145,0.449008499969894,-1.1741252883312847,0.23653760968123105,-1.174175408719158
2025-12-16,51.83712387084961,52.91096486034578,51.153774914955925,52.618100490109555,1739500,53.73098526000977,55.78104133605957,54.69744040171305,36.70038673231703,-0.3422170595079024,0.20515312772198874,-0.5473701872298911,59.62396817242547,55.78104133605957,51.938114499693675,5489249.9,0.31689211307359133,1.9618021472917224,-2.0295246848444193,0.027453065033000712,-1.1852011859090683,-0.962059861733322,-1.782170054761667
2025-12-17,51.056148529052734,52.52047403403879,50.76328417284999,52.03236553237677,2171642,52.87191390991211,55.737111473083495,54.61446189880371,34.40065087742744,-0.6002505618361837,0.044072389810354246,-0.644322951646538,59.78005041511611,55.737111473083495,51.69417253105088,5352923.6,0.40569269473601305,1.934520509144666,-1.506594663204397,0.4478345884427748,-0.04172704427407581,-2.25439793122596,-2.083338730897155
2025-12-18,51.15377426147461,52.227611513280166,50.372797652191515,50.76328595683306,1677204,52.14951400756836,55.44912757873535,54.529856491088864,34.949395552095936,-0.787785292278123,-0.12229914660734123,-0.6654861456707818,59.93547988358911,55.44912757873535,50.96277527388159,4897346.3,0.34247200366451525,1.9238929560705307,0.19121248906255328,0.518285581531619,-0.20577756708046735,1.8938651544261997,1.7158554080935584
2025-12-19,50.66566467285156,52.0323662622941,50.372796588568086,51.73950190198301,1716507,51.52473526000976,55.170905876159665,54.47941862742106,33.44308393806513,-0.9646741190127841,-0.2907741410884298,-0.6738999779243543,60.11966225138842,55.170905876159665,50.22214950093091,4199770.8,0.4087144469883928,1.888649851757928,-0.9542005368519901,-0.37303888670811025,0.8293866411184903,1.6010285782881661,0.3373846940545322
2025-12-22,52.03236770629883,52.03236770629883,51.05615066218826,51.25139481580487,1162874,51.34901580810547,54.84387321472168,54.437115859985354,41.09809775188971,-0.9832440504642364,-0.4292681229635912,-0.5539759275006452,59.70976802891431,54.84387321472168,49.977978400529054,3660907.4,0.31764638460945505,1.8190569426498397,2.697493543748175,-0.032362001212404845,1.6366453414191628,2.1010684054482143,0.4034950995185138
2025-12-23,51.056148529052734,52.32522988857952,50.95852831830926,52.32522988857952,1165033,51.1928207397461,54.472910499572755,54.38505090077718,37.75757282514932,-1.064463115735407,-0.5563071215179544,-0.5081559942174526,59.30421222762763,54.472910499572755,49.64160877151788,3001893.05,0.3880994361208172,1.7587428929992288,-1.8761767343674407,0.08982802507242482,0.571339720700248,-1.2063159802388257,0.20094323508537126
2025-12-24,50.56804275512695,51.544259811109995,50.47042253911766,51.1537752231003,1046100,51.09519958496094,54.12147235870361,54.33624006907145,36.1743395800999,-1.1549028654691753,-0.6760262703081985,-0.4788765951609768,59.01811157519735,54.12147235870361,49.224833142209874,2626688.85,0.3982580578586611,1.6674221435316428,-0.9560176158764366,-0.13541653938790033,0.21726860803557013,-1.0953435279162371,0.40106764110714455
2025-12-26,50.95853042602539,51.251394794341415,50.568042118955695,50.568042118955695,954102,51.05615081787109,53.80420188903808,54.31508871714274,38.39970674683212,-1.181448919400097,-0.7771108001265783,-0.4043381192735187,58.65468207560825,53.80420188903808,48.95372170246792,2354585.05,0.4052102513774136,1.5362128811121865,0.7722024615216982,0.2562756491433227,0.6486648427758146,-0.2723339159265148,-0.06657330789580085
2025-12-29,50.860904693603516,51.73950149153935,50.56804033561569,51.1537727755637,1093424,51.09519882202149,53.48205013275147,54.2679048538208,38.042583579562326,-1.196571112167092,-0.8610028625346811,-0.33556824963241105,58.20808548931984,53.48205013275147,48.75601477618309,2058391.2,0.5312032037447498,1.4875793177537162,-0.19157878299413955,-0.602469435943731,0.8925301842964695,-1.6566536361849682,-0.732858442004658
2025-12-30,50.56804275512695,50.860907127127355,50.275178383126544,50.860907127127355,843476,50.80233383178711,53.16966075897217,54.23048324584961,36.93293056490762,-1.2181450518810522,-0.9324313004039553,-0.2857137514770969,57.79268791141518,53.16966075897217,48.54663360652916,1930499.6,0.43692109545114644,1.3673325745866622,-0.5758095343384562,-0.1982110917127744,-0.360140777928486,0.40725882791343704,-0.8053654461819493
2025-12-31,50.372798919677734,51.25139576524234,50.372798919677734,50.66566701751431,993151,50.66566390991211,52.910963249206546,54.2158400217692,36.17534967174031,-1.2367407231243348,-0.9932931849480312,-0.2434475381763036,57.55292754106396,52.910963249206546,48.26899895734913,1808271.4,0.5492267366502617,1.3021678107170551,-0.3861012307608491,-0.23692492856227654,0.893397362684345,-0.16592947972495775,-1.9621127873157507
2026-01-02,50.470420837402344,51.05614956165409,50.37279690071211,50.470420837402344,970370,50.646139526367186,52.65226573944092,54.21095892588298,36.8725985807414,-1.2294285664380595,-1.040520261246037,-0.18890830519202262,57.229059501899286,52.65226573944092,48.075471976982556,1758826.4,0.5517144841583002,1.219659124080378,0.19379887522286143,0.1917140625415037,1.3334355629436079,4.709139732603473,5.521048049108668
2026-01-05,49.59182357788086,50.95852888738606,49.00609485893427,50.95852888738606,2128330,50.372798156738284,52.3301139831543,54.18167241414388,33.342221284251536,-1.27977661746975,-1.0883715324907794,-0.19140508497897057,56.810414288309715,52.3301139831543,47.84981367799888,1720642.4,1.236939180389836,1.317362444663233,-1.7408161948005318,0.1763399560895884,2.5731972423427285,3.5096963615391052,0.8502334178639659
2026-01-06,50.56804275512695,50.763286911118065,49.59182569914391,49.59182569914391,1450100,50.31422576904297,52.061654281616214,54.17679138183594,40.19401384334585,-1.2267637131989346,-1.1160499686324106,-0.11071374456652405,56.26689735707188,52.061654281616214,47.856411206160544,1654996.9,0.8761949946854886,1.2979092298064296,1.9685083282186655,0.3695945317161664,1.5653914873574148,5.230873686589432,7.392986915970101
2026-01-07,52.22761154174805,53.106208365684196,50.76328598450277,50.76328598450277,3159669,50.646139526367186,51.86641082763672,54.20770492553711,49.66611684233346,-1.038861919601608,-1.10061235882625,0.06175043922464196,55.61348951811447,51.86641082763672,48.11933213715897,1717050.3,1.840172649572351,1.4632767472398716,3.2818529177754963,0.055600146772261105,-0.46058572988449953,0.2104939631611069,-2.173903174812142
2026-01-08,52.715721130371094,53.20382965935601,51.05615138702787,52.0323684449977,3427100,51.11472396850586,51.67604846954346,54.25651582082113,52.070540814027474,-0.8408690153306182,-1.0486636901271238,0.2077946747965056,54.754184881371074,51.67604846954346,48.597912057715845,1759729.85,1.9475148415536623,1.5545302839183077,0.9345814870987956,-0.13653985571981941,-0.2461598922053443,-1.615769930298716,-0.7407432526737145
2026-01-09,53.203826904296875,54.47290826914619,50.860904596904035,52.1299896857257,4339061,51.66140518188477,51.56866455078125,54.29556452433268,54.415570914795744,-0.6372266039181866,-0.9663762728853365,0.3291496689671498,54.228319691465785,51.56866455078125,48.909009410096715,1784988.9,2.430861614881751,1.828860069028154,0.9259206996687919,0.304299038122946,-0.23579889662018738,2.085729135316061,0.6840924280884897
2026-01-12,58.47540283203125,58.47540283203125,58.47540283203125,58.47540283203125,4076513,53.43812103271485,51.75414600372314,54.33786729176839,70.94791422424862,-0.04989128901603124,-0.7830792761114754,0.7331879870954442,55.60378972990295,51.75414600372314,47.90450227754334,1889440.6,2.1575237665582074,2.2878888501889834,9.908264563782021,0.15374978232687297,0.918909452108041,-5.485842753833403,-0.6794444003923261
2026-01-13,64.2350845336914,64.2350845336914,57.596805649183764,59.64685995388775,38435269,56.171529388427736,52.276422309875485,54.48918100992839,79.63739648873361,0.8703020568547402,-0.4524030095182323,1.3227050663729725,59.02872120902138,52.276422309875485,45.524123410729594,3711720.1,10.355109750867259,2.8679408547648046,9.849751216258662,-0.07406428934867426,0.4577823055845309,1.1234039955950736,-0.49750814380763453
2026-01-14,64.03983306884766,69.11616588675876,63.06361607862759,66.28513512553164,48251266,58.533973693847656,52.832865715026855,54.656764856974284,78.77720008030101,1.5657576718730226,-0.04877087323998136,1.614528545113004,61.396582567330526,52.832865715026855,44.269148862723185,6040034.55,7.988574502442209,3.292555381880321,-0.3039638949044132,0.1488727455515093,0.7638548470983331,1.9693687706574536,6.562487500861391
2026-01-15,63.25886535644531,64.7231908744376,62.282644620478074,63.84459407405328,11360450,60.6426025390625,53.40395278930664,54.742997360229495,75.27489332498727,2.030487493796862,0.3670808001673873,1.6634066936294747,63.132252016709515,53.40395278930664,43.67565356190377,6521082.05,1.7421111884338276,3.1789541648242157,-1.219503042056258,-0.335893987830016,-0.4240196321329548,-0.4952179641632526,4.8094037780081145
2026-01-16,64.13745880126953,64.82081522203534,61.501675679881274,63.25886939277025,13461524,62.82932891845703,54.05801830291748,54.74787839253744,76.53860234204828,2.4415398228821843,0.7819726047103468,1.6595672181718375,64.82521028761111,54.05801830291748,43.29082631822385,7085576.15,1.8998488923162584,3.1976455484681954,1.388885873740553,0.16978112646923726,1.9412784151040752,0.0829513151466621,2.3502966657756863
2026-01-19,66.57799530029297,67.84708035811171,64.91842940740186,65.30891769041874,19540133,64.44984741210938,54.8292293548584,54.843872960408525,79.64999897590147,2.930452225103245,1.2116685287889266,1.7187836963143186,66.85638171675477,54.8292293548584,42.80207699296203,7978722.6,2.449030249528916,3.2659090162513933,3.8051655688221997,0.13876592712758207,0.7341591644532297,0.0829513151466621,2.3502966657756863
2026-01-20,67.9447021484375,68.33519044054383,64.62556283745072,65.40653942166338,14732387,65.1917709350586,55.6931812286377,54.95288378397624,81.15704094874361,3.3891328332469044,1.6471613896805222,1.7419714435663822,68.88688762406093,55.6931812286377,42.49947483321446,8629516.6,1.7072088371670784,3.3250714944969557,2.052790628465373,-0.1866616541035815,0.3814914160573224,-0.4475392832239078,-2.3510023774868105
2026-01-21,65.40653991699219,68.72567925311506,64.91843141014895,67.35897394436509,14268324,65.4651123046875,56.36188983917236,55.02610003153483,70.68740372150185,3.5074009056857918,2.0192092928815764,1.4881916128042154,70.11807755600293,56.36188983917236,42.605702122341796,9284789.1,1.5367418523270497,3.3893616742928425,-3.7356293444339994,0.4225198331249791,-1.617195376823788,5.1115544865596,6.662911523311066
2026-01-22,71.26383972167969,71.94718863024401,66.57799522655583,67.5542122090446,26939130,67.06610717773438,57.37227439880371,55.23110555013021,77.80363491424023,4.027339682976958,2.4208353709006527,1.6065043120763054,72.39755140062722,57.37227439880371,42.34699739698019,10573493.95,2.5477983084295426,3.8095332794873737,8.9552203986345,-0.13351674979606987,1.5992608141158327,-0.09504415060325178,0.157504902170591
2026-01-23,64.52794647216797,71.55671380515064,64.1374581567892,71.26384570663028,22633690,67.14420471191406,58.07026958465576,55.38404623667399,59.818499796487046,3.8514673013155303,2.7069617569836284,1.1445055443319019,73.0616154154203,58.07026958465576,43.07892375389122,11652873.45,1.9423269373958576,4.29082959533725,-9.452049280278318,-0.1769903822365304,0.6786024824792181,-1.7282387154939904,-3.3018963708700166
2026-01-26,65.30892181396484,65.89465055150029,62.47789089327435,64.52794519862091,7641329,66.89039001464843,58.78778915405273,55.56790053049723,60.94572125742011,3.73208421131028,2.911986247848959,0.820097963461321,73.71950532587722,58.78778915405273,43.85607298222824,11987234.8,0.6374555206009646,4.174286937055743,1.2102900905636593,-0.6750241196508577,0.32229317820207104,-1.3714076805403375,-2.276422628324193
2026-01-27,65.69940948486328,66.28513821672172,64.23508393124474,65.5041616089472,5857285,66.44133148193359,59.52971439361572,55.76802508036295,61.526880554453804,3.627169590764609,3.055022916432089,0.5721466743325201,74.27647239127026,59.52971439361572,44.78295639596118,12225427.85,0.4791067496259446,3.8910559168452403,0.5979086165451619,0.22218190498228818,0.7902828245345717,2.4537869684127633,2.4958340046357996
2026-01-28,65.99227142333984,68.82330237221132,65.50416289587736,65.69941077562939,9118961,66.55847778320313,60.30092582702637,55.97465763092041,61.983795759111516,3.526998466161274,3.1494180263779263,0.37758043978334754,74.68311790540814,60.30092582702637,45.9187337486446,12639202.1,0.7214823315468625,3.8148003914437365,0.44576038167289944,-1.050238363220013,1.5035014375913036,3.672360207305614,4.274894755068237
2026-01-29,65.8946533203125,66.96849062557298,64.52794791000585,66.48038208245956,6672102,65.4846405029297,61.0770185470581,56.199187596639,61.72067145410832,3.4005359020150294,3.199641601505347,0.20089430050968238,74.86642002890922,61.0770185470581,47.28761706520699,12923149.65,0.516290701624739,3.6315660346601897,-0.14792353850214823,0.5120485824171128,-0.8156086050381428,-4.204527228407717,4.6704806771550755
2026-01-30,62.08740234375,65.99227050936881,61.89216191464704,65.99227050936881,5907425,64.9965316772461,61.65786762237549,56.371652603149414,52.38116772049044,2.958990670983617,3.1515114154010013,-0.1925207444173842,74.5131292140775,61.65786762237549,48.80260603067349,13170002.4,0.44855155075750025,3.6940383760017332,-5.777784364469651,0.29453572698179276,-1.4522855203057627,-3.7138285288693784,-0.09915988374898932
2026-02-02,59.35399627685547,61.40405432942098,58.28015900453963,60.52545748918254,5428151,63.805546569824216,62.14597625732422,56.47252839406331,46.8946839158505,2.361280496936267,2.9934652317080546,-0.6321847347717875,73.75294076199681,62.14597625732422,50.53901175265163,13334993.45,0.4070606423882421,3.7091323710962185,-4.402513172899214,0.7056381660207167,-1.3713951210479136,2.738352657141463,2.580639483321101
2026-02-03,60.3302116394043,61.111184517706235,58.76826588280042,60.720699940541486,2376027,62.73170700073242,62.634084701538086,56.625469017028806,48.951193263195634,1.9439546003567756,2.783563105437799,-0.8396085050810234,72.93902657895629,62.634084701538086,52.329142824119884,13381289.8,0.17756337658870522,3.5269705396041644,1.6447340091394924,-0.018679128920895405,1.8066327752278566,-3.4129668710926153,0.33865504661296786
2026-02-04,61.20880889892578,61.404053050910484,59.54923919301449,59.54923919301449,1675554,61.77501449584961,63.08314456939697,56.80281511942545,50.79792985859,1.664924068464515,2.5598352980431422,-0.8949112295786272,72.19201602182697,63.08314456939697,53.97427311696698,13307084.05,0.12591443728049495,3.304016315376408,1.4563139025151939,-0.012352394174863779,0.2933689007004636,4.425376164580275,-4.24299528905121
2026-02-05,60.23258972167969,61.79453543408454,59.15874878592557,60.037345576636,2255819,60.642601776123044,63.4589879989624,56.94924761454264,48.69025514735393,1.3494618761365444,2.3177606136618225,-0.9682987375252781,71.29858841043718,63.4589879989624,55.61938758748762,13248520.0,0.17026950934896878,3.214919026414083,-1.5948998106761536,0.26573312511892766,-1.5129881759937458,1.6757929065687405,-1.0574113425822151
2026-02-06,59.25637435913086,60.1349674501659,57.59680466632366,59.64685893604452,3187671,60.07639617919922,63.7616153717041,57.08103694915771,46.60769211317653,1.0090516751504879,2.0560188259595558,-1.0469671508090679,70.29241374634623,63.7616153717041,57.23081699706198,13190950.5,0.2416558988679398,3.1377011636063417,-1.6207428022930515,-0.026220914336294587,-0.057700870579924235,3.3280483754406953,1.526720253008107
2026-02-09,58.76826477050781,60.91594293816888,58.76826477050781,60.525454644422375,1971312,59.959249877929686,63.77625846862793,57.16726938883463,45.5584365004084,0.6919118447994421,1.783197429727533,-1.091285584928091,70.2582825840235,63.77625846862793,57.294234353232355,13085690.45,0.1506463879405003,3.005698097480306,-0.8237250319514944,-0.2331814588317105,1.9560796184812101,-0.153371900002508,-2.3558963981442638
2026-02-10,58.96350860595703,60.134966033064615,58.28015595749604,59.15874902782674,1454108,59.685909271240234,63.51267967224121,57.25024782816569,46.0813232096867,0.45113043929187313,1.5167840316404013,-1.0656535923485282,70.33588447951115,63.51267967224121,56.689474864971274,11236632.4,0.12940781083129496,2.8522463612254083,0.3322266468333668,-0.043710449322398315,2.0625133919167205,3.5023023544358933,-0.6160135824988533
2026-02-11,57.40156173706055,59.1587516804861,57.108697367151706,58.963511249861874,2765821,58.924459838867186,63.180766105651855,57.30719381968181,42.559652862053504,0.13274320111281668,1.2399758655348845,-1.1072326644220678,70.52215745018712,63.180766105651855,55.83937476111659,8962360.15,0.30860409018488283,2.745287421506606,-2.649005979842056,-0.2613923188501621,1.6108084869157713,5.63966044324089,4.287198372869261
2026-02-23,58.6706428527832,59.93972798911733,57.206317286833816,57.694425808816945,3141439,58.61207046508789,62.95135498046875,57.37878303527832,46.159939719472334,-0.016980992800164074,0.9885844938678748,-1.005565486668039,70.56420631192579,62.95135498046875,55.33850364901172,8551409.6,0.367359201224556,2.743703858943527,2.210882556708027,-0.21533548382927092,0.49857829689010646,0.5209095748403669,-1.7793594306049876
2026-02-24,60.91594314575195,61.111183569318165,58.670641035016764,58.670641035016764,3261645,58.94398422241211,62.79027919769287,57.52846965789795,51.903760794014396,0.04501951673902482,0.7998714984421049,-0.7548519817030801,70.43372567208645,62.79027919769287,55.14683272329928,8041415.65,0.40560582140782636,2.7032823489912436,3.8269570330133895,-0.24182185904723097,2.7464288213389976,0.8060998254695084,1.501046599101663
2026-02-25,60.03734588623047,61.11118310354972,59.549237383090386,61.11118310354972,1891682,59.19780044555664,62.463246726989745,57.58053455352783,49.67072364962773,0.02299484092625903,0.6444961669389359,-0.6215013260126768,69.98302619377911,62.463246726989745,54.94346726020038,7158993.1,0.2642385561176194,2.551104131853656,-1.4423108535302265,-0.18355200278042938,2.052545137509143,-0.49978363590170716,2.549710819079065
2026-02-26,60.525455474853516,61.69691664819355,59.64685866385539,61.0135639867475,2075292,59.510189819335935,62.09228439331055,57.652123832702635,50.93369260118333,0.044414508359963634,0.5244798352231413,-0.4800653268631777,69.19387896114212,62.09228439331055,54.990689825478974,6526138.35,0.3179969361207306,2.4842979788515898,0.8130099380942113,-0.3441994373834856,0.004004083061670549,-2.181395861666635,-3.281943711844426
2026-03-02,60.03734588623047,61.11118310354972,58.280156019720636,59.0611288799503,2304169,60.03734664916992,61.82382469177246,57.676529248555504,49.593457288449294,0.02175263379979242,0.4239343949384716,-0.4021817611386792,68.80277252443604,61.82382469177246,54.84487685910887,5927930.6,0.388697026918635,2.5305285261819224,-0.8064533918721861,0.4102837192432096,-0.901886354995296,0.0,2.2970099166270908
2026-03-03,57.596805572509766,61.501673746917206,57.596805572509766,60.03734818151442,2820570,59.82257919311523,61.140472984313966,57.66188596089681,43.43876067441469,-0.1909372659820434,0.3009600627543686,-0.491897328736412,66.77432838649868,61.140472984313966,55.506617582129245,4722002.6,0.5973249570002355,2.7137738126119917,-4.06503698272318,0.5099596730266498,-2.1981462640061733,-4.602895658050743,-6.266309549704685
2026-03-04,53.203826904296875,56.62058643026089,52.91096254686586,56.62058643026089,2755409,58.280155944824216,60.57426700592041,57.58866964975993,35.0151849974762,-0.7058357733496692,0.09960089553356105,-0.8054366688832302,66.99577923902552,60.57426700592041,54.1527547728153,3728088.55,0.739094300750984,2.9767163743495804,-7.627122067876635,0.6310429867452783,-4.35492612031565,-1.4033418721923652,-0.9470904044745598
2026-03-05,56.230098724365234,56.52296680882415,53.98480032867196,55.15626149459048,1862270,57.518706512451175,60.12032585144043,57.57077229817708,43.188345305670516,-0.8597905752607318,-0.09227739862529752,-0.7675131766354343,66.41491387662244,60.12032585144043,53.82573782625841,3439135.6,0.5414936241536972,3.02237284503994,5.6880716973837675,-0.32772450369655814,2.5710975461891383,-2.686710919514701,-3.655796123378008
2026-03-06,58.6706428527832,59.15875137476633,55.25388319890129,55.644371506076794,2504036,57.14774398803711,59.768887519836426,57.59355068206787,48.78279553714145,-0.7759249702145681,-0.22900691294315167,-0.5469180572714164,65.51269812039348,59.768887519836426,54.02507691927937,3271473.15,0.765415421489857,3.1400388891499533,4.3402807104808705,0.8722728245506239,-0.21798613570590541,-6.540673199735547,-2.5685851564775986
2026-03-09,53.88718032836914,54.96101756236591,52.91096330692757,54.765773413283114,2443708,55.917710876464845,59.16363296508789,57.54473985036214,40.38795846889001,-1.0829626038756572,-0.39979805112965283,-0.6831645527460044,64.69338544411082,59.16363296508789,53.63388048606497,2937710.5,0.8318409863735722,3.4893243100440436,-8.153076720868324,-0.3247034292450657,-4.431963003584727,4.149816519564586,0.5991660943988952
2026-03-10,54.76577377319336,56.42534346534489,53.98480089570218,55.449126437487806,2178214,55.351504516601565,58.60718898773193,57.53172359466553,42.35029261373401,-1.241090473921858,-0.5680565356880939,-0.6730339382337641,63.48653761179739,58.60718898773193,53.72784036366647,2713016.1,0.8028754418375917,3.3625028203016045,1.6304312815597077,-0.0009416103239789919,2.0599268819414984,0.6078011364745173,3.0970632506173823
2026-03-11,57.596805572509766,58.67064283088282,54.96101880999024,54.96101880999024,4270328,56.23010025024414,58.382659149169925,57.56426417032878,48.26049932514558,-1.1249990550790088,-0.6794450395662769,-0.4455540155127319,62.99360541353992,58.382659149169925,53.77171288479993,2631161.25,1.622982247857291,3.4348183186199854,5.169345020196059,-0.0883622645329818,4.095952619427945,-0.5873443081471308,1.0976506038854472
2026-03-12,58.96350860595703,59.54923731951082,56.91345066057407,57.69442351996991,5434311,56.7767822265625,58.363134765625,57.613075002034506,50.87862318563161,-0.9121989942852124,-0.7259958305100641,-0.18620316377514834,62.960048768142784,58.363134765625,53.76622076310721,2631469.25,2.0651242647049743,3.3282807639955543,2.37287991905506,0.11834075149077528,-1.560441591332784,-2.616480431872148,-1.4367945546694738
2026-03-13,58.573020935058594,58.768265082969926,55.93723424818648,57.499183707504805,4968243,56.75725784301758,58.275275230407715,57.657004737854,50.09859313008591,-0.7662298834297161,-0.7340426410939945,-0.032187242335721566,62.780137211219454,58.275275230407715,53.770413249595975,2761080.05,1.7993839041356299,3.2880132431655547,-0.6622531123580133,0.26499563387061276,-0.5405866913823942,1.4907273891897832,0.46647924948493014
2026-03-16,58.76826477050781,60.13496635067587,57.01107489659325,60.13496635067587,9687592,57.73347473144531,58.15324802398682,57.700934473673506,50.507169239222115,-0.6275596486389503,-0.7127460426029857,0.08518639396403538,62.45098471314766,58.15324802398682,53.85551133482598,3161681.95,3.064062784683323,3.2661303379544964,0.33333407144167104,0.8380462709563163,-0.1730779621546441,2.271565923800778,0.8705735785674129
2026-03-17,59.54924011230469,60.42783694781294,58.28015869077139,59.54924011230469,4807508,58.69016799926758,58.119080543518066,57.75137233734131,52.1933088803185,-0.44946317361807786,-0.6600894688060042,0.2106262951879263,62.357671465409226,58.119080543518066,53.88048962162691,3289266.4,1.4615745322422045,3.117003393832771,1.3289065873335115,-0.6781109201310698,1.481767774178122,1.8370047670336787,1.7261310397797214
2026-03-18,59.25637435913086,60.52545575105198,58.67064190780174,60.33021160060894,3554843,59.022081756591795,58.119080543518066,57.816453488667804,51.48495941498104,-0.3281693210928722,-0.5937054392633778,0.2655361181705056,62.357671465409226,58.119080543518066,53.88048962162691,3307625.0,1.0747418464910623,2.9487114537551,-0.49180434984813504,-0.18782115046350745,1.5131788114791656,-0.8527393599003008,-1.074662926622294
2026-03-19,57.9872932434082,59.54923900644735,57.9872932434082,58.57302197355477,2560933,58.826838684082034,58.08003196716309,57.87014547983805,48.41841815650027,-0.330635943632565,-0.5410915401372153,0.2104555965046503,62.30781684618219,58.08003196716309,53.85224708814398,3337106.05,0.7674113323428844,2.7638093616596398,-2.1416786454588443,0.45852337777712027,-1.9182699065508957,-1.9351607453890862,1.372211038921911
2026-03-20,56.71820831298828,59.3539950554929,56.32772373289618,59.06113068943071,2500940,58.455876159667966,57.96776695251465,57.91895631154378,45.499884407975195,-0.4300380959848198,-0.5188808513067362,0.08884275532191643,62.21596775295247,57.96776695251465,53.71956615207683,3389447.65,0.7378606363783197,2.798804289784584,-2.188556939695041,-0.7152438188559485,-0.432775801380203,-0.050603126211601346,-6.091374125034299
2026-03-23,54.570533752441406,55.741991215399814,53.88718108306737,54.96101833210339,1917321,57.616329956054685,57.82621555328369,57.9466157913208,40.996272459253206,-0.6743410225040378,-0.5499728855461966,-0.12436813695784121,62.33454974888142,57.82621555328369,53.317881357685955,3347022.65,0.5728437481592782,2.803100681802761,-3.7865698237422363,0.6905285819817086,-2.448670019784016,1.0631135436369288,4.864870775862817
2026-03-24,57.596805572509766,59.06113113791256,55.546751270534855,56.52296831413671,5902433,57.225843048095705,57.77252368927002,58.04261048634847,48.7014076299607,-0.6166496542443625,-0.5633082392858297,-0.05334141495853273,62.26406033737642,57.77252368927002,53.28098704116361,3485072.35,1.6936328452406446,3.0281002422918806,5.545615210210353,-0.49873146018064585,-0.3369539785315956,4.090834509781138,4.581903274589827
2026-03-25,61.111183166503906,61.30642731275554,58.084911933506774,59.45161723329588,8943080,57.596804809570315,57.78228569030762,58.21019439697265,55.90309255582599,-0.28407330803289454,-0.5074612530352427,0.22338794500234815,62.30334023038873,57.78228569030762,53.26123115022651,3769144.1,2.372708435318246,3.1189697753523995,6.101688381953441,0.20024107948439784,2.535456425815963,1.2191182542075296,0.16429333660528123
2026-03-26,58.76826477050781,62.8683769589567,58.670640835085,61.306427507943035,8090410,57.75299911499023,57.718831634521486,58.33710257212321,50.784470948843726,-0.2071699651485872,-0.4474029954579116,0.2402330303093244,62.14116769613526,57.718831634521486,53.29649557290771,4079080.5,1.983390619528102,3.2628052884883063,-3.833861945713868,0.03163401045052083,-0.3035017473458024,-3.534072260161636,-4.483332711594235
2026-03-27,56.32772445678711,58.28015855425652,55.156263253510964,57.59680587534773,4097622,57.67490234375,57.508945083618165,58.431470235188804,46.05406246887585,-0.33924412363975165,-0.4257712210942797,0.08652709745452802,61.765778887542545,57.508945083618165,53.252111279693786,4180197.0,0.9802461462940623,3.309364785622779,-4.152820103249777,-0.018472719949447214,-0.6750069219611743,-4.139971253463671,-2.575841384471822
2026-03-30,53.399070739746094,54.66815209720825,52.91096223887816,54.66815209720825,3666500,57.440609741210935,57.17703132629394,58.45424861907959,41.10595446834019,-0.6724797964820866,-0.475112936171841,-0.19736686031024553,61.634265146793034,57.17703132629394,52.71979750579485,4248313.55,0.8630483500917676,3.3236844432609347,-5.199311254421057,0.14719379020335932,-1.7951772733723503,-4.6101091637595015,-2.7027033113866894
2026-03-31,50.95853042602539,53.39907303527974,50.568042118955695,53.10620866696372,3587457,56.112954711914064,56.84511756896973,58.452621650695804,37.491014706181886,-1.120585265513121,-0.604207402040097,-0.516377863473024,62.08982701359733,56.84511756896973,51.600408124342124,4286657.9,0.8368890365615599,3.257997306336016,-4.570379746148201,0.1938961860005195,-2.4453103067768933,11.246852926149021,8.695653683493454
2026-04-01,52.03236770629883,53.0085847504094,51.837123552682215,52.715720381970726,1387121,54.29719161987305,56.78654460906982,58.477027066548665,39.991621431753245,-1.373232613301802,-0.7580124442924381,-0.6152201690093639,62.22506393555382,56.78654460906982,51.34802528258582,4218243.5,0.32883853196241514,3.0969382420757485,2.1072767823088867,-0.31555578204207624,4.5765864674125245,0.4522005850681188,2.2777822083515087
2026-04-02,52.03236770629883,54.37529010175319,52.03236770629883,52.715720381970726,2645078,52.95001220703125,56.5766580581665,58.49492435455322,39.991621431753245,-1.5555263175430483,-0.9175152189425602,-0.6380110986004881,62.41490956140921,56.5766580581665,50.73840655492379,4257383.9,0.6212918689338774,2.9964027958595634,0.0,0.20069684313648306,-1.8158067453737603,-0.016080604674895138,0.9234065978910966
2026-04-07,57.20631790161133,57.20631790161133,52.12999219761116,52.52047678501058,7908098,53.12573089599609,56.50344181060791,58.60068124135335,50.95513219881766,-1.2678854569374138,-0.9875892665415309,-0.28029619039588294,62.26737860017383,56.50344181060791,50.73950502104199,4527587.0,1.7466473863450884,3.286742449119955,9.943714697968975,-0.15330159053532633,2.0182425176967334,0.47251414258868696,1.1727099367268456
2026-04-08,56.32772445678711,59.06113144844979,56.23010051753013,58.57302292408244,9482571,53.7114616394043,56.625469017028806,58.69667593638102,49.30771707458262,-1.0981641975664118,-1.009704252746507,-0.08845994481990482,62.25803101061161,56.625469017028806,50.992907023446,4879530.15,1.9433369009924037,3.2259809133599155,-1.5358328888345985,-0.06266985661774749,4.6089884909003676,7.195479341611599,7.955746978509759
2026-04-09,55.449127197265625,56.815832544581454,55.253883044224445,56.62058839154027,2434060,54.609580993652344,56.659636688232425,58.78128140767415,47.648693039491576,-1.022764539872142,-1.0123163101716341,-0.01044822970050796,62.25285249399586,56.659636688232425,51.06642088246899,4892322.45,0.49752648662804305,3.0041100582928615,-1.5597954080241894,-0.5443006460909006,0.28704629430582607,0.1608666492686428,4.099555776384878
2026-04-10,55.05864334106445,57.108697665094205,55.05864334106445,56.42534498242678,2555960,55.21483612060547,56.532728576660155,58.857751782735185,46.89351647119091,-0.9831850069610866,-1.0064900495295248,0.02330504256843824,62.15153310002746,56.532728576660155,50.91392405329285,4806604.05,0.531760047928225,2.87690262705778,-0.7042200228183693,0.01702281183058041,1.596814237549693,0.233616100306544,5.344578848473436
2026-04-13,56.13248062133789,56.62058914847996,55.05864335121435,55.644372094195816,2114446,56.03485870361328,56.3911771774292,58.966762733459475,49.274434731255774,-0.8553087806760686,-0.9762537957588335,0.1209450150827649,61.89357572033349,56.3911771774292,50.88877863452491,4640610.8,0.45563958951265643,2.701575051105477,1.9503518704983014,0.1298647737427494,0.11141546387523071,3.4522870568241437,1.6466495111356005
2026-04-14,56.71820831298828,57.011076403022926,56.1324795808639,57.011076403022926,2418118,55.93723678588867,56.29843654632568,59.06926549275716,50.57603166279668,-0.6986490293447432,-0.9207328424760155,0.22208381313127235,61.70773345328536,56.29843654632568,50.88913963936601,4513104.55,0.5357992426743139,2.4585112872459502,1.0434737342210676,-0.39601185393721705,2.3657534273739955,1.450304783690748,1.269697952491211
2026-04-15,56.62058639526367,58.18253211657856,56.327722038013675,57.011074687578564,2565269,55.995809173583986,56.19105262756348,59.14248174031575,50.34416674689729,-0.5757355990393194,-0.8517333937886763,0.27599779474935693,61.47778766277112,56.19105262756348,50.90431759235584,4156988.4,0.6170979452336215,2.378017792755141,-0.1721174215974952,-0.3925227774549067,1.1737329455939083,0.527407685388992,2.723740534949015
2026-04-16,58.377777099609375,59.84210263082352,57.69442444024829,58.08491273816102,10972947,56.581539154052734,56.13247947692871,59.23684933980306,54.39683898829876,-0.33270005644151013,-0.7479267263192431,0.41522666987773293,61.286857672799066,56.13247947692871,50.97810128105835,4465260.35,2.4574036315710015,2.4904842517957686,3.103448438486489,0.22210138777056798,1.1161628904905463,10.35482530498355,10.47979336609397
2026-04-17,64.13745880126953,64.13745880126953,58.475404239190446,58.475404239190446,16028559,58.39730224609375,56.37653369903565,59.41907653808594,64.59642593964132,0.3209656475090483,-0.5341482515535848,0.8551138990626331,62.52086604279703,56.37653369903565,50.23220135527426,5088946.15,3.1496813932684273,2.9263772451110204,9.86622305236542,-0.09180779659778704,-0.8824720325923185,3.8533739763482178,-1.2571413885599458
2026-04-20,60.720699310302734,64.62556366128264,59.74448229156466,64.62556366128264,18514298,59.314945983886716,56.51320400238037,59.45649814605713,56.520468852488335,0.5568771581908081,-0.31594316960470625,0.8728203277955143,62.92420684498275,56.51320400238037,50.10220115977799,5886614.4,3.1451521608074073,3.187004461725282,-5.327244881269233,-0.28518965390006423,0.41968131518117513,3.071913452283015,1.5817931815304886
2026-04-21,61.111183166503906,61.98977996265009,59.64685765557516,60.915942744224616,6229710,60.19354095458984,56.73285274505615,59.40443312327067,57.17935753734916,0.7665116447388272,-0.09945220673599955,0.8659638514748267,63.466335805584094,56.73285274505615,49.999369684528205,6073052.9,1.0257954446601312,3.0744601744385682,0.6430819483907335,-0.15571306004650287,1.748727177527587,1.5778472908336783,2.2028029572868535
2026-04-22,60.525455474853516,61.69691664819355,60.13496717574937,61.3064283490894,4664832,60.97451477050781,57.03059883117676,59.345860163370766,55.8130750409769,0.8752952967489023,0.09549729396098082,0.7797980027879214,63.88700850242171,57.03059883117676,50.174189159931814,6210428.45,0.7511288532758155,2.872792080839317,-0.9584623653162039,0.20051473340130244,0.7269208348100964,2.3932736325116277,0.11148259313937814
2026-04-23,57.69442367553711,61.79453585338622,56.5229662452708,61.50167149581964,6655503,60.83784408569336,57.03547973632813,59.253119468688965,49.63917666177919,0.7247124840278687,0.22134033197435843,0.5033721520535103,63.893725275210166,57.03547973632813,50.17723419744609,6248081.95,1.0652073793622376,3.192629084476131,-4.677423370225798,-0.04828048118112882,-0.4338092798431781,9.877515593363118,1.4476598221025094
2026-04-24,56.81583023071289,58.76826423366541,54.961016438319064,58.573020088575696,4197741,59.37351837158203,56.820712089538574,59.13109232584635,47.8694356001493,0.5283884387587108,0.2827499533312289,0.2456384854274819,63.40511408856145,56.820712089538574,50.2363100905157,6010815.0,0.6983646976325174,3.2745782459254937,-1.5228394511144883,0.2008465924816294,3.230220091059155,0.6340793151178747,3.1467263547939606
2026-04-27,58.182533264160156,61.20880827935942,56.81583166204614,60.818319979342604,10364141,58.865885162353514,56.79142551422119,58.99116795857747,50.80745929978706,0.47757652631560177,0.32171526792810345,0.1558612583874983,63.344489922317344,56.79142551422119,50.23836110612503,6124501.55,1.6922423670543443,3.423698219621631,2.4054968974271285,-0.28544291350430795,1.757483474460031,-0.36585427313929886,-1.4898883436983423
2026-04-28,57.40156173706055,58.475402725356304,57.20631758246382,58.37777878607169,2567213,58.12396087646484,56.84511737823486,58.815448951721194,49.10440291070813,0.37002443290846543,0.3313771009241758,0.0386473319842896,63.39978134430792,56.84511737823486,50.2904534121618,6047981.1,0.4244743754242222,3.1364164760577453,-1.3422783149606876,0.04993443489185179,-0.23954193004298574,-4.834759097823326,-3.709043466510209
2026-04-29,63.06361770629883,63.06361770629883,57.40155976167923,57.49918369760428,17383732,58.63159332275391,57.3283447265625,58.77640024820963,59.661508093127274,0.7332171500596729,0.41174511075127523,0.3214720393083977,64.2291689199882,57.3283447265625,50.4275205331368,6733842.7,2.581547086034546,3.4731686718659924,9.863940627912648,0.18216274879112593,-0.5521784247846995,5.959268356625191,3.9641039284819435
2026-04-30,61.306427001953125,64.72319023410407,61.111182856691315,64.1374540743463,16033635,59.35399398803711,57.84573955535889,58.610443369547525,55.79358087926413,0.8692393406427712,0.5032439567295744,0.36599538391319675,64.2709888488203,57.84573955535889,51.420490261897484,7356151.6,2.179622698368533,3.4916804992722272,-2.786377896252845,0.3601646494638011,-0.9588741301665205,1.9724832451983643,4.208635151839379
2026-05-04,60.818321228027344,62.28264679719641,60.33021270497099,61.501673905100745,5642271,60.1544921875,58.285037231445315,58.54861628214518,54.73211502475138,0.9269663588133028,0.5879884371463202,0.3389779216669826,64.21940610004353,58.285037231445315,52.3506683628471,7568909.1,0.7454536612151942,3.28644764499932,-0.7961739050788785,-0.047513033458257414,4.5688819420590665,-0.9608831170523691,3.3468585597033362
2026-05-05,63.06361770629883,63.94221450976238,60.91594325156105,61.11118367546639,8826991,61.13070907592773,58.83659973144531,58.51119454701742,58.631006777918856,1.140742330190065,0.6985392157550692,0.4422031144349958,64.3604050028258,58.83659973144531,53.31279446006482,7878004.75,1.1204602282068947,3.2647737298974158,3.6918093642426486,0.13943942787038033,0.1575929637265494,0.6174022420281089,4.972193219165422
2026-05-06,66.87086486816406,69.21378717065218,65.60177978199913,67.26135315990287,21295698,63.02456970214844,59.31982707977295,58.53071880340576,64.25324963547456,1.5989427385663504,0.8786199203173255,0.7203228182490249,65.84355609493619,59.31982707977295,52.7960980646097,8547384.75,2.4914870013310213,3.6494931611582073,6.037153116708938,-0.16773054363118378,0.9064727604973788,3.019381055232895,4.5808788502675
2026-05-07,69.79951477050781,71.26384025520379,66.38275530621722,68.13994886703021,20733561,64.37174911499024,59.99341659545898,58.59417285919189,67.87050836656252,2.1733345864718743,1.1375628535482354,1.0357717329236389,67.86009730424738,59.99341659545898,52.126735886670595,9109934.25,2.275928720341752,3.8137053995353227,4.379560378226888,-0.4644147517347985,1.9323088936799904,-4.87850637844669,-2.890355233473474
2026-05-08,71.26383972167969,73.11865347799724,67.26135158306467,69.11616533938222,23477618,66.36323165893555,60.78415222167969,58.68365929921468,69.53070706851659,2.7154015906341087,1.4531306009654101,1.2622709896686986,69.81997304449533,60.78415222167969,51.74833139886406,10162112.15,2.310308885933718,4.086184932254956,2.0979013335356234,-0.020386521399129442,-0.7865731014896293,2.5742931340606123,5.124251399461643
2026-05-11,78.39022827148438,78.39022827148438,70.58049225232557,75.55919747495037,37127073,69.87761306762695,61.950731468200686,58.95537306467692,76.02381962740893,3.677640049826728,1.8980324907376738,1.779607559089054,73.53832096718729,61.950731468200686,50.363141969214084,11890667.8,3.122370721684782,4.582658410508802,10.000006423505582,-0.29019653733958206,0.44735470056218585,3.9147296850730706,1.6637741064092104
2026-05-12,79.17119598388672,82.7832032966961,76.92590138743772,79.07357577498799,43797033,73.09912872314453,63.102667236328124,59.28565972646077,76.61202824256057,4.451919571268114,2.408809906843762,2.043109664424352,76.6669107062365,63.102667236328124,49.538423766419754,13974797.15,3.1340013404058604,4.752610877008746,0.9962564590291212,0.16229616472482888,0.2590609403122279,-2.918684554054274,-3.4453124157411086
2026-05-13,74.38773345947266,78.58546959726206,72.53292709193033,77.3163845003644,21829692,74.60250244140624,63.98614349365234,59.519951756795244,65.94111370205573,4.626227945706063,2.852293514616222,1.7739344310898408,78.09047002134442,63.98614349365234,49.88181696596027,14945375.85,1.4606318515569483,5.004031945668432,-6.04192277881922,0.4762074815726436,-1.2502179290078241,11.142059750374944,14.481114016192143
2026-05-14,70.97097778320312,78.3902334498687,70.58049691480612,76.63303975030156,26235772,74.83679504394532,64.70366306304932,59.682654571533206,59.55974625384418,4.4375120831763155,3.169337228328241,1.2681748548480747,78.68987371070142,64.70366306304932,50.71745241539722,16128901.0,1.626631101523904,5.378125890920986,-4.593170832568816,0.18380143583822672,0.9117934959939067,2.298853757804875,-1.324668807907592
2026-05-15,70.28762817382812,75.16871346367729,70.19000795762015,71.26384523179796,14419197,74.641552734375,65.29915561676026,59.85023854573568,58.34365869877559,4.184575617105423,3.3723849060836777,0.8121907110217457,79.16496760420321,65.29915561676026,51.4333436293173,16301213.5,0.8845474602243569,5.324869839605807,-0.9628578198012772,0.01710987032821354,-1.3877038088223825,-4.443695205018782,-2.00053072504508
2026-05-18,76.04730987548828,76.63303861736962,67.8470851453145,69.31141072399035,20533470,74.17296905517578,65.89464817047119,60.1300874710083,64.85683828095227,4.398180337927556,3.577543992452454,0.8206363454751022,80.5508455496695,65.89464817047119,51.23845079127287,16526459.05,1.2424603442199555,5.786347657265717,8.194445952018615,0.07160020197189976,-0.6813771830388338,-3.253470325628305,-0.752087627969078
2026-05-19,83.56417846679688,83.56417846679688,77.4140154855028,80.04979855635096,25986611,75.05156555175782,67.0368221282959,60.54335269927979,71.18829983590376,5.115048991577169,3.8850449922773973,1.2300039992997713,83.45036534737706,67.0368221282959,50.62327890921473,16900074.7,1.5376624932906362,6.017083781804766,9.88446350517318,-0.1041563196208406,-1.751601452995355,-3.1161506466230837,0.24357730830475433
2026-05-20,84.83325958251953,87.1761818940076,76.82827563893072,83.56417449147963,66566297,77.14067077636719,68.22292594909668,60.974515215555826,72.10214183156285,5.719644305046032,4.251964854831124,1.4676794502149075,86.18858938773361,68.22292594909668,50.25726251045974,19916904.05,3.342201018435895,6.594526778241049,1.5186903515444827,0.5549209970649338,-0.38515527018477824,3.9520869402708714,8.423326603284863
2026-05-21,88.2500228881836,91.27629425628976,84.54039511570183,88.44526331917946,57252105,80.59647979736329,69.60915431976318,61.488656234741214,74.45164167444138,6.4007112752521635,4.681714138915332,1.7189971363368315,89.27229122454658,69.60915431976318,49.94601741497978,22546267.7,2.5393162966835527,6.613376426553966,4.027622329353608,-0.434932134128041,3.3667241562741257,-0.5444138273345001,5.004969415640059
2026-05-22,85.02850341796875,89.81196844426307,85.02850341796875,87.37142582349504,30563441,83.5446548461914,70.97585830688476,61.92795391082764,68.58655919573488,6.604380866533248,5.066247484438915,1.5381333820943324,90.94938263004184,70.97585830688476,51.00233398372768,23741664.6,1.2873335343133436,6.369388239852681,-3.6504460449790943,-0.12788229491633718,2.1749981256365514,6.012221787423533,12.046489821080142
2026-05-25,89.42147827148438,92.5453772297211,87.5666644287727,88.83574954429776,30668170,86.21948852539063,72.60614070892333,62.403046162923175,71.84384477328622,7.039124199965158,5.460822827544165,1.5783013724209933,93.03084730357855,72.60614070892333,52.18143411426811,25065186.05,1.2235364995425597,6.52238631610597,5.166473214189571,-0.354352809800873,3.256436796480777,6.012221787423533,12.046489821080142
2026-05-26,98.10980987548828,98.10980987548828,92.44774821692897,92.7406163002128,37061917,89.12861480712891,74.60250453948974,63.03758722941081,76.93730325512023,7.992603415936728,5.9671789452226776,2.02542447071405,96.81790155136048,74.60250453948974,52.387107527619015,26400074.85,1.403856512171972,6.811179021159028,9.716157428784689,0.029903373699946556,-0.27272077978219844,9.294323008087812,6.603174948275092
2026-05-27,102.01467895507812,107.87198109603955,96.0597566013563,105.9195470490524,68102422,92.56489868164063,76.83316040039062,63.72907428741455,78.79404706904401,8.960047019802687,6.565752560138679,2.3942944596640077,100.67596453333466,76.83316040039062,52.990356267446586,29676835.3,2.2948006858399754,7.477985084295591,3.980100547076315,-0.007951228100844254,1.6804674357044913,-1.6614178034264238,-2.918404174386635
2026-05-28,111.77684783935547,111.77684783935547,100.06224369898634,102.0146777223812,66957132,97.270263671875,79.26882190704346,64.59139931996664,82.57169565091155,10.394655372348822,7.3315331225807086,3.0631222497681136,106.84871070383858,79.26882190704346,51.68893311024835,32155505.3,2.082291395371106,8.042867625105396,9.569376666446283,0.06360275198662446,-1.4017266590648503,-0.8967913780571823,6.830270882112943
2026-05-29,113.72928619384766,122.51523963371571,110.31252652278785,122.51523963371571,65973435,103.01042022705079,81.88996486663818,65.5269406636556,83.21569127777137,11.555928732424533,8.176412244549475,3.3795164878750583,112.11911400434111,81.88996486663818,51.66081572893525,34652495.3,1.9038581328369737,8.597513689881724,1.746728765601091,-0.1331620395565447,2.512808021606805,-2.545038363027896,-0.36371408810408346
2026-06-01,103.96711730957031,112.75307088502696,102.50279171366087,112.75307088502696,43060434,105.91954803466797,84.04740467071534,66.3729955037435,69.40614590776444,11.555318277528116,8.852193451145205,2.7031248263829113,114.1029759652413,84.04740467071534,53.991833376189376,36523403.45,1.1789819658770053,8.9480444619224,-8.58368957634893,-0.03531969758715503,1.352401006913162,0.24871117188876024,7.569648205872115
2026-06-02,101.03845977783203,104.94332778856949,97.62170026843674,102.99089378320076,29549357,106.50527801513672,85.94614677429199,67.11980152130127,65.87433567275832,11.189530359877693,9.319660832891703,1.8698695269859904,115.207670620314,85.94614677429199,56.684622928269974,37559521.75,0.7867341122361335,8.73118886968378,-2.816907506455113,-0.2623166699323165,0.48391828547871274,6.384387477344311,11.609218261948563
2026-06-03,102.5027847290039,109.82441220964705,102.01467623029437,107.38386971609934,31022805,106.60289916992187,87.72774276733398,67.85033721923828,66.7844469101104,10.892240615830488,9.63417678947946,1.2580638263510284,116.43277217967302,87.72774276733398,59.022713354994934,38045877.1,0.8154051730351618,8.738490677967945,1.4492748151463397,0.47142964549633515,1.9795979840295574,4.11224604417908,2.368380197071396
2026-06-04,99.08602905273438,108.36009088525631,99.08602905273438,100.55035460523784,29191200,104.06473541259766,89.19206848144532,68.60365136464436,62.58995693912938,10.26263149613861,9.75986773081129,0.5027637653273196,117.02088051698716,89.19206848144532,61.363256445903474,38468759.05,0.7588287410586488,8.809900165241812,-3.3333296117785682,0.08672630642823087,-1.682551333517468,-1.5754390106407112,-0.4689752549730142
2026-06-05,98.5979232788086,101.52657446530786,95.0835433445985,97.62170621664217,24710019,101.03846282958985,90.55877265930175,69.33418718973796,61.990970532968205,9.613457719586648,9.730585728566362,-0.11712800897971398,117.34562848364178,90.55877265930175,63.77191683496173,38530379.1,0.6413126363451742,8.494317625970819,-0.49260806855627726,-0.007936817364084803,-1.3278310983176,-11.045368213473939,-10.161770946634174
2026-06-08,88.73812866210938,88.73812866210938,88.73812866210938,88.73812866210938,3896309,97.99266510009765,91.076167678833,69.85320924123128,51.30914056622845,8.208754389963516,9.426219460845793,-1.2174650708822767,117.26648985065387,91.076167678833,64.88584550701214,36868840.9,0.10568026834822464,8.676381224734605,-10.000002321365686,0.2701335531519966,-3.4793152912322878,3.1042122832468877,0.034967228108029325
2026-06-09,90.49531555175781,91.569160241333,82.97844741240064,89.22623788362918,27730434,95.88403625488282,91.64237365722656,70.37873935699463,52.86786417929024,7.154830742396399,8.971941717155914,-1.8171109747595153,117.23175832883393,91.64237365722656,66.05298898561918,36065510.95,0.7688906456488175,8.664958771960972,1.9801937635391509,-0.01931012262229581,2.7622605307562997,-3.225807672999992,2.376792984775622
2026-06-10,85.22374725341797,94.00970027138086,84.73563875242003,89.5190961038441,20793904,92.42822875976563,92.18417434692383,70.82291812896729,47.91248452969352,5.8270465873990815,8.342962691204548,-2.5159161038054663,116.67040714565637,92.18417434692383,67.69794154819128,36013721.55,0.5773883704612583,8.746172471560953,-5.825238871425153,-0.13014202626587812,-3.308177660269873,-5.837608402610838,-6.708776092807467
2026-06-11,89.71434783935547,90.30007657620673,84.63801474143956,87.27380522918773,19167453,90.55389251708985,93.12134284973145,71.33868618011475,52.036718808371205,5.078579315126703,7.69008601598898,-2.611506700862277,115.5361815564244,93.12134284973145,70.7065041430385,35660305.6,0.5375010863619744,8.33495771998845,5.269189317132961,0.3452662184263211,-0.17600272119220328,5.25551512368041,7.227810668941248
2026-06-12,98.5979232788086,98.5979232788086,92.74062090581006,93.91207840123172,24685891,90.55389251708985,94.53685760498047,71.98949756622315,58.95963329541077,5.142959073443734,7.180660627479932,-2.0377015540361976,114.29891316353734,94.53685760498047,74.7748020464236,36173640.3,0.6824276129046377,8.408106749250408,9.902067677469217,-0.22369454265829258,2.3628988702241616,0.715765641262256,1.3310630234695253
2026-06-15,98.5979232788086,103.96711712072391,96.54786893784812,102.50279152747427,39948394,92.52585144042969,95.66438827514648,72.64519004821777,58.95963329541077,5.134789834820964,6.771486468948138,-1.6366966341271745,113.46008178403105,95.66438827514648,77.86869476626191,37144386.5,1.0754894013392844,8.276258940400458,0.0,0.10766774191464101,2.7801130493521287,7.800325831781363,7.30885800138672
2026-06-16,95.9621353149414,100.06224378856318,95.18115872570644,99.57413528227751,18537139,93.61921539306641,96.2842861175537,73.27810408274333,56.169819899564395,4.8596110230009515,6.389111379758702,-1.52950035675775,113.14439144055898,96.2842861175537,79.42418079454843,36771912.9,0.5041113594065976,7.823569090061296,-2.6732692497121735,-0.298612606480253,0.9079966328300548,-6.076252131185589,-5.194602149510463
2026-06-17,105.43144226074219,105.43144226074219,94.693054623074,94.693054623074,42805762,97.66075439453125,97.31419525146484,74.08999131520589,62.95210875003506,5.344021214282748,6.1800933466635115,-0.8360721323807638,113.73997838561411,97.31419525146484,80.88841211731557,35583886.15,1.2029535453085975,8.212211563075549,9.867753478726925,0.143723164615861,0.14887671372583178,-4.507401125627641,-0.13243036270157438
2026-06-18,115.68171691894531,115.68171691894531,115.68171691894531,115.68171691894531,14639902,102.85422821044922,98.68577995300294,75.10851103464762,68.61377320645686,6.480330069482321,6.240140691227274,0.24018937825504683,116.45128117343287,98.68577995300294,80.920278732573,33453276.0,0.43762237217066574,8.48395330909256,9.722218001014538,0.2360263790704975,1.2812598662263142,7.704573785610758,7.753615039223938
2026-06-22,126.90821075439453,126.90821075439453,126.90821075439453,126.90821075439453,4650261,108.5162857055664,100.77976531982422,76.26370112101237,73.40712448654914,8.19231138656076,6.6305748302939715,1.5617365562667889,121.40907922691906,100.77976531982422,80.15045141272938,32157617.0,0.1446083831398328,8.849625379273448,9.704639708377849,0.2089372068782236,2.746813790663727,8.164775596878403,-0.9707384551159048
2026-06-23,130.81307983398438,139.59903295716242,126.42010327239534,131.7892968476708,116826978,114.95931701660156,102.84934539794922,77.4253993988037,74.84609716010964,9.751747144050327,7.254809293045243,2.496937851005084,126.72964723575097,102.84934539794922,78.96904356014747,36465557.4,3.2037622987219168,9.426865953339266,3.076923909318152,-0.04731370199756446,-1.3423606797903442,-11.014827181313736,-8.26201375804504
2026-06-24,129.3487548828125,132.27740593676296,120.56280172096109,123.97956128390331,43792343,121.63664093017579,104.41129264831542,78.60174090067545,73.24549343452259,10.745584027527883,7.952964239941771,2.792619787586112,130.92738030597286,104.41129264831542,77.89520499065799,36802078.7,1.1899421050909278,9.731897721667615,-1.119402549829307,0.0476551235367495,-2.244229984227597,-1.1276266208390284,-5.715736053128795
2026-06-25,123.97956085205078,129.83686293954923,121.53901831559308,129.83686293954923,34674062,125.3462646484375,105.50953674316406,79.72927150726318,67.54195211115565,10.973462585889393,8.557063909131296,2.4163986767580976,133.39195662846862,105.50953674316406,77.6271168578595,35130660.7,0.9870028433595613,9.540690641972752,-4.150943730093193,0.3340466665395114,0.45969504788345716,2.5920166367473962,7.7711783899880205
2026-06-26,111.77684783935547,122.02712646217846,111.77684783935547,119.58658393293489,12889752,124.56529083251954,105.50953674316406,80.70223445892334,56.729909338901656,10.053510417371967,8.85635321077943,1.1971572065925375,133.39195662846862,105.50953674316406,77.6271168578595,32427291.7,0.39749702563041983,9.895626958069094,-9.84251995154043,0.16348102632479655,-3.6395859356203264,-23.656726329166933,-5.942248494585412
2026-06-29,107.38387298583984,110.80063258084384,105.43143893155185,108.36009001298385,5466834,120.6604232788086,105.19226608276367,81.64265683492025,53.41490853018521,8.86774351164486,8.858631270952516,0.009112240692344287,132.8241507948194,105.19226608276367,77.56038137070796,29401961.65,0.18593432863687856,9.42226455136703,-3.9301294842641887,-0.04080504718203537,0.9605559714053191,-2.29454141869031,-0.1242224214272114
2026-06-30,117.6341552734375,117.6341552734375,110.31252735185424,110.31252735185424,4809785,118.02463836669922,105.87561798095703,82.73601996103922,59.37947488581018,8.655353286377618,8.817975674037537,-0.1626223876599191,134.05057969595597,105.87561798095703,77.70065626595809,27489429.2,0.17496852935745935,9.532666916197782,9.545457807197266,0.05934599029766563,2.50225391133696,6.740432698739185,-4.442075791865974
2026-07-01,118.61036682128906,123.9795603811005,118.12225831585165,122.02712635935089,6670774,115.87696075439453,106.75421333312988,83.8456532796224,59.90598206872831,8.468188609015343,8.7480182610331,-0.27982965201775656,135.38626145732638,106.75421333312988,78.12216520893337,26345500.05,0.25320354471692785,9.107698675059812,0.8298708360529927,-0.09885131953493165,1.9361745317864276,0.0951939253428069,-4.778727410795913
2026-07-02,130.32496643066406,130.32496643066406,114.70549479852455,115.1936032870289,10990807,117.14604187011719,108.14532241821288,85.06429742177328,65.65836656934795,9.159544017425077,8.830323412311495,0.32922060511358175,138.5559314419068,108.14532241821288,77.73471339451898,25343900.15,0.43366675748207606,9.975935069337105,9.876539398133266,0.1897318900919931,-0.5845045481542077,-3.603504313312955,-10.330015650836888
2026-07-03,127.88442993164062,129.34875546520902,124.95577886450381,127.88442993164062,6004218,120.36755828857422,109.5852424621582,86.2569091796875,63.6107831207343,9.402135297397493,8.944685789328695,0.45744950806879814,140.90336768381698,109.5852424621582,78.26711724049943,24184551.05,0.24826667187605286,9.361702068913523,-1.8726546155082735,0.11318580885453233,0.07800105377469002,-3.603504313312955,-10.330015650836888
2026-07-06,140.57525634765625,140.57525634765625,133.7417369418674,140.57525634765625,20529076,127.0058349609375,111.68410911560059,87.67567799886068,69.0209314465544,10.497426466774328,9.255233924817821,1.2421925419565074,145.43388041573965,111.68410911560059,77.93433781546153,23975503.9,0.8562521182297237,9.805585315193802,9.923668129731954,-0.009085485277215977,-0.4793234110779254,3.803991640284665,0.5444234864537156
2026-07-07,127.88442993164062,136.67038313305105,127.39632142045116,133.25362355472478,11088311,129.05588989257814,113.64142417907715,88.88944110870361,59.495110358562926,10.223558164959769,9.448898772846212,0.7746593921135574,146.31133397474758,113.64142417907715,80.97151438340671,24335104.0,0.4556508572965211,10.255365263461975,-9.027781094440957,0.3974618785651973,-2.31392776703252,-3.791323133090674,-8.620310244637485
2026-07-08,132.76551818847656,133.74173523398008,122.51523921068977,131.30119262022131,6941731,131.8869201660156,115.75493431091309,90.16665840148926,61.68537992097556,10.281855759069643,9.615490170090899,0.6663655889787439,147.5782438887652,115.75493431091309,83.93162473306097,23295668.85,0.2979837601872504,10.384849364772421,3.8167963523355164,0.25268356539331904,0.5613583571852931,2.9528018512211096,0.0
2026-07-09,127.39632415771484,134.71795198287086,126.90821563603778,132.27740937448553,5388255,131.3011917114258,117.86356315612792,91.34462699890136,57.97187034148631,9.782046592353424,9.648801454543404,0.1332451378100199,146.60882058319666,117.86356315612792,89.1183057290592,22525386.4,0.23920810521589989,10.041500962380509,-4.044117858327867,-0.08308174762022835,-0.8304486270893752,4.350145848414444,4.3849249271312285
2026-07-10,127.39632415771484,127.39632415771484,127.39632415771484,127.39632415771484,0,131.2035705566406,119.7476619720459,92.52422262827555,57.97187034148631,9.278981899429283,9.57483754352058,-0.29585564409129717,145.50922170337154,119.7476619720459,93.98610224072029,21567013.75,0.0,8.702634167396441,0.0,-0.03737569847767075,-0.8304486270893752,-1.9515720941124415,1.4305127450049193
2026-07-13,114.70549774169922,127.39631876844041,114.70549774169922,125.93199326535489,14618074,126.02961883544921,120.55304069519043,93.46301797231038,49.760149888408506,7.766725894300237,9.213215213676511,-1.4464893193762745,144.47182690178772,120.55304069519043,96.63425448859314,21063622.9,0.6939961880916508,9.234393133879,-9.961689632665195,0.005918645015356994,0.057127944892587657,-5.825340132579415,-6.111486144973622
2026-07-14,104.4552230834961,110.31252531247718,103.47900604533258,110.31252531247718,24243515,121.34377746582031,120.84590568542481,94.13498071034749,44.301720247281246,5.675714511344751,8.505715073210158,-2.8300005618654076,143.75493280817815,120.84590568542481,97.93687856267147,20278378.95,1.1955351588890195,9.500006275544019,-8.93616684466626,0.19595735310091733,-1.4159606790255297,3.7180485871775026,-0.47685938159380825
2026-07-15,104.94332885742188,107.38387138898982,101.52656931322674,107.38387138898982,13518596,115.77933959960937,121.29496536254882,94.87202453613281,44.613289601655104,4.011714435309955,7.606914945630118,-3.595200510320163,142.43394690289492,121.29496536254882,100.15598382220273,20027451.8,0.6750032972242629,9.014312382239893,0.46728709155654524,-0.08736726929839955,1.9975001997308173,-1.269606741477003,-3.0905636861998653
2026-07-16,99.57413482666016,104.4552198671827,98.59791781855564,102.99089435502594,11583041,110.21490173339843,121.00209999084473,95.51307373046875,41.84066323252931,2.233981354078793,6.532328227319853,-4.29834687324106,143.20212976381228,121.00209999084473,98.80207021787719,18466315.75,0.6272524068586881,8.658458869790072,-5.116279509349675,0.23962128796235493,-0.014484209344078902,-4.7763109198367015,-9.91347992822128
2026-07-17,90.3000717163086,97.13359065700222,89.61672280141707,93.91207160578311,14226857,102.79565124511718,119.73301773071289,96.009317334493,37.50494307068493,0.07590075623056691,5.241042733101996,-5.165141976871429,145.781931022935,119.73301773071289,93.68410443849078,18445663.5,0.771284643677903,8.831652623850474,-9.313727030112751,0.16578843836740909,-6.473889757658291,-0.8511120933085703,3.7596156340277354
2026-07-20,83.95466613769531,89.81196842637173,81.70936394785802,89.81196842637173,12176714,96.6454849243164,117.58534049987793,96.44698804219564,34.844403397612695,-2.1219542968587746,3.768443327109842,-5.890397623968616,147.88020595203926,117.58534049987793,87.29047504771658,18821986.15,0.6469409712109474,8.799526643130486,-7.027021637976471,0.15093593640875813,-0.5192494034838457,-0.7668602235062383,-1.1637194814616558
2026-07-21,87.37142181396484,87.56666223548858,84.05228251244876,85.90709630870286,9006353,93.22872467041016,115.41325759887695,96.9562479019165,37.418736708999965,-3.547176984826251,2.3053192647226233,-5.852496249548874,147.86726897213245,115.41325759887695,82.95924622562146,13430954.9,0.6705668410814185,8.10785590375219,4.069762686764378,-0.11480806865203919,4.200670223388481,5.028835944428445,6.449018822357444
2026-07-22,90.59294128417969,94.69304973690922,89.42147640629646,90.30007320272271,13710292,90.35864715576172,113.47546691894532,97.49642136891683,39.832563366268204,-4.366393469401004,0.9709767178978979,-5.337370187298902,147.0353048225423,113.47546691894532,79.91562901534834,11926852.35,1.1495314604108435,8.003025506311149,3.6871546820815615,0.15336368301654968,1.3404288294859956,1.394689552504924,0.27652236165969235
2026-07-23,86.68807220458984,91.76439760347667,85.90709562878666,91.17866889559659,6361762,87.78143463134765,111.61089248657227,97.98452987670899,37.923164234249015,-5.269969804469284,-0.2772125865755386,-4.992757217893745,146.8168838741026,111.61089248657227,76.40490109904195,10511237.35,0.6052343590167337,7.716929035428329,-4.310345843988794,0.16612166048495247,0.055832476427841726,-2.3827624109249768,2.281270991371187
2026-07-24,82.97844696044922,87.07855547814054,82.97844696044922,84.83326079385998,5038937,86.31710968017578,110.17097244262695,98.31644369761149,36.150287796028444,-6.213767866468828,-1.4645236425541968,-4.749244223914632,147.63187329859383,110.17097244262695,72.71007158666006,10118696.6,0.49798281332004757,7.234686299730062,-4.279279893761689,-0.2473849217723867,-2.6665489151664,-3.683567952952882,-6.348035270843622
2026-07-27,82.80000305175781,83.80000305175781,80.0999984741211,82.5,4222006,86.08617706298828,108.94177894592285,98.67466996510824,36.06295214747868,-6.896633464837379,-2.550945607010833,-4.345687857826546,148.3504325519383,108.94177894592285,69.53312533990741,10056455.2,0.41983043886080257,6.76339540345095,-0.2150485038319161,0.0721389858897803,-0.047299308791204364,2.56883241521626,-2.6956266223224334
2026-07-28,75.30000305175781,79.4000015258789,75.0,78.5999984741211,6585477,83.67189331054688,106.82507133483887,98.91603132883708,32.50814386953385,-7.951338609259011,-3.631024207460469,-4.320314401798543,148.73613521090488,106.82507133483887,64.91400745877286,10145239.8,0.6491198956184357,6.901609756558532,-9.057970680643324,-0.06281056383515837,-4.65422176004644,-5.222373627657961,-11.995698122575716
2026-07-29,70.0999984741211,77.5,67.80000305175781,76.69999694824219,11465115,79.57330474853515,104.39955291748046,99.03330434163412,30.279547427367305,-9.101876183198456,-4.725194602608067,-4.37668158059039,148.9693728984017,104.39955291748046,59.829732936559225,10384956.85,1.1040118091583597,7.27472804878302,-6.905716290691877,0.1913253481581556,-3.759743710600294,-6.552907713345957,-8.435210054401699
2026-07-30,67.19999694824219,72.19999694824219,66.19999694824219,70.19999694824219,7193635,75.67568969726562,101.24330444335938,99.03878987630209,29.08213243525394,-10.13090857871174,-5.806337397828802,-4.324571180882938,147.00738795237743,101.24330444335938,55.47922093434133,10195098.25,0.705597417857155,7.104764308945284,-4.136949485026742,-0.04603973420009844,-0.26443825042463676,6.188178056870819,12.783714960070824
2026-07-31,73.0999984741211,73.80000305175781,70.5,73.30000305175781,6284899,73.7,98.5040828704834,99.09379793802897,34.736742233749425,-10.351023199015728,-6.715274558066188,-3.63574864094954,144.11201908969957,98.5040828704834,52.89614665126723,10209132.3,0.6156153936804207,7.037463214887996,8.779764574131033,0.14251061606802562,7.979428588197601,-2.5435840790002273,1.2725747330602166
2026-08-03,80.4000015258789,80.4000015258789,71.5999984741211,72.0,6205184,73.21999969482422,95.49532012939453,99.24606730143229,41.00462076473783,-9.82318086949526,-7.336855820352003,-2.4863250491432574,137.18873581120926,95.49532012939453,53.80190444757981,9492937.7,0.6536631963780822,7.2724685264706395,9.986324492663524,-0.3145609094511337,0.6184176769345795,-1.4826603056282472,3.44826660729316
2026-08-04,81.5999984741211,82.9000015258789,76.5999984741211,79.0,14658473,74.47999877929688,93.18109855651855,99.29956347147623,41.99087732089208,-9.201957853407237,-7.7098762269630505,-1.492081626444186,132.36764949493454,93.18109855651855,53.994547618102565,9671445.8,1.5156444344650102,7.142806463175596,1.4925334893879816,0.3186484533235223,-0.059350381622413906,0.4726333908036784,9.745763902806882
2026-08-05,83.5,87.30000305175781,83.19999694824219,85.0,11815991,77.15999908447266,90.71782264709472,99.37171020507813,43.59863291108874,-8.45881197431197,-7.8596633764328345,-0.599148597879136,125.35724423025694,90.71782264709472,56.0784010639325,9915158.8,1.191709708169273,6.95043287843708,2.3284332860392,-0.002778949738335701,2.88496854462601,-4.790783827270051,-14.594593050521187
2026-08-06,84.9000015258789,85.0999984741211,80.0999984741211,83.4000015258789,6455589,80.7,88.59300651550294,99.54691467285156,44.81237025828949,-7.668497423391571,-7.821430185824582,0.1529327624330108,118.67259551692473,88.59300651550294,58.51341751408115,9968525.5,0.6475971797433833,6.6903751613121365,1.6766485339867243,-0.4022170511909673,-0.48171851317403425,1.846311404669576,-1.2055487976401769
2026-08-07,82.5,86.0,81.69999694824219,84.30000305175781,4619671,82.58000030517579,86.34819030761719,99.7390650431315,43.10006685153855,-7.153367940565175,-7.687817736772701,0.5344497962075261,110.31464153498476,86.34819030761719,62.38173908024962,10199509.05,0.4529307221900058,6.371658880038227,-2.826856870134853,-0.17977012124817948,-0.38468864916847423,3.6256814394260317,8.023183380177645
2026-08-10,84.30000305175781,86.0,82.69999694824219,82.69999694824219,4729402,83.36000061035156,84.82791557312012,99.97260462443033,44.80355957722203,-6.524666615810943,-7.45518751258035,0.9305208967694067,104.73395648017043,84.82791557312012,64.92187466606981,9705075.45,0.4873122341362117,5.988771029366464,2.1818218809185552,0.08787349343861717,1.589230295129762,-1.7124546273308061,-6.410617614806169
2026-08-11,86.0,88.80000305175781,83.5999984741211,84.30000305175781,9711153,84.24000091552735,83.90515441894532,100.1384827931722,46.434628205351686,-5.822126885550418,-7.128575387174363,1.3064485016239455,101.56451916678142,83.90515441894532,66.24578967110921,8978457.35,1.081605962075434,5.883602169135831,2.0166036615662186,-0.02481586909149902,0.4272475445720847,1.667086802964235,0.45263080831747793
2026-08-12,86.69999694824219,87.30000305175781,85.0999984741211,86.0999984741211,6010896,84.88000030517578,82.99298782348633,100.19074643452963,47.12745404207724,-5.1495147832295345,-6.7327632663853985,1.583248483155864,97.71760329528567,82.99298782348633,68.26837235168699,8603072.35,0.6986917877076787,5.392455823602616,0.813949939816494,-0.055858442703549116,0.8806410303470624,2.724693709582593,0.781011114079444
2026-08-13,88.80000305175781,93.19999694824219,88.4000015258789,89.19999694824219,14627016,85.66000061035156,82.45428123474122,100.2568588256836,49.24825553109728,-4.396333705823281,-6.265477354272975,1.8691436484496942,95.29214318912437,82.45428123474122,69.61641928035806,8755271.1,1.6706525512385333,5.5401283804556005,2.422152453787607,-0.02110518697276964,1.1059567173957285,-2.112340545699498,-0.6855455655172094
2026-08-14,85.5,89.69999694824219,84.80000305175781,89.69999694824219,6589188,86.26000061035157,82.21427764892579,100.21102511088053,46.1177371787703,-4.019382008783978,-5.816258285175176,1.796876276391198,94.60628494566308,82.21427764892579,69.8222703521885,8373387.65,0.7869202138276734,5.454777115926103,-3.716219525166431,-0.24284380760136726,-0.45732720428869333,1.3487078671445163,5.2821182773778785
2026-08-17,89.9000015258789,91.5,83.30000305175781,85.5,9585408,87.38000030517578,82.51154441833496,100.29221674601237,50.62445602137633,-3.3272472867168688,-5.318456085483515,1.991208798766646,95.35630834665984,82.51154441833496,69.66678049001008,8243822.35,1.1627383018509612,5.820806426901582,5.146200615063057,-0.4168200504919728,0.10097531306225704,0.8710301952703947,1.425320167692945
2026-08-18,91.5,97.9000015258789,88.9000015258789,91.19999694824219,35466951,88.48000030517578,82.71797332763671,100.32685877482096,52.19041729186901,-2.6194239391649887,-4.77864965621981,2.159225717054821,96.01628726373586,82.71797332763671,69.41965939153756,9566852.25,3.7072748771676705,6.2446989033147045,1.779753556133712,-0.4373220778009723,-1.1962985353416111,-4.749339427821009,-5.789773590149427
2026-08-19,91.80000305175781,98.5,89.4000015258789,90.19999694824219,44032128,89.5000015258789,82.77832641601563,100.2216953277588,52.494647584499674,-2.0110786349409153,-4.225135451964031,2.214056817023116,96.23711163543886,82.77832641601563,69.3195411965924,11082944.05,3.97296312255587,6.625405512755557,0.3278721877134627,0.09921712609282096,-1.3006958690137793,-3.5759209309590645,-4.653947061530561
2026-08-20,90.30000305175781,95.69999694824219,88.0999984741211,92.80000305175781,27943900,89.80000152587891,82.95892295837402,100.02645072937011,50.75556022796022,-1.631194665706218,-3.7063472947124687,2.0751526290062507,96.73187110492752,82.95892295837402,69.18597481182051,12162050.95,2.2976305653447375,6.755351240937628,-1.6339868737850538,-0.20952662644722064,0.47940480185713064,-2.4418943612818045,-0.40675629010867853
2026-08-21,88.19999694824219,93.30000305175781,88.0,90.30000305175781,19188630,90.34000091552734,83.22000045776367,99.63350321451823,48.34101089815616,-1.4824975166921774,-3.2615773391084106,1.7790798224162332,97.19103985882253,83.22000045776367,69.24896105670481,12869535.6,1.4910118435042832,6.561304815713653,-2.3255880759073144,0.07292445718072305,0.6466205402973157,-0.6692544587434179,-0.6283397852270167
2026-08-24,86.0999984741211,89.30000305175781,86.0999984741211,87.80000305175781,11131551,89.58000030517579,83.38500022888184,99.17301508585612,45.98513180577134,-1.5166235885718464,-2.912586589001098,1.3959630004292514,97.41298516506903,83.38500022888184,69.35701529269464,13215012.85,0.8423412921615131,6.113131450636728,-2.380950733312859,-0.05119683229035665,-1.0215058314384073,-3.072360608307745,-3.793865052348333
2026-08-25,87.9000015258789,88.0999984741211,83.80000305175781,85.69999694824219,6431887,88.86000061035156,84.01500015258789,98.9052298227946,48.31043246207293,-1.3824870927410728,-2.606566689749093,1.22407959700802,97.64009909602305,84.01500015258789,70.38990120915273,13207333.35,0.48699361404397357,5.871379980200269,2.090595915978821,-0.03142551921185843,0.9095610374029395,0.8063420389182951,2.8918859898291904
2026-08-26,96.5999984741211,96.5999984741211,87.19999694824219,87.9000015258789,26215056,89.81999969482422,85.34000015258789,98.83125546773275,57.772600791033156,-0.5676227073416129,-2.198777893267597,1.631155185925984,98.41024105423483,85.34000015258789,72.26975925094095,13944830.4,1.8799121429257397,6.341862852957421,9.897607277834686,0.09398842232435367,1.4681604395669012,0.9791739946976241,-2.0760151596919907
2026-08-27,95.19999694824219,98.30000305175781,95.0,97.0,41593775,90.7999984741211,86.7400001525879,98.70954233805338,55.99620213554284,-0.03440859312620148,-1.765904033239318,1.7314954401131166,97.40630723695203,86.7400001525879,76.07369306822376,15664837.4,2.6552318378995747,5.9362815461308065,-1.4492769647961867,-0.11305637616038089,0.3111269939336747,2.1578828253391746,3.522503353574913
2026-08-28,96.30000305175781,104.5,96.0,97.19999694824219,49196053,92.41999969482421,87.90000038146972,98.66310857137044,57.11205021891569,0.4714936481278613,-1.3184244969658825,1.7899181450937438,97.29025295818303,87.90000038146972,78.50974780475642,17810395.1,2.7622100870743735,6.384777746881074,1.1554686331698871,-0.4558916903721677,0.774831481905669,-2.927810631091654,-3.7177088142796744
2026-08-31,94.80000305175781,96.30000305175781,93.19999694824219,94.9000015258789,10070610,94.16000061035156,88.62000045776367,98.5998099009196,55.06162114077491,0.7428245363112325,-0.9061746903104596,1.648999226621692,97.794703186091,88.62000045776367,79.44529772943633,18003666.4,0.5593643970208202,5.946808194432347,-1.557632349392346,-0.11023270076141456,-0.4381051578845385,2.038280836108508,-0.42539041444666914
2026-09-01,95.19999694824219,97.5999984741211,94.0999984741211,94.4000015258789,13290410,95.61999969482422,89.30000038146973,98.70750770568847,55.52021315467487,0.9788488246495177,-0.5291699873184641,1.5080188119679818,98.29824566382925,89.30000038146973,80.30175509911021,17935263.25,0.7410211835056282,5.620567101841368,0.42193447637970394,0.19604210375987474,1.7781860578235609,-1.943575223630134,-2.6289855486184677
2026-09-02,92.5,94.69999694824219,92.5,93.5,6028123,94.8,89.75000038146973,98.74091911315918,51.685997133616794,0.9372287945744517,-0.23589023093988093,1.1731190255143327,98.42118653721077,89.75000038146973,81.07881422572869,17645869.85,0.3416166531456084,5.231157748028144,-2.836131339069381,-0.04102653494677533,-1.6699071260597553,-0.4267105044421182,3.3074659142100282
2026-09-03,91.19999694824219,96.0999984741211,90.69999694824219,92.80000305175781,21331192,94.0,90.06500015258788,98.84052327473958,49.89916198555039,0.7902358917306884,-0.03066500640576708,0.8209008981364555,98.44725563889286,90.06500015258788,81.68274466628291,18389650.0,1.1599563885120163,5.253670251741579,-1.4054087046030395,0.16164441336217195,-0.6651369315447186,1.8109002686002684,-0.5227089151055297
2026-09-04,92.9000015258789,93.5,89.0,92.69999694824219,10335155,93.31999969482422,90.58500022888184,98.8936175028483,52.22511858899824,0.8016778755622198,0.1358035699878303,0.6658743055743895,98.25099468588094,90.58500022888184,82.91900577188274,18675424.2,0.553409383868239,5.153180884842702,1.8640401694328013,-0.09708022272419958,1.5122200906831251,0.9911686522946717,4.43349558683217
2026-09-07,92.4000015258789,95.30000305175781,91.80000305175781,93.5,10669832,92.83999938964844,90.9900001525879,98.79031880696614,51.468284118522625,0.7616204227172716,0.2609669405337186,0.500653482183553,98.09312072326706,90.9900001525879,83.88687958190873,18972445.7,0.5623856917930197,4.932756766863675,-0.5382131235603049,-0.23473421241366754,1.6651381893682204,0.9911686522946717,4.43349558683217
2026-09-08,89.5999984741211,93.0,89.5999984741211,92.5999984741211,5539757,91.71999969482422,91.17000007629395,98.64035339355469,47.33165711518252,0.4981948766419322,0.3084125277553613,0.18978234888657086,97.91407400421889,91.17000007629395,84.425926148369,18763875.9,0.29523521843373524,4.728389401399039,-3.030306283029227,-0.3671620448905233,-0.46588983968915976,-4.4366705353859555,-1.037735411977092
2026-09-09,90.0,91.5999984741211,89.5999984741211,89.69999694824219,3558462,91.21999969482422,91.33500022888184,98.54098447163899,47.97494745125113,0.3180388596827157,0.31033779414083223,0.0077010655418834895,97.77313502982683,91.33500022888184,84.89686542793685,18641254.2,0.19089176950336315,4.3646041478791675,0.44643028202109303,-0.0180897502252253,0.1646891802691508,-0.1406844000352958,0.6990822432745514
2026-09-10,89.30000305175781,91.30000305175781,89.0,90.0,5377741,90.84000091552734,91.36000022888183,98.27212715148926,46.89548488698868,0.11742639628302243,0.2717555145692703,-0.15432911828624785,97.76046084503302,91.36000022888183,84.95953961273064,18178790.45,0.29582501733496797,4.089324001729653,-0.777774386935759,-0.11174924474647296,-0.5147388760934346,-1.141173780895799,-0.9496651966175107
2026-09-11,86.0999984741211,88.30000305175781,86.0999984741211,87.4000015258789,5559552,89.48000030517578,91.39000015258789,97.77909851074219,42.218800087850475,-0.29635782364256613,0.15813284692690302,-0.4544906705694691,97.6794737702401,91.39000015258789,85.10052653493568,18127308.65,0.3066948385633628,3.9707480785172624,-3.5834316554076873,0.5434767453688316,-1.6097760087677493,8.50791132462254,6.13613970203668
2026-09-14,90.0999984741211,92.0,84.4000015258789,84.5999984741211,13219085,89.01999969482422,91.4,97.16562830607096,49.05760900644499,-0.29808212331482764,0.06688985287855688,-0.3649719761933845,97.6801279038738,91.4,85.11987209612622,18308992.5,0.7219995857226988,4.45464813126444,4.645760825654688,0.13023751389060756,-0.6979172181896032,-5.897029025166978,-7.256850086873101
2026-09-15,89.4000015258789,93.5999984741211,88.80000305175781,88.80000305175781,14670961,88.98000030517578,91.29500007629395,96.4754103342692,47.98722312739296,-0.35187633547262465,-0.016863384791679426,-0.3350129506809452,97.63799496978805,91.29500007629395,84.95200518279984,17269193.0,0.8495452566891806,4.500694436744285,-0.7769111654793659,0.13069434131136592,-0.7653989654031412,2.1632873542974718,2.0454580640286935
2026-09-16,94.80000305175781,95.5,89.4000015258789,89.4000015258789,25150923,89.94000091552735,91.44500007629395,95.89959780375163,55.96861694032189,0.0407565412313744,-0.005339399587068661,0.04609594081844306,97.9773413651593,91.44500007629395,84.9126587874286,16325132.75,1.5406259406987057,4.713934975061193,6.040270060080211,0.17592593539166312,0.7413735937723764,-9.016391733988439,-0.34998603017336594
2026-09-17,92.5999984741211,95.69999694824219,91.5999984741211,95.5999984741211,14486865,90.6,91.55999984741212,95.3766050974528,52.438162969514565,0.17241148925087657,0.030210778180520384,0.1422007110703562,98.08844847522019,91.55999984741212,85.03155121960404,15652281.0,0.9255433760740687,4.632076774935846,-2.320679859509689,0.2712983686560255,0.9577145306960189,2.552559484362882,1.6922116596734593
2026-09-18,92.5999984741211,94.0999984741211,92.5,93.19999694824219,7158567,91.9,91.77999992370606,95.05699094136556,52.438162969514565,0.2735951495025972,0.07888765244493576,0.19470749705766147,98.12569094489521,91.77999992370606,85.4343089025169,15050777.85,0.4756277098329506,4.227799668160546,0.0,-0.026676874442554954,1.9286856204631775,2.4597367937197134,2.07220700834736
2026-09-21,93.30000305175781,93.5,92.30000305175781,93.0,3167883,92.54000091552734,92.14000015258789,94.82225977579752,53.52008987387647,0.4055930245597068,0.14422872686788996,0.26136429769181685,97.92069422481073,92.14000015258789,86.35930608036504,14652594.45,0.21619945947524674,3.8240926388380982,0.7559444807467841,-0.13186898734366403,1.1404859900489006,2.486421520865978,0.3383593233799109
2026-09-22,93.5,95.30000305175781,93.5,94.5,9088344,93.36000061035156,92.42000007629395,94.42002385457357,53.84314946547323,0.5203421929165302,0.21945142007761803,0.30089077283891213,97.86894059869128,92.42000007629395,86.97105955389661,14785417.3,0.6146829552115516,3.5808802869930187,0.21435899431989647,-0.22226247695271706,1.1404859900489006,2.486421520865978,0.3383593233799109
2026-09-23,95.69999694824219,97.0,93.9000015258789,95.4000015258789,21149866,93.53999938964844,92.375,94.03818435668946,57.35449833359583,0.7798138939913031,0.33152391486035504,0.44828997913094804,97.69185539464202,92.375,87.05814460535798,14532157.8,1.4553837283545048,3.570096248727283,2.3529379125584837,-0.18557623162702708,1.1404859900489006,0.0,0.0
