Date,Close,High,Low,Open,Volume,MA5,MA20,MA60,RSI,MACD,MACD_signal,MACD_hist,BB_upper,BB_mid,BB_lower,Volume_MA20,Volume_ratio,ATR,pct_change,usdtwd_pct,twii_pct,onsemi_pct,vishay_pct
2023-12-20,166.64234924316406,170.34551255967884,165.71655841403538,166.64234924316406,906000,167.3829772949219,162.84660263061522,157.89362157185872,59.905269289904396,2.6006955850230042,2.2809410306133917,0.31975455440961253,169.66034932189353,162.84660263061522,156.0328559393369,918000.0,0.9869281045751634,4.0834451946898,0.27855784953376705,-0.33465989557395215,0.33367432683415466,-4.2128862223521075,-1.8196871262284198
2023-12-21,167.10523986816406,168.03103067075776,163.40207665778922,163.86497205908609,504000,167.19782104492188,163.2169189453125,158.04020512898762,60.74546407581514,2.5925399459708274,2.343260813684879,0.24927913228594845,170.11488653520087,163.2169189453125,156.31895135542413,924150.0,0.5453660120110372,4.156179703793631,0.2777749036198207,0.12791495872452874,-0.5186161111112364,3.0553202080549235,1.0109396574011775
2023-12-22,166.64234924316406,168.49393090142144,166.64234924316406,168.49393090142144,418000,166.73492431640625,163.58723526000978,158.20993347167968,59.40486360509727,2.5196798376425136,2.378544618476406,0.14113521916610772,170.37976446066097,163.58723526000978,156.7947060593586,928600.0,0.45013999569244023,3.8488999643887967,-0.27700545199252913,-0.3736782960108931,0.30147861455658287,0.4303653362638382,1.5846775269031443
2023-12-25,165.253662109375,168.49392999387254,165.253662109375,168.49392999387254,381000,166.36460876464844,164.07327575683593,158.36423212687174,55.451136627522175,2.3231029462266974,2.3674562840264644,-0.04435333779976691,169.73639440130916,164.07327575683593,158.4101571123627,925700.0,0.4115804256238522,3.767749020403296,-0.8333338674688884,-0.36226354270691985,0.04665088698287967,0.4303653362638382,1.5846775269031443
2023-12-26,173.1228790283203,174.51156522373464,166.17944805124864,166.64234344972007,3016000,167.7532958984375,164.81390838623048,158.67282892862957,68.31876615693315,2.7703594043640862,2.448036908093989,0.32232249627009724,171.13927392715522,164.81390838623048,158.48854284530574,1054600.0,2.859852076616727,4.499769566264142,4.761901684052838,0.127733444468503,0.8343763777672208,1.7378872126501355,0.1641946906407732
2023-12-27,171.73419189453125,175.43735506206832,171.27129649858912,174.97445966612617,1965000,168.77166442871095,165.27680358886718,158.8965616861979,64.76367311725193,2.9784245001595764,2.5541144265071063,0.4243100736524701,172.20787927781342,165.27680358886718,158.34572789992094,1088400.0,1.8054024255788312,4.455274765892816,-0.8021395794613029,-0.5678033131921834,0.7873572184754041,-0.4913983420460899,-0.8196772823554466
2023-12-28,170.80841064453125,173.58578317533664,170.80841064453125,172.19709690993395,692000,169.51229858398438,165.64711990356446,159.1125796000163,62.4312794979003,3.0336448088294503,2.650020502971575,0.3836243058578752,172.93850659451056,165.64711990356446,158.35573321261836,1067400.0,0.6483042908000749,4.23155446788116,-0.5390780017578312,-0.31445393355279405,0.1054642742363665,-0.08230416497647663,-0.5371859828566694
2023-12-29,171.73419189453125,174.0486688742419,168.4939241229363,169.4197149148206,1282000,170.53066711425782,166.08687057495118,159.35945714314778,63.833951462460526,3.1161886283419733,2.743254128045655,0.37293450029631847,173.7423798392358,166.08687057495118,158.43136131066655,1113200.0,1.1516349263384837,4.407979839004419,0.5419998034678963,-0.4788328985291246,0.11413168589380351,-1.7062891508092815,-0.41544915609637023
2024-01-02,170.3455047607422,174.51156330108643,169.8826093673706,173.12287712097168,841000,171.54903564453124,166.45718688964843,159.5986198425293,60.20293599864094,3.0345691300698547,2.801517128450495,0.23305200161935957,174.18775125953943,166.45718688964843,158.72662251975743,1130650.0,0.743819926590899,4.437443051632606,-0.8086258877567643,-0.044000291677548375,-0.4297116466016604,-2.490125537473631,-1.9190623170008303
2024-01-03,167.10523986816406,169.41971687464832,166.6423444668672,169.41971687464832,681000,170.3455078125,166.75806884765626,159.7529182434082,52.6740022681214,2.6775575758325374,2.776725217926904,-0.09916764209436657,174.0655219839907,166.75806884765626,159.45061571132183,1147750.0,0.5933347854497931,4.33953868393159,-1.902172233502275,0.6860424901047546,-1.649228076412912,-2.627378109060352,-1.786479776460892
2024-01-04,162.93917846679688,168.49392318725586,162.93917846679688,168.49392318725586,987000,168.5865051269531,166.85064773559571,159.88407185872396,44.899278012483556,2.0349988095736364,2.6283799362562505,-0.5933811266826141,173.89790082750994,166.85064773559571,159.8033946436815,1176800.0,0.8387151597552686,4.501566155468575,-2.4930764616680867,0.5275459898703483,-0.055014439343803456,-3.9213222873369924,-1.8189666660113013
2024-01-05,162.47628784179688,164.3278694696236,162.01339243484017,163.86497406266693,479000,166.92008056640626,166.80435791015626,159.97665100097657,44.120054375859176,1.4714529592617112,2.3969945408573428,-0.9255415815956316,173.95834122125257,166.80435791015626,159.65037459905994,1111750.0,0.43085225995052845,4.209954272710557,-0.28408798261758683,0.03898027981255048,-0.17384828156632448,-0.6561680052816987,-0.8381288413830679
2024-01-08,163.40208435058594,164.79077061985436,162.93918892749645,163.40208435058594,347000,165.2536590576172,166.92008209228516,160.06151529947917,46.133604802069144,1.0870124509234245,2.134998122870559,-1.0479856719471345,173.7523403690593,166.92008209228516,160.087823815511,1073750.0,0.32316647264260767,3.957224740090147,0.5698040748509214,-0.3284639253521182,0.3054917612432817,2.9590562529290487,1.7348982304391747
2024-01-09,162.93917846679688,167.5681324005127,162.93917846679688,164.7907600402832,493000,163.77239379882812,166.9895164489746,160.16180928548178,45.25551309765622,0.736498051086329,1.8552981085137132,-1.1188000574273842,173.6171697395942,166.9895164489746,160.361863158355,1079150.0,0.456841032293935,4.046788632573571,-0.28329252079544176,-0.7463136321570363,-0.21152131518220596,-1.167569455484041,-2.536076791611952
2024-01-10,162.0133819580078,164.32785884312221,161.08759120396206,163.40206808907647,430000,162.75402221679687,166.85064773559571,160.22352854410806,43.4733276670512,0.37963265391925916,1.5601650175948225,-1.1805323636755634,173.78172452942437,166.85064773559571,159.91957094176706,1042950.0,0.4122920561867779,3.939252500118448,-0.5681853299497996,1.1070581272880409,-0.3983884913753566,-1.84343527385199,0.4486254114496546
2024-01-11,162.0133819580078,162.93917271205356,161.08759120396206,162.4762773350307,389000,162.56886291503906,166.82750244140624,160.30839258829752,43.473327667051194,0.09571095922805739,1.2672742059214694,-1.171563246693412,173.8228779493129,166.82750244140624,159.83212693349958,1036950.0,0.3751386277062539,3.6608963678481885,0.0,0.18254264271539977,0.45626438441657147,-1.5606405179875549,0.9379128899244416
2024-01-12,162.0133819580078,163.40206808907647,162.0133819580078,162.4762773350307,364000,162.47628173828124,166.52662048339843,160.41640141805013,43.4733276670512,-0.12782553614800918,0.9882542575075738,-1.116079793655583,173.81553452610345,166.52662048339843,159.23770644069342,963500.0,0.3777893098079917,3.3579350029442505,0.0,-0.7192046382251016,-0.18517891834584077,-1.2898012636524236,-0.8406981165444583
2024-01-15,162.47628784179688,163.40207865571026,162.01339243484017,163.40207865571026,203121,162.29112243652344,166.20259323120118,160.5707000732422,44.83012386226717,-0.2645773006429408,0.7376879458774709,-1.0022652465204116,173.6118145357366,166.20259323120118,158.79337192666574,813206.05,0.24977802366325236,3.0953698955786764,0.2857207708367282,0.587818268824547,0.19408761589856383,-1.2898012636524236,-0.8406981165444583
2024-01-16,164.32786560058594,164.79076099664394,161.550493224238,162.476284016354,537000,162.56885986328126,166.06372451782227,160.7712880452474,49.99983818736708,-0.22099966186075903,0.5459504243298249,-0.7669500861905839,173.50575033086784,166.06372451782227,158.6216987047767,791406.05,0.6785391645666595,3.1146896124889767,1.139598758307403,0.38422436149399,-1.1395293752028635,0.44916540842754316,-0.5354731732666984
2024-01-17,158.7731170654297,166.1794432259162,158.31022168039928,166.1794432259162,1403000,161.92080688476562,165.693408203125,160.84843724568685,38.38048145457781,-0.6274529657691232,0.3112697463100353,-0.9387227120791586,173.81705382855108,165.693408203125,157.5697625776989,815906.05,1.7195607263851027,3.7486272035593693,-3.3802839919174654,0.8430854010390787,-1.066936498019444,-2.073179329841457,-2.512345752767764
2024-01-18,156.45864868164062,160.1618119640463,155.0699624507385,158.77312573314418,585000,160.8098602294922,165.18422317504883,160.87158203125,34.75623483591346,-1.1233787818882206,0.02434004067038409,-1.1477188225586046,174.27632030030267,165.18422317504883,156.09212604979498,799856.05,0.7313816029771857,3.9277235115258278,-1.4577205679191185,0.2686100789593082,0.3845752896719512,1.3145214082805223,2.2089193918052974
2024-01-19,156.45864868164062,158.77312573314418,156.45864868164062,158.77312573314418,300000,159.69891357421875,164.65189361572266,160.94101638793944,34.756234835913446,-1.499122611817569,-0.28035248982720656,-1.2187701219903624,174.48676651032446,164.65189361572266,154.81702072112085,789656.05,0.3799122415385787,3.7126239835228585,0.0,0.12079320549103212,2.6337127016353046,0.8877376605330056,0.4502595960418132
2024-01-22,156.92153930664062,158.31022549519497,156.45864391045583,157.3844347028254,265000,158.5879638671875,164.16585311889648,160.99502080281576,36.15464045470016,-1.7394990371261372,-0.5721817992869928,-1.1673172378391445,174.53294883867667,164.16585311889648,153.79875739911628,782006.05,0.3388720585985236,3.464484997018362,0.295854929657402,-0.6231681074182815,0.7554784976987472,1.7869224932244743,1.613629054692245
2024-01-23,159.23602294921875,159.6989183647688,156.92154587146848,156.92154587146848,326000,157.56959533691406,163.86497116088867,161.11074473063152,42.76078712176222,-1.7233736206565027,-0.8024201635608947,-0.9209534570956079,174.4462206935952,163.86497116088867,153.28372162818215,779256.05,0.4183477305052684,3.372870871833002,1.4749304989007284,-0.05034596135321534,0.3339315281947419,2.0747406675633684,0.4411143533090689
2024-01-24,157.8473358154297,159.2360220542751,157.8473358154297,159.2360220542751,211000,157.38443908691406,163.10119400024413,161.23418350219725,40.08104565344184,-1.8018786227486032,-1.0023118553984365,-0.7995667673501667,173.05539928978754,163.10119400024413,153.14698871070073,639006.05,0.33020031656977267,3.10831304009381,-0.8720935803778085,0.0860763428329081,0.006938533336109387,-2.0846885656300884,-1.0540054982422054
2024-01-25,155.99574279785156,157.84732431474,155.53284741862944,157.84732431474,462000,157.29185791015624,162.31427154541015,161.30361760457356,36.772087346864886,-1.9905565873540638,-1.199960801789562,-0.7905957855645018,171.87552349100207,162.31427154541015,152.75301959981823,563856.05,0.8193580613349807,3.0024697543213343,-1.1730277283508839,-0.328079755907984,0.709276503221834,-3.2734518090801634,-1.2872010829558023
2024-01-26,155.53285217285156,156.45864295959473,154.14416599273682,155.06995677947998,241000,157.10669860839843,161.55049362182618,161.34219233194986,35.972545936713914,-2.1526225458073043,-1.3904931505931106,-0.7621293952141937,170.68577427011053,161.55049362182618,152.41521297354183,541306.05,0.445219483506604,2.9107373826595446,-0.2967328573830641,0.07350350663963834,-0.04215966405062277,-1.3481955207300333,-0.49461381701702
2024-01-29,155.99574279785156,156.92153355629577,154.6070566601852,155.53284741862944,256000,156.92153930664062,160.7635711669922,161.36533686319987,37.437491596091995,-2.218140240654634,-1.5560225686054152,-0.6621176720492188,168.8573118504479,160.7635711669922,152.6698304835365,490006.05,0.5224425290259171,2.8312359844530137,0.29761598178985604,-0.13380371723147322,0.6924221152651233,1.8267990173177928,0.9037746413023573
2024-01-30,155.06996154785156,157.3844385858792,155.06996154785156,157.3844385858792,362000,156.08832702636718,159.99979400634766,161.34219207763672,35.679222499397696,-2.3180453122226936,-1.708427117328871,-0.6096181948938226,167.10950063690876,159.99979400634766,152.89008737578655,466056.05,0.7767306099770618,2.762334791596296,-0.5934657147661282,-0.2817131452696353,-0.46910447933337096,-0.6162653641876292,-0.04478037152347847
2024-01-31,155.99574279785156,156.45863817707365,155.06995203940733,155.06995203940733,183000,155.71800842285157,159.44431915283204,161.34219207763672,38.775830196560676,-2.2960505499216595,-1.825951803847429,-0.4700987460742305,165.92468104489285,159.44431915283204,152.96395726077122,441156.05,0.41481920059806504,2.579181637738967,0.5970087570533966,-0.0830523890604784,-0.804398568682585,-1.9842944019041409,-2.643379239916721
2024-02-01,155.06996154785156,156.92154317827368,155.06996154785156,155.99575236306262,225000,155.53285217285156,159.05085830688478,161.3267623901367,36.864532578596275,-2.3265038637892417,-1.9260622158357916,-0.40044164795345005,165.59305193196712,159.05085830688478,152.50866468180243,403056.05,0.5582350147082521,2.482168303430054,-0.5934657147661282,0.2756859522162314,0.43907634242430493,-1.3215167275527295,1.196511931507338
2024-02-02,155.99574279785156,158.77311507318421,155.06995203940733,155.53284741862944,618000,155.62543029785155,158.7268310546875,161.34219207763672,40.04699199926433,-2.2499989374599636,-1.9908495601606262,-0.2591493772993374,165.19621974873826,158.7268310546875,152.25744236063673,410006.05,1.5072948313811467,2.6449676008096326,0.5970087570533966,-0.035210710893140984,0.5110182189104195,0.9118098979732814,-0.3183459224452956
2024-02-05,156.92153930664062,157.3844347028254,155.53285311808628,155.99574851427107,342000,155.8105895996094,158.40280380249024,161.38848164876302,43.13397466075319,-2.0905654538802594,-2.010792738904553,-0.07977271497570637,164.5261485122883,158.40280380249024,152.27945909269218,409756.05,0.8346429540210571,2.539182798666896,0.5934754963081046,0.29391269736438463,0.2001149817599579,9.543970538021496,-1.2317495908557907
2024-02-15,157.3844451904297,159.23602689855238,155.99575890933767,159.23602689855238,407000,156.273486328125,158.12506713867188,161.4733459472656,44.66809930652276,-1.904902107595234,-1.9896146126426895,0.08471250504745553,163.87454804238965,158.12506713867188,152.3755862349541,405456.05,1.0038079343001542,2.632660824073272,0.2949919340801799,-0.3927712441166409,3.0310448098840537,-1.285656233506005,2.907264404108889
2024-02-16,159.69891357421875,159.69891357421875,157.84733196756113,158.77312277088996,475000,157.01412048339844,158.00934371948242,161.60449956258137,51.68623682562346,-1.5531011292338235,-1.9023119159609163,0.3492107867270928,163.5173987381076,158.00934371948242,152.50128870085723,407706.05,1.1650550684739656,2.5902351653687106,1.4705826747926976,-0.26288406984117385,-0.20016719009597894,-2.4559703416997647,-0.0896902695421975
2024-02-19,161.5504913330078,162.9391775049248,159.69890977045185,160.16180516109085,683000,158.3102264404297,157.98619918823243,161.720223236084,56.44564801982105,-1.1120702152383615,-1.7442635758164053,0.6321933605780439,163.42689136048264,157.98619918823243,152.54550701598222,422406.05,1.6169275984565088,2.6769061745826095,1.1594178804031463,0.2255126060222823,0.15343901570623597,-2.4559703416997647,-0.0896902695421975
2024-02-20,159.69891357421875,161.55049518087637,159.23601817255434,161.08759977921196,351000,159.0508605957031,157.87047576904297,161.77422765096028,51.031778900095986,-0.9015642181910266,-1.5757237042913297,0.6741594861003031,163.04231703842385,157.87047576904297,152.6986344996621,421756.05,0.8322346531839911,2.6285822857478656,-1.1461294506200925,0.21989185165642855,0.6297522514733034,-1.4877901551704764,-1.9748757716502197
2024-02-21,160.16180419921875,160.62469958707777,159.23601342350074,159.69890881135973,238000,159.69891357421875,157.75475158691407,161.8359469095866,52.26443096121501,-0.689437883260041,-1.398466540085072,0.709028656825031,162.58495403332532,157.75475158691407,152.92454914050282,423500.0,0.5619834710743802,2.4632628027917547,0.2898520814200056,-0.07738215560203487,-0.40979551571411754,0.19362530465383276,-1.923083496489586
2024-02-22,160.16180419921875,161.0875949749368,159.23601342350074,160.16180419921875,347000,160.25438537597657,157.54644851684571,161.87452138264973,52.26443096121501,-0.5153851948296619,-1.22185027103399,0.7064650762043281,161.45438472033112,157.54644851684571,153.6385123133603,414000.0,0.8381642512077294,2.381705302610995,0.0,0.15456807377836057,0.9448801440578247,0.9533597495294144,0.4668658001962367
2024-02-23,158.7731170654297,161.08759399058172,158.7731170654297,161.08759399058172,344000,160.06922607421876,157.54644851684571,161.89766591389974,48.055563530366264,-0.48392425365705094,-1.0742650675586023,0.5903408139015514,161.45438472033112,157.54644851684571,153.6385123133603,361050.0,0.9527766237363247,2.3727415189498005,-0.8670526288912961,0.08814408362198822,0.19312885212652287,-2.769267677441356,0.8828798269174154
2024-02-26,156.92153930664062,157.84733009901018,155.99574851427107,157.84733009901018,643000,159.1434356689453,157.5695930480957,161.8668062845866,43.07471165670987,-0.6014647704918161,-0.9797050081452452,0.37824023765342907,161.45582583801672,157.5695930480957,153.68336025817467,363950.0,1.7667261986536613,2.4266917899109757,-1.166178376422522,0.4705245996972307,0.31161383748661287,1.8112576574324857,0.5527479498716348
2024-02-27,155.99574279785156,157.84732431474,154.6070566601852,156.92153355629577,431000,158.40280151367188,157.54644775390625,161.80508677164713,40.7977563874187,-0.7605533325820488,-0.935874673032606,0.17532134045055714,161.46591115152094,157.54644775390625,153.62698435629156,370500.0,1.163292847503374,2.5351685718634855,-0.5899741443269657,-0.16865689324997435,-0.494196611994846,-0.7734929437689941,-0.3206515178934666
2024-02-29,155.99574279785156,156.92153355629577,155.53284741862944,155.53284741862944,252000,157.56958923339843,157.5001579284668,161.75108210245767,40.797756387418694,-0.8765280939623779,-0.9240053572185605,0.04747726325618262,161.47221131840266,157.5001579284668,153.52810453853093,369850.0,0.681357307016358,2.3823042473038645,0.0,0.2277027285789046,0.5959315304422619,3.203866757071383,-0.5487223325505663
2024-03-01,156.92153930664062,157.84733009901018,155.99574851427107,155.99574851427107,342000,156.92153625488282,157.3844337463379,161.77422688802082,44.21754387753354,-0.8835498738987155,-0.9159142605545916,0.03236438665587604,161.2776253484758,157.3844337463379,153.4912421442,370650.0,0.9227033589639821,2.311541987817831,0.5934754963081046,-0.10426928511686473,-0.16259934881998062,2.8129767767489433,3.4023000618559562
2024-03-04,155.06996154785156,157.3844385858792,154.60706614024605,156.92154317827368,749000,156.1809051513672,157.24556503295898,161.72022247314453,39.32493932713093,-1.026686532682163,-0.9380687149801059,-0.08861781770205712,161.26531317597104,157.24556503295898,153.2258168899469,397550.0,1.8840397434284997,2.37365271552654,-1.1799385648205374,-0.17586998206308158,1.9506877426717306,-1.5528742244373395,1.6007144031102483
2024-03-05,153.21836853027344,155.06995002308642,152.7554731570702,155.06995002308642,776000,155.44027099609374,157.10669631958007,161.56592381795247,35.1378782544743,-1.274835933043704,-1.0054221585928256,-0.26941377445087844,161.48421899182762,157.10669631958007,152.72917364733252,413250.0,1.8777979431336964,2.365764138893848,-1.1940371939840544,-0.1584294895698446,0.4227301850537213,-3.6179262506481624,0.0
2024-03-06,159.23602294921875,162.93918627361919,155.53285962481831,155.53285962481831,1515000,156.08832702636718,157.29185485839844,161.49648946126302,52.746979824717734,-0.9746861257411013,-0.9992749520224808,0.024588826281379594,161.70223067127296,157.29185485839844,152.88147904552392,476950.0,3.17643358842646,3.346437952820768,3.9275019546734846,0.09901968214427459,0.5804392720889506,0.8182944542059367,0.8315265754554879
2024-03-07,156.92153930664062,159.69891168374932,156.92153930664062,159.69891168374932,496000,156.273486328125,157.3381446838379,161.3961954752604,47.41516708085092,-0.9130496598750426,-0.9820298935929932,0.06898023371795059,161.71051228351465,157.3381446838379,152.96577708416115,488950.0,1.0144186522139278,3.2705625427258243,-1.4534924947957495,-0.2425451004595569,0.9952604831186207,6.879665226661902,1.8229051044968303
2024-03-08,158.7731170654297,162.01338476064254,157.84732629536887,159.6989078354905,1499000,156.6438018798828,157.5233024597168,161.32676111857097,51.62772893916705,-0.7066496484825393,-0.9269538445709025,0.22030419608836316,161.8039176512402,157.5233024597168,153.2426872681934,545800.0,2.746427262733602,3.5134002642293027,1.1799385648205263,-0.09280926429229286,0.4661471561968833,-4.83365740174051,-1.0230225879252375
2024-03-11,161.0876007080078,162.93918232534125,159.2360190906744,159.2360190906744,833000,157.84732971191406,157.77789535522462,161.32676111857097,56.336437424125094,-0.3522560766333811,-0.8120142909833982,0.45975821435001707,162.27612537247364,157.77789535522462,153.2796653379756,578300.0,1.440428843160989,3.6004222636536043,1.4577301783552876,0.05789736572445747,-0.2994150887593805,3.356556843968206,-0.1722646374109571
2024-03-12,160.6247100830078,162.01339633732775,159.6989192467945,162.01339633732775,443000,159.32859802246094,158.0556327819824,161.31904627482098,55.17954652135327,-0.107508728869675,-0.6711131785606537,0.5636044496909787,162.53577693246282,158.0556327819824,153.575488631502,589200.0,0.751866938221317,3.4289629072375565,-0.2873533549233587,-0.28868258741585606,0.9554392072756546,1.2132326988749886,0.2588384986862202
2024-03-13,157.3844451904297,161.08760860667508,156.921549763399,161.08760860667508,667000,158.95828247070312,158.12506790161132,161.21875228881837,47.78249471557543,-0.1730126076209615,-0.5714930643727153,0.3984804567517538,162.5128849218024,158.12506790161132,153.73725088142024,591650.0,1.1273557001605679,3.527242365376024,-2.0172891773025614,0.11670135758301559,0.07009439745004897,-3.269157365252817,-2.247184670606117
2024-03-14,158.3102264404297,160.1618080362242,156.92154024358382,158.3102264404297,335000,159.23601989746095,158.1945022583008,161.17246271769207,49.85099416625114,-0.14851016097171055,-0.48689648369251437,0.3383863227208038,162.54592879923703,158.1945022583008,153.84307571736454,591300.0,0.5665482834432606,3.4889790890112695,0.5882291918237748,0.02484507667166458,0.047219568149703406,-3.404682990967156,-2.077804497861324
2024-03-15,156.45864868164062,156.92154409194134,155.0699624507385,156.92154409194134,484000,158.77312622070312,158.14821243286133,161.0875986735026,45.9320142363433,-0.27532487257758476,-0.44458216146952845,0.1692572888919437,162.5552636417201,158.14821243286133,153.74116122400255,595150.0,0.8132403595732168,3.455817075768592,-1.169588219549289,0.38016886083072077,-1.2810760745144978,-2.9804269495095626,0.13543054160063406
2024-03-18,156.45864868164062,156.45864868164062,156.45864868164062,156.45864868164062,0,157.8473358154297,157.98619918823243,160.94873021443684,45.9320142363433,-0.3715435227237549,-0.42997443372037375,0.058430910996618846,162.39145830622383,157.98619918823243,153.58094007024104,571400.0,0.0,2.9950414656661133,0.0,0.24646821955720544,1.0026653594563673,-1.4024349048200713,-3.426508376877513
2024-03-19,156.92153930664062,157.84733009901018,155.53285311808628,156.45864391045583,420000,157.10670166015626,157.75475158691407,160.85615107218425,47.136931917197145,-0.4057686429497096,-0.4251332755662409,0.01936463261653132,161.84679585369406,157.75475158691407,153.66270732013407,558250.0,0.7523510971786834,2.9042995343671514,0.295854929657402,0.11802450064548609,-0.1139364284441946,0.29802387105475336,0.32679916332511993
2024-03-20,157.3844451904297,158.31023604449103,156.45865433636834,157.3844451904297,338000,157.10670166015626,157.6390281677246,160.67870814005533,48.37592384944826,-0.39103208666548994,-0.41831303778609075,0.027280951120600805,161.62921211376894,157.6390281677246,153.64884422168026,557600.0,0.6061692969870875,2.7639371575345573,0.2949919340801799,0.2825426998389391,-0.36636586659868353,2.0664488930010494,0.837604760190902
2024-03-21,158.7731170654297,160.1618032205209,156.92153552530806,158.31022168039928,505000,157.19927978515625,157.56959381103516,160.50897954305012,52.009723568039554,-0.26425290197937557,-0.38750101062474773,0.12324810864537217,161.42084880158376,157.56959381103516,153.71833882048657,570950.0,0.8844907610123478,2.827447895891663,0.8823437877356621,0.10021719335595591,2.0957905899499973,0.2778868404402557,2.768811704172447
2024-03-22,163.40208435058594,164.3278751967649,160.16181638895958,160.62471181204907,1927000,158.5879669189453,157.73160781860352,160.44726028442383,61.690039892976486,0.20734929568720872,-0.26853094936235644,0.47588024504956516,162.2558397495783,157.73160781860352,153.20737588762873,649950.0,2.964843449496115,3.1910892606174683,2.915460356710553,0.3803263646266597,0.14525329595025394,-1.4515683449992545,-1.1674999465508873
2024-03-25,163.40208435058594,163.40208435058594,163.40208435058594,163.40208435058594,0,159.97665405273438,157.96305618286132,160.40097096761068,61.690039892976486,0.5744752420563088,-0.09992971107862339,0.6744049531349322,163.13839039260608,157.96305618286132,152.78772197311656,632750.0,0.0,2.765610692535139,0.0,0.16309646746559547,-0.17885564059555437,-1.5265122991294788,2.271691300296008
2024-03-26,163.40208435058594,163.40208435058594,163.40208435058594,163.40208435058594,0,161.27276306152345,158.2870834350586,160.3469665527344,61.69003989297648,0.8555628041169427,0.09116879196048983,0.764394012156453,163.97405463281734,158.2870834350586,152.60011223729987,600600.0,0.0,2.3968626001971205,0.0,-0.6294041552667218,-0.3256683411952621,-0.8838747862208174,-1.5992825915096542
2024-03-27,164.79075622558594,165.71654699089822,157.38443010308768,157.38443010308768,1280000,162.7540252685547,158.72683410644532,160.3083918253581,64.38203910636946,1.1768153421517127,0.3082981019987344,0.8685172401529783,164.99794920011058,158.72683410644532,152.45571901278007,643050.0,1.990513956924034,3.1882298385455767,0.8498495478310719,0.4767770651749492,0.36583082987935445,3.731652138125008,3.2957002344911057
2024-03-28,165.253662109375,168.95682540594362,160.16181257659315,163.4020804610907,2890000,164.05013427734374,159.1897300720215,160.2852470397949,65.25841535170804,1.4520248901205264,0.5370434596230929,0.9149814304974335,165.9589774375633,159.1897300720215,152.42048270647967,774950.0,3.7292728563133104,3.935800903986229,0.2809052488085939,0.29512331100887135,-0.2651883338017913,-2.7245040893594696,-0.874119365546322
2024-03-29,169.8826141357422,170.80840494847104,163.86497385300473,165.7165554784624,3789000,165.346240234375,159.83778381347656,160.36239624023438,72.53563878288666,2.0203587444487994,0.8337065165882342,1.1866522278605651,168.0257271863972,159.83778381347656,151.64984044055592,947300.0,3.999788873640874,4.33681826285024,2.801119180828482,0.12101572572218444,0.7341129462103524,-2.7245040893594696,-0.874119365546322
2024-04-01,171.27130126953125,172.65998749604097,169.88261504302153,172.1970920872044,2303000,166.92008361816406,160.64785079956056,160.33153661092123,74.27645648665985,2.5533889857837835,1.177643010427344,1.3757459753564394,169.97602545085155,160.64785079956056,151.31967614826956,1025000.0,2.246829268292683,4.128892275843379,0.8174392305262401,-0.26266618358599114,-0.35536387239506473,0.4078795512111322,-0.7054939613681643
2024-04-02,170.80841064453125,171.73420148813304,169.88261980092946,171.73420148813304,1030000,168.40134887695314,161.52735290527343,160.31610692342122,72.62402759627075,2.904981073886262,1.5231106231191278,1.381870450767134,171.21608528163077,161.52735290527343,151.8386205289161,1037700.0,0.992579743663872,3.825250864024739,-0.2702674771364877,0.25364619011380984,1.207774937069206,-4.563297477072304,-2.397850299770321
2024-04-03,170.3455047607422,170.80840015411377,166.64234161376953,169.41971397399902,1052000,169.51229858398438,162.08282699584962,160.3083918253581,70.92473439390575,3.1104127980644876,1.8405710581082,1.2698417399562876,172.46731311100967,162.08282699584962,151.69834088068956,1014550.0,1.0369129170568232,3.870693286256336,-0.27100883501129935,0.07497134359799595,-0.6301529819396801,0.35471053929143626,0.955419252211609
2024-04-08,169.4197235107422,171.73420060788348,168.4939326718857,171.73420060788348,436000,170.34551086425782,162.70773620605468,160.26981735229492,67.52195823144338,3.1620657836962494,2.10487000322581,1.0571957804704395,173.2868546734612,162.70773620605468,152.12861773864816,1011550.0,0.4310216993722505,3.7866365728885305,-0.5434726623988695,0.19719823058421682,0.39384986878232553,-0.8222730775152898,0.5938698759691219
2024-04-09,170.3455047607422,176.82604026794434,170.3455047607422,173.12287712097168,2468000,170.4380889892578,163.2863555908203,160.26981735229492,69.11758600720404,3.2403512051035364,2.3319662436013555,0.9083849615021808,174.21933393704103,163.2863555908203,152.35337724459959,1060000.0,2.328301886792453,4.2692605974636795,0.5464424276086621,-0.1195805343893186,1.85378379779646,3.1854580965908985,2.2706415468776386
2024-04-10,174.51156616210938,175.43735696403039,170.80840295442536,171.73419375634634,1955000,171.08614196777344,163.9575538635254,160.39325612386068,75.05643458360636,3.5970942401601462,2.5849918429131136,1.0121023972470327,175.92178353828476,163.9575538635254,151.99332418876602,1116100.0,1.7516351581399516,4.378939478240282,2.445653853454255,-0.33236826467953895,-0.1570956381565347,-2.410486362592179,-3.4635833505281877
2024-04-11,174.0486602783203,178.6776140091267,173.12286953215903,176.82603251680413,2192000,171.73419189453125,164.628751373291,160.57841415405272,73.36813235677758,3.798674277008672,2.827728329732225,0.970945947276447,177.29150836661125,164.628751373291,151.96599437997077,1203550.0,1.8212787171284948,4.5357134780706,-0.2652579963433821,0.6782125595073074,-0.04964759893468784,1.978903727801562,1.2879649660074488
2024-04-12,167.10523986816406,174.97446169021057,167.10523986816406,174.04867088761685,3404000,171.0861389160156,165.11479110717772,160.6555633544922,53.814514156520474,3.3594265321110583,2.934067970207992,0.4253585619030664,177.3456326277144,165.11479110717772,152.88394958664105,1340400.0,2.5395404356908386,4.980181257267389,-3.989355849710685,0.1289503566611172,-0.08023039345643745,-5.609063980255213,-1.8165260102143366
2024-04-15,168.49392700195312,169.88261321350768,165.716554578844,167.10524079039857,820000,170.9009796142578,165.6239761352539,160.74042739868165,56.32177916816738,3.0877809588085086,2.964810567928095,0.1229703908804134,177.50496600773386,165.6239761352539,153.74298626277397,1364650.0,0.6008866742388158,4.87163157425356,0.8310254872226919,0.09155415847534876,-1.3830675802599668,-1.5006002538399454,-0.9250717354782112
2024-04-16,163.40208435058594,166.6423523122123,162.93918892749645,166.6423523122123,1034000,169.51229553222657,165.97114791870118,160.7481424967448,46.37968703082788,2.4335779652708425,2.8585640473966447,-0.42498608212580224,177.10689531156302,165.97114791870118,154.83540052583933,1392150.0,0.7427360557411199,4.96271244094731,-3.021973991565974,0.4179325060941874,-2.678800819309357,-1.4015816232478495,-0.42018509115280267
2024-04-17,164.79075622558594,166.17944237355437,163.4020700776175,163.4020700776175,385000,167.56813354492186,166.38775329589845,160.7944320678711,49.02263231844561,2.004069923721147,2.6876652226615456,-0.6835952989403986,176.6111281068701,166.38775329589845,156.1643784849268,1411400.0,0.2727788011903075,4.671333754945916,0.8498495478310719,0.33683409634026606,1.5645148817386545,-0.38627934994541757,-1.1251431022928915
2024-04-18,170.80841064453125,170.80841064453125,164.79077016111958,165.2536655829205,1117000,166.92008361816406,167.08209686279298,160.94101587931314,58.55575795850832,2.1247631790186006,2.5750848139329565,-0.45032163491435595,176.44887307418014,167.08209686279298,157.71532065140582,1446250.0,0.772342264477096,4.850843176812503,3.6516941585652996,-0.4920221304314132,0.4347088791672782,-2.388709301021086,-0.04741880886390826
2024-04-19,163.86497497558594,169.41971989001257,161.55049792790817,168.0310336614059,1015000,166.27203063964845,167.40612335205077,160.97187576293945,47.51455417941884,1.641217292295721,2.38831130960551,-0.7470940173097889,175.7532491830915,167.40612335205077,159.05899752101004,1480100.0,0.6857644753732856,5.438452448787246,-4.06504319239599,0.2408928500440055,-3.8129771043774907,-3.527731145617896,-0.8539053686059783
2024-04-22,161.0876007080078,166.6423455600081,160.1618098993411,164.3278685383413,446000,164.79076538085937,167.5218475341797,160.9487309773763,43.9450989444026,1.0221105472525096,2.11507115713491,-1.0929606098824003,175.4169627450745,167.5218475341797,159.6267323232849,1477150.0,0.3019327759536946,5.577396877037879,-1.6949163590278649,0.2717815335421703,-0.59352553064973,-0.09882648574951469,0.6698697325461689
2024-04-23,162.0133819580078,164.32785884312221,161.55048658098494,163.86496346609934,256000,164.51302490234374,167.4524124145508,160.91015625,45.417041987838246,0.5992589174066723,1.8119087091892625,-1.2126497917825902,175.52256964925988,167.4524124145508,159.3822551798417,1393600.0,0.18369690011481057,5.2657783781147485,0.5747067098467173,0.2430425847365969,0.9688138454874373,1.6982666997252815,2.5665386078847163
2024-04-24,172.19708251953125,172.65997790264828,164.32786100654192,164.32786100654192,2624000,165.99429016113282,167.89216232299805,161.13388900756837,58.36765241763277,1.0735107175360952,1.6642291108586291,-0.590718393322534,175.99147310402228,167.89216232299805,159.79285154197382,1524800.0,1.7208814270724029,5.983220720318178,6.285715684993809,-0.24398701951591217,2.716737332198216,6.241891139870881,3.2437522400703855
2024-04-25,171.73419189453125,173.12287808235766,170.808401102647,171.27129649858912,1081000,166.1794464111328,168.30876770019532,161.38848139444988,57.697539618133945,1.3959160299732503,1.6105664946815534,-0.21465046470830318,176.2919560499341,168.30876770019532,160.32557935045654,1578850.0,0.6846755549925578,5.494054888237176,-0.2688144411201021,0.3808770229507319,-1.3626259295338894,1.2971135204562723,-0.8079050059020099
2024-04-26,170.3455047607422,174.51156330108643,170.3455047607422,173.58577251434326,1068000,167.47555236816407,168.5865051269531,161.61992899576822,55.63393644341017,1.5218264489311935,1.5928184855314815,-0.07099203660028808,176.4398019691322,168.5865051269531,160.73320828477404,1568250.0,0.681013868962219,5.316988708518117,-0.8086258877567643,-0.2951578331521709,1.3248943960749937,2.5308833604829273,2.3981768416344806
2024-04-29,172.6599884033203,173.58577922585823,170.8084067582445,172.19709299205135,691000,169.79002990722657,168.9568214416504,161.8822364807129,58.31022439088834,1.7877626352841673,1.631807315482019,0.15595531980214838,176.84679547400654,168.9568214416504,161.06684740929424,1458300.0,0.4738394020434753,5.0400934760645075,1.3586995711033945,0.08607137638918516,1.863818412124374,4.05524865594411,1.9443373726286906
2024-04-30,172.6599884033203,180.0663149836236,172.19709299205135,174.97446545966508,2741000,171.91935119628906,169.0956901550293,162.10596923828126,58.31022439088834,1.9757438338765496,1.7005946191609251,0.2751492147156245,177.15032192668934,169.0956901550293,161.04105838336926,1405900.0,1.9496407994878726,5.417310611465542,0.0,-0.3839184473235724,-0.48264169017123715,-0.9319345319950378,0.30340855239061604
2024-05-02,174.0486602783203,174.51155565140095,172.6599741590784,173.12286953215903,444000,172.28966674804687,169.23455810546875,162.37599131266276,59.989681215940436,2.2112841950657582,1.8027325343418918,0.4085516607238664,177.53901644907648,169.23455810546875,160.93009976186102,1312950.0,0.33816977036444645,4.941880062246479,0.8042812280029565,-0.4225153435658102,-0.8538685839082238,1.4490653079910487,1.6194446869421286
2024-05-03,172.19708251953125,174.97445481823337,171.27129175329722,174.51155943511634,530000,172.3822448730469,169.30399169921876,162.64601364135743,56.70932673908565,2.222920335523497,1.886770094578213,0.3361502409452841,177.68670892504505,169.30399169921876,160.92127447339246,1287950.0,0.41150665786715324,4.776717795938435,-1.063827642125037,-0.4002988704028487,0.5334710464831138,0.514213111508055,0.7968183116583205
2024-05-06,171.73419189453125,174.0486688742419,171.73419189453125,174.0486688742419,289000,172.65998229980468,169.3734260559082,162.9160359700521,55.8865674927637,2.169778796445968,1.9433718349517641,0.2264069614942037,177.81526365023848,169.3734260559082,160.93158846157792,1249800.0,0.23123699791966715,4.448419020441398,-0.2688144411201021,-0.21362587285993495,0.9492729647566867,-0.9947485438612125,1.4053578573511416
2024-05-07,167.56813049316406,173.12287515039603,167.56813049316406,173.12287515039603,577000,171.64161071777343,169.2808464050293,163.1089090983073,48.99661367835595,1.7710814811456999,1.9089137641905514,-0.1378322830448515,177.76107086993812,169.2808464050293,160.8006219401205,1256850.0,0.45908421848271475,4.595929105346807,-2.425877663270304,-0.043067197592394635,0.6344919339527744,1.6075825692805301,-0.519720700804216
2024-05-08,172.19708251953125,172.19708251953125,167.56812868836107,167.56812868836107,494000,171.5490295410156,169.37342529296876,163.39436111450195,55.55337480428961,1.8077896552372579,1.888688942399893,-0.08089928716263506,177.94254981723333,169.37342529296876,160.8043007687042,1158150.0,0.4265423304407892,4.600332402123256,2.7624298324173457,0.31243083104899316,0.22746944638225575,-0.16951934599525043,-1.7413801442344279
2024-05-09,170.3455047607422,172.6599817276001,169.41971397399902,170.3455047607422,392000,170.8083984375,169.16512222290038,163.63352381388347,52.63838611127188,1.668243820502596,1.8445999180204338,-0.17635609751783776,177.40454792215382,169.16512222290038,160.92569652364693,1080000.0,0.362962962962963,4.418990448986966,-1.0752666257159427,-0.09516764309563941,-0.6750569718193655,0.834871915341906,2.126698830278695
2024-05-10,174.0486602783203,174.0486602783203,169.88260192059454,171.7341834129171,630000,171.1787139892578,169.16512222290038,163.94983545939127,57.447511191262464,1.8353101300699564,1.8427419604303386,-0.007431830360382197,177.40454792215382,169.16512222290038,160.92569652364693,1001900.0,0.6288052699870247,4.38526617015214,2.1739085647016987,0.01793319460277054,0.720159390313424,-1.1226537016213012,-2.3427322396370354
2024-05-13,171.73419189453125,174.0486688742419,170.808401102647,173.12287808235766,616000,171.1787139892578,169.39656982421874,164.21214294433594,53.7724593903475,1.7606573661515768,1.8263250415745862,-0.06566767542300944,177.65240398620358,169.39656982421874,161.1407356622339,862500.0,0.7142028985507246,4.232599717011177,-1.3297823609144777,0.26346452966479195,0.7188770345091466,2.653992010899886,0.8884962784613037
2024-05-14,173.1228790283203,174.9744606222061,172.65998362984885,174.9744606222061,486000,172.28966369628907,169.6280174255371,164.4821652730306,55.607475706420644,1.7928827228579394,1.8196365778312569,-0.026753854973317504,178.03545204897787,169.6280174255371,161.22058280209635,845800.0,0.5746039252778434,4.100288918433,0.8086258877567643,-0.16192227613095467,0.6143467624945442,0.9124789382094045,2.7300870958450574
2024-05-15,172.6599884033203,174.97446545966508,172.19709299205135,174.97446545966508,283000,172.3822448730469,170.09091262817384,164.73675765991212,54.82623259288594,1.7607730496465592,1.8078638721943174,-0.047090822547758204,178.06321615164495,170.09091262817384,162.11860910470273,808250.0,0.350139189607176,3.923900058323764,-0.26737692187077666,-0.17854125279843647,0.768905386860852,2.3975887809535745,1.6716516205276477
2024-05-16,172.19708251953125,174.51155943511634,172.19708251953125,174.04866405199934,410000,172.7525604248047,170.4612289428711,164.9450604756673,54.009051015886094,1.678623143441996,1.7820157264438532,-0.10339258300185716,178.0770064958049,170.4612289428711,162.84545138993727,809500.0,0.506485484867202,3.7093103059586077,-0.2681025801459902,-0.8739389928487662,0.7426455838037249,-2.3280678532277554,0.3794420192504866
2024-05-17,172.19708251953125,173.12287328576528,171.73418713641422,171.73418713641422,197000,172.3822448730469,170.5306625366211,165.12250366210938,54.009051015886094,1.5951310728436567,1.744638795723814,-0.14950772288015735,178.18499125718625,170.5306625366211,162.87633381605593,763500.0,0.25802226588081206,3.3998937517442682,0.0,0.28877622974334827,-0.21492914094993765,0.23287420403468317,0.5039962031324174
2024-05-20,170.3455047607422,172.6599817276001,169.8826093673706,172.19708633422852,363000,172.10450744628906,170.8546890258789,165.29994684855143,50.51620454002782,1.363834716855024,1.668477979950056,-0.304643263095032,177.8403824239686,170.8546890258789,163.86899562778922,730900.0,0.49664796825831165,3.316890899542298,-1.0752666257159427,0.12515050063168776,0.06190547021835968,1.5170160422699919,0.3343125462154317
2024-05-21,171.73419189453125,172.6599826864155,170.34550570670484,170.34550570670484,285000,171.82677001953124,171.38701858520508,165.49281997680663,52.972668659723645,1.2778558079712354,1.5903535455542919,-0.31249773758305643,176.64878933157172,171.38701858520508,166.12524783883845,722850.0,0.39427267067856403,3.183235836359767,0.8152179511514257,0.12995161060771476,-0.16397830333553243,-1.9655346102127047,-1.665984739901416
2024-05-22,174.97447204589844,175.90026290328413,172.1970994737413,173.58578575981988,913000,172.28966674804687,172.03507308959962,165.7396977742513,58.188312742210066,1.4544148423397587,1.5631658049113852,-0.10875096257162653,175.21775203368549,172.03507308959962,168.85239414551376,755700.0,1.208151382823872,3.3142805260121824,1.8867996615124616,0.09004381018689056,1.4836548818675244,4.765176098936119,0.7200194753019362
2024-05-23,175.43736267089844,179.14052599904406,174.04867642284384,175.43736267089844,1182000,172.9377227783203,172.19708709716798,166.0174352010091,58.889749060231466,1.6130957898668044,1.573151801902469,0.03994398796433529,175.7255942082641,172.19708709716798,168.66857998607185,683600.0,1.7290813341135167,3.551289732703921,0.26454751918243424,-0.033810014699131585,0.25798091936253265,-6.082054442214657,-1.0092388742360736
2024-05-24,187.93551635742188,191.17578388082572,173.12286482186153,175.43734162429283,4578000,176.08540954589844,173.0071533203125,166.53433481852213,72.3684484199471,2.7160393244341208,1.8017293064087996,0.9143100180253212,180.86776745797533,173.0071533203125,165.1465391826497,858450.0,5.332867377249694,5.484840309538624,7.123997702797569,-0.0096243747411906,-0.19479338523243905,1.2700572412216449,1.9541152075655877
2024-05-27,188.3984375,190.71291461916462,186.08396038083538,189.78712377149876,1591000,179.69599609375,173.9097999572754,167.07437973022462,72.7251508395191,3.586145041529477,2.1586124534329354,1.4275325880965415,184.24126233984504,173.9097999572754,163.57833757470576,884600.0,1.798553018313362,5.370722166710707,0.246319137303308,-0.09869189434805747,1.105615256831216,1.2700572412216449,1.9541152075655877
2024-05-28,187.00975036621094,193.95318169168905,186.5468549445124,189.7871228964022,1744000,182.75110778808593,174.6272880554199,167.59127985636394,69.81360954284573,4.116205589361414,2.5501310806186313,1.5660745087427825,186.47510983566588,174.6272880554199,162.77946627517395,937250.0,1.860762870098693,5.642136110772833,-0.7371011947957751,-0.36968990725814166,0.25060173618918213,1.5022105898018445,-0.7500219730547597
2024-05-29,189.787109375,192.56448170731707,187.47263243140245,188.86131859756097,1146000,185.71363525390626,175.4836441040039,168.13903935750326,72.20990644134437,4.706142570963777,2.9813333786876606,1.7248091922761168,189.07965501533377,175.4836441040039,161.88763319267403,857500.0,1.3364431486880466,5.630482141483941,1.485141284532121,0.3236723675793307,-0.8962690097293446,-3.5845204819456855,-1.8471771041361884
2024-05-30,195.80474853515625,201.8223885610594,187.93552696282137,192.5644808289007,3732000,189.7871124267578,176.5714485168457,168.81795247395834,76.55296914434533,5.594752246579617,3.504017152266052,2.090735094313565,192.8923516345277,176.5714485168457,160.25054539916368,1021900.0,3.6520207456698306,6.731332735717819,3.170731236685853,0.6315619238836723,-1.3757393248701622,1.5490753992807749,0.08553998717286682
2024-05-31,191.17579650878906,201.82239050322525,189.78711033560174,201.82239050322525,3088000,190.43516845703124,177.5203842163086,169.45057627360026,67.77817060561671,5.857937417718546,3.974801205356551,1.8831362123619946,194.94032890409702,177.5203842163086,160.10043952852018,1149800.0,2.6856844668638025,7.438525726638579,-2.364065254288805,-0.0636234547158887,-0.8905424398374384,1.2896967096160061,0.9829249109723603
2024-06-03,192.10159301757812,192.56448842243975,187.93553437382343,192.10159301757812,966000,191.17579956054686,178.53875427246095,169.9983357747396,68.55450895129044,6.071232217258228,4.394087407736887,1.6771448095213408,196.89085911943414,178.53875427246095,160.18664942548776,1183650.0,0.8161196299581802,7.0639161695689445,0.4842644967070875,0.3356387546574968,1.7121719263391677,0.20536900876053643,1.0156452713743436
2024-06-04,192.10159301757812,194.41607004188631,190.2500113981316,190.71290680299322,892000,192.1941680908203,179.76542739868165,170.5846700032552,68.55450895129044,6.169155695903157,4.749101065370141,1.4200546305330164,198.30869284119828,179.76542739868165,161.22216195616502,1199400.0,0.7437051859262965,6.677535166127049,0.0,-0.46419102039185756,-0.8364332748305281,-2.281740323313697,-4.105577474812394
2024-06-05,189.787109375,193.0273770960366,188.86131859756097,192.10158631859755,863000,192.1941680908203,180.6449287414551,171.10156987508137,64.07820926954349,5.99094142767396,4.997469137830905,0.993472289843055,199.34468447431595,180.6449287414551,161.94517300859422,1217850.0,0.7086258570431498,6.342671610440192,-1.20482272230108,0.04487073545036413,0.6005712697569221,4.222601250294833,1.8785624795669698
2024-06-06,194.41607666015625,195.8047629220145,189.78712245396204,194.41607666015625,951000,191.91643371582032,181.84845733642578,171.65704447428385,68.50723855854218,6.152304374997783,5.228436185264281,0.9238681897335024,200.8530599108836,181.84845733642578,162.84385476196798,1245800.0,0.7633649060844437,6.2993358686501,2.439031449712359,-0.23756310030170757,1.944708756402913,-2.803868985262903,-0.9862708948087162
2024-06-07,196.2676544189453,200.89660853259969,194.878968184849,199.04502688713794,1710000,192.93480529785157,182.95940704345702,172.25109354654947,70.09552657995374,6.356320814485372,5.4540131111085,0.9023077033768718,202.63024086646047,182.95940704345702,163.28857322045357,1299800.0,1.315587013386675,6.323495335822545,0.9523789341895128,-0.13363032114330764,-0.20234199872982694,-0.19323588067016173,-1.9922162833000745
2024-06-11,193.9531707763672,201.35949710672963,193.02737998507186,199.0450201284914,1049000,193.30512084960938,184.07035598754882,172.8605723063151,65.63918433962597,6.259094876049346,5.615029464096669,0.6440654119526767,203.5809270784153,184.07035598754882,164.55978489668234,1321450.0,0.7938249650005675,6.591311573933909,-1.1792486385136636,-0.2190993617724568,-0.3031410202626317,0.6530657917463767,0.4860843431571782
2024-06-12,198.58213806152344,199.50792891495712,194.87897464778874,197.19345178137294,1159000,194.60122985839843,185.34331893920898,173.53177083333333,69.77758117053256,6.4808543387567,5.7881944390286755,0.6926598997280244,205.16612451391345,185.34331893920898,165.52051336450452,1355100.0,0.8552874326617962,6.45310444922138,2.3866417169810417,-0.0562872544702997,1.1785994524791121,3.027842338641351,2.4626165966135094
2024-06-13,196.2676544189453,199.50792229850336,194.878968184849,199.04502688713794,829000,195.8973388671875,186.52370223999023,174.19525426228842,65.52796195869948,6.396110443877205,5.9097776399983815,0.48633280387882394,205.9745327540163,186.52370223999023,167.07287172596415,1382400.0,0.5996817129629629,6.209884404479112,-1.1655044432349992,-0.3552426383712781,1.193154297591259,-1.5481504674330404,-0.8189680109805031
2024-06-14,190.71290588378906,197.19344152061683,188.86132427326683,197.19344152061683,1309000,195.15670471191407,187.44949340820312,174.7661585489909,56.61608979393725,5.813711663672791,5.890564444733263,-0.076852781060472,205.75822555159223,187.44949340820312,169.14076126481402,1427350.0,0.9170841069114093,6.492848783528563,-2.8301905128489957,0.3043370457556316,0.863577013670791,-4.09115092932918,-3.129054639270168
2024-06-17,209.69161987304688,209.69161987304688,194.41607140547393,196.267653037907,5571000,197.84149780273438,189.3242202758789,175.64565989176432,71.08537135186143,6.805134685007033,6.073478492788017,0.7316561922190159,208.70424298245825,189.3242202758789,169.94419756929955,1696050.0,3.284690899442823,8.15763081095913,9.951457611800274,0.15480119319866148,-0.03639861324233884,-1.7229371164896312,0.3589129802493707
2024-06-18,213.857666015625,215.24635215858362,205.9884445388596,211.0802937297078,4259000,201.82239685058593,191.49982833862305,176.5868802388509,73.19847030732171,7.836673386200999,6.426117471470614,1.4105559147303852,211.6626549414155,191.49982833862305,171.3370017358306,1890850.0,2.2524261575481925,8.304334385461116,1.986748991256948,-0.14838275415750557,1.159736185000071,0.0,-0.13413114538608495
2024-06-19,205.5255584716797,215.2463619129078,205.06266306971645,215.2463619129078,2137000,203.2110809326172,193.18939666748048,177.36608759562174,63.24362638924783,7.890882611423393,6.7190704994611705,1.1718121119622227,211.99595144800185,193.18939666748048,174.3828418869591,1983450.0,1.0774156142075677,8.55491631315848,-3.8960995409612953,0.14396198742181454,1.986645158123146,0.0,-0.13413114538608495
2024-06-20,208.7658233642578,211.0803003416886,203.2110786184239,206.91424178231316,1610000,205.7107147216797,194.87896423339845,178.12214991251628,65.2243247979821,8.101912307955189,6.995638861159974,1.1062734467952149,212.84829311030012,194.87896423339845,176.90963535649678,2018300.0,0.7977010355249468,8.46349036783931,1.5765751552620832,0.10293992607994795,0.8468955214737006,-4.382872835268614,0.7162015690245882
2024-06-21,203.67398071289062,209.69162105213513,202.7481898914684,208.76583023071288,1266000,208.3029296875,196.29079513549806,178.79334818522136,59.7733700089405,7.7687326016193765,7.150257609251854,0.6184749923675223,212.1405556848882,196.29079513549806,180.44103458610792,2022500.0,0.6259579728059332,8.260815806882967,-2.4390211813946516,-0.12290844763791497,-0.6524324296809936,1.3159831817137313,-0.39998858470932097
2024-06-24,200.4337158203125,205.988460831499,199.97082040271363,205.988460831499,717000,206.45134887695312,196.91570510864258,179.41054204305013,56.53539393904064,7.160679135405701,7.152341914482624,0.008337220923077204,212.35873234696777,196.91570510864258,181.4726778703174,1829450.0,0.3919210691737954,7.961725756469955,-1.5909076266083177,0.06802312668354737,-1.8908700814464607,-1.0653761869571454,-1.5171809895136001
2024-06-25,212.00608825683594,216.17214675969953,200.4337035266593,200.4337035266593,3419000,206.0810333251953,198.09608764648436,180.19746424357098,64.02977279979899,7.525833005697052,7.227040132725509,0.2987928729715428,214.3837868228022,198.09608764648436,181.80838847016653,1920850.0,1.7799411718770337,8.998621420012661,5.773665567772035,-0.12823314551579923,0.27295654149688264,0.0737504376575826,-0.31719073925581265
2024-06-26,209.69161987304688,214.78346936223784,209.2287244649386,210.6174106892634,1097000,206.91424560546875,199.23018112182618,180.9380968729655,61.73701053138957,7.541527785073811,7.28993766319517,0.2515901218786407,215.42601924404678,199.23018112182618,183.03434299960557,1888500.0,0.5808842997087635,8.53943788365087,-1.0916990180891317,0.4702765421042532,0.4839958550256096,0.48644140458240503,0.18184028478340775
2024-06-27,207.84002685546875,215.70924836224597,207.37713147271717,212.46898068298478,1613000,206.72908630371094,200.1328269958496,181.57072041829426,59.88941830942264,7.320175502156758,7.295985230987489,0.024190271169269195,216.12369292381425,200.1328269958496,184.14196106788495,1911850.0,0.8436854355728745,8.511795084434596,-0.8830076369762074,0.3350392876177333,-0.3511118229512111,-0.45474192008262415,0.2268446717550221
2024-06-28,211.08029174804688,212.00608250132777,207.8400241115637,210.61739637140641,913000,208.2103485107422,200.89660415649413,182.2342035929362,62.03088194101248,7.321813214924191,7.30115082777483,0.020662387149361194,217.4658186515205,200.89660415649413,184.32738966146778,1770900.0,0.5155570613812186,7.932363525145191,1.5590187037607617,-0.1850665019445641,0.5512513704543975,1.0168028812263197,0.9506564548053875
2024-07-01,204.13687133789062,214.78346553465136,204.13687133789062,214.78346553465136,1361000,208.95097961425782,201.5446578979492,182.78967793782553,55.22666445850229,6.685765769530974,7.1780738161260595,-0.49230804659508554,217.51611523324308,201.5446578979492,185.57320056265533,1684550.0,0.807930901427681,8.294260948027263,-3.2894688332362976,-0.055340206795018165,0.11427590660921805,0.9190331515263273,-2.2869751297262764
2024-07-02,205.06265258789062,207.84002485770404,204.13686183128615,205.52554796619285,746000,207.56229248046876,202.19271087646484,183.368297068278,55.92092472062178,6.185098431749623,6.979478739250773,-0.7943803075011502,217.59244254710453,202.19271087646484,186.79297920582516,1673550.0,0.4457590152669475,7.682114558479347,0.4535100611332554,0.05445543450566248,-0.7771564734776915,5.406183647399776,0.7801519746291508
2024-07-03,206.45135498046875,212.00609995752174,203.67398249194227,206.45135498046875,963000,206.91423950195312,202.9101989746094,183.98549092610676,56.99807486328733,5.8331319228474,6.7502093759700985,-0.9170774531226984,217.6534782663276,202.9101989746094,188.16691968289118,1677100.0,0.5742054737344225,7.768781612759364,0.6772088310829316,0.15711929888313492,1.2808943510362658,-0.3291248900109567,1.2750456203008298
2024-07-04,207.37713623046875,212.46898555755615,206.4513454437256,209.69161319732666,1093000,206.82166137695313,203.78970031738282,184.60268478393556,57.73949156717592,5.56475174438728,6.513117849653535,-0.9483661052662553,217.28237237040355,203.78970031738282,190.2970282643621,1688600.0,0.6472817718820325,7.535296079568858,0.4484258531931573,0.14950641568265421,1.5108454922353465,-0.3291248900109567,1.2750456203008298
2024-07-05,206.45135498046875,209.69162288374966,205.52556415095992,209.69162288374966,461000,205.8958740234375,204.39146423339844,185.13501459757487,56.68694289619648,5.2172149037773465,6.253937260478298,-1.0367223567009516,217.1790003915823,204.39146423339844,191.60392807521458,1664100.0,0.27702662099633435,7.086064433331641,-0.44642397268478407,-0.3522176733286364,0.14479967883183065,0.9631218289804178,0.0
2024-07-08,200.4337158203125,207.8400425018945,198.582134149917,207.8400425018945,1396000,205.15524291992188,204.5997673034668,185.57476552327475,50.27193390750568,4.405433173671355,5.88423644311691,-1.4788032694455548,216.95865345626743,204.5997673034668,192.24088115066616,1648400.0,0.8468818247998059,7.375643622484419,-2.9147976096962624,-0.34946094601715494,1.365055591695996,2.2213204467469216,1.2140211455327732
2024-07-09,197.59068298339844,206.11977721289765,194.27381300525985,199.01219868831498,1581000,203.66084899902344,204.78164291381836,186.08285624186198,47.53497712926907,3.4924228377527413,5.405873722044077,-1.9134508842913354,216.57495492214372,204.78164291381836,192.988330905493,1675000.0,0.9438805970149253,7.971686367171536,-1.418440418209288,0.24079002019752327,0.09183997563149138,-2.0397263507847208,-1.9990902037479774
2024-07-10,197.59068298339844,201.38139152984255,195.22149014187087,201.38139152984255,1355000,201.8887145996094,204.7320701599121,186.56780217488605,47.534977129269066,2.7373016590387067,4.872159309443003,-2.134857650404296,216.6428559287309,204.7320701599121,192.8212843910933,1684800.0,0.8042497625830959,7.730115036611554,0.0,0.11240498501070562,0.44769724473825434,4.232434456827727,1.7225798436903528
2024-07-11,199.4860382080078,200.90755391970384,196.64300678461578,197.59068392574645,453000,200.31049499511718,204.89298934936522,187.1692014058431,49.65423309870932,2.265684609199809,4.350864369394364,-2.0851797601945545,216.40247286642145,204.89298934936522,193.383505832309,1666000.0,0.27190876350540216,7.268039316408423,0.9592330954028894,0.2442485876554823,1.5951511700039722,-3.0682838314205596,2.4955255258521047
2024-07-12,205.17210388183594,207.54129676730747,194.74765518576112,195.69533233994974,1124000,200.0546447753906,205.61594924926757,187.84222386678059,55.46603556205406,2.3239535884724205,3.945482213209975,-1.6215286247375547,214.99424130490323,205.61594924926757,196.23765719363192,1656750.0,0.6784366983552135,8.00478628509348,2.8503577117006795,-0.6140502852808205,-1.9397254657484875,3.542571334172928,0.9130522207808189
2024-07-15,185.74472045898438,208.01513337115853,185.27088188638493,208.01513337115853,3403000,197.116845703125,204.41860427856446,188.09116236368814,38.930320325377075,0.7933593409118487,3.31505763875035,-2.521698297838501,217.1287797459745,204.41860427856446,191.70842881115442,1548350.0,2.1978234895211033,9.970048311717497,-9.468823029684536,0.49773822276901747,-0.1570866870910903,-0.650448786437996,1.0340333211784403
2024-07-16,187.64007568359375,190.0092685583866,186.6923985336766,187.1662371086352,802000,195.12672424316406,203.10772476196288,188.48741404215494,40.78508144610513,-0.2636688902954063,2.599312332941199,-2.862981223236605,217.06563664887992,203.10772476196288,189.14981287504585,1375500.0,0.5830607051981098,9.20931495007546,1.0204086662198852,0.07988501995308539,0.49369257838391967,3.1033063139356276,3.326224794186472
2024-07-17,185.2708740234375,189.535420995844,184.32319691845828,188.58774389086477,592000,192.6627624511719,202.0949905395508,188.8904685974121,39.1831008955749,-1.2778162820480645,1.8238866099433462,-3.101702891991411,218.10291888751675,202.0949905395508,186.08706219158483,1298250.0,0.455998459464664,8.676369500383494,-1.2626309446556072,-0.03284897586730562,-0.9477322922418208,-4.165606893934259,0.1650964015869727
2024-07-18,183.849365234375,183.849365234375,180.0586566728415,183.849365234375,832000,189.53542785644532,200.84916763305665,189.25440165201823,38.213256285617206,-2.17121090796698,1.0248671063612809,-3.196078014328261,218.46833629367904,200.84916763305665,183.22999897243426,1259350.0,0.6606582760948109,8.214482547078495,-0.7672597198859599,-0.2226498352794204,-1.5622735237073582,-0.03975454500508846,-1.3185118406359053
2024-07-19,178.63714599609375,183.3755318315339,178.63714599609375,183.3755318315339,847000,184.2284362792969,199.5973258972168,189.36173604329426,34.81092408708315,-3.262210387077289,0.16745160767356693,-3.4296619947508558,219.7473888565935,199.5973258972168,179.4472629378401,1238400.0,0.6839470284237726,7.814180772572196,-2.8350488083745073,0.45613217759497005,-2.2617330175741857,-3.844626162198117,-1.7536451134378184
2024-07-22,175.3202667236328,180.05865231075802,172.4772353713577,180.05865231075802,748000,182.14354553222657,198.3416534423828,189.42150395711263,32.80900117487374,-4.344400229914669,-0.7349187598440803,-3.6094814700705884,221.21779921066326,198.3416534423828,175.46550767410235,1239950.0,0.6032501310536715,7.783145594815947,-1.8567690689222482,0.4350571135180781,-2.677259944243182,6.617955511572315,3.1449247911924383
2024-07-23,173.42491149902344,178.16329705910604,173.42491149902344,178.16329705910604,763000,179.3005126953125,196.4125946044922,189.47282740275065,31.68758559991676,-5.293957358546265,-1.6467264795845171,-3.6472308789617482,220.88798548907715,196.4125946044922,171.93720371990725,1107150.0,0.6891568441493926,7.377177590184835,-1.0810816456246486,0.08389052827177945,2.7625011418902057,-5.0950502367943855,-0.9888797594577614
2024-07-26,169.6342010498047,172.00339380189695,166.31733119687556,169.6342010498047,844000,176.17317810058594,194.40972366333008,189.4223976135254,29.514747696544262,-6.279975231815882,-2.5733762300307905,-3.706599001785092,220.79146621052436,194.40972366333008,168.0279811161358,1094500.0,0.7711283691183188,7.341231285113241,-2.185793503628286,-0.2194732292683632,-3.2906356086419675,3.8939846280241053,3.092780936251538
2024-07-29,165.843505859375,171.05573032924107,165.843505859375,169.63421456473213,523000,172.57200622558594,192.30989761352538,189.3087895711263,27.485109682860482,-7.283321327411045,-3.5153652495068415,-3.7679560779042034,220.7924055648131,192.30989761352538,163.82738966223766,1040000.0,0.5028846153846154,7.057363709746952,-2.23462908244354,0.47483004597199674,0.20470575104574174,11.543392739756197,0.2499928529415385
2024-07-30,168.68653869628906,169.6342158799761,163.47431418601047,165.84350714522802,567000,170.581884765625,190.1902099609375,189.21942087809245,31.300848010905213,-7.759623240645908,-4.364216847734655,-3.3954063929112532,219.09778265975834,190.1902099609375,161.28263726211665,1022700.0,0.5544147843942505,6.937702107642775,1.7142865029184717,0.15641212361443557,0.2665528397010952,-5.493797887806862,-0.9143629535139697
2024-07-31,166.7911834716797,168.6865378293124,166.7911834716797,166.7911834716797,188000,168.87606811523438,188.32292556762695,189.12932256062825,30.16139545935792,-8.195561928583402,-5.130485863904404,-3.0650760646789976,218.244214991803,188.32292556762695,158.4016361434509,964050.0,0.19501063222861884,6.2653891899049885,-1.1235960138003986,-0.2672783628201558,-0.1089865524954714,5.786127766209859,1.9714618896962133
2024-08-01,170.10804748535156,171.05572463011674,168.68653176820376,170.10804748535156,268000,168.2126953125,186.5751953125,189.1022201538086,34.645129395616706,-8.179119475836018,-5.740212586290728,-2.43890688954529,216.46294677577797,186.5751953125,156.68744384922203,940150.0,0.2850608945381056,5.998609452375931,1.988632699062931,-0.5775112476597344,1.9944277998713122,-8.115014024435908,-3.208546821190894
2024-08-02,167.7388458251953,168.2126843727241,165.8434916350801,167.7388458251953,378000,167.83362426757813,184.63956985473632,189.10506540934244,33.014668931256296,-8.262024017361654,-6.244574872504914,-2.01744914485674,214.11884870179352,184.63956985473632,155.16029100767912,910900.0,0.4149742013393347,5.767402305428666,-1.3927628323170738,0.4427055244088818,-4.434260881041652,-5.49374755745311,-4.674902218688725
2024-08-05,151.15451049804688,164.42199104333,151.15451049804688,164.42199104333,1177000,164.8958251953125,181.82843856811525,188.75435587565104,24.369177547243055,-9.555790518815428,-6.906818001767017,-2.648972517048411,212.86012196833636,181.82843856811525,150.79675516789413,915100.0,1.2861982297016719,7.209660041657969,-9.886997400966601,-0.3900105801548759,-8.351980222953914,1.5011101078310274,-3.834121876994323
2024-08-06,149.7329864501953,153.04985640320595,138.36086089701593,152.57601783849015,1376000,161.10511474609376,178.99252014160157,188.4108139038086,23.794014104684507,-10.573925274269442,-7.640239456267503,-2.9336858180019387,210.9038014240375,178.99252014160157,147.08123885916564,960850.0,1.4320653587968986,8.206904770262243,-0.9404443460983791,0.2764724507885674,3.379268306975858,-0.6669553085850488,-0.46362135453331677
2024-08-07,153.99754333496094,157.31441349909858,152.10218895545373,152.57602755033054,757000,158.54638671875,176.67071151733398,188.07662862141927,29.193217020763214,-10.910916054552445,-8.294374775924492,-2.6165412786279525,208.77014579613086,176.67071151733398,144.5712772385371,928900.0,0.8149424049951556,8.123507740747712,2.848107812358447,0.3029438503285631,3.8742452023632135,-3.0944426805978753,-7.54540135430759
2024-08-08,149.2591552734375,151.62834821428572,148.31147809709822,151.15450962611607,660000,154.3766082763672,174.25413513183594,187.70204467773436,26.911703000750578,-11.42859031689511,-8.921217884118615,-2.5073724327764957,206.9930589024366,174.25413513183594,141.5152113612353,882850.0,0.747578863906666,7.798515407029713,-3.07692444886406,-0.3905008009258193,-1.9965912706408795,8.796511554413012,1.6120645349833262
2024-08-09,153.52369689941406,155.41905118212287,151.62834261670525,154.47137404076847,486000,151.53357849121093,172.05078582763673,187.3753916422526,32.058122081152064,-11.363743864898822,-9.409723080274656,-1.9540207846241664,204.10103586829166,172.05078582763673,140.0005357869818,839400.0,0.5789849892780558,7.580032807250468,2.857139060022207,-0.7344664716750882,2.86965755714923,-1.287554010734393,-0.09914442437820581
2024-08-12,154.94520568847656,156.84055988650073,152.1021743914403,153.52369003995844,543000,152.29171752929688,169.82374420166016,187.08014526367188,33.73312538787832,-11.070040173011876,-9.741786498822101,-1.3282536741897744,199.98123089392215,169.82374420166016,139.66625750939818,843900.0,0.6434411660149307,7.201146498958465,0.925921416544484,0.07652887976525857,1.417205112604214,-1.304348198275218,-2.6302672428315965
2024-08-13,155.41905212402344,157.31440641821885,153.52369782982802,155.89289069757228,164000,153.4289306640625,167.33609161376953,186.80051142374674,34.314452659575096,-10.675976423278883,-9.928624483713458,-0.7473519395654247,193.10519523105742,167.33609161376953,141.56698799648163,795900.0,0.20605603719060184,6.7464214442161134,0.30581548712100837,-0.604294595055821,0.10706043617687566,3.6094938416791678,2.395497128508972
2024-08-14,154.94520568847656,158.26207553501888,154.47136713897052,158.26207553501888,509000,153.61846313476562,165.79611587524414,186.51298014322916,33.99330681511107,-10.283373184890365,-9.99957422394884,-0.28379896094152457,190.5961488269658,165.79611587524414,140.9960829235225,651200.0,0.7816339066339066,6.352326371127079,-0.3048831073610869,0.20472686912957894,1.0583302060494848,-2.5099461516084443,-2.3892301287717133
2024-08-15,155.89288330078125,157.31439895397986,154.94520619864886,154.94520619864886,189000,154.94520874023436,164.20875625610353,186.2721031188965,35.297535478166154,-9.782990403007346,-9.956257459760543,0.17326705675319687,187.11345118984246,164.20875625610353,141.3040613223646,620550.0,0.30456852791878175,5.821241957043909,0.6116211263806681,-0.9596021142668665,-0.5996212787569899,6.752947803479348,3.0086644116483097
2024-08-16,163.00045776367188,166.79116608375728,159.20974944358647,159.68358798359716,1484000,156.84056091308594,163.09523544311523,186.12654088338215,44.20239023607261,-8.712479543774322,-9.707501876563299,0.9950223327889773,183.74274119750763,163.09523544311523,142.44772968872283,665150.0,2.231075697211155,6.498180733834858,4.559268077156031,1.398656718686797,2.0742481463743134,-0.05271602131685649,0.29701129965937767
2024-08-19,163.94815063476562,166.7911821486633,162.0527962921672,166.7911821486633,472000,158.64114990234376,162.10017471313478,185.9427688598633,45.28370852910995,-7.698873262136715,-9.305776153677982,1.6069028915412673,180.3106878116237,162.10017471313478,143.88966161464586,647150.0,0.7293517731592366,6.263541416856359,0.5814050365844814,-0.9462871123850913,0.2698102405719105,2.478909511593974,0.9871782542750118
2024-08-20,161.57894897460938,166.31733457503782,161.57894897460938,165.84349601499497,380000,159.87312927246094,161.24726486206055,185.71179529825847,43.03821747766307,-7.005996982893095,-8.845820319521005,1.8398233366279104,177.71068135534887,161.24726486206055,144.78384836877223,623800.0,0.6091696056428343,6.060187307999304,-1.4450920312204185,-0.7001673407422859,0.08687670993854368,-2.4446751107008224,-1.7595294442468434
2024-08-21,163.94815063476562,165.36966639171445,162.52663487781678,163.94815063476562,262000,161.67371826171876,160.67865905761718,185.31200586954753,45.92586137819711,-6.194308631873298,-8.315517981991464,2.121209350118166,175.82870539309587,160.67865905761718,145.5286127221385,599500.0,0.4370308590492077,5.75759132254674,1.4662811431757516,-0.0485705808362491,-0.8525040581436327,1.1342661749051297,1.044776134256642
2024-08-22,166.7911834716797,171.0557307763533,165.36966770345515,165.8435062928633,1070000,163.85337829589844,160.34697265625,184.9518849690755,49.2505856223988,-5.2609854110997105,-7.704611467813114,2.443626056713404,174.58505524359583,160.34697265625,146.10889006890415,614850.0,1.7402618524843458,5.937589831752198,1.7341048532152126,-0.6270599155635659,-0.40049008413989284,-4.31663738317738,-1.821740191991561
2024-08-23,164.42198181152344,166.79117463301512,163.00046611862842,166.79117463301512,256000,164.13768310546874,160.08636169433595,184.57542215983074,46.67511695340451,-4.658791163598977,-7.095447406970288,2.436656243371311,173.78944591721307,160.08636169433595,146.38327747145883,585450.0,0.4372704757024511,5.651340167925406,-1.4204597694209231,1.0727248962346891,0.041630655400193284,4.075232045577137,3.5105007447112646
2024-08-26,163.00045776367188,166.79116608375728,162.52661922366119,164.4219733837039,300000,163.94814453125,159.94420928955077,184.12897796630858,45.149536775972734,-4.247292846284836,-6.525816494833197,2.2785236485483615,173.45344244891686,159.94420928955077,146.43497613018468,574300.0,0.5223750652968832,5.466434393548164,-0.8645583955319669,-0.8756060974664415,0.3703771608125628,-2.016763885827655,-0.8236587089064717
2024-08-27,162.05279541015625,162.52663399322688,160.15744107787373,161.105118244015,162000,164.04291381835938,159.61252212524414,183.56644541422526,44.114361896183595,-3.952088678911366,-6.011070931648831,2.058982252737465,172.530804087803,159.61252212524414,146.69424016268528,554050.0,0.2923923833589026,5.1166453658481625,-0.581386314196497,0.17163104694757347,-0.24783653485163093,1.657308031044158,-1.2701154462959607
2024-08-28,162.05279541015625,163.47431115936814,161.57895682708562,162.52663399322688,142000,163.6638427734375,159.37560272216797,183.08106206258137,44.114361896183595,-3.6757653149701923,-5.544009808313104,1.868244493342912,171.90757178668866,159.37560272216797,146.84363365764727,551750.0,0.2573629361123697,4.687139894706077,0.0,-0.35839014234928523,0.8368724645030357,-1.8800951236872754,-2.078188752571075
2024-08-29,162.52662658691406,163.9481422713477,160.63127234100253,162.05278802543617,106000,162.81093139648436,158.99653167724608,182.58814595540363,44.847631969853026,-3.3795850890644488,-5.111124864463374,1.7315397753989252,170.58471408475836,158.99653167724608,147.4083492697338,543650.0,0.1949783868297618,4.5044372327912905,0.2923930905101235,0.9086610177773791,-0.7546069078691819,2.237713868150193,1.8190990593233591
2024-08-30,165.843505859375,167.26502162388394,163.94815150669643,163.94815150669643,279000,163.0952362060547,158.9017646789551,182.1505111694336,49.81189994466738,-2.844426906417027,-4.657785272854105,1.813358366437078,170.21669889772284,158.9017646789551,147.58683046018734,538700.0,0.5179134954520141,4.535631606681768,2.0408220745830707,-0.39083263225860865,0.29835457649001196,2.057666621270271,0.0
2024-09-02,162.52662658691406,166.31733507873713,162.52662658691406,166.31733507873713,142000,163.00046997070314,159.47037048339843,181.69616978963217,45.410119459833446,-2.657322666460317,-4.257692751575347,1.6003700851150304,170.2776309383712,159.47037048339843,148.66311002842565,486950.0,0.2916110483622549,4.436308524700609,-2.000005520429271,0.4331737370221411,-0.14815026617228666,2.057666621270271,0.0
2024-09-03,158.7359161376953,162.52662458277462,158.2620775820604,162.0527860271397,539000,162.33709411621095,159.92051696777344,181.10150044759115,40.95575414120629,-2.7828410024266645,-3.9627224017456113,1.1798813993189468,169.7233662989964,159.92051696777344,150.11766763655046,445100.0,1.210963828353179,4.41340725538768,-2.3323627203888364,-0.203152061097156,-0.642626632600074,-9.130602747620475,-6.054606084834591
2024-09-04,152.57601928710938,153.99753499475327,149.73298787182162,153.049857856324,418000,160.44173889160157,159.84944076538085,180.37330652872723,34.95530458245065,-3.3408560742142868,-3.8383491362393465,0.4974930620250597,169.8516963456933,159.84944076538085,149.84718518506838,428150.0,0.976293355132547,5.025343390119149,-3.8805942602445076,0.15659122730726782,-4.5240421627673495,-0.3250471311331826,0.8980621714703041
2024-09-05,153.0498504638672,155.89288174183375,153.0498504638672,154.94520464917824,192000,158.5463836669922,160.03897552490236,179.69158452351888,35.73527191344607,-3.702176437449367,-3.811114596481351,0.10893815903198378,169.31345797336186,160.03897552490236,150.76449307644285,404750.0,0.474366893143916,4.797545932066512,0.3105541611137408,-0.08130132213054475,0.4502065283094936,-0.3969924629845134,-1.1518309473571575
2024-09-06,155.41905212402344,157.7882449917677,152.57602068273033,156.36672927112113,200000,156.46149291992188,160.1337432861328,178.9721997578939,39.63313204352898,-3.7540760034193568,-3.7997068778689522,0.04563087444959546,169.16341758640922,160.1337432861328,151.1040689858564,390450.0,0.5122294788065053,4.8528363823292935,1.5479934498306314,0.16272898106874933,1.1680285631374687,-3.3167285851312234,-2.224576203845108
2024-09-09,155.89288330078125,157.31439895397986,153.52369054545022,153.52369054545022,172000,155.1347442626953,160.18112716674804,178.29928690592448,40.41156611380922,-3.7141580651824597,-3.782597115331654,0.06843905014919427,169.10549241586494,160.18112716674804,151.25676191763114,371900.0,0.4624899166442592,4.711219319156006,0.3048732895241768,0.05905528468521659,-1.3564144167506398,2.164312809677371,-3.141925300739523
2024-09-10,157.78823852539062,163.47430117495426,157.78823852539062,161.10510840430274,616000,154.94520874023436,160.2995864868164,177.75054244995118,43.5474393973907,-3.489360311436201,-3.7239497545525633,0.23458944311636243,169.0183298396589,160.2995864868164,151.5808431339739,394500.0,1.561470215462611,5.093912459824941,1.2158061256410724,0.2563547314850423,-0.3800496824621358,-1.6717049184581612,0.0
2024-09-11,158.7359161376953,162.0527860271397,158.2620775820604,161.10510891586986,320000,156.17718811035155,160.48912200927734,176.90128072102866,45.103044925795174,-3.19787371123536,-3.6187345458891227,0.4208608346537628,168.8762738850817,160.48912200927734,152.10197013347297,385050.0,0.8310609011816648,4.983330465414824,0.6006009200439921,0.1557220455938646,-0.15704496945657676,3.444230336363141,1.3498174407515995
2024-09-12,161.10511779785156,163.94814928840188,160.1574406343348,163.94814928840188,175000,157.78824157714843,160.74973373413087,176.02207158406574,48.894529665795055,-2.7440618696839465,-3.4438000106480877,0.6997381409641412,168.85471822926894,160.74973373413087,152.6447492389928,384350.0,0.4553141667750748,5.013850823453723,1.492542908878347,-0.1585997292772645,2.9587275926014067,-1.771039908715344,-0.05549103494698615
2024-09-13,159.68359375,162.0527865356083,159.68359375,162.0527865356083,193000,158.64114990234376,160.58389053344726,175.25803883870444,46.80572928286869,-2.470637850978733,-3.249167578714217,0.7785297277354841,168.6304915338028,160.58389053344726,152.53728953309172,319800.0,0.6035021888680425,4.661229751741001,-0.88235809469146,-0.5730778859112329,0.4913830054379842,3.447280147882381,2.276506075594087
2024-09-16,163.00045776367188,167.26500462376794,159.68358798359716,161.10510360362917,486000,160.0626647949219,160.53650588989257,174.49528274536132,51.962471904735395,-1.9636681959056261,-2.992067702152499,1.0283995062468727,168.51052470681304,160.53650588989257,152.5624870729721,320500.0,1.5163806552262091,5.050588003531637,2.0771476491597163,0.04698615258813543,0.41558428502583844,-1.8823179742660012,-0.5428817982657153
2024-09-18,159.2097625732422,163.94814836411248,159.2097625732422,162.05279404776437,372000,160.3469696044922,160.4180465698242,173.75421244303385,46.423554743174655,-1.8464834021828551,-2.76295084215857,0.9164674399757149,168.39725038808024,160.4180465698242,152.4388427515682,320100.0,1.162136832239925,5.008961041843458,-2.325573340367959,0.24009018886061995,-0.7837052942722855,-1.0921293745370542,-0.4880550353139834
2024-09-19,164.42198181152344,164.89582037582178,159.2097576042417,161.5789504257334,374000,161.48418273925782,160.4417381286621,173.1540168762207,53.727340455579416,-1.317839839349915,-2.473928641596839,1.156088802246924,168.46775085550345,160.4417381286621,152.41572540182077,325700.0,1.1482959778937674,5.099241272475008,3.273806300592552,-0.5025171841719578,1.6783629197754113,3.8363520779839844,2.2888075497272453
2024-09-20,167.2650146484375,172.47723890093837,167.2650146484375,167.2650146484375,1281000,162.716162109375,160.4654296875,172.40833231608073,57.15807407106982,-0.6618476496916514,-2.1115124432158017,1.4496647935241502,168.5727441482543,160.4654296875,152.35811522674572,336250.0,3.8096654275092936,5.493376714733666,1.7291075108029297,-0.03461304571514834,0.5295654552418982,-5.153372676116019,-1.598287015964639
2024-09-23,180.05865478515625,180.53249335038035,168.68652921977795,169.63420635022615,2514000,166.79117431640626,161.24726333618165,171.9144495646159,68.48240486424598,0.8802240499747995,-1.5131651445776815,2.393389194552481,173.10808331155914,161.24726333618165,149.38644336080415,449150.0,5.597239229656017,6.529923646361557,7.648724488865044,0.6956707184216482,0.5691005244930158,0.2443555694854549,0.054139058654567584
2024-09-24,181.4801788330078,197.5906907920738,179.11098589785107,180.05866307191377,5489000,170.48711853027345,162.17124938964844,171.47511876424153,69.44871774220454,2.1917667694854117,-0.7721787617650631,2.9639455312504746,177.09172394172197,162.17124938964844,147.2507748375749,708600.0,7.746260231442281,8.123227812743046,0.7894783227985869,-0.17505941198043828,0.6562554474329074,1.0467498986156842,0.21646058420676795
2024-09-25,176.74179077148438,186.69240097577705,173.89875928454362,184.3232080699931,2443000,173.99352416992187,162.90569915771485,170.90281041463217,62.563083666541,2.8163602596985697,-0.054470957472336545,2.870831217170906,179.18578696078137,162.90569915771485,146.62561135464833,822650.0,2.9696711845863977,8.745949663208432,-2.610967264851305,-0.7296520762731573,1.4703261303304016,-1.163615269788465,-3.4557276017307403
2024-09-26,170.58187866210938,177.68945693969727,170.1080401102702,176.74177983601888,1618000,175.22550354003906,163.3321533203125,170.34356053670248,54.93743704408215,2.782229860004321,0.512869206022995,2.2693606539813262,179.96126541854514,163.3321533203125,146.70304122207986,896450.0,1.8048970940933682,8.590678618704251,-3.485260663302525,0.5141959081656822,0.4270830660774827,5.2692004142766535,3.4675605257244113
2024-09-27,168.2126922607422,172.95107795822787,167.26501512124506,172.95107795822787,1016000,175.4150390625,163.6164566040039,169.72939453125,52.29718006003515,2.5347882685678087,0.9172530185319577,1.6175352500358509,180.38145286640804,163.6164566040039,146.85146034159976,941950.0,1.0786135145177558,8.203396514474726,-1.3888851617469333,-1.264795450138878,-0.1575824966969841,1.4593558364400128,3.081061843377131
2024-09-30,165.843505859375,171.05573032924107,164.89582868303572,169.63421456473213,1251000,172.57200927734374,163.6164566040039,169.05259704589844,49.72367116076924,2.1230423712527227,1.1584108890761107,0.964631482176612,180.38145286640804,163.6164566040039,146.85146034159976,990550.0,1.2629347332290142,7.9309305320388095,-1.408446871354252,0.36554889324060813,-2.6212834827579523,-2.3927931091562327,-0.8390127362291944
2024-10-01,166.7911834716797,167.26502206108785,164.89582911404696,166.7911834716797,484000,169.63421020507812,163.82968444824218,168.37616449991862,50.76730248972479,1.8518534307908112,1.2970993974190508,0.5547540333717604,180.64472196902003,163.82968444824218,147.01464692746433,1007650.0,0.48032550984965017,7.189365520705753,0.5714288343061646,0.015832654460190554,0.7462542284165874,-2.148461018428016,-2.9084801146494255
2024-10-04,162.05279541015625,167.26501982393322,162.05279541015625,167.26501982393322,609000,166.6964111328125,163.99552841186522,167.63618850708008,45.663356514361006,1.240288649956483,1.2857372479265372,-0.045448597970054294,180.66382063687027,163.99552841186522,147.32723618686018,1011150.0,0.6022845275181724,6.925746706448582,-2.8409103904032174,0.6475584055064321,-0.3915951667323836,1.7204593387887268,1.3513601298864808
2024-10-07,165.36965942382812,166.31733655519676,163.00046659540652,164.4219822924595,393000,165.65396728515626,164.63521041870118,167.05178756713866,49.491335875660965,1.011601251248635,1.2309100485909568,-0.21930879734232178,180.4166186879043,164.63521041870118,148.85380214949805,1009900.0,0.38914744034062776,6.570919298260838,2.0467798813817994,1.005679869258036,1.792829627283954,-0.6290251214395082,-1.0555673861183723
2024-10-08,163.94815063476562,165.84350497736406,162.52663487781678,165.36966639171445,537000,164.80105895996093,165.18012542724608,166.49107869466147,47.932802287933264,0.707505280469718,1.126229094966709,-0.41872381449699114,180.00055131493605,165.18012542724608,150.35969953955612,1027150.0,0.5228058219344789,6.137046071765698,-0.8595946765659668,-0.6747083567230305,-0.4015843133057917,-0.7877304648210681,-0.393028551363106
2024-10-09,161.57894897460938,164.42198033486645,161.10511041456652,163.47430321478075,667000,163.94814758300782,165.48812026977538,165.8908831278483,45.36844772995224,0.27219456944277454,0.9554221898619223,-0.6832276204191478,179.69787648044073,165.48812026977538,151.27836405911003,1050500.0,0.6349357448833889,5.7610225849035945,-1.4450920312204185,0.1500498127376071,0.2109089790889307,0.6663848416811335,0.9582817823639678
2024-10-11,161.10511779785156,162.52663354312674,160.63127921609316,161.57895637960993,398000,162.8109344482422,165.7487319946289,165.25120112101237,44.85163897995852,-0.10976126178056234,0.7423854995334255,-0.8521467613139878,179.39764044295464,165.7487319946289,152.09982354630318,1061800.0,0.37483518553399886,5.245600150520925,-0.2932505625050652,-0.09929871833751491,1.070478351454196,0.028451533431317344,2.591527476229305
2024-10-14,162.52662658691406,163.00046514839195,160.63127234100253,161.10511090248042,300000,162.90570068359375,165.98565139770508,164.540443166097,46.80923369913782,-0.2943668527935017,0.53503502906804,-0.8294018818615417,179.21066935299888,165.98565139770508,152.7606334424113,1046000.0,0.28680688336520077,4.862079171436726,0.8823486233666022,-0.20343946585824613,0.3215858580000841,3.497794711255686,0.9884825593322155
2024-10-15,161.10511779785156,164.42198787016028,161.10511779785156,163.4743107066435,415000,162.05279235839845,166.1041114807129,164.1297831217448,45.08572333288896,-0.5490429673551489,0.31821942978340223,-0.8672623971385511,179.09609699133082,166.1041114807129,153.11212597009498,1050750.0,0.39495598382108016,4.656051291552991,-0.8746313259029748,0.06846983628858716,1.3786551243744505,-4.767139960239941,-1.5225529549070749
2024-10-16,165.843505859375,167.73886021205357,159.68360421316964,161.10511997767858,573000,162.4318634033203,166.34103088378907,163.76650695800782,51.4966376662245,-0.36432756539608135,0.18171003074750552,-0.5460375961435868,179.12025643516128,166.34103088378907,153.56180533241687,1070650.0,0.5351889039368608,5.109278585863782,2.9411778634301333,0.05909743352694452,-1.2066723441250926,-0.4183510051991468,1.0491227946849202
2024-10-17,164.42198181152344,172.4772374045952,163.9481432472251,165.84349750441845,1476000,163.00046997070314,166.57795028686525,163.41902542114258,49.624909802591645,-0.32885356978221125,0.07959731064156218,-0.4084508804237734,179.0084267660365,166.57795028686525,154.14747380769398,1134800.0,1.3006697215368346,5.56525399539796,-0.8571478518169529,-0.11191169434519033,0.1862561878152258,0.3042142375578871,0.8196951178949696
2024-10-18,160.6312713623047,166.3173340653951,160.15743280371382,165.84349550680423,702000,162.90570068359375,166.45949096679686,163.0320571899414,44.93465606376897,-0.599705790594669,-0.056263309605684056,-0.543442480988985,179.07725977773154,166.45949096679686,153.8417221558622,1145600.0,0.6127793296089385,5.64454029756907,-2.305476681070562,-0.20848772856875142,1.8800759024857339,-1.0831889415647167,-1.1382171672167818
2024-10-21,163.47430419921875,163.47430419921875,160.63127282184104,160.63127282184104,182000,163.0952362060547,166.6727180480957,162.7793431599935,48.84011532131633,-0.5782830502170668,-0.16066725772796062,-0.4176157924891062,178.91313332211797,166.6727180480957,154.43230277407343,1136100.0,0.16019716574245224,5.2710059694817355,1.7699124291319368,-0.08108075314693375,0.23527539270360442,-1.9710885037641845,-2.193010867723144
2024-10-22,161.10511779785156,163.94814928840188,161.10511779785156,163.94814928840188,245000,163.0952362060547,166.50687484741212,162.54242401123048,45.917484991714794,-0.7439036582899234,-0.2773145378403532,-0.46658912044957024,178.96365628926642,166.50687484741212,154.05009340555782,1129650.0,0.21688133492674722,4.947276038957546,-1.449271439308264,0.028084610514422792,-0.030156527726787896,-0.893652784592669,-0.8968260366216563
2024-10-23,161.57894897460938,165.84349601499497,161.57894897460938,162.52662609469508,729000,162.24232482910156,166.2225715637207,162.34499130249023,46.60566409384368,-0.8273873609613247,-0.38732910246454755,-0.44005825849677715,178.86466731590954,166.2225715637207,153.58047581153184,1102050.0,0.6614944875459371,4.919422996048994,0.2941130506805889,-0.11543711676430535,-0.852629098085167,2.1490836872562813,-0.6221847493012134
2024-10-24,160.1574249267578,165.36964881490675,160.1574249267578,163.47429467376168,681000,161.38941345214843,165.22751007080078,162.1870450337728,44.765309726156644,-0.9967638342679379,-0.5092160488252256,-0.48754778544271227,176.32234657593332,165.22751007080078,154.13267356566823,1010400.0,0.6739904988123515,4.958463114995654,-0.8797705746154683,-0.03123109124840706,-0.6095637401184573,3.1043115675402966,1.081378189144111
2024-10-25,162.05279541015625,162.05279541015625,159.20976391173247,160.63127966094436,384000,161.67371826171876,164.2561408996582,162.1238665262858,47.72909903310183,-0.966909421980489,-0.6007547234562783,-0.3661546985242107,172.3576228441287,164.2561408996582,156.15465895518767,755150.0,0.5085082433953519,4.676405566119405,1.1834421565314335,-0.06311938616798685,0.6723275032274767,1.6695178915175912,0.05632580575358759
2024-10-28,158.2620849609375,163.00047073821108,157.78824638321015,163.00047073821108,485000,160.6312744140625,163.33215560913087,161.95012563069662,42.78447991646144,-1.2348931584795082,-0.7275824104609243,-0.5073107480185839,169.3971339983182,163.33215560913087,157.26717721994353,657250.0,0.7379231647014074,4.747848071303608,-2.3391823878288864,0.25012638112038577,-0.6440637870254728,1.3894706859923334,0.8441092295790709
2024-10-29,153.0498504638672,158.26207447347258,152.10217337121165,158.26207447347258,1042000,159.0202209472656,162.45555419921874,161.72110341389973,37.09408636889664,-1.8465698559760426,-0.951379899563948,-0.8951899564120946,169.14446942414114,162.45555419921874,155.76663897429634,628450.0,1.6580475773729015,4.936123207093241,-3.2934195820539136,-0.15593671303683054,-1.170271773009135,3.4053144479762265,0.558029111155034
2024-10-30,153.0498504638672,153.9975275565227,151.6283348248839,153.0498504638672,557000,157.31440124511718,161.697412109375,161.43680013020833,37.09408636889664,-2.304760204658777,-1.2220559605829138,-1.0827042440758632,169.04372623336153,161.697412109375,154.35109798538846,605500.0,0.9199009083402147,4.593865810365983,0.0,-0.033745516386241015,-0.4630438149480831,-1.4323959016565913,-3.107652497411173
2024-11-01,155.41905212402344,155.41905212402344,150.68066638853492,150.68066638853492,313000,156.36672668457032,161.17618942260742,161.2314702351888,41.21567843375201,-2.4484800296864933,-1.4673407744036298,-0.9811392552828635,168.75932614586517,161.17618942260742,153.59305269934967,558600.0,0.5603293949158611,4.613135133715655,1.5479934498306314,-0.008469656393517155,-0.17681353912938347,0.709320492485066,-0.05894749978038183
2024-11-04,155.89288330078125,159.6835917093109,152.57601344331783,155.41904474971506,541000,155.1347442626953,160.6312744140625,161.31044311523436,42.033682625167536,-2.4953796274490685,-1.6729485450127175,-0.822431082436351,168.08061688242842,160.6312744140625,153.18193194569656,561450.0,0.9635764538249176,4.9457275513526415,0.3048732895241768,0.18830568818823945,0.8134762750590552,-2.098884221167119,0.41296976190574597
2024-11-05,155.89288330078125,157.31439895397986,153.99752909651644,155.89288330078125,273000,154.66090393066406,160.32327880859376,161.41310806274413,42.033682625167536,-2.50368695187899,-1.8390962263859723,-0.6645907254930177,168.03007338826004,160.32327880859376,152.61648422892748,544650.0,0.501239328008813,4.728546525500745,0.0,-0.03382976410999383,0.6157022965944003,1.007189853585877,0.11750275671003063
2024-11-06,156.840576171875,157.78825336928816,155.4190603757553,157.31441477058158,268000,155.41904907226564,159.8968246459961,161.4604919433594,43.84621754195472,-2.4060640630473813,-1.9524897937182542,-0.45357426932912714,167.3681838555112,159.8968246459961,152.425465436481,538400.0,0.49777117384843983,4.413966054571694,0.60791285081645,-0.2810876692411757,0.47861170401419795,2.9487176421822525,6.748840739027329
2024-11-07,158.7359161376953,159.68359324896514,154.94520769261604,154.94520769261604,422000,156.55626220703124,159.63621292114257,161.61843795776366,47.38935871622564,-2.1509641493041727,-1.992184664835438,-0.1587794844687347,166.87247885197746,159.63621292114257,152.39994699030768,532650.0,0.7922650896461091,4.457221988142015,1.2084500147100163,1.6098729025626257,0.8245523226092066,-0.3044051494773381,-1.649260190593671
2024-11-08,159.68359375,163.00046364985164,158.73591663575667,160.63127086424333,588000,157.40917053222657,159.54144515991212,161.72110290527343,49.11810362806841,-1.8509889184747692,-1.9639455155633043,0.11295659708853512,166.7199985979993,159.54144515991212,152.36289172182492,528700.0,1.1121619065632684,4.43153205801059,0.5970152410136542,-0.9296486058043341,0.6197250034959412,-2.2761961418243493,0.0
2024-11-11,160.6312713623047,161.57894847948643,157.3144014521686,161.10510992089556,226000,158.35684814453126,159.51775283813475,161.8158706665039,50.85711588733216,-1.5192734845815608,-1.8750111093669557,0.35573762478539495,166.67768024826452,159.51775283813475,152.357825428005,520100.0,0.43453182080369157,4.409267387251556,0.5934721219941874,0.627458984621776,-0.1029553901989333,-0.639120230409651,-2.962540612848874
2024-11-12,158.7359161376953,161.10510891586986,158.7359161376953,159.68359324896514,319000,158.92545471191406,159.32821731567384,161.87115173339845,47.37006702688723,-1.393265245351074,-1.7786619365637795,0.38539669121270537,166.3521783449181,159.32821731567384,152.3042562864296,521050.0,0.612225314269264,4.137257439374622,-1.1799416194212875,0.4336932611868294,-2.3284295008224376,0.3859409319530105,-3.9746609584634385
2024-11-13,159.68359375,160.15743230712167,157.78823952151336,157.78823952151336,192000,159.49405822753906,159.25714111328125,161.95012486775715,49.243976399746,-1.2030649606949169,-1.6635425413900071,0.46047758069509026,166.23400537834297,159.25714111328125,152.28027684821953,509900.0,0.37654442047460285,3.901515485539113,0.5970152410136542,0.1235439255507842,-0.5288498883201043,-2.4775813897099486,-2.039606147241768
2024-11-14,156.36672973632812,160.1574383359967,156.36672973632812,160.1574383359967,263000,159.0202209472656,158.7833023071289,161.9580223083496,43.41718870454908,-1.3049306423461644,-1.5918201615812388,0.28688951923507444,165.13605271350806,158.7833023071289,152.43055190074975,494400.0,0.531957928802589,3.8867412340897065,-2.0771476491597163,-0.020971256315938103,-0.6336314481737659,-2.146300578994087,-1.77585431828573
2024-11-15,157.31439208984375,158.73590768101704,156.84055355945264,156.84055355945264,101000,158.54638061523437,158.42792282104492,161.86325454711914,45.40484296831716,-1.294271935754324,-1.532310516415856,0.23803858066153194,164.22329172148494,158.42792282104492,152.6325539206049,425650.0,0.23728415364736286,3.6843994621696012,0.6060511434328841,0.3986669276656585,0.12057324525860391,-3.3721196956665977,-4.239405748547087
2024-11-18,154.94520568847656,156.84055988650073,154.47136713897052,156.84055988650073,121000,157.40916748046874,158.14361953735352,161.71320546468098,41.48162555297252,-1.4601664861318682,-1.5178817103590585,0.05771522422719033,164.04086126506866,158.14361953735352,152.24637780963837,396600.0,0.30509329299041854,3.5722161939967516,-1.5060201230756576,-0.23173876056459264,-0.8628257366824488,2.6559622667783334,-0.9114501466969682
2024-11-19,156.36672973632812,156.36672973632812,154.9452140114524,155.89289116136956,103000,156.93533020019532,157.788240814209,161.62633514404297,44.57603280673738,-1.4601028453040783,-1.5063259373480626,0.04622309204398434,163.16672020487638,157.788240814209,152.4097614235416,392650.0,0.2623201324334649,3.2854572411773932,0.9174366135016765,-0.06007286302424086,1.3406124900682936,0.2557132376070914,0.06569309152160141
2024-11-20,153.99754333496094,156.36673630934496,153.99754333496094,156.36673630934496,228568,155.7981201171875,157.43286209106446,161.46049168904622,40.712028008067826,-1.6324085621969857,-1.5315424623178475,-0.1008660998791382,162.82779199856463,157.43286209106446,152.0379321835643,391828.4,0.5833369913972545,3.1632886722716105,-1.5151473752518907,-0.36001887929690835,-0.7021874267539641,0.9902415868041414,-0.3939585576520743
2024-11-21,154.47137451171875,155.41905165596242,153.52369736747508,153.99753593959693,228000,155.41904907226564,157.0774833679199,161.25516153971355,41.79864974342358,-1.7110044737284795,-1.5674348645999738,-0.1435696091285057,162.2544468725019,157.0774833679199,151.90051986333793,366778.4,0.6216287545831488,2.9942307544337075,0.30768749065508416,0.45165552347810056,-0.5848779832719808,1.7233749876451654,2.175345291212283
2024-11-22,157.31439208984375,157.31439208984375,155.41903796827935,156.84055355945264,171000,155.41904907226564,156.93533172607422,161.13670171101887,47.96144344368753,-1.5262904155767387,-1.5592059747953269,0.03291555921858813,161.9083211226572,156.93533172607422,151.96234232949124,341278.4,0.5010572013933492,2.9740689975925463,1.8404818285017166,0.10408579018676978,1.5457767754733176,1.6795698924731095,3.0967684310004406
2024-11-25,158.2620849609375,159.2097621163922,157.31440780548277,158.2620849609375,95000,156.08242492675782,156.74579620361328,161.0577288309733,49.86708104556116,-1.288578369865462,-1.5050804538093538,0.2165020839438918,161.15449160942526,156.74579620361328,152.3371007978013,326828.4,0.2906724140252193,2.8302424681200002,0.6024196886909916,0.194435698150075,0.19231667879251457,3.9787367621188396,7.1964857423109985
2024-11-26,157.78823852539062,158.73591563365122,157.31439997126031,158.73591563365122,106000,156.36672668457032,156.72210388183595,160.98665288289388,48.902800314296684,-1.1254518004787144,-1.4291547231432262,0.3037029226645118,161.1014851163617,156.72210388183595,152.3427226473102,307878.4,0.3442917723360911,2.6424122273561204,-0.29940616267239983,-0.7261611146034852,-1.1748520051593436,-2.1688074431020388,6.187992745678139
2024-11-27,155.41905212402344,158.7359221388654,154.9452135504746,158.7359221388654,169000,156.65102844238282,156.84056396484374,160.87609049479167,44.291184378741974,-1.1738153487835916,-1.3780868482712996,0.20427149948770795,160.91957307774007,156.84056396484374,152.7615548519474,264228.4,0.6395981658292598,2.795518408827411,-1.5014974648987822,0.22577646053867362,-1.5167516755981714,-0.6636560614634912,4.233106259059327
2024-11-28,155.41905212402344,155.89289069757228,148.7853120943395,154.9452135504746,378000,156.84056396484374,156.95902404785156,160.75763092041015,44.291184378741974,-1.198330204591855,-1.3421355195354108,0.14380531494355586,160.69793830402884,156.95902404785156,153.22010979167428,255278.4,1.4807363255175527,3.37045976808146,0.0,0.030242115860379393,-0.16064141835966383,-0.6636560614634912,4.233106259059327
2024-11-29,154.47137451171875,155.41905165596242,153.52369736747508,154.47137451171875,87000,156.27196044921874,156.91164016723633,160.5680953979492,42.43478192530806,-1.2794790298723058,-1.32960422160279,0.05012519173048413,160.75528183866328,156.91164016723633,153.06799849580938,243978.4,0.3565889439392996,3.1737790998770468,-0.6097563968852748,0.24526484448965657,-0.1632385004971093,1.0945334600741985,0.7384003982506826
2024-12-02,154.94520568847656,156.3667213369947,154.94520568847656,155.4190442379826,76000,155.60858459472655,156.8642562866211,160.44173838297527,43.70526909157664,-1.2906777133008518,-1.3218189199424024,0.031141206641550623,160.78340242162037,156.8642562866211,152.94511015162183,220728.4,0.3443145512765915,3.0033214632635654,0.3067436787272726,-0.170188817196526,2.131071027512643,3.9791817946690955,1.6230151278886051
2024-12-03,155.41905212402344,157.31440641821885,154.9452135504746,156.36672927112113,99000,155.13474731445314,156.8405647277832,160.38645731608074,45.01226617559777,-1.2469433169883928,-1.3068437993516004,0.05990048236320766,160.79004648793176,156.8405647277832,152.89108296763465,212028.4,0.4669185826049718,2.9187720321273956,0.30581548712100837,0.4701136177487131,1.2777945571064597,-5.598376687623174,-4.246503605792629
2024-12-04,157.31439208984375,158.26206915062593,155.89287649867046,156.36671502906157,187000,155.5138153076172,156.86425552368163,160.4654301961263,50.01158070256348,-1.0472730853734333,-1.254929656555967,0.20765657118253378,160.81941781639267,156.86425552368163,152.9090932309706,207978.4,0.8991318329211111,2.9086713647240754,1.2195029759336284,-0.39120209053116195,0.9895539123634611,-5.500639553335596,2.2174250872795565
2024-12-05,156.840576171875,157.78825336928816,156.36673757316845,157.78825336928816,167000,155.7981201171875,156.7694885253906,160.52860895792642,48.81671149560514,-0.9166988394119926,-1.1872834931271723,0.2705846537151797,160.62540805382434,156.7694885253906,152.91356899695688,195228.4,0.8554083319844858,2.7103839555768263,-0.3011904452442926,-0.4651336042930887,0.054221440666024634,-0.34864840484709614,-3.386234721842085
2024-12-06,155.89288330078125,160.15743026037708,155.89288330078125,156.84056040291367,314000,156.082421875,156.5799530029297,160.53650614420573,46.42743124459953,-0.8795498006472542,-1.1257367546311887,0.24618695398393453,160.19807992079808,156.5799530029297,152.96182608506132,181528.4,1.7297568865257449,2.9176056894460274,-0.6042396006344819,0.03032821885522452,-0.3209133409747267,1.186490423856168,-0.43812306850659066
2024-12-09,153.52369689941406,156.8405668941545,153.52369689941406,156.8405668941545,194000,155.7981201171875,156.22457427978514,160.49701970418295,41.0219850788098,-1.0294159954489146,-1.1064726027947338,0.0770566073458192,159.55175552884822,156.22457427978514,152.89739303072207,179928.4,1.0782066644287394,2.9708409301519496,-1.5197527630533725,0.20171769247800952,0.3448434410777468,1.743842033447085,-0.16502866204217703
2024-12-10,152.57601928710938,154.9452121331825,152.57601928710938,153.99753499475327,195000,155.2295135498047,155.91657943725585,160.41014938354493,39.06283922099177,-1.2106995075093039,-1.127317983737648,-0.08338152377165597,159.40161634565655,155.91657943725585,152.43154252885515,173728.4,1.1224416963490138,2.8906211856081074,-0.6172842573779258,-0.05310753893845721,-0.6366533332259117,-1.9799112902525784,-1.5977796114320042
2024-12-11,153.52369689941406,155.8928897528001,153.04985832873686,154.94521261144567,246000,154.47137451171875,155.60858459472655,160.3232790629069,42.04365913768144,-1.2633353896803214,-1.1545214649261826,-0.10881392475413887,158.76517550226353,155.60858459472655,152.45199368718957,176428.4,1.394333338623487,2.9474544229524566,0.6211183230055317,0.472647811741278,-0.957614927178041,2.4570469894366065,0.9518365498143888
2024-12-12,151.6283416748047,154.94521164894104,151.6283416748047,154.47137308120728,259000,153.42892761230468,155.37166519165038,160.16533279418945,38.03623153422698,-1.441373772379393,-1.2118919264168246,-0.22948184596256826,158.9691569442648,155.37166519165038,151.77417343903596,176228.4,1.4696836605223675,2.996709829776976,-1.2345685147558516,-0.1168319802240636,0.6250970544977807,-1.2652649623457912,-2.384917982910717
2024-12-13,145.4684295654297,151.15449195886669,144.04691396707042,151.15449195886669,1565000,151.3440368652344,154.77936706542968,159.92841339111328,28.521342545262613,-2.0558256219954387,-1.3806786655325476,-0.6751469564628911,160.37556491912505,154.77936706542968,149.1831692117343,249428.4,6.274345663926001,3.6080055468379477,-4.062507075745825,-0.06095614844506825,-0.11420375760532453,-1.7136067879896855,1.193168677000389
2024-12-16,141.677734375,146.88995871655518,141.20389579849498,145.94228156354515,679000,148.97484436035157,154.11599349975586,159.57303466796876,24.465433632891774,-2.8161971931876337,-1.6677823710635649,-1.1484148221240689,162.21513941232865,154.11599349975586,146.01684758718307,277328.4,2.4483608602653026,3.885079863000915,-2.605854206135283,0.09948574552680611,0.08435932473851437,0.7277188653669775,-0.39302593413381715
2024-12-17,143.0992431640625,143.5730817175859,141.20388894996896,142.6254046105391,382000,147.0794891357422,153.45261917114257,159.30452601114908,28.567739074988467,-3.266439777835359,-1.9875138524179239,-1.278925925417435,162.84560026614443,153.45261917114257,144.05963807614071,291278.4,1.311460101401271,3.6829615836163847,1.0033395828450864,-0.2501633362811728,-0.0950118039959369,1.9566456571246338,-1.2965189636549246
2024-12-18,144.0469207763672,144.52075933155263,142.62540511081093,143.09924366599637,355000,145.18413391113282,152.9550880432129,158.96494166056314,31.248512484458047,-3.506371340576834,-2.291285350049706,-1.215085990527128,163.2384718941949,152.9550880432129,142.6717041922309,297600.0,1.1928763440860215,3.444613935233093,0.662252008711306,0.03948023999278405,0.6545316375484278,-4.148210285221554,-0.7424124545280741
2024-12-19,144.0469207763672,144.52075933155263,143.09924366599637,143.09924366599637,188000,143.6678497314453,152.43386535644532,158.57797342936198,31.248512484458047,-3.6543932619204043,-2.563906932423846,-1.0904863294965583,163.42597524339342,152.43386535644532,141.44175546949722,295600.0,0.6359945872801083,3.1748674992761816,0.0,0.7653556048109023,-1.0204294103727585,-0.20021138581083342,-2.1288737706551264
2024-12-20,144.52076721191406,146.8899601170274,144.52076721191406,144.52076721191406,198000,143.4783172607422,151.79418411254883,157.98567530314128,32.712859963761446,-3.6909196298021243,-2.789309471899502,-0.9016101579026223,163.07565021795912,151.79418411254883,140.51271800713855,296950.0,0.6667789190099344,3.1306237447940544,0.328952839111718,-0.14688883539788478,-1.840203207273594,1.0802421532034145,0.9994003946645513
2024-12-23,144.52076721191406,146.8899601170274,144.52076721191406,145.46844437395941,175000,144.046923828125,151.10711822509765,157.36968510945638,32.712859963761446,-3.677475392332809,-2.9669426559861636,-0.7105327363466456,162.40376122358538,151.10711822509765,139.81047522660992,300950.0,0.5814919421830869,3.0290996328366275,0.0,-0.042905113412716744,2.640082018191703,1.725186646439636,0.2910306777849536
2024-12-24,144.99459838867188,146.88995261597478,144.99459838867188,145.94227550232333,170000,144.42599487304688,150.46743621826172,156.8405652364095,34.33486525298545,-3.5872351079379143,-3.091001146376514,-0.4962339615614004,161.61910683470586,150.46743621826172,139.3157656018176,304150.0,0.5589347361499261,2.9411110689998394,0.32786372913660156,-0.024526060488960777,0.06795708770699349,1.906054817368008,1.7991977557835437
2024-12-25,145.4684295654297,146.41610663100252,144.99459103264326,145.9422680982161,109000,144.71029663085938,149.96990509033202,156.42200775146483,35.99639945694979,-3.43785535981948,-3.160371989065107,-0.2774833707543727,161.07921528044386,149.96990509033202,138.86059490022018,301150.0,0.3619458741490951,2.738498339581096,0.3267922957292946,0.018390283940372676,0.4320483869864056,1.906054817368008,1.7991977557835437
2024-12-26,147.83763122558594,148.78530834882687,147.36379266396546,148.3114697872064,215000,145.46843872070312,149.59083404541016,156.0824234008789,43.67121441624047,-3.09264596193853,-3.1468267836397916,0.054180821701261817,160.43139299946984,149.59083404541016,138.7502750913505,293000.0,0.7337883959044369,2.815615732089908,1.6286706794278016,0.2879211150416561,0.11545410278845925,-1.2960307261217108,1.311291120709046
2024-12-27,153.99754333496094,159.2097678786058,148.3114801964393,148.3114801964393,1953000,147.3637939453125,149.56714248657227,155.88499069213867,57.82995787528057,-2.295549929666379,-2.976571412845109,0.6810214831787302,160.3647772011825,149.56714248657227,138.76950777196203,386300.0,5.055656225731297,3.9564851882139003,4.166673977598823,0.041578320025936755,0.12363018552592475,-1.507004711168436,-1.6319580244515852
2024-12-30,157.78823852539062,159.20975418778153,154.4713686464785,155.4190457547391,876000,150.0172882080078,149.70929412841798,155.7349416097005,63.85157022493767,-1.3424927389953325,-2.649755678075154,1.3072629390798216,160.87367416667453,149.70929412841798,138.54491409016143,426300.0,2.054890921885996,4.123915276828126,2.461529650628602,0.26587407296438936,-0.3672522989560889,-3.8630555510286935,-3.661340184185524
2024-12-31,157.78823852539062,157.78823852539062,155.8928843088694,157.78823852539062,275000,152.57601623535157,149.82775344848633,155.6638656616211,63.85157022493767,-0.580496447284446,-2.2359038319170126,1.6554073846325665,161.29343144642735,149.82775344848633,138.36207545054532,435100.0,0.6320386118133763,3.8267738021205377,0.0,-0.14782773801352844,-0.6688153383762052,-0.6460760373890873,0.5938366910320569
2025-01-02,153.99754333496094,157.78825209397536,153.99754333496094,157.78825209397536,295000,154.2818389892578,149.6619110107422,155.4743303934733,54.779683042865344,-0.27926710062462234,-1.8445764856585347,1.5653093850339124,160.76175199625249,149.6619110107422,138.5620700252319,440500.0,0.6696935300794552,3.821965129706389,-2.4023940097535834,0.1251537494249222,-0.8814334035584737,-2.1252976507575294,-1.475816039216471
2025-01-03,154.47137451171875,155.89289022808427,153.99753593959693,153.99753593959693,136000,155.60858764648438,149.54345092773437,155.31638412475587,55.628318930345344,-0.0022801727523358295,-1.476117223077295,1.4738370503249592,160.36786565010016,149.54345092773437,138.71903620536858,438950.0,0.30983027679690167,3.5650836842105154,0.30768749065508416,0.20975544231986998,0.3339174500631481,3.565063677813307,2.816059906470847
2025-01-06,154.94520568847656,155.89288278748865,152.1021743914403,155.4190442379826,392000,155.7981201171875,149.49606704711914,155.20582173665363,56.507318493674525,0.25255686088041784,-1.1303824062857526,1.3829392671661704,160.2111969334146,149.49606704711914,138.78093716082367,442850.0,0.8851755673478604,3.595166979122228,0.3067436787272726,0.12929662335154912,2.79117234558639,0.9388237994850446,0.17484960996152488
2025-01-07,154.94520568847656,155.89288278748865,154.47136713897052,155.4190442379826,251000,155.2295135498047,149.56714248657227,155.10315653483073,56.507318493674525,0.4493373645997849,-0.8144384521086451,1.26377581670843,160.4128238063141,149.56714248657227,138.72146116683044,445700.0,0.5631590756113978,3.305346801708348,0.0,-0.5362688493261603,0.43978199844929566,-2.7592660596029384,0.05815844931063019
2025-01-08,156.840576171875,157.78825336928816,155.4190603757553,155.4190603757553,324000,155.03998107910155,149.78037033081054,155.0083890279134,60.16794435595834,0.7495871155957445,-0.5016333385677672,1.2512204541635117,161.0350955730988,149.78037033081054,138.52564508852228,452150.0,0.7165763574035166,3.243706918922114,1.2232521006226849,-0.034527787352645056,-1.031401095838369,-7.046067593176552,-3.2558200004464077
2025-01-09,153.0498504638672,157.7882359271448,152.10217337121165,155.419043195506,501000,154.8504425048828,149.7566780090332,154.874134572347,50.93449278433552,0.6738891476107653,-0.2665288413320607,0.940417988942826,160.98017564705907,149.7566780090332,138.53318037100735,464900.0,1.0776511077651107,3.5693543371902523,-2.41692921597898,0.5983308797275377,-1.3935772156041248,-7.046067593176552,-3.2558200004464077
2025-01-10,152.10218811035156,154.47138107157198,150.6806723336193,152.10218811035156,174000,154.37660522460936,149.78037033081054,154.64511260986328,48.913594605038675,0.5313049775687944,-0.10696207755188968,0.638267055120684,161.0224888573401,149.78037033081054,138.53825180428097,460650.0,0.3777271247150765,3.59886825729191,-0.6191854161526011,-0.27125588031043923,-0.3001217089277253,-7.494430875770341,-1.6826955380992548
2025-01-13,145.94227600097656,151.62833870231333,144.9945988840871,151.62833870231333,574000,152.57601928710938,149.8040626525879,154.33711751302084,38.281344194540374,-0.07785002452331469,-0.10113966694617468,0.023289642422859996,161.0098576381712,149.8040626525879,138.5982676670046,411100.0,1.3962539528095355,4.066697719821582,-4.049851080975852,0.8080683673291622,-2.2750412660863084,3.5780503416997123,-0.6112356093005533
2025-01-14,146.41612243652344,147.83763818833435,145.4684452686495,145.4684452686495,144000,150.87020263671874,150.04098205566407,154.1001983642578,39.37305865037104,-0.5164213216227722,-0.1841959978814942,-0.332225323741278,160.7109108527561,150.04098205566407,139.37105325857206,384350.0,0.3746585143749187,3.840363746470018,0.32468072208473586,-0.12629097569892833,1.3748884512583492,-1.2350074098805952,-1.107019625318395
2025-01-15,147.36378479003906,148.31146186264382,146.8899462537367,148.31146186264382,68000,148.97484436035157,150.25420913696288,153.83168970743816,41.59801208377228,-0.7785491720997868,-0.3030666327251528,-0.47548253937463403,160.502139743339,150.25420913696288,140.00627853058677,368650.0,0.18445680184456803,3.581027170423401,0.6472390729555633,-0.308884934043574,-1.2411403721450665,0.09061115763686622,2.363188189467813
2025-01-16,148.3114776611328,151.15450918179351,147.83763907435602,148.3114776611328,264000,148.02716979980468,150.46743698120116,153.61846237182618,43.81849435571501,-0.8994482085731761,-0.42234294789475746,-0.47710526067841863,160.34223043845918,150.46743698120116,140.59264352394314,364100.0,0.7250755287009063,3.608986799934208,0.6430975374607906,-0.47462027715259314,2.2675507006747475,-3.1142517381116064,0.3037670650690272
2025-01-17,148.78530883789062,150.6806630906026,148.78530883789062,150.6806630906026,109000,147.3637939453125,150.70435638427733,153.40523503621418,44.94556895238994,-0.946121055429785,-0.5270985694017629,-0.41902248602802206,160.1485275562315,150.70435638427733,141.26018521232317,360150.0,0.3026516729140636,3.443679950538951,0.3194838216368012,0.14330122044485805,0.5341148174661026,2.093071914994482,-0.060559834164941595
2025-01-20,148.3114776611328,149.25915483468637,147.36380048757925,149.25915483468637,174000,147.83763427734374,150.89389190673828,153.20780258178712,43.99507783835381,-1.0097045927889496,-0.6236197740792003,-0.3860848187097493,159.96013203255586,150.89389190673828,141.8276517809207,358950.0,0.48474717927287925,3.2372365367480396,-0.31846637309741466,0.2040049502909147,0.5129593209210137,2.093071914994482,-0.060559834164941595
2025-01-21,148.78530883789062,150.6806630906026,148.31147027471263,148.31147027471263,149000,148.31147155761718,151.10711898803712,152.98667780558267,45.24215186762904,-1.0102156510607472,-0.7009389494755097,-0.30927670158523746,159.73210668912552,151.10711898803712,142.48213128694871,357650.0,0.4166084160492101,3.1214973739669625,0.3194838216368012,-1.8049163113836197,0.14264713733647127,1.793885270136486,4.848466095206305
2025-01-22,149.7329864501953,150.20682501491112,148.7853093207637,149.2591478854795,104000,148.78531188964843,151.3440383911133,152.844526163737,47.74819755884909,-0.9235054096817237,-0.7454522415167525,-0.1780531681649712,159.51017098206106,151.3440383911133,143.17790580016552,354350.0,0.29349513193170595,2.8948332143741,0.6369430017699074,0.8293035215003464,0.9673832452960607,0.7552565443905701,-0.5780239706307255
2025-02-03,144.52076721191406,146.8899601170274,143.57309004986874,145.94228295498206,287178,148.02716979980468,151.2966552734375,152.70237477620444,37.56521079267776,-1.2608353260746412,-0.8485288584283303,-0.41230646764631096,159.61589770361218,151.2966552734375,142.9774128432628,363258.9,0.7905601211697773,3.3301749725010965,-3.4810093365866046,-0.3354747105550504,-3.5310722033439546,-3.9740195357103825,-3.9574582833931005
2025-02-04,144.52076721191406,145.94228295498206,144.0469286308914,144.99460579293674,100100,147.17426147460938,151.1308120727539,152.5602233886719,37.56521079267776,-1.5107566528659504,-0.9809744173158543,-0.5297822355500961,159.86241537065382,151.1308120727539,142.399208774854,357513.9,0.2799891137099844,3.1388655527130407,0.0,0.4843438559004598,0.4373265659709302,0.6366962200720527,2.3370150620267482
2025-02-05,146.88995361328125,147.83763073336695,144.99459937310988,147.83763073336695,128063,146.88995666503905,150.77543258666992,152.41807174682617,43.87507344550709,-1.500352433543668,-1.084850020561417,-0.4155024129822509,159.5938952463699,150.77543258666992,141.95696992696995,266267.05,0.4809569941154942,3.162598615211687,1.6393397620794392,-0.2891986256126744,1.6127918339116087,2.253853990468846,9.855778807639393
2025-02-06,152.57601928710938,153.049857856324,147.36379502574852,148.78531073339238,327325,147.64809875488282,150.51482162475585,152.36279067993163,55.49915901467552,-1.0215136617060807,-1.07218274879035,0.050669087084269204,158.7494008501895,150.51482162475585,142.28024239932222,238833.3,1.3705165904419527,3.5622393655891615,3.870969752497766,-0.21221627178528157,0.669296009715703,1.3921063205962314,-3.829336799812766
2025-02-07,153.0498504638672,154.47136610285048,151.6283348248839,153.52368901019494,159180,148.31147155761718,150.27790222167968,152.3154067993164,56.31118462418327,-0.5969154000212598,-0.977129279036532,0.38021387901527226,157.87971035947558,150.27790222167968,142.67609408388378,233042.3,0.6830519609530116,3.4663449539061517,0.3105541611137408,-0.07860262820782449,0.6933683495169651,-2.269257547430381,-2.332195292721828
2025-02-10,153.99754333496094,155.89289771446815,152.10218895545373,153.52370474008416,258363,150.20682678222656,150.27790222167968,152.26802291870118,57.96336740310038,-0.1818510582718318,-0.8180736348835921,0.6362225766117603,157.87971035947558,150.27790222167968,142.67609408388378,231210.45,1.1174365172508423,3.509593461253921,0.6192053557853683,0.09726337705842081,-0.9631412824059216,-8.21463235994665,-1.3977863206440788
2025-02-11,153.0498504638672,156.36672028816153,152.57601191753943,156.36672028816153,167000,151.9126434326172,150.20682601928712,152.1732551574707,55.69512387828611,0.06981474749326821,-0.64049595840822,0.7103107059014883,157.66884230892563,150.20682601928712,142.7448097296486,232760.45,0.7174758426528218,3.5470754491696783,-0.615394798235458,0.11422745347031693,0.5673032792007815,1.892005468381397,0.47255326744144455
2025-02-12,151.15451049804688,153.99754204346468,151.15451049804688,153.99754204346468,127010,152.76555480957032,150.0172912597656,152.03110376993814,51.365852942044754,0.11499799123248522,-0.489397168480079,0.6043951597125643,157.15820980952626,150.0172912597656,142.87637271000497,219510.95,0.5786043930838074,3.453202928669428,-1.2383808021215748,-0.18895087172872138,-0.40326965645153257,4.443983005535723,1.5284933525709699
2025-02-13,153.52369689941406,153.99753547009126,150.68066547535085,150.68066547535085,211113,152.95509033203126,149.9462158203125,151.91264419555665,55.97282142284636,0.3380823767072627,-0.3239012594426107,0.6619836361498734,156.90662891708516,149.9462158203125,142.98580272353982,217516.6,0.9705604078033584,3.4350252041455596,1.567393783725568,0.16004999541816556,0.4708515817043901,1.7179320256933472,2.779396629188513
2025-02-14,154.94520568847656,155.4190442379826,153.0498514904524,154.47136713897052,249204,153.33416137695312,149.85144729614257,151.84946568806967,58.51221043077303,0.6224075122983663,-0.1346395050944153,0.7570470173927817,156.4593052713994,149.85144729614257,143.24358932088575,213776.8,1.1657205084929703,3.292914209930179,0.925921416544484,-0.7319906963362488,-1.0547307799725902,1.78712430249921,4.957736674234092
2025-02-17,154.47137451171875,155.41905165596242,152.5760202232314,155.41905165596242,239081,153.42892761230468,149.92252349853516,151.76259536743163,57.32531195057301,0.8002779091335128,0.05234397775117032,0.7479339313823425,156.70354805198016,149.92252349853516,143.14149894509015,200680.85,1.191349348978739,3.232929839636957,-0.30580563925963755,0.15391983887540484,1.523459828704521,1.78712430249921,4.957736674234092
2025-02-18,154.47137451171875,155.89289022808427,153.52369736747508,155.89289022808427,179001,153.713232421875,150.0409828186035,151.73100611368815,57.32531195057301,0.9305150814786316,0.2279781984966626,0.702536882981969,157.0608996269789,150.0409828186035,143.0210660102281,200930.9,0.8908584991158652,3.117764909099921,0.0,0.12581943498035653,0.6840120787098725,0.23152407417601495,-0.16102123942272062
2025-02-19,155.41905212402344,156.84056784467,154.9452135504746,155.89289069757228,334328,154.5661407470703,150.51482162475585,151.6994171142578,59.242990180540005,1.0975468057336855,0.4018919199440672,0.6956548857896183,157.64828789042227,150.51482162475585,143.38135535908944,188947.3,1.7694245961704667,3.017955365613432,0.6134972355235968,0.04493902906270719,-0.26210179244977594,6.871991611925088,2.6881858283221316
2025-02-20,156.840576171875,157.78825336928816,155.89289897446187,156.840576171875,346100,155.2295166015625,151.03604431152343,151.73100662231445,62.00135536368808,1.3293023905970642,0.5873740140746666,0.7419283765223976,158.42725521362533,151.03604431152343,143.64483340942152,199052.3,1.738739014821733,2.931454816233604,0.9146395042463507,0.07610438798688612,-0.49406348495265595,0.3962557977111203,-0.10471629468223886
2025-02-21,157.31439208984375,158.73590768101704,156.36671502906157,156.84055355945264,341383,155.70335388183594,151.53357467651367,151.74680099487304,62.9025804441379,1.5335258150362847,0.7766043742669904,0.7569214407692944,159.21778849991165,151.53357467651367,143.84936085311568,212721.45,1.6048358075784082,2.856486527663187,0.30210034261128893,-0.16155224353523456,1.0336965036197743,-3.0319382678797524,-2.358508667467496
2025-02-24,153.99754333496094,157.31441349909858,153.52370474008416,154.94522052471456,466376,155.60858764648438,151.81787796020507,151.74680099487304,53.36156821359774,1.4114619213722506,0.9035758836880424,0.5078860376842081,159.4204618717655,151.81787796020507,144.21529404864464,222840.25,2.0928714628528735,2.9810494918433514,-2.108420412665435,0.24378228572174976,-0.6950599050789652,-1.2025859766080393,-1.5029392563599586
2025-02-25,153.0498504638672,153.9975275565227,152.57601191753943,153.52368901019494,166312,155.32428283691405,152.0311050415039,151.72310892740884,50.98215008341834,1.2241433491963676,0.9676893767897076,0.25645397240666,159.51383681304142,152.0311050415039,144.5483732699664,225705.85,0.7368528551652516,2.773113748587105,-0.615394798235458,-0.2236579215236012,-1.1864466763289783,-4.082397458583031,-1.9073645001318362
2025-02-26,155.41905212402344,155.41905212402344,153.04985925627918,153.52369782982802,126021,155.32428283691405,152.38648376464843,151.6915199279785,56.236006771814154,1.252429576373686,1.0246374167065033,0.22779215966718258,159.8002012351722,152.38648376464843,144.97276629412465,223306.9,0.5643399285915482,2.719258803462991,1.5479934498306314,0.2403748003681816,0.5017241236141778,-1.3080866217780596,-0.16666796761496405
2025-02-27,152.10218811035156,156.84057403279243,151.62834951810748,156.36673544054833,268597,154.37660522460936,152.55232772827148,151.58885498046874,48.41264991354514,0.9957253079561781,1.0188549949564383,-0.02312968700026019,159.77273026466793,152.55232772827148,145.33192519187503,229286.75,1.1714457987650835,3.051654231625919,-2.1341424801800013,-0.0854219922061139,-1.4928761271182256,-6.271015265656499,-6.622148410558626
2025-03-03,146.88995361328125,151.6283392137097,145.94227649319558,150.20682353358114,504222,152.29171752929688,152.4101760864258,151.40721689860027,39.18691959800087,0.3674656470883235,0.8885771253828154,-0.5211114782944919,159.96833186721,152.4101760864258,144.8520203056416,249297.85,2.0225685861310074,3.4660885496965945,-3.4267978402051535,0.010029005274558855,-1.288020531332612,-4.548351592666533,-3.033835618620939
2025-03-04,147.83763122558594,148.3114697872064,144.0469227326222,146.889954102345,269031,151.0597351074219,152.57601928710938,151.2808598836263,41.3744310198877,-0.05335001155123109,0.7001916979960062,-0.7535417095472373,159.52640707034274,152.57601928710938,145.625631503876,248390.5,1.0830969783465954,3.5725496836816086,0.6451616254163017,-0.048922726206168665,-0.7003312963471564,-0.9351996668276907,1.925398058599237
2025-03-05,149.7329864501953,151.15450214434273,146.88995506190045,148.7853093207637,343103,150.3963623046875,152.83663024902344,151.18609212239582,45.589914702386224,-0.2312444838891281,0.5139044616189794,-0.7451489455081075,158.84188877537844,152.83663024902344,146.83137172266845,260540.65,1.3168885546266964,3.6648160035163646,1.2820519436741007,-0.28611765666530786,1.2170685545562776,4.495392053374547,2.7744883608376902
2025-03-06,147.83763122558594,151.1545011569292,147.83763122558594,151.1545011569292,162000,148.880078125,152.88401412963867,151.0755297342936,42.31332418134412,-0.5191816583804041,0.30728723761910276,-0.8264688959995068,158.7037987328713,152.88401412963867,147.06422952640605,262237.5,0.6177606177606177,3.6184231938932845,-1.2658234297890147,0.019216094991714172,-0.6841176310348751,-5.614111671586497,1.2062013336311406
2025-03-07,146.88995361328125,147.83763073336695,146.4161150532384,147.83763073336695,129131,147.83763122558594,152.59971084594727,150.94127553304037,40.736819735438885,-0.814455075748242,0.08293877494563379,-0.8973938506938759,159.0085751749592,152.59971084594727,146.19084651693535,252327.8,0.5117589104331747,3.325502257687185,-0.6410259718370503,0.17315585352613017,-0.6135009415062398,3.4639936662812953,0.9080623510765662
2025-03-10,148.3114776611328,152.10218635534707,148.3114776611328,150.68067059501672,271000,148.12193603515624,152.36279220581054,150.82281595865885,44.10115422872818,-0.923115178692143,-0.11827201578192158,-0.8048431629102214,159.04604753886528,152.36279220581054,145.6795368727558,257918.8,1.0507182880813652,3.5770663222710035,0.9677476320770095,-0.09403841713142569,-0.5178931508299844,-2.73128113830563,-0.8436622159063378
2025-03-11,145.94227600097656,146.4161145594213,143.57308320875293,145.46843744253184,320560,147.74286499023438,151.96002883911132,150.63328069051107,40.02306213924718,-1.1867240507125985,-0.331962422768057,-0.8547616279445415,159.17797845704663,151.96002883911132,144.742079221176,261028.65,1.2280644289429532,3.7319100729521866,-1.5974499732040237,0.12063354165599005,-1.7278505202805272,-2.9438388622112566,-3.346564962269427
2025-03-12,145.94227600097656,147.8376302347555,145.94227600097656,145.94227600097656,120185,146.98472290039064,151.6046501159668,150.45164235432944,40.02306213924718,-1.3797312974441525,-0.5415161977032761,-0.8382150997408764,159.2819446171267,151.6046501159668,143.92735561480688,258687.9,0.46459459449011725,3.487035961062419,0.0,0.006697012528866786,0.9390996671090779,-0.02333676175462207,-2.4061029319882965
2025-03-13,144.0469207763672,148.31146777303596,144.0469207763672,148.31146777303596,251068,146.22658081054686,151.2492706298828,150.25420964558919,36.86058596343271,-1.6664207958785084,-0.7664971173383226,-0.8999236785401858,159.63923703199546,151.2492706298828,142.85930422777014,264890.8,0.9478169872264345,3.590704099143266,-1.2987019776207198,0.11408531144070366,-1.4214677219695382,-1.6335985371503492,0.9074534126752631
2025-03-14,144.99459838867188,145.4684369454976,143.09924416136897,144.04692127502042,143068,145.847509765625,150.82281570434571,150.1120580037435,39.43736056599128,-1.796446310811291,-0.9724869560329163,-0.8239593547783746,159.58482017346233,150.82281570434571,142.0608112352291,261488.55,0.5471291190379082,3.4278359238079794,0.6578950852937471,0.18871601352579148,0.029010047686051088,2.4673714428967486,1.139083709380051
2025-03-17,144.52076721191406,146.41612153600474,144.0469286308914,146.41612153600474,119921,145.08936767578126,150.30159378051758,149.97780380249023,38.58936952827123,-1.9156443287955938,-1.1611184305854518,-0.7545258982101419,159.2688875827866,150.30159378051758,141.33429997824857,255024.4,0.47023343648686167,3.2866835213153625,-0.3267922957292946,-0.12860909638311435,0.685450337057314,1.9912031435438182,1.3633800071101376
2025-03-18,144.0469207763672,145.46843644192344,144.0469207763672,144.99459788673803,98045,144.71029663085938,149.78037109375,149.8198575337728,37.7159809706658,-2.025002100379112,-1.3338951645441839,-0.691106935834928,158.93700920820334,149.78037109375,140.62373297929668,247972.6,0.3953864257583297,3.037994473880815,-0.32787428733481727,0.09233778296404704,0.691901155514496,-1.4301954120925275,-0.35089801940757503
2025-03-19,144.0469207763672,145.46843644192344,144.0469207763672,144.99459788673803,174247,144.3312255859375,149.25914840698243,149.69350051879883,37.7159809706658,-2.0876043191368012,-1.4846369954627074,-0.6029673236740938,158.47803725538276,149.25914840698243,140.0402595585821,247734.9,0.7033607295540516,2.8224639661042072,0.0,0.0691720867479928,-1.3956737184071533,0.36850223136077886,1.7018657946573201
2025-03-20,145.94227600097656,146.4161145594213,144.52076032564239,144.9945988840871,173051,144.71029663085938,148.7853096008301,149.70139795939127,43.6340374791949,-1.9616648507400782,-1.5800425665181816,-0.3816222842218966,157.6380147427472,148.7853096008301,139.93260445891298,239671.05,0.7220354732037934,2.762027941697527,1.315790170587472,0.07308017918177256,1.8962383754100642,-0.8719620287956253,-0.6924254299070398
2025-03-21,145.94227600097656,148.31146879320022,145.46843744253184,145.94227600097656,98075,144.89983215332032,148.24039459228516,149.77247365315756,43.634037479194895,-1.840639172073253,-1.632161887629196,-0.208477284444057,156.3126501011872,148.24039459228516,140.16813908338312,227269.8,0.43153555817798933,2.7728283962269744,0.0,-0.04847648711218122,-0.7514778753577311,1.3425879771164162,-2.033698580348442
2025-03-24,144.99459838867188,148.31146828645194,144.99459838867188,148.31146828645194,63020,144.99459838867188,147.62440490722656,149.80406290690104,41.355405771170574,-1.8004407527651551,-1.665817660656388,-0.13462309210876722,154.5848210218665,147.62440490722656,140.66398879258662,213351.65,0.29538088878150226,2.8453672631007203,-0.6493509888103599,-0.0372943476917964,-0.4613378578019911,4.339884830644158,2.787644251606647
2025-03-25,144.52076721191406,146.41612153600474,143.09925146884606,145.94228295498206,159179,145.08936767578126,147.15056610107422,149.81196034749348,40.224346337239865,-1.7862269197977128,-1.689899512484653,-0.09632740731305978,153.55205151361045,147.15056610107422,140.749080688538,197991.8,0.8039676390638401,2.908234303641781,-0.3267922957292946,0.1100854006351959,0.753388228226104,-0.8099801431981191,-2.135015297375187
2025-03-26,146.88995361328125,147.3637921733241,144.99459937310988,145.94227649319558,168054,145.65797424316406,146.84257125854492,149.8593442281087,47.89747056663908,-1.5657399369387122,-1.665067597375465,0.09932766043675278,152.6103487193598,146.84257125854492,141.07479379773005,198078.9,0.848419493444279,2.8995397246775485,1.6393397620794392,0.10299623953369252,-0.05791891930048143,-0.5958959381599738,-0.9433867073645574
2025-03-27,144.99459838867188,145.4684369454976,143.57308271819468,144.52075983184614,215170,145.46843872070312,146.32134857177735,149.86724141438802,43.127870356179606,-1.5263469633064517,-1.6373234705616624,0.11097650725521069,150.48750262016827,146.32134857177735,142.15519452338643,202536.35,1.0623771979696484,2.9551838807320845,-1.2903232508325924,0.1307340140583202,-1.3860075941006245,-2.841923996393314,-1.011908358049718
2025-03-28,138.36085510253906,144.994594730743,135.5178238333088,144.994594730743,785296,143.95215454101563,145.63428192138673,149.76457621256512,31.358023587584967,-2.0072767536472895,-1.7113141271787877,-0.2959626264685018,150.2898982635865,145.63428192138673,140.97866557918695,228371.3,3.4386807799403867,3.824729304016217,-4.5751658060739775,0.06920720797163327,-1.5892536377484667,-6.444240866061845,-2.70594854837668
2025-03-31,131.7271270751953,134.0963200082024,129.35793414218818,133.622481421601,505158,141.2986602783203,144.87614059448242,149.54345169067383,24.235315349638213,-2.890384930555456,-1.9471282878541216,-0.9432566427013342,152.59885903915165,144.87614059448242,137.1534221498132,228418.1,2.2115497852403116,4.515154858194172,-4.794512163449339,0.22469010496022346,-4.198467002028805,-0.6106497517977538,-1.7305290709566434
2025-04-01,133.1486358642578,134.09631298784683,132.2009587406688,132.2009587406688,173182,139.02423400878905,144.141690826416,149.3381217956543,28.00888147189127,-3.4359432292271492,-2.2448912761287274,-1.1910519530984218,153.332846953652,144.141690826416,134.95053469918003,223625.65,0.7744281570562233,4.2290256654551515,1.0791313988431916,0.1606192017939545,2.823117236854644,-1.204221873450484,-1.6981151799233651
2025-04-02,134.57015991210938,134.57015991210938,132.20096695591027,134.09632132086955,128099,136.56027526855468,143.38354949951173,149.11699727376302,31.673779438590273,-3.710820966771223,-2.5380772142572265,-1.1727437525139965,153.11816996244178,143.38354949951173,133.64892903658168,212875.45,0.6017556275277398,3.981047970887678,1.0676219389140318,-0.10711050560909818,0.08482442253172628,1.393028726283041,1.9193803737188597
2025-04-07,121.30267333984375,121.30267333984375,121.30267333984375,121.30267333984375,46188,131.82189025878907,142.05680160522462,148.57208277384441,20.952641589807186,-4.942267456745498,-3.0189152627548808,-1.9233521939906169,155.68837885769864,142.05680160522462,128.4252243527506,207084.85,0.22303901033803292,5.219239784404738,-9.859159401260209,0.39779856690886906,-9.69973559080869,4.094958566389262,-2.1885608574431115
2025-04-08,109.45671081542969,112.29974226518111,109.45671081542969,109.45671081542969,558057,126.04106140136719,140.18513946533204,147.7665573120117,15.80773924076152,-6.795730891501989,-3.7742783885043028,-3.0214525029976866,159.9308315748852,140.18513946533204,120.43944735577888,228531.15,2.4419296887973476,6.1028028164059815,-9.765623624160536,-0.5500181172965579,-4.016151985134908,-8.92246552092364,-9.036149269143202
2025-04-09,98.55841827392578,106.13983506422775,98.55841827392578,100.92761102089514,946313,119.40731964111328,137.69748649597167,146.77939364115397,12.71451765793114,-9.039809843508081,-4.827384679505059,-4.212425164003022,164.43191883355232,137.69748649597167,110.96305415839103,262296.8,3.6077946814448367,6.742201446419038,-9.95671481475544,0.3050360677505859,-5.786524331497223,22.691705248438264,22.2327530443029
2025-04-10,108.03519439697266,108.03519439697266,108.03519439697266,108.03519439697266,132002,114.38463134765625,135.8021324157715,146.0133544921875,26.232008143196737,-9.938991441748371,-5.849706031953722,-4.089285409794649,165.30679599275837,135.8021324157715,106.29746883878462,252868.9,0.5220175355688264,7.10681140330275,9.615389825664455,-1.489084234874749,9.247307649849002,-11.020407170268331,-11.377722847721493
2025-04-11,109.93054962158203,110.40438819753713,101.87529383034543,106.13984101394128,574010,109.45670928955079,134.00154609680175,145.27100741068523,28.61315893972585,-10.379017161007681,-6.755568257764514,-3.623448903243167,165.24479760649373,134.00154609680175,102.75829458710976,275560.15,2.0830660746846013,7.2964491318212765,1.7543868321696632,0.6081981557515048,2.7828390478427556,0.5733966651803701,-2.5327416619481347
2025-04-14,113.2474136352539,117.03812204145487,111.35205943215342,113.72125218602902,388250,107.84565734863281,132.4615707397461,144.57604420979817,32.706818593910015,-10.340894117615846,-7.472633429734781,-2.8682606878810653,164.6421880281134,132.4615707397461,100.28095345137879,282419.25,1.374729236764137,7.2712655702281515,3.0172359049323694,-1.2941415741642648,-0.08029019685500405,1.5393303097038125,1.8817178004941315
2025-04-15,124.14570617675781,124.14570617675781,115.1427732860769,116.5642890056581,644431,110.78345642089843,131.41912612915038,144.0627192179362,44.05812974448972,-9.32380122711632,-7.84286698921109,-1.4809342379052302,163.23903257346936,131.41912612915038,99.59921968483143,307487.4,2.095796445642976,7.754869166398253,9.62343614893053,-0.01606647441906306,1.76589192631309,0.6457033945344914,-0.0879617483601991
2025-04-16,116.09044647216797,123.67186338463608,115.61660791513872,123.67186338463608,496047,114.28986206054688,129.9976100921631,143.38355038960773,38.84269949998322,-9.063264252565574,-8.086946441881988,-0.9763178106835859,161.89318603746287,129.9976100921631,98.10203414686329,326293.7,1.520246943168072,7.858099712427698,-6.488552808359572,0.45493231013253865,-1.9623144276647686,-4.4630363799766375,-4.049291903113083
2025-04-17,115.61661529541016,117.51196964451525,111.82590659719999,116.56429246996271,519067,115.80614624023437,128.57609481811522,142.75966313680013,38.5535930956806,-8.793653278028515,-8.228287809111293,-0.5653654689172214,160.36925081896166,128.57609481811522,96.78293881726879,347344.8,1.494385406086402,7.56849482374604,-0.40815690796004445,-0.3851900465324021,-0.6640103310560974,1.1386843493385035,3.119268439097156
2025-04-18,125.56722259521484,126.51489974687685,115.61661250276386,115.61661250276386,936284,118.93348083496093,127.65210990905761,142.31741371154786,47.406589352467,-7.688426396249781,-8.120315526538992,0.4318891302892105,158.6154313150361,127.65210990905761,96.68878850307914,385446.65,2.4290884354553346,8.012467146461633,8.606554753726403,-0.3851900465324021,0.2911195655576959,1.1386843493385035,3.119268439097156
2025-04-21,116.56428527832031,124.61954076503349,115.6166081622364,124.61954076503349,671347,119.59685516357422,126.1832103729248,141.82778053283693,41.57077778066818,-7.453073538127001,-7.986867128856594,0.5337935907295934,156.26804098572478,126.1832103729248,96.09837976012483,410361.45,1.6359894429654638,8.270886784663874,-7.16981480582467,-0.3851900465324021,-1.4891964002938463,0.2886902153013349,-1.5124610120325177
2025-04-22,114.66893005371094,117.98579993129762,113.72125294582904,113.72125294582904,244300,117.70149993896484,124.61954307556152,141.29866065979004,40.44205614186522,-7.334941390414144,-7.856481981168104,0.5215405907539594,153.61125795446415,124.61954307556152,95.6278281966589,417672.7,0.5849077519311173,7.7367081447711685,-1.626017111573963,0.19087153159529358,-1.6370054958029567,2.043750864044269,0.9936943802743459
2025-04-23,119.88115692138672,121.77651118101339,117.51196409685339,118.45964122666672,273380,118.45964202880859,123.36387100219727,140.84061686197916,44.87473972298124,-6.743008460278489,-7.633787276990181,0.8907788167116921,150.7720639855496,123.36387100219727,95.95567801884494,428190.7,0.6384538477832423,7.652824542442007,4.545456964876515,0.40997828226332356,4.500035126970481,3.300417894965091,5.008937304800232
2025-04-24,119.88115692138672,122.25034974592005,119.40731835648005,121.77651118101339,159088,119.3125503540039,122.1318904876709,140.3667781829834,44.87473972298124,-6.202399942818616,-7.347509810155868,1.1451098673372524,147.68844273346386,122.1318904876709,96.57533824187793,428186.15,0.37153934100857766,7.011518788708406,0.0,-0.12526095055448438,-0.8163803151391757,9.12069975425307,10.221470157317892
2025-04-25,122.25035095214844,122.72418952173041,120.35499667382055,122.72418952173041,168043,118.64917602539063,120.89991035461426,139.9245288848877,46.955924338509206,-5.519168105399615,-6.9818414692046185,1.4626733638050036,143.65304462093945,120.89991035461426,98.14677608828909,428185.6,0.39245364626928136,6.455720630259777,1.9762855911670485,-0.2987707483269153,2.022299672390404,-0.825820880675765,-0.3091196569198207
2025-04-28,122.72418975830078,123.19802832879616,121.77651261731005,123.19802832879616,78015,119.88115692138672,119.7863899230957,139.49807408650716,47.3837770629987,-4.883176896613037,-6.5621085546863025,1.6789316580732656,139.55917698446507,119.7863899230957,100.01360286172631,421327.85,0.18516459332085455,5.784493307756621,0.3875970927378569,0.25712712450653985,0.8135756068057276,1.0345693574608017,2.0930257380662454
2025-04-29,125.09337615966797,125.56721470572732,122.72418342937124,123.67186052148993,204097,121.96604614257812,119.12301597595214,139.10320854187012,49.57388836372967,-4.1402495198579174,-6.0777367477206266,1.937487227862709,137.07867369839104,119.12301597595214,101.16735825351324,392267.9,0.5203000296481053,5.39229837023655,1.9304966739101648,-0.2862987748134538,0.9894012430566201,-2.947053641844899,-0.6074424129403067
2025-04-30,121.30267333984375,127.46257472038269,121.30267333984375,125.56722044944763,318357,122.25034942626954,118.60179328918457,138.62936999003094,46.256299290719575,-3.813393828313721,-5.6248681638392455,1.8114743355255243,135.59640939022594,118.60179328918457,101.6071771881432,382927.85,0.8313759367463088,5.494645438276869,-3.0302985946960126,-0.32134330087744134,0.011854303657643506,2.1616061229914996,-0.7639397765079603
2025-05-02,123.1980209350586,124.14569801917442,122.25034385094276,123.1980209350586,142216,122.91372222900391,118.10426254272461,138.27399088541668,48.125588936076134,-3.362657010211379,-5.172425933113673,1.8097689229022942,133.84187809674177,118.10426254272461,102.36664698870746,381379.55,0.3728988615147299,5.141096003750709,1.5624944966421417,0.248493598366184,2.730963815359244,5.833337026011809,3.5471678394114248
2025-05-05,117.03812408447266,123.19802535207648,114.66893128924042,123.19802535207648,387393,121.87127685546875,117.22766075134277,137.81594683329266,42.902784473010406,-3.4625825338507354,-4.830457253261086,1.3678747194103504,130.92427456120697,117.22766075134277,103.53104694147855,394344.25,0.9823726350770932,5.5928290782954235,-4.999996593965584,-4.382525588739094,-1.2250086251671455,-8.351228854075309,-0.36443403657200335
2025-05-06,116.56428527832031,117.98580095244617,116.09044672027835,117.51196239440421,203054,120.63929595947266,116.9907413482666,137.31051902770997,42.52051632910288,-3.539211238801414,-4.572208050369152,1.0329968115677381,130.55383806941526,116.9907413482666,103.42764462711793,402187.55,0.5048739077079836,5.099832432145076,-0.40485851072796786,-5.0295889599485495,-0.05065209940824378,0.2603448959082266,-1.6825182014758355
2025-05-07,116.56428527832031,117.51196239440421,115.14276960419444,116.56428527832031,145035,118.93347778320313,117.34612007141114,136.7103234608968,42.52051632910288,-3.5589150818391175,-4.369549456663146,0.8106343748240281,130.44246695571812,117.34612007141114,104.24977318710417,381536.45,0.38013406058582344,4.735747146553702,0.0,2.8038417507629143,0.11645894015797076,0.7530535657416237,-9.74702071146405
2025-05-08,119.40731811523438,119.40731811523438,116.56428673153832,116.56428673153832,161067,118.55440673828124,118.38856506347656,136.1496145884196,45.87627647735985,-3.3070004866095246,-4.157039662652422,0.8500391760428974,128.05924675127525,118.38856506347656,108.71788337567787,342274.15,0.4705789204355631,4.48338523860175,2.439025667360939,1.3780265518076762,-0.015038304424519477,2.500003195300615,6.0181271184757135
2025-05-09,122.25035095214844,125.56722093922222,120.35499667382055,124.14570523047632,279002,118.36487274169922,119.09932289123535,135.62049471537273,49.07789154254115,-2.8451502442500782,-3.8946617789719533,1.049511534721875,127.58271189569214,119.09932289123535,110.61593388677855,349624.15,0.7980055153512707,4.70692091665323,2.380953597978297,-0.40045240590582676,1.809041662083355,3.042492005394104,2.177306328121076
2025-05-12,128.41024780273438,132.20095622495532,122.25034661662534,124.14570082773581,630160,120.63929748535156,120.02330780029297,135.2098346710205,55.25396250785035,-1.9594906162094645,-3.5076275464194557,1.5481369302099912,128.32548798254692,120.02330780029297,111.72112761803902,352431.65,1.7880346444480795,5.406079408876797,5.038755964796415,-0.07465812307537734,1.0255778120184855,8.882380259416166,12.17654776100947
2025-05-13,127.93640899658203,131.25327885945637,127.93640899658203,130.30560175577799,288304,122.91372222900391,120.75775756835938,134.82286631266277,54.70433368219833,-1.281066474888263,-3.0623153321132177,1.7812488572249547,129.13461201529003,120.75775756835938,112.38090312142872,347434.35,0.8298085667119559,5.1275181360764694,-0.36900388735349177,0.48501607250679424,0.9493892029855955,2.577323069044568,0.6784375312557822
2025-05-14,128.41024780273438,130.30560201384483,126.5148935916239,130.30560201384483,320432,125.28291473388671,120.9709846496582,134.4043088277181,55.18442049068005,-0.6971394340473864,-2.5892801525000517,1.8921407184526653,129.90923627157264,120.9709846496582,112.03273302774377,331234.4,0.9673874452653468,4.949276840895731,0.3703705691512793,0.10495309053717428,2.1224825639188705,-1.2453565416723378,1.9541769418732091
2025-05-15,127.46257781982422,128.88409355759177,126.51490066131251,128.41025497833593,422226,126.89396667480469,121.53959121704102,133.94626502990724,53.95276843220287,-0.30729973477116346,-2.132884068954274,1.8255843341831106,130.61638041499802,121.53959121704102,112.46280201908402,327543.35,1.2890690652092311,4.605265648280202,-0.738001833285129,-0.2803567472373425,-0.2415620287910758,-1.5044254285352388,-0.2643824590766841
2025-05-16,126.04106140136719,128.8840928615484,125.56722282467032,127.93641570815467,266410,127.65210876464843,122.06081352233886,133.47242647806803,52.075257745267,-0.11176510080181856,-1.728660275323783,1.6168951745219644,130.89962293735405,122.06081352233886,113.22200410732367,314910.5,0.8459863993102802,4.433479566759918,-1.1152421697185777,-0.5692240792755765,0.5220347355644694,0.8984674462461539,1.1928422296873187
2025-05-19,124.14570617675781,127.46257618911395,124.14570617675781,126.98873761592021,231076,126.79920043945313,121.98973770141602,132.96699867248535,49.59699435175699,-0.108491202067583,-1.4046264606725432,1.2961352586049601,130.73216249758005,121.98973770141602,113.24731290525199,279650.1,0.8263040134797021,4.284598292839414,-1.5037601266890133,0.1180119416830605,-1.4643102104449635,-2.4042699474196794,-1.702678988525208
2025-05-20,122.72418975830078,125.09338261077764,121.30267404681467,125.09338261077764,351081,125.75675659179687,122.29773292541503,132.4220842997233,47.761146343905736,-0.2180871358471137,-1.1673185957074572,0.9492314598603435,130.6611762281681,122.29773292541503,113.93428962266195,263636.8,1.331684347556942,4.218746328989221,-1.1450387308869825,-0.18806606512049573,0.010217599479345196,0.9580250170699856,-0.8660927136783236
2025-05-21,128.41024780273438,128.88408635551198,121.77650806384773,121.77650806384773,587604,125.75675659179687,122.98479881286622,131.94824549357097,54.94515655682165,0.15212110346389807,-0.9034306558731862,1.0555517593370842,130.95807176717238,122.98479881286622,115.01152585856003,280802.0,2.0925919331058895,4.603923924012559,4.633200720764186,0.0016576947628355043,1.2909062583843056,-1.355622451140459,-4.0322665929920065
2025-05-22,124.14570617675781,126.51489904272648,124.14570617675781,126.04106046953275,336824,125.0933822631836,123.19802627563476,131.3954340616862,49.452216981541035,0.10024536519986782,-0.7026954516585754,0.8029408168584432,131.0489790373641,123.19802627563476,115.34707351390541,283974.2,1.186107752042263,4.558672950941093,-3.3210290447595825,-0.41198726278828257,-0.6097494339192711,-3.1378812108859178,-0.49019543696879886
2025-05-23,122.72418975830078,125.567221181273,122.72418975830078,124.14570546978689,115270,124.43000793457031,123.34017791748047,130.87421150207518,47.73899787101357,-0.05493773793462253,-0.5731439089137849,0.5182061709791623,131.0397566956273,123.34017791748047,115.64059913933364,281783.3,0.4090732133522462,4.329920747211909,-1.1450387308869825,0.08260363716483532,-0.08638612371177912,-2.411918741267194,-2.1111766395878973
2025-05-26,120.8288345336914,124.61954306808173,120.35499596689262,124.61954306808173,273372,123.76663360595703,123.26910209655762,130.3371945699056,45.47675101177207,-0.3270902983314983,-0.5239331867973276,0.1968428884658293,131.03698165271044,123.26910209655762,115.50122254040478,287049.75,0.9523505942785179,4.321204261075536,-1.5444023124880135,-0.25093902970623194,-0.5342168783596057,-2.411918741267194,-2.1111766395878973
2025-05-27,120.35499572753906,122.25034999096488,119.88115716168261,121.30267285925197,268749,123.29279479980468,123.15064239501953,129.7527936299642,44.90385602148126,-0.5743868210895471,-0.5340239136557715,-0.040362907433775574,131.02504072793243,123.15064239501953,115.27624406210664,296586.45,0.9061405199057475,4.060936070169768,-0.3921570608381719,-0.1885106866633124,-0.9287980727548772,5.16113652650696,4.025874846420341
2025-05-28,117.98580932617188,121.30267946787149,116.56429355115776,120.35500228452874,621836,121.2079071044922,122.79526405334472,129.18418731689454,42.051397627597225,-0.9505868658542056,-0.6173365040954584,-0.3332503617587472,130.93748176604356,122.79526405334472,114.65304634064587,317473.4,1.9587026818624802,4.151262716375629,-1.968498596211643,0.16646820635146664,0.09927402266578511,-1.2672880931348662,-2.2805666640589473
2025-05-29,118.45964050292969,120.82883331298828,116.0904476928711,119.88115618896485,1651198,120.07069396972656,122.65311241149902,128.71034876505533,42.83354044753192,-1.1966990934828345,-0.7332090219729337,-0.46349007150990085,131.00170550863044,122.65311241149902,114.30451931436762,384115.45,4.298702382317607,4.229545770207837,0.4016001411219827,-0.049388342657963324,-0.04878761184228253,0.21003536941137657,1.0607998653420658
2025-06-02,114.66893005371094,116.56428426947475,114.19509149976999,116.56428426947475,309209,118.45964202880859,122.22665786743164,128.15753707885742,38.371499687075946,-1.6782773236881354,-0.922222682315974,-0.7560546413721614,131.29810822314985,122.22665786743164,113.15520751171344,392465.1,0.7878636852041112,4.234212867934752,-3.2000016487683025,0.07001895010041448,-1.6142080316433494,1.2375070254612375,-0.9239553714338156
2025-06-03,113.2474136352539,115.61660638912952,113.2474136352539,115.61660638912952,276083,116.9433578491211,122.0371223449707,127.5494441986084,36.82240603595478,-2.1498538585271945,-1.167748917558218,-0.9821049409689764,131.7038936970214,122.0371223449707,112.37035099292,386899.6,0.7135778894576268,3.985543519393533,-1.2396700813299577,0.38934277980975374,0.5914415066209822,11.354014838759552,6.025823820308629
2025-06-04,117.03812408447266,117.03812408447266,113.24741561210108,114.66893128924042,189059,116.27998352050781,122.06081428527833,127.03611907958984,43.38606026769844,-2.1924300382095367,-1.372685141688482,-0.8197448965210548,131.67327918259932,122.06081428527833,112.44834938795734,386199.85,0.489536699716481,3.959565776703562,3.347282138758456,-0.0713650479945871,2.324806129025947,6.143128378779394,0.33829738841788526
2025-06-05,117.98580932617188,117.98580932617188,115.61661636781501,117.98580932617188,150258,116.27998352050781,122.1318904876709,126.55438334147135,44.92653024832795,-2.1252036635435303,-1.5231888460594916,-0.6020148174840387,131.59306137795565,122.1318904876709,112.67071959738617,386461.0,0.3888050799433837,3.7475160675906687,0.8097235401818503,-0.07976061250243305,0.26061434732305155,-1.4717539413987235,-0.7417396452396141
2025-06-06,115.61661529541016,118.45964681906779,115.61661529541016,118.45964681906779,103038,115.71137847900391,121.94235534667969,126.00946896870931,41.85998007802255,-2.2373101170307024,-1.6660131002537337,-0.5712970167769686,131.77781620867125,121.94235534667969,112.10689448468814,383559.55,0.26863625218039805,3.6269181283995966,-2.008033037441037,0.011020349999935064,-0.06352892070761174,1.2716940689851963,2.9891234628743435
2025-06-09,114.66893005371094,116.56428426947475,114.66893005371094,116.56428426947475,128000,115.71137847900391,121.56328430175782,125.48824653625488,40.664316918209416,-2.3752452196188187,-1.8078595241267508,-0.567385695492068,131.91937924048165,121.56328430175782,111.20718936303398,376009.45,0.3404169762222731,3.3960429400481598,-0.8196791086452437,-0.09216583404251244,0.5984531649308789,4.405028861527627,2.902394047076484
2025-06-10,114.66893005371094,117.03812282341572,114.19509149976999,116.0904457155338,212578,115.99568176269531,120.87621841430663,124.96702410380045,40.664316918209416,-2.456245710596761,-1.9375367614207528,-0.5187089491760082,131.14258000979453,120.87621841430663,110.60985681881874,355130.35,0.5985914749330774,3.3223080578611697,0.0,-0.013037526208137251,2.073637303314224,2.7109548300671804,2.3717823193514898
2025-06-11,115.61661529541016,116.09045388268643,114.66893812085762,116.09045388268643,159102,115.71138000488281,120.26022872924804,124.49318567911784,42.56689077868338,-2.416117406918616,-2.0332528905203255,-0.38286451639829044,130.21665616940209,120.26022872924804,110.303801289094,348670.25,0.4563107979530803,3.0688701606764135,0.8264533742970537,-0.08323425859342315,1.0248967858730973,-3.754647744255313,-0.43831509345257924
2025-06-12,114.66893005371094,117.03812282341572,114.66893005371094,117.03812282341572,166102,115.04800415039062,119.57316284179687,123.98775787353516,41.14607213949208,-2.4327425739511312,-2.113150827206487,-0.3195917467446443,129.04631875810102,119.57316284179687,110.10000692549272,340953.75,0.487168714231769,2.975579841880196,-0.8196791086452437,-0.2723416236173337,-0.8112082280176014,2.317498631188175,0.31446142125948207
2025-06-13,110.87821960449219,115.61660505767561,110.87821960449219,115.61660505767561,371002,114.10032501220704,118.74394493103027,123.42704874674479,35.97366626363974,-2.7204372839689768,-2.234608118558985,-0.48582916540999177,128.21273429012825,118.74394493103027,109.27515557193229,338392.55,1.0963657444586177,3.21062059005396,-3.3057868835465576,-0.9470802353383045,-0.9640740581055907,-3.6995075526758403,-4.89028321025764
2025-06-16,112.29973602294922,112.29973602294922,109.45670473122898,110.8782203770891,118096,113.6264862060547,118.05687866210937,122.89792900085449,39.067040313013806,-2.801439666881336,-2.347974428223455,-0.453465238657881,127.28742389507475,118.05687866210937,108.82633342914399,330976.85,0.35681045366163827,3.161608683609464,1.2820519877823067,-0.06841860324496851,-0.10442115322505385,5.6056459911622,3.6914977291888196
2025-06-17,112.7735824584961,114.19509820377125,112.29974387673771,113.72125962201287,127041,113.24741668701172,117.48827247619629,122.37670669555663,40.1058326960188,-2.7951781182718065,-2.4374151662331256,-0.3577629520386809,126.53885807566758,117.48827247619629,108.437686876725,325775.1,0.3899653472595051,2.99277581657114,0.42194795137366903,-1.694628077349214,0.7332888142830063,-1.744622165500509,-2.5429107474335244
2025-06-18,113.72125244140625,114.66892954508464,112.77357533772786,113.24741388956706,115061,112.86834411621093,117.03812561035156,121.83968963623047,42.227144490801436,-2.6828208594051546,-2.4864963048675315,-0.1963245545376231,125.88548846078471,117.03812561035156,108.1907627599184,313974.1,0.3664665333860341,2.8464529353425583,0.8403297671765619,2.213760753044025,0.6534454580739535,-1.284473598064495,1.4445188363116035
2025-06-19,111.8259048461914,114.66893632533187,111.8259048461914,114.66893632533187,135092,112.29973907470703,116.20890846252442,121.27108345031738,39.234183723687025,-2.7154140304594705,-2.5322798499859194,-0.18313418047355112,123.54878154697373,116.20890846252442,108.86903537807511,291348.5,0.4636783782995279,2.845996741182279,-1.666660852325208,-0.3555156620861588,-1.579973732043427,-1.284473598064495,1.4445188363116035
2025-06-20,109.45671081542969,112.77358084013967,108.50903366551255,112.77358084013967,314015,112.01543731689453,115.47445869445801,120.67878532409668,35.81680869604669,-2.8990006366686742,-2.6056240073224703,-0.2933766293462039,122.39827474187419,115.47445869445801,108.55064264704183,290208.05,1.0820340786549512,3.0351367989749254,-2.1186450796176204,0.1001978324495223,0.19197052457564645,1.0715679128911804,-1.359227795447937
2025-06-23,108.509033203125,108.509033203125,106.13984033842796,108.509033203125,268500,111.25729675292969,114.76370086669922,120.07858975728352,34.52153141526159,-3.0853974665985504,-2.701578699177687,-0.3838187674208635,121.4690224628257,114.76370086669922,108.05837927057274,297869.55,0.9014013013414766,3.0727012893784993,-0.8658012882395982,-0.1295159830334014,-1.423044541892171,0.6626249075033508,0.9842497724935839
2025-06-24,110.87821960449219,111.82589669512888,110.40438105917384,111.82589669512888,224173,110.8782241821289,114.26617012023925,119.47839419047038,40.33114026200562,-3.007278717669891,-2.7627187028761275,-0.24456001479376344,120.53936682866808,114.26617012023925,107.99297341181042,295409.6,0.7588548239461412,3.105256249728549,2.1834001570469663,0.4770922482972173,2.101692545040379,1.9559920092959038,0.7797342611799651
2025-06-25,111.35206604003906,112.29974319782663,109.9305503033577,111.82590461893284,259042,110.40438690185547,113.81602363586425,118.91768531799316,41.450057393400904,-2.874003871455159,-2.784975736591934,-0.08902813486322492,119.5153736199234,113.81602363586425,108.11667365180512,294924.25,0.8783340128863598,3.007114469027266,0.42735754347167365,-0.727242575527054,1.0899645222608445,-0.8669939382833891,0.3223635279853587
2025-06-26,114.66893005371094,115.1427686076519,111.35206017612427,111.35206017612427,334109,110.97299194335938,113.65017967224121,118.5228199005127,48.70157561382292,-2.4722409353363872,-2.722428776340825,0.2501878410044376,119.02228218905276,113.65017967224121,108.27807715542966,280537.9,1.190958512201025,3.111593664027315,2.9787179812893916,-0.3944568587657682,0.27520638301874456,-0.16747329694251079,0.835467051055061
2025-06-27,113.72125244140625,115.14276809692383,112.29973678588867,114.66892954508464,183001,111.82590026855469,113.41326026916504,118.22272198994955,46.9137694269817,-2.204893932403408,-2.618921807553342,0.4140278751499338,118.28712348730475,113.41326026916504,108.53939705102532,207128.05,0.8835162596278003,3.075785350295028,-0.8264467208866422,-1.7820919230510768,0.39008940370151013,-1.34203392399872,1.7208526239276933
2025-06-30,110.87821960449219,113.24741233108391,110.87821960449219,113.24741233108391,179075,112.29973754882812,113.22372474670411,117.85154838562012,41.939732366670526,-2.197101675700864,-2.534557781182847,0.3374561054819827,118.1860104669963,113.22372474670411,108.26143902641192,200621.35,0.8926019090191547,3.0447516818442324,-2.5000013417711076,0.957698278482022,-1.4351611940869091,-0.9824304832146802,-0.50125365451541
2025-07-01,110.87821960449219,112.29973524044722,109.9305425138555,110.87821960449219,148000,112.29973754882812,113.10526504516602,117.4566827138265,41.939732366670526,-2.165958435541313,-2.46083791205454,0.294879476513227,118.17707583251243,113.10526504516602,108.03345425781961,194217.2,0.7620334347318363,2.954677154477231,0.0,0.3835740796985343,1.3376209140048223,2.270556439941962,1.0705208576054392
2025-07-02,111.35206604003906,111.35206604003906,109.9305503033577,111.35206604003906,126113,112.29973754882812,112.82096214294434,117.29083925882975,43.10574225274068,-2.079075458386484,-2.384485421320929,0.3054099629344451,117.59314625885791,112.82096214294434,108.04877802703076,191069.9,0.6600359344930834,2.750255632104448,0.42735754347167365,0.06608253165516498,0.10649919614669212,4.384332753205156,6.043629645385695
2025-07-03,112.7735824584961,113.24742104025448,111.82590529497932,112.7735824584961,194127,111.92066802978516,112.56035079956055,117.34612045288085,46.572226424078494,-1.8739142610419606,-2.2823711892651355,0.4084569282231749,116.66794335441342,112.56035079956055,108.45275824470768,193263.35,1.0044687727911163,2.6362688811859107,1.2765963569511873,-0.8820979000624507,0.5989548437806524,1.1617474572264808,1.1163262032681143
2025-07-04,110.87821960449219,114.19508942172058,110.40438105917384,113.72125087640225,185044,111.35206146240235,112.32343101501465,117.55145047505697,42.82552845874931,-1.843017319726286,-2.1945004153573655,0.3514830956310795,116.23050144361993,112.32343101501465,108.41636058640937,197363.65,0.9375789310746939,2.7901941453673547,-1.6806798300492476,-0.17605120273233021,-0.7285295494271593,1.1617474572264808,1.1163262032681143
2025-07-07,108.509033203125,110.87822606782206,108.0351946301856,110.87822606782206,188042,110.8782241821289,112.01543617248535,117.55934778849284,38.640869024875826,-1.9868021946481207,-2.1529607712155165,0.16615857656739585,116.11063863655599,112.01543617248535,107.92023370841471,200365.75,0.9384937295920086,2.797239117669901,-2.136746432092962,-0.05568275052999505,-0.526795861514584,-3.515897380596944,-3.312028530752109
2025-07-08,106.61367797851562,107.56135511610243,105.66600084092883,107.56135511610243,265029,110.02531585693359,111.61267356872558,117.50406659444174,35.640483611119095,-2.228008969901609,-2.167970410952735,-0.06003855894887389,116.167702087023,111.61267356872558,107.05764505042816,202988.3,1.3056368273442363,2.803344883606737,-1.7467257505292988,0.57887679791917,-0.2962771383824059,5.511807888466946,4.2668343688473165
2025-07-09,109.45671081542969,109.93054939038825,106.61367936567827,106.61367936567827,198820,109.64624481201172,111.30467834472657,117.44088821411133,42.81346766790187,-2.164803579250645,-2.1673370446123172,0.0025334653616724268,115.5417020691096,111.30467834472657,107.06765462034353,204974.2,0.9699757335313419,2.871815087375522,2.666668002474304,0.13347628020465852,0.7366883497436749,0.26032892860035073,1.4985661863259558
2025-07-10,110.87821960449219,111.35205814981053,109.9305425138555,111.35205814981053,163010,109.26717224121094,111.11514282226562,117.2197634379069,46.051061431038384,-1.977216847513418,-2.1293130051925377,0.15209615767911977,115.04663405949367,111.11514282226562,107.18365158503758,204819.6,0.795871098273798,2.741619386976232,1.2986949621202282,0.3384095530795994,0.7379596142790046,3.0292539140266195,1.5332128424344615
2025-07-11,111.8259048461914,112.29974342604815,110.40438910662118,110.87822768647793,173256,109.45670928955079,111.16252708435059,117.14868774414063,48.158269094640055,-1.7321159774696184,-2.0498735996479542,0.3177576221783358,115.10482418609676,111.16252708435059,107.22022998260441,194932.3,0.8888008811264219,2.6287840446363306,0.8547082060657685,0.12805520532523929,0.25461005750608834,0.3528210397472531,-0.16777720289139486
2025-07-14,110.87821960449219,113.24741233108391,110.87821960449219,113.24741233108391,158160,109.93054656982422,111.09145126342773,117.06971448262533,46.21431658464669,-1.595944990562657,-1.9590878778308949,0.36314288726823785,114.99852061092565,111.09145126342773,107.1843819159298,196935.5,0.8031055853312379,2.5941718688970496,-0.8474648544115948,-0.10259100165578294,-0.5980326954644122,-1.1049721286962466,-2.128869885025464
2025-07-15,113.2474136352539,114.19509073680415,111.82589798292854,111.82589798292854,346234,111.25729370117188,111.11514282226562,116.86438433329265,51.48658841861621,-1.2820753773917488,-1.823685377743066,0.5416100003513171,115.07060644673442,111.11514282226562,107.15967919779683,207895.15,1.6654260573178354,2.6905317706857046,2.1367533129705185,0.45562082851131613,0.9770905870307711,-0.23700590887374418,-2.747547882922996
2025-07-16,114.90292358398438,119.322266798753,112.9387710440872,112.9387710440872,463132,112.3465362548828,111.17422637939453,116.83669497172038,54.81931555103818,-0.8894921189985183,-1.6368467259941566,0.7473546069956383,115.32412042290593,111.17422637939453,107.02433233588312,225298.7,2.055635474150539,3.182926968549718,1.4618523245594872,0.14311890542244576,0.9062948249833447,1.0011881037375048,0.11771065767982591
2025-07-17,121.28642272949219,123.25057532430178,114.41188864765863,114.41188864765863,976308,114.42817687988281,111.64725227355957,116.94698651631673,64.84720424228192,-0.06255097766418771,-1.3219875763281628,1.259436598663975,117.78873260233672,111.64725227355957,105.50577194478242,267359.5,3.6516675113470813,3.9370282629621753,5.555558506604941,0.04389327295191148,0.3054255543222917,-0.1848128519918668,1.5872944754363072
2025-07-18,122.75953674316406,126.68784191894531,121.77746044921875,122.2684985961914,1175934,116.61490325927734,112.3123935699463,116.99495951334636,66.68484565006553,0.7035635811973862,-0.9168773448230529,1.620440926020439,120.11246905348176,112.3123935699463,104.51231808641083,310455.45,3.7877705158662858,4.132280386494302,1.2145745422448506,0.007486413359902855,1.1675174216255968,2.2050183077859,-0.23148171708340382
2025-07-21,125.70576477050781,125.70576477050781,123.74161219596863,123.74161219596863,705352,119.58041229248047,113.17223014831544,117.0920363108317,70.0563262064525,1.5308047040685153,-0.4273409350447393,1.9581456391132546,122.78719717142047,113.17223014831544,103.5572631252104,332298.05,2.1226486282420254,3.9741400719408952,2.3999993039300893,-0.08570458320372731,-0.182055656943525,-0.2799769107788008,1.2180958566695432
2025-07-22,129.63406372070312,135.0354830423991,126.68783499977806,127.17887311993223,3507545,122.85774230957031,114.11002235412597,117.21509819030761,73.85544551923698,2.474851600304291,0.15309757202506669,2.321754028279224,126.1386413178385,114.11002235412597,102.08140339041344,496466.65,7.06501635104795,4.6882171652676154,3.1249950687360473,-0.15113747849135883,-1.5108489973571504,3.13790511943719,0.4011493470250427
2025-07-23,131.5982208251953,133.07133523741763,129.63406827556554,130.61614455038043,1207236,126.1968017578125,115.1223300933838,117.3629987080892,75.52736355675577,3.3429709421544374,0.7910722460509408,2.5518986961034966,129.3756907377796,115.1223300933838,100.86896944898798,543876.35,2.2196883537958585,4.521424412127201,1.5151550820191595,0.22295619800545285,1.4387991654924104,-4.547638299266876,0.5707712516980434
2025-07-24,132.08926391601562,133.07134022765885,129.63407313690752,131.598225760194,978691,128.35736999511718,115.99334678649902,117.47959683736165,75.94158147267139,4.024196417320084,1.4376970803047695,2.5864993370153146,132.13417273571136,115.99334678649902,99.85252083728668,576105.45,1.6988053142007251,4.376870102610419,0.3731380924006267,-0.5605654715466812,0.23612215902308886,-6.995473814704911,-3.9160058935838737
2025-07-25,132.08926391601562,132.58030207183725,130.61614944855077,131.598225760194,446050,130.2233154296875,116.9117473602295,117.65937334696451,75.94158147267139,4.512060291967572,2.05256972263733,2.459490569330242,134.53079619819155,116.9117473602295,99.29269852226744,589257.9,0.7569690622730726,4.05517443870056,0.0,0.5363622959012604,-0.040000501364123586,2.6695519099874554,0.41347054508602543
2025-07-28,131.5982208251953,133.56237337482509,130.61614455038043,133.07133523741763,296248,131.401806640625,117.94774742126465,117.7993766784668,74.4795572311541,4.803698804267341,2.6027955389633326,2.200903265304009,136.48573012201027,117.94774742126465,99.40976472051902,595116.55,0.497798288419302,3.9073150234664404,-0.3717509480047676,0.27559243417745183,0.20800726399519132,3.056925042938796,0.35294728918917606
2025-07-29,130.61614990234375,131.59822621739897,128.16095911470572,131.59822621739897,509010,131.5982238769531,118.93464393615723,118.02567710876465,71.51421223947546,4.89910566986714,3.0620575651440944,1.8370481047230456,137.98251004491092,118.93464393615723,99.88677782740353,613167.05,0.83013266939246,3.844641967363349,-0.7462645898200004,0.6277126261405197,-0.9031782082688844,-0.47732488923494243,0.9378558124723657
2025-07-30,128.65199279785156,131.59822164055046,128.16095465740176,129.6340690787512,323325,131.00897827148438,119.79964027404785,118.22713890075684,65.86592242852052,4.761339477373383,3.4019139475899522,1.3594255297834308,138.96851704271515,119.79964027404785,100.63076350538054,623027.65,0.5189577059701925,3.7903253028013966,-1.5037628240923584,0.10959038727660353,1.1214833214890696,-0.5652652021531424,-1.974444770392747
2025-07-31,129.14303588867188,130.61615036648942,128.16095957012683,130.12511220721692,254647,130.41973266601562,120.61811294555665,118.4367847442627,66.5766491862575,4.638314251440875,3.649194008360137,0.9891202430807375,139.9212532770508,120.61811294555665,101.3149726140625,626053.65,0.40674948544745326,3.6123073686095553,0.3816832371900114,0.46648917126204115,0.34438577266941994,-2.911281048958303,-2.9028321553283276
2025-08-04,129.14303588867188,130.61615036648942,129.14303588867188,130.61615036648942,128230,129.8304870605469,121.53135375976562,118.59904670715332,66.5766491862575,4.489068684098427,3.817168943507795,0.6718997405906322,140.62134529470043,121.53135375976562,102.44136222483081,623212.95,0.20575631491611335,3.3270816498372877,0.0,-0.30428543721531254,-0.23658148505263377,-15.575498982143166,1.251565756515216
2025-08-05,131.5982208251953,132.5802971000102,129.63406827556554,129.63406827556554,408410,129.8304870605469,122.68581314086914,118.75484453837076,70.17740668799276,4.516836127024604,3.957102380211157,0.5597337468134467,141.24517673249454,122.68581314086914,104.12644954924374,634231.35,0.6439448318030953,3.341772258037426,1.9011361469308596,0.23176060718361757,1.204718422705664,-1.52178345561782,-1.0506779108716668
2025-08-06,132.08926391601562,134.0534165393021,131.10718760437237,131.598225760194,564200,130.12510986328124,123.95959243774413,118.81616147359212,70.85371872298515,4.526288858761276,4.070939675921181,0.45534918284009507,141.33348982349233,123.95959243774413,106.58569505199594,649189.9,0.8690831450088795,3.2890331482897337,0.3731380924006267,0.1783585840453794,-0.9012052115274116,-0.5503855355470599,-14.053715321757432
2025-08-07,128.65199279785156,130.61614535965083,127.66991651695194,130.61614535965083,833301,130.12510986328124,124.91935653686524,118.82808787027994,60.50936886824772,4.207914939912129,4.0983347287193705,0.10958021119275863,140.991958772899,124.91935653686524,108.84675430083145,680913.95,1.2237978088126995,3.4397417150595935,-2.602233532279752,-0.07582910609321702,2.3730184169192814,1.298426173468048,3.924415405103221
2025-08-08,127.17887878417969,128.65199321025128,124.72368807406039,127.66991692620356,603446,129.7322784423828,125.73438949584961,118.80756505330403,56.68948369190018,3.793009869182825,4.037269756812061,-0.24425988762923634,140.400691131893,125.73438949584961,111.06808785980621,702935.75,0.8584653718351927,3.504883504543766,-1.145037851054942,-0.3563459079548914,0.07286453218204869,0.14708908300016255,2.0279775228693397
2025-08-11,124.72368621826172,127.17887689184954,124.72368621826172,127.17887689184954,295004,128.8484085083008,126.37927856445313,118.76191685994466,50.91984471752934,3.2288607929065165,3.8755879640309523,-0.6467271711244358,139.52610011449977,126.37927856445313,113.2324570144065,709023.15,0.41607104083978075,3.364924712726993,-1.9305033897054402,0.1439209000700048,0.4755796968586967,-1.1749923942171892,-4.249483378818053
2025-08-12,125.21472930908203,126.19680561738855,124.72369115492876,125.21472930908203,159020,127.57171020507812,127.09610404968262,118.74814465840657,51.972662889823475,2.7892390475941227,3.6583181807435867,-0.8690791331494641,138.06765986402337,127.09610404968262,116.12454823534189,709066.15,0.22426680500824922,3.112684004246971,0.39370476106759256,0.3249476487076741,0.09471266391829491,6.178343825235988,5.72654832638495
2025-08-13,125.70576477050781,129.14303177595139,125.21472662687302,126.6878410577774,338382,126.29501037597656,127.71902160644531,118.77414563496907,53.05707785060855,2.4521907762797213,3.417092699850814,-0.9649019235710927,136.59438925967802,127.71902160644531,118.8436539532126,708673.55,0.47748642516713086,3.221433490224491,0.3921547122572866,-0.23340628022624488,0.8761363011638768,3.759250412343551,4.671639783728088
2025-08-14,126.6878433227539,128.16095777999524,125.70576701792636,125.70576701792636,270282,125.90218048095703,128.3082675933838,118.84020652770997,55.23414550098791,2.2385188724230574,3.181377934365263,-0.9428590619422055,134.86224526265502,128.3082675933838,121.75428992411256,699031.05,0.38665235256717134,3.119268092792883,0.7812518018079695,0.20617018015440802,-0.541320542258239,-0.5203323587194664,-0.9055762412591317
2025-08-15,124.23265075683594,127.6699177738235,123.741612611552,127.6699177738235,329190,125.31293487548828,128.45557899475097,118.77057991027831,49.10309757551141,1.8497461063376477,2.9150515687597403,-1.0653054624220926,134.45390849817878,128.45557899475097,122.45724949132314,666675.15,0.4937787166658304,3.2271397020566988,-1.9379859199773808,0.4652728781409321,0.39764198071750023,-1.0267314805570527,-3.133149910292188
2025-08-18,124.72368621826172,127.66991502656711,123.25057181410902,124.23264808354415,182071,125.31293487548828,128.55378646850585,118.78021291097005,50.29151651668492,1.5632432511270622,2.644689905233205,-1.0814466541061427,134.21425003806328,128.55378646850585,122.89332289894841,616982.0,0.29509937080822457,3.3861001701102174,0.39525475664758947,-0.2992125774545329,0.6083510296844397,-1.0961075976090973,-0.5390840903627514
2025-08-19,122.75953674316406,125.705765625,122.2684985961914,124.72368933105469,322887,124.82189636230468,128.40647506713867,118.78080202738444,45.69534203644531,1.1642761756565392,2.348607159317872,-1.184330983661333,134.51465967924145,128.40647506713867,122.2982904550359,597858.75,0.540072383317966,3.3929224179366675,-1.574800693158207,0.12037876283805815,-0.5269863303297595,-1.5040537104556329,0.2032423045858156
2025-08-20,120.79537963867188,121.77745589589685,119.32226525283441,121.28641776728436,381287,123.8398193359375,127.96454086303712,118.78024444580078,41.60093309122049,0.6817421318308874,2.0152341538204754,-1.333492021989588,134.91909710326036,127.96454086303712,121.00998462281387,441545.85,0.8635275362683174,3.398835627589065,-1.6000036792266248,0.2737679299698925,-2.989552002278928,-0.6027712161970622,-0.1352200453873742
2025-08-21,121.77745819091797,122.26849632878458,120.79538191518476,120.79538191518476,135150,122.85774230957031,127.47350273132324,118.80395215352377,44.288851515500156,0.3742617012995879,1.6870396633162978,-1.31277796201671,134.72814614242773,127.47350273132324,120.21885932021874,387941.55,0.34837722332139986,3.1420731025922173,0.8130100300058896,0.5739473988298771,1.4251223005524505,-1.3341415628182807,-1.557215466361861
2025-08-22,120.79537963867188,122.75953215312182,120.79537963867188,122.75953215312182,98255,122.1702880859375,126.90880851745605,118.85077832539876,42.19724972245568,0.05075069086026929,1.3597818688250922,-1.309031177964823,134.40486050259886,126.90880851745605,119.41275653231322,343919.75,0.28569164754277704,2.9850170241732483,-0.806453482307401,0.7790624202977492,-0.8248855555042067,6.228225804749865,7.15268322641025
2025-08-25,121.28642272949219,123.25057532430178,120.7953845807898,121.28642272949219,175032,121.48283538818359,126.36866645812988,118.89789136250813,43.63070855317697,-0.1641191783456577,1.0550016593909424,-1.2191208377366,133.84980502762582,126.36866645812988,118.88752788863395,330368.85,0.5298078193510073,2.9143741790341355,0.40650817298570896,-0.4872876866823028,2.158306669891674,-1.7357719144983963,-1.7971715111141595
2025-08-26,120.3043441772461,121.28642045624402,119.81330603774713,121.28642045624402,302072,120.991796875,125.80397262573243,118.99181493123372,41.41842105277345,-0.4089366620526107,0.7622139951022318,-1.1711506571548425,133.32790631507024,125.80397262573243,118.28003893639463,330660.05,0.9135424736069568,2.722206514062259,-0.8097184582947503,0.2525750082704059,0.11417520761634048,0.07851013724897715,0.8496772639024153
2025-08-27,123.74161529541016,124.23265345134432,119.81331004793681,120.79538635980515,410157,121.58104400634765,125.46024589538574,119.16671829223633,50.81798784366055,-0.3218867192110366,0.5453938522395781,-0.8672805714506148,132.68052147812278,125.46024589538574,118.2399703126487,325717.4,1.2592419072484307,2.948491432641626,2.857146299804336,0.3370125372272659,0.8837683642618943,0.5099005941845203,0.712894487512461
2025-08-28,122.26850128173828,124.7236920705282,121.77746312398028,124.7236920705282,259199,121.67925262451172,125.14107131958008,119.25389124552409,47.31414200739977,-0.3675303409333708,0.3628090136049884,-0.7303393545383592,132.33158172929748,125.14107131958008,117.95056090986266,322511.1,0.803690167563225,2.9481897678291316,-1.1904758234770774,0.09297408164834486,-1.1560045814190012,-0.917075552591462,0.9652362173806495
2025-08-29,123.25057220458984,124.23264847713638,122.26849593204331,122.75953406831658,188056,122.17029113769532,124.84644813537598,119.34163729349773,49.79916079758438,-0.3207607932697414,0.22609505223004245,-0.5468558454997838,131.82632220830595,124.84644813537598,117.866574062446,319181.55,0.5891819248324347,2.8169848047976567,0.8032084408956752,-0.2688503744142423,-0.01382054501782859,-2.343439652058732,-1.4658817410383107
2025-09-01,124.72368621826172,127.17887689184954,121.77745740995631,123.25057181410902,819247,122.85774383544921,124.62548065185547,119.49342180887858,53.35330230694647,-0.16294922300366466,0.14828619718330102,-0.3112354201869657,131.30603249547096,124.62548065185547,117.94492880823996,353732.4,2.31600780703153,3.1615760950770664,1.1952188029006328,0.2220177645487098,-0.6659038390721239,-2.343439652058732,-1.4658817410383107
2025-09-02,131.5982208251953,136.9996403366772,127.66991572593575,132.5802971000102,5552490,125.11651916503907,124.62548065185547,119.77557665506998,65.59490176360639,0.5109452149146563,0.22081800072957208,0.2901272141850842,131.30603249547096,124.62548065185547,117.94492880823996,610936.4,9.08849104423963,4.376826498188856,5.511811601609828,0.2120392800051274,-0.2282809370366512,-1.310751207660532,-3.945666815947546
2025-09-03,144.36521911621094,144.36521911621094,132.58030326998963,134.0534177507673,5434480,129.24123992919922,125.23927841186523,120.27051480611165,77.43727943792766,2.051552456271679,0.5869648918379935,1.4645875644336857,135.88580669864098,125.23927841186523,114.59275012508948,854450.4,6.3602053436922725,5.495516070565758,9.70149764256638,0.38758813655075386,0.3477630507512153,-2.349811490501408,0.8080749993190084
2025-09-04,136.99964904785156,147.31145058908768,136.50861087922127,143.38314524004537,5872362,132.18746948242188,125.65666122436524,120.62689870198568,63.79453277507551,2.6476345634911524,0.9990988261686253,1.6485357373225271,137.45836682310988,125.65666122436524,113.85495562562058,1106403.45,5.307613601530256,6.203159222472513,-5.102039198534547,-0.07155659478953469,0.33007400549494026,0.5649726984540582,2.338001926893818
2025-09-05,139.454833984375,142.40106287136882,135.52652880171655,141.91002472353654,2232687,135.4283218383789,126.270458984375,121.03999710083008,65.94808681590787,3.2803331944143395,1.4553456998177683,1.8249874945965712,139.58541838189913,126.270458984375,112.95549958685086,1187865.5,1.8795789590656518,6.292675868763148,1.7921103839221297,-0.09113950204554522,1.3016229374229527,2.184767388800113,1.5665813330074663
2025-09-08,150.25767517089844,152.22182778751147,141.4189883961397,143.874179166906,5051722,140.53511962890624,127.54715843200684,121.69632136027018,73.43536453956145,4.600419644411147,2.084360488736444,2.516059155674703,144.6075063500147,127.54715843200684,110.48681051399898,1425701.4,3.54332400880016,7.155918260012924,7.7464802602209115,-0.7004631226877445,0.215561079559623,-0.4683354497614256,-1.156801015267639
2025-09-09,144.8562469482422,147.3114375744836,142.40105632200078,145.83832319873875,2378625,143.1867248535156,128.52923431396485,122.23892987569174,65.66131502328233,5.151365812323121,2.6977615534537795,2.4536042588693414,147.2087381197123,128.52923431396485,109.84973050821738,1536681.65,1.5478970546697164,7.249345005197555,-3.594776916728437,-0.4852509178164821,1.2538968205540568,-0.5319192523505656,-0.8452639110237303
2025-09-10,137.98171997070312,146.32936850985598,137.98171997070312,145.34729221113213,2289193,141.91002502441407,129.1430320739746,122.65906550089518,57.34122695078013,4.975918454931133,3.1533929337492506,1.8225255211818823,148.23412064022838,129.1430320739746,110.05194350772084,1634222.2,1.4007844220938868,7.3957854763915964,-4.7457580341670464,0.06758799645232294,1.3575043934189956,-1.0078113421104873,0.26229535925967884
2025-09-11,133.0713348388672,138.47275433417175,132.08925856699364,137.4906780622982,1692553,141.12436218261718,129.46220664978028,122.9815668741862,52.24850853615396,4.390042441273209,3.4007228352540424,0.9893196060191669,148.59386715588113,129.46220664978028,110.33054614367944,1705335.75,0.9925042619906373,7.260813515163133,-3.558721497948081,-0.3782383940657219,0.09177735950691712,1.8491572198157336,2.0408237602321133
2025-09-12,135.03549194335938,136.9996445534446,131.59822487571023,133.07133933327415,1004160,140.24049377441406,130.00234870910646,123.36839332580567,54.00809038801352,4.0376786959876085,3.528114007400756,0.5095646885868526,149.12233134185817,130.00234870910646,110.88236607635476,1739084.25,0.5774073337735075,7.012894336839298,1.4760181874409861,0.17595008979807147,1.026858565050115,-1.5503919402964916,-1.6129053469985055
2025-09-15,140.92794799804688,143.38313872972017,136.01756653470028,136.01756653470028,3669440,138.37454833984376,130.81256179809571,123.89291394551596,58.900913505290774,4.185650276596618,3.659621261239929,0.5260290153566896,150.35927121320162,130.81256179809571,111.26585238298979,1913452.7,1.91770614449994,7.190861330108831,4.363635048746373,-0.0168380656651812,-0.4611663437352198,-0.3108116792343796,-0.9180319771442291
2025-09-16,146.32936096191406,152.2218184503133,141.4189797215814,141.91001784561465,5125796,138.66917114257814,131.9910530090332,124.52325274149577,62.80694417534167,4.68476465423015,3.8646499398379737,0.8201147143921768,152.31989586124993,131.9910530090332,111.66221015681649,2153598.15,2.3801079138185552,7.737929213063175,3.832747897487332,-0.29982346654272574,1.0745701295846288,3.013927966210561,0.5956269128080782
2025-09-17,140.92794799804688,145.83832946139344,140.92794799804688,145.83832946139344,1720743,139.25841674804687,132.99768142700196,125.02408154805501,56.97549773332031,4.591539105067795,4.010027772883938,0.5815113321838572,152.98321709139094,132.99768142700196,113.01214576261299,2220570.95,0.7749101644331607,7.426393713170377,-3.691270793749346,-0.48651948491017505,-0.7467550083917751,0.4842571773996607,-0.13157427538036393
2025-09-18,144.8562469482422,149.76662820072497,142.89209444724906,142.89209444724906,2468186,141.6153991699219,134.15162086486816,125.58248456319173,59.89211987049404,4.779542490154853,4.163930716338122,0.615611773816731,154.0743844241919,134.15162086486816,114.22885730554444,2337222.75,1.0560337049602995,7.614698578438073,2.7874520320481544,0.1304608418786879,1.3016200996530891,4.076310492156465,4.150193950940628
2025-09-19,144.36521911621094,146.82040991750705,142.40106647517405,145.8383335969886,1525435,143.4813446044922,135.33011283874512,126.07742271423339,59.35052426218749,4.833200557509429,4.297784684572384,0.5354158729370448,154.70728310166317,135.33011283874512,115.9529425758271,2408581.75,0.6333332883552738,7.188651226957397,-0.3389759450323826,0.08010681923562579,-0.7411524345470877,-1.4663363098225912,-2.846300019954262
2025-09-22,139.9458770751953,143.8741823966043,139.4548389100192,143.3831442314282,1581306,143.28493041992186,136.26308555603026,126.51449979146322,54.56777225327362,4.467621039401223,4.331751955538151,0.13586908386307162,154.5599143921045,136.26308555603026,117.96625671995602,2478895.45,0.637907500294133,6.884881757521978,-3.061223519120726,0.35037367829144905,1.1815861562103347,0.8419821964858132,0.0
2025-09-23,138.47276306152344,141.41899206283244,137.49068672775377,141.41899206283244,940560,141.71361083984374,137.17150650024413,126.9744088490804,53.03362157217301,4.012771911138628,4.2679559466582475,-0.2551840355196191,153.86611903788616,137.17150650024413,120.4768939626021,2510819.85,0.3746027418096125,6.49067156786287,-1.0526312346310518,0.005624330335418648,1.417160099788184,-2.097090934086776,-0.9765562544103212
2025-09-24,139.9458770751953,140.92795340554756,136.99964808413858,138.96380074484307,892045,141.51719665527344,137.9817195892334,127.45886980692545,54.41384513778341,3.728192408192882,4.160003238965174,-0.4318108307722923,153.46059596819146,137.9817195892334,122.50284321027534,2534914.25,0.35190342237414934,6.14902273500235,1.0638294355528766,0.18631834557791827,-0.19292856211109433,1.0313377164776538,0.1314941427221994
2025-09-25,136.50860595703125,140.9279493153524,135.52652965518212,139.94587301350327,858550,139.84766845703126,138.69372482299804,127.87814547220866,50.67194613940699,3.1885464701545914,3.965711885203058,-0.7771654150484668,152.32962921986825,138.69372482299804,125.05782042612782,2564881.8,0.33473277404050356,6.0493423250247425,-2.45614318192251,0.2976129160905838,-0.6599329621733818,-2.296816255373546,-2.166785013623229
2025-09-26,133.5623779296875,136.99964500876033,133.07133977553423,136.99964500876033,842695,137.68710021972657,139.20931510925294,128.22462539672853,47.64740727654993,2.4943834969159013,3.671446207545627,-1.1770627106297256,151.04795001189896,139.20931510925294,127.3706802066069,2597613.75,0.32441120239681515,5.76653737945159,-2.158272737962863,0.6501132916399088,-1.7043185521454118,0.7836033475213666,0.872488074747646
2025-09-30,134.05340576171875,135.52652011074863,132.0892532963456,133.56236764537547,421422,136.50860595703125,139.6758010864258,128.61087849934896,48.202322081141276,1.9612679062280733,3.3294105472821167,-1.3681426410540434,149.70865067056897,139.6758010864258,129.6429515022826,2577722.5,0.16348617820576108,5.455967970778451,0.36763933050798503,0.046643707979932,0.9390763957033643,-0.9043347335633944,0.9234949122875813
2025-10-01,132.08926391601562,136.0175691625886,131.10718760437237,136.0175691625886,460632,135.23190612792968,139.7003532409668,129.0038823445638,46.097492949263376,1.3645504397216826,2.93643852577003,-1.5718880860483475,149.65204734050522,139.7003532409668,129.74865914142836,2323129.6,0.19828080189757816,5.383223115770153,-1.4651935432318686,-0.05285909728485194,0.6288447090782023,-1.946872586561943,0.7843048432874866
2025-10-02,130.12510681152344,134.05341192281472,129.14303053370062,134.05341192281472,1089300,133.26775207519532,138.98834762573242,129.3957394917806,44.0270806809152,0.7248014255509361,2.4941111057262115,-1.7693096801752755,149.5535073900789,138.98834762573242,128.42318786138594,2105870.6,0.5172682500054846,5.320177552216012,-1.4869922401422597,0.01609605957935134,1.5220791911750853,0.8066250602974723,2.5940360494053794
2025-10-03,128.65199279785156,131.10718350010063,128.16095465740176,130.125107219201,644580,131.69642944335936,138.57096481323242,129.7156608581543,42.485846528691226,0.09780035152820687,2.014848954886611,-1.917048603358404,150.08396428403722,138.57096481323242,127.05796534242762,1844481.5,0.3494640634780018,5.003651057613727,-1.1320751619482428,0.055177608565615266,1.4506947270404247,1.0874000021444896,2.0859758569875986
2025-10-07,129.63406372070312,131.59821620131984,128.65198748039478,128.65198748039478,555020,130.9107666015625,138.07992630004884,130.02825826009115,43.89589660311238,-0.3162125001028926,1.5486366638887104,-1.864849163991603,150.25300353819102,138.07992630004884,125.90684906190666,1760598.15,0.31524513416079647,4.729328079388572,0.7633546138649194,0.29750124162626346,1.684868471805201,-4.329692892237635,-4.415420092481925
2025-10-08,131.107177734375,131.107177734375,129.14302525895366,129.63406337780899,258556,130.32152099609374,137.12240142822264,130.34961280822753,46.03319283567259,-0.5194646135368828,1.1350164084035919,-1.6544810219404746,148.22818628650586,137.12240142822264,126.01661656993942,1520939.85,0.16999751831079973,4.360637998859609,1.1363633688485697,0.0858699164537402,-0.5448692045472381,5.625914474119775,4.4892600515549885
2025-10-09,132.58029174804688,134.05340610080296,132.0892536304615,133.5623679832176,706089,130.4197265625,136.50860366821288,130.71131401062013,48.159960746867114,-0.5552745290849828,0.796958220905877,-1.3522327499908597,147.16240074055048,136.50860366821288,125.8548065958753,1437313.05,0.4912562367676269,4.172050047868722,1.1235952440806996,-0.03831349420129193,0.8802950564221979,-1.788521675134902,-1.0585201534065503
2025-10-13,135.5265350341797,135.5265350341797,127.17888613714688,128.65200064838797,667092,131.50001220703126,136.3858444213867,131.0826327006022,52.21591955334061,-0.3419748614145135,0.5691716044417989,-0.9111464658563124,147.0247413050992,136.3858444213867,125.74694753767422,1356208.0,0.4918803015466654,4.728796561090601,2.222233219799974,0.2671434399057038,-1.3863493889187506,9.553998188727753,8.321959967518033
2025-10-14,136.99964904785156,140.92795439689388,135.03549637333037,136.99964904785156,1331193,133.16954345703124,136.58226013183594,131.45091145833334,54.147631758617116,-0.05344921914144152,0.44464743972515086,-0.4980966588665924,147.10795103308874,136.58226013183594,126.05656923058314,1338140.0,0.9948084654819376,4.883951422753655,1.0869561546012818,0.0847841788281345,-0.4838520946744862,-1.137496882621214,1.007563680810808
2025-10-15,141.91001892089844,142.4010570486524,138.4727520266206,139.45482828212857,2716471,135.6247344970703,136.92598648071288,131.79463806152344,59.95839519263003,0.5649231596248399,0.4687025837050887,0.09622057591975114,147.68539233726662,136.92598648071288,126.16658062415914,1423755.55,1.9079616581652656,4.952945633159946,3.5842207678442817,-0.02313105345168598,1.8010593746521364,1.6552274518977672,5.797995351543328
2025-10-16,138.47276306152344,141.91003022971728,137.9817248946386,141.91003022971728,1226617,137.0978515625,136.80322723388673,132.05652516682943,54.729881288211956,0.7687680241824921,0.5287156718005694,0.24005235238192268,147.42553041842106,136.80322723388673,126.18092404935238,1301614.4,0.9423812459358164,4.8163269267491104,-2.422137552733994,-0.24149632990847492,1.364430807973327,5.182685819537247,-0.29462999819359625
2025-10-17,134.05340576171875,139.94586315783826,132.58029141268887,137.9817106924651,1222005,137.39247436523436,136.18942947387694,132.19565251668294,48.83359088644919,0.5671733269234949,0.5364072028251545,0.03076612409834034,145.8710738971139,136.18942947387694,126.50778505064001,1106424.85,1.1044627206267104,5.156226235869148,-3.1914993260018676,0.006860517943563238,-1.2496442248141726,-0.8306634534006374,-2.54136968684896
2025-10-20,139.9458770751953,140.92795340554756,134.54445725825795,134.54445725825795,1290330,138.2763427734375,136.14032592773438,132.36751607259114,55.68839276044672,0.8728199415201345,0.6036897505641505,0.269130190955984,145.73030701128027,136.14032592773438,126.55034484418849,1084904.2,1.1893492531414296,5.385335756930436,4.395614777554013,0.03266778205262,1.4147553157768167,4.492672121061769,6.124921105043879
2025-10-21,146.82040405273438,149.76663289660195,142.8920989275776,144.36521334951138,5517064,140.24049377441406,136.238533782959,132.62121912638347,62.07242498866874,1.6507353108053167,0.8130988626123838,0.8376364481929328,146.23590865399353,136.238533782959,126.24115891192446,1237348.1,4.458780839442029,5.976725098860596,4.912275460494819,-0.08033787001248127,0.23034471151326397,0.34615129079793583,-1.6000096736979552
2025-10-22,143.3831329345703,148.29351419945286,141.4189804286173,145.34728544052334,2023192,140.53511657714844,136.18942947387694,132.8094502766927,57.60370027495563,1.9672030999836636,1.04391971008664,0.9232833898970236,146.0271089536823,136.18942947387694,126.3517499940716,1262235.95,1.6028635533633788,6.096432921790592,-2.3411399391936594,0.2614607328592866,-0.37294058215946446,-5.718956828543353,-3.4262369860514896
2025-10-23,141.91001892089844,144.3652095596683,140.4369045376365,143.38313330416037,627818,141.22256774902343,136.28763656616212,132.9731295267741,55.7512491956378,2.0752163114973428,1.2501790303687805,0.8250372811285622,146.32048845363124,136.28763656616212,126.25478467869299,1214561.55,0.5169091677568749,5.807349201822753,-1.0273970051582704,0.22101202829689637,-0.42189869317011963,-0.28885331214595356,1.803968759288166
2025-10-27,141.91001892089844,145.34728581517626,140.4369045376365,144.85624768742227,778617,142.79389038085938,136.45949935913086,133.14499282836914,55.7512491956378,2.136192858278747,1.427381795950774,0.7088110623279731,146.76403821477442,136.45949935913086,126.1549605034873,1206464.4,0.645370887031561,5.6877534785850195,0.0,0.1894395419437922,1.6757472785653427,3.884837815558817,2.9691255762799296
2025-10-28,138.47276306152344,142.89210656348695,137.49068672775377,142.89210656348695,814224,142.499267578125,136.38584365844727,133.27593638102215,51.28794458886451,1.885425379273812,1.5189905126153815,0.3664348666584305,146.6061703891593,136.38584365844727,126.16551692773523,1202573.35,0.6770680557655796,5.649575659538107,-2.422137552733994,-0.7530777372024122,-0.15904147839432836,-1.6704651917566093,0.8650520387065486
2025-10-29,137.4906768798828,139.94586753845215,136.99963874816893,138.96379127502442,464411,140.6333221435547,136.43494720458983,133.42324778238932,50.054921714431075,1.5891257458567623,1.5330175592636577,0.05610818659310457,146.66718712495162,136.43494720458983,126.20270728422803,1182866.4,0.392614922530558,5.289129410304121,-0.709226969930743,-0.18953750952860338,1.2366435536016018,-0.7721963650058505,-1.2006685328784683
2025-10-30,137.4906768798828,139.45482940673827,135.03548622131348,139.45482940673827,448051,139.4548309326172,136.6313621520996,133.56237513224283,50.054921714431075,1.3388724633122706,1.4941885400733803,-0.1553160767611097,146.7819163995374,136.6313621520996,126.4808079046618,1163134.2,0.3852100643244778,5.173157913653544,0.0,0.3997594261948789,-0.025485081114973163,-1.0700448160121057,-2.3148110178250025
2025-10-31,136.50860595703125,138.47275856072955,134.54445335333295,137.4906822588804,348320,138.37454833984376,136.75412216186524,133.68513463338215,48.69716446067062,1.049205430854073,1.405191918229519,-0.3559864873754459,146.8325319079889,136.75412216186524,126.67571241574157,1159479.1,0.300410762039609,5.007177552819283,-0.7142818299669451,0.21359802296341268,-0.19153205969807408,-1.5142510642518037,0.5924016903943174
2025-11-03,138.9637908935547,138.9637908935547,135.52652398099326,135.52652398099326,287607,137.785302734375,137.09784851074218,133.8078941345215,52.18881592621927,1.006156777216546,1.3253848900269243,-0.3192281128103782,146.97325023946937,137.09784851074218,127.222446782015,1150827.85,0.24991313861582337,4.797856134118236,1.7985568890039438,0.16628250572858772,0.3585838583650913,0.7587804303599954,-1.1778487869819942
2025-11-04,131.107177734375,139.45482575491573,130.61613961551967,139.45482575491573,1058741,136.31218566894532,137.14695205688477,133.79152603149413,42.27374024022077,0.3342246538085192,1.1271528427832433,-0.7929281889747242,146.8851859081561,137.14695205688477,127.40871820561344,1149299.9,0.9212051615074535,5.336633468155279,-5.653712458951121,0.3940632008074152,-0.7694810409372921,-4.320254349442909,-4.052443833152886
2025-11-05,131.5982208251953,133.07133523741763,127.66991572593575,128.1609538633432,374111,135.13369445800782,137.29426345825195,133.84062983194988,43.00259764679462,-0.15685519237231915,0.8703512357521308,-1.02720642812445,146.56955906215714,137.29426345825195,128.01896785434676,1135776.45,0.32938788262426116,5.345271607265492,0.37453562749643066,0.051456216481238215,-1.4208708043573326,3.7282582793470853,-4.844723005931806
2025-11-06,129.14303588867188,131.59822668503446,128.16095957012683,131.59822668503446,444837,133.46416625976562,137.26971206665038,133.8733657836914,40.26513854537347,-0.7356720446597365,0.5491465796697574,-1.284818624329494,146.63256769288915,137.26971206665038,127.90685644041162,1130267.3,0.39356796396746146,5.090871008284444,-1.8656672720406386,-0.08441462583944626,0.6580375706382924,-2.555915629380845,-4.830292922034518
2025-11-07,123.25057220458984,128.1609535673225,122.26849593204331,127.66991543104925,889323,130.81255950927735,136.87688179016112,133.84881388346355,34.57624099947252,-1.650831387550653,0.10915098622567537,-1.7599823737763285,147.8493132874472,136.87688179016112,125.90445029287507,1161805.65,0.7654662378341851,5.328693534730327,-4.562742112677021,0.2780553192774038,-0.8890464487496197,-1.9876996335467245,-1.4403213822526073
2025-11-10,122.75953674316406,124.23265118408203,121.77746044921875,123.25057489013672,188179,127.57170867919922,136.385844039917,133.80789400736492,34.14332331097657,-2.3881945974216308,-0.3903181305037859,-1.9978764669178448,148.93376553116678,136.385844039917,123.83792254866724,1135910.15,0.16566363105391743,4.945559828081388,-0.39840420425041323,-0.038733360616827195,0.7887467877500054,1.4844220307172806,2.1572662985715363
2025-11-11,123.74161529541016,124.72369160727848,122.75953898354182,124.72369160727848,217123,126.09859619140624,135.7965980529785,133.77515818277996,35.872695973060615,-2.8603424745211896,-0.8843229993072667,-1.9760194752139228,149.56217661331522,135.7965980529785,122.0310194926418,1113411.7,0.1950069322964722,4.548039166219126,0.8000018396133068,0.0,-0.30341598250608337,-0.22661847605440766,-3.0653953521157185
2025-11-12,124.23265075683594,124.72368890211987,123.25057446626806,123.741612611552,227250,124.62548217773437,135.15824813842772,133.7342383066813,36.7667943189218,-3.1584914870122986,-1.339156696848273,-1.8193347901640256,149.84236566173817,135.15824813842772,120.47413061511729,1058214.55,0.214748512010159,4.138049202170151,0.39682321929734865,-0.008074886659015235,0.5835555923585645,1.7344624144016718,-0.28109993789033894
2025-11-13,122.26850128173828,124.23265391277022,121.2864249662223,123.74161575501223,325442,123.25057525634766,134.17617225646973,133.70150248209634,34.68367666348482,-3.5127741017978735,-1.7738801778381932,-1.7388939239596803,149.56913315562855,134.17617225646973,118.78321135731092,938663.1,0.34670799352824244,3.9791398347538536,-1.5810251678056386,0.3223070095614844,-0.1557560988223461,-2.3137799453151864,-4.016904236847029
2025-11-14,120.79537963867188,122.75953215312182,119.8133033814469,120.79537963867188,236262,122.75953674316406,133.29230308532715,133.63603070576985,33.16593105099025,-3.8678283145178227,-2.192669805174119,-1.6751585093437038,149.64654502148238,133.29230308532715,116.93806114917192,889145.35,0.2657180853501624,3.841418359676663,-1.2048251410818778,0.1957261013469047,-1.8136056365454567,-2.514030484764551,-2.790015238959165
2025-11-17,121.28642272949219,122.26849902689699,120.3043464320874,121.77746087819459,207107,122.46491394042968,132.65395393371583,133.611478805542,34.19956859636406,-4.0627553478424545,-2.566686913707786,-1.4960684341346684,149.85770464014317,132.65395393371583,115.45020322728848,838400.45,0.24702634641954213,3.591116257694387,0.40650817298570896,-1.8326170463155322,0.18180690528333265,-1.9181537645014624,-4.456199859952637
2025-11-18,121.28642272949219,124.72368977040898,119.813308283385,120.7953845807898,506306,121.9738754272461,131.72098121643066,133.61966285705566,34.19956859636406,-4.1691767517538665,-2.8871848813170025,-1.281991870436864,149.27986136898596,131.72098121643066,114.16210106387534,799199.25,0.6335166105323548,3.7670182882716667,0.0,2.0307929943259806,-2.518248208944085,-0.999563406990478,-1.8181748422711697
2025-11-19,117.84915161132812,121.77745666503905,117.35811347961426,120.79538040161133,367158,120.69717559814453,130.27241859436035,133.55419108072917,30.38462746595455,-4.479241624623398,-3.2055962299782816,-1.2736453946451167,147.36018711122568,130.27241859436035,113.18465007749502,541703.95,0.6777835014863747,3.8539949412254173,-2.83401145883434,-0.23030738201144096,-0.6577934530601293,1.229142980057163,-0.9661882944462796
2025-11-20,121.28642272949219,122.75953717559939,120.3043464320874,120.7953845807898,251251,120.50075988769531,129.16758308410644,133.56237513224283,37.85063757894218,-4.396926189387045,-3.4438622218600345,-0.9530639675270107,145.52803132971488,129.16758308410644,112.807134838498,453106.9,0.5545071152083537,3.9948470242981973,2.9166702272922063,0.2565641148130293,3.183733789520926,-2.6452676371647166,-3.9024345972530794
2025-11-21,121.77745819091797,124.23264888025099,119.32226750158495,119.81330563945156,378273,120.69717559814453,128.16095504760742,133.57055905659993,38.8594182231052,-4.243155698311625,-3.6037209171503526,-0.6394347811612726,143.675861578131,128.16095504760742,112.64604851708383,440629.65,0.8584828551596562,4.116918271547243,0.4048560839500892,0.5422820276357987,-3.614843327615369,4.008906850533367,5.837565286003565
2025-11-24,119.81330871582031,121.777461317719,119.81330871582031,121.28642316724434,154056,120.40255279541016,127.05611953735351,133.56237513224283,36.31990144731105,-4.231009480259615,-3.729178629772205,-0.5018308504874103,141.56286391357634,127.05611953735351,112.54937516113067,409401.6,0.3762955494067439,3.8298828489274364,-1.6129006995845963,-0.04305999745704003,0.2621560052100236,1.4775130951530047,2.7178299199193567
2025-11-25,122.26850128173828,122.75953943949627,120.79538680846431,121.2864249662223,135132,120.59896850585938,126.24590644836425,133.53782323201497,41.46905710503248,-3.977420763077177,-3.7788270564331996,-0.19859370664397735,139.84984850938568,126.24590644836425,112.64196438734282,375447.0,0.3599229718175934,3.712062565560572,2.049181841510883,0.27920716971145954,1.5391110399419539,1.9413420457724984,3.501930328974412
2025-11-26,123.74161529541016,125.21472976321266,122.75953898354182,123.25057713947598,213102,121.77746124267578,125.55845336914062,133.56237513224283,44.375322582506335,-3.6159000432472794,-3.746241653796016,0.1303416105487365,138.11941348578574,125.55845336914062,112.99749325249549,362881.55,0.5872494757586877,3.60995135434908,1.2048189012126898,-0.12091894024681693,1.8481197988450715,2.753049013765363,1.353386542666457
2025-11-27,122.26850128173828,124.23265391277022,122.26850128173828,123.74161575501223,83637,121.973876953125,124.7973445892334,133.54600728352864,42.12288603655317,-3.40896384454814,-3.6787860919464412,0.2698222473983014,136.09526485268586,124.7973445892334,113.49942432578095,344660.85,0.24266463684517695,3.390511524573461,-1.1904758234770774,-0.44348084794223475,0.5289772806627235,2.753049013765363,1.353386542666457
2025-11-28,123.74161529541016,124.23265345134432,122.26850082760765,122.75953898354182,149102,122.36670837402343,124.15899505615235,133.52963943481444,45.122661612911024,-3.0904723847097557,-3.5611233504991047,0.47065096578934895,134.02243504341504,124.15899505615235,114.29555506888966,334699.95,0.44547960046005386,3.2003303377952217,1.2048189012126898,0.2105664976116417,0.261122848805706,1.208707284842303,1.4094995180714998
2025-12-01,122.75953674316406,126.19680377197265,122.75953674316406,125.21472747802734,133750,122.9559539794922,123.34878234863281,133.38232803344727,43.50382186653065,-2.884065428779536,-3.425711766155191,0.541646337375655,130.33392433897927,123.34878234863281,116.36364035828635,327007.1,0.40901252602772237,3.2319218965970045,-0.7936526041797398,0.19863050869839416,-1.027822462568817,0.37818196727970044,0.5852236201834504
2025-12-02,123.25057220458984,125.21472474968292,123.25057220458984,124.23264847713638,165016,123.1523681640625,122.95595207214356,133.03041725158693,44.57452696786435,-2.6503128147742956,-3.270631975879012,0.6203191611047165,128.91181825986197,122.95595207214356,117.00008588442515,282320.85,0.5844980985286776,3.1283573779199174,0.3999978123517378,0.0608734112671927,0.8109719183892139,2.0820924662036555,2.1818182845035894
2025-12-03,124.72368621826172,125.70576248769684,124.23264808354415,124.72368621826172,136115,123.34878234863281,122.61222534179687,132.82581787109376,47.77238502906392,-2.3194569387248407,-3.080396968448178,0.7609400297233373,127.07415171894823,122.61222534179687,118.15029896464551,270421.05,0.5033446915467564,3.0386017652781954,1.1952188029006328,0.01911236723253218,0.8299495511413513,11.013989965152726,7.168455537406682
2025-12-04,125.70576477050781,127.669917345047,124.72368848323822,125.21472662687302,178195,124.03623504638672,122.44036178588867,132.5966667175293,49.8497712301818,-1.9554643657009478,-2.855410447898732,0.899946082197784,126.02084973815799,122.44036178588867,118.85987383361935,257088.95,0.6931258616910606,3.0262856801458065,0.7874034050977974,-0.2780117606670518,0.009613468300440076,-4.129484772249558,1.3377907878914241
2025-12-05,125.21472930908203,126.68784377154182,123.25057669246898,126.68784377154182,149013,124.33085784912109,122.53856964111328,132.179284286499,48.80450180674412,-1.6871714251754355,-2.6217626433540726,0.9345912181786371,126.31501394376136,122.53856964111328,118.76212533846521,220073.45,0.6771057571915194,3.081083200002744,-0.3906228662800215,0.16062935130458644,0.6662167696174004,-0.09125613474186833,0.3300357327185699
2025-12-08,123.25057220458984,125.70576288595618,122.26849593204331,125.70576288595618,170132,124.42906494140625,122.56312141418456,131.81918970743814,44.7613819861043,-1.6144282758323243,-2.420295769849723,0.8058674940173987,126.35197877176,122.56312141418456,118.77426405660913,219171.1,0.7762519784770894,3.128574367190761,-1.568631035126733,-0.2901310503285237,1.1539613810094718,2.995979794230741,0.5263112508548939
2025-12-09,118.83123016357422,121.28642086943319,116.86707759888704,121.28642086943319,780214,123.54519653320312,122.31760215759277,131.50001487731933,37.27832295000486,-1.8915778427147956,-2.3145521844227375,0.4229743417079419,126.40920873260902,122.31760215759277,118.22599558257653,247325.65,3.1546020398612113,3.5625637323257004,-3.585656408701887,-0.3494935499670837,-0.42813960011827135,-2.039733068627536,0.45812781067045005
2025-12-10,116.86708068847656,119.81330961339613,116.37604253432329,118.83123330508961,362046,121.9738754272461,121.9493236541748,131.2299439748128,34.51645168652661,-2.243845662727793,-2.300410880083749,0.05656521735595588,126.60254218396999,121.9493236541748,117.29610512437962,254065.45,1.4250107600226634,3.5458575118919855,-1.6528899620023796,-0.043961550810267536,0.7739912655269743,-0.23538125872302196,2.9315949049908196
2025-12-11,114.90292358398438,117.35811425885584,114.90292358398438,116.86707612388155,213739,119.81330718994141,121.5810447692871,130.89440116882324,31.965974822392,-2.6509529754868737,-2.370519299164374,-0.2804336763224997,127.19468221672935,121.5810447692871,115.96740732184486,248480.3,0.8601848919210094,3.400435266955916,-1.6806761090643496,-0.23755066327988406,-1.3238408398111412,1.5789523968692043,0.2531654063194111
2025-12-12,115.88500213623047,116.37604028087551,114.90292584694038,115.88500213623047,166441,117.94736175537109,121.33552589416504,130.47701873779297,34.56931775854545,-2.8613589573783713,-2.4686872308071734,-0.39267172657119787,127.49666791455307,121.33552589416504,115.17438387377702,244989.25,0.6793808299751928,3.1434594576139454,0.8547028409841007,0.33175603858714986,0.618273245078016,-1.8045419228200243,-3.2197001387211155
2025-12-15,114.4118881225586,114.90292626900734,113.42981182966109,114.4118881225586,153606,116.17962493896485,120.99179916381836,129.94506085713704,32.55687845474965,-3.1111122382144316,-2.5971722322886253,-0.5139400059258064,127.88771442762558,120.99179916381836,114.09588390001113,242314.2,0.6339124987309864,3.05169023747467,-1.2711860780225348,0.449008499969894,-1.1741252883312847,0.23653760968123105,-1.174175408719158
2025-12-16,113.92085266113281,115.88500529322131,113.42981450311069,114.41189081915493,233005,115.19754943847656,120.62352066040039,129.4949426015218,31.890449583698143,-3.310504535071942,-2.739838692845289,-0.5706658422266533,128.20575370286207,120.62352066040039,113.0412876179387,228649.15,1.019050366030226,2.97215697782613,-0.42918220255204753,0.027453065033000712,-1.1852011859090683,-0.962059861733322,-1.782170054761667
2025-12-17,115.88500213623047,117.3581165701656,114.90292584694038,114.90292584694038,132016,115.00113372802734,120.5253131866455,129.0120885213216,37.409517124571785,-3.2723127350514005,-2.8463335012865114,-0.4259792337648891,128.30710387623637,120.5253131866455,112.74352249705466,216892.05,0.6086714566071002,3.034171235320352,1.7241351598202836,0.4478345884427748,-0.04172704427407581,-2.25439793122596,-2.083338730897155
2025-12-18,114.4118881225586,115.3939644154561,113.92084997610985,113.92084997610985,171000,114.90292663574219,120.18158645629883,128.51286633809408,35.11149837556411,-3.322612439999986,-2.9415892890292064,-0.38102315097077977,128.4159685738371,120.18158645629883,111.94720433876057,212879.5,0.8032713342524762,2.891502025293721,-1.2711860780225348,0.518285581531619,-0.20577756708046735,1.8938651544261997,1.7158554080935584
2025-12-19,114.4118881225586,115.3939644154561,113.92084997610985,114.90292626900734,92362,114.60830383300781,119.81330795288086,128.08729985555013,35.11149837556411,-3.324156511512413,-3.018102733525848,-0.3060537779865653,128.39853410287614,119.81330795288086,111.2280818028856,198583.95,0.4651030458403108,2.7023836805007244,0.0,-0.37303888670811025,0.8293866411184903,1.6010285782881661,0.3373846940545322
2025-12-22,115.39396667480469,116.37604298693068,114.41189036267869,116.37604298693068,177049,114.80471954345703,119.59234085083008,127.70265324910481,38.05365885454103,-3.2091416800508057,-3.05631052283084,-0.15283115721996587,128.4021208391159,119.59234085083008,110.78256086254429,199733.6,0.8864257190577849,2.6039531716835733,0.858371073462294,-0.032362001212404845,1.6366453414191628,2.1010684054482143,0.4034950995185138
2025-12-23,114.4118881225586,115.88500256190484,114.4118881225586,115.3939644154561,125027,114.90292663574219,119.19951019287109,127.27708676656087,36.28202172276462,-3.160801378315057,-3.0772086939276835,-0.08359268438737333,128.2053211666199,119.19951019287109,110.19369921912227,199228.35,0.6275562689747719,2.4531746740385967,-0.8510657710673164,0.08982802507242482,0.571339720700248,-1.2063159802388257,0.20094323508537126
2025-12-24,114.4118881225586,115.88500256190484,112.93877368321235,114.90292626900734,180313,114.60830383300781,118.73302383422852,126.90880813598633,36.28202172276462,-3.0869073940113765,-3.0791484339444226,-0.007758960066953868,127.71470594746542,118.73302383422852,109.75134172099162,197588.9,0.9125664447749848,2.5189152346591164,0.0,-0.13541653938790033,0.21726860803557013,-1.0953435279162371,0.40106764110714455
2025-12-26,115.88500213623047,115.88500213623047,113.92084955765029,114.41188770229533,142589,114.90292663574219,118.41384887695312,126.61418520609537,41.05596970131294,-2.8763214463123177,-3.038583036418002,0.1622615901056843,127.31990344985635,118.41384887695312,109.5077943040499,200536.5,0.7110376415266049,2.4449468805152588,1.2875532760143527,0.2562756491433227,0.6486648427758146,-0.2723339159265148,-0.06657330789580085
2025-12-29,116.37603759765625,116.37603759765625,114.90292319768592,115.88499946433281,113007,115.29575653076172,118.04556999206542,126.319562403361,42.59976787480847,-2.6393829439692524,-2.9587430179282523,0.3193600739589999,126.62724669393347,118.04556999206542,109.46389329019738,198731.75,0.5686408940695183,2.315369216442601,0.42372649814386154,-0.602469435943731,0.8925301842964695,-1.6566536361849682,-0.732858442004658
2025-12-30,117.35811614990234,117.84915429278897,114.41188729258262,114.90292543546924,244059,115.68858642578125,117.77549896240234,126.07404327392578,45.66490012730072,-2.345326478490307,-2.8360597100406633,0.4907332315503563,126.0676248958464,117.77549896240234,109.48337302895828,204247.2,1.1949196855575008,2.464955587611101,0.843883820517588,-0.1982110917127744,-0.360140777928486,0.40725882791343704,-0.8053654461819493
2025-12-31,117.35811614990234,117.84915429278897,115.88500172124247,116.86707800701572,237093,116.27783203125,117.48087615966797,125.8612600962321,45.664900127300726,-2.088212991536821,-2.686490366339895,0.5982773748030739,125.36248237912783,117.48087615966797,109.59926994020812,207851.05,1.1406870448814188,2.39818185213582,0.0,-0.23692492856227654,0.893397362684345,-0.16592947972495775,-1.9621127873157507
2026-01-02,115.39396667480469,117.35811929905668,114.90292851874169,117.35811929905668,293010,116.47424774169922,117.01439018249512,125.64029299418131,40.63217392891539,-2.019657790466681,-2.5531238511652523,0.5334660606985713,124.16117251565811,117.01439018249512,109.86760784933213,215695.8,1.3584409154002999,2.4057830425597095,-1.6736375289024163,0.1917140625415037,1.3334355629436079,4.709139732603473,5.521048049108668
2026-01-05,112.93877410888672,115.88500299868376,112.93877410888672,115.88500299868376,393075,115.88500213623047,116.37604064941407,125.3620381673177,35.38278749990971,-2.138786224624937,-2.4702563258571897,0.33147010123225273,122.45506785312209,116.37604064941407,110.29701344570604,226439.8,1.7358918352692416,2.4778424888580206,-2.127661121865254,0.1763399560895884,2.5731972423427285,3.5096963615391052,0.8502334178639659
2026-01-06,116.86708068847656,117.84915699678308,112.93877545525045,113.92085176355698,577304,115.98321075439453,115.95865821838379,125.12470321655273,47.1481026636843,-1.8943776498856408,-2.35508059066288,0.46070294077723917,120.41118575614595,115.95865821838379,111.50613068062162,247854.35,2.3292066489855836,2.8021812087297993,3.478262103148455,0.3695945317161664,1.5653914873574148,5.230873686589432,7.392986915970101
2026-01-07,118.34019470214844,119.32227100673057,115.88500394069307,116.37604209298415,452083,116.17962646484375,115.71313934326172,124.88736826578776,50.76817269039984,-1.5637877324051175,-2.1968220190113277,0.6330342866062102,118.8068638260943,115.71313934326172,112.61941486042913,261951.9,1.7258244738824189,2.8868593230374935,1.260503817665004,0.055600146772261105,-0.46058572988449953,0.2104939631611069,-2.173903174812142
2026-01-08,115.39396667480469,118.34019561118268,114.90292851874169,118.34019561118268,335230,115.78679656982422,115.54127616882325,124.55182545979818,44.24138111703418,-1.5219843322024502,-2.061854481649552,0.5398701494471019,118.26549560887847,115.54127616882325,112.81705672876802,239702.7,1.3985240883811487,2.9602470256246267,-2.489625806987339,-0.13653985571981941,-0.2461598922053443,-1.615769930298716,-0.7407432526737145
2026-01-09,115.39396667480469,117.35811929905668,113.92085220661569,115.88500483086769,150082,115.78679656982422,115.46762046813964,124.19173075358073,44.24138111703418,-1.4718878296823732,-1.9438611512561164,0.47197332157374317,118.11960896205416,115.46762046813964,112.81563197422513,229104.5,0.655080978330849,3.0238497012001417,0.0,0.304299038122946,-0.23579889662018738,2.085729135316061,0.6840924280884897
2026-01-12,118.83123016357422,120.3043445870896,116.37603945771525,116.86707759888704,381349,116.96528778076171,115.66403579711914,123.807084274292,52.50340625702674,-1.141667125416575,-1.7834223460882082,0.6417552206716333,118.6947682810818,115.66403579711914,112.63330331315647,237485.0,1.6057814177737542,3.275386796011445,2.9787202813264857,0.15374978232687297,0.918909452108041,-5.485842753833403,-0.6794444003923261
2026-01-13,119.322265625,119.81330375514403,117.8491512345679,119.81330375514403,253283,117.45632476806641,115.83589897155761,123.4879093170166,53.562008112679095,-0.8307658288505309,-1.5928910426406726,0.7621252137901418,119.28090886186232,115.83589897155761,112.39088908125291,241827.1,1.0473722754811186,3.100555559286737,0.41322088541022595,-0.07406428934867426,0.4577823055845309,1.1234039955950736,-0.49750814380763453
2026-01-14,121.77745819091797,122.75953446665117,119.81330563945156,120.30434377731815,445110,118.1437774658203,116.20417747497558,123.28331019083659,58.53798114091349,-0.3818589578625904,-1.3506846256850564,0.968825667822466,120.48227789880897,116.20417747497558,111.92607705114219,256402.3,1.7359828675483802,3.1454506636019954,2.0576147737874972,0.1488727455515093,0.7638548470983331,1.9693687706574536,6.562487500861391
2026-01-15,119.81330871582031,121.777461317719,119.81330871582031,121.777461317719,193320,119.02764587402343,116.49880027770996,122.94776738484701,53.59068870080578,-0.18248391498394767,-1.1170444835448348,0.9345605685608871,120.92388153329998,116.49880027770996,112.07371902211995,254418.05,0.7598517479400538,2.987944255374888,-1.6129006995845963,-0.335893987830016,-0.4240196321329548,-0.4952179641632526,4.8094037780081145
2026-01-16,122.26850128173828,123.25057759725425,120.79538680846431,120.79538680846431,431083,120.40255279541016,116.81797523498535,122.5385690053304,58.33131131911757,0.17165700893988856,-0.8593041850478902,1.0309611939877787,121.92497008752973,116.81797523498535,111.71098038244098,269371.4,1.6003295078839104,3.0478542055160944,2.049181841510883,0.16978112646923726,1.9412784151040752,0.0829513151466621,2.3502966657756863
2026-01-19,125.21472930908203,127.17888192569508,123.74161484662224,123.74161484662224,684250,121.67925262451172,117.35811729431153,122.23576227823894,63.19041989663195,0.682188378765872,-0.5510056722851377,1.2331940510510098,123.56113503047166,117.35811729431153,111.15509955815139,295033.9,2.3192250110919455,3.296191063974855,2.4096378024254017,0.13876592712758207,0.7341591644532297,0.0829513151466621,2.3502966657756863
2026-01-20,124.72368621826172,125.70576248769684,123.74160994882658,125.21472435297927,399250,122.75953674316406,117.87370719909669,121.94932339986165,61.89491320693215,1.0352315885781564,-0.23375822011247893,1.2689898086906353,124.72586733732209,117.87370719909669,111.02154706087128,310378.3,1.2863334840096747,3.118585927294243,-0.39216080530607433,-0.1866616541035815,0.3814914160573224,-0.4475392832239078,-2.3510023774868105
2026-01-21,126.6878433227539,129.14303408482277,124.23265256068504,124.72369071309882,811589,123.74161376953126,118.43840103149414,121.69562047322592,64.9870481989054,1.456719780230145,0.10433737995604586,1.3523824002740992,126.2275266254305,118.43840103149414,110.64927543755778,342105.3,2.37233682144065,3.3574920068733753,1.574806810195617,0.4225198331249791,-1.617195376823788,5.1115544865596,6.662911523311066
2026-01-22,129.14303588867188,132.5803030035795,127.17888325158181,127.66992141085433,742380,125.60755920410156,119.17495841979981,121.54012502034506,68.43510105897178,1.9662005934184066,0.47671002264851803,1.4894905707698887,128.0686088301872,119.17495841979981,110.28130800941243,372972.95,1.9904392530343018,3.695487696733671,1.9379859199773808,-0.13351674979606987,1.5992608141158327,-0.09504415060325178,0.157504902170591
2026-01-23,131.107177734375,134.54444456636236,129.14302525895366,132.58029209094101,628411,127.3752944946289,120.00972290039063,121.43373336791993,70.90372299149517,2.4996433083266254,0.8812966797841395,1.618346628542486,130.0775478163652,120.00972290039063,109.94189798441604,395377.85,1.5893935383583073,3.9229452448236755,1.5209041913776256,-0.1769903822365304,0.6786024824792181,-1.7282387154939904,-3.3018963708700166
2026-01-26,129.63406372070312,131.10717808116567,128.1609493602406,130.1251018408573,335166,128.25916137695313,120.69717597961426,121.30278981526693,66.690975342407,2.7715834250891476,1.259354028845141,1.5122293962440065,131.43449896441308,120.69717597961426,109.95985299481544,405006.7,0.8275566799265296,3.792716374970527,-1.1235952440807107,-0.6750241196508577,0.32229317820207104,-1.3714076805403375,-2.276422628324193
2026-01-27,128.65199279785156,131.10718350010063,126.68784023605231,131.10718350010063,390102,129.0448226928711,121.31097373962402,121.17184626261393,63.962542316851724,2.87471508483128,1.582426240042369,1.292288844788911,132.40577971331987,121.31097373962402,110.21616776592818,418861.45,0.9313389904943508,3.8762666268475665,-0.7575716556779688,0.22218190498228818,0.7902828245345717,2.4537869684127633,2.4958340046357996
2026-01-28,129.14303588867188,130.12511220721692,128.16095957012683,130.12511220721692,238204,129.53586120605468,121.9002197265625,121.00816701253255,64.73932281372299,2.9619274854943427,1.858326489132764,1.1036009963615787,133.35697425727506,121.9002197265625,110.44346519584994,418568.7,0.5690917643865869,3.6213180948799018,0.3816832371900114,-1.050238363220013,1.5035014375913036,3.672360207305614,4.274894755068237
2026-01-29,130.61614990234375,130.61614990234375,125.70576832706767,129.63407358728853,374694,129.83048400878906,122.56312141418456,120.99998321533204,67.03494005037304,3.114015498665779,2.1094642910393673,1.0045512076264118,134.43985476596998,122.56312141418456,110.68638806239916,425448.75,0.8807030223969396,3.793193225599392,1.140684051242058,0.5120485824171128,-0.8156086050381428,-4.204527228407717,4.6704806771550755
2026-01-30,126.6878433227539,130.6161485420641,125.70576701792636,130.6161485420641,276640,128.94661712646484,123.12781524658203,120.91814359029134,56.475874427163156,2.8843162319961664,2.2644346792307273,0.6198815527654391,134.6376165199921,123.12781524658203,111.61801397317197,424630.25,0.6514844385203362,3.9421518467751246,-3.007519807104153,0.29453572698179276,-1.4522855203057627,-3.7138285288693784,-0.09915988374898932
2026-02-02,123.74161529541016,126.68784423101516,122.75953898354182,126.68784423101516,224061,127.76812744140625,123.6679573059082,120.82811991373698,50.101720210658556,2.4364559812048583,2.2988389396255537,0.13761704157930454,134.1307622809046,123.6679573059082,113.2051523309118,416179.55,0.5383758043853909,3.940305633534888,-2.325580695093099,0.7056381660207167,-1.3713951210479136,2.738352657141463,2.580639483321101
2026-02-03,122.75953674316406,126.68784191894531,122.75953674316406,126.68784191894531,204623,126.58963623046876,123.96258010864258,120.81993598937989,48.150851136141924,1.9794599915885698,2.234963150018157,-0.25550315842958726,133.93961817742635,123.96258010864258,113.98554203985881,397545.5,0.5147159255984535,3.9387055725010693,-0.7936526041797398,-0.018679128920895405,1.8066327752278566,-3.4129668710926153,0.33865504661296786
2026-02-04,126.1968002319336,128.16095276472632,123.25057143274448,123.74160956594267,357735,126.0003890991211,124.35541038513183,120.87722371419271,54.78665321679704,1.873054409180341,2.162581401850594,-0.28952699267025306,134.01395261305728,124.35541038513183,114.69686815720638,392828.1,0.9106655048353212,4.133733632375894,2.799997116281827,-0.012352394174863779,0.2933689007004636,4.425376164580275,-4.24299528905121
2026-02-05,126.1968002319336,130.61614343071724,125.7057620987354,127.17887649832996,406000,125.11651916503907,124.89555206298829,120.91814346313477,54.78665321679704,1.7683428627444897,2.083733694029373,-0.31539083128488343,133.60566128826673,124.89555206298829,116.18544283770983,396366.6,1.0243042678167131,4.23728665899002,0.0,0.26573312511892766,-1.5129881759937458,1.6757929065687405,-1.0574113425822151
2026-02-06,124.23265075683594,126.19680333797169,121.28642188513233,126.19680333797169,311001,124.62548065185547,125.33748626708984,120.91814346313477,50.50312964001614,1.5094675578340144,1.9688804667903015,-0.45941290895628706,132.82947088701943,125.33748626708984,117.84550164716025,404412.55,0.7690191612500651,4.327032631503266,-1.5564178105053394,-0.026220914336294587,-0.057700870579924235,3.3280483754406953,1.526720253008107
2026-02-09,123.74161529541016,126.68784423101516,123.74161529541016,126.68784423101516,214331,124.62548065185547,125.58300552368163,120.94269536336263,49.461961827744155,1.2502721960059944,1.8251588126334402,-0.5748866166274458,132.47505358696765,125.58300552368163,118.69095746039562,396061.65,0.5411556508942483,4.142925472050164,-0.39525475664758947,-0.2331814588317105,1.9560796184812101,-0.153371900002508,-2.3558963981442638
2026-02-10,123.74161529541016,125.70576791914682,122.75953898354182,124.23265345134432,157184,124.82189636230468,125.80397300720215,120.99179929097494,49.461961827744155,1.0329507906307072,1.6667172082328938,-0.6337664176021867,132.10925687701572,125.80397300720215,119.49868913738857,391256.7,0.4017413631510975,3.9833659338574767,0.0,-0.043710449322398315,2.0625133919167205,3.5023023544358933,-0.6160135824988533
2026-02-11,121.77745819091797,124.23264888025099,120.79538191518476,124.23264888025099,291341,123.93802795410156,125.80397300720215,120.99998321533204,45.14439552259835,0.6942283160822456,1.4722194298027644,-0.7779911137205189,132.10925687701572,125.80397300720215,119.49868913738857,383568.25,0.7595545251725084,3.9105527380186436,-1.5873052083594685,-0.2613923188501621,1.6108084869157713,5.63966044324089,4.287198372869261
2026-02-23,125.21472930908203,125.70576746323529,121.77746223000919,124.72369115492876,299048,123.74161376953126,126.07404403686523,121.06545499165853,52.89379494683084,0.6951342919894756,1.3168024022401066,-0.621668110250631,131.7279994196951,126.07404403686523,120.42008865403538,388854.65,0.7690482806364795,3.912920275925134,2.822584055560795,-0.21533548382927092,0.49857829689010646,0.5209095748403669,-1.7793594306049876
2026-02-24,129.14303588867188,129.6340740479444,126.6878450923093,126.6878450923093,471685,124.72369079589843,126.41777076721192,121.25368639628093,59.871002198805826,1.0012915296961467,1.2537002277313147,-0.2524086980351681,131.93173101198886,126.41777076721192,120.903810522435,390884.75,1.2067111853302028,3.9804435376500997,3.1372559772046893,-0.24182185904723097,2.7464288213389976,0.8060998254695084,1.501046599101663
2026-02-25,127.66991424560547,129.63406677246093,127.1788761138916,129.63406677246093,299164,125.5093505859375,126.54053001403808,121.36007792154948,56.4918539006883,1.112233604467363,1.2254069030785244,-0.11317329861116132,132.05103684709485,126.54053001403808,121.03002318098132,371630.45,0.805004003304896,3.777076487105996,-1.14068995895088,-0.18355200278042938,2.052545137509143,-0.49978363590170716,2.549710819079065
2026-02-26,129.14303588867188,131.10718852576196,127.66992141085433,127.66992141085433,413022,126.58963470458984,126.7614974975586,121.48283754984537,58.98483978503592,1.3039929838122788,1.2411241192252753,0.06286886458700347,132.3194711773569,126.7614974975586,121.2035238177603,372319.05,1.1093227703497848,3.731769526179395,1.1538518309274437,-0.3441994373834856,0.004004083061670549,-2.181395861666635,-3.281943711844426
2026-03-02,126.6878433227539,127.66991962758146,124.23265256068504,126.19680517034014,319301,127.57171173095703,126.7614974975586,121.5974131266276,53.484278400732435,1.2435156776553242,1.2416024309112852,0.0019132467440390322,132.3194711773569,126.7614974975586,121.2035238177603,347704.65,0.9183109860624526,3.888918033087054,-1.9011420546396929,0.4102837192432096,-0.901886354995296,0.0,2.2970099166270908
2026-03-03,122.75953674316406,129.63407080078125,122.75953674316406,127.17888006591797,407460,127.08067321777344,126.4423225402832,121.6055970509847,46.0799876704038,0.8685928681615849,1.1670005183613452,-0.29840765019976034,132.15544871878703,126.4423225402832,120.72919636177937,330958.65,1.2311507797122088,4.287000169691071,-3.100776267523919,0.5099596730266498,-2.1981462640061733,-4.602895658050743,-6.266309549704685
2026-03-04,116.37603759765625,121.28641893089069,115.88499946433281,119.81330453092036,561040,124.52727355957032,125.70576553344726,121.4828374226888,37.09344558760471,0.0557264289660111,0.9447457004822783,-0.8890192715162673,132.56921556436168,125.70576553344726,118.84231550253286,327590.1,1.7126280678201204,4.632005117576429,-5.20000263512177,0.6310429867452783,-4.35492612031565,-1.4033418721923652,-0.9470904044745598
2026-03-05,119.81330871582031,121.777461317719,119.32227056534565,119.81330871582031,234057,122.95595245361328,125.21472778320313,121.44191754659018,43.484698117441276,-0.307571534527014,0.6942822534804199,-1.001853788007434,132.2965823471594,125.21472778320313,118.13287321924687,322534.65,0.7256801711071973,4.734594264574606,2.953590093905456,-0.32772450369655814,2.5710975461891383,-2.686710919514701,-3.655796123378008
2026-03-06,118.83123016357422,120.3043445870896,117.84915388123063,118.34019202240242,147057,120.89359130859376,124.72368965148925,121.36007779439291,42.16651746043608,-0.6670440510095403,0.42201699258242786,-1.0890610435919683,132.15530117116188,124.72368965148925,117.29207813181661,310382.4,0.4737929727974266,4.4306737900791875,-0.8196740101514388,0.8722728245506239,-0.21798613570590541,-6.540673199735547,-2.5685851564775986
2026-03-09,114.4118881225586,114.90292626900734,111.95669739031484,113.92084997610985,449964,118.43840026855469,123.9871322631836,121.22095031738282,36.76550604025436,-1.2936205267277643,0.07888948872038948,-1.3725100154481538,132.42625581875467,123.9871322631836,115.54800870761252,320970.4,1.4018862798563356,4.756521654503213,-3.71900722977645,-0.3247034292450657,-4.431963003584727,4.149816519564586,0.5991660943988952
2026-03-10,116.86708068847656,117.84915699678308,116.37604253432329,116.37604253432329,141099,117.2599090576172,123.29967880249023,121.11455879211425,41.266475369188754,-1.5739300904596547,-0.2516744271156194,-1.3222556633440354,131.7050498258078,123.29967880249023,114.89430777917266,309290.65,0.4562019576084825,4.580621283799383,2.1459243494766467,-0.0009416103239789919,2.0599268819414984,0.6078011364745173,3.0970632506173823
2026-03-11,124.72368621826172,125.21472435297927,117.8491523322158,117.8491523322158,290269,118.92943878173828,123.20147094726562,121.11455879211425,52.835597683018776,-1.14887155721307,-0.4311138531351095,-0.7177577040779606,131.48517705066325,123.20147094726562,114.91776484386799,309972.1,0.9364358921335179,5.082890934559827,6.722684851457772,-0.0883622645329818,4.095952619427945,-0.5873443081471308,1.0976506038854472
2026-03-12,124.23265075683594,127.17887962853956,123.741612611552,123.741612611552,295150,119.81330718994141,123.22602272033691,121.09000689188639,52.14427065214211,-0.8419268564958458,-0.5132764538072568,-0.3286504026885889,131.51937462256095,123.22602272033691,114.9326708181129,313526.55,0.941387579456987,4.863474412216858,-0.3936986440302048,0.11834075149077528,-1.560441591332784,-2.616480431872148,-1.4367945546694738
2026-03-13,123.25057220458984,125.21472474968292,121.28641965949677,122.26849593204331,160315,120.69717559814453,123.25057449340821,121.05727094014486,50.715009858333296,-0.6701909571786615,-0.5446593544815378,-0.1255316026971237,131.54101851867188,123.25057449340821,114.96013046814454,311311.15,0.514967099636489,4.73878516927943,-0.7905156545104597,0.26499563387061276,-0.5405866913823942,1.4907273891897832,0.46647924948493014
2026-03-16,127.66991424560547,128.6519905090332,124.72368545532227,125.70576171875,342431,123.34878082275391,123.3242301940918,121.13092664082845,56.493978361137955,-0.17546242928870015,-0.47081996944297033,0.2953575401542702,131.7499584574063,123.3242301940918,114.89850193077729,310545.95,1.1026741775250972,4.827136253967953,3.5856564087018983,0.8380462709563163,-0.1730779621546441,2.271565923800778,0.8705735785674129
2026-03-17,125.70576477050781,129.14303177595139,125.70576477050781,129.14303177595139,294162,125.11651763916015,123.2996784210205,121.24550221761068,53.49187868697864,0.05746067493967644,-0.365163840566441,0.42262451550611746,131.69296210400393,123.2996784210205,114.90639473803708,304954.05,0.9646108979369187,4.641820354164702,-1.5384591481115262,-0.6781109201310698,1.481767774178122,1.8370047670336787,1.7261310397797214
2026-03-18,127.17887878417969,129.14303135227513,126.19680250013197,127.66991692620356,442107,125.60755615234375,123.44698982238769,121.41736551920573,55.40590038523454,0.3568088326201746,-0.22076930592911792,0.5775781385492925,132.01090428972162,123.44698982238769,114.88307535505378,311509.35,1.4192415091232415,4.481213184511717,1.1718746680880132,-0.18782115046350745,1.5131788114791656,-0.8527393599003008,-1.074662926622294
2026-03-19,125.21472930908203,128.1609582340016,124.72369115492876,126.19680561738855,229140,125.80397186279296,123.5206455230713,121.58922894795735,52.31444797837533,0.4305903788564365,-0.09049736897200705,0.5210877478284435,132.120493658165,123.5206455230713,114.9207973879776,312249.8,0.7338355380852126,4.342020370453202,-1.544399112395689,0.45852337777712027,-1.9182699065508957,-1.9351607453890862,1.372211038921911
2026-03-20,123.25057220458984,125.21472474968292,121.77745779577005,125.21472474968292,206275,125.80397186279296,123.49609336853027,121.71198844909668,49.34912260361095,0.3268045235110293,-0.007036990475399782,0.3338415139864291,132.09608906666776,123.49609336853027,114.89609767039279,314704.35,0.6554564625496915,4.22138718950104,-1.568631035126733,-0.7152438188559485,-0.432775801380203,-0.050603126211601346,-6.091374125034299
2026-03-23,126.1968002319336,128.65199089792452,119.81330450035718,121.77745703314993,417263,125.5093490600586,123.71706047058106,121.9084036509196,53.59789267262621,0.47679328833039847,0.08972906528575988,0.3870642230446386,132.3581280218608,123.71706047058106,115.07599291930131,321000.45,1.2998829129367264,4.837027083909881,2.3904376058012655,0.6905285819817086,-2.448670019784016,1.0631135436369288,4.864870775862817
2026-03-24,127.66991424560547,130.61614303588865,126.68783798217773,128.6519905090332,699062,125.90217895507813,123.83981971740722,122.13755467732747,55.6032073851034,0.7063856802244572,0.21306038827349938,0.49332529195095787,132.63878944640015,123.83981971740722,115.0408499884143,341001.15,2.050028277030737,4.7813358465825715,1.1673148692870727,-0.49873146018064585,-0.3369539785315956,4.090834509781138,4.581903274589827
2026-03-25,132.08926391601562,133.56237838348048,128.6519968252643,130.61614944855077,887438,126.8842559814453,123.98713111877441,122.40762570699056,61.042501979161884,1.2307564945305813,0.4165996095249158,0.8141568850056655,133.2465398668996,123.98713111877441,114.72772237064923,361788.8,2.4529172821270313,4.9294862854215635,3.4615435410322304,0.20024107948439784,2.535456425815963,1.2191182542075296,0.16429333660528123
2026-03-26,128.65199279785156,133.0713360618999,128.16095465740176,131.59822164055046,794111,127.57170867919922,124.03623504638672,122.64496078491212,55.361333911450956,1.3533643482270605,0.6039525572653448,0.7494117909617157,133.38783393297837,124.03623504638672,114.68463615979509,386536.15,2.0544288031015987,4.926938967965107,-2.602233532279752,0.03163401045052083,-0.3035017473458024,-3.534072260161636,-4.483332711594235
2026-03-27,124.72368621826172,127.66991502656711,122.75953367939145,126.68783875713197,511647,127.8663314819336,123.81526756286621,122.81682408650717,49.671626174004224,1.1206324910906318,0.7072885440304022,0.4133439470602296,132.86269290107927,123.81526756286621,114.76784222465315,391467.4,1.3069977219048123,5.055674988031107,-3.053436246232355,-0.018472719949447214,-0.6750069219611743,-4.139971253463671,-2.575841384471822
2026-03-30,120.79537963867188,123.25057028173431,120.30434151005939,123.25057028173431,400265,126.78604736328126,123.52064437866211,122.90684763590495,44.72182643912354,0.6121527905054478,0.6882613933254114,-0.07610860281996357,132.55796495392173,123.52064437866211,114.4833238034025,395515.6,1.0120081230677123,4.970830950720604,-3.149607503353824,0.14719379020335932,-1.7951772733723503,-4.6101091637595015,-2.7027033113866894
2026-03-31,116.86708068847656,120.79538592170266,115.39396622601677,119.81330961339613,554241,124.62548065185547,123.22602157592773,122.94776751200358,40.387604155760776,-0.10657341869232084,0.529294430921865,-0.6358678496141859,132.7394702077472,123.22602157592773,113.71257294410827,402854.65,1.3757840451885064,5.028242783382642,-3.2520274880925126,0.1938961860005195,-2.4453103067768933,11.246852926149021,8.695653683493454
2026-04-01,115.88500213623047,120.79538358268091,115.88500213623047,120.30434543803587,491303,121.38462829589844,123.20146980285645,122.97231941223144,39.36058263016054,-0.7468059352664085,0.2740743576842103,-1.0208802929506189,132.79157795497136,123.20146980285645,113.61136165074154,399367.8,1.230201833998635,5.012527938458349,-0.8403380545321748,-0.31555578204207624,4.5765864674125245,0.4522005850681188,2.2777822083515087
2026-04-02,115.39396667480469,117.84915745511968,114.90292851874169,116.37604298693068,232394,118.73302307128907,122.98050270080566,122.96413548787434,38.82891765150092,-1.2790729188468362,-0.03655509762199899,-1.2425178212248371,133.08895948961214,122.98050270080566,112.8720459119992,399284.65,0.5820258805341001,4.737021404847635,-0.42372649814385044,0.20069684313648306,-1.8158067453737603,-0.016080604674895138,0.9234065978910966
2026-04-07,120.3043441772461,120.79538231674505,115.88500092175542,117.84915347975127,330322,117.84915466308594,123.05415840148926,123.02960726420085,46.59723543737485,-1.2898038554305202,-0.28720484918370326,-1.0025990062468169,133.05622268530146,123.05415840148926,113.05209411767706,408447.9,0.8087249316253063,4.825607303126665,4.255315632124423,-0.15330159053532633,2.0182425176967334,0.47251414258868696,1.1727099367268456
2026-04-08,120.79537963867188,122.26849402450934,120.30434151005939,120.30434151005939,293992,117.84915466308594,123.37333297729492,123.08689498901367,47.3177254987305,-1.2443417449429717,-0.47863222833555696,-0.7657095166074147,132.59084405740342,123.37333297729492,114.15582189718643,400649.3,0.7337888772050769,4.444079997969769,0.40816103922425295,-0.06266985661774749,4.6089884909003676,7.195479341611599,7.955746978509759
2026-04-09,119.322265625,120.7953800154321,118.34018936471193,120.7953800154321,291041,118.34019165039062,123.4960922241211,123.11963081359863,45.34136122011082,-1.3120561182163613,-0.6453170063117178,-0.6667391119046434,132.40912651311942,123.4960922241211,114.5830579351228,408146.4,0.7130799144620655,4.178894751669823,-1.2195118870260702,-0.5443006460909006,0.28704629430582607,0.1608666492686428,4.099555776384878
2026-04-10,120.3043441772461,121.77745859574298,119.81330603774713,119.81330603774713,229339,119.22406005859375,123.2751251220703,123.20147043863932,46.93270722037361,-1.2718140347816984,-0.770616412005714,-0.5011976227759845,132.27868109210777,123.2751251220703,114.27156915203284,405099.9,0.5661294905281389,3.9490678475462446,0.8230471883030832,0.01702281183058041,1.596814237549693,0.233616100306544,5.344578848473436
2026-04-13,118.83123016357422,121.77745901060499,118.34019202240242,119.8133064459178,324379,119.91151275634766,123.00505409240722,123.29967803955078,44.82457983349915,-1.3433050983120438,-0.8851541492669801,-0.4581509490450637,132.20947723212635,123.00505409240722,113.8006309526881,406561.35,0.797859904784358,3.880827732967088,-1.2244894594176214,0.1298647737427494,0.11141546387523071,3.4522870568241437,1.6466495111356005
2026-04-14,121.77745819091797,122.75953446665117,118.83122936371834,120.30434377731815,325333,120.20613555908203,122.93139839172363,123.38151766459147,49.691735724770496,-1.1489815578902949,-0.9379196309916431,-0.21106192689865177,132.15111279134538,122.93139839172363,113.7116839921019,414812.25,0.7842897600058821,3.8871580489625215,2.4793381531843073,-0.39601185393721705,2.3657534273739955,1.450304783690748,1.269697952491211
2026-04-15,120.79537963867188,122.75953215312182,120.30434151005939,122.75953215312182,205248,120.20613555908203,122.58767166137696,123.42243741353353,48.16649223341323,-1.0619824114952934,-0.9627321870923733,-0.09925022440292008,131.5731683610371,122.58767166137696,113.60217496171681,407953.1,0.5031166572824181,3.696229061509177,-0.806453482307401,-0.3925227774549067,1.1737329455939083,0.527407685388992,2.723740534949015
2026-04-16,124.72368621826172,125.21472435297927,121.28641927523876,121.28641927523876,543111,121.28641967773437,122.53856773376465,123.57793273925782,54.21960026820414,-0.6683491376117559,-0.9038555771962498,0.2355064395844939,131.46284327975943,122.53856773376465,113.61429218776989,420400.55,1.2918893659867952,3.7926444818822738,3.25203380405803,0.22210138777056798,1.1161628904905463,10.35482530498355,10.47979336609397
2026-04-17,129.14303588867188,130.12511220721692,123.7416161366742,124.72369245521922,807471,123.05415802001953,122.63677558898925,123.80708389282226,59.893941882875225,0.000210228883702257,-0.7230424159802593,0.7232526448639616,131.81565768933257,122.63677558898925,113.45789348864592,438668.75,1.8407306196304158,4.138091360370333,3.5433122644214166,-0.09180779659778704,-0.8824720325923185,3.8533739763482178,-1.2571413885599458
2026-04-20,130.12510681152344,132.58029750608048,129.14303053370062,130.61614495043483,666261,125.31293334960938,122.88229446411133,123.99531517028808,61.04930959975357,0.602349746577616,-0.45796398346868433,1.0603137300463004,132.59847827920893,122.88229446411133,113.16611064901373,460524.8,1.4467429332795976,4.0446481086382695,0.7604520956888239,-0.28518965390006423,0.41968131518117513,3.071913452283015,1.5817931815304886
2026-04-21,131.5982208251953,133.56237337482509,130.12510641297297,131.10718268778786,734104,127.27708587646484,123.2996768951416,124.19991442362468,62.78131585428063,1.1847604610001952,-0.12941909457490847,1.3141795555751037,133.77036444733812,123.2996768951416,112.82898934294508,486916.25,1.5076596848020578,3.963663955733449,1.1320751619482428,-0.15571306004650287,1.748727177527587,1.5778472908336783,2.2028029572868535
2026-04-22,134.05340576171875,138.47274880880838,133.07132952903217,133.56236764537547,1111633,129.9286911010742,123.69250717163087,124.40451354980469,65.53224747536345,1.823418816683585,0.2611484876767903,1.5622703290067947,135.16265802650472,123.69250717163087,112.22235631675703,521634.75,2.131056261109905,4.351779159450731,1.8656672720406497,0.20051473340130244,0.7269208348100964,2.3932736325116277,0.11148259313937814
2026-04-23,129.63406372070312,136.01755928270745,125.7057587594697,135.52652116255328,995284,130.9107666015625,123.79071464538575,124.56819279988606,57.31965229063224,1.9504723648253588,0.5990132631065039,1.3514591017188549,135.43654196267994,123.79071464538575,112.14488732809156,536445.85,1.8553298529571998,5.146448674622334,-3.2967025462009136,-0.04828048118112882,-0.4338092798431781,9.877515593363118,1.4476598221025094
2026-04-24,127.17887878417969,133.56237463048987,125.70576435810811,131.59822206239443,452386,130.51793518066407,123.54519538879394,124.65003242492676,53.32167420683497,1.8319329290903852,0.8455971963032802,0.986335732787105,134.64880587957632,123.54519538879394,112.44158489801158,514693.25,0.8789429431996632,5.507803554323591,-1.8939350245265274,0.2008465924816294,3.230220091059155,0.6340793151178747,3.1467263547939606
2026-04-27,132.08926391601562,134.0534165393021,125.70576789033457,129.14303498108592,988185,130.9107666015625,123.71705894470215,124.76460800170898,59.41822173659892,2.1098950577169546,1.0984567685860152,1.0114382891309395,135.2515315218444,123.71705894470215,112.18258636755988,524396.95,1.8844217152674134,5.886449566942783,3.8610067794108804,-0.28544291350430795,1.757483474460031,-0.36585427313929886,-1.4898883436983423
2026-04-28,128.65199279785156,132.08925978100027,126.68784023605231,132.08925978100027,675061,130.32152099609374,123.91347427368164,124.83007977803548,54.09238621984968,2.029429000260663,1.2846512149209448,0.7447777853397182,135.65210117979086,123.91347427368164,112.17484736757244,532567.65,1.2675591542220035,5.821779448678854,-2.602233532279752,0.04993443489185179,-0.23954193004298574,-4.834759097823326,-3.709043466510209
2026-04-29,132.08926391601562,134.0534165393021,127.17888235779942,129.14303498108592,566383,129.92869262695314,124.47816848754883,124.92010345458985,58.1336558052133,2.217456662673982,1.4712123044715524,0.7462443582024294,136.6633311546553,124.47816848754883,112.29300582044235,540873.55,1.0471634266456549,5.962146746388698,2.6717589392998953,0.18216274879112593,-0.5521784247846995,5.959268356625191,3.9641039284819435
2026-04-30,133.5623779296875,136.0175687004538,131.59822531307444,133.5623779296875,684227,130.71435546875,125.31293334960938,124.99375915527344,59.76824757758086,2.457014990012368,1.6683728415797157,0.7886421484326525,137.5898175335939,125.31293334960938,113.03604916562485,547372.85,1.2500199818094742,5.756439631854121,1.1152412921374921,0.3601646494638011,-0.9588741301665205,1.9724832451983643,4.208635151839379
2026-05-04,139.9458770751953,142.89210606625207,133.5623809279057,136.0175717537863,1445619,133.26775512695312,126.51597709655762,125.14107081095378,65.96877917683837,3.125927970446071,1.9598838673529868,1.1660441030930841,139.592431025893,126.51597709655762,113.43952316722223,595088.65,2.4292498268955387,6.232878099148848,4.779414116801917,-0.047513033458257414,4.5688819420590665,-0.9608831170523691,3.3468585597033362
2026-05-05,145.8383331298828,149.27560024068814,138.96379890827217,138.96379890827217,2523666,136.01756896972657,128.03819541931153,125.41114196777343,70.4899611503747,4.084435455542206,2.384794184990831,1.6996412705513748,142.65996131023843,128.03819541931153,113.41642952838465,709652.25,3.556200942081139,6.77673453025113,4.210524938524185,0.13943942787038033,0.1575929637265494,0.6174022420281089,4.972193219165422
2026-05-06,140.43690490722656,147.80247684292027,138.47275239104158,147.31143871387403,1364298,138.37455139160156,129.04482345581056,125.60755716959635,62.317024923279966,4.357973422336755,2.779430032460016,1.5785433898767391,144.18751821186964,129.04482345581056,113.90212869975149,761351.05,1.7919434142765023,7.117133186468139,-3.703709516376441,-0.16773054363118378,0.9064727604973788,3.019381055232895,4.5808788502675
2026-05-07,143.3831329345703,145.8383235670116,138.47275166968777,140.4369041756408,1049284,140.6333251953125,130.17421112060546,125.84489212036132,64.71985796068903,4.757647017621025,3.175073429492218,1.582573588128807,146.07657232711452,130.17421112060546,114.27184991409639,799115.65,1.3130565018968154,7.150258347915565,2.0979015660378186,-0.4644147517347985,1.9323088936799904,-4.87850637844669,-2.890355233473474
2026-05-08,142.89210510253906,146.32937223558983,138.9637998076239,143.38314326440346,696494,142.4992706298828,131.35270309448242,126.04949137369792,63.98754237444542,4.977393089802831,3.535537361554341,1.4418557282484903,147.3619598008029,131.35270309448242,115.34344638816195,819388.3,0.8500170187931655,7.17896689192228,-0.34245857373985666,-0.020386521399129442,-0.7865731014896293,2.5742931340606123,5.124251399461643
2026-05-11,146.32936096191406,148.29351345804713,138.96378910141505,141.4189797215814,1291556,143.77596740722657,132.65395393371583,126.37685000101725,66.81798233754648,5.3670334361085,3.901836576465173,1.465196859643327,149.10660623983696,132.65395393371583,116.20130162759469,872499.15,1.4802948518631793,7.465734553883587,2.4054903921447712,-0.29019653733958206,0.44735470056218585,3.9147296850730706,1.6637741064092104
2026-05-12,145.8383331298828,150.25767655806106,145.34729497119633,148.29352392331518,1548175,143.77596740722657,134.00430908203126,126.7451286315918,66.01970518534598,5.5719741261163165,4.235864086395402,1.3361100397209142,150.10966863052735,134.00430908203126,117.89894953353516,933688.95,1.6581271525169063,7.1250208249477405,-0.33556343634894015,0.16229616472482888,0.2590609403122279,-2.918684554054274,-3.4453124157411086
2026-05-13,142.40106201171875,145.8383290257947,140.92794757711476,143.38313830145475,633880,144.168798828125,135.03548927307128,127.0724873860677,60.56496377708026,5.394843647310324,4.4676599985783865,0.9271836487319378,150.47167577175998,135.03548927307128,119.59930277438256,949116.3,0.6678633587896446,6.829736121990448,-2.356905104711293,0.4762074815726436,-1.2502179290078241,11.142059750374944,14.481114016192143
2026-05-14,141.4189910888672,147.8024872144063,140.92795292536417,146.32937272389728,928190,143.77597045898438,136.06666984558106,127.3261905670166,59.06343710923304,5.116244666966338,4.597376932255977,0.5188677347103612,150.1977256803545,136.06666984558106,121.93561401080763,985263.4,0.9420729522683985,6.835709210930675,-0.6896514035623857,0.18380143583822672,0.9117934959939067,2.298853757804875,-1.324668807907592
2026-05-15,138.47276306152344,146.82041189856562,135.52653406021443,143.38314473037178,1493104,142.89210205078126,136.75412368774414,127.53078994750976,54.68342339155816,4.6046375928122245,4.5988290643672265,0.005808528444998018,149.86246704582297,136.75412368774414,123.6457803296653,1032763.05,1.4457372385660001,7.430131694586744,-2.083332658972481,0.01710987032821354,-1.3877038088223825,-4.443695205018782,-2.00053072504508
2026-05-18,140.43690490722656,141.41898116531905,130.61614232630163,137.98171426199534,830155,141.71361083984374,137.31881713867188,127.80086085001628,56.97417067072875,4.308015017074524,4.540666254908686,-0.23265123783416186,150.01314084092144,137.31881713867188,124.62449343642233,1033897.25,0.8029376226699511,7.879825980510835,1.4184319011750102,0.07160020197189976,-0.6813771830388338,-3.253470325628305,-0.752087627969078
2026-05-19,151.23974609375,154.18597491375812,138.96379267704953,140.9279452237216,4001867,142.79389343261718,138.3745491027832,128.2591630299886,66.88824396737124,4.888289332819511,4.610190870490851,0.27809846232865976,152.02580085046736,138.3745491027832,124.72329735509904,1200677.55,3.333007267438289,8.858806814670535,7.692309363881145,-0.1041563196208406,-1.751601452995355,-3.1161506466230837,0.24357730830475433
2026-05-20,153.2039031982422,155.16805580334784,147.31144538292517,154.185979500795,3773568,144.95446166992187,139.45483322143554,128.75020116170248,68.31767382732235,5.443898103259329,4.776932317044547,0.6669657862147824,154.22211601497833,139.45483322143554,124.68755042789275,1352650.75,2.789757814424751,8.72518062877082,1.2987043123403819,0.5549209970649338,-0.38515527018477824,3.9520869402708714,8.423326603284863
2026-05-21,151.7307891845703,157.13220886427993,151.7307891845703,154.1859799480747,2004492,147.0168212890625,140.3387023925781,129.24942334493002,66.01584182195975,5.699652026550211,4.961476258945679,0.738175767604532,155.84248276157896,140.3387023925781,124.83492202357726,1397293.7,1.434553093598003,8.282012502229327,-0.9615381742367868,-0.434932134128041,3.3667241562741257,-0.5444138273345001,5.004969415640059
2026-05-22,154.18597412109375,155.16805038938097,152.22182158451932,153.69493598695016,1763660,150.15946350097656,141.56629791259766,129.7322774251302,67.95382198765046,6.030930941141207,5.175367195384785,0.855563745756422,157.38608603567837,141.56629791259766,125.74650978951695,1435712.5,1.2284214283848611,7.636045662573504,1.61811913700447,-0.12788229491633718,2.1749981256365514,6.012221787423533,12.046489821080142
2026-05-25,166.95297241210938,168.9171250287224,150.25767517089844,158.11428563735063,3385864,155.46267700195312,143.55500259399415,130.36244303385416,75.71056627002935,7.240201396686501,5.588334035645129,1.651867361041372,161.60259198836607,143.55500259399415,125.50741319962222,1582386.4,2.1397201088179223,9.1058328886069,8.280259189456984,-0.354352809800873,3.256436796480777,6.012221787423533,12.046489821080142
2026-05-26,183.6482696533203,183.6482696533203,165.97089610380286,168.42608687456917,6351486,161.9443817138672,146.13295288085936,131.29541562398273,81.88536556879774,9.436944679997396,6.358056164515583,3.078888515481813,170.8001648302001,146.13295288085936,121.46574093151865,1850551.45,3.4322125980339537,10.248704976728307,10.000000000000009,0.029903373699946556,-0.27272077978219844,9.294323008087812,6.603174948275092
2026-05-27,182.17515563964844,201.32564369880285,181.19307932892255,194.9421476790847,6618743,167.73863220214844,148.80911102294922,132.179284286499,79.9539650189425,10.932982947255766,7.27304152106362,3.6599414261921464,176.87091820743902,148.80911102294922,120.74730383845943,2147735.55,3.0817308955937337,11.56655289581524,-0.802138793059537,-0.007951228100844254,1.6804674357044913,-1.6614178034264238,-2.918404174386635
2026-05-28,181.1930694580078,196.4152514449949,176.28268817188294,182.6661838438453,6433931,173.63108825683594,151.26430130004883,133.08770472208658,78.62255706938765,11.902157245321547,8.198864665915206,3.703292579406341,181.6619021312489,151.26430130004883,120.86670046884876,2441112.95,2.635654773778493,12.708687612788138,-0.5390889763164153,0.06360275198662446,-1.4017266590648503,-0.8967913780571823,6.830270882112943
2026-05-29,195.92422485351562,198.37941564115368,190.03176696318434,194.9421485384604,7354561,181.9787384033203,154.38239364624025,134.30711619059244,83.15402725865019,13.70097962156379,9.299287657044923,4.401691964518866,189.55345780144555,154.38239364624025,119.21132949103495,2774629.65,2.650646006035436,13.305708755502502,8.130087668127839,-0.1331620395565447,2.512808021606805,-2.545038363027896,-0.36371408810408346
2026-06-01,182.6661834716797,192.97798415153258,180.21099283361949,192.97798415153258,5050425,185.1213806152344,156.51840896606444,135.4119519551595,68.9816097134467,13.896555337486717,10.218741193133283,3.677814144353434,193.1562564029735,156.51840896606444,119.88056152915539,2954869.95,1.7091868967025097,13.626711857421656,-6.766922973281342,-0.03531969758715503,1.352401006913162,0.24871117188876024,7.569648205872115
2026-06-02,177.2647705078125,182.17515196232253,173.82750348965547,181.68411381687153,2969017,183.8446807861328,158.08973083496093,136.36947631835938,64.18219876209025,13.460536925921474,10.867100339690921,2.5934365862305526,195.48672707484897,158.08973083496093,120.69273459507289,2977137.5,0.9972723799287067,12.988307607368665,-2.9569857218288087,-0.2623166699323165,0.48391828547871274,6.384387477344311,11.609218261948563
2026-06-03,180.21099853515625,186.10345625292703,176.7737315331233,182.66618925089406,2640606,183.45184936523438,160.07843551635742,137.39247245788573,65.58857315997413,13.20055736433028,11.333791744618795,1.8667656197114848,197.7520256017268,160.07843551635742,122.40484543098802,3040952.9,0.8683482075634911,12.500496555693339,1.6620493846034146,0.47142964549633515,1.9795979840295574,4.11224604417908,2.368380197071396
2026-06-04,176.7737274169922,183.15722312927247,176.7737274169922,178.73787994384764,1417009,182.56798095703124,161.74796524047852,138.4318364461263,62.50503621369811,12.57223770563084,11.581480936821205,0.9907567688096357,199.26547036311246,161.74796524047852,124.23046011784457,3059339.15,0.4631748657222263,11.684896443238264,-1.9073592322909838,0.08672630642823087,-1.682551333517468,-1.5754390106407112,-0.4689752549730142
2026-06-05,171.8633575439453,176.77373918805804,169.40816672188896,173.8275102015904,1601236,177.75580749511718,163.19652786254883,139.34844106038412,58.289105499374045,11.544980687368195,11.574180886930602,-0.029200199562406937,199.87646984146159,163.19652786254883,126.51658588363608,3104576.25,0.5157663626396678,11.10898657962904,-2.777771303913157,-0.007936817364084803,-1.3278310983176,-11.045368213473939,-10.161770946634174
2026-06-08,160.07843017578125,160.5694683051548,154.67701075267206,154.67701075267206,1781304,173.2382568359375,163.88398132324218,139.93768679300945,49.63598951268057,9.668474792552587,11.193039668055,-1.5245648755024135,199.7389686463202,163.88398132324218,128.02899400016418,3129063.65,0.5692770103925499,11.919301274514936,-6.8571495032911045,0.2701335531519966,-3.4793152912322878,3.1042122832468877,0.034967228108029325
2026-06-09,164.9888153076172,174.80957812354677,157.62324319567,159.09635761805944,2240744,170.78306579589844,164.8415054321289,140.61695620218913,52.78136088473224,8.479807451945419,10.650393224833085,-2.170585772887666,199.67568024800238,164.8415054321289,130.00733061625544,3163692.1,0.7082686712780931,12.621572428296513,3.0674870602140913,-0.01931012262229581,2.7622605307562997,-3.225807672999992,2.376792984775622
2026-06-10,159.58740234375,168.91712740384617,158.11428786057692,162.04259314903845,1258038,166.6583465576172,165.70082244873046,141.2225700378418,49.1454638792584,7.020997447777262,9.924514069421921,-2.903516621644659,199.01908778993152,165.70082244873046,132.3825571075294,3194900.0,0.3937644370715828,12.379074710292878,-3.273805532694074,-0.13014202626587812,-3.308177660269873,-5.837608402610838,-6.708776092807467
2026-06-11,156.64117431640625,160.56947962841645,152.2218308403948,160.56947962841645,994218,162.6318359375,166.46193161010743,141.70542437235514,47.234155341118544,5.56301703266908,9.052214662071354,-3.4891976294022733,198.0976591557622,166.46193161010743,134.82620406445267,3198201.4,0.3108678521621559,11.841551253990048,-1.8461532577600304,0.3452662184263211,-0.17600272119220328,5.25551512368041,7.227810668941248
2026-06-12,164.9888153076172,165.97089158921014,160.56947204044886,162.0425864628383,1188292,161.25692749023438,167.7877342224121,142.36014188130696,52.831493857531015,5.023237162208858,8.246419162098855,-3.223181999889997,196.57922761759295,167.7877342224121,138.99624082723125,3182960.8,0.37332913430790604,11.50664005649856,5.329148627518054,-0.22369454265829258,2.3628988702241616,0.715765641262256,1.3310630234695253
2026-06-15,179.71995544433594,181.19306983322394,168.91711659249063,171.86334537026661,4166060,165.18523254394532,169.75188674926758,143.23582649230957,60.74518193991175,5.71822152347022,7.740779634373128,-2.0225581109029083,195.9280714768039,169.75188674926758,143.57570202173127,3349756.05,1.2436905666608171,12.132988652379652,8.928568951327364,0.10766774191464101,2.7801130493521287,7.800325831781363,7.30885800138672
2026-06-16,172.35438537597656,178.24684299566806,170.3902328360794,178.24684299566806,2199648,166.6583465576172,170.8076187133789,144.0214874267578,55.712131649577216,5.609993179706493,7.314622343439801,-1.7046291637333084,195.50130987691057,170.8076187133789,146.11392754984723,3259645.1,0.6748121137482114,11.759219846496569,-4.098359611846602,-0.298612606480253,0.9079966328300548,-6.076252131185589,-5.194602149510463
2026-06-17,174.31854248046875,177.26477136746257,170.8812754456426,170.8812754456426,1140611,169.60457458496094,171.86335067749025,144.87262026468912,56.741441239405724,5.617952244298863,6.975288323611614,-1.3573360793127511,195.1536997369927,171.86335067749025,148.57300161798779,3127997.25,0.3646457809385862,11.04245665653969,1.1396037879787935,0.143723164615861,0.14887671372583178,-4.507401125627641,-0.13243036270157438
2026-06-18,191.5048828125,191.5048828125,188.06761568509617,188.06761568509617,2745984,176.5773162841797,173.85205535888673,145.96108830769856,64.51320936360274,6.931155842824779,6.966461827454248,-0.03530598462946877,196.69229009308117,173.85205535888673,151.0118206246923,3165071.85,0.8675897831513683,11.861641146605232,9.859157888471248,0.2360263790704975,1.2812598662263142,7.704573785610758,7.753615039223938
2026-06-22,210.65536499023438,210.65536499023438,208.20017425608245,210.16432684340398,3576016,185.71062622070312,176.67552490234374,147.34417915344238,70.80694293014157,9.40870532202672,7.454910526368743,1.9537947956579762,202.97842358670945,176.67552490234374,150.37262621797802,3255689.65,1.0983897067707298,12.833486617422452,9.99999681286683,0.2089372068782236,2.746813790663727,8.164775596878403,-0.9707384551159048
2026-06-23,195.92422485351562,228.82378140786537,195.92422485351562,213.6015985245095,12462488,188.95148010253905,178.12408752441405,148.4080951690674,61.73656427891932,10.067449942152962,7.977418409525587,2.090031532627375,205.34741160190606,178.12408752441405,150.90076344692204,3709520.85,3.3595950808579493,15.508962609012759,-6.993004966857441,-0.04731370199756446,-1.3423606797903442,-11.014827181313736,-8.26201375804504
2026-06-24,192.48695373535156,198.37941150276026,188.55864855707907,191.50487744078345,2535851,192.97799377441407,178.56602172851564,149.47201118469238,59.811280358027226,10.19463335941083,8.420861399502636,1.7737719599081938,206.4459852808161,178.56602172851564,150.68605817621517,3518739.1,0.7206703674051879,14.750535987235217,-1.754388014414232,0.0476551235367495,-2.244229984227597,-1.1276266208390284,-5.715736053128795
2026-06-25,184.13929748535156,194.94213627115886,182.66618310546875,194.94213627115886,2109635,194.94214477539063,178.6642288208008,150.4622713724772,55.30083460307398,9.512190428665122,8.639127205335132,0.8730632233299893,206.61147765963005,178.6642288208008,150.71697998197152,3293283.7,0.6405870833417722,14.420591611029204,-4.336738718135214,0.3340466665395114,0.45969504788345716,2.5920166367473962,7.7711783899880205
2026-06-26,171.8633575439453,187.08554064069477,171.8633575439453,181.68412083217078,2128251,191.0138397216797,178.19774322509767,151.31340433756512,49.40091323174884,7.889834628012409,8.489268689870588,-0.5994340618581795,206.27840166623957,178.19774322509767,150.11708478395576,3077999.7,0.6914396385418751,14.527470475791905,-6.666659484992776,0.16348102632479655,-3.6395859356203264,-23.656726329166933,-5.942248494585412
2026-06-29,173.3364715576172,177.2647768620391,169.899204416248,171.86335706845895,1402036,183.55006103515626,177.06835556030273,152.2545608520508,50.089052969761575,6.646358869298098,8.12068672575609,-1.4743278564579931,203.9379412980959,177.06835556030273,150.19876982250958,2780373.45,0.5042617566356059,13.572550738458462,0.857142578106096,-0.04080504718203537,0.9605559714053191,-2.29454141869031,-0.1242224214272114
2026-06-30,180.70204162597656,182.6661942523459,174.80958374686864,178.24685084301493,1354210,180.50562438964843,176.97014846801758,153.33484484354656,53.49463762017384,6.183950586649729,7.733339497934819,-1.5493889112850896,203.76784920839694,176.97014846801758,150.17244772763823,2595562.7,0.5217404303120861,13.006840332627828,4.249290413132156,0.05934599029766563,2.50225391133696,6.740432698739185,-4.442075791865974
2026-07-01,178.24684143066406,190.52279469723874,178.24684143066406,186.10345152127184,1466264,177.65760192871093,177.01925201416014,154.3823927561442,52.215663093011855,5.5553360979213835,7.297738817932132,-1.7424027200107481,203.8228242553513,177.01925201416014,150.215679772969,2520425.05,0.5817526690587368,12.909388723820742,-1.358700860942319,-0.09885131953493165,1.9361745317864276,0.0951939253428069,-4.778727410795913
2026-07-02,191.5048828125,192.97799729567308,176.28269981971155,176.28269981971155,3377911,179.13071899414064,177.58394622802734,155.5690684000651,58.04845813320322,6.057144730113492,7.049620000368405,-0.9924752702549124,205.13607181568048,177.58394622802734,150.0318206403742,2557290.3,1.3208946203721963,13.414176557439513,7.438023179217557,0.1897318900919931,-0.5845045481542077,-3.603504313312955,-10.330015650836888
2026-07-03,186.5,191.5,185.0,187.5,1531588,182.05804748535155,178.07025985717775,156.66414540608724,55.30405832514658,5.982022440034768,6.836100488301678,-0.8540780482669099,205.90408160552673,178.07025985717775,150.23643810882876,2563019.25,0.5975717895993173,12.492937391447578,-2.6134491919979963,0.11318580885453233,0.07800105377469002,-3.603504313312955,-10.330015650836888
2026-07-06,202.0,205.0,197.0,200.0,5100560,187.79075317382814,179.57709197998048,158.04210764567057,61.391830258554315,7.091461985528241,6.887172787746991,0.2042891977812502,209.20149061341635,179.57709197998048,149.9526933465446,2737985.45,1.862887912716994,13.2938790725879,8.310991957104562,-0.009085485277215977,-0.4793234110779254,3.803991640284665,0.5444234864537156
2026-07-07,182.5,197.5,182.0,197.0,3257715,188.1503448486328,180.69817047119142,159.07870190938314,51.8278053593974,6.3243110654957775,6.774600443296748,-0.45028937780097067,208.87741988346286,180.69817047119142,152.51892105891997,2811806.0,1.158584553841908,14.18802852957618,-9.65346534653465,0.3974618785651973,-2.31392776703252,-3.791323133090674,-8.620310244637485
2026-07-08,181.5,183.5,176.5,183.5,1071005,188.8009765625,181.52372970581055,160.1231814066569,51.385703344367236,5.571422896632782,6.533964933963956,-0.9625420373311737,208.71529609485233,181.52372970581055,154.33216331676877,2753319.05,0.3889868847564179,13.22962472563269,-0.5479452054794498,0.25268356539331904,0.5613583571852931,2.9528018512211096,0.0
2026-07-09,176.5,183.5,176.5,183.0,952823,185.8,182.36935958862304,161.0352237701416,49.12911021458317,4.519200850980781,6.131012117367321,-1.6118112663865407,207.6750473072009,182.36935958862304,157.06367187004517,2738058.3,0.34799222500119886,12.399008095548332,-2.754820936639113,-0.08308174762022835,-0.8304486270893752,4.350145848414444,4.3849249271312285
2026-07-10,176.5,176.5,176.5,176.5,0,183.8,183.36230087280273,161.96363410949706,49.12911021458317,3.6433094949744316,5.6334715928887436,-1.990162097914312,205.81499225303529,183.36230087280273,160.90960949257018,2688347.4,0.0,10.745807016141889,0.0,-0.03737569847767075,-0.8304486270893752,-1.9515720941124415,1.4305127450049193
2026-07-13,176.5,188.0,176.5,182.0,1498905,178.7,183.93786010742187,162.82657267252605,49.12911021458317,2.91555063206377,5.0898874007237485,-2.1743367686599786,204.95147347104148,183.93786010742187,162.92424674380226,2703878.05,0.5543537734625273,10.846366080656304,0.0,0.005918645015356994,0.057127944892587657,-5.825340132579415,-6.111486144973622
2026-07-14,169.0,176.0,162.0,175.0,1431617,176.0,183.40186233520507,163.49085540771483,45.39438699951824,1.713852940244152,4.414680508627829,-2.7008275683836773,205.3926250798578,183.40186233520507,161.41109959055234,2567155.9,0.5576665601025633,11.333517269902131,-4.249291784702547,0.19595735310091733,-1.4159606790255297,3.7180485871775026,-0.47685938159380825
2026-07-15,171.5,171.5,166.0,171.0,807105,174.0,183.35914306640626,164.18043696085613,46.8449203695906,0.9522510114368288,3.7221946091896294,-2.7699435977528006,205.4433879868209,183.35914306640626,161.2748981459916,2497528.75,0.32316144508846995,10.555714967248514,1.4792899408283988,-0.08736726929839955,1.9975001997308173,-1.269606741477003,-3.0905636861998653
2026-07-16,164.5,170.0,164.0,170.0,766131,171.6,182.86821594238282,164.72879994710286,43.37090573176542,-0.21370207821490794,2.935015271708722,-3.14871734992363,206.1999450930966,182.86821594238282,159.53648679166903,2478804.75,0.309072749679054,10.148286304948712,-4.081632653061229,0.23962128796235493,-0.014484209344078902,-4.7763109198367015,-9.91347992822128
2026-07-17,150.5,160.5,150.5,160.5,1331836,166.4,180.8179718017578,165.0029098510742,37.39744811829002,-2.2415718541162732,1.8996978465437233,-4.141269700659997,207.8648897017204,180.8179718017578,153.77105390179523,2408097.35,0.5530656806710907,10.661848130955551,-8.510638297872342,0.16578843836740909,-6.473889757658291,-0.8511120933085703,3.7596156340277354
2026-07-20,146.0,152.0,141.5,152.0,1184415,160.3,177.5852035522461,165.27567545572916,35.69563611778811,-4.163788096157333,0.6870006580035121,-4.850788754160845,205.0684049840412,177.5852035522461,150.102002120451,2288517.3,0.5175468850508581,10.640268380161478,-2.9900332225913595,0.15093593640875813,-0.5192494034838457,-0.7668602235062383,-1.1637194814616558
2026-07-21,148.0,150.0,146.0,147.0,533252,156.1,175.18899230957032,165.6226941426595,37.06637436555235,-5.462803236261777,-0.5429601208495458,-4.919843115412231,204.2512782884698,175.18899230957032,146.12670633067086,1692055.5,0.31515041912041303,9.754899262806614,1.3698630136986356,-0.11480806865203919,4.200670223388481,5.028835944428445,6.449018822357444
2026-07-22,152.0,160.0,152.0,152.0,603804,152.2,173.16464462280274,165.95453974405925,39.82896323855323,-6.099207653879091,-1.654209627455455,-4.444998026423637,202.78852701779616,173.16464462280274,143.54076222780932,1595453.15,0.3784529805842309,10.054246027765732,2.7027027027026973,0.15336368301654968,1.3404288294859956,1.394689552504924,0.27652236165969235
2026-07-23,149.5,154.0,148.0,153.0,361278,149.2,171.43267974853515,166.30200653076173,38.685949457330175,-6.727738663079208,-2.6689154345802057,-4.058823228499002,202.37594461176184,171.43267974853515,140.48941488530846,1508035.3,0.23956866261684986,9.513679890730302,-1.6447368421052655,0.16612166048495247,0.055832476427841726,-2.3827624109249768,2.281270991371187
2026-07-24,144.0,149.0,143.5,145.0,531859,147.9,170.03951187133788,166.50051879882812,36.223059762689225,-7.582254540223687,-3.651583255708902,-3.930671284514785,203.3217337481461,170.03951187133788,136.75728999452966,1428215.7,0.3723940298373698,9.04518923863293,-3.678929765886285,-0.2473849217723867,-2.6665489151664,-3.683567952952882,-6.348035270843622
2026-07-27,146.5,147.0,142.0,144.5,442675,148.0,168.69768829345702,166.71614583333334,38.15053863281639,-7.965909377983905,-4.514448480163903,-3.4514608978200023,203.54724090768403,168.69768829345702,133.84813567923,1380247.65,0.3207214299549795,8.505830673481872,1.736111111111116,0.0721389858897803,-0.047299308791204364,2.56883241521626,-2.6956266223224334
2026-07-28,138.0,142.5,138.0,142.5,660291,146.0,166.5625862121582,166.68371454874674,34.34943945911057,-8.853776736593971,-5.382314131449917,-3.4714626051440547,203.48613199440473,166.5625862121582,129.6390404299117,1345551.7,0.4907213895980363,8.505053250350956,-5.802047781569963,-0.06281056383515837,-4.65422176004644,-5.222373627657961,-11.995698122575716
2026-07-29,131.0,140.5,127.0,138.0,1178611,141.8,164.200244140625,166.43640899658203,31.560635041321518,-10.006906128820106,-6.3072325309239545,-3.699673597896151,203.91625343877797,164.200244140625,124.484234842472,1331169.05,0.8853954349374333,9.171046150304162,-5.072463768115942,0.1913253481581556,-3.759743710600294,-6.552907713345957,-8.435210054401699
2026-07-30,126.5,134.0,125.5,128.5,613271,137.2,160.95,166.20412724812826,29.881081428034022,-11.155290625534974,-7.276844149846159,-3.878446475688815,201.878564211575,160.95,120.02143578842498,1192937.05,0.5140849636617456,9.081573330263607,-3.435114503816794,-0.04603973420009844,-0.26443825042463676,6.188178056870819,12.783714960070824
2026-07-31,136.0,138.0,134.5,136.5,505034,135.6,158.425,166.0810750325521,37.44902673478197,-11.170061491900924,-8.055487618257112,-3.1145738736438116,198.94565749973077,158.425,117.90434250026925,1141609.35,0.44238775724813395,9.404030219561793,7.509881422924902,0.14251061606802562,7.979428588197601,-2.5435840790002273,1.2725747330602166
2026-08-03,140.0,143.0,134.5,136.0,482136,134.3,155.325,166.0328732808431,40.3674432536845,-10.735251640855438,-8.591440422776778,-2.1438112180786604,191.00674382096838,155.325,119.64325617903158,910688.15,0.529419428593641,9.283492856953554,2.941176470588225,-0.3145609094511337,0.6184176769345795,-1.4826603056282472,3.44826660729316
2026-08-04,141.5,142.0,137.5,140.0,509599,135.0,153.275,165.95238393147787,41.47026597444404,-10.15259148244823,-8.90367063471107,-1.2489208477371605,187.0427438736398,153.275,119.5072561263602,773282.35,0.6590076703548193,8.645693809359747,1.0714285714285676,0.3186484533235223,-0.059350381622413906,0.4726333908036784,9.745763902806882
2026-08-05,146.0,148.0,143.5,146.0,453545,138.0,151.5,165.95507837931316,44.77017437650912,-9.22141795113265,-8.967220097995385,-0.2541978531372653,182.6515818640326,151.5,120.3484181359674,742409.35,0.6109096012866756,8.359601301445114,3.180212014134276,-0.002778949738335701,2.88496854462601,-4.790783827270051,-14.594593050521187
2026-08-06,143.0,147.0,140.0,145.0,455588,141.3,149.825,165.96506067911784,43.02846915427407,-8.626094894390974,-8.898995057274503,0.2729001628835288,178.84636236781714,149.825,120.80363763218286,717547.6,0.6349237318890064,8.178321127919098,-2.0547945205479423,-0.4022170511909673,-0.48171851317403425,1.846311404669576,-1.2055487976401769
2026-08-07,141.0,144.0,140.5,144.0,314107,142.3,148.05,165.95807749430338,41.85931596281449,-8.220914779913727,-8.763379001802349,0.542464221888622,174.42363116926774,148.05,121.67636883073229,733252.95,0.4283746829794548,7.554544977529885,-1.3986013986013957,-0.17977012124817948,-0.38468864916847423,3.6256814394260317,8.023183380177645
2026-08-10,142.0,144.5,141.0,142.0,399193,142.7,146.325,166.01686477661133,42.697698602028915,-7.730008253985204,-8.556704852238921,0.8266965982537169,169.1360661048983,146.325,123.51393389510169,678267.35,0.5885481587754445,7.013938980525901,0.7092198581560183,0.08787349343861717,1.589230295129762,-1.7124546273308061,-6.410617614806169
2026-08-11,142.0,145.0,140.5,144.0,325500,142.8,144.975,166.04291636149088,42.697698602028915,-7.25730361681633,-8.296824605154402,1.0395209883380723,165.18306248687924,144.975,124.76693751312074,622961.5,0.5225041996977341,6.678747116455781,0.0,-0.02481586909149902,0.4272475445720847,1.667086802964235,0.45263080831747793
2026-08-12,148.0,149.0,143.0,143.0,518328,143.2,143.8,165.98892059326172,47.923189922458015,-6.325614187503788,-7.9025825216242795,1.5769683341204912,159.811180304299,143.8,127.78881969570102,608522.65,0.8517809484987946,6.721580834261677,4.225352112676051,-0.055858442703549116,0.8806410303470624,2.724693709582593,0.781011114079444
2026-08-13,152.0,156.5,150.5,151.5,914248,145.0,143.175,165.96885553995767,51.123199370508424,-5.204482991461134,-7.36296261559165,2.158479624130516,156.54139541221636,143.175,129.80860458778366,615928.5,1.4843411207632056,6.958703389693454,2.7027027027026973,-0.02110518697276964,1.1059567173957285,-2.112340545699498,-0.6855455655172094
2026-08-14,149.0,153.0,148.0,153.0,434141,146.6,143.1,165.9233423868815,48.705878962800696,-4.506109741097674,-6.791592040692855,2.2854822995951807,156.30924715970764,143.1,129.89075284029235,571043.75,0.7602587367430254,6.697542937734328,-1.9736842105263164,-0.24284380760136726,-0.45732720428869333,1.3487078671445163,5.2821182773778785
2026-08-17,149.0,151.5,146.5,149.5,297096,148.0,143.25,165.83690948486327,48.705878962800696,-3.907599533649403,-6.214793539284165,2.307194005634762,156.66444625845517,143.25,129.83555374154483,526677.8,0.5640944045866372,6.471203879369751,0.0,-0.4168200504919728,0.10097531306225704,0.8710301952703947,1.425320167692945
2026-08-18,146.5,154.5,146.5,151.5,411207,148.9,143.175,165.49602661132812,46.57735222034972,-3.5935804305642876,-5.6905509175401905,2.096970486975903,156.49406034301902,143.175,129.855939656981,520575.55,0.7899084004233391,6.6750433621204515,-1.6778523489932917,-0.4373220778009723,-1.1962985353416111,-4.749339427821009,-5.789773590149427
2026-08-19,146.0,152.5,144.0,144.5,556027,148.5,142.875,164.86855545043946,46.14302359464657,-3.3464876240951753,-5.221738258851188,1.8752506347560125,155.61480500552798,142.875,130.13519499447202,518186.7,1.0730244523836678,6.918370913837725,-0.34129692832765013,0.09921712609282096,-1.3006958690137793,-3.5759209309590645,-4.653947061530561
2026-08-20,146.5,149.0,144.5,149.0,249029,147.4,142.725,164.273969523112,46.678488231624506,-3.0748737429687196,-4.792365355674695,1.7174916127059756,155.20435136640697,142.725,130.24564863359302,512574.25,0.48583985637202803,6.595921458659362,0.3424657534246478,-0.20952662644722064,0.47940480185713064,-2.4418943612818045,-0.40675629010867853
2026-08-21,143.5,147.5,142.0,146.5,272158,146.3,142.7,163.64575169881184,43.86074896732043,-3.0663457877503504,-4.4471614420898264,1.380815654339476,155.1705969974822,142.7,130.22940300251778,499589.2,0.5447635777554839,6.44979859750478,-2.0477815699658675,0.07292445718072305,0.6466205402973157,-0.6692544587434179,-0.6283397852270167
2026-08-24,144.0,146.0,144.0,145.0,146000,145.3,142.575,162.78034795125325,44.46248209383738,-2.984834189926829,-4.154695991657227,1.1698618017303977,154.93484585153115,142.575,130.21515414846883,484755.45,0.30118279227185585,5.9231587845041425,0.34843205574912606,-0.05119683229035665,-1.0215058314384073,-3.072360608307745,-3.793865052348333
2026-08-25,146.0,146.5,141.5,145.5,265183,145.2,142.975,162.16924489339192,46.913605684660325,-2.7274124629719267,-3.869239285920167,1.1418268229482402,155.2287856663899,142.975,130.72121433361008,465000.05,0.5702859601843053,5.800070946570258,1.388888888888884,-0.03142551921185843,0.9095610374029395,0.8063420389182951,2.8918859898291904
2026-08-26,149.0,152.0,146.0,146.0,361077,145.8,143.875,161.6981653849284,50.44648765695354,-2.2553309109363227,-3.5464576109233983,1.2911266999870756,155.0193873057689,143.875,132.7306126942311,424123.35,0.851349023815831,5.826728153694223,2.0547945205479534,0.09398842232435367,1.4681604395669012,0.9791739946976241,-2.0760151596919907
2026-08-27,149.0,150.5,148.0,149.0,167409,146.3,145.0,161.1779820760091,50.44648765695354,-1.8597646703279622,-3.2091190228043116,1.3493543524763494,152.80013495159477,145.0,137.19986504840523,401830.25,0.4166162204065025,5.383164399868327,0.0,-0.11305637616038089,0.3111269939336747,2.1578828253391746,3.522503353574913
2026-08-28,152.0,158.5,151.5,152.5,737068,148.0,145.8,160.76508661905925,53.99707888933303,-1.2893379613575746,-2.8251628105149647,1.53582484915739,152.9701134102414,145.8,138.62988658975863,413431.95,1.7828036754295356,5.932075813219217,2.0134228187919545,-0.4558916903721677,0.774831481905669,-2.927810631091654,-3.7177088142796744
2026-08-31,147.5,149.0,146.0,148.0,301237,148.7,146.175,160.3590306599935,48.39553814150035,-1.186703497504908,-2.4974709479129533,1.3107674504080453,152.83418439766012,146.175,139.5158156023399,404387.0,0.744922561803421,5.941132371456654,-2.960526315789469,-0.11023270076141456,-0.4381051578845385,2.038280836108508,-0.42539041444666914
2026-09-01,150.0,151.5,148.0,148.0,364326,149.5,146.6,160.19105682373046,51.41121923416924,-0.8933379945148943,-2.1766443572333416,1.2833063627184473,153.08561160528998,146.6,140.11438839471,397123.35,0.9174126880224999,5.6823147219291,1.6949152542372836,0.19604210375987474,1.7781860578235609,-1.943575223630134,-2.6289855486184677
2026-09-02,146.5,150.0,146.5,149.5,259209,149.0,146.625,159.88290990193684,47.24830809831513,-0.9325150164513047,-1.9278184890769343,0.9953034726256296,153.1047254652646,146.625,140.1452745347354,387406.55,0.6690878096924278,5.391339425671887,-2.3333333333333317,-0.04102653494677533,-1.6699071260597553,-0.4267105044421182,3.3074659142100282
2026-09-03,145.0,150.5,145.0,148.0,280100,148.2,146.725,159.63978652954103,45.54615411200127,-1.0722404323108492,-1.7567028777237175,0.6844624454128683,153.0285077953669,146.725,140.4214922046331,378632.15,0.7397681364353238,5.405827502248969,-1.0238907849829393,0.16164441336217195,-0.6651369315447186,1.8109002686002684,-0.5227089151055297
2026-09-04,145.0,147.5,143.0,147.5,187205,146.8,146.925,159.4457669576009,45.54615411200126,-1.169492647787024,-1.6392608317363788,0.4697681839493548,152.69493113157287,146.925,141.15506886842715,372287.05,0.502851227298935,5.285050501949106,0.0,-0.09708022272419958,1.5122200906831251,0.9911686522946717,4.43349558683217
2026-09-07,143.0,146.5,143.0,146.0,253001,145.9,146.975,159.07928670247395,43.14274102302784,-1.3919040115044083,-1.5897894676899846,0.1978854561855763,152.58021373834822,146.975,141.36978626165177,364977.45,0.6931962508916647,5.047043768355892,-1.379310344827589,-0.23473421241366754,1.6651381893682204,0.9911686522946717,4.43349558683217
2026-09-08,139.5,144.5,139.5,144.5,343131,143.8,146.85,158.40895411173503,39.240337485824995,-1.829498054171836,-1.6377311849863552,-0.1917668691854808,153.00672503510026,146.85,140.69327496489973,365859.0,0.937877706985478,5.0407712659084405,-2.447552447552448,-0.3671620448905233,-0.46588983968915976,-4.4366705353859555,-1.037735411977092
2026-09-09,138.5,141.0,137.5,139.5,370120,142.2,146.375,157.84471435546874,38.17778162502623,-2.2312654886927703,-1.7564380457276383,-0.474827442965132,153.54125865831185,146.375,139.20874134168815,358448.6,1.032560874836727,4.835335097120649,-0.7168458781361964,-0.0180897502252253,0.1646891802691508,-0.1406844000352958,0.6990822432745514
2026-09-10,137.0,138.5,136.0,138.0,233058,140.6,145.625,157.22273864746094,36.57780859276531,-2.640271136950588,-1.9332046639722285,-0.7070664729783596,153.42429146579062,145.625,137.82570853420938,324389.1,0.7184520071728675,4.523957084171229,-1.0830324909747335,-0.11174924474647296,-0.5147388760934346,-1.141173780895799,-0.9496651966175107
2026-09-11,133.5,135.5,132.5,135.5,318377,138.3,144.85,156.25599060058593,33.09285007048723,-3.2098308769024015,-2.188529906558263,-1.0213009703441385,154.16947592833841,144.85,135.53052407166157,318600.9,0.9992972399010799,4.520762806281732,-2.5547445255474477,0.5434767453688316,-1.6097760087677493,8.50791132462254,6.13613970203668
2026-09-14,133.5,136.0,132.5,134.0,187210,136.4,144.075,154.9700678507487,33.09285007048723,-3.619487871144969,-2.474721499475604,-1.1447663716693648,154.45856494911848,144.075,133.6914350508815,313106.6,0.597911382257672,4.384661098777501,0.0,0.13023751389060756,-0.6979172181896032,-5.897029025166978,-7.256850086873101
2026-09-15,132.5,135.0,132.0,132.5,161097,135.0,143.375,153.91299743652343,32.08006680456394,-3.9789685604102942,-2.775570911662542,-1.2033976487477522,154.89557655720648,143.375,131.85442344279352,300601.1,0.5359162025687864,4.200039618940501,-0.7490636704119868,0.13069434131136592,-0.7653989654031412,2.1632873542974718,2.0454580640286935
2026-09-16,136.0,136.0,133.5,134.0,200037,134.5,142.875,152.9715482076009,39.10463032806833,-3.936066324815755,-3.0076699942931846,-0.9283963305225704,154.77756496018853,142.875,130.97243503981147,282801.6,0.7073404110867831,4.106701003081768,2.6415094339622636,0.17592593539166312,0.7413735937723764,-9.016391733988439,-0.34998603017336594
2026-09-17,135.5,137.0,135.0,136.0,165124,134.2,142.325,152.16089324951173,38.49216559951573,-3.8974840453634556,-3.185632804507239,-0.7118512408562165,154.53489676235208,142.325,130.1151032376479,278606.35,0.59267852294106,3.825807536004199,-0.3676470588235281,0.2712983686560255,0.9577145306960189,2.552559484362882,1.6922116596734593
2026-09-18,136.0,137.0,135.5,137.0,162184,134.7,141.95,151.56317062377929,39.512409175590776,-3.78295395125852,-3.3050970338574954,-0.47785691740102454,154.46483330418368,141.95,129.4351666958163,273107.65,0.5938464191684121,3.515699864536973,0.36900369003689537,-0.026676874442554954,1.9286856204631775,2.4597367937197134,2.07220700834736
2026-09-21,137.5,139.0,135.5,137.0,258186,135.5,141.625,150.965896097819,42.58903188245249,-3.530453690050848,-3.3501683650961662,-0.18028532495468186,154.2527680654863,141.625,128.9972319345137,278716.95,0.9263376339329201,3.5136065492653765,1.1029411764705843,-0.13186898734366403,1.1404859900489006,2.486421520865978,0.3383593233799109
2026-09-22,139.5,142.0,139.5,139.5,354798,136.9,141.3,150.27919540405273,46.49665196668339,-3.1328486000442695,-3.306704412085787,0.17385581204151768,153.7874674015666,141.3,128.81253259843342,283197.7,1.2528279714136097,3.645125676029993,1.454545454545464,-0.22226247695271706,1.1404859900489006,2.486421520865978,0.3383593233799109
2026-09-23,141.0,148.0,141.0,141.5,1006535,137.9,140.9,149.65841471354167,49.2847131237038,-2.6659745426312043,-3.178558438194871,0.5125838955636666,152.84989539702858,140.9,128.95010460297144,315470.6,3.1905825772671053,4.2924422525593275,1.0752688172043001,-0.18557623162702708,1.1404859900489006,0.0,0.0
