Date,Close,High,Low,Open,Volume,MA5,MA20,MA60,RSI,MACD,MACD_signal,MACD_hist,BB_upper,BB_mid,BB_lower,Volume_MA20,Volume_ratio,ATR,pct_change,usdtwd_pct,twii_pct,onsemi_pct,vishay_pct
2023-12-20,89.5948486328125,91.43269168169071,89.5948486328125,90.32998865668972,1105463,91.21214599609375,92.50782623291016,83.83626988728841,48.81294095655389,1.6226105403399487,2.5497476855094123,-0.9271371451694637,96.84553975009216,92.50782623291016,88.17011271572817,3315622.85,0.33341035757429405,2.6427435281513887,-0.4085721363420114,-0.33465989557395215,0.33367432683415466,-4.2128862223521075,-1.8196871262284198
2023-12-21,88.49214172363281,89.87052394979024,88.3083532203231,89.13538395818047,956410,90.07268371582032,92.43431282043457,84.0093334197998,45.8235174794789,1.25912474635372,2.291623097678274,-1.0324983513245538,96.99762987004999,92.43431282043457,87.87099577081915,2741227.3,0.34889846602651303,2.4986671549934893,-1.2307704360313476,0.12791495872452874,-0.5186161111112364,3.0553202080549235,1.0109396574011775
2023-12-22,89.31916046142578,89.68673043669871,88.49213678057941,89.31916046142578,536638,89.55808715820312,92.36539344787597,84.21915372212727,48.377015427065494,1.0259664338938137,2.038491764921382,-1.0125253310275681,97.07833578795216,92.36539344787597,87.65245110779979,2636281.35,0.20355869831571657,2.3247906884769303,0.9345674335420773,-0.3736782960108931,0.30147861455658287,0.4303653362638382,1.5846775269031443
2023-12-25,88.67591857910156,90.05430073318087,88.67591857910156,90.05430073318087,510218,89.20889587402344,92.38836631774902,84.42897402445475,46.539666567455505,0.7802878744433173,1.786850986825769,-1.0065631123824517,97.01993310804677,92.38836631774902,87.75679952745126,2500725.85,0.20402796252136154,2.19860288389058,-0.7201611378803929,-0.36226354270691985,0.04665088698287967,0.4303653362638382,1.5846775269031443
2023-12-26,89.5029525756836,90.42187404563761,88.76781259539462,88.85970334022713,411031,89.11700439453125,92.22296028137207,84.65564130147298,49.21057839492391,0.6448867250348655,1.5584581344675883,-0.9135714094327227,97.02414325098611,92.22296028137207,87.42177731175802,2288573.85,0.17960137052164604,2.1382498949099755,0.9326477919078924,0.127733444468503,0.8343763777672208,1.7378872126501355,0.1641946906407732
2023-12-27,89.5029525756836,90.51376479047012,89.31916407520413,90.51376479047012,658021,89.09862518310547,91.96566200256348,84.8562723795573,49.21057839492391,0.5314540669509142,1.3530573209642536,-0.8216032540133393,96.77098957901376,91.96566200256348,87.1603344261132,2050585.4,0.32089421879235075,2.0124300042907777,0.0,-0.5678033131921834,0.7873572184754041,-0.4913983420460899,-0.8196772823554466
2023-12-28,89.31916046142578,91.24890107890508,89.31916046142578,89.41105821335464,1118254,89.26402893066407,91.58430900573731,85.05843505859374,48.584969804617906,0.4218643904833641,1.1668187348680756,-0.7449543443847115,95.91224709799206,91.58430900573731,87.25637091348256,1643868.75,0.6802574718936655,2.0014047527159136,-0.20534754325830518,-0.31445393355279405,0.1054642742363665,-0.08230416497647663,-0.5371859828566694
2023-12-29,89.68673706054688,89.77862780844819,88.58403406410171,89.1353855623243,758393,89.33754425048828,91.31322746276855,85.28050778706869,49.95524705785513,0.36051831123801037,1.0055586501420626,-0.6450403389040522,95.38326076451038,91.31322746276855,87.24319416102672,1518919.25,0.4992977737295778,1.8938299515999888,0.4115316324315943,-0.4788328985291246,0.11413168589380351,-1.7062891508092815,-0.41544915609637023
2024-01-02,88.67591857910156,90.51376145120729,88.49213709621665,90.42187070976485,616243,89.33754425048828,91.03755073547363,85.47960739135742,46.300837626700876,0.22771158041780382,0.8499892361972109,-0.6222776557794071,95.03353117759072,91.03755073547363,87.04157029335654,1449741.45,0.42507096696448876,1.9108692053854084,-1.1270545841832957,-0.044000291677548375,-0.4297116466016604,-2.490125537473631,-1.9190623170008303
2024-01-03,86.654296875,88.12456981549968,86.47050837567855,87.94078131617822,1024122,88.76781311035157,90.7297119140625,85.63429260253906,39.99863122203199,-0.04020324867641989,0.6719507392224848,-0.7121539878989047,95.08304266196849,90.7297119140625,86.37638116615652,1409493.85,0.7265884842278666,1.9501413384570891,-2.279786594258071,0.6860424901047546,-1.649228076412912,-2.627378109060352,-1.786479776460892
2024-01-04,84.6326675415039,87.48132274873694,84.6326675415039,86.37861976878047,1006100,87.79375610351562,90.27484550476075,85.75834706624349,34.88500596085295,-0.4109194490869612,0.4553767015605956,-0.8662961506475568,95.17497974495139,90.27484550476075,85.37471126457011,1368899.25,0.7349700863668381,2.0699431876272154,-2.3329822136948675,0.5275459898703483,-0.055014439343803456,-3.9213222873369924,-1.8189666660113013
2024-01-05,85.45970153808594,85.91916229904338,84.72456151622808,84.72456151622808,503894,87.02186431884766,89.9072769165039,85.84258168538412,38.356962762335705,-0.630709549976558,0.2381594512531649,-0.8688690012297229,95.10048656391086,89.9072769165039,84.71406726909694,1294266.85,0.3893277495286231,1.9654833969488497,0.9772042174807316,0.03898027981255048,-0.17384828156632448,-0.6561680052816987,-0.8381288413830679
2024-01-08,85.000244140625,87.57322730812672,85.000244140625,86.28673572437586,657846,86.08456573486328,89.56268196105957,85.92375335693359,37.1711771094608,-0.8323740704142892,0.024052746919674073,-0.8564268173339633,95.10427850540465,89.56268196105957,84.02108541671448,1156084.25,0.5690294630343766,2.046483366355899,-0.5376304728330616,-0.3284639253521182,0.3054917612432817,2.9590562529290487,1.7348982304391747
2024-01-09,84.26509857177734,85.91916007268975,84.08131707648248,85.91916007268975,548625,85.20240173339843,89.08943710327148,86.03861859639485,35.291246753583636,-1.039531685133511,-0.18866413949096295,-0.8508675456425481,94.74792509298199,89.08943710327148,83.43094911356097,1038204.95,0.5284361242931851,2.0186646503360817,-0.8648746556909059,-0.7463136321570363,-0.21152131518220596,-1.167569455484041,-2.536076791611952
2024-01-10,83.80563354492188,84.54077351020591,83.254282076366,84.26509427052082,554193,84.6326690673828,88.6161922454834,86.06618614196778,34.12945419950073,-1.2266406254731237,-0.39625943668739516,-0.8303811887857285,94.38444715864966,88.6161922454834,82.84793733231714,889281.8,0.62319165870706,1.9210415548032593,-0.5452613651950933,1.1070581272880409,-0.3983884913753566,-1.84343527385199,0.4486254114496546
2024-01-11,84.26509857177734,84.81645707929125,83.34617707367372,84.35699633023943,476383,84.5591552734375,88.16592063903809,86.10141143798828,36.384770050666134,-1.32260465777955,-0.5815284809058261,-0.741076176873724,93.80898609639203,88.16592063903809,82.52285518168415,858234.1,0.5550734933510566,1.86094001491183,0.5482507647999402,0.18254264271539977,0.45626438441657147,-1.5606405179875549,0.9379128899244416
2024-01-12,83.34617614746094,84.17320688872648,83.25428540083468,84.0813161421002,465124,84.1364501953125,87.62375679016114,86.14276288350423,33.88588640781312,-1.4560220883607684,-0.7564272023968146,-0.6995948859639538,92.90187552229688,87.62375679016114,82.3456380580254,814288.1,0.5712032387554233,1.7475897690492752,-1.0905136763516232,-0.7192046382251016,-0.18517891834584077,-1.2898012636524236,-0.8406981165444583
2024-01-15,84.08131408691406,84.54077481962945,83.2542833658635,83.62185335419869,565044,83.95266418457031,87.23321533203125,86.21321334838868,37.579314144412905,-1.485315087653376,-0.9022047794481269,-0.5831103082052491,92.3344510366948,87.23321533203125,82.1319796273677,770629.4,0.7332240373907354,1.686109993678165,0.8820295944381051,0.587818268824547,0.19408761589856383,-1.2898012636524236,-0.8406981165444583
2024-01-16,82.7948226928711,84.54077488061182,82.05968972648485,84.54077488061182,1096175,83.65860900878906,86.8518627166748,86.28213246663411,33.99972216083738,-1.5939648696706286,-1.0405567974926273,-0.5534080721780013,92.08798340887222,86.8518627166748,81.61574202447738,754061.3,1.4536948123448319,1.792106681738006,-1.5300562414059526,0.38422436149399,-1.1395293752028635,0.44916540842754316,-0.5354731732666984
2024-01-17,81.60023498535156,83.5299688036858,79.94617342059941,82.6110472701157,1185525,83.217529296875,86.43375396728516,86.33114178975423,31.042790604073318,-1.7562192468404447,-1.1836892873621907,-0.572529959478254,91.95192205781407,86.43375396728516,80.91558587675624,737685.1,1.6070881735309552,2.030998508584458,-1.4428289942124528,0.8430854010390787,-1.066936498019444,-2.073179329841457,-2.512345752767764
2024-01-18,80.8650894165039,82.33536236736836,80.68130792670127,81.60022939734336,410037,82.53752746582032,85.99726600646973,86.34798851013184,29.35106562012595,-1.921971818527254,-1.3313457935952033,-0.5906260249320507,91.83445028088063,85.99726600646973,80.16008173205883,702913.8,0.5833389527990487,1.9807392995288098,-0.9009110929394049,0.2686100789593082,0.3845752896719512,1.3145214082805223,2.2089193918052974
2024-01-19,80.68131256103516,81.50833632346573,79.94617253796928,81.23266407292715,696116,82.00455474853516,85.60672454833984,86.38321393330892,28.926671241020045,-2.044592393720677,-1.473995113620298,-0.5705972801003791,91.77676975474877,85.60672454833984,79.43667934193091,689899.1,1.0090113177419713,1.924929230991162,-0.22726352842100672,0.12079320549103212,2.6337127016353046,0.8877376605330056,0.4502595960418132
2024-01-22,82.33536529541016,82.33536529541016,80.68131079592095,81.32455304391986,621411,81.65536499023438,85.25753479003906,86.43681780497234,37.66310405641799,-1.98541522004777,-1.5762791349057925,-0.4091360851419774,91.33269328466258,85.25753479003906,79.18237629541554,694137.75,0.8952272081442048,1.8888126001242347,2.050106377636962,-0.6231681074182815,0.7554784976987472,1.7869224932244743,1.613629054692245
2024-01-23,82.51914978027344,83.07050125322826,81.69211906543403,82.61104052396351,600378,81.60023040771485,84.94969635009765,86.50726839701335,38.566702531251984,-1.9017646524796419,-1.6413762384205624,-0.26038841405907953,90.91854496728119,84.94969635009765,78.98084773291411,698645.75,0.8593453835509627,1.8207552118135675,0.22321451323363828,-0.05034596135321534,0.3339315281947419,2.0747406675633684,0.4411143533090689
2024-01-24,83.71375274658203,83.98943201901592,82.51915892460384,82.51915892460384,725737,82.02293395996094,84.66023635864258,86.63132298787436,44.22598832624998,-1.7192579637394942,-1.6569525834843488,-0.062305380255145426,90.24873306306239,84.66023635864258,79.07173965422277,714381.05,1.0158962083330738,1.7740254820707566,1.4476675650312743,0.0860763428329081,0.006938533336109387,-2.0846885656300884,-1.0540054982422054
2024-01-25,82.15158081054688,84.35699374045161,82.15158081054688,84.35699374045161,736255,82.28023223876953,84.29266777038575,86.7186206817627,39.14732092826482,-1.6812934137408604,-1.6618207495356514,-0.01947266420520899,89.49363877651761,84.29266777038575,79.09169676425388,718292.75,1.0250068652370499,1.8315438084486209,-1.8660875719717862,-0.328079755907984,0.709276503221834,-3.2734518090801634,-1.2872010829558023
2024-01-26,83.16239166259766,83.98942237411232,81.87590022366533,82.24347020776233,597946,82.77644805908203,83.98482933044434,86.80898119608561,43.65596467083319,-1.5517545853590775,-1.6398075167003368,0.08805293134125924,88.63251301807136,83.98482933044434,79.33714564281732,692277.35,0.8637376334788363,1.869140920715071,1.2304216694038361,0.07350350663963834,-0.04215966405062277,-1.3481955207300333,-0.49461381701702
2024-01-29,82.88671875,83.98942878647995,81.8759064746712,83.80564027499253,768006,82.88671875,83.64482841491699,86.87177429199218,42.72620769233665,-1.4545712389382857,-1.6027602611479266,0.14818902220964092,87.45580038706063,83.64482841491699,79.83385644277334,692758.0,1.1086209036921983,1.9017251061942284,-0.33148747539164525,-0.13380371723147322,0.6924221152651233,1.8267990173177928,0.9037746413023573
2024-01-30,81.9677963256836,82.88671784059402,81.60023332837126,82.70293634193784,570410,82.77644805908203,83.30942230224609,86.91006266276041,39.69165616532102,-1.4351584829821462,-1.5692399055147705,0.13408142253262434,86.36116151987717,83.30942230224609,80.25768308461501,690466.35,0.8261228081571246,1.8196931482521632,-1.108648572623594,-0.2817131452696353,-0.46910447933337096,-0.6162653641876292,-0.04478037152347847
2024-01-31,81.60023498535156,82.51915651892168,81.32455572095456,81.78401648773962,422795,82.35374450683594,83.05671920776368,86.94681955973307,38.51337902261735,-1.432915108934921,-1.5419749461988008,0.1090598372638798,85.75928101373064,83.05671920776368,80.35415740179671,660400.0,0.64021047849788,1.7363475015474896,-0.4484216446073441,-0.0830523890604784,-0.804398568682585,-1.9842944019041409,-2.643379239916721
2024-02-01,81.23265838623047,82.15157984532625,81.14076764248375,81.78400985952507,355321,82.16996002197266,82.88671875,86.9621348063151,37.32022849253737,-1.4441503125721482,-1.5224100194734702,0.078259706901322,85.59960507907643,82.88671875,80.17383242092357,627861.05,0.565922985666972,1.639609461720158,-0.4504602213303399,0.2756859522162314,0.43907634242430493,-1.3215167275527295,1.196511931507338
2024-02-02,80.77320098876953,81.69212248577303,80.77320098876953,81.41644323234613,379295,81.69212188720704,82.65239372253419,86.98357645670573,35.82617504276726,-1.4731471412868444,-1.512557443836145,0.03941030254930067,85.23604172052137,82.65239372253419,80.068745724547,621631.1,0.6101609137638062,1.5435177330912697,-0.5656067480598659,-0.035210710893140984,0.5110182189104195,0.9118098979732814,-0.3183459224452956
2024-02-05,80.3137435913086,80.95698586172406,79.48671280733518,80.95698586172406,635056,81.17752685546876,82.41806869506836,87.02033335367838,34.345445706821366,-1.5157293249344264,-1.5131918200558014,-0.002537504878624919,84.95479240567396,82.41806869506836,79.88134498446276,620491.6,1.0234723564348012,1.5337517759309516,-0.5688240553012314,0.29391269736438463,0.2001149817599579,9.543970538021496,-1.2317495908557907
2024-02-15,82.15158081054688,82.70293229031945,80.49751936041471,80.58941010524107,913612,81.2142837524414,82.31239280700683,87.10456771850586,44.26805545413524,-1.3852100687084175,-1.4875954697863247,0.10238540107790728,84.69665006460943,82.31239280700683,79.92813554940423,638740.95,1.4303325941447782,1.6478100323416058,2.288322193758585,-0.3927712441166409,3.0310448098840537,-1.285656233506005,2.907264404108889
2024-02-16,83.43807220458984,83.9894236839265,82.70293222493135,82.88671371443876,1472193,81.58185119628907,82.29401473999023,87.19799156188965,49.968268798934695,-1.1645394283375197,-1.4229842614965638,0.2584448331590441,84.63508394341773,82.29401473999023,79.95294553656274,684640.95,2.1503139711406396,1.673147744480009,1.5659971254963434,-0.26288406984117385,-0.20016719009597894,-2.4559703416997647,-0.0896902695421975
2024-02-19,83.62185668945312,84.17320818853933,83.25428668645743,83.43807519336262,732105,82.0596908569336,82.26185264587403,87.22862218221029,50.74333458327258,-0.9637173502989924,-1.3311308792570495,0.3674135289580571,84.50450983802878,82.26185264587403,80.01919545371928,697427.05,1.0497226914270101,1.5725842454935943,0.22026453872596718,0.2255126060222823,0.15343901570623597,-2.4559703416997647,-0.0896902695421975
2024-02-20,82.33536529541016,83.62185680222268,82.33536529541016,83.5299660540535,630090,82.37212371826172,82.21131210327148,87.231685256958,45.43710090701344,-0.8980216755736876,-1.2445090385203772,0.3464873629466896,84.39588665232907,82.21131210327148,80.0267375542139,705675.35,0.8928893435203596,1.534438547002785,-1.538463082469721,0.21989185165642855,0.6297522514733034,-1.4877901551704764,-1.9748757716502197
2024-02-21,82.51914978027344,83.07050125322826,81.87590055281419,82.7029312676536,405008,82.81320495605469,82.13320388793946,87.22862218221029,46.30099450223645,-0.8216559695112124,-1.1599384247185442,0.3382824552073318,84.14079878639048,82.13320388793946,80.12560898948844,697673.55,0.5805121894043425,1.4891268341242898,0.22321451323363828,-0.07738215560203487,-0.40979551571411754,0.19362530465383276,-1.923083496489586
2024-02-22,81.87590026855469,83.0705009648213,81.78400952518365,82.79482172389383,532209,82.75806884765625,82.08725776672364,87.10916226704916,43.693434541593724,-0.8037750386932601,-1.0887057475134876,0.28493070882022753,84.0730399591991,82.08725776672364,80.10147557424818,669475.25,0.7949644142931348,1.4621087815260723,-0.7795154378487323,0.15456807377836057,0.9448801440578247,0.9533597495294144,0.4668658001962367
2024-02-23,80.68131256103516,82.51915560788503,80.68131256103516,82.51915560788503,720536,82.20671691894532,82.04131164550782,87.00501797993978,39.27028797884302,-0.8759006788096002,-1.0461447337727101,0.1702440549631099,84.11511271506724,82.04131164550782,79.9675105759484,646225.8,1.1149910758747175,1.5122066835692451,-1.4590223785036383,0.08814408362198822,0.19312885212652287,-2.769267677441356,0.8828798269174154
2024-02-26,81.41644287109375,81.50833361822345,80.31373988390821,80.31373988390821,389432,81.76563415527343,82.06887931823731,86.85799051920573,43.08838555549262,-0.863784723354101,-1.0096727316889884,0.14588800833488746,84.09085617182667,82.06887931823731,80.04690246464794,645195.55,0.6035875479922327,1.469858290335377,0.9111531366107428,0.4705245996972307,0.31161383748661287,1.8112576574324857,0.5527479498716348
2024-02-27,80.8650894165039,82.24347162246704,79.94616794586182,81.60022939734336,576027,81.4715789794922,82.07806816101075,86.70636850992838,41.00607976144496,-0.8884310768721377,-0.9854244007256183,0.09699332385348058,84.07500973348104,82.07806816101075,80.08112658854046,639191.1,0.9011811960460652,1.5801843418380233,-0.6772016009871651,-0.16865689324997435,-0.494196611994846,-0.7734929437689941,-0.3206515178934666
2024-02-29,80.49752807617188,81.04887961564127,80.22185581184478,80.86509810608987,421372,81.06725463867187,81.98617630004883,86.53636817932129,39.63107394131551,-0.9269374598900129,-0.9737270125584974,0.0467895526684845,84.09904201030697,81.98617630004883,79.87331058979068,629189.15,0.6697063991011288,1.4797629367658192,-0.45453649156173004,0.2277027285789046,0.5959315304422619,3.203866757071383,-0.5487223325505663
2024-03-01,81.14077758789062,81.41644985291984,80.49752828119205,80.68131680202673,522029,80.92023010253907,81.9172576904297,86.41844011942545,43.219389779199894,-0.8952295372752985,-0.9580275175018576,0.06279798022655902,84.04677950121439,81.9172576904297,79.787735879645,625271.7,0.8348834594625025,1.4049841154301053,0.7990922542491896,-0.10426928511686473,-0.16259934881998062,2.8129767767489433,3.4023000618559562
2024-03-04,80.22184753417969,81.50833198992439,80.03805903277724,81.50833198992439,874955,80.82833709716797,81.74266242980957,86.2086196899414,39.59828369371318,-0.9334900633030827,-0.9531200266621027,0.01962996335902001,83.82405624104598,81.74266242980957,79.66126861857316,632732.6,1.38281953545621,1.4136892943257104,-1.132513245532507,-0.17586998206308158,1.9506877426717306,-1.5528742244373395,1.6007144031102483
2024-03-05,80.40562438964844,80.77319436044964,79.94616367885044,80.22184290965487,461529,80.62617340087891,81.65536460876464,85.97123146057129,40.66891019028856,-0.9381679335347144,-0.950129608036625,0.011961674501910657,83.80972318838154,81.65536460876464,79.50100602914775,618996.3,0.7456086571115207,1.3354681459621753,0.22908579285767505,-0.1584294895698446,0.4227301850537213,-3.6179262506481624,0.0
2024-03-06,79.39482116699219,80.49752419273332,79.30293041664957,80.49752419273332,701285,80.33211975097656,81.46698608398438,85.67870814005533,36.8047665606306,-1.0117754344291114,-0.9624587733151223,-0.049316661113989135,83.72298094981657,81.46698608398438,79.21099121815219,624163.25,1.1235602224257837,1.316684896645052,-1.257129995978712,0.09901968214427459,0.5804392720889506,0.8182944542059367,0.8315265754554879
2024-03-07,77.64887237548828,79.39482475414158,77.18941159220137,79.39482475414158,1073795,79.76238861083985,81.2050937652588,85.38771654764811,31.276830298148013,-1.1971928907549056,-1.009405596803079,-0.18778729395182658,83.9337250273251,81.2050937652588,78.4764625031925,639452.7,1.6792407006804413,1.435181998684407,-2.199071382542228,-0.2425451004595569,0.9952604831186207,6.879665226661902,1.8229051044968303
2024-03-08,77.465087890625,78.47590017286213,76.72994786128078,77.37319012884579,652002,79.02725067138672,80.97995834350586,85.10897712707519,30.753215967009822,-1.343480624380959,-1.0762206023186551,-0.2672600220623038,84.15081229670973,80.97995834350586,77.80910439030198,643532.3,1.0131612663420313,1.4766180404039992,-0.23668661146107883,-0.09280926429229286,0.4661471561968833,-4.83365740174051,-1.0230225879252375
2024-03-11,78.10832977294922,78.5677905363195,77.46508750855676,77.46508750855676,306400,78.60454711914062,80.80536308288575,84.86393140157064,34.863424576778655,-1.3914704578412511,-1.1392705734231745,-0.2521998844180766,84.20845247493448,80.80536308288575,77.40227369083702,637712.55,0.4804672575441709,1.4267627053851653,0.8303635867972226,0.05789736572445747,-0.2994150887593805,3.356556843968206,-0.1722646374109571
2024-03-12,79.48670196533203,80.40562337533588,78.10831985032628,78.84345978265493,832396,78.42076263427734,80.71806526184082,84.62654317220053,42.710632430525294,-1.3032565005292867,-1.1720677588443968,-0.1311887416848898,84.16430502422742,80.71806526184082,77.27182549945422,661566.3,1.2582200755993767,1.5428348146684228,1.7646929545025003,-0.28868258741585606,0.9554392072756546,1.2132326988749886,0.2588384986862202
2024-03-13,77.74076080322266,79.94617389915545,77.64887005147857,79.94617389915545,628708,78.08995056152344,80.56644325256347,84.37537129720052,36.682331187715995,-1.3585684329399754,-1.2093678936635126,-0.14920053927646282,84.26039898681188,80.56644325256347,76.87248751831507,674036.95,0.9327500517590319,1.643430685736218,-2.1965198189640156,0.11670135758301559,0.07009439745004897,-3.269157365252817,-2.247184670606117
2024-03-14,77.74076080322266,78.56779159054933,76.8218392641519,77.74076080322266,381129,78.10832824707032,80.43779411315919,84.1395149230957,36.682331187715995,-1.3864217311769522,-1.2447786611662006,-0.1416430700107516,84.34203822102604,80.43779411315919,76.53355000529233,661340.6,0.5762975991493642,1.6571002378243795,0.0,0.02484507667166458,0.047219568149703406,-3.404682990967156,-2.077804497861324
2024-03-15,77.37318420410156,78.5677849076073,77.00562122838998,77.74075419062751,485009,78.08994750976562,80.19887428283691,83.86690139770508,35.46028183497032,-1.4217667877748283,-1.2801762864879263,-0.1415905012869021,84.24383072915086,80.19887428283691,76.15391783652296,639910.45,0.7579326138524539,1.644442030010105,-0.47282351667680134,0.38016886083072077,-1.2810760745144978,-2.9804269495095626,0.13543054160063406
2024-03-18,78.01643371582031,79.48670665643543,77.64886372796293,77.83264521648442,688305,78.07156829833984,79.92779235839843,83.61266644795735,39.272960634075616,-1.3819429618067005,-1.300529621551681,-0.08141334025501945,83.78085349433113,79.92779235839843,76.07473122246574,600716.05,1.1458075741442233,1.70698608631994,0.8313597512310311,0.24646821955720544,1.0026653594563673,-1.4024349048200713,-3.426508376877513
2024-03-19,77.74076080322266,78.20022157275804,77.64887005147857,78.01644006926986,352449,77.72238006591797,79.63373756408691,83.35383694966634,38.23061032594391,-1.3569843223886693,-1.3118205617190788,-0.04516376066959049,83.18565363282856,79.63373756408691,76.08182149534527,581733.25,0.6058601601335319,1.5529014776478776,-0.3533523636850777,0.11802450064548609,-0.1139364284441946,0.29802387105475336,0.32679916332511993
2024-03-20,77.37318420410156,78.10832417715346,77.37318420410156,78.10832417715346,346600,77.64886474609375,79.38562850952148,83.0735658009847,36.82706759376471,-1.3512879738014476,-1.3197140441355528,-0.031573929665894784,82.8347064608348,79.38562850952148,75.93655055820817,567558.75,0.610685677914401,1.443866610368414,-0.47282351667680134,0.2825426998389391,-0.36636586659868353,2.0664488930010494,0.837604760190902
2024-03-21,77.18939971923828,77.92453966374714,77.0975089788782,77.92453966374714,418120,77.53859252929688,79.11914100646973,82.82852007548014,36.11318648038913,-1.346086600067764,-1.324988555321995,-0.02109804474576893,82.36651443747772,79.11914100646973,75.87176757546175,568214.35,0.7358490682257497,1.361621820301818,-0.23752994884956857,0.10021719335595591,2.0957905899499973,0.2778868404402557,2.768811704172447
2024-03-22,78.3840103149414,78.47590106695264,77.18940950635047,77.18940950635047,577436,77.74075775146484,78.94454650878906,82.62788899739583,43.74645979619332,-1.2313748597352259,-1.3062658162046412,0.07489095646941535,81.93301005291153,78.94454650878906,75.95608296466659,570475.7,1.012200870256174,1.3516057572901574,1.5476355562399569,0.3803263646266597,0.14525329595025394,-1.4515683449992545,-1.1674999465508873
2024-03-25,78.2921142578125,79.4867150924294,78.10833274978611,78.47590277665402,395140,77.79589385986328,78.82508659362793,82.43338406880697,43.317694019168826,-1.1347989667700347,-1.27197244631772,0.13717347954768533,81.71046684876104,78.82508659362793,75.93970633849482,554205.9,0.7129841093355376,1.3551759686705755,-0.11723826933538462,0.16309646746559547,-0.17885564059555437,-1.5265122991294788,2.271691300296008
2024-03-26,77.09751892089844,78.65968274090915,76.82183965345419,78.47590123648965,473591,77.66724548339843,78.60914039611816,82.22509524027507,38.091199811171364,-1.1414972659184315,-1.2458774102378625,0.10438014431943099,81.3190616916194,78.60914039611816,75.89921910061693,558413.85,0.8481003828970216,1.419531584508493,-1.5258182107335982,-0.6294041552667218,-0.3256683411952621,-0.8838747862208174,-1.5992825915096542
2024-03-27,77.74076080322266,78.38401008706116,77.1894092819432,77.37319078543136,333945,77.74076080322266,78.4529239654541,82.04590555826823,42.13943727455491,-1.0824239624912337,-1.2131867206885367,0.130762758197303,80.9685239023821,78.4529239654541,75.9373240285261,546309.75,0.611274098622622,1.4017928620623898,0.8343224157241425,0.4767770651749492,0.36583082987935445,3.731652138125008,3.2957002344911057
2024-03-28,81.32455444335938,82.9786159821265,78.10832912639036,78.10832912639036,3296740,78.56779174804687,78.49427528381348,81.91266212463378,58.443771826523296,-0.7379194718466096,-1.1181332709201512,0.3802137990735417,81.17327004635376,78.49427528381348,75.8152805212732,690078.15,4.7773429719518,1.9132678376412502,4.609928695202781,0.29512331100887135,-0.2651883338017913,-2.7245040893594696,-0.874119365546322
2024-03-29,79.9461669921875,81.78400991154814,79.9461669921875,81.78400991154814,949000,78.88022308349609,78.43454475402832,81.7671662648519,52.33535582824451,-0.5695560411290899,-1.008417824961939,0.43886178383284924,80.91068231579467,78.43454475402832,75.95840719226197,711426.7,1.3339392519285544,1.9032111818705022,-1.6949216145191293,0.12101572572218444,0.7341129462103524,-2.7245040893594696,-0.874119365546322
2024-04-01,81.6921157836914,82.05968575450002,79.57859370965244,80.86508510207555,1009209,79.56022338867187,78.5080581665039,81.63698565165201,58.28303997449565,-0.29187873692981725,-0.8651100073555147,0.5732312704256974,81.2775424493658,78.5080581665039,75.738573883642,718139.4,1.405310723795408,1.98026196360078,2.1839055669479635,-0.26266618358599114,-0.35536387239506473,0.4078795512111322,-0.7054939613681643
2024-04-02,81.78401947021484,83.25429257538151,81.78401947021484,82.70294103729591,1832357,80.49752349853516,78.57697792053223,81.50833676656087,58.5760544783739,-0.0636676918438468,-0.7048215442531811,0.6411538524093343,81.60209632305629,78.57697792053223,75.55185951800817,786680.8,2.329225525778689,1.9245172740126903,0.11250006887664199,0.25364619011380984,1.207774937069206,-4.563297477072304,-2.397850299770321
2024-04-03,80.77320098876953,81.78401323331045,80.49752173534263,81.78401323331045,581247,81.10401153564453,78.6458969116211,81.36590410868327,54.077069548973135,0.035220600707560834,-0.5568131152610328,0.5920337159685937,81.80911988667773,78.6458969116211,75.48267393656445,780678.9,0.7445404250070035,1.8394480021272934,-1.235960873521802,0.07497134359799595,-0.6301529819396801,0.35471053929143626,0.955419252211609
2024-04-08,80.0380630493164,81.23266383053009,79.85428154950576,80.95698456999929,433007,80.84671325683594,78.7653564453125,81.20509287516276,51.008624290123834,0.05365232647429252,-0.43472002691396777,0.4883723533882603,81.95042225732853,78.7653564453125,75.58029063329649,748639.5,0.5783918695179723,1.7779725726468982,-0.9101260448441728,0.19719823058421682,0.39384986878232553,-0.8222730775152898,0.5938698759691219
2024-04-09,79.2110366821289,80.4056375297542,79.02725517210128,80.0380674988837,591311,80.69968719482422,78.8526538848877,81.04734484354655,47.727595870837355,0.0015081013993949455,-0.34747440125129525,0.3489825026506902,81.98289940334651,78.8526538848877,75.7224083664289,745604.95,0.7930620632279869,1.7246938773143685,-1.0332913312481318,-0.1195805343893186,1.85378379779646,3.1854580965908985,2.2706415468776386
2024-04-10,79.48670196533203,80.68130260266261,79.02724126033011,79.48670196533203,560108,80.25860443115235,78.92157249450683,80.92788492838541,48.907298774067975,-0.01737242957358376,-0.281454006915753,0.26408157734216925,82.04350101007013,78.92157249450683,75.79964397894354,758290.35,0.7386458234632685,1.7152762059834523,0.3480137298409014,-0.33236826467953895,-0.1570956381565347,-2.410486362592179,-3.4635833505281877
2024-04-11,79.67049407958984,81.50833714496275,79.48671257737851,80.40563411006497,849013,79.83589935302734,78.93076210021972,80.84518203735351,49.722017129383254,-0.01730541276462816,-0.22862428808552804,0.21131887532089988,82.06076637504813,78.93076210021972,75.80075782539132,759121.2,1.1184156100501474,1.7561240691364215,0.23122372637622846,0.6782125595073074,-0.04964759893468784,1.978903727801562,1.2879649660074488
2024-04-12,78.65967559814453,80.31373703098141,78.47589411041349,80.31373703098141,508439,79.41319427490234,78.97670783996583,80.73184827168782,45.43125576295532,-0.09769078657357966,-0.20243758778313836,0.1047468012095587,82.05978786852393,78.97670783996583,75.89362781140773,753107.75,0.6751211894977843,1.767019915993955,-1.2687488550472859,0.1289503566611172,-0.08023039345643745,-5.609063980255213,-1.8165260102143366
2024-04-15,77.74076080322266,78.38401008706116,77.64887005147857,78.20022157275804,506132,78.9537338256836,78.97670783996583,80.61085688273111,41.89206369878172,-0.23286123930570568,-0.20852231808765184,-0.02433892121805384,82.05978786852393,78.97670783996583,75.89362781140773,759357.9,0.6665262849046543,1.6661913334168896,-1.1682158462188563,0.09155415847534876,-1.3830675802599668,-1.5006002538399454,-0.9250717354782112
2024-04-16,75.3515625,77.2812962350322,75.25967175277268,77.2812962350322,1041113,78.18183898925781,78.87562675476075,80.4622979482015,34.39053238772371,-0.5267016439619852,-0.2721581832625185,-0.25454346069946665,82.29435565570508,78.87562675476075,75.45689785381641,787163.1,1.3226140808683742,1.774844362354635,-3.073289068099283,0.4179325060941874,-2.678800819309357,-1.4015816232478495,-0.42018509115280267
2024-04-17,76.72994232177734,77.09751230991282,75.44345086871041,75.44345086871041,382098,77.63048706054687,78.8113021850586,80.34436976114908,40.95912529038591,-0.6409599621809718,-0.3459185390462092,-0.29504142313476267,82.344590668779,78.8113021850586,75.27801370133818,771852.75,0.4950400189673484,1.7709917553623926,1.8292650822965273,0.33683409634026606,1.5645148817386545,-0.38627934994541757,-1.1251431022928915
2024-04-18,75.3515625,76.63805399362634,75.3515625,76.63805399362634,516219,76.7667007446289,78.69184226989746,80.19581082661946,36.97279898083587,-0.8331304256318646,-0.4433609163633403,-0.3897695092685243,82.52625520321591,78.69184226989746,74.85742933657902,780041.25,0.6617842325646239,1.718643497551053,-1.7964040895494526,-0.4920221304314132,0.4347088791672782,-2.388709301021086,-0.04741880886390826
2024-04-19,73.42182922363281,75.62724222493877,71.76776771994967,75.35156297072002,962206,75.71913146972656,78.49427452087403,80.03040504455566,32.24178422904191,-1.1281358030812925,-0.5803158937069308,-0.5478199093743616,82.96856247209104,78.49427452087403,74.01998656965702,810821.55,1.186705015425404,2.0040876318761254,-2.5609731402280955,0.2408928500440055,-3.8129771043774907,-3.527731145617896,-0.8539053686059783
2024-04-22,71.95155334472656,73.32993553898712,71.49209261330638,73.14614703993041,695452,74.56128997802735,78.23238220214844,79.8282423655192,29.17828379306384,-1.4636960885389527,-0.7569919326733352,-0.7067041558656175,83.56004981848258,78.23238220214844,72.9047145858143,824688.15,0.8432908851667142,1.994174162336166,-2.0025051057063536,0.2717815335421703,-0.59352553064973,-0.09882648574951469,0.6698697325461689
2024-04-23,72.87047576904297,72.96236651437657,71.95155429407806,72.59479652222771,245724,74.06507263183593,77.95670547485352,79.6628365834554,33.43532077889245,-1.6366147958490416,-0.9329165053084766,-0.703698290540565,83.79724072333335,77.95670547485352,72.1161702263737,808102.55,0.3040752686648495,1.8630593633113448,1.277140494679463,0.2430425847365969,0.9688138454874373,1.6982666997252815,2.5665386078847163
2024-04-24,74.06507110595703,74.34075035882427,73.23804035816994,73.4218288636863,399588,73.53209838867187,77.74535331726074,79.53725051879883,38.60211358942278,-1.6581461801604007,-1.0779624402788615,-0.5801837398815393,83.83538350067228,77.74535331726074,71.6553231338492,808324.95,0.49434079697775013,1.8106880601740052,1.6393406579370051,-0.24398701951591217,2.716737332198216,6.241891139870881,3.2437522400703855
2024-04-25,73.05425262451172,73.69749481184847,72.77857339518795,73.69749481184847,396156,73.07263641357422,77.5431900024414,79.40706990559896,36.052087292335536,-1.7367543381246406,-1.2097208198480174,-0.5270335182766233,83.98220851955668,77.5431900024414,71.10417148532613,804453.2,0.4924537561663003,1.7407960135866822,-1.3647708242921164,0.3808770229507319,-1.3626259295338894,1.2971135204562723,-0.8079050059020099
2024-04-26,73.42182922363281,73.97318072125563,73.23804071721543,73.97318072125563,235001,73.07263641357422,77.32724342346191,79.28607851664225,37.664688836530374,-1.7492275042564955,-1.317622156729713,-0.4316053475267825,84.02293692397953,77.32724342346191,70.63154992294429,799506.0,0.293932753475271,1.6312136246743127,0.5031556492821609,-0.2951578331521709,1.3248943960749937,2.5308833604829273,2.3981768416344806
2024-04-29,75.07588195800781,75.6272404535309,74.43263972765021,74.43263972765021,440374,73.69750213623047,77.01480979919434,79.16508712768555,44.45280144638805,-1.6071184846175584,-1.375521422307282,-0.23159706231027632,83.50514783382674,77.01480979919434,70.52447176456194,656687.7,0.6705988249817989,1.7077733053708164,2.2528078527395135,0.08607137638918516,1.863818412124374,4.05524865594411,1.9443373726286906
2024-04-30,75.25967407226562,75.81102558343675,74.98399481127265,75.62724408331798,220148,74.175341796875,76.78048515319824,79.04409586588541,45.167324993507066,-1.4628032893514558,-1.3929777957161167,-0.06982549363533908,83.16271051497881,76.78048515319824,70.39825979141767,620245.1,0.35493710470264095,1.59034096760992,0.24480846506820253,-0.3839184473235724,-0.48264169017123715,-0.9319345319950378,0.30340855239061604
2024-05-02,75.71913146972656,76.08670146445046,74.98399148027877,75.53534296695734,249178,74.5061538696289,76.4818359375,78.91085217793783,47.00264434305809,-1.2964138335552065,-1.3736650032839348,0.07725116972872836,82.4413366550348,76.4818359375,70.52233521996519,582243.55,0.42796180395643707,1.5253235031514885,0.610496129733118,-0.4225153435658102,-0.8538685839082238,1.4490653079910487,1.6194446869421286
2024-05-03,74.9839859008789,76.45425875956006,74.89209516173896,76.3623680204201,273000,74.89210052490235,76.1418342590332,78.7913922627767,44.4396055231753,-1.2099218684541881,-1.3409163763179854,0.1309945078637973,81.58083017065097,76.1418342590332,70.70283834741544,504275.7,0.5413705241002095,1.530235515774103,-0.9708848405657888,-0.4002988704028487,0.5334710464831138,0.514213111508055,0.7968183116583205
2024-05-06,76.36237335205078,76.82183409064413,74.89210039071499,75.99480335901322,507234,75.48020935058594,75.92129287719726,78.67805862426758,49.95042216286172,-1.0184123912194138,-1.2764155792982712,0.25800318807885736,80.90851915377571,75.92129287719726,70.9340666006188,500575.05,1.0133026006789592,1.5835019403281085,1.8382424388508234,-0.21362587285993495,0.9492729647566867,-0.9947485438612125,1.4053578573511416
2024-05-07,76.54615783691406,77.64886074734359,75.8110178894183,77.18940003286227,428071,75.77426452636719,75.74669761657715,78.57238260904948,50.65322201266188,-0.8421026436962791,-1.1895529921778727,0.3474503484815936,80.35737201987303,75.74669761657715,71.13602321328128,500328.25,0.8555803115254835,1.6174140626744,0.24067413936439408,-0.043067197592394635,0.6344919339527744,1.6075825692805301,-0.519720700804216
2024-05-08,76.72994232177734,77.37318454290362,75.99480234550641,76.45426307797214,349200,76.06831817626953,75.62264289855958,78.4850850423177,51.38833887779764,-0.6797107442096291,-1.087584542584224,0.40787379837459503,79.96664896089626,75.62264289855958,71.27863683622289,488222.7,0.7152473655977077,1.5855431473041068,0.24009628968555408,0.31243083104899316,0.22746944638225575,-0.16951934599525043,-1.7413801442344279
2024-05-09,76.36237335205078,78.01643481531262,76.27048260649501,77.37318557479324,373014,76.19696655273438,75.4664264678955,78.39778734842936,49.7907645994999,-0.5740563733169921,-0.9848789087307778,0.41082253541378566,79.43372764226721,75.4664264678955,71.49912529352379,478868.0,0.7789495226241887,1.6069310221725743,-0.4790424163035545,-0.09516764309563941,-0.6750569718193655,0.834871915341906,2.126698830278695
2024-05-10,76.9137191772461,77.1893984044447,75.44344632408614,76.36236773366285,289064,76.58291320800781,75.32858772277832,78.32580502827962,52.191643354291685,-0.44075477618245884,-0.876054082221114,0.4352993060386552,78.84705044626085,75.32858772277832,71.8101249992958,450870.55,0.6411241541502323,1.6254671632640394,0.7220124270541861,0.01793319460277054,0.720159390313424,-1.1226537016213012,-2.3427322396370354
2024-05-13,75.99480438232422,77.00562362949239,75.90291363553109,76.91372587188468,170200,76.5093994140625,75.19534416198731,78.24616508483886,48.06627332369647,-0.4045971008009559,-0.7817626859370824,0.3771655851361265,78.36744709961306,75.19534416198731,72.02324122436156,433958.6,0.392203311560135,1.5557662073570073,-1.1947345736906256,0.26346452966479195,0.7188770345091466,2.653992010899886,0.8884962784613037
2024-05-14,76.54615783691406,76.91372079984782,76.27047860389962,76.54615783691406,238185,76.5093994140625,75.13561401367187,78.1833719889323,50.58985632766004,-0.32767503281908716,-0.6909451553134833,0.36327012249439616,78.14681499342736,75.13561401367187,72.12441303391638,420561.25,0.5663503235260025,1.470852902045887,0.725514670471461,-0.16192227613095467,0.6143467624945442,0.9124789382094045,2.7300870958450574
2024-05-15,75.99480438232422,76.82183512509155,75.90291363553109,76.82183512509155,248001,76.36237182617188,75.16777610778809,78.08075904846191,48.074125442210054,-0.30765687869437386,-0.6142874999896615,0.3066306212952876,78.2023387729634,75.16777610778809,72.13321344261277,380905.65,0.6510824924754988,1.39726204704783,-0.7202888690566733,-0.17854125279843647,0.768905386860852,2.3975887809535745,1.6716516205276477
2024-05-16,76.54615783691406,76.91372079984782,76.27047860389962,76.63804857764751,391477,76.39912872314453,75.15858688354493,77.96589380900065,50.71357136538523,-0.2444844666499506,-0.5403268933217193,0.29584242667176874,78.17428595677647,75.15858688354493,72.14288781031338,381374.6,1.0264894410902037,1.3334826297779332,0.725514670471461,-0.8739389928487662,0.7426455838037249,-2.3280678532277554,0.3794420192504866
2024-05-17,75.90291595458984,77.00562598224221,75.81102520498918,75.90291595458984,268613,76.19696807861328,75.18615455627442,77.83724479675293,47.66921264224471,-0.24351700661081566,-0.4809649159795386,0.23744790936872295,78.21931101265646,75.18615455627442,72.15299809989237,368994.3,0.72795975439187,1.3149650494412795,-0.8403320303739914,0.28877622974334827,-0.21492914094993765,0.23287420403468317,0.5039962031324174
2024-05-20,75.62723541259766,76.63804756899013,75.35155618321151,76.27047760007994,330000,76.12345428466797,75.29642486572266,77.72544263203939,46.384053783962734,-0.2619755127036143,-0.4371670353243538,0.1751915226207395,78.21780516463814,75.29642486572266,72.37504456680718,337384.0,0.9781139591681882,1.3111685609529244,-0.36320151673371326,0.12515050063168776,0.06190547021835968,1.5170160422699919,0.3343125462154317
2024-05-21,75.71913146972656,76.08670146445046,75.44345222098,75.62724072374922,249149,75.95804901123047,75.48480377197265,77.61210899353027,46.89798533577791,-0.2661210896982027,-0.4029578461991236,0.13683675650092092,77.94798450027936,75.48480377197265,73.02162304366594,315068.85,0.7907763652293777,1.2221126519552612,0.12151185565298928,0.12995161060771476,-0.16397830333553243,-1.9655346102127047,-1.665984739901416
2024-05-22,76.54615783691406,76.82183005911439,76.08669712243274,76.08669712243274,321073,76.06831970214844,75.66858787536621,77.52327995300293,51.41185282740256,-0.20036271657419036,-0.362438820274137,0.16207610369994663,77.84190507252642,75.66858787536621,73.49527067820601,318836.3,1.0070151987085536,1.20619077694627,1.0922290722763517,0.09004381018689056,1.4836548818675244,4.765176098936119,0.7200194753019362
2024-05-23,75.16778564453125,76.54616797045188,75.07588788081783,76.36237945384009,390240,75.79264526367187,75.72372360229492,77.43138783772787,44.60626697017936,-0.25651490435571134,-0.3412540370904519,0.08473913273474054,77.77847159116808,75.72372360229492,73.66897561342176,318368.9,1.225747866704317,1.24140268530464,-1.8007072220653009,-0.033810014699131585,0.25798091936253265,-6.082054442214657,-1.0092388742360736
2024-05-24,75.16778564453125,75.35156715032798,73.78940331861061,75.16778564453125,392036,75.64561920166015,75.8294002532959,77.32724355061849,44.60626697017936,-0.29758553689843836,-0.3325203370520492,0.034934800153610834,77.48463690578407,75.8294002532959,74.17416360080773,318162.9,1.2321864051402598,1.2841708381596708,0.0,-0.0096243747411906,-0.19479338523243905,1.2700572412216449,1.9541152075655877
2024-05-27,77.00562286376953,77.6488650957398,75.81102213489389,75.81102213489389,748388,75.92129669189453,76.00858993530274,77.26291910807292,54.018547341260444,-0.17976399747674066,-0.3019690691369875,0.12220507166024686,77.3030324943363,76.00858993530274,74.71414737626917,343832.25,2.1766079243584624,1.443758653232854,2.4449798586982707,-0.09869189434805747,1.105615256831216,1.2700572412216449,1.9541152075655877
2024-05-28,77.92454528808594,78.47589678085528,77.18940529051707,77.46508454230904,869099,76.36237945556641,76.15102310180664,77.22003606160482,57.87290672877117,-0.012100729067242355,-0.24399540112303847,0.2318946720557961,77.62744900762888,76.15102310180664,74.6745971959844,365268.5,2.3793428669595107,1.4472940217465733,1.1933186047232702,-0.36968990725814166,0.25060173618918213,1.5022105898018445,-0.7500219730547597
2024-05-29,77.74076080322266,78.7515730940375,77.1894092819432,77.83265155496674,468300,76.60130004882812,76.27507743835449,77.16336911519369,56.84657326700676,0.10473641096898234,-0.17424903870463432,0.27898544967361666,77.84982434945393,76.27507743835449,74.70033052725505,377676.1,1.2399513763248455,1.4626099937929364,-0.2358492875175977,0.3236723675793307,-0.8962690097293446,-3.5845204819456855,-1.8471771041361884
2024-05-30,76.82183837890625,79.21103295079567,76.54616612685066,77.0975176417767,1005479,76.93211059570312,76.33021278381348,77.10670229593913,51.89135393075487,0.12177755052800876,-0.11504372085810571,0.23682127138611447,77.90021148922919,76.33021278381348,74.76021407839777,415491.15,2.4199769357301593,1.6229109044798788,-1.1820342569612619,0.6315619238836723,-1.3757393248701622,1.5490753992807749,0.08553998717286682
2024-05-31,76.08670043945312,78.84346484652296,76.08670043945312,77.55697338772748,636152,77.1158935546875,76.38534851074219,77.03472023010254,48.26658881692645,0.07509760999221271,-0.07701545468804204,0.15211306468025476,77.82862170333158,76.38534851074219,74.9420753181528,433648.75,1.4669752881796616,1.7740913714918736,-0.9569387494051118,-0.0636234547158887,-0.8905424398374384,1.2896967096160061,0.9829249109723603
2024-06-03,75.99480438232422,76.6380536315053,75.81102288873797,76.17859288672507,269964,76.91372985839844,76.36697006225586,76.97805328369141,47.816933930684954,0.030338454189006825,-0.05554467291263227,0.08588312710163909,77.82079765473273,76.36697006225586,74.91314246977899,421785.25,0.6400508315546833,1.6478166209952683,-0.12077808158080794,0.3356387546574968,1.7121719263391677,0.20536900876053643,1.0156452713743436
2024-06-04,76.36237335205078,76.82183409064413,75.62724037679013,75.90291261345745,309134,76.6012954711914,76.3577808380127,76.95661163330078,49.83020246154544,0.024246743333463883,-0.039586389663413046,0.06383313299687693,77.80916084994237,76.3577808380127,74.90640082608303,415838.4,0.7433993589817582,1.5873869000431,0.483676446980974,-0.46419102039185756,-0.8364332748305281,-2.281740323313697,-4.105577474812394
2024-06-05,75.90291595458984,77.09751673184287,75.71913445538853,76.45426746300862,291450,76.23372650146484,76.31642951965333,76.93057543436686,47.370022946492895,-0.01745415292724317,-0.035159942316179076,0.017705789388935904,77.77028776018798,76.31642951965333,74.86257127911867,412950.9,0.7057739794246725,1.5595196168979328,-0.6016803528914871,0.04487073545036413,0.6005712697569221,4.222601250294833,1.8785624795669698
2024-06-06,75.25967407226562,77.37318936689071,75.16778332220625,76.27048634454849,693141,75.92129364013672,76.26129455566407,76.88309783935547,44.088234346979334,-0.1012396303205918,-0.048375879917061625,-0.052863750403530176,77.78954893836945,76.26129455566407,74.73304017295868,428957.25,1.6158743091531849,1.6456378072694706,-0.8474534531835998,-0.23756310030170757,1.944708756402913,-2.803868985262903,-0.9862708948087162
2024-06-07,76.27047729492188,76.63804726236141,75.35155588173005,75.35155588173005,335145,75.95804901123047,76.22913246154785,76.82949409484863,49.955555578853414,-0.0850959195727512,-0.05571988784819954,-0.02937603172455166,77.72633373526679,76.22913246154785,74.7319311878289,431261.3,0.7771274630948801,1.610002524979646,1.343087430442047,-0.13363032114330764,-0.20234199872982694,-0.19323588067016173,-1.9922162833000745
2024-06-11,75.44345092773438,76.82183312620997,75.44345092773438,76.27048164898261,222085,75.8477783203125,76.20156478881836,76.79120559692383,45.727403298165854,-0.13745157241409345,-0.07206622476137833,-0.06538534765271511,77.73675492954604,76.20156478881836,74.66637464809068,433855.55,0.5118869632991903,1.5791198147791052,-1.0843335409972066,-0.2190993617724568,-0.3031410202626317,0.6530657917463767,0.4860843431571782
2024-06-12,75.16778564453125,75.62724641983813,75.16778564453125,75.53534865612471,239087,75.60886077880859,76.13264617919921,76.74832267761231,44.37908456251938,-0.19889495181979555,-0.09743197017306178,-0.10146298164673377,77.72537975154194,76.13264617919921,74.53991260685649,433900.65,0.5510178424484959,1.4298319428494755,-0.3653932578815633,-0.0562872544702997,1.1785994524791121,3.027842338641351,2.4626165966135094
2024-06-13,75.90291595458984,76.63805597302475,75.16778294696974,75.16778294696974,350604,75.60886077880859,76.1280517578125,76.72381820678712,48.72137933282668,-0.18612486876465084,-0.1151705498913796,-0.07095431887327124,77.72298812316227,76.1280517578125,74.53311539246273,439030.8,0.7985863406394267,1.4352240872768802,0.9779858535876373,-0.3552426383712781,1.193154297591259,-1.5481504674330404,-0.8189680109805031
2024-06-14,76.72994232177734,77.74075453103907,76.17859084498134,76.17859084498134,632152,75.90291442871094,76.13724098205566,76.70237668355306,53.15244148127636,-0.10802512347555648,-0.11374146460821499,0.005716341132658509,77.74439114148048,76.13724098205566,74.53009082263084,451064.55,1.4014668188843482,1.4889060191665269,1.089584447167069,0.3043370457556316,0.863577013670791,-4.09115092932918,-3.129054639270168
2024-06-17,79.48670196533203,80.40562337533588,77.64885914532435,77.74074988416194,2027567,76.54615936279296,76.31643028259278,76.73147570292154,64.24384582042802,0.17430764139034238,-0.056131643408503525,0.2304392847988459,78.50687507363719,76.31643028259278,74.12598549154836,539012.25,3.761634359886997,1.7804760237521278,3.5928081790989053,0.15480119319866148,-0.03639861324233884,-1.7229371164896312,0.3589129802493707
2024-06-18,78.3840103149414,79.48671336070613,78.3840103149414,79.48671336070613,731067,77.13427124023437,76.45426902770996,76.74832280476888,58.2982552414589,0.3055581073778768,0.01620630674877254,0.28935180062910426,78.80331752693563,76.45426902770996,74.10522052848428,559065.6,1.3076587076722304,1.6901062933538078,-1.3872655716317905,-0.14838275415750557,1.159736185000071,0.0,-0.13413114538608495
2024-06-19,77.92454528808594,79.76238827119349,77.64886603629395,79.30292752541659,548407,77.68562316894531,76.56453971862793,76.76057523091634,55.97374794636156,0.3682550446004029,0.08661605431909862,0.2816389902813043,78.97455083861973,76.56453971862793,74.15452859863612,574028.5,0.9553654565931831,1.7465617522265713,-0.5861718799655358,0.14396198742181454,1.986645158123146,0.0,-0.13413114538608495
2024-06-20,78.65967559814453,79.11913632828652,77.74075413786056,77.74075413786056,358635,78.23697509765626,76.67021560668945,76.76516965230306,58.80401124784142,0.4718228116643246,0.16365740578814383,0.3081654058761808,79.25578846132605,76.67021560668945,74.08464275205286,575906.6,0.6227311859249399,1.6974711439864887,0.9433873593241104,0.10293992607994795,0.8468955214737006,-4.382872835268614,0.7162015690245882
2024-06-21,79.11913299560547,79.11913299560547,77.83264160323505,78.38400006483242,295258,78.71481323242188,76.86778297424317,76.77895329793294,60.51260649644116,0.5842406231310662,0.24777404925672833,0.33646657387433787,79.57114857557136,76.86778297424317,74.16441737291498,571157.5,0.5169467266034325,1.6426738437710133,0.5841079231094337,-0.12290844763791497,-0.6524324296809936,1.3159831817137313,-0.39998858470932097
2024-06-24,77.74076080322266,78.93536160834061,77.74076080322266,78.93536160834061,368111,78.365625,76.99643173217774,76.78967399597168,53.36229878839497,0.55570362676103,0.30935996475758865,0.24634366200344138,79.6022943851448,76.99643173217774,74.39056907921068,569961.25,0.6458526785812193,1.60743362358592,-1.742147746309819,0.06802312668354737,-1.8908700814464607,-1.0653761869571454,-1.5171809895136001
2024-06-25,78.20021057128906,78.20021057128906,76.54615624014862,78.0164290936559,436060,78.32886505126953,77.05616111755371,76.79733149210612,55.26001355507845,0.5636640398580397,0.36022077977767886,0.20344326008036084,79.71709161630608,77.05616111755371,74.39523061880135,554344.85,0.7866222622975573,1.6136497179265232,0.5910024076422049,-0.12823314551579923,0.27295654149688264,0.0737504376575826,-0.31719073925581265
2024-06-26,77.92454528808594,78.75156902183265,77.92454528808594,78.29210827605576,207002,78.32886505126953,77.05616111755371,76.74066467285157,53.844341709708466,0.5414869159621958,0.39647400701458224,0.14501290894761354,79.71709161630608,77.05616111755371,74.39523061880135,521240.0,0.39713375796178346,1.5087662533692152,-0.3525122006568293,0.4702765421042532,0.4839958550256096,0.48644140458240503,0.18184028478340775
2024-06-27,76.82183837890625,77.74075990738794,76.82183837890625,77.46508765533235,312336,77.96129760742187,77.0102149963379,76.68859252929687,48.49265952106895,0.42997566185326264,0.40317433798231833,0.026801323870944305,79.65304550890696,77.0102149963379,74.36738448376883,513441.8,0.608318216397652,1.4546250074772784,-1.4150957251056084,0.3350392876177333,-0.3511118229512111,-0.45474192008262415,0.2268446717550221
2024-06-28,78.65967559814453,78.65967559814453,77.18940266385306,77.18940266385306,311048,77.8694061279297,77.1021068572998,76.63805185953775,56.29024654045959,0.48431738439258254,0.4194029472643712,0.06491443712821132,79.84333130733495,77.1021068572998,74.36088240726465,478720.25,0.6497489922350266,1.5057199690454122,2.392336942229334,-0.1850665019445641,0.5512513704543975,1.0168028812263197,0.9506564548053875
2024-07-01,78.65967559814453,79.48670631456298,78.20021486800255,78.75156634201007,545444,78.05318908691406,77.23075561523437,76.58597946166992,56.29024654045959,0.5213735216026691,0.4397970621320308,0.08157645947063835,80.01253617666107,77.23075561523437,74.44897505380767,474184.85,1.1502771545737913,1.4764894993807482,0.0,-0.055340206795018165,0.11427590660921805,0.9190331515263273,-2.2869751297262764
2024-07-02,79.02725219726562,79.21103370037514,77.9245491569786,78.65968218023163,448036,78.21859741210938,77.38237800598145,76.55688031514485,57.77307443143924,0.5737868789295959,0.46659502549154386,0.10719185343805204,80.2106926322032,77.38237800598145,74.5540633797597,483088.45,0.9274409272256458,1.4511555052495204,0.4672999174303305,0.05445543450566248,-0.7771564734776915,5.406183647399776,0.7801519746291508
2024-07-03,80.12994384765625,82.15157514857536,79.76238089368364,79.94616237066995,1567157,78.65967712402343,77.57075653076171,76.55841166178385,61.94394808684347,0.6962765996137108,0.5125313403159772,0.18374525929773355,80.6072349760596,77.57075653076171,74.53427808546382,545989.6,2.870305588238311,1.6742444980575493,1.3953308760351613,0.15711929888313492,1.2808943510362658,-0.3291248900109567,1.2750456203008298
2024-07-04,80.3137435913086,81.32455587802501,80.22185283993709,81.04887661309556,522464,79.35805816650391,77.79129791259766,76.57679011027018,62.60693376824266,0.7989716412431846,0.5698194005014188,0.22915224074176588,80.95575420451334,77.79129791259766,74.62684162068197,557540.3,0.9370874177167102,1.6102935023657108,0.22937710277419754,0.14950641568265421,1.5108454922353465,-0.3291248900109567,1.2750456203008298
2024-07-05,81.6921157836914,81.78400652369004,80.4056243912683,80.4056243912683,1073189,79.96454620361328,78.11291999816895,76.61354700724284,67.21912443277432,0.9802812460005867,0.6519117696012524,0.32836947639933434,81.49410377366046,78.11291999816895,74.73173622267744,576542.7,1.8614215391158366,1.591622759701142,1.7162345207028418,-0.3522176733286364,0.14479967883183065,0.9631218289804178,0.0
2024-07-08,80.8650894165039,81.69212014224468,80.49751942608418,81.69212014224468,548050,80.40562896728515,78.34265060424805,76.63345692952474,62.25727250080044,1.0451880210519704,0.730567019891396,0.31462100116057434,81.81974061723312,78.34265060424805,74.86556059126298,587187.95,0.933346809994994,1.5386864872290555,-1.01236987101343,-0.34946094601715494,1.365055591695996,2.2213204467469216,1.2140211455327732
2024-07-09,78.93536376953125,81.78401921648162,78.3840122331562,81.78401921648162,660103,80.38725128173829,78.51724624633789,76.63805173238119,52.51623096874108,0.9301917046408192,0.7704919568412807,0.15969974779953855,81.7213394646306,78.51724624633789,75.31315302804518,609088.85,1.0837548577682878,1.7868625533752382,-2.386351960897992,0.24079002019752327,0.09183997563149138,-2.0397263507847208,-1.9990902037479774
2024-07-10,79.9461669921875,80.58940920963798,79.5785970061525,79.5785970061525,420144,80.35049591064453,78.7561653137207,76.67480850219727,56.36731484333461,0.9101282755888178,0.7984192205907882,0.11170905499802963,81.60113484197676,78.7561653137207,75.91119578546464,618141.7,0.6796888156874064,1.769153604939437,1.2805454670577143,0.11240498501070562,0.44769724473825434,4.232434456827727,1.7225798436903528
2024-07-11,80.8650894165039,81.32455015182495,80.03805869076314,81.14076866202231,611105,80.4607650756836,79.0042739868164,76.76670061747232,59.57700559086128,0.9573415855295764,0.8302036935785458,0.12713789195103053,81.66079192426614,79.0042739868164,76.34775604936667,631166.75,0.9682148180334278,1.7170508788991723,1.149426493963368,0.2442485876554823,1.5951511700039722,-3.0682838314205596,2.4955255258521047
2024-07-12,79.85428619384766,81.14077779978928,79.85428619384766,80.31374698091143,488356,80.09319915771485,79.16049118041992,76.81877301534017,54.8015324710182,0.9027883195957145,0.8447206187819796,0.05806770081373491,81.61354624105535,79.16049118041992,76.7074361197845,623976.95,0.7826507052864694,1.6596429758381654,-1.2499871451943978,-0.6140502852808205,-1.9397254657484875,3.542571334172928,0.9130522207808189
2024-07-15,79.48670196533203,80.2218418976607,79.21102273800528,79.94616267033395,483370,79.81752166748046,79.16049118041992,76.88769200642903,53.133587164890734,0.8204360124485959,0.8398636975153029,-0.019427685066707,81.61354624105535,79.16049118041992,76.7074361197845,546767.1,0.8840509972161822,1.573133133680465,-0.4603187205547199,0.49773822276901747,-0.1570866870910903,-0.650448786437996,1.0340333211784403
2024-07-16,80.68131256103516,81.50833632346573,79.94617253796928,80.12995403832832,988831,80.16671142578124,79.27535629272461,77.00868339538575,57.64533228803791,0.8418618476749202,0.8402633275472263,0.0015985201276939032,81.78969919638769,79.27535629272461,76.76101338906153,559655.3,1.7668572065698296,1.6329332969408958,1.5029062298045126,0.07988501995308539,0.49369257838391967,3.1033063139356276,3.326224794186472
2024-07-17,81.23770904541016,82.65629532484583,81.04855987897031,81.52142197211553,814280,80.42501983642578,79.44101448059082,77.1634526570638,59.59628542004653,0.8934395082419826,0.8508985636861777,0.04254094455580493,82.0164615599511,79.44101448059082,76.86556740123055,572948.95,1.4212086434576765,1.6785398925235326,0.6896224995770694,-0.03284897586730562,-0.9477322922418208,-4.165606893934259,0.1650964015869727
2024-07-18,80.67028045654297,81.80514665699263,79.62997802161021,80.67028045654297,459605,80.3860580444336,79.54154472351074,77.29344940185547,56.72653999850289,0.8784027507909684,0.8563994011071359,0.02200334968383255,82.14538335436896,79.54154472351074,76.93770609265252,577997.45,0.7951678679551268,1.744757058238051,-0.6984793090977104,-0.2226498352794204,-1.5622735237073582,-0.03975454500508846,-1.3185118406359053
2024-07-19,78.68424987792969,81.04856035761871,78.49510792567575,80.76484742923782,580050,80.15205078125,79.51980056762696,77.37043571472168,48.012188322073385,0.6981817379608657,0.8247558684778818,-0.12657413051701616,82.14566186159256,79.51980056762696,76.89393927366136,592237.05,0.9794220067792111,1.8525831080653719,-2.4619110871731187,0.45613217759497005,-2.2617330175741857,-3.844626162198117,-1.7536451134378184
2024-07-22,74.99592590332031,78.87339336783255,74.90134771869853,78.68424421389143,702126,79.25389556884765,79.38255882263184,77.40279693603516,36.72792932566045,0.2548011773648966,0.7107649302552849,-0.45596375289038826,82.61644858918673,79.38255882263184,76.14866905607694,608937.8,1.1530340208802934,2.1351781135411914,-4.6874996969932585,0.4350571135180781,-2.677259944243182,6.617955511572315,3.1449247911924383
2024-07-23,75.6579360961914,76.69823127445342,75.46879414207214,75.6579360961914,232050,78.24922027587891,79.25544509887695,77.44006538391113,39.47746254165323,-0.04267054193127251,0.5600778358179734,-0.602748377749246,82.86325573246252,79.25544509887695,75.64763446529138,598737.3,0.38756563187227516,2.07746174788678,0.8827282080956067,0.08389052827177945,2.7625011418902057,-5.0950502367943855,-0.9888797594577614
2024-07-26,74.5230712890625,75.18507535575924,73.00990676752166,73.76648902829209,240061,76.90629272460937,79.08537139892579,77.43085187276205,36.54558406282612,-0.36577668221141835,0.3749069322120951,-0.7406836144235134,83.2370477819196,79.08537139892579,74.93369501593197,600390.25,0.3998416030240331,2.1535374253245094,-1.4999944033446067,-0.2194732292683632,-3.2906356086419675,3.8939846280241053,3.092780936251538
2024-07-29,72.53704833984375,75.75251228835793,72.25333538913293,75.75251228835793,536764,75.27964630126954,78.87113189697266,77.38547477722167,32.05849505845434,-0.7731833045086205,0.14528888486795194,-0.9184721893765724,83.87033102478486,78.87113189697266,73.87193276916045,611611.65,0.8776222624274733,2.3329560218445757,-2.664977321607287,0.47483004597199674,0.20470575104574174,11.543392739756197,0.2499928529415385
2024-07-30,73.10447692871094,73.10447692871094,71.40217063668233,72.82075680827204,386000,74.16369171142578,78.59337196350097,77.34189720153809,34.5317678767713,-1.03830036270071,-0.09142896464578043,-0.9468713980549295,84.21997317675168,78.59337196350097,72.96677075025026,615359.25,0.62727585552667,2.248869391202447,0.7822603784602977,0.15641212361443557,0.2665528397010952,-5.493797887806862,-0.9143629535139697
2024-07-31,74.71221160888672,75.09050273097967,73.1044833591205,73.19905433581798,272200,74.10694885253906,78.39599876403808,77.33736763000488,41.07678988500002,-1.105928335655392,-0.2943288388477028,-0.8115994968076892,84.28369211436365,78.39599876403808,72.50830541371252,601697.05,0.45238712737581144,2.2138235793446177,2.1992287582381476,-0.2672783628201558,-0.1089865524954714,5.786127766209859,1.9714618896962133
2024-08-01,75.6579360961914,75.6579360961914,74.90135384910828,74.90135384910828,220093,74.10694885253906,78.22753295898437,77.3256270090739,44.58619426027872,-1.0708676335909644,-0.4496365977963551,-0.6212310357946093,84.2308535036079,78.22753295898437,72.22421241436084,590299.9,0.3728494617735832,2.0447437004059603,1.2658231725965807,-0.5775112476597344,1.9944277998713122,-8.115014024435908,-3.208546821190894
2024-08-02,72.63162231445312,74.90135464934599,72.53704412107999,74.05020863141273,607218,73.7286590576172,77.85261688232421,77.26038475036621,36.9933472673834,-1.2726101472279652,-0.6142313076826771,-0.6583788395452881,84.27745570280669,77.85261688232421,71.42777806184174,542302.95,1.1197025573989594,2.188230137033355,-3.9999951596493832,0.4427055244088818,-4.434260881041652,-5.49374755745311,-4.674902218688725
2024-08-05,65.4441146850586,70.92931817685687,65.4441146850586,70.92931817685687,1004229,72.31007232666016,77.10913543701172,77.07228762308756,25.76918432372861,-1.9895302733940952,-0.8892911008249608,-1.1002391725691343,85.4811643024785,77.10913543701172,68.73710657154493,566391.2,1.773030725053638,2.8548004693481785,-9.89583792893508,-0.3900105801548759,-8.351980222953914,1.5011101078310274,-3.834121876994323
2024-08-06,64.4983901977539,66.20069671365493,59.48605606147346,66.20069671365493,884190,70.58885498046875,76.24944915771485,76.87455457051595,24.706949676053966,-2.60398953050705,-1.2322307867613786,-1.3717587437456715,86.04931592850832,76.24944915771485,66.44958238692138,556941.25,1.5875821731645843,3.3694458270592844,-1.4450871432150403,0.2764724507885674,3.379268306975858,-0.6669553085850488,-0.46362135453331677
2024-08-07,68.4704360961914,68.75414903767157,64.78211013452287,64.78211013452287,454425,69.34049987792969,75.62971649169921,76.7338331858317,36.539023000969785,-2.7388700217542805,-1.533558633759959,-1.2053113879943216,85.76257221336498,75.62971649169921,65.49686077003345,552260.0,0.8228461232028392,3.487620895440401,6.158364396784322,0.3029438503285631,3.8742452023632135,-3.0944426805978753,-7.54540135430759
2024-08-08,67.71385192871094,68.84872530881636,66.86269869745766,66.86269869745766,278183,67.75168304443359,75.0686408996582,76.59581731160482,35.39795428571564,-2.873687718892242,-1.8015844507864158,-1.0721032681058262,85.6630050972265,75.0686408996582,64.47427670208991,533164.0,0.5217587834137338,3.2874083242295074,-1.104979332127476,-0.3905008009258193,-1.9965912706408795,8.796511554413012,1.6120645349833262
2024-08-09,69.4161605834961,70.64559776497576,69.03786944484723,69.03786944484723,309000,67.10859069824218,74.54214057922363,76.47698402404785,39.94247454059231,-2.8107688399845188,-2.0034213286260365,-0.8073475113584823,85.16246713539684,74.54214057922363,63.92181402305041,527606.8,0.5856634144973112,3.23998665916755,2.5139740338171013,-0.7344664716750882,2.86965755714923,-1.287554010734393,-0.09914442437820581
2024-08-12,69.60530090332031,70.3618831627718,69.51072992471467,69.79445007583477,190158,67.94082794189453,73.97915115356446,76.37049229939778,40.44377651929238,-2.714353751623719,-2.145607813225573,-0.5687459383981457,84.37968159426272,73.97915115356446,63.5786207128662,506559.45,0.3753912793453957,2.9340847818486377,0.27247303543489476,0.07652887976525857,1.417205112604214,-1.304348198275218,-2.6302672428315965
2024-08-13,70.07816314697266,70.74017442909684,69.5107300589399,70.07816314697266,162005,69.05678253173828,73.4903450012207,76.26269238789877,41.7527846829983,-2.5701608538231966,-2.230518421345098,-0.33964243247809867,83.64425817452346,73.4903450012207,63.33643182791795,490241.9,0.3304593099855398,2.706799393623078,0.6793480345830716,-0.604294595055821,0.10706043617687566,3.6094938416791678,2.395497128508972
2024-08-14,70.07816314697266,71.11845834424989,70.07816314697266,71.11845834424989,241096,69.37832794189453,73.01991806030273,76.16561317443848,41.7527846829983,-2.4278996278675464,-2.2699946626495877,-0.15790496521795871,82.87139332789272,73.01991806030273,63.168442792712746,478128.2,0.5042496970477792,2.4845988341102982,0.0,0.20472686912957894,1.0583302060494848,-2.5099461516084443,-2.3892301287717133
2024-08-15,70.1727294921875,71.21303183607574,69.69986741416655,70.07815851964385,196050,69.87010345458984,72.49448890686035,76.07470474243163,42.048213845442355,-2.2812292765419357,-2.2722415854280573,-0.008987691113878427,81.72695946227127,72.49448890686035,63.26201835144944,438489.15,0.4471034231975865,2.3550742458168177,0.13494409808731955,-0.9596021142668665,-0.5996212787569899,6.752947803479348,3.0086644116483097
2024-08-16,70.2673110961914,71.11845710576677,70.2673110961914,70.92931515148403,191114,70.0403335571289,71.94596900939942,75.9838410695394,42.36308557680554,-2.1327747220324653,-2.244348212748939,0.1115734907164736,80.24792661867512,71.94596900939942,63.644011400123716,407330.85,0.46918616647867456,2.1671613615184775,0.13478398900592659,1.398656718686797,2.0742481463743134,-0.05271602131685649,0.29701129965937767
2024-08-19,71.2130355834961,71.30760656101631,70.07816220734412,70.26731137768766,163600,70.36188049316407,71.47310676574708,75.89495569864908,45.5488700084967,-1.9167166393465322,-2.1788218980684575,0.26210525872192525,78.68907564835463,71.47310676574708,64.25713788313952,392530.6,0.41678279349431613,2.042132427138973,1.345895370907324,-0.9462871123850913,0.2698102405719105,2.478909511593974,0.9871782542750118
2024-08-20,72.25333404541016,72.82076715158259,71.40218077849981,71.87504290286074,289331,70.79691467285156,71.1515609741211,75.8463815053304,48.89510306380681,-1.642610667182396,-2.0715796518912453,0.42896898470884937,77.5402651264993,71.1515609741211,64.76285682174289,377994.65,0.7654367594885271,1.9842123125986424,1.460825891482087,-0.7001673407422859,0.08687670993854368,-2.4446751107008224,-1.7595294442468434
2024-08-21,72.25333404541016,73.19905829413202,71.49675176031131,72.44247600903317,133050,71.23194885253906,71.01443138122559,75.79780731201171,48.8951030638068,-1.4091360660032848,-1.9390909347136533,0.5299548687103686,77.16914699282185,71.01443138122559,64.85971576962933,349540.85,0.3806422053388038,1.9466248754282507,0.0,-0.0485705808362491,-0.8525040581436327,1.1342661749051297,1.044776134256642
2024-08-22,72.82076263427734,73.48276668119505,72.2533295633046,73.00990458616727,191023,71.76155548095703,70.87257270812988,75.72805964152018,50.807469340790504,-1.1648908806000122,-1.7842509238909252,0.619360043290913,76.6986612059928,70.87257270812988,65.04648421026695,347489.5,0.5497230851579687,1.8509998410898763,0.7853320491903792,-0.6270599155635659,-0.40049008413989284,-4.31663738317738,-1.821740191991561
2024-08-23,72.82076263427734,72.82076263427734,71.96960942016676,72.72619165833238,129052,72.27224578857422,70.78745727539062,75.64299659729004,50.807469340790504,-0.9602555828555666,-1.6194518556838537,0.6591962728282872,76.43602710816226,70.78745727539062,65.13888744261898,341939.05,0.3774122902897461,1.717686957492637,0.0,1.0727248962346891,0.041630655400193284,4.075232045577137,3.5105007447112646
2024-08-26,73.29362487792969,73.76648697391633,73.19905390179295,73.19905390179295,208077,72.68836364746093,70.82528610229492,75.56887766520182,52.524472716162656,-0.7512644944413012,-1.4458143834353434,0.6945498889940422,76.53301506804816,70.82528610229492,65.11755713654169,325504.7,0.6392442259666297,1.6147586084454835,0.6493508534470616,-0.8756060974664415,0.3703771608125628,-2.016763885827655,-0.8236587089064717
2024-08-27,74.33391571044922,74.71220680823497,73.86105364204266,73.86105364204266,254001,73.10447998046875,70.88675804138184,75.5274122873942,56.150580032225484,-0.4959774556884895,-1.2558469978859728,0.7598695421974833,76.72287971977794,70.88675804138184,65.05063636298574,318904.75,0.7964791995101986,1.5886017180267897,1.4193469544617754,0.17163104694757347,-0.24783653485163093,1.657308031044158,-1.2701154462959607
2024-08-28,74.05020141601562,74.5230634755935,73.48276117228023,74.42848529143599,175161,73.46385345458984,70.85365753173828,75.49347063700358,54.91860617500467,-0.312946557581256,-1.0672669098250296,0.7543203522437736,76.60532307132571,70.85365753173828,65.10199199215084,314052.8,0.5577437934003454,1.51549512939832,-0.38167543270387627,-0.35839014234928523,0.8368724645030357,-1.8800951236872754,-2.078188752571075
2024-08-29,74.90135192871094,74.90135192871094,73.19905273937376,73.5773438532163,266198,73.87997131347656,70.81582832336426,75.47524642944336,57.90269258629582,-0.09808189215311813,-0.8734299062906473,0.7753480141375292,76.44305508173083,70.81582832336426,65.18860156499768,316358.05,0.8414453180502283,1.5404023373901685,1.1494236294018023,0.9086610177773791,-0.7546069078691819,2.237713868150193,1.8190990593233591
2024-08-30,74.71221160888672,75.56336482977008,74.61764063218924,74.99593175428218,181080,74.25826110839844,70.91985778808593,75.44774373372395,56.99977187544043,0.05628899561405376,-0.6874861259097071,0.7437751215237609,76.76127500981313,70.91985778808593,65.07844056635874,295051.15,0.6137240949577726,1.4611119187489254,-0.25251923357035855,-0.39083263225860865,0.29835457649001196,2.057666621270271,0.0
2024-09-02,74.14478302001953,74.99593629240756,73.95563383987583,74.90135809468397,199046,74.42849273681641,71.35489120483399,75.41844151814779,54.26583116599902,0.13132841916173277,-0.5237232168954192,0.655051636057152,76.75881834894027,71.35489120483399,65.95096406072771,254792.0,0.7812097711074131,1.4050039899199664,-0.7594857341897909,0.4331737370221411,-0.14815026617228666,2.057666621270271,0.0
2024-09-03,73.29362487792969,74.52306921361615,72.91533375807978,74.14477809376623,217204,74.2204345703125,71.79465293884277,75.38567403157552,50.36357101934788,0.1207247149464763,-0.3948336305270401,0.5155583454735164,76.18581176660409,71.79465293884277,67.40349411108146,221442.7,0.9808587052090676,1.4320348520021537,-1.1479676754331147,-0.203152061097156,-0.642626632600074,-9.130602747620475,-6.054606084834591
2024-09-04,69.79444885253906,71.3076061296176,68.75414646020097,71.2130351526695,434146,73.3692840576172,71.86085357666016,75.27774022420247,38.201439339216435,-0.1680953597826118,-0.3494859763781545,0.18139061659554268,76.07745132144831,71.86085357666016,67.64425583187202,220428.75,1.9695525198051524,1.8463606607656955,-4.774188793661782,0.15659122730726782,-4.5240421627673495,-0.3250471311331826,0.8980621714703041
2024-09-05,70.2673110961914,71.87503935350382,69.6998708027371,70.92931515148403,262074,72.44247589111328,71.98852653503418,75.1914712270101,40.29953101045528,-0.3547420728569932,-0.3505371956739223,-0.004204877183070943,75.81280647013001,71.98852653503418,68.16424659993835,219623.3,1.1932886902254907,1.890201712765833,0.6775069528113908,-0.08130132213054475,0.4502065283094936,-0.3969924629845134,-1.1518309473571575
2024-09-06,70.92931365966797,71.11845560997259,69.4161564113223,70.2673096182989,164178,71.68589630126954,72.06418418884277,75.12083002726237,43.206589468787,-0.44412328660823164,-0.36925441386078417,-0.07486887274744747,75.73081004547534,72.06418418884277,68.39755833221021,212382.2,0.7730308848858332,1.8651480442170927,0.9421202450316191,0.16272898106874933,1.1680285631374687,-3.3167285851312234,-2.224576203845108
2024-09-09,71.87503814697266,71.87503814697266,69.51072768161171,69.51072768161171,234000,71.23194732666016,72.17767105102538,75.05369873046875,47.16471635203757,-0.43364765980089715,-0.3821330630488068,-0.05151459675209036,75.65970836830999,72.17767105102538,68.69563373374078,214574.3,1.0905313450865273,1.9317030337029397,1.3333337635867304,0.05905528468521659,-1.3564144167506398,2.164312809677371,-3.141925300739523
2024-09-10,69.79444885253906,72.53704326054883,69.51072870639176,72.53704326054883,214121,70.53211212158203,72.16348533630371,74.93810717264812,40.48058532458777,-0.5864713413761677,-0.42300071871427897,-0.16347062266188878,75.6836397391137,72.16348533630371,68.64333093349371,217180.1,0.9859144553299312,2.0776512364301567,-2.894731395034711,0.2563547314850423,-0.3800496824621358,-1.6717049184581612,0.0
2024-09-11,71.02388763427734,71.21303680787295,70.07816341220892,70.07816341220892,104001,70.77799987792969,72.21077156066895,74.79706026713053,45.40428461652635,-0.6014466723705425,-0.4586899094455317,-0.14275676292501083,75.63713860685219,72.21077156066895,68.7844045144857,210325.35,0.49447677134496626,1.9897761322839878,1.761513704816009,0.1557220455938646,-0.15704496945657676,3.444230336363141,1.3498174407515995
2024-09-12,71.59132385253906,72.63162631451142,71.21303991942568,72.63162631451142,212083,71.04280242919921,72.28170127868653,74.6838488260905,47.560471858520906,-0.5610598211529947,-0.4791638917870243,-0.0818959293659704,75.58702194580573,72.28170127868653,68.97638061156732,211127.0,1.0045280802550123,1.9388378053439999,0.7989371423648528,-0.1585997292772645,2.9587275926014067,-1.771039908715344,-0.05549103494698615
2024-09-13,73.19905853271484,73.19905853271484,71.68590117288862,71.87504313712812,259011,71.49675140380859,72.4282886505127,74.60509071350097,53.20015073720456,-0.3947715179781852,-0.4622854170252565,0.06751389904707128,75.61538291387555,72.4282886505127,69.24119438714985,214521.85,1.2073874992221072,1.8946907219882376,2.2457116221056728,-0.5730778859112329,0.4913830054379842,3.447280147882381,2.276506075594087
2024-09-16,74.05020141601562,74.2393433537258,73.29361923457006,73.76648129414794,145166,71.9317840576172,72.57014694213868,74.52826614379883,55.903912572445925,-0.19209240066362554,-0.40824681375293037,0.21615441308930483,75.78195876925625,72.57014694213868,69.3583351150211,213600.15,0.6796156276107485,1.780769935191267,1.162778456939284,0.04698615258813543,0.41558428502583844,-1.8823179742660012,-0.5428817982657153
2024-09-18,73.00990295410156,74.14477628598101,72.82076100643972,74.14477628598101,145100,72.57487487792969,72.60797538757325,74.4264456431071,51.95319141978613,-0.11409590513497392,-0.3494166320293391,0.23532072689436517,75.82189699188692,72.60797538757325,69.39405378325958,206388.6,0.703042706816171,1.7198693144379362,-1.4048556817146785,0.24009018886061995,-0.7837052942722855,-1.0921293745370542,-0.4880550353139834
2024-09-19,73.76649475097656,73.9556367231909,73.00991243151172,73.9556367231909,93015,73.12339630126954,72.68363342285156,74.36020787556966,54.47313201508332,0.00866759971809472,-0.27779978567985236,0.2864673853979471,75.93344479361942,72.68363342285156,69.4338220520837,204386.85,0.45509287901839085,1.6166512417247907,1.0362865395816767,-0.5025171841719578,1.6783629197754113,3.8363520779839844,2.2888075497272453
2024-09-20,73.38819122314453,74.23934438527185,73.19904928280626,74.1447734151027,144055,73.48276977539062,72.71200485229492,74.28000755310059,52.97697772504423,0.07457299759964542,-0.20732522902395284,0.28189822662359826,75.97673018948468,72.71200485229492,69.44727951510517,202038.45,0.7130078457838099,1.539803756490231,-0.5128392356301026,-0.03461304571514834,0.5295654552418982,-5.153372676116019,-1.598287015964639
2024-09-23,76.13079833984375,76.6982314185708,73.76648783239519,73.86105880963252,666050,74.06911773681641,72.87750663757325,74.25011177062989,61.28001687768686,0.34414191980650344,-0.09703179925786161,0.44117371906436503,76.48323464177577,72.87750663757325,69.27177863337073,228888.35,2.909934035524307,1.7758352816817025,3.7371231951473405,0.6956707184216482,0.5691005244930158,0.2443555694854549,0.054139058654567584
2024-09-24,78.49510955810547,79.4408337696489,75.75250790156886,76.98195226269658,1298279,74.95809936523438,73.13758087158203,74.27799962361654,66.7333426195548,0.7400268202024876,0.07037992463420822,0.6696468955682793,77.53345428650886,73.13758087158203,68.7417074566552,283398.45,4.5811083299855735,2.0308340265348144,3.105590995785379,-0.17505941198043828,0.6562554474329074,1.0467498986156842,0.21646058420676795
2024-09-25,77.17108917236328,80.3865527243998,76.88737625663524,79.62997051851968,1696205,75.79033660888672,73.27943954467773,74.25318984985351,61.5089112008305,0.9361398387987805,0.2435319074671227,0.6926079313316578,78.00836696581716,73.27943954467773,68.5505121235383,355508.65,4.771205988940072,2.2266130186987816,-1.6867552554495013,-0.7296520762731573,1.4703261303304016,-1.163615269788465,-3.4557276017307403
2024-09-26,77.17108917236328,79.91369064955039,77.17108917236328,78.30596248118346,647132,76.47125549316407,73.43548393249512,74.22838007609049,61.5089112008305,1.0791213794221193,0.41064980185812205,0.6684715775639972,78.46773675177346,73.43548393249512,68.40323111321678,379107.2,1.706989474217319,2.2954114798305585,0.0,0.5141959081656822,0.4270830660774827,5.2692004142766535,3.4675605257244113
2024-09-27,77.738525390625,78.68424957890659,76.69823022657584,77.17109232071664,601085,77.34132232666016,73.57734260559081,74.20690129597982,62.95059219008531,1.224111841715711,0.5733422098296399,0.6507696318860712,78.93314357712566,73.57734260559081,68.22154163405597,395851.55,1.5184606451585196,2.2541591961639167,0.7352963711505289,-1.264795450138878,-0.1575824966969841,1.4593558364400128,3.081061843377131
2024-09-30,78.11681365966797,78.77882489649983,76.79279840130695,77.54938061045688,380023,77.738525390625,73.74757270812988,74.17334912618001,63.920781754552316,1.353935207234457,0.7294608093106034,0.6244743979238536,79.45981576026655,73.74757270812988,68.03532965599321,405798.7,0.9364815609315653,2.2184081693677777,0.486616213958424,0.36554889324060813,-2.6212834827579523,-2.3927931091562327,-0.8390127362291944
2024-10-01,77.8331069946289,78.68425302916219,77.26566668453569,78.4951110693333,332004,77.60612487792969,73.93198890686035,74.13200518290202,62.5968692346817,1.4175873384812405,0.8670861151447309,0.5505012233365096,79.92926549841158,73.93198890686035,67.93471231530913,412446.6,0.8049623878582101,2.111765259402275,-0.36318258739416187,0.015832654460190554,0.7462542284165874,-2.148461018428016,-2.9084801146494255
2024-10-04,78.21138763427734,78.9679698724701,77.73852553923261,77.73852553923261,422003,77.8141845703125,74.17787704467773,74.07399304707845,63.677125227464586,1.4814786337778116,0.9899646188713471,0.4915140149064645,80.4613780174819,74.17787704467773,67.89437607187355,422686.55,0.9983828442139926,1.994122469246971,0.4860150831117904,0.6475584055064321,-0.3915951667323836,1.7204593387887268,1.3513601298864808
2024-10-07,79.15711212158203,80.00826533891902,77.73852583112141,78.96797016897514,556150,78.21138916015624,74.64601020812988,74.04552675882975,66.29779470884097,1.5900953782677618,1.1099907707506302,0.4801046075171316,80.94950451589798,74.64601020812988,68.34251590036178,428786.75,1.2970316829986002,2.0308714077203893,1.2091902674415733,1.005679869258036,1.792829627283954,-0.6290251214395082,-1.0555673861183723
2024-10-08,74.71221160888672,76.31993985865294,73.95562936470084,76.31993985865294,1106406,77.60612640380859,74.86825523376464,73.97514088948567,48.56319521106648,1.3024942639264623,1.1484914693857966,0.15400279454066568,80.82565155664705,74.86825523376464,68.91085891088224,471003.35,2.3490406172270326,2.4536195876084963,-5.615288877477154,-0.6747083567230305,-0.4015843133057917,-0.7877304648210681,-0.393028551363106
2024-10-09,73.29362487792969,75.46879340558944,73.29362487792969,75.27964423801299,374040,76.64148864746093,74.98647079467773,73.86426518758138,44.4742657265273,0.9491589021989313,1.1086249559484236,-0.1594660537494923,80.70375601093238,74.98647079467773,69.26918557842308,481496.45,0.7768281573000174,2.4164927796153304,-1.8987347588948822,0.1500498127376071,0.2109089790889307,0.6663848416811335,0.9582817823639678
2024-10-11,72.53704833984375,73.67192178859769,71.87504423954827,73.57735080502742,327001,75.5822769165039,75.01957130432129,73.72546450297038,42.42271397826637,0.6011588932238112,1.0071317434035012,-0.40597285017969,80.66826296514041,75.01957130432129,69.37087964350216,486146.5,0.6726388033236894,2.3338774155398747,-1.032254223127882,-0.09929871833751491,1.070478351454196,0.028451533431317344,2.591527476229305
2024-10-14,72.63162231445312,73.48276833238639,71.87504005928675,72.82076427059316,198001,74.46632385253906,75.16142997741699,73.60508677164714,42.77805045738155,0.32920286259134457,0.8715459672410699,-0.5423431046497253,80.38404428756613,75.16142997741699,69.93881566726785,485340.5,0.4079630692266563,2.237057529881177,0.13038023571938506,-0.20343946585824613,0.3215858580000841,3.497794711255686,0.9884825593322155
2024-10-15,74.23934936523438,74.901353416128,73.19905419298595,73.19905419298595,245235,73.48277130126954,75.32220306396485,73.51763089497884,48.58687150596696,0.24063202939356643,0.7453631796715693,-0.5047311502780029,80.19475977772093,75.32220306396485,70.44964635020877,492402.2,0.49803798602037114,2.241414006120337,2.213535922164467,0.06846983628858716,1.3786551243744505,-4.767139960239941,-1.5225529549070749
2024-10-16,72.82076263427734,74.4284908712506,72.82076263427734,74.4284908712506,652218,73.10448150634765,75.38367500305176,73.38662172953288,44.3124318568116,0.05533306724611009,0.6073571571864774,-0.5520240899403673,80.08609903548393,75.38367500305176,70.6812509706196,514408.95,1.2678978466451643,2.1569225702340598,-1.9108286145909315,0.05909743352694452,-1.2066723441250926,-0.4183510051991468,1.0491227946849202
2024-10-17,73.57734680175781,74.52307101661175,73.1990556727556,73.48276860802989,186000,73.16122589111328,75.4025894165039,73.258949025472,46.9909601061315,-0.030120466001989143,0.47986163254878417,-0.5099820985507733,80.07093474054541,75.4025894165039,70.73424409246239,510758.4,0.36416434854522217,2.0963073451807728,1.0389676516850077,-0.11191169434519033,0.1862561878152258,0.3042142375578871,0.8196951178949696
2024-10-18,72.82076263427734,74.1447779434157,72.82076263427734,74.1447779434157,248180,73.21796875,75.34111747741699,73.12812372843425,44.67674266032986,-0.1570822793030402,0.35247285017841934,-0.5095551294814595,80.11561504922123,75.34111747741699,70.56661990561274,515909.1,0.4810537360166743,1.9933350737084512,-1.0282841123898656,-0.20848772856875142,1.8800759024857339,-1.0831889415647167,-1.1382171672167818
2024-10-21,74.90135192871094,74.99593011864873,72.82076162553119,72.91533260016612,395102,73.67191467285156,75.43568992614746,73.0650754292806,51.71854723171056,-0.08879073883706212,0.26422013237532305,-0.35301087121238517,80.08915795203879,75.43568992614746,70.78222190025613,528409.2,0.7477197596105443,2.017579529629663,2.857137468997406,-0.08108075314693375,0.23527539270360442,-1.9710885037641845,-2.193010867723144
2024-10-22,74.99592590332031,76.31993390439587,74.05020177952208,74.90134771869853,432776,73.82322998046875,75.49716148376464,73.0650754292806,52.01751811772545,-0.02672974774715442,0.20603015635082758,-0.232759904097982,80.08987280286942,75.49716148376464,70.90445016465986,545397.25,0.7935060178612928,2.051199875662212,0.12626470974701487,0.028084610514422792,-0.030156527726787896,-0.893652784592669,-0.8968260366216563
2024-10-23,74.33391571044922,75.46878900380648,74.23934473982841,74.99592693539992,204245,74.12586059570313,75.54444770812988,73.04300842285156,49.697655897983054,-0.030611781535398563,0.15870176877358236,-0.18931355030898092,80.06463406704239,75.54444770812988,71.02426134921737,548406.75,0.37243341734943997,1.9416324607709927,-0.8827282080956178,-0.11543711676430535,-0.852629098085167,2.1490836872562813,-0.6221847493012134
2024-10-24,73.67191314697266,74.71220827482743,73.57734217449544,73.95562606440431,199097,74.1447738647461,75.42150344848633,73.02882245381673,47.42017173411796,-0.08611373009087231,0.10973866900069144,-0.19585239909156377,80.00781432041816,75.42150344848633,70.8351925765545,525059.1,0.37918969502671224,1.834063612712459,-0.890579430868732,-0.03123109124840706,-0.6095637401184573,3.1043115675402966,1.081378189144111
2024-10-25,73.67191314697266,74.05020425218423,73.57734217449544,73.95562606440431,209120,74.31500396728515,75.18034362792969,73.04773686726888,47.42017173411796,-0.12861680967034772,0.062067573266483614,-0.19068438293683132,79.58998678670048,75.18034362792969,70.7707004691589,470601.15,0.44436780488105476,1.6525700747093028,0.0,-0.06311938616798685,0.6723275032274767,1.6695178915175912,0.05632580575358759
2024-10-28,73.67191314697266,74.42848814209309,72.63161801911788,74.42848814209309,200002,74.0691162109375,75.00538482666016,73.05719413757325,47.42017173411796,-0.1604512246152865,0.01756381369012959,-0.1780150383054161,79.3597802778871,75.00538482666016,70.65098937543323,395791.0,0.5053222534115227,1.6718100811447567,0.0,0.25012638112038577,-0.6440637870254728,1.3894706859923334,0.8441092295790709
2024-10-29,72.91533660888672,73.29362774352687,71.87504140010377,73.29362774352687,402002,73.65299835205079,74.79259719848633,73.02724622090658,44.50870603403956,-0.2439178977714107,-0.03473252860217847,-0.20918536916923225,79.11721616040431,74.79259719848633,70.46797823656836,383534.5,1.0481508182445125,1.6884849699079743,-1.026953835957256,-0.15593671303683054,-1.170271773009135,3.4053144479762265,0.558029111155034
2024-10-30,74.5230712890625,76.13079957407068,73.29362691913636,74.2393511374478,886010,73.69082946777344,74.6318244934082,73.00833180745443,51.34502066077877,-0.17827998461451955,-0.06344201980464668,-0.11483796480987286,78.72837651177448,74.6318244934082,70.53527247504192,397780.75,2.2273827981871923,1.8920820359447723,2.2049334954038047,-0.033745516386241015,-0.4630438149480831,-1.4323959016565913,-3.107652497411173
2024-11-01,75.6579360961914,75.84707805031066,73.10448363906616,74.52306994086975,300284,74.0880340576172,74.50888061523438,73.0587703704834,55.511413616250316,-0.03429206251703931,-0.05761202834712521,0.0233199658300859,78.30135818828452,74.50888061523438,70.71640304218423,393793.8,0.7625412081145005,2.0054836859847356,1.5228368711844409,-0.008469656393517155,-0.17681353912938347,0.709320492485066,-0.05894749978038183
2024-11-04,78.68424987792969,79.6299740698053,75.65793535004892,76.31993939824066,1165451,75.09050140380859,74.55143775939942,73.27943929036458,64.29247795561412,0.32032512470674135,0.017975402263648105,0.3023497224430932,78.51616949978843,74.55143775939942,70.5867060190104,435466.15,2.6763297216098194,2.267691023820955,3.9999951596493943,0.18830568818823945,0.8134762750590552,-2.098884221167119,0.41296976190574597
2024-11-05,86.53376007080078,86.53376007080078,78.58967573599459,79.44082891745646,10940226,77.66287078857422,74.96755638122559,73.64669545491536,76.98264340833097,1.220680427806741,0.25851640737226667,0.9621640204344742,81.47881683260402,74.96755638122559,68.45629592984716,961377.3,11.379742375860133,3.024543465285653,9.975961142221967,-0.03382976410999383,0.6157022965944003,1.007189853585877,0.11750275671003063
2024-11-06,86.91205596923828,91.16781489598256,86.06090274082881,87.57406002727727,17705054,80.46221466064453,75.3553035736084,73.95405578613281,77.39951197294286,1.942353566831045,0.5952838392640224,1.3470697275670225,83.60783327271429,75.3553035736084,67.1027738745025,1818822.5,9.734349558574298,3.3021926239347326,0.43716567745117896,-0.2810876692411757,0.47861170401419795,2.9487176421822525,6.748840739027329
2024-11-07,90.50579833984375,92.20810469729958,86.53375979285038,87.10119284023476,12359274,83.65876007080078,76.14498291015624,74.3339215596517,80.93246761309165,2.7723122145270906,1.0306895143166361,1.7416227002104545,86.80871609530975,76.14498291015624,65.48124972500274,2381465.9,5.189775759543734,3.618479594669995,4.1349181428609105,1.6098729025626257,0.8245523226092066,-0.3044051494773381,-1.649260190593671
2024-11-08,93.62669372558594,96.4638662627249,90.97866313813508,93.62669372558594,17251531,87.25251159667968,77.16163635253906,74.73743044535318,83.36451869384906,3.6399317303649212,1.5525379575262932,2.0873937728386283,90.27615632351113,77.16163635253906,64.047116381567,3225340.45,5.3487472927082775,3.9304247050981496,3.448282257036639,-0.9296486058043341,0.6197250034959412,-2.2761961418243493,0.0
2024-11-11,92.8701171875,94.57242370022539,91.64068000857905,94.19413256236382,5315350,90.08968505859374,78.17828979492188,75.12517738342285,80.67798923689824,4.217856222865052,2.085601610594045,2.132254612271007,92.8440636506852,78.17828979492188,63.51251593915857,3474757.9,1.5297036953279537,3.797267236637907,-0.8080778119789356,0.627458984621776,-0.1029553901989333,-0.639120230409651,-2.962540612848874
2024-11-12,89.56007385253906,94.09955264516032,89.3709319092226,92.68096642437901,4995230,90.6949478149414,79.02471237182617,75.44987589518229,70.04292479170967,4.358530288868366,2.5401873462489095,1.8183429426194562,94.28459612572102,79.02471237182617,63.76482861793132,3714619.35,1.3447488233215605,3.9214477032112143,-3.5641640553528475,0.4336932611868294,-2.3284295008224376,0.3859409319530105,-3.9746609584634385
2024-11-13,89.65465545654297,90.78952159030057,88.70893127331068,90.12751754815912,2796412,91.24346771240235,79.7954776763916,75.77615076700846,70.16395228326073,4.426620123362795,2.917473901671687,1.5091462216911085,95.58567220638456,79.7954776763916,64.00528314639864,3842178.2,0.7278194436686981,3.676000051715037,0.1056068847817615,0.1235439255507842,-0.5288498883201043,-2.4775813897099486,-2.039606147241768
2024-11-14,91.0732421875,93.15383251490981,89.74922688128333,89.84379785701961,5180424,91.3569564819336,80.70810165405274,76.12449264526367,71.99165663559722,4.542684660283939,3.2425160533941377,1.3001686068898013,96.90558246928167,80.70810165405274,64.51062083882381,4068588.5,1.2732730282258822,3.652423652601944,1.5822789388161063,-0.020971256315938103,-0.6336314481737659,-2.146300578994087,-1.77585431828573
2024-11-15,90.22208404541016,92.39724522970246,89.37093087968597,91.26237915227192,3085251,90.67603454589843,81.54033851623535,76.45707219441732,69.2505439466782,4.513951272915435,3.4968030972983972,1.0171481756170375,97.90472963902087,81.54033851623535,65.17594739344983,4213551.05,0.7322211036223235,3.5689424122572166,-0.9345864072100252,0.3986669276656585,0.12057324525860391,-3.3721196956665977,-4.239405748547087
2024-11-18,87.95234680175781,90.2220862267992,87.19576458830977,90.2220862267992,2242275,89.69248046875,82.29691772460937,76.73606071472167,62.42477309543402,4.25893665912551,3.64922980966382,0.60970684946169,98.36029722493237,82.29691772460937,66.23353822428638,4313255.8,0.5198567170535074,3.496592975754846,-2.515722472681914,-0.23173876056459264,-0.8628257366824488,2.6559622667783334,-0.9114501466969682
2024-11-19,91.45152282714844,92.49182516903481,88.70892855214673,88.99264146923171,3586445,90.07077026367188,83.12442626953126,77.05603052775065,67.70903598680209,4.289740543120416,3.7773319563551397,0.5124085867652766,99.28851745252554,83.12442626953126,66.96033508653697,4472822.95,0.8018303071888861,3.635644361291133,3.9784907994299124,-0.06007286302424086,1.3406124900682936,0.2557132376070914,0.06569309152160141
2024-11-20,89.84379577636719,89.84379577636719,89.84379577636719,89.84379577636719,4666248,90.10859832763671,83.8668197631836,77.34920488993326,63.30404070104585,4.136736977605409,3.8492129606051937,0.28752401700021535,99.821520138376,83.8668197631836,67.9121193879912,4684496.55,0.9961044800000974,3.365255386556482,-1.758010146884048,-0.36001887929690835,-0.7021874267539641,0.9902415868041414,-0.3939585576520743
2024-11-21,89.65465545654297,91.26238368191672,87.29034499846223,88.89807322383596,2145350,89.82488098144532,84.63285675048829,77.62976977030436,62.78652710674149,3.9546319708187525,3.8702967626479055,0.08433520817084705,100.12486306486038,84.63285675048829,69.1408504361162,4781551.8,0.4486723326933319,3.4461598261428823,-0.2105212921936328,0.45165552347810056,-0.5848779832719808,1.7233749876451654,2.175345291212283
2024-11-22,90.69495391845703,92.58640235381462,90.03294263689997,90.78952489716428,3195565,89.9194549560547,85.4840087890625,77.92767295837402,64.50527684289187,3.8498768488358053,3.8662127798854855,-0.01633593104968023,100.29601156668667,85.4840087890625,70.67200601143833,4931375.2,0.6480068683477987,3.3775714356267184,1.1603395904168146,0.10408579018676978,1.5457767754733176,1.6795698924731095,3.0967684310004406
2024-11-25,92.20811462402344,92.96469691218809,90.88409922738703,91.07324840707992,2714654,90.7706085205078,86.41081886291504,78.24291445414225,66.89998408234868,3.844638483636942,3.861897920635777,-0.01725943699883503,100.4080872611842,86.41081886291504,72.41355046464587,5056651.9,0.5368481069460209,3.2298609767072968,1.6684067196581553,0.194435698150075,0.19231667879251457,3.9787367621188396,7.1964857423109985
2024-11-26,89.84379577636719,91.35695299901387,89.56007564042596,91.35695299901387,1619470,90.44906311035156,87.21941299438477,78.50141245524088,60.079423603907124,3.608114175663701,3.811141171641362,-0.20302699597766116,99.92718810854475,87.21941299438477,74.51163788022478,5127625.3,0.3158323600595387,3.1522847109593206,-2.5641114746752014,-0.7261611146034852,-1.1748520051593436,-2.1688074431020388,6.187992745678139
2024-11-27,87.47948455810547,90.69494813627476,87.47948455810547,90.69494813627476,1476552,89.97620086669922,87.9476203918457,78.72523384094238,54.13566938071054,3.19307897479014,3.687528732271118,-0.49444975748097786,98.72694924873954,87.9476203918457,77.16829153495186,5181352.8,0.28497422526410476,3.16070855992065,-2.6315798412466895,0.22577646053867362,-1.5167516755981714,-0.6636560614634912,4.233106259059327
2024-11-28,84.92603302001953,88.1414894132033,83.41286858169448,87.47948538291318,2930567,89.03047637939453,88.46776847839355,78.89231185913086,48.54934534034286,2.627826441440291,3.4755882741049526,-0.8477618326646614,97.35799447004845,88.46776847839355,79.57754248673865,5283580.65,0.5546554872783099,3.3697635294657395,-2.918914704384079,0.030242115860379393,-0.16064141835966383,-0.6636560614634912,4.233106259059327
2024-11-29,86.25004577636719,86.9120570580024,85.0206086224215,85.11517960113993,842081,88.14149475097656,88.99737396240235,79.08460909525553,51.3525324209016,2.260637281157571,3.2325980755154764,-0.9719607943579054,95.65657274962703,88.99737396240235,82.33817517517767,5310670.5,0.15856397040637335,3.1852649306013574,1.5590187240178244,0.24526484448965657,-0.1632385004971093,1.0945334600741985,0.7384003982506826
2024-12-02,85.3043212890625,87.29034791239023,85.3043212890625,86.81748580498899,715050,86.76073608398437,89.32837753295898,79.27060139973959,49.286914663685785,1.871748808659234,2.960428222144228,-1.0886794134849942,94.26428789444215,89.32837753295898,84.39246717147581,5288150.45,0.1352174085742965,3.0253664896315406,-1.0964915772413653,-0.170188817196526,2.131071027512643,3.9791817946690955,1.6230151278886051
2024-12-03,85.3043212890625,87.00662776182823,85.11517933222326,86.34462369758775,871100,85.85284118652343,89.26690559387207,79.47077967325846,49.286914663685785,1.545733637229958,2.6774893051613744,-1.1317556679314165,94.37691267218989,89.26690559387207,84.15689851555425,4784694.15,0.18205970385797804,2.8741774149613306,0.0,0.4701136177487131,1.2777945571064597,-5.598376687623174,-4.246503605792629
2024-12-04,90.22208404541016,91.16780818170314,85.68260530508286,86.25003834379814,2873363,86.40136108398437,89.43240699768066,79.81124025980631,59.18736655342593,1.6649936101238723,2.4749901661538742,-0.809996556030002,94.43455502982525,89.43240699768066,84.43025896553607,4043109.6,0.7106814517222091,3.2727520119852382,5.764963230506592,-0.39120209053116195,0.9895539123634611,-5.500639553335596,2.2174250872795565
2024-12-05,88.04692077636719,91.07324251803199,87.29034575242822,90.41123125486955,2330039,87.02553863525391,89.30946311950683,80.10756708780924,54.151709702945276,1.5659393268535808,2.2931799982938155,-0.7272406714402346,94.32138895161188,89.30946311950683,84.29753728740178,3541647.85,0.6578968600732001,3.3407713124677088,-2.4108989412704895,-0.4651336042930887,0.054221440666024634,-0.34864840484709614,-3.386234721842085
2024-12-06,92.20811462402344,92.68097675030049,88.33064663161237,88.99265072227885,4836149,88.21715240478515,89.23853416442871,80.4622137705485,60.98954849543258,1.8024343198097768,2.195030862597008,-0.39259654278723133,94.02844098038156,89.23853416442871,84.44862734847587,2920878.75,1.6557171364953098,3.513209267329788,4.7261094550090865,0.03032821885522452,-0.3209133409747267,1.186490423856168,-0.43812306850659066
2024-12-09,90.12751770019531,95.51814266759169,90.12751770019531,93.43755234709205,9024225,89.18179168701172,89.10140419006348,80.76642176310222,56.455785102912984,1.8012083138739712,2.116266352852401,-0.3150580389784299,93.60183782009928,89.10140419006348,84.60097056002768,3106322.5,2.9051152930837025,3.763531360672,-2.256414126144657,0.20171769247800952,0.3448434410777468,1.743842033447085,-0.16502866204217703
2024-12-10,88.80350494384766,90.78952434585256,88.33064283787968,89.84380013391659,1650672,89.88162841796876,89.0635757446289,81.08323936462402,53.719122582419146,1.6741019262227468,2.02783346752647,-0.3537315413037234,93.56049363307176,89.0635757446289,84.56665785618605,2939094.6,0.5616260191148662,3.5895780469787835,-1.4690438504607606,-0.05310753893845721,-0.6366533332259117,-1.9799112902525784,-1.5977796114320042
2024-12-11,89.18179321289062,89.93836822900492,88.14149084086627,89.56007711329633,990145,89.67357025146484,89.0399326324463,81.38587112426758,54.39926525126213,1.585615906918548,1.939389955404886,-0.35377404848633787,93.52873050368625,89.0399326324463,84.55113476120634,2848781.25,0.3475679292679984,3.350551292466766,0.4259834893703518,0.472647811741278,-0.957614927178041,2.4570469894366065,0.9518365498143888
2024-12-12,86.53376007080078,90.69494779048999,86.4391890984834,90.12751474128298,1782500,89.37093811035156,88.81295852661133,81.63491172790528,48.97368213100805,1.286980445622703,1.8089080534484494,-0.5219276078257464,93.32785581703745,88.81295852661133,84.2980612361852,2678885.05,0.6653887594019758,3.47124561240541,-2.969253080355294,-0.1168319802240636,0.6250970544977807,-1.2652649623457912,-2.384917982910717
2024-12-13,84.83145904541016,86.62833649370947,84.6423170888747,85.87176145226454,924621,87.8956069946289,88.54342727661133,81.82878506978354,45.810555536300136,0.9025442565919803,1.6276352940771557,-0.7250910374851753,93.33902119353694,88.54342727661133,83.74783335968571,2570853.55,0.3596552592425967,3.273215451395991,-1.9672102818574233,-0.06095614844506825,-0.11420375760532453,-1.7136067879896855,1.193168677000389
2024-12-16,83.12916564941406,85.8717675042885,82.84544547931188,85.8717675042885,831080,86.49593658447266,88.30226821899414,81.98010114034017,42.831363794408404,0.4552669229802717,1.393161619857779,-0.9378946968775073,93.67355393873778,88.30226821899414,82.9309824992505,2500293.8,0.3323929371820224,3.2402963278734083,-2.0066770218874375,0.09948574552680611,0.08435932473851437,0.7277188653669775,-0.39302593413381715
2024-12-17,84.1694564819336,84.45317663709513,83.2237322517995,83.2237322517995,443757,85.56912689208984,87.9381649017334,82.16609369913736,45.17772563089111,0.18263389983327727,1.1510560758528787,-0.9684221760196015,93.39713680415007,87.9381649017334,82.47919299931674,2343159.4,0.18938404275867873,2.984791615847762,1.251414981002963,-0.2501633362811728,-0.0950118039959369,1.9566456571246338,-1.2965189636549246
2024-12-18,86.34461975097656,86.34461975097656,83.22372709865583,84.9260334936131,673234,85.00169219970704,87.76320610046386,82.37572911580403,49.815684883768455,0.14046852823342704,0.9489385663289884,-0.8084700380955614,93.18921603456033,87.76320610046386,82.33719616636739,2143508.7,0.314080367390158,3.002938420710825,2.5842667399305963,0.03948023999278405,0.6545316375484278,-4.148210285221554,-0.7424124545280741
2024-12-19,85.0206069946289,85.6826110482863,84.26402474876069,85.39889811756301,684076,84.69906158447266,87.53150367736816,82.56960271199544,47.19822212281258,0.00021294851653408386,0.7591934427664976,-0.7589804942499635,93.01291863116646,87.53150367736816,82.05008872356987,2070445.0,0.3304004694642939,2.8799592982448314,-1.533405046158287,0.7653556048109023,-1.0204294103727585,-0.20021138581083342,-2.1288737706551264
2024-12-20,84.35858917236328,85.87175354655118,84.26401820280216,84.64230929634913,467450,84.60448760986328,87.21468544006348,82.7067325592041,45.89959213370499,-0.1624868669810411,0.5748573808169899,-0.737344247798031,92.65857269523106,87.21468544006348,81.7707981848959,1934039.25,0.24169623237997884,2.710329437645389,-0.7786557232030145,-0.14688883539788478,-1.840203207273594,1.0802421532034145,0.9994003946645513
2024-12-23,87.7632064819336,89.18179274695211,85.30431785032587,85.39889604023605,1290429,85.53129577636719,86.99244003295898,82.8612008412679,53.05354245527295,-0.016513126599107864,0.45658327933377035,-0.4730964059328782,91.91605113867799,86.99244003295898,82.06882892723998,1862828.0,0.692725791109002,2.992045989237848,4.035886971288627,-0.042905113412716744,2.640082018191703,1.725186646439636,0.2910306777849536
2024-12-24,87.1011962890625,90.22208899620438,87.1011962890625,88.14149145300881,1362359,86.11764373779297,86.85531005859374,83.02670262654622,51.62406075285808,0.04523201787678488,0.3743130270423733,-0.3290810091655884,91.59383638451973,86.85531005859374,82.11678373266776,1849972.45,0.7364212369757183,3.009225551625052,-0.7543140450404717,-0.024526060488960777,0.06795708770699349,1.906054817368008,1.7991977557835437
2024-12-25,88.70893096923828,88.80350194417676,87.19576650901102,87.19576650901102,674753,86.59050598144532,86.91678237915039,83.21899998982748,54.80865336319393,0.22134471788899646,0.34371936521169794,-0.12237464732270148,91.72084843160702,86.91678237915039,82.11271632669376,1809882.5,0.37281591484530074,2.834969565423613,1.8458238792039117,0.018390283940372676,0.4320483869864056,1.906054817368008,1.7991977557835437
2024-12-26,88.70893096923828,90.69495030415793,88.70893096923828,89.84379709910583,1476525,87.32817077636719,87.10592727661133,83.40184008280436,54.80865336319393,0.3568023065835888,0.3463359534860761,0.010466353097512704,91.87774560456232,87.10592727661133,82.33410894866033,1737180.4,0.8499549039351354,2.7217762013564175,0.0,0.2879211150416561,0.11545410278845925,-1.2960307261217108,1.311291120709046
2024-12-27,89.08721923828125,90.1275216595349,88.14149501190755,88.70893531997436,714549,88.27389678955078,87.24778594970704,83.58468017578124,55.60614329570842,0.4890407658368048,0.37487691595622186,0.11416384988058292,92.08076901606026,87.24778594970704,82.41480288335381,1730803.8,0.41284228749671104,2.6236762608592095,0.42643763701102344,0.041578320025936755,0.12363018552592475,-1.507004711168436,-1.6319580244515852
2024-12-30,87.57405853271484,88.89807384149991,87.57405853271484,88.89807384149991,500207,88.23606719970704,87.36127281188965,83.74702936808268,51.67770438447032,0.4663653056528432,0.39317459389554615,0.07319071175729702,92.10792833966269,87.36127281188965,82.6146172841166,1720061.65,0.29080759983225024,2.4756075201535026,-1.698516036872988,0.26587407296438936,-0.3672522989560889,-3.8630555510286935,-3.661340184185524
2024-12-31,86.72290802001953,87.57406126041415,86.15547493152417,87.57406126041415,391092,88.16040954589843,87.4322021484375,83.88888804117839,49.55686842672701,0.37538688078484483,0.3896170512734059,-0.014230170488561067,92.09102172891704,87.4322021484375,82.77338256795795,1696061.25,0.23058837055560347,2.3346713613183674,-0.9719208255916878,-0.14782773801352844,-0.6688153383762052,-0.6460760373890873,0.5938366910320569
2025-01-02,85.68260955810547,87.29034499878813,85.39889663231646,86.5337627660783,495016,87.55514526367188,87.20522842407226,83.99764633178711,47.01708969141476,0.21684280302007153,0.35506220162273905,-0.13821939860266752,91.73220350912987,87.20522842407226,82.67825333901465,1577143.9,0.3138686330397626,2.2755749620054737,-1.1995659343825404,0.1251537494249222,-0.8814334035584737,-2.1252976507575294,-1.475816039216471
2025-01-03,83.03458404541016,85.87175652237903,83.03458404541016,85.87175652237903,1086909,86.42027587890625,86.95461158752441,84.1363525390625,41.22539400167774,-0.12108228801372434,0.2598333036954464,-0.3809155917091707,91.82717265172245,86.95461158752441,82.08205052332637,1514987.4,0.717437649976495,2.3504546306672602,-3.090505210277894,0.20975544231986998,0.3339174500631481,3.565063677813307,2.816059906470847
2025-01-06,85.3043212890625,85.77718339646374,83.2237309026183,83.88573496685878,610026,85.6636962890625,86.60942192077637,84.33653081258139,47.22616121940697,-0.20339689787120108,0.1671872633821169,-0.37058416125331795,90.8524307733593,86.60942192077637,82.36641306819344,1303681.25,0.46792572954470274,2.402740593385437,2.733484209917969,0.12929662335154912,2.79117234558639,0.9388237994850446,0.17484960996152488
2025-01-07,83.79116821289062,86.43919903396309,83.79116821289062,85.68261673785567,579030,84.90711822509766,86.29260444641113,84.52409947713217,44.00086067780387,-0.3862778558544875,0.05649423953479603,-0.4427720953892835,90.37266970368843,86.29260444641113,82.21253918913384,881421.5,0.6569274745397066,2.4354459570770413,-1.773829336317445,-0.5362688493261603,0.43978199844929566,-2.7592660596029384,0.05815844931063019
2025-01-08,81.89971923828125,83.31830562421673,81.71057727294458,82.94001447823992,955230,83.94248046875,85.94741516113281,84.67856775919596,40.29620273414357,-0.6760434493332639,-0.09001329823881594,-0.5860301510944479,90.29259120826364,85.94741516113281,81.60223911400197,846649.4,1.1282474185890878,2.3881319547929087,-2.257336918616193,-0.034527787352645056,-1.031401095838369,-7.046067593176552,-3.2558200004464077
2025-01-09,78.49510955810547,81.71057332041379,78.30596760191803,81.71057332041379,1054477,82.50498046875,85.41308097839355,84.74949709574382,34.6422696461439,-1.1669563708553454,-0.30540191276212186,-0.8615544580932235,90.62537480064451,85.41308097839355,80.2007871561426,849866.0,1.2407567781273754,2.5488812456689507,-4.157046827316124,0.5983308797275377,-1.3935772156041248,-7.046067593176552,-3.2558200004464077
2025-01-10,78.68424987792969,80.19741435717305,78.58967890180273,78.77882806935963,451000,81.63491363525391,85.02060546875,84.84722188313802,35.18633937758068,-1.5231879918812012,-0.5489591285859378,-0.9742288632952635,91.00283421311438,85.02060546875,79.03837672438563,783291.0,0.5757757972452128,2.436004386122101,0.24095809393605006,-0.27125588031043923,-0.3001217089277253,-7.494430875770341,-1.6826955380992548
2025-01-13,76.0362319946289,78.11682248180912,75.09050773403726,78.02225149881066,898388,79.78129577636719,84.58084411621094,84.88820330301921,31.262567714473718,-1.996166466374092,-0.8384005961435685,-1.1577658702305234,91.78908396226012,84.58084411621094,77.37260427016176,781979.35,1.1488640972424655,2.590369420491478,-3.365372215416551,0.8080683673291622,-2.2750412660863084,3.5780503416997123,-0.6112356093005533
2025-01-14,77.54938507080078,77.54938507080078,76.13079875853003,76.31994071404489,337130,78.53293914794922,84.30185508728027,84.96701367696126,35.67669283572333,-2.2232779435457246,-1.115376065624,-1.1079018779217247,92.15017071404624,84.30185508728027,76.4535394605143,757281.85,0.44518431281563137,2.4467405745821975,1.990042163423822,-0.12629097569892833,1.3748884512583492,-1.2350074098805952,-1.107019625318395
2025-01-15,76.2253646850586,77.83310006160744,76.2253646850586,77.83310006160744,310105,77.39806823730468,83.90465049743652,84.98908055623373,33.640980227541576,-2.481497645109229,-1.388600381521046,-1.0928972635881833,92.54528905138591,83.90465049743652,75.26401194348713,750599.25,0.4131432318910524,2.3348732148444173,-1.7073254475627242,-0.308884934043574,-1.2411403721450665,0.09061115763686622,2.363188189467813
2025-01-16,76.69823455810547,78.02224993953399,76.69823455810547,77.45481683757987,317040,77.03869323730468,83.42233123779297,85.01745236714682,35.066047522080524,-2.6178055394232445,-1.6344414131014857,-0.9833641263217587,92.55255124797372,83.42233123779297,74.29211122761222,732789.55,0.43264809111974917,2.263141486795215,0.6203576394821386,-0.47462027715259314,2.2675507006747475,-3.1142517381116064,0.3037670650690272
2025-01-17,76.2253646850586,77.36023798885236,75.65793164081302,77.07651785907827,307058,76.54691619873047,82.98256912231446,85.04897651672363,34.27340503490319,-2.732488745189528,-1.8540508795190944,-0.8784378656704335,92.62172594954824,82.98256912231446,73.34341229508068,713938.65,0.4300901765158673,2.188363468294432,-0.6165329303487899,0.14330122044485805,0.5341148174661026,2.093071914994482,-0.060559834164941595
2025-01-20,76.69823455810547,77.17109667895113,76.03623047504288,76.22537243725981,189705,76.67931671142578,82.59955139160157,85.09941520690919,35.83536866528503,-2.75347897356464,-2.033936498328204,-0.7195424752364361,92.61011174934383,82.59955139160157,72.5889910338593,700051.4,0.27098724465089274,2.047897166376274,0.6203576394821386,0.2040049502909147,0.5129593209210137,2.093071914994482,-0.060559834164941595
2025-01-21,76.69823455810547,77.54938781868833,76.31994341836827,76.41452161478009,230050,76.50908660888672,82.04630279541016,85.14985389709473,35.83536866528503,-2.738545631424742,-2.1748583249475115,-0.5636873064772305,92.07829677262488,82.04630279541016,72.01430881819543,647032.45,0.35554630992618685,1.9387701309021126,0.0,-1.8049163113836197,0.14264713733647127,1.793885270136486,4.848466095206305
2025-01-22,77.54938507080078,77.54938507080078,76.60366086262029,76.88738101119567,646136,76.77389068603516,81.56871223449707,85.21447842915853,38.868085531327274,-2.627739175670783,-2.265434495092166,-0.362304680578617,91.49637434245973,81.56871223449707,71.64105012653441,611221.3,1.0571228456861697,1.8063640078725636,1.1097393800511668,0.8293035215003464,0.9673832452960607,0.7552565443905701,-0.5780239706307255
2025-02-03,76.41452026367188,76.60366222254451,74.33392263955663,76.60366222254451,405108,76.71714782714844,80.95399169921875,85.27279815673828,36.397871430053854,-2.601509781267879,-2.3326495523273083,-0.2688602289405706,90.53663061143621,80.95399169921875,71.37135278700129,597739.05,0.6777338706581073,1.9942437976554417,-1.4634091631968493,-0.3354747105550504,-3.5310722033439546,-3.9740195357103825,-3.9574582833931005
2025-02-04,79.62997436523438,79.62997436523438,76.31993968138943,76.5090888496481,794092,77.3980697631836,80.50004386901855,85.35791320800782,46.7283504748588,-2.2948093897305313,-2.325081519807953,0.0302721300774218,89.36951447147658,80.50004386901855,71.63057326656053,563617.4,1.4089203065767664,2.1696825824807093,4.207909819321554,0.4843438559004598,0.4373265659709302,0.6366962200720527,2.3370150620267482
2025-02-05,81.80513763427734,85.11517210502845,80.38655143252687,85.11517210502845,2491408,78.41945037841796,80.13593978881836,85.4603665669759,52.364862796379256,-1.8548480884060439,-2.2310348335275716,0.3761867451215277,88.06965093923476,80.13593978881836,72.20222863840196,652460.35,3.8184818433794483,2.6117512701224914,2.731588558683029,-0.2891986256126744,1.6127918339116087,2.253853990468846,9.855778807639393
2025-02-06,85.87175750732422,87.00662362500753,82.845435834664,82.845435834664,2769084,80.25415496826172,80.05082473754882,85.58015836079916,60.73045335183407,-1.164608468283049,-2.0177495604786673,0.8531410921956182,87.67919316280295,80.05082473754882,72.4224563122947,765904.2,3.6154443336385937,2.957049232870185,4.9711057161560435,-0.21221627178528157,0.669296009715703,1.3921063205962314,-3.829336799812766
2025-02-07,86.34461975097656,86.53376169917055,84.64231335601929,85.2097464159041,960509,82.01320190429688,80.03191032409669,85.57700602213542,61.575466622947914,-0.572829345122841,-1.728765517407502,1.155936172284661,87.59219475471541,80.03191032409669,72.47162589347796,794375.05,1.2091379254673218,2.814969114240996,0.5506609592938805,-0.07860262820782449,0.6933683495169651,-2.269257547430381,-2.332195292721828
2025-02-10,87.00662994384766,87.29035010152502,85.58804358606753,86.25004766691026,796284,84.13162384033203,80.09811134338379,85.57858225504557,62.78290462024017,-0.04984683329966799,-1.3929817805859355,1.3431349472862675,87.88647903444627,80.09811134338379,72.30974365232132,809438.45,0.9837486716871432,2.6666141010698623,0.766706941069839,0.09726337705842081,-0.9631412824059216,-8.21463235994665,-1.3977863206440788
2025-02-11,87.57405853271484,90.3166601262047,87.29034560495568,87.76320769985726,1677034,85.72044067382812,80.32508506774903,85.52971992492675,63.83199290205595,0.4057303136315369,-1.033239361742441,1.4389696753739778,88.71512002972383,80.32508506774903,71.93505010577422,838944.7,1.9989803857155306,2.7524029119081526,0.6521670696053805,0.11422745347031693,0.5673032792007815,1.892005468381397,0.47255326744144455
2025-02-12,87.19577026367188,87.76321056834259,86.62833717430436,87.38491943699651,561191,86.79856719970704,80.41965751647949,85.42253786722819,62.565791335595726,0.727863426504328,-0.6810188040930871,1.4088822305974151,89.08416350844298,80.41965751647949,71.755151524516,836502.95,0.6708774906292919,2.5367323095254957,-0.4319638433813777,-0.18895087172872138,-0.40326965645153257,4.443983005535723,1.5284933525709699
2025-02-13,87.47948455810547,87.95234663679793,87.10119345209095,87.10119345209095,462426,87.12011260986328,80.60407333374023,85.33269399007162,63.156091848771425,0.9945846589207008,-0.34589811149032956,1.3404827704110303,89.71616817649792,80.60407333374023,71.49197849098255,830672.75,0.5566885395000618,2.3119884262163595,0.3253762121438575,0.16004999541816556,0.4708515817043901,1.7179320256933472,2.779396629188513
2025-02-14,87.29034423828125,87.47948618715938,86.72290396104118,87.19576604853934,357253,87.30925750732422,80.87360458374023,85.29486516316732,62.44909377686768,1.1771318706692426,-0.041292115058415124,1.2184239857276578,90.45393940280556,80.87360458374023,71.2932697646749,800773.9,0.44613467047315103,2.1046009328699378,-0.2162110588324162,-0.7319906963362488,-1.0547307799725902,1.78712430249921,4.957736674234092
2025-02-17,87.66863250732422,88.14149461839997,87.29034859070617,87.29034859070617,575216,87.44165802001953,81.33228073120117,85.26176478068034,63.33319002519315,1.3369154241774197,0.23434939278875186,1.1025660313886678,91.3035643644093,81.33228073120117,71.36099709799304,776810.85,0.7404839929823328,1.9374741925031094,0.4333678281876585,0.15391983887540484,1.523459828704521,1.78712430249921,4.957736674234092
2025-02-18,88.51978302001953,89.18179428428847,87.95234994729115,87.95234994729115,840701,87.63080291748047,81.82405738830566,85.21920712788899,65.31209685700108,1.5147645121361393,0.4904324166582294,1.0243320954779098,92.20711137862929,81.82405738830566,71.44100339798203,796295.9,1.0557645719386475,1.8808992037645953,0.9708723500668315,0.12581943498035653,0.6840120787098725,0.23152407417601495,-0.16102123942272062
2025-02-19,90.31666564941406,90.78952777323298,88.51978813584148,89.56008336518242,1504314,88.2549819946289,82.53807907104492,85.22078348795573,69.10318561561823,1.7801837564755942,0.7483826846217023,1.031801071853892,93.20545216363949,82.53807907104492,71.87070597845035,826592.2,1.8198986150607277,1.932745277024442,2.0299220898317705,0.04493902906270719,-0.26210179244977594,6.871991611925088,2.6881858283221316
2025-02-20,90.60037994384766,91.546104130254,90.1275178506445,91.16781301263087,1136226,88.87916107177735,83.19062881469726,85.26491737365723,69.6668869702807,1.990478791836253,0.9968019060646125,0.9936768857716405,94.16536761255392,83.19062881469726,72.2158900168406,866547.0,1.3112110479870105,1.864190744035783,0.31413282631014283,0.07610438798688612,-0.49406348495265595,0.3962557977111203,-0.10471629468223886
2025-02-21,89.37094116210938,91.07324768941376,89.37094116210938,91.07324768941376,435100,89.29528045654297,83.8479076385498,85.23024101257325,64.20068805541362,2.034481451859506,1.2043378152235913,0.8301436366359145,94.63927146393152,83.8479076385498,73.05654381316808,872796.75,0.4985123970729726,1.8426061818049302,-1.3569907571030715,-0.16155224353523456,1.0336965036197743,-3.0319382678797524,-2.358508667467496
2025-02-24,89.2763671875,89.93837125075488,88.23607199582669,88.23607199582669,442360,89.61682739257813,84.47681427001953,85.22078386942546,63.78608320545382,2.0382271339389746,1.3711156789666679,0.6671114549723067,94.97587848547347,84.47681427001953,73.97775005456559,879062.75,0.5032177737027306,1.8238985915546984,-0.10582184027561059,0.24378228572174976,-0.6950599050789652,-1.2025859766080393,-1.5029392563599586
2025-02-25,88.42521667480469,89.46551189850642,88.42521667480469,88.89807879606033,425071,89.59791412353516,85.08680686950683,85.20029322306316,60.02880135841866,1.9500360788980373,1.4868997589529418,0.4631363199450955,94.96667264229464,85.08680686950683,75.20694109671902,884963.4,0.48032607902202507,1.7194181425076365,-0.9533883820650013,-0.2236579215236012,-1.1864466763289783,-4.082397458583031,-1.9073645001318362
2025-02-26,88.51978302001953,89.08721609274791,88.23607009130684,88.89807414027278,307728,89.23853759765625,85.67788429260254,85.16404037475586,60.3085447171175,1.8662616436107555,1.5627721358845046,0.30348950772625094,94.83252684153511,85.67788429260254,76.52324174366997,890864.55,0.345426249141915,1.6036485236987605,0.10694499688095327,0.2403748003681816,0.5017241236141778,-1.3080866217780596,-0.16666796761496405
2025-02-27,87.00662994384766,89.4655115209392,87.00662994384766,88.80350744009648,629334,88.51978759765625,86.19330406188965,85.0773489634196,53.8181338373917,1.6586510954305425,1.5819479277937123,0.07670316763683016,94.32257328293295,86.19330406188965,78.06403484084635,910828.75,0.6909465692645297,1.7176795974844654,-1.7093953741726398,-0.0854219922061139,-1.4928761271182256,-6.271015265656499,-6.622148410558626
2025-03-03,83.98030853271484,86.34461893943201,83.22372631644424,85.68260769636954,949406,87.44166107177735,86.51485023498535,84.9796241760254,43.69070380087628,1.2356752987268464,1.5126934019803393,-0.27701810325349285,93.65282887681015,86.51485023498535,79.37687159316054,925992.25,1.0252850388326684,1.9930428014736585,-3.4782652920656076,0.010029005274558855,-1.288020531332612,-4.548351592666533,-3.033835618620939
2025-03-04,84.73689270019531,85.11518384925269,81.80514892178175,83.12916433583084,398021,86.53376617431641,86.93096885681152,84.9339143117269,46.405978930017646,0.9505565277896153,1.4002660271421947,-0.4497094993525794,92.35406535042473,86.93096885681152,81.5078723631983,925637.9,0.4299964381320168,2.1686417516066294,0.9009066300176061,-0.048922726206168665,-0.7003312963471564,-0.9351996668276907,1.925398058599237
2025-03-05,85.0206069946289,85.77718202519408,84.73688684860257,85.11517797153667,248036,85.85284423828125,87.20050048828125,84.93549054463705,47.42970279294976,0.7389728016506893,1.2680073820438937,-0.5290345803932044,91.5191113729262,87.20050048828125,82.8818896036363,898335.1,0.27610632157198356,2.018195541604614,0.33481791152927265,-0.28611765666530786,1.2170685545562776,4.495392053374547,2.7744883608376902
2025-03-06,83.69658660888672,86.06089696506996,83.69658660888672,85.02060185140985,313500,84.8882049560547,87.29507293701172,84.8929328918457,43.275333972594176,0.4591608737430306,1.1062380803837213,-0.6470772066406907,91.17696051526121,87.29507293701172,83.41318535876223,789439.7,0.3971170945671975,2.064344183548431,-1.5572934992405196,0.019216094991714172,-0.6841176310348751,-5.614111671586497,1.2062013336311406
2025-03-07,83.12916564941406,84.45318108438487,82.75087449437903,83.98031894441698,297140,84.11271209716797,87.1579433441162,84.85668029785157,41.593900530102225,0.1894380517065315,0.9228780746482833,-0.7334400229417518,91.42608380621112,87.1579433441162,82.88980288202129,665842.5,0.44626169101551794,2.0160725044094177,-0.6779499409267586,0.17315585352613017,-0.6135009415062398,3.4639936662812953,0.9080623510765662
2025-03-10,82.84544372558594,84.16945913252911,82.56173077679321,83.41287683847487,228851,83.88573913574218,86.98298454284668,84.81569900512696,40.74149084530204,-0.0466751737466069,0.7289674249693053,-0.7756425987159122,91.65889830819553,86.98298454284668,82.30707077749783,629259.6,0.36368296963606117,1.9616266179196153,-0.3413025038945805,-0.09403841713142569,-0.5178931508299844,-2.73128113830563,-0.8436622159063378
2025-03-11,81.14313507080078,83.03458337347396,79.72454884379589,83.03458337347396,745069,83.16698760986328,86.68980979919434,84.66438318888346,35.97741393552026,-0.36692895904180034,0.5097881481670843,-0.8767171072088846,92.0453590012543,86.68980979919434,81.33426059713437,626698.85,1.188878837100148,2.1414143394874103,-2.054800575905924,0.12063354165599005,-1.7278505202805272,-2.9438388622112566,-3.346564962269427
2025-03-12,82.37257385253906,83.03458510143281,81.42684968152184,82.94000691208883,245017,82.63738098144532,86.42973556518555,84.56981074015299,41.31474483784084,-0.5155836292165503,0.3047137926903574,-0.8202974219069077,92.1003972311542,86.42973556518555,80.7590738992169,555098.0,0.4413941322072859,2.1080857649733598,1.5151482385608483,0.006697012528866786,0.9390996671090779,-0.02333676175462207,-2.4061029319882965
2025-03-13,80.67028045654297,83.79116611543121,80.57570226041938,82.37257975721747,234220,82.03211975097656,86.1034610748291,84.37751350402831,36.74678334438964,-0.761970851065783,0.09137686393912936,-0.8533477150049124,92.31378068428387,86.1034610748291,79.89314146537433,538749.45,0.43474754359378004,2.25573617697849,-2.0665778867654305,0.11408531144070366,-1.4214677219695382,-1.6335985371503492,0.9074534126752631
2025-03-14,81.14313507080078,81.52141895909328,80.38655286361043,80.85941493927874,139780,81.63491363525391,85.78664360046386,84.22777379353842,38.77188193225557,-0.908605248231197,-0.10861955849493593,-0.7999856897362612,92.33849762562663,85.78664360046386,79.2347895753011,522617.15,0.2674615634025787,2.1062868327790714,0.5861571468225302,0.18871601352579148,0.029010047686051088,2.4673714428967486,1.139083709380051
2025-03-17,80.76484680175781,82.56172419542173,80.57569763567045,82.46714600472659,219147,81.21879425048829,85.46036872863769,84.09379615783692,37.73113917249652,-1.043312113646465,-0.2955580695252418,-0.7477540441212231,92.33871736281415,85.46036872863769,78.58202009446123,515711.85,0.424940788155246,2.0902521297086993,-0.4661987347579055,-0.12860909638311435,0.685450337057314,1.9912031435438182,1.3633800071101376
2025-03-18,80.85941314697266,81.61599533739282,80.76484217699576,80.76484217699576,219246,81.16204986572265,85.11990776062012,83.95508982340495,38.177893461268404,-1.129418329796323,-0.462330121579458,-0.667088208216865,92.2088846687114,85.11990776062012,78.03093085252884,497913.35,0.4403296276350092,1.925038933800481,0.11708849698801593,0.09233778296404704,0.691901155514496,-1.4301954120925275,-0.35089801940757503
2025-03-19,80.00827026367188,81.33228565932625,80.00827026367188,81.33228565932625,278366,80.68918914794922,84.69433212280273,83.8463316599528,35.69554696749569,-1.251907038783358,-0.620245505020238,-0.63166153376312,91.94404301746755,84.69433212280273,77.44462122813792,469796.6,0.5925245095430661,1.8449024620476664,-1.0526206537681881,0.0691720867479928,-1.3956737184071533,0.36850223136077886,1.7018657946573201
2025-03-20,81.80513763427734,82.2779997015275,80.29198046213735,80.29198046213735,350018,80.9161605834961,84.2687557220459,83.79589296976725,43.97714107251262,-1.1902673819154046,-0.7342498803992714,-0.4560175015161332,91.11698205127273,84.2687557220459,77.42052939281906,412081.8,0.8493896114800509,1.9015460588220616,2.2458520408999982,0.07308017918177256,1.8962383754100642,-0.8719620287956253,-0.6924254299070398
2025-03-21,82.18343353271484,83.22372869838405,81.42685129479017,82.37257548454453,367017,81.12422027587891,83.84790840148926,83.78013076782227,45.566562086742614,-1.0982324522213815,-0.8070463947636934,-0.2911860574576881,90.06305665852292,83.84790840148926,77.6327601444556,373621.35,0.9823234137984889,1.887590238124971,0.4624353792163083,-0.04847648711218122,-0.7514778753577311,1.3425879771164162,-2.033698580348442
2025-03-24,90.31666564941406,90.31666564941406,86.8174888192754,86.8174888192754,2810770,83.03458404541016,83.89519462585449,83.88258425394694,67.1471403895469,-0.36480500281307116,-0.7185981163735691,0.3537931135604979,90.29880433219188,83.89519462585449,77.4915849195171,492404.85,5.708250030437353,2.7203424886015375,9.896437477830155,-0.0372943476917964,-0.4613378578019911,4.339884830644158,2.787644251606647
2025-03-25,85.77718353271484,92.01896913256839,85.77718353271484,91.73524898155571,5173893,84.0181381225586,83.72023544311523,83.87312698364258,54.22523437747022,-0.14814896483314044,-0.6045082860654833,0.4563593212323429,89.68066958188773,83.72023544311523,77.75980130434273,728981.5,7.097427026611786,3.1898682367684716,-5.0261843526424155,0.1100854006351959,0.753388228226104,-0.8099801431981191,-2.135015297375187
2025-03-26,85.3989028930664,89.18179990334082,85.11518273117444,86.62834009222352,1342250,85.0962646484375,83.56891975402831,83.8794319152832,53.30466450272478,-0.006892131802771928,-0.4849850552129411,0.4780929234101692,89.1692078874853,83.56891975402831,77.96863162057133,774840.45,1.732292112524585,3.3067680948215257,-0.44100380085826396,0.10299623953369252,-0.05791891930048143,-0.5958959381599738,-0.9433867073645574
2025-03-27,83.4128646850586,84.83145086824192,83.31829371590686,84.83145086824192,759954,85.41781005859374,83.31357383728027,83.8636698404948,48.63620918463662,-0.05457267942003341,-0.39890258005435963,0.3443299006343262,88.40607822492325,83.31357383728027,78.2210694496373,797451.75,0.9529780328402314,3.1432802391332615,-2.325601548411771,0.1307340140583202,-1.3860075941006245,-2.841923996393314,-1.011908358049718
2025-03-28,82.18343353271484,83.69659079326124,80.95398919991298,83.69659079326124,814020,85.41781005859374,83.07241401672363,83.77067362467447,45.953183132664236,-0.18938160290348094,-0.35699838462418393,0.167616781720703,87.87723608970964,83.07241401672363,78.26759194373761,806686.05,1.0090914550958208,3.089856419695261,-1.4739107174723043,0.06920720797163327,-1.5892536377484667,-6.444240866061845,-2.70594854837668
2025-03-31,76.2253646850586,79.53539919434417,75.7525026123035,79.34625725136317,1177684,82.59954986572265,82.68466682434082,83.58940976460775,35.68053308403613,-0.7681304783470893,-0.439224803368765,-0.32890567497832424,88.35473321903385,82.68466682434082,77.0146004296478,818099.95,1.4395355970868842,3.5353330197907384,-7.24972003668417,0.22469010496022346,-4.198467002028805,-0.6106497517977538,-1.7305290709566434
2025-04-01,78.49510955810547,78.77882970768975,76.50909015692487,76.6982321131123,582045,81.14313507080078,82.37257766723633,83.41917940775554,41.083816062395464,-1.0317503142111661,-0.5577299055372453,-0.4740204086739208,88.25034340051995,82.37257766723633,76.4948119339527,827301.15,0.7035467072661509,3.4044172868361278,2.977676633525883,0.1606192017939545,2.823117236854644,-1.204221873450484,-1.6981151799233651
2025-04-02,78.11681365966797,78.68424670887907,76.98194756124578,78.0222426873499,410052,79.6867172241211,82.02738800048829,83.24264411926269,40.47354082406806,-1.2567096839035656,-0.6975258612105094,-0.5591838226930562,88.0592327461827,82.02738800048829,75.99554325479387,835401.95,0.4908439584082848,3.177468201609084,-0.4819356270309716,-0.10711050560909818,0.08482442253172628,1.393028726283041,1.9193803737188597
2025-04-07,70.36188507080078,70.36188507080078,70.36188507080078,70.36188507080078,40687,77.07652130126954,81.36065292358398,82.93055521647135,30.478589364283835,-2.0372652064621803,-0.9654737302608436,-1.0717914762013367,89.2710323645403,81.36065292358398,73.45027348262767,821761.3,0.04951194464864675,3.787796253243498,-9.927348832548565,0.39779856690886906,-9.69973559080869,4.094958566389262,-2.1885608574431115
2025-04-08,63.36351776123047,64.40381287842895,63.36351776123047,63.36351776123047,776340,73.31253814697266,80.3723705291748,82.52704620361328,24.579487172232945,-3.1838691738289526,-1.4091528189744653,-1.7747163548544873,91.59698805863974,80.3723705291748,69.14775299970987,845721.3,0.9179619810923527,4.215872394087073,-9.946247606254854,-0.5500181172965579,-4.016151985134908,-8.92246552092364,-9.036149269143202
2025-04-09,57.02716827392578,59.580624323610834,57.02716827392578,59.48605334711014,972162,69.4728988647461,79.08145675659179,82.03211720784505,20.677270803496526,-4.551385982874763,-2.0375994517545246,-2.513786531120238,94.32692471945629,79.08145675659179,63.8359887937273,882886.85,1.1011173175815225,4.498602673182756,-9.999996387797838,0.3050360677505859,-5.786524331497223,22.691705248438264,22.2327530443029
2025-04-10,62.701515197753906,62.701515197753906,61.47207089375763,62.60693700875204,717000,66.31417999267578,78.15937576293945,81.64909896850585,31.209671161235946,-5.1182801842676895,-2.6537355982571578,-2.4645445860105317,95.0245544300819,78.15937576293945,61.29419709579699,881483.4,0.8134015909998985,4.655368573268805,9.950251951090783,-1.489084234874749,9.247307649849002,-11.020407170268331,-11.377722847721493
2025-04-11,62.512367248535156,62.60693822407002,57.31088422578513,57.31088422578513,869061,63.19329071044922,77.16636543273925,81.30706202189127,31.061615782352035,-5.519188808837782,-3.226826240373283,-2.2923625684644993,95.27957167334246,77.16636543273925,59.05315919213605,912685.6,0.9522019411722942,4.753403559762134,-0.30166408040092074,0.6081981557515048,2.7828390478427556,0.5733966651803701,-2.5327416619481347
2025-04-14,64.87667846679688,67.52470910434084,63.93095426986018,65.91697364036663,1385200,62.096249389648435,76.37668533325196,80.96660130818685,35.19970338495956,-5.581788245903596,-3.697818641479346,-1.8839696044242498,95.20950234326918,76.37668533325196,57.54386832323473,970234.6,1.4276959407549474,4.7879286659012745,3.782149552682501,-1.2941415741642648,-0.08029019685500405,1.5393303097038125,1.8817178004941315
2025-04-15,67.99757385253906,67.99757385253906,65.25497213148832,65.53869228774654,771084,63.02306060791015,75.71940727233887,80.70337473551432,40.294341326653324,-5.3182629507716825,-4.021907503337814,-1.2963554474338688,94.76813377017376,75.71940727233887,56.67068077450398,1001799.8,0.7696986962864236,4.565657561880063,4.810504266705684,-0.01606647441906306,1.76589192631309,0.6457033945344914,-0.0879617483601991
2025-04-16,66.20069122314453,67.61927746364049,65.82240011595172,67.61927746364049,592132,64.8577651977539,74.9911994934082,80.44172426859538,38.421356708521486,-5.1945313429616675,-4.256432271262584,-0.9380990716990834,94.33898693358375,74.9911994934082,55.643412053232645,1020449.05,0.5802661093172657,4.246926385174366,-2.642568738248352,0.45493231013253865,-1.9623144276647686,-4.4630363799766375,-4.049291903113083
2025-04-17,66.20069122314453,66.48441135736482,64.40381387545577,66.10612025017201,382053,65.55760040283204,74.2582633972168,80.23681729634603,38.421356708521486,-5.038393686210668,-4.412824554252201,-0.6255691319584669,93.77987556202268,74.2582633972168,54.73665123241091,1028589.4,0.37143392689055515,3.958082531405658,0.0,-0.3851900465324021,-0.6640103310560974,1.1386843493385035,3.119268439097156
2025-04-18,67.43013763427734,71.49674732216529,66.95727553926923,69.60529894213286,2020111,66.54115447998046,73.62935676574708,80.04924875895182,40.61188540837483,-4.76057052420758,-4.482373748243277,-0.2781967759643029,93.18141210869635,73.62935676574708,54.0773014227978,1115676.65,1.810659925525913,4.136479007087671,1.8571504140171058,-0.3851900465324021,0.2911195655576959,1.1386843493385035,3.119268439097156
2025-04-21,65.25496673583984,67.5247061523209,65.25496673583984,67.43013517982226,662003,66.61681213378907,72.80184822082519,79.86956100463867,38.03402396342537,-4.6621691951721544,-4.518332837629053,-0.1438363575431012,92.29778696854083,72.80184822082519,53.30590947310956,1131275.9,0.5851826243270983,3.88758039500679,-3.2258141162858522,-0.3851900465324021,-1.4891964002938463,0.2886902153013349,-1.5124610120325177
2025-04-22,64.12010955810547,65.63326697456058,64.12010955810547,64.12010955810547,573086,65.84131927490235,71.89868202209473,79.64573974609375,36.72426307701516,-4.622473920844911,-4.539161054272225,-0.08331286657268588,91.23764999626079,71.89868202209473,52.55971404792868,1141579.35,0.5020115334076426,3.5709906645332334,-1.7391123381127693,0.19087153159529358,-1.6370054958029567,2.043750864044269,0.9936943802743459
2025-04-23,66.10612487792969,66.95727812487277,65.72783374425462,66.20069585752265,416141,65.82240600585938,70.6881549835205,79.47708574930827,40.5805925071398,-4.38026729668978,-4.507382302755736,0.1271150060659556,88.10867267540192,70.6881549835205,53.26763729163909,1021847.9,0.40724358292462115,3.4731477181644426,3.0973361298213264,0.40997828226332356,4.500035126970481,3.300417894965091,5.008937304800232
2025-04-24,66.10612487792969,66.95727812487277,65.72783374425462,66.67355797079065,378035,65.80349273681641,69.70460205078125,79.30055058797201,40.5805925071398,-4.140586696036166,-4.434023181411822,0.2934364853756559,85.70112972664771,69.70460205078125,53.70807437491478,782055.0,0.48338671832543745,3.17398727315827,0.0,-0.12526095055448438,-0.8163803151391757,9.12069975425307,10.221470157317892
2025-04-25,68.0921401977539,68.75414423022205,67.8084200608088,68.28128214551543,587060,65.93589324951172,68.83926391601562,79.16499684651693,44.50319468706666,-3.7471880039593373,-4.296656145921325,0.549468141961988,83.03181212052546,68.83926391601562,54.646715711505784,744295.5,0.7887458677366718,3.1038582170428164,3.0042833753930687,-0.2987707483269153,2.022299672390404,-0.825820880675765,-0.3091196569198207
2025-04-28,69.60530090332031,69.69987188192596,68.84872585917199,69.03786781638328,472043,66.80596008300782,68.14888572692871,79.04678128560384,47.3548153047242,-3.275558681757559,-4.092436653088572,0.8168779713310128,80.59201571870773,68.14888572692871,55.70575573514969,729899.95,0.6467228830471903,2.9043746793267142,2.222225210093076,0.25712712450653985,0.8135756068057276,1.0345693574608017,2.0930257380662454
2025-04-29,70.8347396850586,70.8347396850586,69.9835865141236,70.64559052746048,424026,68.14888610839844,67.58145103454589,78.94905637105306,49.619924352465574,-2.770645336398033,-3.8280783897504644,1.0574330533524314,78.23637513200669,67.58145103454589,56.9265269370851,710400.25,0.5968832358941315,2.68104989298159,1.7663005055404302,-0.2862987748134538,0.9894012430566201,-2.947053641844899,-0.6074424129403067
2025-04-30,69.69986724853516,71.40217361148638,69.51072530389733,71.02388250690802,498117,68.86763458251953,67.25517616271972,78.8182310740153,47.584653579305744,-2.4340147862646972,-3.549265669053311,1.1152508827886138,77.16950947577354,67.25517616271972,57.340842849665904,676421.9,0.7363998711455084,2.575769681595917,-1.602141042049765,-0.32134330087744134,0.011854303657643506,2.1616061229914996,-0.7639397765079603
2025-05-02,70.1727294921875,71.02388267568574,69.69986741416655,70.7401697580548,516630,69.68095550537109,66.83905715942383,78.71420122782389,48.53192898889006,-2.1048136373929083,-3.260375262721231,1.1555616253283225,75.3689974708157,66.83905715942383,58.30911684803196,673151.15,0.7674799337414784,2.408869114336539,0.678426318899894,0.248493598366184,2.730963815359244,5.833337026011809,3.5471678394114248
2025-05-05,67.61927795410156,70.83474156560891,66.4844118395944,70.83474156560891,563093,69.58638305664063,66.31418037414551,78.51402295430502,43.916393106566346,-2.026600168951589,-3.0136202439673028,0.9870200750157139,73.0187817503526,66.31418037414551,59.609578997938414,680803.2,0.8271009889495232,2.667730529226935,-3.6388089170312554,-4.382525588739094,-1.2250086251671455,-8.351228854075309,-0.36443403657200335
2025-05-06,68.94329833984375,69.03786932050981,67.71385394527499,68.09214508324256,209102,69.45398254394532,66.24325103759766,78.29965896606446,46.744592506344155,-1.8366067920343596,-2.7782175535807143,0.9416107615463547,72.79584324006629,66.24325103759766,59.69065883512903,689223.95,0.3033875999230729,2.5011786408511103,1.9580516471070508,-5.0295889599485495,-0.05065209940824378,0.2603448959082266,-1.6825182014758355
2025-05-07,71.68589782714844,72.06418173797206,69.32158730798527,70.45645347106235,709525,69.62421417236328,66.65937004089355,78.06322797139485,52.129680645772154,-1.4480387251827693,-2.5121817879011257,1.0641430627183563,73.49295038552467,66.65937004089355,59.82578969626244,685883.2,1.0344691341032992,2.5838059418214043,3.978050881443962,2.8038417507629143,0.11645894015797076,0.7530535657416237,-9.74702071146405
2025-05-08,72.91533660888672,74.2393519724756,71.30760830579517,72.0641833597722,1432361,70.26730804443359,67.4537784576416,77.83940658569335,54.35773359101286,-1.0290283001867806,-2.215551090358257,1.1865227901714763,73.17632405828358,67.4537784576416,61.731232856999625,708893.15,2.020559798045728,2.630197638469275,1.71503575878027,1.3780265518076762,-0.015038304424519477,2.500003195300615,6.0181271184757135
2025-05-09,73.29362487792969,73.86105795005307,72.15875873368293,73.0099047342165,636018,70.89148712158203,67.98338394165039,77.6108565012614,55.05096809915087,-0.658840118967845,-1.9042088960801746,1.2453687771123296,73.81363029316132,67.98338394165039,62.15313759013945,704844.05,0.9023527970478008,2.506477848856057,0.5188048038125226,-0.40045240590582676,1.809041662083355,3.042492005394104,2.177306328121076
2025-05-12,74.42849731445312,74.61764649802048,73.48277304252714,73.48277304252714,439020,72.25333099365234,68.57919044494629,77.39176381429037,57.15347501956564,-0.27076735961246357,-1.5775205887866326,1.306753229174169,74.49026256092174,68.57919044494629,62.66811832897084,683342.0,0.6424601444079245,2.3488170183540213,1.5483917440480832,-0.07465812307537734,1.0255778120184855,8.882380259416166,12.17654776100947
2025-05-13,74.5230712890625,75.84707942245598,74.14478015867729,75.46879550737394,507301,73.3692855834961,69.06151008605957,77.18055216471355,57.33258619658191,0.04390828013181647,-1.2532348150029429,1.2971430951347593,75.26740124693303,69.06151008605957,62.855618925186114,639447.05,0.7933432486708633,2.2626146510773095,0.12706688704167135,0.48501607250679424,0.9493892029855955,2.577323069044568,0.6784375312557822
2025-05-14,75.941650390625,76.13079233016902,74.33391504329087,74.99592626229992,479065,74.2204360961914,69.45871391296387,76.98825492858887,60.0315146580051,0.40311164951329204,-0.921965522099696,1.325077171612988,76.35625133663898,69.45871391296387,62.56117648928877,624846.1,0.7666927904327162,2.200516335850754,1.903543529573648,0.10495309053717428,2.1224825639188705,-1.2453565416723378,1.9541769418732091
2025-05-15,75.18507385253906,75.75250692912026,74.99593189877967,75.09050287565937,298055,74.67438354492188,69.90793304443359,76.78650042215983,57.92696197998911,0.6195912418649812,-0.6136541693067605,1.2332454111717417,77.07696933988126,69.90793304443359,62.73889674898592,610142.25,0.48850083730474325,2.03320995665003,-0.9962603317076879,-0.2803567472373425,-0.2415620287910758,-1.5044254285352388,-0.2643824590766841
2025-05-16,76.0362319946289,76.31994494362431,75.18507871703572,75.65794084733155,349003,75.22290496826172,70.39971008300782,76.59262708028157,59.64116097516098,0.8500355464455254,-0.32091622615630333,1.1709517726018288,77.84215096252042,70.39971008300782,62.957269203495215,608489.75,0.5735560870170779,1.913431441241392,1.1320839343181621,-0.5692240792755765,0.5220347355644694,0.8984674462461539,1.1928422296873187
2025-05-19,74.61763763427734,75.84707471255555,74.4284884731788,75.84707471255555,373186,75.26073303222657,70.75908508300782,76.36092465718588,55.576876023213984,0.9077318412718114,-0.07518661267068036,0.9829184539424918,78.29135522589708,70.75908508300782,63.22681494011855,526143.5,0.7092855846361307,1.872673051935887,-1.8656820875234459,0.1180119416830605,-1.4643102104449635,-2.4042699474196794,-1.702678988525208
2025-05-20,75.37422180175781,75.84708393907198,74.90135966444363,75.56337098586565,205101,75.43096313476562,71.26504783630371,76.1118839263916,57.25011033538065,1.0029452612193666,0.14043976210732903,0.8625054991120376,78.59739715680202,71.26504783630371,63.9326985158054,503298.4,0.40751371353455523,1.7869094856503869,1.013948164894618,-0.18806606512049573,0.010217599479345196,0.9580250170699856,-0.8660927136783236
2025-05-21,76.13079833984375,76.98195156558585,75.65793623835404,75.94165638536909,461383,75.46879272460937,71.86558227539062,75.87072423299153,58.91656947728584,1.1264667783336364,0.3376451653525905,0.7888216129810459,78.6833369430129,71.86558227539062,65.04782760776834,497713.25,0.9270056603877835,1.7630188560740732,1.0037603307876397,0.0016576947628355043,1.2909062583843056,-1.355622451140459,-4.0322665929920065
2025-05-22,77.36024475097656,77.73852867000464,75.65793825413718,75.94165840871149,501250,75.90382690429688,72.42828826904297,75.67054595947266,61.54023074367284,1.3084811646721306,0.5318123652164986,0.776668799455632,79.10070839913313,72.42828826904297,65.7558681389528,501968.7,0.9985682374219746,1.8053617307131917,1.614913330666301,-0.41198726278828257,-0.6097494339192711,-3.1378812108859178,-0.49019543696879886
2025-05-23,76.41452026367188,77.73852840638685,76.41452026367188,77.73852840638685,313144,75.97948455810547,72.94370803833007,75.45618184407552,58.448145128156646,1.360731153104794,0.6975961227941576,0.6631350303106365,79.13509083028899,72.94370803833007,66.75232524637116,498724.15,0.627890187391166,1.7411812523134294,-1.222494176885025,0.08260363716483532,-0.08638612371177912,-2.411918741267194,-2.1111766395878973
2025-05-26,75.75251007080078,77.17109642873827,75.75251007080078,76.41452136702027,181021,76.20645904541016,73.32672653198242,75.24497006734212,56.31509086005529,1.3333509160853367,0.8247470814523935,0.5086038346329432,79.1936793711349,73.32672653198242,67.45977369282993,478422.2,0.3783708197487491,1.69816859972997,-0.8663408349444568,-0.25093902970623194,-0.5342168783596057,-2.411918741267194,-2.1111766395878973
2025-05-27,76.2253646850586,76.79279772930417,75.46878969783204,76.69822675781367,212009,76.3766876220703,73.65772972106933,75.04006309509278,57.50794286993053,1.3344248772093579,0.9266826406037865,0.4077422366055714,79.38600173734419,73.65772972106933,67.92945770479447,465420.5,0.45552140483713116,1.6482805239622584,0.6242098298998577,-0.1885106866633124,-0.9287980727548772,5.16113652650696,4.025874846420341
2025-05-28,75.18507385253906,77.07652225134508,75.09050287565937,77.07652225134508,192074,76.18754272460937,73.87524642944337,74.84303716023763,54.013565533318285,1.2370730153566996,0.9887607155543691,0.2483122998023305,79.48124816392232,73.87524642944337,68.26924469496441,453822.9,0.4232355837486385,1.6933123708587194,-1.364756779869425,0.16646820635146664,0.09927402266578511,-1.2672880931348662,-2.2805666640589473
2025-05-29,76.13079833984375,76.13079833984375,75.374216091339,75.94165638536909,322000,75.94165344238282,74.1967929840088,74.71221199035645,56.59564621456209,1.2221449001818314,1.0354375524798616,0.18670734770196984,79.52527341821676,74.1967929840088,68.86831254980083,445017.05,0.723567782402944,1.5936339863848485,1.257862018144107,-0.049388342657963324,-0.04878761184228253,0.21003536941137657,1.0607998653420658
2025-06-02,74.5230712890625,75.65793746491495,74.05020917990679,75.65793746491495,309026,75.56336364746093,74.41431007385253,74.54198163350424,51.320182606439204,1.0682697756926984,1.0420039971224289,0.02626577857026957,79.39495555332518,74.41431007385253,69.43366459437989,434636.85,0.7109981585776725,1.6585613428584638,-2.111795864276167,0.07001895010041448,-1.6142080316433494,1.2375070254612375,-0.9239553714338156
2025-06-03,74.99592590332031,76.1307919657572,74.8067767493792,76.1307919657572,153062,75.41204681396485,74.78314247131348,74.37490361531576,52.71619733482801,0.9732589234475029,1.0282549823874436,-0.05499605893994075,78.60213953803448,74.78314247131348,70.96414540459249,414135.3,0.3695941881795636,1.6517825873699616,0.6345076847728004,0.38934277980975374,0.5914415066209822,11.354014838759552,6.025823820308629
2025-06-04,76.2253646850586,76.60365578632317,75.7525026123035,76.31993565654908,165187,75.41204681396485,75.14724578857422,74.25038324991861,56.23078048609749,0.9858038403348388,1.0197647539769228,-0.03396091364208398,77.84626351439361,75.14724578857422,72.44822806275484,411939.55,0.40099815616150475,1.6459088934543482,1.6393407600876708,-0.0713650479945871,2.324806129025947,6.143128378779394,0.33829738841788526
2025-06-05,76.13079833984375,76.41451848685881,75.75250721559136,76.13079833984375,135003,75.60119171142578,75.36949081420899,74.13374379475911,55.8866809207008,0.976854493088851,1.0111827017993085,-0.0343282087104575,77.55079405252263,75.36949081420899,73.18818757589534,383213.45,0.35229191459746517,1.5147225438294278,-0.12406151889934325,-0.07976061250243305,0.26061434732305155,-1.4717539413987235,-0.7417396452396141
2025-06-06,76.79280090332031,77.36024118632207,76.03622588482284,76.41451700172304,232050,75.7335922241211,75.56336402893066,74.03286641438802,57.832042471659285,1.0115199726111967,1.0112501559616862,0.00026981664951053475,77.50200709271213,75.56336402893066,73.6247209651492,323197.9,0.7179811502488104,1.4892949115187348,0.869559465962011,0.011020349999935064,-0.06352892070761174,1.2716940689851963,2.9891234628743435
2025-06-09,79.72455596923828,83.22373275580418,79.34626483183305,80.95399314667613,2272160,76.77388916015624,75.8849105834961,74.00922342936198,65.15970016169466,1.261024442194966,1.0612050132083422,0.19981942898662375,78.31056553474616,75.8849105834961,73.45925563224603,405005.0,5.610202343180949,2.148179836980752,3.817747277650363,-0.09216583404251244,0.5984531649308789,4.405028861527627,2.902394047076484
2025-06-10,81.80513763427734,81.89970860466687,80.00826033566624,80.10283130605576,754210,78.13573150634765,76.25374259948731,73.99976615905761,69.24430393261859,1.608106829624731,1.17058537649162,0.43752145313311086,79.75277304652448,76.25374259948731,72.75471215245014,420764.5,1.7924753632970463,2.1517762101071303,2.6097124527628024,-0.013037526208137251,2.073637303314224,2.7109548300671804,2.3717823193514898
2025-06-11,80.85941314697266,81.8051372773466,80.1974091418319,81.8051372773466,378061,79.06254119873047,76.57055969238282,74.00291837056479,65.48608866589728,1.7862690620468271,1.2937221136026615,0.4925469484441656,80.5272936839304,76.57055969238282,72.61382570083524,414302.5,0.9125240615250934,2.079236514418906,-1.1560697954359545,-0.08323425859342315,1.0248967858730973,-3.754647744255313,-0.43831509345257924
2025-06-12,80.10283660888672,80.5756987074405,80.10283660888672,80.38655675414019,228101,79.85694885253906,76.7786190032959,73.9855800628662,62.56077373140206,1.8451448301422175,1.404006656910573,0.4411381732316446,81.02325557436691,76.7786190032959,72.53398243222489,401754.3,0.5677624358967658,1.9028818509078436,-0.9356690936041745,-0.2723416236173337,-0.8112082280176014,2.317498631188175,0.31446142125948207
2025-06-13,78.49510955810547,79.53540474774262,78.02224745233374,79.53540474774262,479253,80.1974105834961,76.94412078857422,73.94775110880533,56.75849508389896,1.7419935466202503,1.4716040348525086,0.27038951176774173,81.18526264216662,76.94412078857422,72.70297893498183,410814.2,1.166593072975569,1.9265761583271943,-2.0070787987586547,-0.9470802353383045,-0.9640740581055907,-3.6995075526758403,-4.89028321025764
2025-06-16,79.15711212158203,79.62997421840224,78.02224597533473,78.49510807215493,182051,80.08392181396485,77.10016479492188,73.91937942504883,58.466643246494826,1.6941345569402557,1.516110139270058,0.17802441767019772,81.42939650007642,77.10016479492188,72.77093308976734,402466.6,0.4523381567563619,1.8840631029592367,0.8433679081452983,-0.06841860324496851,-0.10442115322505385,5.6056459911622,3.6914977291888196
2025-06-17,80.00827026367188,80.76485255127535,79.3462661734964,79.44083715562098,295365,79.72454833984375,77.3696964263916,73.91937942504883,60.620562961423595,1.7052304759965438,1.5539342066153554,0.15129626938118834,81.71933317594663,77.3696964263916,73.02005967683657,398575.55,0.7410514769408209,1.8472200798571148,1.0752769009340524,-1.694628077349214,0.7332888142830063,-1.744622165500509,-2.5429107474335244
2025-06-18,79.535400390625,80.10283344340526,79.44082941771208,79.72454955175357,135166,79.45974578857422,77.57775535583497,73.88155047098796,58.79625475020734,1.6567692207007667,1.5745012094324378,0.08226801126832894,81.92358090572449,77.57775535583497,73.23192980594544,395078.8,0.3421241534600186,1.6891912726352567,-0.5910262420228629,2.213760753044025,0.6534454580739535,-1.284473598064495,1.4445188363116035
2025-06-19,78.21138763427734,79.06254084841845,78.11681665832899,78.9679698724701,226116,79.08145599365234,77.68178482055664,73.815349706014,53.90477053397223,1.494301188601412,1.5584612052662328,-0.06416001666482085,81.98113143653146,77.68178482055664,73.38243820458183,383315.45,0.589895345987228,1.653110267256691,-1.6646835872391241,-0.3555156620861588,-1.579973732043427,-1.284473598064495,1.4445188363116035
2025-06-20,77.54938507080078,78.30596732346642,76.13079875853003,78.21138913040589,377017,78.8923110961914,77.69124183654785,73.60256169637044,51.593564247747544,1.2971730251852307,1.5062035692500324,-0.2090305440648017,81.98844200862457,77.69124183654785,73.39404166447112,377103.8,0.9997698246477495,1.7227180402806503,-0.8464273343060214,0.1001978324495223,0.19197052457564645,1.0715679128911804,-1.359227795447937
2025-06-23,76.6036605834961,77.26566464068902,74.90135412885273,75.84707833358725,214148,78.38162078857422,77.70069885253906,73.4496696472168,48.40089073665959,1.0525028750863186,1.4154634304172897,-0.36296055533097116,81.98688696563642,77.70069885253906,73.41451073944171,372154.0,0.5754284516624838,1.8460930938363036,-1.2195125550528374,-0.1295159830334014,-1.423044541892171,0.6626249075033508,0.9842497724935839
2025-06-24,78.58967590332031,78.96796700869797,77.07651869711239,77.07651869711239,226149,78.0979019165039,77.84255714416504,73.33618253072103,54.73549381969854,1.0072439753072047,1.3338195393952728,-0.3265755640880681,82.04422487667655,77.84255714416504,73.64088941165353,374410.4,0.6040136705604331,1.9151882046850464,2.592585399570435,0.4770922482972173,2.101692545040379,1.9559920092959038,0.7797342611799651
2025-06-25,78.7788314819336,79.25169359835505,78.40054034573579,79.25169359835505,196050,77.94658813476562,77.9702304840088,73.25894864400227,55.29838143688972,0.9753954934288203,1.2621347302019823,-0.28673923677316204,82.11984921830667,77.9702304840088,73.82061174971092,373612.45,0.5247416139371158,1.773316877742941,0.2406875667052999,-0.727242575527054,1.0899645222608445,-0.8669939382833891,0.3223635279853587
2025-06-26,79.15711212158203,79.81912338631213,78.96797016897514,78.96797016897514,213815,78.13573303222657,78.16883239746093,73.20850995381673,56.46435455997785,0.9695035943401678,1.2036085030296193,-0.23410490868945155,82.13326852115188,78.16883239746093,74.20439627376999,374699.5,0.570630598653054,1.6755802146276868,0.48018056695242617,-0.3944568587657682,0.27520638301874456,-0.16747329694251079,0.835467051055061
2025-06-27,79.72455596923828,79.81912694976376,78.96797369442783,79.15711565547878,239057,78.57076721191406,78.34852027893066,73.26682980855306,58.2246238820347,0.9991051359573646,1.1627078296151685,-0.1636026936578039,82.24927644762833,78.34852027893066,74.447764110233,370552.35,0.6451369152023999,1.5656566200554525,0.7168576928181514,-1.7820919230510768,0.39008940370151013,-1.34203392399872,1.7208526239276933
2025-06-30,76.98194885253906,80.0082633092967,76.88737787863467,80.0082633092967,372601,78.64642486572265,78.47146415710449,73.24161046346029,48.10143084780243,0.7921279397560141,1.0885918516433377,-0.2964639118873236,82.00198289972559,78.47146415710449,74.9409454144834,373731.1,0.9969761681594067,1.7730204614696625,-3.4401033450188856,0.957698278482022,-1.4351611940869091,-0.9824304832146802,-0.50125365451541
2025-07-01,76.6036605834961,78.11681786801071,76.22536945854168,77.36024283340494,328290,78.24922180175781,78.55185089111328,73.2163912455241,46.890444805540085,0.5907623777970343,0.9890259568740771,-0.3982635790770428,81.81203350814789,78.55185089111328,75.29166827407866,382492.5,0.8582913390458636,1.7888108545362456,-0.4913986651177038,0.3835740796985343,1.3376209140048223,2.270556439941962,1.0705208576054392
2025-07-02,76.79280090332031,77.26566299561983,76.50908797712236,76.60365895252168,191478,77.85201568603516,78.58022270202636,73.32357317606608,47.60076153960509,0.4413531182676138,0.8794913891527846,-0.43813827088517077,81.76414201492464,78.58022270202636,75.39630338912808,383807.05,0.49889130488874556,1.651179409731076,0.24690767828001725,0.06608253165516498,0.10649919614669212,4.384332753205156,6.043629645385695
2025-07-03,77.17108917236328,77.9276713782434,76.98194722854458,77.17108917236328,307000,77.4548110961914,78.63223724365234,73.55369936625162,49.06797651407851,0.3494417584087586,0.7734814630039794,-0.4240397045952208,81.67869308800405,78.63223724365234,75.58578139930063,392406.9,0.7823511768014273,1.5823382184233445,0.4926090266185623,-0.8820979000624507,0.5989548437806524,1.1617474572264808,1.1163262032681143
2025-07-04,75.46879577636719,77.17109504621337,75.46879577636719,77.07652406710578,472690,76.6036590576172,78.56603698730468,73.86105982462566,43.20522757809164,0.13765370689104373,0.6463159117813922,-0.5086622048903485,81.83053272955381,78.56603698730468,75.30154124505556,404438.9,1.1687550332077354,1.5983330252797225,-2.2058693407760344,-0.17605120273233021,-0.7285295494271593,1.1617474572264808,1.1163262032681143
2025-07-07,74.5230712890625,76.22537055284118,74.2393511374478,76.13079957407068,772799,76.11188354492188,78.3059627532959,74.05808575948079,40.32273602218945,-0.10528821515870845,0.49599508639337214,-0.6012833015520807,81.98437952956715,78.3059627532959,74.62754597702465,329470.85,2.345576247488966,1.6500245439615444,-1.253133136120399,-0.05568275052999505,-0.526795861514584,-3.515897380596944,-3.312028530752109
2025-07-08,74.21810913085938,75.20374135028764,74.02097817510749,75.20374135028764,481821,75.63477325439453,77.926611328125,74.25318145751953,39.409673359983316,-0.3187549277875661,0.3330450835571845,-0.6518000113447506,81.65019858322057,77.926611328125,74.20302407302944,315851.4,1.5254673558515175,1.587723028124026,-0.409218451317217,0.57887679791917,-0.2962771383824059,5.511807888466946,4.2668343688473165
2025-07-09,75.8936767578125,75.8936767578125,73.92241242644074,74.21810508405717,189166,75.45494842529297,77.67832450866699,74.43679809570312,46.56859889989955,-0.34870487852005283,0.19669509114173706,-0.5453999696617899,81.2370884657077,77.67832450866699,74.11956055162628,306406.65,0.6173691073610836,1.6388618685570568,2.2576264022016623,0.13347628020465852,0.7366883497436749,0.26032892860035073,1.4985661863259558
2025-07-10,75.49942016601562,76.18936717356007,74.90804238796069,75.10516580738685,200899,75.12061462402343,77.44815368652344,74.5618288675944,45.21488264051488,-0.39964676315727843,0.07742672028193397,-0.4770734834392124,80.9415338125141,77.44815368652344,73.95477356053279,305046.55,0.6585847307566665,1.5911902574960333,-0.5194854283513073,0.3384095530795994,0.7379596142790046,3.0292539140266195,1.5332128424344615
2025-07-11,76.87931060791016,76.97787232268288,75.20373889744336,75.49942404176153,392030,75.40271759033203,77.36736373901367,74.7398058573405,50.624834095146056,-0.3249273866603062,-0.003044101106514062,-0.32188328555379214,80.83342544726987,77.36736373901367,73.90130203075746,300685.4,1.3037879458064807,1.6155826798618325,1.8276834959265686,0.12805520532523929,0.25461005750608834,0.3528210397472531,-0.16777720289139486
2025-07-14,75.99224090576172,76.68218795571867,75.69655575844608,76.68218795571867,149120,75.69655151367188,77.20912017822266,74.90299835205079,47.38537209339759,-0.3334470834604417,-0.0691246975772996,-0.2643223858831421,80.61967549429127,77.20912017822266,73.79856486215405,299038.85,0.49866430398592027,1.5578723024754648,-1.1538471080633883,-0.10259100165578294,-0.5980326954644122,-1.1049721286962466,-2.128869885025464
2025-07-15,76.48505401611328,76.87930838357411,75.79511451288928,75.9922379367314,173252,76.14994049072266,77.03295936584473,75.05391362508138,49.325403525153824,-0.2970093660711228,-0.11470163127606425,-0.18230773479505857,80.18923444887058,77.03295936584473,73.87668428281889,292933.2,0.5914385941914402,1.4947151782367134,0.6485045110891097,0.45562082851131613,0.9770905870307711,-0.23700590887374418,-2.747547882922996
2025-07-16,77.9635009765625,80.03332697208998,76.58361447295202,76.58361447295202,518020,76.56390533447265,76.9543643951416,75.26572252909342,54.71953269867543,-0.14713778590325433,-0.12118886220150227,-0.025948923701752058,79.92084368768225,76.9543643951416,73.98788510260094,312075.9,1.659916706160264,1.7685228819353784,1.932988058212981,0.14311890542244576,0.9062948249833447,1.0011881037375048,0.11771065767982591
2025-07-17,80.03333282470703,80.6247181693411,77.96350667781887,77.96350667781887,442073,77.47068786621094,77.04546165466309,75.53094291687012,60.981559851595264,0.137074542979434,-0.06953618116531501,0.20661072414474901,80.27473441195791,77.04546165466309,73.81618889736826,322873.75,1.3691822267991747,1.8875487900478072,2.654872885668347,0.04389327295191148,0.3054255543222917,-0.1848128519918668,1.5872944754363072
2025-07-18,84.27155303955078,85.25718523884377,80.62471691007748,80.82184034202531,2082150,78.94913635253906,77.38157005310059,75.83370005289713,70.09980402765564,0.6962775580405349,0.08362656667585497,0.6126509913646799,81.95234777923481,77.38157005310059,72.81079232696636,408130.4,5.10167828713568,2.3323892732596656,5.295568815216667,0.007486413359902855,1.1675174216255968,2.2050183077859,-0.23148171708340382
2025-07-21,86.83419036865234,88.70689294591018,84.37011000904373,84.7643643705364,2609503,81.11752624511719,77.89309654235839,76.17916781107584,74.04880300855119,1.330891700845342,0.3330795935097524,0.9978121073355897,84.09582503461378,77.89309654235839,71.690368050103,527898.15,4.943194061202904,2.6127826910062972,3.0409280909998726,-0.08570458320372731,-0.182055656943525,-0.2799769107788008,1.2180958566695432
2025-07-22,85.9471206665039,88.70689370065719,85.25718116785386,87.91838497096296,1790605,83.00993957519532,78.26096878051757,76.47675081888835,70.57413106154283,1.74216626155129,0.61489692711806,1.12726933443323,85.43440260070747,78.26096878051757,71.08753496032767,606120.95,2.9542041072825485,2.7243733365792355,-1.0215673093540767,-0.15113747849135883,-1.5108489973571504,3.13790511943719,0.4011493470250427
2025-07-23,86.04569244384766,86.73563196291468,84.66580588593683,86.63707024873035,669014,84.62637786865234,78.62431182861329,76.75075734456381,70.73844435511484,2.052399449339177,0.9023974315622834,1.1500020177768935,86.59953138335334,78.62431182861329,70.64909227387324,629769.15,1.0623162471518333,2.637100368632384,0.11468886517587151,0.22295619800545285,1.4387991654924104,-4.547638299266876,0.5707712516980434
2025-07-24,86.73563385009766,88.21408215436068,85.060062113177,85.55287821459801,983325,85.96683807373047,79.00323791503907,77.01577224731446,71.92034110389278,2.327108532585086,1.187339651766844,1.1397688808182422,87.7662892004919,79.00323791503907,70.24018662958623,668244.65,1.4715044856700312,2.706022991639224,0.8018314300861196,-0.5605654715466812,0.23612215902308886,-6.995473814704911,-3.9160058935838737
2025-07-25,86.24281311035156,86.6370674742399,85.35574267154692,86.53850576321196,468120,86.36109008789063,79.32915077209472,77.29148801167806,69.75310066959086,2.4765033560876333,1.4451723926310018,1.0313309634566314,88.67090015931674,79.32915077209472,69.9874013848727,679697.8,0.6887178390161038,2.529205416560759,-0.5681871658398396,0.5363622959012604,-0.040000501364123586,2.6695519099874554,0.41347054508602543
2025-07-28,85.5528793334961,86.34138059421592,84.17299272751512,86.34138059421592,770100,86.10482788085938,79.75769729614258,77.54782384236654,66.72181863390104,2.510290869725509,1.6581960880499034,0.8520947816756055,89.42671167528465,79.75769729614258,70.08868291700051,699572.75,1.1008147472868262,2.481096409912764,-0.7999898797047211,0.27559243417745183,0.20800726399519132,3.056925042938796,0.35294728918917606
2025-07-29,83.68017578125,85.65144019296483,83.48304482821234,85.35574752329681,480155,85.6514389038086,80.11152305603028,77.81550547281901,59.201413844831514,2.35876580792673,1.798310032025269,0.560455775901461,89.81242667176545,80.11152305603028,70.41061944029511,707166.0,0.6789848493847273,2.439402937224727,-2.188942753108347,0.6277126261405197,-0.9031782082688844,-0.47732488923494243,0.9378558124723657
2025-07-30,81.21609497070312,83.77873719264026,79.34339228244167,83.77873719264026,1844709,84.68551940917969,80.33268775939942,78.02005208333334,51.04827223852841,2.0166042184062576,1.8419688693014669,0.17463534910479073,89.9159918587275,80.33268775939942,70.74938366007135,789827.55,2.3355845209501744,2.7055285336212425,-2.9446410545172386,0.10959038727660353,1.1214833214890696,-0.5652652021531424,-1.974444770392747
2025-07-31,79.8362045288086,81.61034541513719,79.44195016298262,81.31465276082356,726537,83.30563354492188,80.46594352722168,78.155890528361,47.13357956156521,1.615470923919645,1.7966692802251025,-0.18119835630545755,89.937611039117,80.46594352722168,70.99427601532636,810804.4,0.8960693849219368,2.6339107627590193,-1.6990356928541006,0.46648917126204115,0.34438577266941994,-2.911281048958303,-2.9028321553283276
2025-08-04,78.25919342041016,79.24482556041588,77.66781564036201,79.24482556041588,862400,81.70890960693359,80.60546340942383,78.24495480855306,43.068652654208606,1.156981320743995,1.6687316883288812,-0.5117503675848862,89.84659856816342,80.60546340942383,71.36432825068425,830289.9,1.0386733597506124,2.5718411795173615,-1.97530821725046,-0.30428543721531254,-0.23658148505263377,-15.575498982143166,1.251565756515216
2025-08-05,79.24482727050781,79.8362050633178,78.45631853357673,78.75201118987005,557134,80.44729919433594,80.8415512084961,78.34414151509603,46.192098043457584,0.8632069094803256,1.5076267325591703,-0.6444198230788447,89.66000480457238,80.8415512084961,72.02309761241982,819506.65,0.6798407310056606,2.4391972413027334,1.2594480047894319,0.23176060718361757,1.204718422705664,-1.52178345561782,-1.0506779108716668
2025-08-06,78.35775756835938,79.34338973903057,78.16063414213582,79.34338973903057,460176,79.38281555175782,81.0485336303711,78.40962918599446,43.859841438618446,0.552441261629653,1.316589638373267,-0.7641483767436139,89.39405558883085,81.0485336303711,72.70301167191134,818424.4,0.5622706263400749,2.271671688715003,-1.1194039190979166,0.1783585840453794,-0.9012052115274116,-0.5503855355470599,-14.053715321757432
2025-08-07,78.4563217163086,79.34339220139762,78.06206733184936,78.94913781693839,464019,78.8308609008789,81.17666587829589,78.4751833597819,44.196982952493435,0.3105309423621918,1.115377899171052,-0.8048469568088601,89.26363272075704,81.17666587829589,73.08969903583474,832167.05,0.5576031879656854,2.1396254461594366,0.12578735151171916,-0.07582910609321702,2.3730184169192814,1.298426173468048,3.924415405103221
2025-08-08,78.4563217163086,79.44195391756818,78.16063656779687,78.65345266842667,528000,78.55488433837891,81.32451095581055,78.5170945485433,44.19698295249344,0.1174612512852633,0.9157945695938943,-0.798333318308631,89.07560453598173,81.32451095581055,73.57341737563938,848522.1,0.6222583949198259,2.02518436664102,0.0,-0.3563459079548914,0.07286453218204869,0.14708908300016255,2.0279775228693397
2025-08-11,78.4563217163086,78.85057610076782,77.37212779887842,78.85057610076782,366086,78.5943099975586,81.40336151123047,78.5716153462728,44.196982952493435,-0.03514276595488752,0.725607102484138,-0.7607498684390255,88.99448861289235,81.40336151123047,73.81223440956859,847224.9,0.43210014247692674,1.9522862246741377,0.0,0.1439209000700048,0.4755796968586967,-1.1749923942171892,-4.249483378818053
2025-08-12,80.82183837890625,80.92040009248616,78.45631965410487,78.45631965410487,889409,78.90971221923829,81.6448413848877,78.65137545267741,52.70975910744384,0.034398353348564115,0.5873653526570233,-0.5529669993084592,88.80630908300952,81.6448413848877,74.48337368676587,884239.35,1.0058464373927716,2.0205254531684247,3.0150746438905918,0.3249476487076741,0.09471266391829491,6.178343825235988,5.72654832638495
2025-08-13,81.21609497070312,82.9902284229164,80.8218405858412,80.8218405858412,1483021,79.48137969970703,81.88139343261719,78.76134974161783,53.97010896161823,0.11994080054334688,0.493880442234288,-0.3739396416909411,88.62563422605541,81.88139343261719,75.13715263917896,949727.8,1.5615221540319235,2.0402407319473217,0.4878094828139501,-0.23340628022624488,0.8761363011638768,3.759250412343551,4.671639783728088
2025-08-14,84.46867370605469,84.46867370605469,81.80746986300029,81.80746986300029,1147670,80.68385009765625,82.2066520690918,78.9129239400228,62.78260770152296,0.44505935999130486,0.4841162257856914,-0.03905686579438655,88.78061983250683,82.2066520690918,75.63268430567678,981210.3,1.1696473222916637,2.2018857990678873,4.004845020589642,0.20617018015440802,-0.541320542258239,-0.5203323587194664,-0.9055762412591317
2025-08-15,83.68017578125,85.25718580666647,82.89166700865329,85.25718580666647,616212,81.72862091064454,82.38899421691895,79.03874689737955,59.793965679502854,0.6318098571813238,0.5136549520648179,0.11815490511650584,88.9112473011205,82.38899421691895,75.8667411327174,989917.25,0.622488394863308,2.223703532260594,-0.9334797034325493,0.4652728781409321,0.39764198071750023,-1.0267314805570527,-3.133149910292188
2025-08-18,83.58161163330078,83.58161163330078,82.59597945611458,83.38448068599749,373047,82.75367889404296,82.35449714660645,79.14243634541829,59.41323240856705,0.7630615698763421,0.5635362756271227,0.1995252942492194,88.84203155413755,82.35449714660645,75.86696273907535,904462.1,0.41245177658632687,2.0717692379772377,-0.11778673625982838,-0.2992125774545329,0.6083510296844397,-1.0961075976090973,-0.5390840903627514
2025-08-19,82.59597778320312,84.1729877308047,82.59597778320312,84.1729877308047,374060,83.10850677490234,82.14258651733398,79.24546063741049,55.600605448655585,0.7785721878503864,0.6065434580717755,0.17202872977861094,88.2815222558975,82.14258651733398,76.00365077877046,792689.95,0.47188689600517836,2.005801332593817,-1.1792472421110367,0.12037876283805815,-0.5269863303297595,-1.5040537104556329,0.2032423045858156
2025-08-20,81.01895904541016,82.59597648805996,80.82183562496716,82.59597648805996,465016,83.06907958984375,81.8961784362793,79.3332347869873,50.064814611604945,0.6560496993411533,0.6164447063256511,0.03960499301550224,87.78255426285929,81.8961784362793,76.0098026096993,726410.5,0.6401559448824047,1.9749134426794361,-1.9093166279020357,0.2737679299698925,-2.989552002278928,-0.6027712161970622,-0.1352200453873742
2025-08-21,82.10316467285156,82.8916659152706,81.80747200708389,81.80747200708389,309002,82.59597778320312,81.6990520477295,79.43119812011719,53.49310046147056,0.6390692846145214,0.6209696219834252,0.01809966263109619,87.25511932987412,81.6990520477295,76.14298476558487,708409.9,0.43619096796925055,1.961285899636903,1.3382122409567376,0.5739473988298771,1.4251223005524505,-1.3341415628182807,-1.557215466361861
2025-08-22,82.20172882080078,82.79310665006008,81.51178175351735,82.79310665006008,314050,82.30028839111328,81.47235679626465,79.54814236958822,53.80360676939009,0.6263453671054009,0.6220447710078203,0.0043005960975806,86.50884806140394,81.47235679626465,76.43586553112536,674946.15,0.4652963795704294,1.8706244325576797,0.12004914590315607,0.7790624202977492,-0.8248855555042067,6.228225804749865,7.15268322641025
2025-08-25,84.56724548339844,85.75000111150848,83.28592061979847,83.97586014956651,1044801,82.4974151611328,81.38857841491699,79.68874982198079,60.60216897939371,0.7979408308356142,0.657223982973379,0.14071684786223515,86.13854498434345,81.38857841491699,76.63861184549053,703780.2,1.4845558314939808,2.0943108136443493,2.8776969736907354,-0.4872876866823028,2.158306669891674,-1.7357719144983963,-1.7971715111141595
2025-08-26,85.25718688964844,85.75000299883715,84.07443123550632,84.76437078045971,450904,83.02965698242187,81.37379379272461,79.86765174865722,62.34288119226515,0.9783264393184226,0.7214444742423878,0.2568819650760348,86.07072950466312,81.37379379272461,76.6768580807861,687820.4,0.6555548512373288,2.0384789402692123,0.8158494489281187,0.2525750082704059,0.11417520761634048,0.07851013724897715,0.8496772639024153
2025-08-27,86.53850555419922,87.03132162792524,85.45430417618077,85.84855853911688,826268,84.1335662841797,81.51671028137207,80.06002807617188,65.4003109305726,1.2107186307227522,0.8192993055384608,0.39141932518429146,86.66170419753581,81.51671028137207,76.37171636520833,705126.05,1.171801835997975,2.003233046670224,1.502886397376968,0.3370125372272659,0.8837683642618943,0.5099005941845203,0.712894487512461
2025-08-28,85.75,87.42557170473296,85.45430733691687,87.03132484699118,436072,84.86293334960938,81.74340553283692,80.21877199808756,62.06097377057103,1.3160941936735355,0.9186582831654757,0.3974359105080598,87.22139265688871,81.74340553283692,76.26541840878512,634694.2,0.687058429082856,1.9989705561563393,-0.9111615103006065,0.09297408164834486,-1.1560045814190012,-0.917075552591462,0.9652362173806495
2025-08-29,84.96149444580078,86.43994277736189,84.07443146268578,86.43994277736189,377594,85.41488647460938,81.99967002868652,80.36595026652019,58.82625631948099,1.3207544430159572,0.9990775151355721,0.32167692788038516,87.58055619995058,81.99967002868652,76.41878385742247,617247.05,0.6117388491366625,2.047842657292309,-0.9195400048970459,-0.2688503744142423,-0.01382054501782859,-2.343439652058732,-1.4658817410383107
2025-09-01,82.10316467285156,84.66580687032291,81.80747200708389,84.37011420455524,642490,84.9220703125,82.19186859130859,80.4544563293457,48.88035060640006,1.0813393921741437,1.0155298905432866,0.06580950163085708,87.48785753635407,82.19186859130859,76.89587964626311,606251.55,1.0597746100607908,2.1953332948155873,-3.3642649433063165,0.2220177645487098,-0.6659038390721239,-2.343439652058732,-1.4658817410383107
2025-09-02,82.59597778320312,83.28591728534863,81.51177639443648,82.49740855165955,348162,84.38982849121093,82.35942611694335,80.50231335957845,50.436286042991085,0.9207532683554831,0.9965745661057259,-0.07582129775024282,87.47168920646361,82.35942611694335,77.2471630274231,595802.95,0.5843576303205615,2.1391743076284624,0.6002364370669921,0.2120392800051274,-0.2282809370366512,-1.310751207660532,-3.945666815947546
2025-09-03,89.49540710449219,90.28390835559149,82.69454339495957,82.79310511137487,2772671,84.98120880126953,82.91630859375,80.63048451741537,66.02668507429834,1.3348268406419237,1.0642250210129656,0.27060181962895813,88.58893673487758,82.91630859375,77.24368045262243,711427.7,3.8973334887016633,2.8790084762631167,8.353226762928578,0.38758813655075386,0.3477630507512153,-2.349811490501408,0.8080749993190084
2025-09-04,89.6925277709961,92.64942429091904,88.80545731106388,89.88965119774694,3606616,85.76971435546875,83.47811889648438,80.77770309448242,66.35233574960927,1.659756480751085,1.1833313129605894,0.4764251677904956,89.50545870765258,83.47811889648438,77.45077908531617,868557.55,4.152420297307875,3.00766961007539,0.22025785778454487,-0.07155659478953469,0.33007400549494026,0.5649726984540582,2.338001926893818
2025-09-05,90.48104095458984,91.36810393824543,88.01696040048638,90.67816439100729,2102357,86.87362365722656,84.07935485839843,80.9506731669108,67.68664823537299,1.9583177179238334,1.338328593953238,0.6199891239705952,90.38982563058995,84.07935485839843,77.76888408620691,947275.4,2.219372528833748,3.053466133766544,0.8791291796424572,-0.09113950204554522,1.3016229374229527,2.184767388800113,1.5665813330074663
2025-09-08,91.86091613769531,92.74798660335716,89.69252835032347,91.17097661983429,2515293,88.8251739501953,84.74958457946778,81.17343660990397,69.93362810450022,2.279991719284979,1.5266612190195865,0.7533305002653925,91.38449596408309,84.74958457946778,78.11467319485247,1054735.75,2.384761301586677,3.0537317496688305,1.5250434439608052,-0.7004631226877445,0.215561079559623,-0.4683354497614256,-1.156801015267639
2025-09-09,91.17097473144531,93.53649341762193,90.97385130750418,92.74798468230418,2513001,90.54017333984375,85.26704139709473,81.3736676534017,67.40958977160824,2.4509946370119735,1.711527902618064,0.7394667343939094,92.21885393232657,85.26704139709473,78.31522886186289,1135915.35,2.2123136200245908,2.98825313106202,-0.7510717672527978,-0.4852509178164821,1.2538968205540568,-0.5319192523505656,-0.8452639110237303
2025-09-10,88.01696014404297,90.77672584473183,87.62270575257969,90.67816412681027,2408778,90.2444839477539,85.60708465576172,81.50714581807455,57.23915991008798,2.3054374158712676,1.8303098052687048,0.4751276106025628,92.38779818837226,85.60708465576172,78.82637112315119,1182203.2,2.0375329723350437,3.0629219107691674,-3.4594503313064906,0.06758799645232294,1.3575043934189956,-1.0078113421104873,0.26229535925967884
2025-09-11,88.3126449584961,95.40920141823787,88.01695980586749,90.0867859533758,6981040,89.9685073852539,85.79928321838379,81.65343322753907,57.880736341730724,2.188711459539377,1.9019901361228393,0.28672132341653755,92.66155432265802,85.79928321838379,78.93701211410956,1473871.7,4.736531680471238,3.6401645376493295,0.3359407254797553,-0.3782383940657219,0.09177735950691712,1.8491572198157336,2.0408237602321133
2025-09-12,93.63505554199219,96.59195203279194,89.39683423060188,90.18534296939248,10526135,90.59931030273438,86.29702720642089,81.91049435933431,67.3708594111286,2.4968966803612176,2.020971444970515,0.47592523539070264,93.91466411573816,86.29702720642089,78.67939029710362,1969367.85,5.344930861951463,4.258716875868865,6.026781992541896,0.17595008979807147,1.026858565050115,-1.5503919402964916,-1.6129053469985055
2025-09-15,91.26953887939453,93.73361934330786,90.2839066938292,93.63505762870669,3763044,90.48103485107421,86.68142356872559,82.13916358947753,60.812622138339044,2.5211954907652796,2.121016254129468,0.40017923663581145,94.49547355612475,86.68142356872559,78.86737358132643,2138867.7,1.7593626758681706,4.150849645683506,-2.526315223401343,-0.0168380656651812,-0.4611663437352198,-0.3108116792343796,-0.9180319771442291
2025-09-16,90.9738540649414,93.24080358808257,90.67816140029059,91.1709774948574,3255422,90.44161071777344,87.1003173828125,82.3786668141683,60.026042961399014,2.4879140551338566,2.194395814330346,0.29351824080351063,94.89041492257432,87.1003173828125,79.31021984305069,2282935.8,1.4259805291064254,3.9390886512979693,-0.32396878310501087,-0.29982346654272574,1.0745701295846288,3.013927966210561,0.5956269128080782
2025-09-17,91.86091613769531,94.12787315885595,89.98822101213634,90.67816052999736,3767072,91.21040191650391,87.64241523742676,82.59985415140788,61.62949475048507,2.5042493457832222,2.2563665206209214,0.24788282516230087,95.15464628976738,87.64241523742676,80.13018418508614,2448038.6,1.5388123373544844,3.965830450687522,0.9750736427201145,-0.48651948491017505,-0.7467550083917751,0.4842571773996607,-0.13157427538036393
2025-09-18,94.62068939208984,96.00057594967984,93.24080283449985,93.33936454866125,7040115,92.47201080322266,88.26829147338867,82.86388511657715,66.17535505506947,2.7086620485424646,2.3468256262052303,0.36183642233723434,95.9218185609267,88.26829147338867,80.61476438585065,2784594.25,2.528237282684901,3.9890076988604566,3.0042953743872447,0.1304608418786879,1.3016200996530891,4.076310492156465,4.150193950940628
2025-09-19,94.42356872558594,96.7890800137562,92.64942773968124,94.62069215967446,4782292,92.62971343994141,88.87938346862794,83.1183260599772,65.57774419392575,2.822221781882945,2.441904857340773,0.3803169245421718,96.44459264970924,88.87938346862794,81.31417428754663,3008006.35,1.589854356524214,4.009093642222391,-0.2083272355870025,0.08010681923562579,-0.7411524345470877,-1.4663363098225912,-2.846300019954262
2025-09-22,93.63505554199219,95.3106272122014,92.8465468032016,94.81781113040144,2855021,93.10281677246094,89.33277397155761,83.35016771952311,63.122101723539714,2.8161296747617968,2.5167498208249777,0.2993798539368191,96.89673946150067,89.33277397155761,81.76880848161456,3098517.35,0.9214152052432432,3.8030918777927107,-0.8350808958357936,0.35037367829144905,1.1815861562103347,0.8419821964858132,0.0
2025-09-23,94.12787628173828,94.52213067064338,92.35373529155387,94.12787628173828,2537323,93.7336212158203,89.77630844116212,83.63593317667643,64.02872974467329,2.818577345860163,2.5771153258320147,0.24146202002814832,97.37426683411996,89.77630844116212,82.17835004820427,3202838.3,0.7922107713024413,3.585132344632283,0.5263207640487488,0.005624330335418648,1.417160099788184,-2.097090934086776,-0.9765562544103212
2025-09-24,93.93074798583984,94.91638014720321,92.15660708747514,94.22643312238289,2029614,94.14758758544922,90.14592056274414,83.92471796671549,63.35775307864417,2.772649163191943,2.6162220933040006,0.15642706988794242,97.79969642839183,90.14592056274414,82.49214469709645,3263005.6,0.6220075135635685,3.4750844399783887,-0.2094260528181957,0.18631834557791827,-0.19292856211109433,1.0313377164776538,0.1314941427221994
2025-09-25,91.86091613769531,94.02931144484391,91.86091613769531,93.43793364099493,1550481,93.59563293457032,90.4514663696289,84.17585322062175,56.64549441738336,2.539953611526485,2.600968396948498,-0.061014785422012885,97.84999084817774,90.4514663696289,83.05294189108007,3318726.05,0.4671916201097708,3.3008592222677504,-2.203572198165138,0.2976129160905838,-0.6599329621733818,-2.296816255373546,-2.166785013623229
2025-09-26,91.07241821289062,91.86091947339614,89.59396988969362,91.86091947339614,1349410,92.92540283203125,90.7570125579834,84.40754203796386,54.28606259263347,2.265796822214128,2.533934082001624,-0.26813725978749625,97.69106129077376,90.7570125579834,83.82296382519304,3367316.85,0.40073745955923334,3.1630046037923853,-0.8583606151094436,0.6501132916399088,-1.7043185521454118,0.7836033475213666,0.872488074747646
2025-09-30,93.14224243164062,93.14224243164062,90.8752853751291,91.86091757017292,916170,92.82684020996093,91.30896644592285,84.70209948221843,59.1018104254252,2.1902947531977333,2.465206216240846,-0.27491146304311265,96.98610578540188,91.30896644592285,85.63182710644382,3381000.85,0.270975974466259,3.043531597488271,2.272723464871196,0.046643707979932,0.9390763957033643,-0.9043347335633944,0.9234949122875813
2025-10-01,94.52212524414062,95.90201176620083,93.63505479997502,94.02930916624602,2244305,92.9056900024414,91.90527381896973,85.0354170481364,61.97754431377273,2.2162562083478576,2.4154162146622484,-0.1991600063143908,96.01914370899368,91.90527381896973,87.79140392894578,3475808.0,0.6456930302249146,3.005696629097862,1.4814790544824374,-0.05285909728485194,0.6288447090782023,-1.946872586561943,0.7843048432874866
2025-10-02,93.63505554199219,96.19769766339665,93.14223946019223,94.91638036258274,1800125,92.84655151367187,92.11225624084473,85.35903282165528,59.10056670885955,2.1405765037117988,2.3604482724721585,-0.21987176876035974,96.13106723967897,92.11225624084473,88.09344524201049,3427180.7,0.5252495148563365,3.0123315056454034,-0.9384783719761147,0.01609605957935134,1.5220791911750853,0.8066250602974723,2.5940360494053794
2025-10-03,93.24080657958984,95.90201808749808,93.24080657958984,94.32500051846635,2097132,93.12252960205078,92.28967018127442,85.64815165201823,57.81602606447997,2.025439193919695,2.293446456761666,-0.2680072628419712,96.16959217275223,92.28967018127442,88.4097481897966,3351706.5,0.6256908234655988,2.9655155059471143,-0.42104846322811307,0.055177608565615266,1.4506947270404247,1.0874000021444896,2.0859758569875986
2025-10-07,93.5364990234375,94.42356952388958,93.43793730555994,93.83218417707015,1048538,93.61534576416015,92.4424430847168,85.94876963297526,58.54380584512282,1.9357379730058,2.221904760010493,-0.2861667870046931,96.26267112740814,92.4424430847168,88.62221504202546,3299015.55,0.3178336034214813,2.7278151643941313,0.31712771982002064,0.29750124162626346,1.684868471805201,-4.329692892237635,-4.415420092481925
2025-10-08,91.17097473144531,91.86091423501588,89.49540306861589,91.86091423501588,2350608,93.2210922241211,92.4079460144043,86.18696403503418,50.96810447004179,1.654696754147892,2.108463158837973,-0.4537664046900809,96.26259005264512,92.4079460144043,88.55330197616348,3290781.3,0.7143008865402268,2.902919269784462,-2.528985280280216,0.0858699164537402,-0.5448692045472381,5.625914474119775,4.4892600515549885
2025-10-09,91.26953887939453,91.95948592115634,90.38246840843037,91.26953887939453,998688,92.57057495117188,92.41287422180176,86.44158566792807,51.25116698559077,1.4235134890198538,1.9714732248743494,-0.5479597358544956,96.26110608504149,92.41287422180176,88.56464235856203,3215065.65,0.3106275605911811,2.7261323688433303,0.10810913038885595,-0.03831349420129193,0.8802950564221979,-1.788521675134902,-1.0585201534065503
2025-10-13,90.3824691772461,90.3824691772461,87.22844916451886,87.22844916451886,1055515,91.92005767822266,92.53114967346191,86.67320925394694,48.53544000138384,1.1554012282607573,1.808258825551631,-0.6528575972908737,95.92962991165399,92.53114967346191,89.13266943526983,3147402.5,0.3353606664543223,2.9014600149809753,-0.9719230676958124,0.2671434399057038,-1.3863493889187506,9.553998188727753,8.321959967518033
2025-10-14,88.11551666259766,91.5652292247369,87.72126229439785,91.17097485653709,905710,90.89499969482422,92.52129325866699,86.84240951538087,42.35826540899585,0.7513352823007864,1.5968741169014622,-0.8455388346006758,95.97202964210011,92.52129325866699,89.07055687523386,2843636.0,0.3185041967396671,3.0271276036953854,-2.5081772331344343,0.0847841788281345,-0.4838520946744862,-1.137496882621214,1.007563680810808
2025-10-15,93.33936309814453,93.33936309814453,87.42557010304071,88.11551713100215,2573439,90.85557250976562,92.5065086364746,87.06417668660482,56.19387757864855,0.8429142678481156,1.446082147090793,-0.6031678792426773,95.9396417054824,92.5065086364746,89.07337556746681,2446001.2,1.0521004650365666,3.412016322549843,5.9284069746188495,-0.02313105345168598,1.8010593746521364,1.6552274518977672,5.797995351543328
2025-10-16,93.24080657958984,95.014947584862,92.64942875109149,93.63506097184778,2020716,91.26953887939453,92.60507202148438,87.21366424560547,55.92115749205412,0.8971962662372874,1.336304970920092,-0.4391087046828046,96.00167147115805,92.60507202148438,89.2084725718107,2358884.8,0.8566403921039298,3.272483324045932,-0.10558944831352557,-0.24149632990847492,1.364430807973327,5.182685819537247,-0.29462999819359625
2025-10-17,91.56523132324219,93.93075006687772,91.46666960887754,93.93075006687772,768248,91.32867736816407,92.63464088439942,87.29251492818197,51.357671535980195,0.795836315565893,1.2282112398492524,-0.43237492428335944,95.98137935813855,92.63464088439942,89.28790241066028,2234526.1,0.3438080226496347,3.1646962752398324,-1.7970407140540878,0.006860517943563238,-1.2496442248141726,-0.8306634534006374,-2.54136968684896
2025-10-20,94.9163818359375,95.40919792538728,93.043679192073,93.33936433387682,2438382,92.23545989990234,92.78741416931152,87.44200261433919,58.629249212349016,0.9746821351059793,1.1775054189005978,-0.20282328379461845,96.26195391799871,92.78741416931152,89.31287442062433,2168091.6,1.1246674264131644,3.255265652160533,3.659850430416256,0.03266778205262,1.4147553157768167,4.492672121061769,6.124921105043879
2025-10-21,103.98419189453125,103.98419189453125,96.9862051288072,96.9862051288072,17366669,95.40919494628906,93.25558929443359,87.74097760518391,71.1826520555096,1.8270540823245653,1.3074151515853913,0.519638930739174,99.3247902327276,93.25558929443359,87.18638835613959,2684419.3,6.469432327505618,4.030271573018295,9.553472101651984,-0.08033787001248127,0.23034471151326397,0.34615129079793583,-1.6000096736979552
2025-10-22,100.04166412353516,104.4770088383717,98.56321588525631,103.98419275894541,13775364,96.7496551513672,93.53649406433105,87.96274477640787,62.32734328910213,2.1595420924895876,1.4778405397662306,0.681701552723357,100.31223540623981,93.53649406433105,86.7607527224223,3134072.9,4.395355321824199,4.281407757031241,-3.791468394537223,0.2614607328592866,-0.37294058215946446,-5.718956828543353,-3.4262369860514896
2025-10-23,100.53448486328125,102.01293317009421,97.57758824965534,98.26752778492394,5968530,98.20839080810546,93.8814655303955,88.20093930562338,62.94784349864783,2.4347415658181006,1.6692207449766046,0.7655208208414961,101.34587569270973,93.8814655303955,86.41705536808128,3289748.35,1.8142816303867133,4.30193271215226,0.4926154958173612,0.22101202829689637,-0.42189869317011963,-0.28885331214595356,1.803968759288166
2025-10-27,104.9698257446289,105.46264182793702,99.54884882823963,102.50574532808832,8730001,100.88930969238281,94.42356300354004,88.52455507914225,68.04853614621835,2.976423712769119,1.9306613385351077,1.0457623742340112,103.38748321224229,94.42356300354004,85.45964279483779,3599382.25,2.425416472507192,4.516847417158278,4.411760688264699,0.1894395419437922,1.6757472785653427,3.884837815558817,2.9691255762799296
2025-10-28,99.05603790283203,102.99856677458655,97.47902785808564,102.01293455664792,8200158,101.71724090576171,94.67982749938965,88.78081944783528,56.81747018346553,2.8951440432253577,2.1235578794731578,0.7715861637521999,103.87450431609233,94.67982749938965,85.48515068268696,3907909.45,2.0983490290441607,4.913374146409609,-5.633797903203119,-0.7530777372024122,-0.15904147839432836,-1.6704651917566093,0.8650520387065486
2025-10-29,97.6761474609375,100.04166619512235,97.57758574696662,99.5488501054912,3329295,100.45563201904297,94.97058906555176,89.05515365600586,54.554912780982896,2.688393565531669,2.23652501668486,0.45186854884680905,104.15771638309876,94.97058906555176,85.78346174800477,3996850.15,0.8329796902693487,4.586801653309092,-1.3930402135083564,-0.18953750952860338,1.2366435536016018,-0.7721963650058505,-1.2006685328784683
2025-10-30,95.8034439086914,98.36609356631486,95.2120661106924,97.67614653550213,3226514,99.60798797607421,95.2071403503418,89.32127431233724,51.554419060236135,2.3463831521676184,2.258496643781412,0.0878865083862066,104.21350646891388,95.2071403503418,86.20077423176973,4090705.35,0.7887427042380356,4.39576509361754,-1.9172577962240145,0.3997594261948789,-0.025485081114973163,-1.0700448160121057,-2.3148110178250025
2025-10-31,101.02729797363281,103.98419449969036,99.05603362292779,99.54884971060405,8857747,99.70655059814453,95.60139312744141,89.70074272155762,58.42370136334589,2.4684045696450454,2.300478228954139,0.16792634069090662,104.91235126620577,95.60139312744141,86.29043498867705,4487784.2,1.9737461975110122,4.900429826601729,5.452678788791943,0.21359802296341268,-0.19153205969807408,-1.5142510642518037,0.5924016903943174
2025-11-03,98.56321716308594,100.04166542053223,97.77470841787057,100.04166542053223,3784351,98.42522888183593,95.80344772338867,90.02271588643391,54.49826056721093,2.3393105777145564,2.3082446987062224,0.03106587900833402,105.19086688783688,95.80344772338867,86.41602855894047,4564786.5,0.8290313249042425,4.680717790489798,-2.439024758625119,0.16628250572858772,0.3585838583650913,0.7587804303599954,-1.1778487869819942
2025-11-04,96.09913635253906,100.04166502341246,96.09913635253906,99.54884893955328,2782933,97.83384857177734,95.92665176391601,90.31840553283692,50.82097750420209,2.0149449002585555,2.249584739016689,-0.23463983875813366,105.25876051871361,95.92665176391601,86.59454300911841,4613926.9,0.6031593175002403,4.582292574540945,-2.50000038703051,0.3940632008074152,-0.7694810409372921,-4.320254349442909,-4.052443833152886
2025-11-05,99.5488510131836,100.53448320143293,93.33936521930201,93.63505788368754,4589730,98.20838928222656,96.2420539855957,90.66994768778483,55.362079779449914,2.0130408250352474,2.202275956220401,-0.18923513118515345,105.61824103939742,96.2420539855957,86.86586693179399,4738556.8,0.9685923781688129,4.930669295552943,3.5897457475468686,0.051456216481238215,-1.4208708043573326,3.7282582793470853,-4.844723005931806
2025-11-06,99.5488510131836,100.53448320143293,98.56321882493425,100.04166710730827,3086674,98.957470703125,96.54267158508301,91.02148984273275,55.36207977944991,1.988608392025128,2.1595424433813464,-0.1709340513562183,105.93912844843987,96.54267158508301,87.14621472172615,4840463.6,0.6376814815837062,4.536081973012375,0.0,-0.08441462583944626,0.6580375706382924,-2.555915629380845,-4.830292922034518
2025-11-07,95.31063079833984,98.07040396816893,94.81781469799729,97.57758786782638,3640512,97.8141372680664,96.74965438842773,91.30239499409994,48.92509110524891,1.6087123274624133,2.04937642019756,-0.4406640927351466,105.82477500324003,96.74965438842773,87.67453377361542,4904958.8,0.7422105156112626,4.562075885302232,-4.2574275561276576,0.2780553192774038,-0.8890464487496197,-1.9876996335467245,-1.4403213822526073
2025-11-10,94.22643280029297,95.70488103728431,93.83217843313996,95.2120649582872,1713397,96.94678039550782,96.89749908447266,91.52580490112305,47.406577400641346,1.2062513274341882,1.8807514016448856,-0.6745000742106975,105.68861226985085,96.89749908447266,88.10638589909446,4940694.25,0.3467927609566206,4.2034927811478475,-1.137541519729146,-0.038733360616827195,0.7887467877500054,1.4844220307172806,2.1572662985715363
2025-11-11,94.52212524414062,96.98620563361365,94.32499430111683,94.42356353251702,1720619,96.63137817382812,97.10448188781739,91.74757207234701,47.88168692006826,0.9007744274633325,1.684756006808575,-0.7839815793452425,105.43246118405015,97.10448188781739,88.77650259158462,4973949.45,0.3459261131011293,4.010996788104226,0.31381050418661793,0.0,-0.30341598250608337,-0.22661847605440766,-3.0653953521157185
2025-11-12,94.81781005859375,95.5077570771806,94.12787055978345,95.11350271224191,1074316,95.68516998291015,97.4395965576172,91.92005767822266,48.383823209365175,0.6747628308902733,1.4827573716249147,-0.8079945407346414,104.71780804119997,97.4395965576172,90.16138507403441,4982379.75,0.21562306646738438,3.660182085343283,0.31282074296299367,-0.008074886659015235,0.5835555923585645,1.7344624144016718,-0.28109993789033894
2025-11-13,94.81781005859375,96.39482751834854,93.93074713720237,94.81781005859375,1379676,94.73896179199218,97.51351890563964,92.10568491617839,48.383823209365175,0.48999861328016436,1.2842056199559648,-0.7942070066758005,104.64493614357727,97.51351890563964,90.38210166770202,4922691.6,0.2802686237748471,3.500701858117,0.0,0.3223070095614844,-0.1557560988223461,-2.3137799453151864,-4.016904236847029
2025-11-14,91.7623519897461,94.71924845033799,91.46666685555284,93.73361629680736,1989350,94.02930603027343,97.43959617614746,92.24203058878581,43.375499189609016,0.09591604854045954,1.0465477056728638,-0.9506316571324043,104.78493970689014,97.43959617614746,90.09425264540478,4921123.3,0.4042471360146575,3.4807607041068542,-3.2224516332527653,0.1957261013469047,-1.8136056365454567,-2.514030484764551,-2.790015238959165
2025-11-17,90.3824691772461,93.0436806127755,90.3824691772461,92.55086451580081,1804107,93.26051330566406,97.38045806884766,92.37180544535319,41.29649215347757,-0.32400727980022737,0.7724367085782456,-1.0964439883784731,104.94083640476981,97.38045806884766,89.8200797329255,4972916.25,0.3627865239033535,3.371487468296529,-1.503757022982799,-1.8326170463155322,0.18180690528333265,-1.9181537645014624,-4.456199859952637
2025-11-18,88.70689392089844,91.26953601910242,88.70689392089844,89.79108778708743,1797120,92.09746704101562,97.0699836730957,92.499937693278,38.8607618448266,-0.7829787708322158,0.46135361269615344,-1.2443323835283693,105.5147008520498,97.0699836730957,88.62526649414161,4940853.15,0.36372665720696434,3.263641418950856,-1.8538719638890866,2.0307929943259806,-2.518248208944085,-0.999563406990478,-1.8181748422711697
2025-11-19,87.32701110839844,89.39683721715122,87.22844939270104,89.19971378575643,1317200,90.59930725097657,96.23712463378907,92.58700180053711,36.9290297947672,-1.243725106161179,0.12033786892468695,-1.364062975085866,105.0865561895381,96.23712463378907,87.38769307804003,4138379.7,0.3182888220720781,3.1176076063507656,-1.5555530709151721,-0.23030738201144096,-0.6577934530601293,1.229142980057163,-0.9661882944462796
2025-11-20,89.6925277709961,90.97385260420673,88.31264122441004,88.80545731106388,2010424,89.57425079345703,95.71966781616212,92.71184844970703,42.23057098176698,-1.4018330128223795,-0.18409630742472638,-1.217736705397653,104.83860220438893,95.71966781616212,86.6007334279353,3550132.7,0.5662954514348153,3.188172124945102,2.708802960931944,0.2565641148130293,3.183733789520926,-2.6452676371647166,-3.9024345972530794
2025-11-21,87.03132629394531,89.002590694535,86.9327570580943,88.11552021031426,1189112,88.62804565429687,95.04450988769531,92.75291646321615,38.327393160199456,-1.7220210003949319,-0.4916812460187675,-1.2303397543761645,104.6490497290713,95.04450988769531,85.43997004631933,3311161.8,0.3591222875306184,3.1310519366726615,-2.967026956632768,0.5422820276357987,-3.614843327615369,4.008906850533367,5.837565286003565
2025-11-24,86.83419036865234,88.01695345313037,85.74999651437984,87.91838422292484,1084263,87.91838989257812,94.13772811889649,92.77919985453288,38.04686083135027,-1.9689823066316166,-0.7871414581413374,-1.1818408484902791,103.20619888479871,94.13772811889649,85.06925735299427,2928874.9,0.37019778482174165,3.015839270283043,-0.22651145706679143,-0.04305999745704003,0.2621560052100236,1.4775130951530047,2.7178299199193567
2025-11-25,88.50977325439453,89.29827449082674,87.52414106902165,88.11551887629003,1122434,87.87896575927735,93.61041488647462,92.8120543162028,41.936939487928534,-2.0063672330925186,-1.0309866131315737,-0.9753806199609449,102.7011787311281,93.61041488647462,84.51965104182113,2574988.7,0.4358986119045881,2.9422719172018907,1.9296349498147514,0.27920716971145954,1.5391110399419539,1.9413420457724984,3.501930328974412
2025-11-26,89.49540710449219,90.28390835559149,89.10115271905406,89.39683786829994,791050,88.3126449584961,93.20137786865234,92.87447776794434,44.158147644379696,-1.9341667716727073,-1.2116226448398004,-0.7225441268329069,102.25799884438902,93.20137786865234,84.14475689291567,2448076.45,0.3231312486176647,2.7865203417345668,1.113587589095677,-0.12091894024681693,1.8481197988450715,2.753049013765363,1.353386542666457
2025-11-27,90.18534088134766,90.57959524161485,89.69252481095778,89.88964823120314,1416100,88.41120758056641,92.92047271728515,92.96154187520345,45.72337927790288,-1.800520219737976,-1.3294021598194354,-0.4711180599185405,101.9857784597066,92.92047271728515,83.8551669748637,2357555.75,0.6006644805748496,2.55954271445298,0.7709152895968518,-0.44348084794223475,0.5289772806627235,2.753049013765363,1.353386542666457
2025-11-28,91.6637954711914,92.05804985889387,89.9882237231772,90.87528669578649,2349247,89.33770141601562,92.45229759216309,93.12088572184244,49.02096202520154,-1.5573532363287796,-1.3749923751213045,-0.1823608612074752,100.6835443734067,92.45229759216309,84.22105081091948,2032130.75,1.1560511054714369,2.4942471706214717,1.6393513351453448,0.2105664976116417,0.261122848805706,1.208707284842303,1.4094995180714998
2025-12-01,89.8896484375,91.36809665206268,89.79108672715113,91.36809665206268,721343,89.94879302978515,92.01861915588378,93.24244689941406,45.452302669085476,-1.4906175769570211,-1.3981174154884477,-0.09250016146857343,99.79565762537803,92.01861915588378,84.24158068638954,1878980.35,0.3839013005112054,2.411375380410646,-1.9354937514550086,0.19863050869839416,-1.027822462568817,0.37818196727970044,0.5852236201834504
2025-12-02,88.01696014404297,90.18534801742544,88.01696014404297,89.8896553438837,952573,89.85023040771485,91.61451034545898,93.21780611673991,41.97845858725083,-1.570732948984741,-1.4326405221877063,-0.1380924267970347,99.33853480210423,91.61451034545898,83.89048588881373,1787462.35,0.5329191968714754,2.3789770461402227,-2.0833191874803036,0.0608734112671927,0.8109719183892139,2.0820924662036555,2.1818182845035894
2025-12-03,89.49540710449219,89.98822320634561,88.4112056645931,88.70689833361592,468028,89.85023040771485,91.11183815002441,93.21452077229817,45.51865370893438,-1.4976625233981622,-1.4456449224297976,-0.05201760096836461,97.91541121400938,91.11183815002441,84.30826508603944,1581377.25,0.29596226959759286,2.324615181628545,1.679729631686544,0.01911236723253218,0.8299495511413513,11.013989965152726,7.168455537406682
2025-12-04,88.50977325439453,90.38246839078154,88.50977325439453,90.08678324703575,486029,89.51511688232422,90.55988426208496,93.18166631062826,43.60835118925313,-1.501972297394829,-1.456910397422804,-0.04506189997202514,96.16749890376245,90.55988426208496,84.95226962040748,1451345.0,0.33488178207111335,2.2643591755963404,-1.1013233885252438,-0.2780117606670518,0.009613468300440076,-4.129484772249558,1.3377907878914241
2025-12-05,88.50977325439453,88.8054583981403,87.52414106902165,88.8054583981403,304174,88.88431243896484,90.2198413848877,93.12581392923991,43.60835118925313,-1.488232407535861,-1.4631747994454154,-0.02505760809044566,95.42482186780481,90.2198413848877,85.0148609019706,1284528.1,0.23679824520771478,2.133286929399315,0.0,0.16062935130458644,0.6662167696174004,-0.09125613474186833,0.3300357327185699
2025-12-08,88.01696014404297,88.5097762534278,85.84856475088344,86.73563525173157,1127096,88.50977478027343,89.9093677520752,93.07324701944987,42.57231246053753,-1.49982034983924,-1.4705039095241805,-0.029316440315059422,94.84171398866663,89.9093677520752,84.97702151548377,1255213.05,0.897932028351681,2.203676872485321,-0.5567894846314037,-0.2901310503285237,1.1539613810094718,2.995979794230741,0.5263112508548939
2025-12-09,87.32701110839844,88.90402111888737,87.32701110839844,87.91838892235967,945309,88.37178497314453,89.54961204528809,93.06174786885579,41.10010603614052,-1.5468459217256196,-1.4857723119644684,-0.06107360976115128,94.10016407477109,89.54961204528809,84.99906001580509,1216447.55,0.7771062550128034,2.1201212908858027,-0.7838819183432433,-0.3494935499670837,-0.42813960011827135,-2.039733068627536,0.45812781067045005
2025-12-10,87.81982421875,88.70689466939932,87.72126250640599,88.21407858790266,1167100,88.03666839599609,89.1997127532959,93.05353418986003,42.626281236190366,-1.5267487179991548,-1.4939675931714056,-0.0327811248277492,93.06998822964965,89.1997127532959,85.32943727694214,1221086.75,0.9557879487268206,2.0214229269011463,0.5643306739764986,-0.043961550810267536,0.7739912655269743,-0.23538125872302196,2.9315949049908196
2025-12-11,87.32701110839844,89.10115207005904,87.22844939270104,88.6083359717952,1090021,87.80011596679688,88.82517280578614,92.94840011596679,41.46910572960772,-1.5329169265264113,-1.5017574598424068,-0.03115946668400449,91.73753462259408,88.82517280578614,85.9128109889782,1206604.0,0.9033792362697289,2.0015935602953943,-0.5611638542158959,-0.23755066327988406,-1.3238408398111412,1.5789523968692043,0.2531654063194111
2025-12-12,87.42557525634766,88.312645761857,87.0313283825898,87.72126793144314,534005,87.5832763671875,88.60833396911622,92.88433405558268,41.809354343751586,-1.5124177626982487,-1.5038895204135754,-0.008528242284673304,91.23131997513636,88.60833396911622,85.98534796309607,1133836.75,0.47097168088792324,1.9055567361583008,0.11286788211137821,0.33175603858714986,0.618273245078016,-1.8045419228200243,-3.2197001387211155
2025-12-15,86.24281311035156,86.83419089629581,85.94712045749117,86.24281311035156,564051,87.22844696044922,88.40135116577149,92.80548337300618,38.88796431285133,-1.5734730304599367,-1.5178062224228477,-0.05566680803708901,91.0874385030222,88.40135116577149,85.71526382852078,1071833.95,0.5262484921288414,1.848609811184726,-1.3528788830133753,0.449008499969894,-1.1741252883312847,0.23653760968123105,-1.174175408719158
2025-12-16,85.25718688964844,86.53851178144993,84.07443123550632,86.24281910802587,759049,86.81448211669922,88.22886581420899,92.69542121887207,36.59330988370788,-1.6820024911217928,-1.5506454761626367,-0.13135701495915608,91.25398689263226,88.22886581420899,85.20374473578572,1019930.4,0.744216468104098,1.930672575819243,-1.1428502679312835,0.027453065033000712,-1.1852011859090683,-0.962059861733322,-1.782170054761667
2025-12-17,89.29827117919922,90.57959598057673,85.45430429484321,85.45430429484321,3024275,87.11017150878907,88.32742881774902,92.60671424865723,49.69874024373906,-1.4254988774753485,-1.5256161564251791,0.10011727894983058,91.35727824675976,88.32742881774902,85.29757938873828,1105284.15,2.7361968413280877,2.382904111167116,4.739875237475655,0.4478345884427748,-0.04172704427407581,-2.25439793122596,-2.083338730897155
2025-12-18,88.50977325439453,89.4954054397674,88.01695716170809,89.4954054397674,939006,87.34672393798829,88.26829109191894,92.50815099080404,47.63009974097339,-1.271189625714257,-1.4747308502829948,0.2035412245687378,91.23138868346437,88.26829109191894,85.3051935003735,1051713.25,0.8928346200829932,2.262310000086074,-0.8829934940424167,0.518285581531619,-0.20577756708046735,1.8938651544261997,1.7158554080935584
2025-12-19,88.60833740234375,89.39683866042984,88.2140830134122,89.39683866042984,777152,87.5832763671875,88.34714164733887,92.42437235514323,47.921908152883056,-1.127942905259161,-1.405373261278228,0.27743035601906696,91.25506010094333,88.34714164733887,85.43922319373442,1031115.25,0.753700422915867,2.1183694196769483,0.11135962089285911,-0.37303888670811025,0.8293866411184903,1.6010285782881661,0.3373846940545322
2025-12-22,90.18534088134766,90.48103353149217,88.60833096005534,89.00258532032254,1144250,88.37178192138671,88.51469917297364,92.35866343180338,52.48390676646731,-0.8770576711899452,-1.2997101432605715,0.4226524720706264,91.441684170873,88.51469917297364,85.58771417507427,1034114.6,1.1065021226854355,2.0856138399115998,1.7797461562146344,-0.032362001212404845,1.6366453414191628,2.1010684054482143,0.4034950995185138
2025-12-23,89.39683532714844,90.57959844984217,88.60833409846269,90.57959844984217,634094,89.19971160888672,88.55905227661133,92.2830982208252,50.11980458591851,-0.7334009346195245,-1.1864483015323621,0.45304736691283765,91.5124870858476,88.55905227661133,85.60561746737505,1009697.6,0.6280038696734547,2.0703672414406498,-0.874316764225147,0.08982802507242482,0.571339720700248,-1.2063159802388257,0.20094323508537126
2025-12-24,89.59396362304688,91.07241184283387,89.39683268187603,89.59396362304688,1462042,89.25885009765625,88.56398010253906,92.2453156789144,50.717475238475764,-0.5967661808289364,-1.068511877391677,0.4717456965627407,91.52431390416055,88.56398010253906,85.60364630091757,1043247.2,1.4014339075149207,2.017728830709608,0.22050925536349908,-0.13541653938790033,0.21726860803557013,-1.0953435279162371,0.40106764110714455
2025-12-26,89.8896484375,90.38246450902089,89.59396330645336,89.8896484375,626164,89.53482513427734,88.54919548034668,92.22560284932455,51.65323832942835,-0.4593280132494044,-0.9466751045632226,0.48734709131381815,91.47822266172852,88.54919548034668,85.62016829896484,1003750.4,0.6238244089367238,1.853831813623998,0.3300276073253894,0.2562756491433227,0.6486648427758146,-0.2723339159265148,-0.06657330789580085
2025-12-29,89.49540710449219,90.28390835559149,89.49540710449219,90.1853466391762,583457,89.71223907470703,88.44077606201172,92.16482226053874,50.28233688784058,-0.37786348101820977,-0.8329127798542201,0.4550492988360103,91.02455905022295,88.44077606201172,85.8569930738005,915460.9,0.6373368868075087,1.7117877386207057,-0.4385836855084868,-0.602469435943731,0.8925301842964695,-1.6566536361849682,-0.732858442004658
2025-12-30,88.60833740234375,89.49540789749548,88.50977568505512,89.49540789749548,524204,89.39683837890625,88.3767105102539,92.06625912984212,47.244002048492455,-0.3804952513102364,-0.7424292741454235,0.36193402283518705,90.87122857412648,88.3767105102539,85.88219244638132,905603.95,0.5788446483697427,1.6149670017966602,-0.9911901971826564,-0.1982110917127744,-0.360140777928486,0.40725882791343704,-0.8053654461819493
2025-12-31,88.80545806884766,89.59396682213286,88.7068963546312,88.7068963546312,464773,89.2785629272461,88.41613540649413,91.98576583862305,47.99599892172203,-0.36249632584858205,-0.6664426844860551,0.3039463586374731,90.91163723162403,88.41613540649413,85.92063358136424,881213.95,0.5274235615539223,1.5310553241956528,0.22246288812399762,-0.23692492856227654,0.893397362684345,-0.16592947972495775,-1.9621127873157507
2026-01-02,90.9738540649414,91.0724157798994,89.2982748315482,89.692529211157,1418895,89.554541015625,88.4900577545166,91.94798329671224,55.50891163387143,-0.17128613298255857,-0.5674113741853559,0.39612524120279735,91.19866281493357,88.4900577545166,85.78145269409963,928757.3,1.5277349636982664,1.6291756424431318,2.4417373022417976,0.1917140625415037,1.3334355629436079,4.709139732603473,5.521048049108668
2026-01-05,89.49540710449219,91.9594876137593,88.90402176644652,91.86091837756705,1162878,89.47569274902344,88.53933944702149,91.88063176472981,50.185371159472176,-0.13746438746260026,-0.4814219768408048,0.34395758937820453,91.28506670888208,88.53933944702149,85.7936121851609,962599.75,1.2080597361468253,1.8193476697590842,-1.6251339196796444,0.1763399560895884,2.5731972423427285,3.5096963615391052,0.8502334178639659
2026-01-06,90.3824691772461,91.4666706064119,90.18534574636696,90.67816184334166,1066148,89.65310516357422,88.63297424316406,91.86749000549317,53.092177298109725,-0.03863653673624867,-0.3928648888198936,0.35422835208364495,91.49952324024673,88.63297424316406,85.76642524608138,1000698.45,1.065403868667929,1.8396031140471676,0.9911816722820266,0.3695945317161664,1.5653914873574148,5.230873686589432,7.392986915970101
2026-01-07,89.49540710449219,90.28390835559149,89.19971443546935,90.0867849227609,872026,89.83051910400391,88.70689659118652,91.83792114257812,49.953070838344004,-0.03152979297675529,-0.32059786965126597,0.2890680766745107,91.58279523424527,88.70689659118652,85.83099794812777,987944.95,0.8826665898742638,1.7520233310777784,-0.9814536832516874,0.055600146772261105,-0.46058572988449953,0.2104939631611069,-2.173903174812142
2026-01-08,87.32701110839844,89.29827550145383,87.22844939270104,89.29827550145383,1401002,89.53482971191406,88.70689659118652,91.78699684143066,43.22514445139166,-0.19857997583957854,-0.29619429088892846,0.09761431504934992,91.58279523424527,88.70689659118652,85.83099794812777,1010729.6,1.3861293861384885,1.820681248506228,-2.4229131597356623,-0.13653985571981941,-0.2461598922053443,-1.615769930298716,-0.7407432526737145
2026-01-09,87.52413940429688,88.11551720031713,85.84856020916673,87.42557017181295,604250,88.84488677978516,88.69211235046387,91.77714055379232,43.964036406964794,-0.31147139492438214,-0.2992497116960192,-0.012221683228362923,91.59016659673881,88.69211235046387,85.79405810418893,982587.1,0.614958205740743,1.8801846808587834,0.22573576422275643,0.304299038122946,-0.23579889662018738,2.085729135316061,0.6840924280884897
2026-01-12,89.19971466064453,90.08678515017539,87.91838978468029,88.90402199087525,779201,88.78574829101562,88.78574752807617,91.70814641316731,49.92903709257288,-0.262705433359983,-0.291940856028812,0.029235422668829003,91.61836655953825,88.78574752807617,85.9531284966141,967046.1,0.8057537277695448,1.9711794895280805,1.914415003394354,0.15374978232687297,0.918909452108041,-5.485842753833403,-0.6794444003923261
2026-01-13,87.22844696044922,89.10114958558934,86.7356308759269,89.10114958558934,936300,88.15494384765626,88.77589111328125,91.60794041951497,43.99544461546424,-0.3787568135360715,-0.30930404753026386,-0.06945276600580763,91.62973040037117,88.77589111328125,85.92205182619132,987160.85,0.948477646778638,2.0369000622200204,-2.209948437273479,-0.07406428934867426,0.4577823055845309,1.1234039955950736,-0.49750814380763453
2026-01-14,89.19971466064453,89.9882234335113,87.22845024825459,87.22845024825459,1681051,88.09580535888672,88.92373619079589,91.56851514180501,50.34978326960263,-0.3081118183475269,-0.30906560169371644,0.0009537833461895628,91.51976038195001,88.92373619079589,86.32771199964178,1043010.85,1.6117291589056817,2.133283583665628,2.259890860018543,0.1488727455515093,0.7638548470983331,1.9693687706574536,6.562487500861391
2026-01-15,88.80545806884766,89.88965196478223,88.80545806884766,89.39683587392317,694449,88.39149475097656,89.10114974975586,91.46666641235352,49.148689305888624,-0.28070259789188867,-0.30339300093335086,0.022690403041462193,91.04525106416976,89.10114974975586,87.15704843534196,1039780.85,0.6678801595547754,1.993404958634821,-0.4419931087187967,-0.335893987830016,-0.4240196321329548,-0.4952179641632526,4.8094037780081145
2026-01-16,89.59396362304688,90.9738501321367,88.01695369256272,89.10114754978454,1425272,88.80545959472656,89.11593437194824,91.22682927449544,51.63372426800315,-0.19312851944617648,-0.281340104635916,0.08821158518973954,91.0708151236242,89.11593437194824,87.16105362027228,959830.7,1.4849202051986876,2.1218704894267093,0.8879021305063572,0.16978112646923726,1.9412784151040752,0.0829513151466621,2.3502966657756863
2026-01-19,93.43793487548828,94.62069049881269,89.49540610470441,89.59396782001865,3808607,89.65310363769531,89.36234245300292,91.11676712036133,61.509006752733704,0.18432612647609403,-0.18820685841351403,0.37253298488960807,92.08651581026712,89.36234245300292,86.63816909573873,1103310.75,3.4519803237664455,2.522325676717585,4.290435534936643,0.13876592712758207,0.7341591644532297,0.0829513151466621,2.3502966657756863
2026-01-20,95.31063079833984,95.70488518256927,90.57960074691745,91.959487331832,4017522,91.26954040527343,89.69745712280273,91.02970288594564,65.2332868160137,0.6273409668252867,-0.025097293365753892,0.6524382601910406,93.47600867114654,89.69745712280273,85.91890557445892,1265329.25,3.175080320003667,2.8693868445754833,2.004213733262672,-0.1866616541035815,0.3814914160573224,-0.4475392832239078,-2.3510023774868105
2026-01-21,96.78907775878906,99.54885089039388,94.32499729120507,94.62068995522587,7616369,92.78741302490235,90.0276439666748,90.89335708618164,67.87592110118382,1.085221970019873,0.19696655931137153,0.8882554107085016,94.96281274664268,90.0276439666748,85.09247518670692,1588935.2,4.793379239128191,3.183315745190594,1.5511878875057894,0.4225198331249791,-1.617195376823788,5.1115544865596,6.662911523311066
2026-01-22,98.56321716308594,101.52011367797851,98.16896279047825,101.02729759216308,6255334,94.73896484375,90.48596305847168,90.88514340718588,70.74920043255898,1.5731202358852414,0.4721972946261455,1.100922941259096,96.70896697290735,90.48596305847168,84.26295914403602,1869997.2,3.3451034044329053,3.3896784350571085,1.8329954633086398,-0.13351674979606987,1.5992608141158327,-0.09504415060325178,0.157504902170591
2026-01-23,95.50775909423828,99.5488495007077,95.40919738086619,99.5488495007077,2950786,95.92172393798828,90.78165283203126,90.84900360107422,60.68256453095784,1.6937091710468053,0.7164996699102775,0.9772095011365278,97.37705103243427,90.78165283203126,84.18625463162824,1944434.4,1.517554924969441,3.489674926361696,-3.099998312546959,-0.1769903822365304,0.6786024824792181,-1.7282387154939904,-3.3018963708700166
2026-01-26,94.52212524414062,95.40919568830623,93.83217822322223,94.91637961041162,1430882,96.13856201171875,91.01327667236328,90.82764828999838,57.82433289691817,1.6902600903701597,0.911251754002254,0.7790083363679057,97.79939311406535,91.01327667236328,84.2271602306612,1984670.3,0.720967104712556,3.2477957189822773,-1.0319934835086308,-0.6750241196508577,0.32229317820207104,-1.3714076805403375,-2.276422628324193
2026-01-27,93.63505554199219,95.4091964443827,93.63505554199219,94.91638036258274,1000340,95.80344696044922,91.22025909423829,90.70444424947102,55.29978420778271,1.5975322008895034,1.048507843379704,0.5490243575097995,98.06372696964935,91.22025909423829,84.37679121882722,2005514.45,0.4987947107536423,3.0513084101033754,-0.9384783719761147,0.22218190498228818,0.7902828245345717,2.4537869684127633,2.4958340046357996
2026-01-28,94.81781005859375,96.9862053058683,92.94511498474391,93.83217790613529,2551841,95.40919342041016,91.53073272705078,90.64202079772949,57.9367100133675,1.6010274375108935,1.159011762205942,0.44201567530495156,98.43838462684667,91.53073272705078,84.62308082725488,2106896.3,1.2111849073919776,3.1832793315728436,1.2631535376952163,-1.050238363220013,1.5035014375913036,3.672360207305614,4.274894755068237
2026-01-29,94.12787628173828,99.05603734360939,94.12787628173828,97.57758902504806,4841268,94.52212524414062,91.7968536376953,90.60916646321614,55.86639508235375,1.5304830915532932,1.2333060280754122,0.297177063477881,98.67245483324172,91.7968536376953,84.9212524421489,2325721.05,2.081620235582423,3.415930228945946,-0.7276415437449057,0.5120485824171128,-0.8156086050381428,-4.204527228407717,4.6704806771550755
2026-01-30,91.17097473144531,95.01494165651022,90.97385130750418,94.12787120922192,1296278,93.65476837158204,91.80670967102051,90.46953519185384,47.956914581335795,1.2218937157334722,1.2310235656070243,-0.009129849873552143,98.67790721211645,91.80670967102051,84.93551212992458,2319590.2,0.5588392294466497,3.4992849116206255,-3.1413664762206417,0.29453572698179276,-1.4522855203057627,-3.7138285288693784,-0.09915988374898932
2026-02-02,87.52413940429688,89.49540373754881,86.93275408849996,89.39683450506489,1301631,92.25517120361329,91.70814628601075,90.26912333170573,40.36625165561147,0.6752810593985856,1.1198750643653366,-0.44459400496675094,98.77277177315617,91.70814628601075,84.64352079886532,2326527.85,0.559473637936464,3.5978096757972557,-3.999995983250826,0.7056381660207167,-1.3713951210479136,2.738352657141463,2.580639483321101
2026-02-03,87.1298828125,89.69252487644307,86.04568896080598,89.69252487644307,890998,90.95413665771484,91.54551696777344,90.13277753194173,39.63584604810489,0.20787710127893888,0.937475471748057,-0.7295983704691181,98.88311364563222,91.54551696777344,84.20792028991465,2317770.35,0.3844203115291383,3.6043465077759014,-0.4504546911060725,-0.018679128920895405,1.8066327752278566,-3.4129668710926153,0.33865504661296786
2026-02-04,88.50977325439453,88.50977325439453,86.73563231281264,86.83419402739456,561606,89.692529296875,91.49623527526856,90.03749987284343,43.489935621292716,-0.05061482041611498,0.7398574133152227,-0.7904722337313377,98.90470495914516,91.49623527526856,84.08776559139196,2302249.35,0.2439379557214339,3.360319098950033,1.5837166278118486,-0.012352394174863779,0.2933689007004636,4.425376164580275,-4.24299528905121
2026-02-05,91.7623519897461,95.0149411043078,86.9327529334907,87.91838508702133,3683458,89.21942443847657,91.71800231933594,89.99150365193685,51.3713286425658,0.006904796123379242,0.593266889876854,-0.5863620937534748,98.8617966087622,91.71800231933594,84.57420802990967,2416372.15,1.5243752912811879,3.989901641865641,3.6748243902998246,0.26573312511892766,-1.5129881759937458,1.6757929065687405,-1.0574113425822151
2026-02-06,88.60833740234375,92.15661186317364,87.03132736639458,91.7623574742421,1445005,88.70689697265625,91.77221221923828,89.88801244099935,44.84050126801769,-0.19971096764697904,0.43467131837208745,-0.6343822860190664,98.79747925693002,91.77221221923828,84.74694518154655,2458409.9,0.5877803372008875,4.141286022520763,-3.4371553464047966,-0.026220914336294587,-0.057700870579924235,3.3280483754406953,1.526720253008107
2026-02-09,89.29827117919922,92.15660591473453,89.29827117919922,91.17097376591383,978700,89.06172332763671,91.77714004516602,89.79602012634277,46.44441342578127,-0.3042760542974179,0.2868818438381864,-0.5911578981356043,98.79494365160228,91.77714004516602,84.75933643872976,2468384.85,0.3964940880268326,4.062217021170098,0.7786330238007899,-0.2331814588317105,1.9560796184812101,-0.153371900002508,-2.3558963981442638
2026-02-10,88.90402221679688,90.57960148345245,88.70689878296774,89.69253099166738,801100,89.41655120849609,91.8609188079834,89.74838129679362,45.62794570414497,-0.41418279378160605,0.1466689163142279,-0.5608517100958339,98.6874809401054,91.8609188079834,85.03435667586139,2461624.85,0.32543545374105237,3.770281778412046,-0.44149674702120834,-0.043710449322398315,2.0625133919167205,3.5023023544358933,-0.6160135824988533
2026-02-11,88.3126449584961,89.29827717347881,87.72126713346186,88.90402278353031,1160146,89.3771255493164,91.81656532287597,89.71388422648111,44.36799350136103,-0.5427474245948503,0.008785648132412269,-0.5515330727272625,98.72694135418605,91.81656532287597,84.9061892915659,2435579.6,0.4763326150375048,3.4778455466260327,-0.6651861676839288,-0.2613923188501621,1.6108084869157713,5.63966044324089,4.287198372869261
2026-02-23,93.5364990234375,93.83218417707015,89.1997157588317,89.29827747670926,2214698,89.7319549560547,92.05311737060546,89.79437764485677,55.94147892008625,-0.22057184042648714,-0.037085849579367614,-0.18348599084711953,98.85250477119048,92.05311737060546,85.25372997002044,2511592.05,0.8817904961914497,3.7500713695524355,5.91518243779976,-0.21533548382927092,0.49857829689010646,0.5209095748403669,-1.7793594306049876
2026-02-24,93.93074798583984,95.01494185938424,92.94511582447647,93.43793190515817,1307103,90.7964370727539,92.26995658874512,89.90443992614746,56.67405327714052,0.0658086266825535,-0.016506954326983393,0.08231558100953688,99.01552983508158,92.26995658874512,85.52438334240865,2505683.6,0.521655248092776,3.5260386582664793,0.4214921089825685,-0.24182185904723097,2.7464288213389976,0.8060998254695084,1.501046599101663
2026-02-25,94.12787628173828,94.62069238792539,92.94512063480002,94.62069238792539,833011,91.76235809326172,92.30445365905761,89.97836240132649,57.05852275706527,0.30515616580908045,0.047825669700229376,0.25733049610885106,99.08215694732701,92.30445365905761,85.52675037078822,2356903.8,0.353434450739992,3.2793097375809976,0.20986556598927564,-0.18355200278042938,2.052545137509143,-0.49978363590170716,2.549710819079065
2026-02-26,96.9862060546875,98.26752335091048,94.7192490786195,96.00057389461908,4416323,93.37879486083985,92.388232421875,90.14427706400554,62.284650216845264,0.7172165140687241,0.18170383857392833,0.5355126754947958,99.36101138509889,92.388232421875,85.41545345865111,2376843.85,1.8580619000276353,3.394021381793158,3.0366453444607977,-0.3441994373834856,0.004004083061670549,-2.181395861666635,-3.281943711844426
2026-03-02,97.38046264648438,98.56321825766565,93.33936468209866,94.62068952735902,3725929,95.1923583984375,92.41780166625976,90.32004826863607,62.954367254361365,1.0633330789845132,0.3580296866560453,0.705303392328468,99.47368024356847,92.41780166625976,85.36192308895106,2182321.85,1.7073233263003804,3.637999007629669,0.4065079023449547,0.4102837192432096,-0.901886354995296,0.0,2.2970099166270908
2026-03-03,97.6761474609375,101.02729837438463,96.6905152816752,99.05603401586005,4388510,96.0202880859375,92.37344818115234,90.47282117207845,63.47816133040451,1.3459766625759357,0.5556190818400234,0.7903575807359123,99.27616284315901,92.37344818115234,85.47073351914567,2088980.65,2.100790162895956,3.731170218973636,0.30363874479271136,0.5099596730266498,-2.1981462640061733,-4.602895658050743,-6.266309549704685
2026-03-04,93.24080657958984,97.47902813675273,92.25517435883356,96.19770324185872,2462040,95.8822998046875,92.26010055541992,90.53524449666341,51.67525723115847,1.1982659336859172,0.6841484522092022,0.514117481476715,99.0190623739462,92.26010055541992,85.50113873689365,2064543.35,1.1925349012409936,3.956477270057677,-4.54086386148822,0.6310429867452783,-4.35492612031565,-1.4033418721923652,-0.9470904044745598
2026-03-05,96.39482879638672,98.4646548400367,94.81781131572325,95.60632005605498,2184561,96.33569030761718,92.35373573303222,90.63873596191407,57.698650146826914,1.3204856142865253,0.8114158846246668,0.5090697296618585,99.29409525822508,92.35373573303222,85.41337620783936,2102227.3,1.0391649846807718,4.125460068776235,3.3826629482281545,-0.32772450369655814,2.5710975461891383,-2.686710919514701,-3.655796123378008
2026-03-06,99.5488510131836,100.53448320143293,95.31062959580069,95.40919883044708,4905390,96.84821929931641,92.6494255065918,90.7701535542806,62.70485509463948,1.6527964170738016,0.9796919911144939,0.6731044259593078,100.28838463530234,92.6494255065918,85.01046637788126,2297479.8,2.135117792983425,4.271912540357036,3.2719827984331706,0.8722728245506239,-0.21798613570590541,-6.540673199735547,-2.5685851564775986
2026-03-09,95.1135025024414,95.50775686651046,92.25516776266143,95.1135025024414,3746590,96.39482727050782,92.66421012878418,90.85721778869629,53.17456667284107,1.5405016216248697,1.091853917216569,0.4486477044083006,100.3219612193366,92.66421012878418,85.00645903823175,2357217.25,1.5894122614281734,4.674815301712386,-4.4554492247778965,-0.3247034292450657,-4.431963003584727,4.149816519564586,0.5991660943988952
2026-03-10,97.6761474609375,100.04166619512235,96.19769919204406,96.78907699564608,2927457,96.39482727050782,92.84162368774415,91.01820424397786,57.22022111586192,1.6393933128013174,1.2013617963335188,0.4380315164677986,100.80063918728456,92.84162368774415,84.88260818820373,2261526.7,1.2944605075854287,4.70859508717486,2.694301956160561,-0.0009416103239789919,2.0599268819414984,0.6078011364745173,3.0970632506173823
2026-03-11,99.5488510131836,101.52011538968227,99.05603491905892,99.05603491905892,4189504,97.65643615722657,93.26051750183106,91.18576164245606,59.94381200800432,1.847579470309043,1.3306053311286237,0.5169741391804192,101.71571891048728,93.26051750183106,84.80531609317484,2406188.0,1.7411374339827146,4.593311466050849,1.9172577962240256,-0.0883622645329818,4.095952619427945,-0.5873443081471308,1.0976506038854472
2026-03-12,99.5488510131836,101.52011538968227,99.05603491905892,100.04166710730827,3243007,98.28724060058593,93.86175308227538,91.3697462717692,59.943812008004315,1.9896332464725504,1.462410914197409,0.5272223322751413,102.30957393860166,93.86175308227538,85.41393222594911,2503256.8,1.2955151065603818,4.3094139999938506,0.0,0.11834075149077528,-1.560441591332784,-2.616480431872148,-1.4367945546694738
2026-03-13,109.4051742553711,109.4051742553711,98.56322004988387,99.54885225038271,9180218,100.25850524902344,94.97551765441895,91.71800295511882,71.15383849616849,2.8645144608324387,1.742831623524415,1.1216828373080237,105.34203664372875,94.97551765441895,84.60899866510916,2917717.8,3.1463693987129258,5.180419360726301,9.900991464866028,0.26499563387061276,-0.5405866913823942,1.4907273891897832,0.46647924948493014
2026-03-16,110.88362121582031,114.82614997016059,106.44827636718749,113.34770168728298,16082098,103.41252899169922,96.09421005249024,92.09911397298177,72.40150335201763,3.6352574551293486,2.1213167898454017,1.5139406652839469,108.20501301977134,96.09421005249024,83.98340708520914,3693742.4,4.353876437079099,5.606746593025874,1.3513501262730543,0.8380462709563163,-0.1730779621546441,2.271565923800778,0.8705735785674129
2026-03-17,110.88362121582031,114.33333387586805,109.89798902723524,113.34770168728298,6333010,106.05402374267578,97.05027351379394,92.49172414143881,72.40150335201763,4.1976884910585,2.5365911300880217,1.6610973609704782,110.64880591816075,97.05027351379394,83.45174110942713,3826220.0,1.6551609682663306,5.4505596937734655,0.0,-0.6781109201310698,1.481767774178122,1.8370047670336787,1.7261310397797214
2026-03-18,112.36206817626953,113.84051644174676,109.40517164531506,111.86925208777711,4317896,108.61666717529297,98.23796005249024,92.9007615407308,73.7197849588495,4.708441470570932,2.970961198184604,1.7374802723863283,112.84396589051468,98.23796005249024,83.6319542144658,3969864.55,1.0876683437473957,5.315197707461229,1.3333321407059895,-0.18782115046350745,1.5131788114791656,-0.8527393599003008,-1.074662926622294
2026-03-19,110.88362121582031,113.34770168728298,109.89798902723524,110.39080512152778,2704945,110.88362121582031,99.31722755432129,93.29337170918782,70.11311254895152,4.937007819833198,3.364170522514323,1.5728372973188751,114.32628813969515,99.31722755432129,84.30816696894743,4056176.8,0.6668705861144909,5.066466367806096,-1.3157883122352998,0.45852337777712027,-1.9182699065508957,-1.9351607453890862,1.372211038921911
2026-03-20,105.95545959472656,112.85488487066225,105.4626435035883,111.37643659724746,5402442,110.19367828369141,100.16979942321777,93.60220311482747,59.63900756376235,4.6666921200530425,3.624674842022067,1.0420172780309755,114.6148694381792,100.16979942321777,85.72472940825634,4286243.9,1.2604140422340409,5.37656970104181,-4.444445056048208,-0.7152438188559485,-0.432775801380203,-0.050603126211601346,-6.091374125034299
2026-03-23,102.50574493408203,104.9698253411513,101.52011277125432,102.50574493408203,2606130,108.51810302734376,100.87945442199707,93.87325197855631,53.60250140909524,4.126533725700327,3.725046618757719,0.4014871069426076,114.22449136134776,100.87945442199707,87.53441748264638,4358543.1,0.5979360396826179,5.251073317365869,-3.2558158624760747,0.6905285819817086,-2.448670019784016,1.0631135436369288,4.864870775862817
2026-03-24,103.98419189453125,105.46264012051984,102.01292759321312,104.96982404519031,2154035,107.13821716308594,101.40183906555175,94.1853687286377,55.67325461680215,3.7742454679874697,3.734886388603669,0.039359079383800566,114.34861463085191,101.40183906555175,88.4550635002516,4355509.95,0.4945540303495346,5.010891878691315,1.442306439897556,-0.49873146018064585,-0.3369539785315956,4.090834509781138,4.581903274589827
2026-03-25,102.99856567382812,107.43391060715086,102.99856567382812,106.44827839974582,1965331,105.26551666259766,101.85522994995117,94.41370697021485,53.944736118291885,3.376599351398653,3.663228981162666,-0.28662962976401296,114.3267664388045,101.85522994995117,89.38369346109783,4388421.35,0.44784464463513746,4.934152285975506,-0.947861595830668,0.20024107948439784,2.535456425815963,1.2191182542075296,0.16429333660528123
2026-03-26,102.01293182373047,105.46264449409816,102.01293182373047,104.47701230256453,1624813,103.49137878417969,102.24948272705078,94.63875961303711,52.19939260690373,2.947947421853769,3.520172669300887,-0.5722252474471179,114.17923744714929,102.24948272705078,90.31972800695226,4428011.45,0.3669396564003916,4.736227003894463,-0.9569393939124593,0.03163401045052083,-0.3035017473458024,-3.534072260161636,-4.483332711594235
2026-03-27,101.02729797363281,102.01293014898533,99.05603362292779,100.53448188595655,1129126,102.50574645996093,102.45153732299805,94.84574228922526,50.441843467834055,2.499888110984841,3.316115757637678,-0.8162276466528366,114.14040390651888,102.45153732299805,90.76267073947722,4263651.6,0.26482604723143893,4.498983163482226,-0.966185200716263,-0.018472719949447214,-0.6750069219611743,-4.139971253463671,-2.575841384471822
2026-03-30,97.87327575683594,99.05603133199389,96.49338923930061,99.05603133199389,1901326,101.57925262451172,102.47617797851562,94.97387453715007,45.19750936838699,1.8687528260754078,3.026643171325224,-1.1578903452498164,114.12203241952183,102.47617797851562,90.83032353750941,4172421.45,0.4556888662337789,4.503639906262222,-3.121950482749769,0.14719379020335932,-1.7951772733723503,-4.6101091637595015,-2.7027033113866894
2026-03-31,95.21206665039062,99.0560336388382,94.62068884903947,97.8732780361359,1387452,99.8248275756836,102.35297393798828,95.0707950592041,41.296216109190475,1.1406871006199566,2.649451957184171,-1.5087648565642144,114.26180818732128,102.35297393798828,90.44413968865528,4022368.55,0.3449340811895519,4.4945338907337575,-2.719035493465072,0.1938961860005195,-2.4453103067768933,11.246852926149021,8.695653683493454
2026-04-01,97.87327575683594,99.05603133199389,97.47902139185776,98.26752260203754,1018425,98.79976959228516,102.58459739685058,95.20878359476725,46.28899208110136,0.7695561378784816,2.2734727933230334,-1.5039166554445518,113.91327266561007,102.58459739685058,91.2559221280911,3950187.8,0.25781685620111533,4.407791329516359,2.7950334448857417,-0.31555578204207624,4.5765864674125245,0.4522005850681188,2.2777822083515087
2026-04-02,99.05603790283203,100.53448622973997,97.8732822492165,98.46466007602427,1465502,98.20839080810546,102.71765785217285,95.36155675252279,48.38993144811622,0.5643655418171392,1.9316513430218547,-1.3672858012047155,113.80005822838712,102.71765785217285,91.63525747595858,3914234.85,0.3744031863596534,4.174913881968048,1.2084628177099654,0.20069684313648306,-1.8158067453737603,-0.016080604674895138,0.9234065978910966
2026-04-07,102.50574493408203,102.99856101549588,99.05603236418504,100.5344806084266,1642068,98.50408020019532,102.86550254821778,95.57839571634928,54.03705795583714,0.6723624671472379,1.6797935678469316,-1.0074311006996937,113.84835521367528,102.86550254821778,91.88264988276028,3751068.75,0.43776003838905914,4.143929184547087,3.482581278522323,-0.15330159053532633,2.0182425176967334,0.47251414258868696,1.1727099367268456
2026-04-08,106.94109344482422,109.89799003776866,104.47701295070384,105.462645148352,3977457,100.31764373779296,103.45688209533691,95.88394165039062,60.08441728539057,1.1031301677112424,1.5644608878197939,-0.4613307201085515,113.94478832619674,103.45688209533691,92.96897586447707,3762612.1,1.0570999333149436,4.577037973765694,4.326926762587213,-0.06266985661774749,4.6089884909003676,7.195479341611599,7.955746978509759
2026-04-09,106.44827270507812,107.92672093709311,105.46264055040147,107.92672093709311,2063308,102.56488494873047,103.89548835754394,96.17798856099446,59.153134390700366,1.388741610079819,1.529317032271799,-0.14057542219197994,114.09523920136851,103.89548835754394,93.69573751371937,3719404.65,0.5547414691757188,4.295310295489152,-0.46083383278698875,-0.5443006460909006,0.28704629430582607,0.1608666492686428,4.099555776384878
2026-04-10,105.95545959472656,108.41954005041788,105.4626435035883,107.92672395927961,1729653,104.18132171630859,104.2158187866211,96.42768198649088,58.18198450625178,1.5573724166928997,1.5349281091560192,0.022444307536880537,114.24172051197074,104.2158187866211,94.18991706127146,3596412.1,0.4809384886676363,4.11685512900121,-0.46296017570611747,0.01702281183058041,1.596814237549693,0.233616100306544,5.344578848473436
2026-04-13,109.4051742553711,110.39080645586994,105.46264545337574,106.44827765387458,2752501,106.2511489868164,104.70863494873046,96.75951143900554,62.787544407312595,1.9469336493136353,1.6173292171875426,0.3296044321260927,114.73759635027852,104.70863494873046,94.6796735471824,3571886.8,0.7706014087568509,4.225029245466941,3.2558158624760747,0.1298647737427494,0.11141546387523071,3.4522870568241437,1.6466495111356005
2026-04-14,109.4051742553711,112.36207085686762,107.92672595462284,112.36207085686762,2414704,107.63103485107422,104.70863494873046,97.07655652364095,62.7875444073126,2.2299581631981056,1.7398550063896554,0.4901031568084502,114.73759635027852,104.70863494873046,94.6796735471824,3233611.1,0.7467515187587029,4.25307133303732,0.0,-0.39601185393721705,2.3657534273739955,1.450304783690748,1.269697952491211
2026-04-15,107.43390655517578,109.89798698075322,105.95545829982933,109.89798698075322,2053341,107.72959747314454,104.53614921569825,97.37553151448567,58.51654518997113,2.269036263084047,1.8456912577285338,0.423345005355513,114.23104142093948,104.53614921569825,94.84125701045701,2532173.25,0.8109006759312382,4.211665646088862,-1.801804817379138,-0.3925227774549067,1.1737329455939083,0.527407685388992,2.723740534949015
2026-04-16,114.33333587646484,116.30460028812803,103.98419771523311,106.9410943327279,5735545,109.30661010742188,104.70863494873046,97.82563692728678,66.9821351095746,2.8241768710965545,2.041388380402138,0.7827884906944163,114.98437418196687,104.70863494873046,94.43289571549406,2502300.0,2.2921092594812773,5.292830569663003,6.422022192542776,0.22210138777056798,1.1161628904905463,10.35482530498355,10.47979336609397
2026-04-17,125.66810607910156,125.66810607910156,112.85488742005592,113.34770352232691,10599431,113.24913940429687,105.37393684387207,98.4613697052002,75.74087567099821,4.131129934893934,2.4593366913004973,1.671793243593437,118.93415914769247,105.37393684387207,91.81371454005168,2816376.75,3.763498970796432,6.295548981580689,9.913792959634925,-0.09180779659778704,-0.8824720325923185,3.8533739763482178,-1.2571413885599458
2026-04-20,124.18965148925781,129.11781226264105,122.21838717990451,127.14654795328777,13213301,116.20603485107422,106.03923835754395,99.04453531901042,73.01996520268332,4.990078209221807,2.9654849948847595,2.024593214337047,121.8556203449784,106.03923835754395,90.2228563701095,3341794.55,3.9539537222597962,6.376065795068136,-1.1764755879372757,-0.28518965390006423,0.41968131518117513,3.071913452283015,1.5817931815304886
2026-04-21,126.16091918945312,136.01724100112915,124.68247091770172,127.14655137062073,8874192,119.55718383789062,107.04951133728028,99.69340985616049,74.34340806471761,5.763428517508828,3.5250736994095733,2.2383548180992547,125.24559074043172,107.04951133728028,88.85343193412884,3515382.05,2.52438906320296,7.102935623975229,1.5873043176756418,-0.15571306004650287,1.748727177527587,1.5778472908336783,2.2028029572868535
2026-04-22,126.16091918945312,128.13218355178833,123.20402264595032,126.16091918945312,3984847,123.30258636474609,108.23227005004883,100.30942993164062,74.34340806471761,6.3036496591296185,4.080788891353582,2.2228607677760364,128.17605386107851,108.23227005004883,88.28848623901914,3584317.9,1.111744859461266,6.812965661556934,0.0,0.20051473340130244,0.7269208348100964,2.3932736325116277,0.11148259313937814
2026-04-23,115.31896209716797,128.62499618530273,113.840513865153,127.14654795328777,7537041,123.49971160888671,108.79900856018067,100.75132166544596,56.62569447787228,5.790177911907989,4.422666695464463,1.3675112164435257,128.87824696421208,108.79900856018067,88.71977015614925,3853468.2,1.9559110413834477,7.875834549369308,-8.593752456736636,-0.04828048118112882,-0.4338092798431781,9.877515593363118,1.4476598221025094
2026-04-24,114.33333587646484,120.24712911145441,113.34770367063325,118.27586469979121,3888026,121.23275756835938,109.3657470703125,101.16364453633626,55.33461972631339,5.243274845488415,4.586788325469254,0.6564865200191612,129.39543509424743,109.3657470703125,89.33605904637757,3949602.95,0.9844093315759752,7.745646668229556,-0.8546957089959228,0.2008465924816294,3.230220091059155,0.6340793151178747,3.1467263547939606
2026-04-27,117.29022979736328,120.24712634687664,110.39080451516544,120.24712634687664,3981645,119.85287322998047,110.12961196899414,101.56118278503418,58.39904691186962,4.9909146948839265,4.667613599352189,0.3233010955317379,130.14386296471673,110.12961196899414,90.11536097327154,4067444.55,0.97890578496024,8.027070023360443,2.586204538012704,-0.28544291350430795,1.757483474460031,-0.36585427313929886,-1.4898883436983423
2026-04-28,116.79741668701172,118.27586499950554,114.33333616618869,117.29023279117632,2056771,117.98017272949218,110.91811790466309,101.9192958831787,57.68865198181571,4.697007380679906,4.673492355617732,0.02351502506217429,130.66323760199717,110.91811790466309,91.17299820732903,4113826.8,0.49996538502787724,7.482464531354632,-0.42016552546871866,0.04993443489185179,-0.23954193004298574,-4.834759097823326,-3.709043466510209
2026-04-29,117.29022979736328,118.2758619805344,113.84051715626435,114.82614933943547,1957800,116.20603485107422,111.88896560668945,102.26098175048828,58.235772783602485,4.4525236945289635,4.629298623399978,-0.17677492887101476,130.82634896089962,111.88896560668945,92.95158225247927,4116650.5,0.47558081503397,7.076181903743354,0.42193836501724924,0.18216274879112593,-0.5521784247846995,5.959268356625191,3.9641039284819435
2026-04-30,116.79741668701172,119.26149720783475,115.31896837451791,117.29023279117632,1682579,116.50172576904296,112.96823310852051,102.56488507588705,57.43594802716021,4.17092290945925,4.537623480611833,-0.3667005711525828,130.29569160861678,112.96823310852051,95.64077460842425,4131406.85,0.40726538467156775,6.658361494353152,-0.42016552546871866,0.3601646494638011,-0.9588741301665205,1.9724832451983643,4.208635151839379
2026-05-04,117.78304290771484,118.7686750659384,116.79741074949129,118.7686750659384,1974198,117.19166717529296,113.96372146606446,102.93613980611165,58.658878953224374,3.981389082244661,4.426376600938399,-0.444987518693738,129.86902412635115,113.96372146606446,98.05841880577776,4179195.5,0.4723870898119028,6.03341520396568,0.8438767300344985,-0.047513033458257414,4.5688819420590665,-0.9608831170523691,3.3468585597033362
2026-05-05,122.7112045288086,123.20402061125361,118.27585978680347,118.27585978680347,4119764,118.27586212158204,115.14647979736328,103.40595779418945,64.19780971651176,4.180651665086927,4.377231613768105,-0.1965799486811779,129.85737576423926,115.14647979736328,100.4355838304873,4311908.6,0.9554386194549672,5.951756870575425,4.1841011230751235,0.13943942787038033,0.1575929637265494,0.6174022420281089,4.972193219165422
2026-05-06,120.24712371826172,125.1752845263872,118.76867547582407,125.1752845263872,3275376,118.96580352783204,116.03354873657227,103.84949226379395,59.8779903148583,4.0925614682947895,4.320297584673442,-0.22773611637865265,129.63262184871772,116.03354873657227,102.43447562442682,4393574.0,0.7454923941192296,6.01240382790712,-2.0080324531150606,-0.16773054363118378,0.9064727604973788,3.019381055232895,4.5808788502675
2026-05-07,126.16091918945312,126.65373528003693,120.73994219303131,122.71120655536652,7972156,120.73994140625,116.99454002380371,104.37187741597494,65.8220997276822,4.448661819298621,4.345970431598478,0.10269138770014319,130.60460637690213,116.99454002380371,103.3844736707053,4593308.95,1.7356019564066119,6.064964859089532,4.918034867135268,-0.4644147517347985,1.9323088936799904,-4.87850637844669,-2.890355233473474
2026-05-08,124.18965148925781,125.6680997212728,118.76867463853624,124.68246756659615,4609608,122.21838836669922,117.8816089630127,104.87290700276692,62.498289377018814,4.51970869577552,4.380718084433886,0.13899061134163393,130.89713898015498,117.8816089630127,104.86607894587041,4720623.95,0.9764827804171946,6.241935484666513,-1.5625026457163793,-0.020386521399129442,-0.7865731014896293,2.5742931340606123,5.124251399461643
2026-05-11,133.0603485107422,135.5244290387189,122.71121029324001,125.17529082121673,11972680,125.27384948730469,119.23685340881347,105.57106323242188,69.87125718340363,5.231499501614863,4.550874367870082,0.6806251337447806,132.66186108752962,119.23685340881347,105.81184573009735,5232775.3,2.2880172209955205,7.118106586108162,7.142863286198753,-0.29019653733958206,0.44735470056218585,3.9147296850730706,1.6637741064092104
2026-05-12,129.11781311035156,137.4956864801072,127.63936486862998,133.06034175494244,7161532,126.55517120361328,120.2224853515625,106.26429112752278,63.8618036909479,5.415047884487862,4.723709071193639,0.6913388132942231,133.50197877238864,120.2224853515625,106.94299193073635,5453226.85,1.313265007488181,7.483201922824035,-2.962967889770962,0.16229616472482888,0.2590609403122279,-2.918684554054274,-3.4453124157411086
2026-05-13,130.10345458984375,130.59627070571437,125.17529343113755,126.6537417787494,3480238,128.52643737792968,121.25739936828613,106.98051732381185,64.67968271653424,5.575770320892133,4.894121321133338,0.6816489997587949,134.20943139326394,121.25739936828613,108.30536734330833,5506503.55,0.6320232010020225,7.208238636391074,0.7633659955577077,0.4762074815726436,-1.2502179290078241,11.142059750374944,14.481114016192143
2026-05-14,134.0459747314453,142.91666423573213,134.0459747314453,134.0459747314453,17544537,130.10344848632812,122.5880027770996,107.73945401509603,67.81719953787268,5.952653946796559,5.105827846265982,0.8468261005305768,135.01789444043249,122.5880027770996,110.15811111376674,6281063.35,2.793243121803572,7.955568104324048,3.0302962777049247,0.18380143583822672,0.9117934959939067,2.298853757804875,-1.324668807907592
2026-05-15,132.56753540039062,139.4669610346117,131.5819031669305,135.03161598404103,8172593,131.77902526855468,123.4997127532959,108.41954040527344,65.46860094081472,6.062158448411935,5.297093966695173,0.7650644817167622,136.05454177806303,123.4997127532959,110.94488372852877,6402915.75,1.2763861526680247,7.946166739438336,-1.102934522291077,0.01710987032821354,-1.3877038088223825,-4.443695205018782,-2.00053072504508
2026-05-18,136.5100555419922,139.46695205192705,128.62499818216594,132.56752686207906,7770626,132.46896667480468,124.04181022644043,109.21790237426758,68.59224105028619,6.393371178085516,5.516349408973242,0.8770217691122744,137.86324607767554,124.04181022644043,110.22037437520532,6261475.5,1.2410215451613602,8.33227169014804,2.973971062895653,0.07160020197189976,-0.6813771830388338,-3.253470325628305,-0.752087627969078
2026-05-19,133.55316162109375,137.495690377436,131.08908114837985,134.04597771563652,5846269,133.3560363769531,124.50998573303222,109.95548388163249,63.92195609208692,6.344131822423776,5.681905891663349,0.6622259307604272,138.97200571944904,124.50998573303222,110.0479657466154,5893123.9,0.9920492253692477,8.07551669533579,-2.1660630853592044,-0.1041563196208406,-1.751601452995355,-3.1161506466230837,0.24357730830475433
2026-05-20,146.85919189453125,146.85919189453125,133.5531577295905,134.5387898899565,11100425,136.70718383789062,125.54489936828614,110.9214033762614,72.87290567912382,7.294705889545085,6.004465891239697,1.2902399983053883,143.12960034468028,125.54489936828614,107.96019839189199,6004435.55,1.8487041633746906,8.77291902461645,9.963096426865793,0.5549209970649338,-0.38515527018477824,3.9520869402708714,8.423326603284863
2026-05-21,147.84483337402344,153.75862670898437,141.43822392781576,146.85920115152996,19722092,139.46695556640626,126.62909507751465,111.91360651652018,73.39937505800381,8.034953770815648,6.410563467154888,1.6243903036607596,146.84998622639526,126.62909507751465,106.40820392863405,6791297.8,2.9040240291038337,9.245916858823405,0.6711472852172884,-0.434932134128041,3.3667241562741257,-0.5444138273345001,5.004969415640059
2026-05-22,157.70114135742188,162.13648595809937,146.8591878890991,148.83045215606688,11310506,144.4936767578125,128.74820404052736,112.98301722208659,77.99785974571697,9.309611821531576,6.990373138030225,2.31923868350135,152.54533602431607,128.74820404052736,104.95107205673865,6979971.05,1.6204230531873052,10.050101020180321,6.666657033907697,-0.12788229491633718,2.1749981256365514,6.012221787423533,12.046489821080142
2026-05-25,173.4712677001953,173.4712677001953,164.10776177319613,164.10776177319613,4773913,151.88591918945312,131.70510063171386,114.30869255065917,83.0475162072108,11.460198870700822,7.884338284564345,3.5758605861364767,161.81871297775342,131.70510063171386,101.5914882856743,7024265.4,0.6796316380642451,10.812771063192738,10.000007740610585,-0.354352809800873,3.256436796480777,6.012221787423533,12.046489821080142
2026-05-26,190.71983337402344,190.71983337402344,182.83477566346951,190.71983337402344,14177376,163.31925354003906,135.37658081054687,115.91855850219727,86.65508887208756,14.39048514393707,9.18556765643889,5.2049174874981805,174.6135013289882,135.37658081054687,96.13966029210552,7534051.95,1.881773061041874,11.670877011277458,9.943183042645565,0.029903373699946556,-0.27272077978219844,9.294323008087812,6.603174948275092
2026-05-27,192.19827270507812,209.44683564014923,185.2988475310497,209.44683564014923,19081098,172.38706970214844,139.1466236114502,117.50542627970377,86.91217836156132,16.64023752522985,10.676501630197082,5.963735895032768,184.82755491296405,139.1466236114502,93.46569230993634,8385268.3,2.275550085857122,13.334491824320402,0.7751890848998855,-0.007951228100844254,1.6804674357044913,-1.6614178034264238,-2.918404174386635
2026-05-28,187.27011108398438,195.15516839278374,180.86350202058492,187.27011108398438,16390095,180.27212524414062,142.64561767578124,119.00358708699544,81.29039642860776,17.820101996352236,12.105221703428112,5.714880292924123,191.8612751296807,142.64561767578124,93.42996022188177,9106883.05,1.7997480488123758,13.462115097370859,-2.5641029712352603,0.06360275198662446,-1.4017266590648503,-0.8967913780571823,6.830270882112943
2026-05-29,178.39942932128906,190.22701579562866,171.0071877748268,190.22701579562866,16474486,184.41178283691406,145.72571830749513,120.3489751180013,72.23332659009023,17.833786418625124,13.250934646467515,4.582851772157609,195.8326032493554,145.72571830749513,95.61883336563486,9846478.4,1.6731348336680452,14.229810153828325,-4.736837988373443,-0.1331620395565447,2.512808021606805,-2.545038363027896,-0.36371408810408346
2026-06-01,171.5,185.79166666666666,169.5287356321839,179.8778735632184,8780015,184.017529296875,148.41156616210938,121.65329500834147,66.06768313879803,17.090891972626423,14.018926111699297,3.0719658609271256,197.9676365376139,148.41156616210938,98.85549578660485,10186769.25,0.8619037876017462,14.500892937915584,-3.8674054886484566,-0.03531969758715503,1.352401006913162,0.24871117188876024,7.569648205872115
2026-06-02,165.0933837890625,175.9353373513293,159.17959093691698,173.9640730672808,8768299,178.89223937988282,150.53067512512206,122.79827092488607,60.87182445314692,15.80301506537171,14.375743902433781,1.427271162937929,199.07372497803937,150.53067512512206,101.98762527220475,10419196.0,0.8415523616217605,14.80154006811515,-3.73563627459913,-0.2623166699323165,0.48391828547871274,6.384387477344311,11.609218261948563
2026-06-03,168.54310607910156,176.920979773092,165.5862094812226,169.03592217874805,9990909,174.1612060546875,152.94547424316406,123.9481751759847,62.57841953256975,14.88909487837617,14.47841409762226,0.41068078075391057,199.9253369175805,152.94547424316406,105.96561156874762,10754972.65,0.9289571740565978,14.405014190237063,2.0895581705725474,0.47142964549633515,1.9795979840295574,4.11224604417908,2.368380197071396
2026-06-04,173.96408081054688,174.4568969034946,164.6005750445401,164.6005750445401,6985680,171.5,155.33563232421875,125.2623514811198,65.15067000227448,14.435826677644485,14.469896613626705,-0.0340699359822203,201.43363531754161,155.33563232421875,109.23762933089589,10705648.85,0.6525228034170016,13.798521879399386,3.2163728660020707,0.08672630642823087,-1.682551333517468,-1.5754390106407112,-0.4689752549730142
2026-06-05,168.54310607910156,172.48563487627354,165.0933933815761,170.51437047768755,5425285,169.5287353515625,157.55330505371094,126.44346745808919,60.66031695422615,13.483748744903039,14.272667039881973,-0.7889182949789344,201.5625785357503,157.55330505371094,113.54403157167158,10746432.7,0.5048452031900782,13.141477286008904,-3.116145991855035,-0.007936817364084803,-1.3278310983176,-11.045368213473939,-10.161770946634174
2026-06-08,153.7586212158203,155.7298855903821,151.78735684125851,151.78735684125851,4813021,165.98045959472657,158.58821868896484,127.34696362813314,50.44810232848456,11.404768680357762,13.699087367977132,-2.29431868761937,201.12105555042132,158.58821868896484,116.05538182750837,10388449.75,0.46330502777856725,13.623380212920123,-8.771930936375716,0.2701335531519966,-3.4793152912322878,3.1042122832468877,0.034967228108029325
2026-06-09,162.13648986816406,162.6293059467907,149.8160879024981,155.72988084601778,5691760,165.3890808105469,160.23915252685546,128.3900909423828,55.06463164854649,10.314289278062176,13.02212774999414,-2.7078384719319644,200.45573532601242,160.23915252685546,120.02256972769851,10314961.15,0.5517965523311739,13.515358590436454,5.4487147361865995,-0.01931012262229581,2.7622605307562997,-3.225807672999992,2.376792984775622
2026-06-10,154.25143432617188,165.5862042606829,154.25143432617188,157.7011469149361,7023272,162.53074645996094,161.44655151367186,129.13752861022948,50.31351334340735,8.713376036126817,12.160377407220677,-3.44700137109386,199.23003581994004,161.44655151367186,123.66306720740369,10492112.85,0.6693858615903088,13.224613436313065,-4.863220826109938,-0.13014202626587812,-3.308177660269873,-5.837608402610838,-6.708776092807467
2026-06-11,155.72988891601562,156.71552112434483,147.8448312493819,155.23707281185102,4888460,158.8839080810547,162.5307472229004,129.88496640523275,51.16435347167984,7.477740944499743,11.223850114676491,-3.746109170176748,198.18829835813276,162.5307472229004,126.87319608766805,9859309.0,0.4958217660081452,12.644090294799714,0.9584705622363909,0.3452662184263211,-0.17600272119220328,5.25551512368041,7.227810668941248
2026-06-12,171.00718688964844,171.00718688964844,160.65804877817115,163.61494538145038,13685387,159.37672424316406,164.45272979736328,130.88702583312988,58.98096241057697,7.643136184631516,10.507707328667497,-2.864571144035981,197.34686670235556,164.45272979736328,131.558592892371,10134948.7,1.3503163563126868,12.99518465197746,9.810125776094125,-0.22369454265829258,2.3628988702241616,0.715765641262256,1.3310630234695253
2026-06-15,183.3275909423828,184.80603925643427,167.55747559250042,172.9784527440225,20719368,165.29051818847657,166.79360656738282,132.06978454589844,63.98709839794715,8.66844233783462,10.139854330500922,-1.4714119926663027,197.93163006749546,166.79360656738282,135.6555830672702,10782385.8,1.9215940130801106,13.562301853571647,7.20461185101231,0.10766774191464101,2.7801130493521287,7.800325831781363,7.30885800138672
2026-06-16,175.44253540039062,184.3132253925452,171.00719040431332,180.37069650714315,12034200,167.95172729492188,168.88807525634766,133.1457664489746,59.02234031755902,8.74395193214724,9.860673850830187,-1.1167219186829467,195.98489666070986,168.88807525634766,141.79125385198546,11091782.35,1.0849653933211194,13.528132938193012,-4.30107410535403,-0.298612606480253,0.9079966328300548,-6.076252131185589,-5.194602149510463
2026-06-17,192.6910858154297,192.6910858154297,173.47125884151214,173.47125884151214,13924169,175.63965759277343,171.17966995239257,134.59136021931965,65.3549090131635,10.079418434507573,9.904422767565665,0.17499566694190882,198.18420252723803,171.17966995239257,144.17513737754712,11232969.55,1.2395804099727128,14.287025476289617,9.831453002930468,0.143723164615861,0.14887671372583178,-4.507401125627641,-0.13243036270157438
2026-06-18,211.91091918945312,211.91091918945312,211.91091918945312,211.91091918945312,2804186,186.87586364746093,174.38297424316406,136.4147797902425,70.77460417226905,12.544065012523873,10.432351216557308,2.1117137959665655,204.7256126522614,174.38297424316406,144.04033583406672,10387074.25,0.26996880281278435,14.94473319598746,9.974427873862979,0.2360263790704975,1.2812598662263142,7.704573785610758,7.753615039223938
2026-06-22,233.1020050048828,233.1020050048828,233.1020050048828,233.1020050048828,1329457,199.29482727050782,178.15301742553712,138.5667433420817,75.35275245974155,16.022560601516517,11.55039309354915,4.472167507967367,217.24423629398308,178.15301742553712,139.06179855709115,9888021.8,0.13445126101967128,15.77758021191309,9.999997119772953,0.2089372068782236,2.746813790663727,8.164775596878403,-0.9707384551159048
2026-06-23,256.2643737792969,256.2643737792969,247.39368391770583,256.2643737792969,21527541,213.88218383789064,182.29267272949218,141.12117347717285,79.18997137155088,20.4129947047943,13.322913415798181,7.090081288996119,234.59808435485914,182.29267272949218,129.98726110412522,10725703.2,2.0070983317904973,16.76221868691322,9.936580671594353,-0.04731370199756446,-1.3423606797903442,-11.014827181313736,-8.26201375804504
2026-06-24,242.9583282470703,264.6422358391009,236.55171918578856,245.91522473689267,32255763,227.38534240722657,184.90459747314452,143.47026341756185,72.23279101481094,22.5587158577284,15.170073904184228,7.388641953544173,243.78570535511517,184.90459747314452,126.02348959117387,11629622.55,2.773586405003316,18.27265841576644,-5.192311883229683,0.0476551235367495,-2.244229984227597,-1.1276266208390284,-5.715736053128795
2026-06-25,251.8290252685547,258.72845061837813,240.9870711474036,256.26437013629834,14356008,239.21293029785156,187.88613510131836,145.98362553914387,73.88028891325906,24.690390986581775,17.074137320663738,7.6162536659180375,253.92610404434254,187.88613510131836,121.84616615829418,11393368.05,1.2600319709675314,18.201821223127517,3.6511187270203527,0.3340466665395114,0.45969504788345716,2.5920166367473962,7.7711783899880205
2026-06-26,240.49424743652344,276.962637416652,238.0301670324607,247.88648864871166,23559745,244.92959594726562,190.5473419189453,148.36064173380535,68.30360278881636,25.174936049805325,18.694297066492055,6.48063898331327,260.6475133713057,190.5473419189453,120.44717046658492,11751850.55,2.004768942539011,20.965907777936025,-4.50098149724546,0.16348102632479655,-3.6395859356203264,-23.656726329166933,-5.942248494585412
2026-06-29,242.46551513671875,251.33620471489138,231.13074512016482,246.4080438381288,11840554,246.80229797363282,193.7506462097168,150.81486587524415,68.74545604514832,25.424923638958404,20.040422380985326,5.384501257973078,267.28454593386334,193.7506462097168,120.21674648557027,11520153.95,1.0278121326668557,20.86451468684143,0.819673535316312,-0.04080504718203537,0.9605559714053191,-2.29454141869031,-0.1242224214272114
2026-06-30,266.6134948730469,266.6134948730469,243.45113949590603,250.3505645018629,7059762,248.87212219238282,198.50632095336914,153.62720286051433,73.600411002872,27.25737470755797,21.483812846299855,5.773561861258116,278.03908554134597,198.50632095336914,118.9735563653923,11434141.3,0.6174282628464631,21.30231002677299,9.959346063175968,0.05934599029766563,2.50225391133696,6.740432698739185,-4.442075791865974
2026-07-01,293.2255859375,293.2255859375,287.31179260766805,293.2255859375,12285195,258.9255737304687,204.912931060791,156.86336199442545,77.70973314327976,30.505332242712768,23.288116725582437,7.217215517130331,293.26671724493497,204.912931060791,116.55914487664704,11609986.1,1.05815759762193,22.010280831797008,9.981524407504194,-0.09885131953493165,1.9361745317864276,0.0951939253428069,-4.778727410795913
2026-07-02,322.3017272949219,322.3017272949219,277.94827858461156,287.8046005202361,29098244,273.0201141357422,212.60086212158203,160.52662836710613,81.1602933711365,35.02185347121571,25.634864074709093,9.386989396506614,313.49751525504576,212.60086212158203,111.70420898811828,12565352.85,2.3157522393014216,24.98936988226545,9.915963255545979,0.1897318900919931,-0.5845045481542077,-3.603504313312955,-10.330015650836888
2026-07-03,315.40228271484375,347.43532705307007,311.95257024765016,314.9094666481018,34465081,288.00172119140626,219.6727722167969,164.00098152160643,78.07191009830375,37.61094599460958,28.03008045868919,9.580865535920388,328.6688922561999,219.6727722167969,110.67665217739385,13939322.9,2.472507541955284,26.388488138686043,-2.140678747825886,0.11318580885453233,0.07800105377469002,-3.603504313312955,-10.330015650836888
2026-07-06,346.9425354003906,346.9425354003906,346.9425354003906,346.9425354003906,3152573,308.8971252441406,228.59274368286134,168.00921923319498,81.53170334462102,41.72685407196059,30.769435181343475,10.957418890617113,348.61271080645605,228.59274368286134,108.57277655926663,13825687.3,0.22802287738707933,27.07539007826749,10.000007740610585,-0.009085485277215977,-0.4793234110779254,3.803991640284665,0.5444234864537156
2026-07-07,337.0862121582031,375.0330518309833,332.6508672613847,351.870695147598,26254055,322.9916687011719,237.75912322998047,171.86139844258625,77.42076238079483,43.689789269118506,33.353505998898484,10.336283270220022,361.65466577841977,237.75912322998047,113.86358068154118,14897739.0,1.762284531901116,29.116296010444973,-2.840909440755879,0.3974618785651973,-2.31392776703252,-3.791323133090674,-8.620310244637485
2026-07-08,343.0,350.39224137931035,313.9238505747126,349.89942528735634,15295750,332.94655151367186,246.80229873657225,175.75464553833007,78.1331818876939,45.20156727969476,35.72311825505774,9.478449024637015,373.8201424502174,246.80229873657225,119.7844550229271,15377938.5,0.9946554279691,30.096575316332007,1.7543843766061107,0.25268356539331904,0.5613583571852931,2.9528018512211096,0.0
2026-07-09,325.0,351.0,318.5,336.5,3034081,333.4862060546875,255.33972702026367,179.3478926340739,70.80980515057499,44.434993729238016,37.4654933498938,6.969500379344218,379.07607176282926,255.33972702026367,131.60338227769807,15178478.95,0.19989361318711057,30.417031940821072,-5.247813411078717,-0.08308174762022835,-0.8304486270893752,4.350145848414444,4.3849249271312285
2026-07-10,325.0,325.0,325.0,325.0,0,335.40574951171874,263.80323257446287,182.97399419148763,70.80980515057499,43.32802022128203,38.637998724171446,4.690021497110585,381.8786407345652,263.80323257446287,145.72782441436055,14934055.95,0.0,26.36142768204493,0.0,-0.03737569847767075,-0.8304486270893752,-1.9515720941124415,1.4305127450049193
2026-07-13,292.5,332.0,292.5,332.0,4755930,324.5172424316406,269.8778732299805,185.94343859354655,59.19211149885204,39.37437408004831,38.785273795346825,0.5891002847014875,380.0909995299806,269.8778732299805,159.66474692998037,14487583.1,0.32827628785093904,28.113237324438938,-9.999999999999998,0.005918645015356994,0.057127944892587657,-5.825340132579415,-6.111486144973622
2026-07-14,307.0,307.0,263.5,278.0,6107670,318.5,276.06149368286134,188.96563682556152,62.173967310258035,36.984772412927384,38.42517351886294,-1.4404011059355568,379.4975053652993,276.06149368286134,172.62548200042343,13756998.2,0.44396821975305634,30.164805681180415,4.957264957264962,0.19595735310091733,-1.4159606790255297,3.7180485871775026,-0.47685938159380825
2026-07-15,304.0,311.0,291.5,307.5,2516309,310.7,282.4893669128418,191.96247596740722,61.17793085187277,34.45178224737191,37.630495264564736,-3.178713017192827,374.9986264434981,282.4893669128418,189.98010738218548,13281103.65,0.18946535365680997,28.74283159035636,-0.9771986970684043,-0.08736726929839955,1.9975001997308173,-1.269606741477003,-3.0905636861998653
2026-07-16,278.5,296.5,276.0,288.0,1961586,301.4,286.7798126220703,194.501460647583,53.35380761379415,30.040444855584894,36.112485182768765,-6.0720403271838705,369.15808005821896,286.7798126220703,204.4015451859217,12682974.5,0.15466293021404404,28.643787378308847,-8.388157894736848,0.23962128796235493,-0.014484209344078902,-4.7763109198367015,-9.91347992822128
2026-07-17,251.0,260.0,251.0,251.0,3972509,286.6,288.73426666259763,196.58211199442545,46.453941501228925,24.048195390730882,33.699627224361194,-9.651431833630312,365.2818727209095,288.73426666259763,212.18666060428572,12741390.65,0.3117798605445003,28.491282394534338,-9.874326750448837,0.16578843836740909,-6.473889757658291,-0.8511120933085703,3.7596156340277354
2026-07-20,229.0,251.0,226.0,251.0,2702128,273.9,288.5291664123535,198.47679595947267,41.797055531836776,17.324373782760006,30.42457653604096,-13.100202753280954,365.7236422472838,288.5291664123535,211.33469057742317,12810024.2,0.21093855544784998,28.02577807526309,-8.764940239043828,0.15093593640875813,-0.5192494034838457,-0.7668602235062383,-1.1637194814616558
2026-07-21,243.5,249.5,230.0,234.0,2206193,261.2,287.89094772338865,200.62957369486492,45.66335807201893,13.015688776141644,26.942798984061096,-13.927110207919451,366.40832929826394,287.89094772338865,209.37356614851336,11843956.8,0.18627161828216054,27.022340998561347,6.331877729257651,-0.11480806865203919,4.200670223388481,5.028835944428445,6.449018822357444
2026-07-22,254.0,266.0,248.5,254.0,2047574,251.2,288.44303131103516,202.90806986490887,48.33953703724572,10.329218314817979,23.620082850212473,-13.290864535394494,365.77650110375214,288.44303131103516,211.1095615183182,10333547.35,0.19814821867536128,26.41936219875317,4.312114989733051,0.15336368301654968,1.3404288294859956,1.394689552504924,0.27652236165969235
2026-07-23,235.0,259.5,232.0,259.5,2143048,242.5,287.6015800476074,204.87811292012532,44.10630548720323,6.591052360050753,20.21427675218013,-13.623224392129377,366.95239699829074,287.6015800476074,208.25076309692406,9722899.35,0.22041244312582545,26.563447238919416,-7.480314960629919,0.16612166048495247,0.055832476427841726,-2.3827624109249768,2.281270991371187
2026-07-24,217.0,234.0,215.5,221.5,2193647,235.7,286.42686767578124,206.5399424235026,40.48880893173218,2.151280716172778,16.60167754497866,-14.450396828805882,369.3301163612549,286.42686767578124,203.5236189903076,8654594.45,0.253466180613466,25.62165427373016,-7.659574468085106,-0.2473849217723867,-2.6665489151664,-3.683567952952882,-6.348035270843622
2026-07-27,216.5,219.0,196.0,216.5,2765168,233.2,285.1285919189453,208.20165214538574,40.3897119598886,-1.3915749104116628,13.003027053900597,-14.39460196431226,371.66420911841533,285.1285919189453,198.59297471947525,8200825.15,0.3371816798215726,25.27210037056614,-0.23041474654378336,0.0721389858897803,-0.047299308791204364,2.56883241521626,-2.6956266223224334
2026-07-28,195.0,208.0,195.0,195.5,4116472,223.5,281.547917175293,209.48860143025715,36.27800701766371,-5.866557809753743,9.229110081169729,-15.095667890923472,376.7970548586049,281.547917175293,186.29877949198107,8053660.65,0.5111305503044755,24.769153654490655,-9.930715935334877,-0.06281056383515837,-4.65422176004644,-5.222373627657961,-11.995698122575716
2026-07-29,175.5,195.0,175.5,193.0,4775744,207.8,275.661637878418,210.36841468811036,32.9970046847629,-10.861298738756773,5.211028317184429,-16.0723270559412,381.8002946588672,275.661637878418,169.5229810979688,7678188.1,0.6219884089580978,24.066599833891903,-9.999999999999998,0.1913253481581556,-3.759743710600294,-6.552907713345957,-8.435210054401699
2026-07-30,158.0,175.5,158.0,164.5,7905351,192.4,267.44655151367186,210.99762929280598,30.34464004434554,-16.046793213174993,0.9594640111125439,-17.006257224287538,383.368420762202,267.44655151367186,151.52468226514173,6618543.45,1.1944245829495914,23.191053189372983,-9.971509971509974,-0.04603973420009844,-0.26443825042463676,6.188178056870819,12.783714960070824
2026-07-31,163.5,173.5,159.5,173.5,14454277,181.7,259.8514373779297,211.6199473063151,32.18950652468767,-19.48788668215596,-3.130006127541157,-16.357880554614802,382.2669052255704,259.8514373779297,137.43596953028901,5618003.25,2.572849526208444,22.16557943078992,3.4810126582278444,0.14251061606802562,7.979428588197601,-2.5435840790002273,1.2725747330602166
2026-08-03,171.0,179.5,155.5,158.0,10795345,172.6,251.05431060791017,212.40011978149414,34.728250523533816,-21.36352530677459,-6.7767099633878445,-14.586815343386746,372.4005112344906,251.05431060791017,129.70810998132976,6000141.85,1.7991816310142736,22.410168840017928,4.587155963302747,-0.3145609094511337,0.6184176769345795,-1.4826603056282472,3.44826660729316
2026-08-04,180.0,187.0,165.5,171.5,10847465,169.6,243.2,213.1824473063151,37.740517369234844,-21.871635051911426,-9.795694981092561,-12.075940070818865,361.39404206197304,243.2,125.00595793802695,5229812.35,2.074159505933325,22.288812994682207,5.263157894736836,0.3186484533235223,-0.059350381622413906,0.4726333908036784,9.745763902806882
2026-08-05,179.5,192.0,178.5,190.5,10795980,170.4,235.025,214.02215042114258,37.636599378011546,-22.06036337015925,-12.2486286589059,-9.81173471125335,346.58592270004,235.025,123.46407729996004,5004823.85,2.1571148802769553,21.116971262057913,-0.2777777777777768,-0.002778949738335701,2.88496854462601,-4.790783827270051,-14.594593050521187
2026-08-06,186.5,186.5,171.0,177.5,6196147,176.1,228.1,214.96209284464518,40.12236540560916,-21.398422726391487,-14.078587472403019,-7.319835253988469,333.1491614235428,228.1,123.05083857645718,5162927.15,1.2001228799054426,20.36804176045019,3.8997214484679743,-0.4022170511909673,-0.48171851317403425,1.846311404669576,-1.2055487976401769
2026-08-07,172.0,184.0,169.5,183.0,6665992,177.8,220.45,215.59465993245442,36.8461169358786,-21.792646749349586,-15.621399327792332,-6.171247421557254,317.7882058381474,220.45,123.11179416185259,5496226.75,1.2128306023764395,19.918969525723497,-7.774798927613946,-0.17977012124817948,-0.38468864916847423,3.6256814394260317,8.023183380177645
2026-08-10,179.0,181.5,174.0,175.5,5015523,179.4,214.775,216.36853434244793,39.41798529488117,-21.294757915492283,-16.756071045332323,-4.53868687015996,307.55401021697844,214.775,121.9959897830216,5509206.4,0.9103893802199895,18.529773588960364,4.069767441860472,0.08787349343861717,1.589230295129762,-1.7124546273308061,-6.410617614806169
2026-08-11,184.0,191.5,176.5,178.0,7419311,180.2,208.625,217.16003341674804,41.25813458493302,-20.263138368561386,-17.457484509978137,-2.8056538585832485,291.4347852087292,208.625,125.8152147912708,5574788.45,1.330868617983163,18.059137110432317,2.7932960893854775,-0.02481586909149902,0.4272475445720847,1.667086802964235,0.45263080831747793
2026-08-12,184.0,190.0,183.5,184.0,4759673,181.1,202.625,218.00081405639648,41.25813458493301,-19.22397048001369,-17.81078170398525,-1.4131887760284414,272.7571121733462,202.625,132.49288782665383,5686956.65,0.8369455392279102,16.517918829041342,0.0,-0.055858442703549116,0.8806410303470624,2.724693709582593,0.781011114079444
2026-08-13,202.0,202.0,187.0,187.0,10901636,184.2,198.8,218.91982752482096,47.86925605227857,-16.75483358180668,-17.599592079549538,0.844758497742859,259.1737482162925,198.8,138.42625178370753,6133959.15,1.777259308940784,16.71552965183583,9.782608695652172,-0.02110518697276964,1.1059567173957285,-2.112340545699498,-0.6855455655172094
2026-08-14,185.0,202.5,185.0,202.5,11947176,186.8,195.5,219.53908030192056,42.9525173933813,-15.98551169766381,-17.276776003172394,1.2912643055085837,250.86767059727623,195.5,140.13232940272377,6532692.5,1.8288287715976224,16.82012569825772,-8.415841584158413,-0.24284380760136726,-0.45732720428869333,1.3487078671445163,5.2821182773778785
2026-08-17,195.5,197.5,180.5,187.0,7429444,190.1,193.825,220.16906127929687,46.600735409559995,-14.36298872065538,-16.694018546668993,2.331029826013612,246.90515289709526,193.825,140.7448471029047,6769058.3,1.0975594640690272,16.844108938490024,5.675675675675684,-0.4168200504919728,0.10097531306225704,0.8710301952703947,1.425320167692945
2026-08-18,186.5,210.5,185.0,196.5,12955426,190.6,190.975,220.38620681762694,44.00317189334181,-13.646049194843584,-16.08442467630391,2.4383754814603265,238.67303592999411,190.975,143.27696407000587,7306519.95,1.7731322282915274,17.998227746691352,-4.6035805626598485,-0.4373220778009723,-1.1962985353416111,-4.749339427821009,-5.789773590149427
2026-08-19,183.5,202.0,179.5,181.0,11587933,190.5,187.45,220.26587626139323,43.13996164316843,-13.168150145334721,-15.501169770110074,2.3330196247753534,224.84392013627289,187.45,150.0560798637271,7783537.9,1.4887745327224526,18.598464047132506,-1.608579088471851,0.09921712609282096,-1.3006958690137793,-3.5759209309590645,-4.653947061530561
2026-08-20,179.5,189.5,176.0,186.0,6488846,186.0,184.675,220.05423838297526,41.95808623299599,-12.96275174306615,-14.99348616470129,2.03073442163514,214.728067099804,184.675,154.62193290019601,8000827.8,0.8110218295161908,17.918668840848174,-2.1798365122615793,-0.20952662644722064,0.47940480185713064,-2.4418943612818045,-0.40675629010867853
2026-08-21,177.5,181.0,176.0,180.5,2428777,184.5,182.7,219.8914031982422,41.348124699835886,-12.8136475618806,-14.557518444137152,1.7438708822565516,208.73115542252467,182.7,156.6688445774753,8012584.3,0.303120305392606,16.196179662068417,-1.1142061281337101,0.07292445718072305,0.6466205402973157,-0.6692544587434179,-0.6283397852270167
2026-08-24,177.5,185.5,177.5,178.0,2888591,180.9,180.75,219.87641270955405,41.348124699835886,-12.550803573067043,-14.15617546992313,1.605371896856088,201.40888365048474,180.75,160.09111634951526,8018755.45,0.36022934207327645,15.103355707125962,0.0,-0.05119683229035665,-1.0215058314384073,-3.072360608307745,-3.793865052348333
2026-08-25,177.5,178.5,169.5,177.0,3017888,179.1,179.875,219.97641270955404,41.348124699835886,-12.201842572451682,-13.765308890428841,1.5634663179771593,199.44639427031873,179.875,160.30360572968127,7963826.25,0.37894950307334996,14.289574946175833,0.0,-0.03142551921185843,0.9095610374029395,0.8063420389182951,2.8918859898291904
2026-08-26,186.0,188.0,175.5,177.5,6541979,179.6,180.4,220.32485631306966,45.54986060815588,-11.111325064021429,-13.23451212514736,2.1231870611259307,200.0404523476703,180.4,160.7595476523297,8052138.0,0.8124524194692143,14.050964953352388,4.788732394366191,0.09398842232435367,1.4681604395669012,0.9791739946976241,-2.0760151596919907
2026-08-27,185.0,190.0,182.0,186.0,4623657,180.7,181.75,220.59913787841796,45.14015149916752,-10.210078297427685,-12.629625359603425,2.41954706217574,198.39015435151254,181.75,165.10984564848746,7888053.3,0.586159452041228,13.244169626238737,-0.5376344086021501,-0.11305637616038089,0.3111269939336747,2.1578828253391746,3.522503353574913
2026-08-28,187.5,200.0,186.0,186.0,10983666,182.7,182.95,220.82473653157552,46.437259239107256,-9.188188912803781,-11.941338070243498,2.753149157439717,197.3608876968278,182.95,168.53911230317217,7714522.75,1.423764807745236,13.47828034274024,1.3513513513513598,-0.4558916903721677,0.774831481905669,-2.927810631091654,-3.7177088142796744
2026-08-31,178.5,185.5,177.5,183.0,2695996,182.9,183.325,220.9906847635905,42.53797048997483,-9.00080333894968,-11.353231123984735,2.3524277850350543,196.78556618814082,183.325,169.86443381185916,7309555.3,0.36883174001023017,13.014509630374874,-4.800000000000004,-0.11023270076141456,-0.4381051578845385,2.038280836108508,-0.42539041444666914
2026-09-01,182.0,185.0,179.5,179.5,2283831,183.8,183.425,221.46137440999348,44.490060285292856,-8.47221574303606,-10.777028047795,2.30481230475894,196.81106895639346,183.425,170.03893104360657,6881373.6,0.3318859188229513,12.145908346324893,1.9607843137254832,0.19604210375987474,1.7781860578235609,-1.943575223630134,-2.6289855486184677
2026-09-02,177.0,182.5,177.0,179.0,1840632,182.0,183.3,221.70909957885743,42.28030788240085,-8.360391093895345,-10.29370065701507,1.9333095631197246,196.88559608749978,183.3,169.71440391250025,6433606.2,0.2860964663954719,11.259787233481573,-2.7472527472527486,-0.04102653494677533,-1.6699071260597553,-0.4267105044421182,3.3074659142100282
2026-09-03,173.0,184.5,173.0,179.0,3541636,179.6,182.625,222.0215756734212,40.54532161883865,-8.496592396205102,-9.934279004853076,1.437686608647974,196.86680281314403,182.625,168.38319718685597,6300880.65,0.5620858728692155,11.291815602350697,-2.259887005649719,0.16164441336217195,-0.6651369315447186,1.8109002686002684,-0.5227089151055297
2026-09-04,180.5,185.5,174.5,178.5,3466931,178.2,183.05,222.4344108581543,45.09475866532616,-7.908184956177649,-9.529060195117992,1.620875238940343,196.43852611675402,183.05,169.661473883246,6140927.6,0.564561451595684,11.452906855370603,4.335260115606943,-0.09708022272419958,1.5122200906831251,0.9911686522946717,4.43349558683217
2026-09-07,181.0,186.5,180.0,183.5,3098833,178.7,183.15,222.60095774332683,45.394743638310004,-7.317174170330759,-9.086682990160547,1.7695088198297881,196.4406773816542,183.15,169.8593226183458,6045093.1,0.5126195657764147,10.792519274654524,0.27700831024930483,-0.23473421241366754,1.6651381893682204,0.9911686522946717,4.43349558683217
2026-09-08,170.5,180.0,170.5,179.5,4032447,176.4,182.475,222.38716456095378,40.40247810231322,-7.608351769221855,-8.791016745972808,1.182664976750953,196.90623440028074,182.475,168.04376559971925,5875749.9,0.6862863581038396,10.753516704700587,-5.8011049723756924,-0.3671620448905233,-0.46588983968915976,-4.4366705353859555,-1.037735411977092
2026-09-09,170.5,173.5,169.0,170.5,1656374,175.1,181.8,222.30478897094727,40.40247810231322,-7.749777503176745,-8.582768897413596,0.832991394236851,197.16366184420934,181.8,166.43633815579068,5720584.95,0.28954626397078503,9.919714477407176,0.0,-0.0180897502252253,0.1646891802691508,-0.1406844000352958,0.6990822432745514
2026-09-10,168.0,170.5,166.0,168.0,1984518,174.1,180.1,221.89327087402344,39.21170793692295,-7.971694787578116,-8.4605540754465,0.48885928786838484,193.444030796382,180.1,166.75596920361798,5274729.05,0.37623126822030795,9.197085880419552,-1.4662756598240456,-0.11174924474647296,-0.5147388760934346,-1.141173780895799,-0.9496651966175107
2026-09-11,162.0,166.0,162.0,164.5,1611217,170.4,178.95,221.0614222208659,36.4361615770472,-8.533348559829022,-8.475112972323005,-0.058235587506016984,194.32564718364216,178.95,163.57435281635782,4757931.1,0.3386381530409299,8.770807763030279,-3.57142857142857,0.5434767453688316,-1.6097760087677493,8.50791132462254,6.13613970203668
2026-09-14,166.5,170.5,158.0,158.0,2663600,167.5,177.5,219.95138880411784,39.87366699343158,-8.517170192677128,-8.48352441639383,-0.033645776283297124,191.73117408331186,177.5,163.26882591668814,4519638.9,0.5893391173352366,9.268033394626242,2.777777777777768,0.13023751389060756,-0.6979172181896032,-5.897029025166978,-7.256850086873101
2026-09-15,165.0,172.0,164.5,166.5,1796756,166.4,176.425,218.43031590779623,39.11433335842985,-8.527091184878032,-8.492237770090671,-0.03485341478736004,191.03672924670454,176.425,161.81327075329548,3961705.4,0.45353094654640397,9.032295608676076,-0.9009009009009028,0.13069434131136592,-0.7653989654031412,2.1632873542974718,2.0454580640286935
2026-09-16,173.5,176.0,165.5,165.5,2799207,167.0,175.925,217.27267710367838,45.453415403204204,-7.759626535635107,-8.345715523199559,0.5860889875644517,190.19781184261848,175.925,161.65218815738154,3522269.1,0.794716962426295,9.294656194185933,5.151515151515151,0.17592593539166312,0.7413735937723764,-9.016391733988439,-0.34998603017336594
2026-09-17,169.0,175.5,168.5,173.5,2041901,167.2,175.4,215.89219334920247,42.9065102518124,-7.428882134825017,-8.162348845524651,0.7334667106996342,189.8899239037648,175.4,160.9100760962352,3299921.85,0.6187725324464881,8.988702034961142,-2.5936599423631135,0.2712983686560255,0.9577145306960189,2.552559484362882,1.6922116596734593
2026-09-18,177.0,177.0,169.5,172.5,4883979,170.2,175.375,214.83395589192708,48.43795455429668,-6.446915642625385,-7.819262204944798,1.3723465623194135,189.851387307396,175.375,160.898612692604,3422681.95,1.4269450306359899,8.856875096966323,4.7337278106508895,-0.026676874442554954,1.9286856204631775,2.4597367937197134,2.07220700834736
2026-09-21,173.5,178.0,172.5,177.5,1680814,171.6,175.175,213.68453063964844,46.32341756046209,-5.883301830872114,-7.432070130130262,1.548768299258148,189.63829292053907,175.175,160.71170707946095,3362293.1,0.4999010942859205,8.409291750704147,-1.9774011299435013,-0.13186898734366403,1.1404859900489006,2.486421520865978,0.3383593233799109
2026-09-22,176.5,180.5,175.0,177.0,2669630,173.9,175.125,212.182639058431,48.4026119900779,-5.135361644103909,-6.972728432924991,1.8373667888210816,189.56133938146698,175.125,160.68866061853302,3344880.2,0.7981242497115442,8.221386183943594,1.729106628242083,-0.22226247695271706,1.1404859900489006,2.486421520865978,0.3383593233799109
2026-09-23,180.5,183.5,175.0,180.0,3464751,175.3,174.85,210.303879292806,51.12126406965962,-4.171757661375523,-6.412534278615098,2.2407766172395753,188.60767728254223,174.85,161.09232271745776,3191018.8,1.0857820706039087,8.258534692751114,2.2662889518413554,-0.18557623162702708,1.1404859900489006,0.0,0.0
