Date,Close,High,Low,Open,Volume,MA5,MA20,MA60,RSI,MACD,MACD_signal,MACD_hist,BB_upper,BB_mid,BB_lower,Volume_MA20,Volume_ratio,ATR,pct_change,usdtwd_pct,twii_pct,murata_pct,tdk_pct
2023-12-13,66.81307220458984,67.27069598681305,65.44020085792019,65.80630128025571,4729924,65.18392944335938,60.35142364501953,55.306884320576984,84.334944499952,3.2445394341238867,2.827971237621962,0.4165681965019248,70.30621450162197,60.35142364501953,50.396632788417094,2428129.85,1.9479699572080134,1.5917530358866427,2.2409044034351844,0.46316889472772793,0.10486055359522073,-0.32981212659791703,-1.3329450981172108
2023-12-14,68.18594360351562,68.64356738608956,67.08764931845211,67.17917267840993,5427218,66.06256713867188,61.10192680358887,55.515865834554035,86.2477235981019,3.3847901632555732,2.939335022748684,0.44545514050688917,71.04218013620056,61.10192680358887,51.16167347097718,2686935.75,2.0198540288877394,1.6235853219683858,2.0547945987603677,-1.0043531382914583,1.054327258708887,-2.211764988013021,-2.6118244078858655
2023-12-15,68.55204010009766,68.64356345481387,66.81306842935217,68.00289298901602,3138259,66.88628997802735,61.87531089782715,55.73399988810221,86.7136206128103,3.485304384801111,3.0485288951591696,0.43677548964194157,71.59345827837099,61.87531089782715,52.15716351728331,2830597.5,1.1086913628659674,1.6511732824341614,0.5369090420025424,0.08762037854230798,0.11759835156519571,0.5164760924605938,1.3409399783831377
2023-12-18,66.81307220458984,68.91814439593055,66.81307220458984,68.91814439593055,2669082,67.14255981445312,62.52056045532227,55.93382898966471,73.90581769198786,3.385615189107668,3.1159461539488698,0.26966903515879803,71.71070553112072,62.52056045532227,53.33041537952382,2951897.0,0.9041921178144089,1.7116931369550346,-2.5367120992586423,0.524301763827939,-0.1235713786054915,-0.07088020635188652,0.5475196571579577
2023-12-19,66.08087158203125,67.36221957312011,65.44020107787922,66.44697200559732,1950723,67.28899993896485,63.09716625213623,56.13213259379069,69.26670364145482,3.210519442658189,3.1348608116907335,0.0756586309674554,71.60296364897398,63.09716625213623,54.591368855298484,3024375.1,0.6450003506509493,1.7397365180598157,-1.0958942590104326,0.08677068074613992,-0.42759115315066376,0.2836945980871697,0.665562738576031
2023-12-20,65.62324523925781,66.99611653700617,65.53172188263149,66.63002311050089,1165148,67.05103454589843,63.63258590698242,56.313656679789226,66.4588476154797,3.0002432442482245,3.107937298202232,-0.10769405395400744,71.2739294945852,63.63258590698242,55.99124231937964,3061431.5,0.3805892766178175,1.703024269568465,-0.6925246774406535,-0.33465989557395215,0.33367432683415466,0.1767973106314713,2.253936700068282
2023-12-21,64.98258209228516,65.89782972738777,64.79953535837876,65.07410545923835,1197100,66.41036224365234,64.14512500762939,56.48450304667155,62.63109609909599,2.750199097083076,3.0363896579784013,-0.28619056089532524,70.54738942480117,64.14512500762939,57.7428605904576,3112485.65,0.38461221499928844,1.622393616160538,-0.9762747097264768,0.12791495872452874,-0.5186161111112364,-0.7059592939427706,-1.396030157610939
2023-12-22,64.89105224609375,65.62324609139661,64.70799854767958,65.34867601795226,754220,65.67816467285157,64.57071514129639,56.66907793680827,62.08096391181896,2.5156527365357633,2.932242273689874,-0.4165895371541106,69.82874654913556,64.57071514129639,59.31268373345722,3084450.05,0.2445233308284568,1.5281074731680702,-0.14085289202793172,-0.3736782960108931,0.30147861455658287,1.013151230289644,-0.044694441593606804
2023-12-25,64.70800018310547,65.44020102969853,64.70800018310547,64.98257724627406,431223,65.25715026855468,64.9734239578247,56.85212732950846,60.92832608384491,2.2886204919194526,2.80351791733579,-0.5148974254163372,68.68460023735118,64.9734239578247,61.26224767829824,3035453.45,0.14206213572473,1.4219865896247355,-0.28209137724268807,-0.36226354270691985,0.04665088698287967,0.8094200739831026,-0.7306045007081985
2023-12-26,64.98258209228516,65.34868254288327,64.52495827473385,65.07410545923835,586538,65.03749237060546,65.22511730194091,57.03975308736165,62.066069261237935,2.1065690509504122,2.6641281440587146,-0.5575590931083023,68.08707594761255,65.22511730194091,62.36315865626928,2799008.95,0.2095520273345321,1.3422182800946934,0.4243399709505713,0.127733444468503,0.8343763777672208,1.0124157837348102,0.7509993074272581
2023-12-27,65.44020080566406,66.17240164975043,65.16562374343548,65.62324752529327,1091648,65.00088348388672,65.2937608718872,57.23195508321126,63.95016118573494,1.9764348672020446,2.5265894886873808,-0.5501546214853361,68.1041882203498,65.2937608718872,62.4833335234246,2248562.2,0.4854871259509743,1.3218984504107703,0.7042174974349669,-0.5678033131921834,0.7873572184754041,1.831688899843087,1.0584315830352242
2023-12-28,65.44020080566406,66.17240164975043,65.44020080566406,65.89782458752185,820667,65.0924072265625,65.38986167907714,57.42415707906087,63.95016118573494,1.8519544113626978,2.391662473222444,-0.5397080618597463,68.07321976407137,65.38986167907714,62.70650359408292,2050559.05,0.40021622396097295,1.2432721029008496,0.0,-0.31445393355279405,0.1054642742363665,2.1890338704401158,-1.062095775736449
2023-12-29,65.98934936523438,66.26392643336273,64.5249546283813,65.62324893532488,1924700,65.31206665039062,65.48138656616212,57.63313859303792,66.28096047203618,1.7771288178205253,2.2687557421420603,-0.491626924321535,68.11231252036366,65.48138656616212,62.85046061196057,2000063.0,0.9623196869298617,1.309365396511594,0.8391608717722265,-0.4788328985291246,0.11413168589380351,-0.5978198733492479,0.1490797197870597
2024-01-02,64.70800018310547,66.44697195667538,64.70800018310547,66.35544859654745,604278,65.31206665039062,65.51799621582032,57.81466261545817,57.01752204858471,1.5960367078632913,2.1342119352863067,-0.5381752274230154,68.08018959973629,65.51799621582032,62.95580283190436,1932423.6,0.31270472995672377,1.3666462467860367,-1.9417515014990672,-0.044000291677548375,-0.4297116466016604,-0.5978198733492479,0.1490797197870597
2024-01-03,64.15885162353516,65.16562252829209,64.15885162353516,64.7079987549676,709400,65.14732055664062,65.52257232666015,57.99313583374023,53.562496427403744,1.3921602499212327,1.985801598213292,-0.5936413482920593,68.07416159259765,65.52257232666015,62.97098306072266,1868040.55,0.3797562103242352,1.3186628678488233,-0.84865636090804,0.6860424901047546,-1.649228076412912,-0.5978198733492479,0.1490797197870597
2024-01-04,63.609703063964844,64.70799730217131,63.609703063964844,64.06732682701495,702451,64.78122100830078,65.50426712036133,58.17923615773519,50.281286637075986,1.1727561855288755,1.8231925156764088,-0.6504363301475333,68.10731277704357,65.50426712036133,62.901221463679086,1819234.65,0.3861244617344992,1.2892803838965088,-0.8559201819766882,0.5275459898703483,-0.055014439343803456,-2.8399482831121037,-2.3969043641204
2024-01-05,62.694454193115234,64.15884880690851,62.60293083902522,63.701225053674094,646026,64.23207168579101,65.44935207366943,58.336353619893394,45.300373092168854,0.9144823654895546,1.6414504856390382,-0.7269681201494835,68.24373493244143,65.44935207366943,62.654969214897434,1779087.35,0.3631221367517452,1.3248320617614129,-1.4388510349266248,0.03898027981255048,-0.17384828156632448,-0.017191588772247357,-1.0372076397662577
2024-01-08,61.32158660888672,62.87750467002815,61.230063249310994,62.236834170213385,1098487,63.298519134521484,65.29376010894775,58.47058995564779,39.051341612870715,0.5921931280788044,1.4315990141269914,-0.839405886048187,68.62188265462858,65.29376010894775,61.965637563266924,1762946.3,0.6230972548624992,1.3678466429555123,-2.1897751593780934,-0.3284639253521182,0.3054917612432817,-0.017191588772247357,-1.0372076397662577
2024-01-09,62.969032287597656,63.609702759689384,62.6029318823519,62.6029318823519,1336067,62.95072555541992,65.16562557220459,58.64143619537354,48.272753679063,0.4643588437586814,1.2381509800533295,-0.773792136294648,68.64888666916536,65.16562557220459,61.682364475243816,1652977.35,0.8082790729104666,1.4905492440017993,2.6865672755965297,-0.7463136321570363,-0.21152131518220596,-0.6534987320127694,-0.32367415238965247
2024-01-10,62.32836151123047,63.06056240017758,62.23683814580838,62.69446195570403,540754,62.58462753295898,65.01461009979248,58.80770619710287,45.396269816405095,0.3078042987405851,1.0520816437907807,-0.7442773450501956,68.71930727927295,65.01461009979248,61.30991292031201,1576195.65,0.34307542975391414,1.40163924538412,-1.0174378628546532,1.1070581272880409,-0.3983884913753566,2.5272726674406165,4.499769164126133
2024-01-11,63.33513259887695,63.70123304394261,61.96226116696963,62.69446205710095,963702,62.5297134399414,64.84071311950683,59.02889105478923,50.39820192140861,0.2619520861456124,0.8940557322617472,-0.6321036461161348,68.51635373532163,64.84071311950683,61.16507250369203,1387884.55,0.6943675538430052,1.4466169295959674,1.6152696192167415,0.18254264271539977,0.45626438441657147,0.8779258447818794,1.3317522618890187
2024-01-12,63.701229095458984,63.701229095458984,62.877504890815615,63.15208195329166,614266,62.73106842041015,64.61647739410401,59.24092337290446,52.11593627645591,0.25224705792936675,0.7656939973952711,-0.5134469394659044,67.96551684281826,64.61647739410401,61.26743794538975,1147236.95,0.5354308018060262,1.3635645662689544,0.5780306783292666,-0.7192046382251016,-0.18517891834584077,-0.3012483334686289,3.212623831000694
2024-01-15,64.6164779663086,65.0741017578303,63.33512995349082,63.42666029802309,1293538,63.39004669189453,64.41969928741455,59.477362314860024,56.19972900448977,0.3147800989339373,0.6755112177030044,-0.36073111876906705,67.21116083855891,64.41969928741455,61.62823773627018,1055000.9,1.226101323705032,1.4136188646783585,1.4367836913759868,0.587818268824547,0.19408761589856383,0.8897083227818126,-0.18393208362291746
2024-01-16,64.7995376586914,65.34868486269004,64.15886010170505,64.25038347190723,1303227,63.75614776611328,64.31902256011963,59.71227607727051,56.989829019848784,0.3747890370172371,0.6153667815658509,-0.2405777445486138,66.88300592318895,64.31902256011963,61.75503919705032,986708.15,1.3207826447972484,1.3837796508525761,0.2833018730582282,0.38422436149399,-1.1395293752028635,-1.0981644624668219,1.091417405518924
2024-01-17,64.89105224609375,66.08086986325512,64.79952888827897,65.34867601795226,1478310,64.26868591308593,64.25953159332275,59.941087913513186,57.40350605136229,0.42483379562721524,0.5772601843781238,-0.15242638875090853,66.70381055242073,64.25953159332275,61.81525263422476,963087.5,1.534969564032344,1.3701211607357189,0.141227222768725,0.8430854010390787,-1.066936498019444,-2.6581497121823894,-1.0095271700461428
2024-01-18,64.98258209228516,65.34868254288327,64.43343490778065,64.61648164168706,667162,64.59817581176758,64.22749843597413,60.16074746449788,57.8402683740434,0.466502767503556,0.5551087010032103,-0.08860593349965429,66.61260299705047,64.22749843597413,61.84239387489777,938188.2,0.7111174495692869,1.309471357317972,0.1410515672396251,0.2686100789593082,0.3845752896719512,0.19011464244167442,2.2804539524310607
2024-01-19,64.6164779663086,65.44020218760465,64.52495460456123,65.25715546410993,738034,64.7812255859375,64.2091932296753,60.386508560180665,55.393695123909744,0.4646282394939618,0.5370126087013607,-0.07238436920739888,66.57544231697548,64.2091932296753,61.8429441423751,915234.9,0.8063875186577785,1.256908187414699,-0.5633880867593755,0.12079320549103212,2.6337127016353046,2.553049148908282,1.7449177115524739
2024-01-22,64.7995376586914,65.25716149248785,64.43343719509714,64.89106102889359,791200,64.81783752441406,64.20461750030518,60.61837151845296,56.387076271723544,0.4724677358646332,0.5241036341340153,-0.051635898269382086,66.56566303635022,64.20461750030518,61.843571964260136,917083.9,0.8627345873152936,1.1991503354115007,0.2833018730582282,-0.6231681074182815,0.7554784976987472,2.6408754565575343,1.7558031763021953
2024-01-23,64.06732940673828,65.25715403169161,64.06732940673828,65.16562368916847,632064,64.67139587402343,64.17258396148682,60.83650550842285,51.45143350292697,0.41481576863897374,0.502246061035007,-0.08743029239603328,66.5222301634625,64.17258396148682,61.82293775951114,927125.95,0.6817455600288181,1.1979069073504114,-1.1299590682417704,-0.05034596135321534,0.3339315281947419,1.9993396833865251,-0.240766591428343
2024-01-24,64.06732940673828,64.7995302502149,64.06732940673828,64.06732940673828,453558,64.50665130615235,64.12682132720947,61.072944450378415,51.45143350292695,0.36491960322126715,0.4747807694722591,-0.10986116625099196,66.44549037507008,64.12682132720947,61.80815227934886,920476.95,0.49274237665592824,1.1358127655005725,0.0,0.0860763428329081,0.006938533336109387,-0.6748054763399569,-0.8447296668785964
2024-01-25,63.33513259887695,64.52495729964404,63.15208586773672,64.52495729964404,597332,64.1771614074707,64.02156791687011,61.27887516021728,46.70973313349669,0.2632596758056778,0.43247655073894287,-0.1692168749332651,66.27952759249436,64.02156791687011,61.76360824124586,895761.15,0.6668429413354218,1.167420587688139,-1.1428552034889683,-0.328079755907984,0.709276503221834,-0.970559571110674,-0.392160575404088
2024-01-26,62.23683547973633,63.42666012760994,62.23683547973633,63.3351297833236,613402,63.70123291015625,63.86139965057373,61.44514516194661,40.65703483822208,0.09299802885853836,0.364580846362862,-0.2715828175043236,66.14990581182767,63.86139965057373,61.5728934893198,885397.9,0.6927981193540215,1.1704077957128691,-1.7341040810580077,0.07350350663963834,-0.04215966405062277,-2.515516935478046,-1.561226605837529
2024-01-29,62.969032287597656,62.969032287597656,62.053784765875506,62.78597859358256,321146,63.3351318359375,63.71038379669189,61.62666924794515,45.707955075533675,0.016951207189649153,0.2950549185282194,-0.27810371133857026,65.79738723390034,63.71038379669189,61.62338035948345,805220.2,0.39883003431856284,1.13638642584744,1.1764685691638688,-0.13380371723147322,0.6924221152651233,1.3404795269971403,0.6481862573032515
2024-01-30,62.41987991333008,63.60970451756383,62.32835655518547,63.60970451756383,399320,63.00564193725586,63.595977783203125,61.78988831837972,42.76781483241824,-0.08662983915564126,0.2187179669914473,-0.30534780614708856,65.70347857288658,63.595977783203125,61.488476993519676,794972.3,0.5023068099353901,1.1557146307182289,-0.872099116529923,-0.2817131452696353,-0.46910447933337096,0.26455646756926576,0.17813539353872532
2024-01-31,62.877498626708984,63.060552311051396,62.14530483769153,62.41987489002905,409160,62.76767578125,63.53191013336182,61.94853108723958,45.89129660024913,-0.13029064945114754,0.14891624370292833,-0.2792068931540759,65.64526117954992,63.53191013336182,61.418559087173726,779960.3,0.524590802890865,1.1236523430704466,0.7331297561198546,-0.0830523890604784,-0.804398568682585,-0.5606853591159533,1.791827881728758
2024-02-01,62.785980224609375,63.152080639365515,62.602933508623615,62.69445686661649,234000,62.65784530639648,63.49072399139404,62.10869941711426,45.35815403740926,-0.1703136565515706,0.08507026365202855,-0.2553839202035991,65.62964323565251,63.49072399139404,61.35180474713557,756537.75,0.3093037987859826,1.0470516480933072,-0.14555032260894496,0.2756859522162314,0.43907634242430493,-0.5140938259149852,5.482385246594235
2024-02-02,61.870731353759766,62.96903257450116,61.87073135375977,62.96903257450116,558000,62.584624481201175,63.44953784942627,62.26734224955241,40.31404093731733,-0.27274112296239394,0.013507986329144045,-0.286249109291538,65.68266350278236,63.44953784942627,61.21641219607019,752136.45,0.7418866616556079,1.053884924446385,-1.457728090849919,-0.035210710893140984,0.5110182189104195,2.2170231805390683,-0.7770643035669988
2024-02-05,62.969032287597656,63.06055564321298,61.230060599768684,61.87073107186041,992244,62.584624481201175,63.53191013336182,62.44276472727458,47.81387008409798,-0.262268651804753,-0.04164734129763537,-0.22062131050711764,65.54526259405152,63.53191013336182,61.51855767267212,746824.3,1.3286177217318718,1.157432940312773,1.7751542770007234,0.29391269736438463,0.2001149817599579,-0.4892283787484186,-1.450766321172181
2024-02-15,65.98934936523438,66.35544979514388,63.24360661509049,64.06733083669064,3267281,63.298518371582034,63.68292598724365,62.65174624125163,61.9670748651964,-0.01013793286059439,-0.03534545961022718,0.025207526749632787,65.95498065526209,63.68292598724365,61.41087131922521,843385.0,3.8740089045928014,1.454630882610567,4.7965118216237945,-0.3927712441166409,3.0310448098840537,1.9932389623239288,-0.051093976089322535
2024-02-16,66.53849029541016,67.17916773352592,65.98934319329969,65.98934319329969,1713303,64.03071670532226,63.893432426452634,62.866829299926756,63.88488102583745,0.23132202578899097,0.017988037469616455,0.2133339883193745,66.40461781851181,63.893432426452634,61.38224703439346,902012.45,1.8994227851289636,1.419323370292655,0.8321660017231336,-0.26288406984117385,-0.20016719009597894,0.7949668635454987,0.16613014289714734
2024-02-19,66.44697570800781,66.5384990733028,65.25715799360269,66.5384990733028,709805,64.76291580200196,64.04902458190918,63.080387115478516,63.311924473927526,0.4105635986614047,0.0965031497079741,0.31406044895343055,66.7896911763768,64.04902458190918,61.30835798744155,889317.6,0.7981456793388549,1.4009257315469827,-0.13753631468951255,0.2255126060222823,0.15343901570623597,-2.0374538412053056,-0.7527403769207353
2024-02-20,65.98934936523438,66.72155022505338,65.53172557354372,66.44697315692503,1028137,65.58663940429688,64.16343059539795,63.293944931030275,60.394969409287704,0.5098104378283921,0.17916460733205772,0.33064583049633434,67.03105669634989,64.16343059539795,61.29580449444601,910011.15,1.129807035880824,1.3727789208753387,-0.688709061469428,0.21989185165642855,0.6297522514733034,-0.7883385598524084,0.2185349193192243
2024-02-21,66.3554458618164,66.63002291366875,65.62324504539981,65.89782209725216,904710,66.26392211914063,64.25037899017335,63.515129725138344,61.9069935139865,0.6109624062725629,0.2655241671201588,0.3454382391524041,67.27689534613987,64.25037899017335,61.223862634206824,890569.75,1.0158777569078672,1.3239787805278191,0.554781188333564,-0.07738215560203487,-0.40979551571411754,0.6255294398066491,-1.0646490456006519
2024-02-22,66.44697570800781,67.08765323064304,65.98935189874773,66.44697570800781,1004231,66.3554473876953,64.33275089263915,63.724111302693686,62.294575902437394,0.690551515646959,0.35052963682551885,0.3400218788214402,67.50820992262146,64.33275089263915,61.15729186265685,875619.95,1.146879990571252,1.2938884540434854,0.13793871023339843,0.15456807377836057,0.9448801440578247,1.6465127441044558,2.230009331107774
2024-02-23,65.53172302246094,66.81307098587017,65.07409924858511,66.81307098587017,998195,66.15409393310547,64.36478443145752,63.90716075897217,56.14311520826469,0.6720265122853277,0.4148290119174807,0.25719750036784705,67.57667438360464,64.36478443145752,61.1528944793104,851614.2,1.1721211318458524,1.353232891809028,-1.377418122938845,0.08814408362198822,0.19312885212652287,1.6465127441044558,2.230009331107774
2024-02-26,66.17240142822266,66.5384948662555,65.34867722707929,65.34867722707929,1250148,66.09917907714843,64.4242753982544,64.09478658040365,59.18166959618044,0.7009624478629206,0.4720556991065687,0.22890674875635192,67.72713373968834,64.4242753982544,61.121417056820455,880763.5,1.4193912440740335,1.331444191457986,0.9776614686937579,0.4705245996972307,0.31161383748661287,0.03305331715770521,0.012680757293859202
2024-02-27,65.44020080566406,66.81307215123744,64.25037617971991,66.08087130715106,1030182,65.98934936523438,64.46546154022217,64.27325992584228,54.53167189402602,0.657235710144235,0.509091701314102,0.148144008830133,67.7988140316481,64.46546154022217,61.132109048796224,895370.9,1.1505645314137414,1.495611095465925,-1.1065045347535274,-0.16865689324997435,-0.494196611994846,0.33045791479562325,-1.3187929611108484
2024-02-29,66.6300277709961,67.72832209290213,65.98935026423007,66.44697406215509,1567938,66.04426574707031,64.5569860458374,64.44410622914633,60.027857039489874,0.7104019760020321,0.549353756251688,0.1610482197503441,68.02669223283326,64.5569860458374,61.08727985884156,934207.8,1.6783610669917335,1.6012791210355442,1.8181896612228021,0.2277027285789046,0.5959315304422619,0.365198401407274,0.7505081668660152
2024-03-01,65.62324523925781,66.99611653700617,64.61647435079925,66.81306982375354,935000,65.87951965332032,64.63478183746338,64.59359658559164,54.07178893805104,0.6636475723502144,0.5722125194713934,0.09143505287882103,68.12795386010268,64.63478183746338,61.14160981482408,949354.6,0.9848796224298065,1.7050608630583948,-1.511004220497314,-0.10426928511686473,-0.16259934881998062,0.19848511901245924,2.209093032207732
2024-03-04,65.44020080566406,65.89782458752185,65.07410038362087,65.80630122770724,849000,65.86121520996093,64.70342540740967,64.68512134552002,53.041339151284426,0.6048518588622471,0.5787403873495641,0.026111471512683004,68.20359532398031,64.70342540740967,61.20325549083902,969126.7,0.8760464447011934,1.5875493085040728,-0.2789323096204388,-0.17586998206308158,1.9506877426717306,-0.23110160438692962,1.7089791967814572
2024-03-05,65.8062973022461,66.08086736531133,65.34867354768636,65.89782065660117,704366,65.78799438476562,64.82698364257813,64.71410414377848,54.892845708808274,0.5810982214253784,0.579211954164727,0.0018862672606513309,68.29812537254152,64.82698364257813,61.355841912614736,974478.4,0.7228133532769941,1.473501909720193,0.559436694990012,-0.1584294895698446,0.4227301850537213,-0.5625407360235979,1.2848946889294721
2024-03-06,65.62324523925781,65.98934564854761,65.44019852600518,65.53172188263149,552000,65.82460327148438,64.9963041305542,64.74918848673502,53.75163723822762,0.5412631759994184,0.5716221985316653,-0.03035902253224687,68.25961516439367,64.9963041305542,61.73299309671472,971408.3,0.5682471520986592,1.3502546047631587,-0.2781680029002809,0.09901968214427459,0.5804392720889506,-1.3311032580483495,-3.54963948973932
2024-03-07,65.0740966796875,66.53849130172404,64.98257332508229,66.17239788330316,882231,65.51341705322265,65.10155735015869,64.76444257100424,50.368583599619086,0.4600784185518165,0.5493134425356956,-0.08923502398387906,68.2222303728022,65.10155735015869,61.98088432751516,999462.55,0.8827054100226166,1.3776763876803044,-0.8368201809711762,-0.2425451004595569,0.9952604831186207,-3.726821197217245,-3.895281297833064
2024-03-08,60.6809196472168,64.34191010598619,60.40634256969503,63.70123258603046,3428325,64.52495193481445,65.01460933685303,64.70952777862549,32.6593897699358,0.04077619951627298,0.4476059939318111,-0.4068297944155381,68.52272909799157,65.01460933685303,61.506489575714475,1150912.8,2.978787793480097,1.8163534173219271,-6.751038057577841,-0.09280926429229286,0.4661471561968833,1.2261369975154812,1.118557083975702
2024-03-11,60.589385986328125,61.13854011134242,60.40633926651321,60.77243968892781,747192,63.554788970947264,64.90020370483398,64.65156205495198,32.403754252191845,-0.29550345158834546,0.2989841048277798,-0.5944875564161253,68.82613320978321,64.90020370483398,60.97427419988476,1167814.4,0.6398208482443786,1.6717997409895657,-0.15084422157874977,0.05789736572445747,-0.2994150887593805,-1.4189404432656372,-3.0583020563422325
2024-03-12,61.230064392089844,61.32158775337373,60.589386897532926,60.589386897532926,492848,62.63954238891601,64.82240791320801,64.6057996749878,36.16978099869235,-0.5044946051099686,0.13828836284023016,-0.6427829679501987,68.97959116294308,64.82240791320801,60.66522466347295,1180756.8,0.41740009458340616,1.5465200111303707,1.0574102960975384,-0.28868258741585606,0.9554392072756546,-0.6143553836521654,1.087398128250383
2024-03-13,61.230064392089844,62.145311970498405,61.04701068673721,61.504634475941494,802101,61.76090621948242,64.79037456512451,64.56308816274007,36.16978099869235,-0.6624848865857729,-0.02186628704497043,-0.6406185995408025,69.0518873795517,64.79037456512451,60.52886175069732,1192961.85,0.6723609811998598,1.486757514147814,0.0,0.11670135758301559,0.07009439745004897,0.5121888737534608,-1.3545767096754369
2024-03-14,61.32158660888672,61.77921038955005,60.58938576671149,61.230063249310994,411000,61.01040420532227,64.70800228118897,64.51122417449952,36.75356566202948,-0.771415843250125,-0.17177619828600135,-0.5996396449641237,69.17641381576253,64.70800228118897,60.239590746615406,1163899.65,0.35312322673178914,1.4471664619732474,0.14947267768787853,0.02484507667166458,0.047219568149703406,-0.6501414518781501,0.39040975287500945
2024-03-15,61.779205322265625,62.78597616059015,60.86395783600984,61.13853487500024,855192,61.23006134033203,64.49749507904053,64.4486822128296,39.72212809045025,-0.8114643496178999,-0.29971382855238105,-0.5117505210655189,69.10621835092061,64.49749507904053,59.88877180716045,1043295.2,0.8197028031951072,1.5104800436541896,0.7462603932570033,0.38016886083072077,-1.2810760745144978,0.371412935831561,-0.2816143110426883
2024-03-18,64.34190368652344,64.43342704230426,61.87073118373461,61.962254539515435,1262310,61.98056488037109,64.38766574859619,64.43190275828043,53.020463138720565,-0.6291621492003827,-0.36560349268198145,-0.26355865651840127,68.895176813622,64.38766574859619,59.88015468357038,1020745.55,1.2366549136560037,1.6629789338387824,4.1481568933911195,0.24646821955720544,1.0026653594563673,2.3436077560430757,0.9682554301048363
2024-03-19,65.62324523925781,66.63002311050089,63.97580387163049,64.06732722825681,3021769,62.85920104980469,64.34647922515869,64.41207230885824,58.00873812903852,-0.37694757031666626,-0.3678723082089184,-0.009075262107747839,68.78935260977845,64.34647922515869,59.90360584053893,1136343.75,2.659203256056981,1.7951443078429978,1.9914573230178645,0.11802450064548609,-0.1139364284441946,0.2582644353931185,0.0
2024-03-20,66.53849029541016,66.99611404429959,66.08086654652072,66.35544358896809,2588985,63.92088623046875,64.37393627166747,64.38461475372314,61.179475150674264,-0.10203685508432159,-0.31470521758399905,0.21266836249967747,68.86607328574148,64.37393627166747,59.881799257593464,1214386.15,2.1319289585112613,1.7388409074695017,1.3946964262669725,0.2825426998389391,-0.36636586659868353,0.2582644353931185,0.0
2024-03-21,66.08087158203125,67.27069621292479,65.80630150144529,66.90459578935872,964082,64.87274322509765,64.36020755767822,64.34342861175537,58.789189321848035,0.07800664957272829,-0.2361628441526536,0.3141694937253819,68.82846117564915,64.36020755767822,59.89195393970729,1217354.75,0.7919482796612902,1.7022480813375014,-0.6877503702702348,0.10021719335595591,2.0957905899499973,0.5151982968137903,0.0
2024-03-22,66.08087158203125,66.44697200559732,65.53172443807453,66.355448645402,743000,65.73307647705079,64.34190235137939,64.33122526804605,58.789189321848035,0.21817741077613562,-0.14529479316689575,0.36347220394303137,68.77703745604066,64.34190235137939,59.906767246718125,1204293.2,0.6169593916165931,1.5973146794955388,0.0,0.3803263646266597,0.14525329595025394,-0.37587675020849254,0.4262277933242853
2024-03-25,66.08087158203125,66.8130724291634,65.62324779826986,66.17240192501136,900588,66.08087005615235,64.36935977935791,64.33122526804605,58.789189321848035,0.32551145547081717,-0.05113354343935317,0.37664499891017034,68.84214941124115,64.36935977935791,59.89657014747466,1199412.85,0.7508573882629321,1.5429826730152723,0.0,0.16309646746559547,-0.17885564059555437,-2.212318575848715,-1.5119455575683838
2024-03-26,64.6164779663086,66.26392640890072,64.43343124281387,66.26392640890072,766532,65.8795166015625,64.2915636062622,64.3144458134969,50.84894070138489,0.2890778236443765,0.016908729977392768,0.2721690936669837,68.68574245901621,64.2915636062622,59.89738475350819,1175232.05,0.6522388493404345,1.5813176720914826,-2.2160628040518437,-0.6294041552667218,-0.3256683411952621,-0.05260590723428216,-0.1212066983028004
2024-03-27,64.98258209228516,65.16562882619156,64.61648164168706,64.61648164168706,341700,65.5683349609375,64.26868267059326,64.3144458134969,52.57354235120661,0.28644350877399916,0.07081568573671404,0.21562782303728512,68.64239614495922,64.26868267059326,59.8949691962273,1140807.95,0.2995245606414296,1.4436954304636809,0.5665801317234376,0.4767770651749492,0.36583082987935445,0.894897345104817,2.8448118295486324
2024-03-28,65.1656265258789,65.89782740122881,65.07410316215643,65.3486802361089,388000,65.38528594970703,64.19546260833741,64.31902205149332,53.452938920338774,0.29571710853517175,0.11579597029640559,0.17992113823876615,68.45014026787732,64.19546260833741,59.94078494879751,1081811.05,0.3586578266139914,1.3732354142610106,0.281682302703512,0.29512331100887135,-0.2651883338017913,-0.4740222865892263,-2.351370886949089
2024-03-29,65.1656265258789,65.53172696355385,64.79953307098901,65.3486802361089,371000,65.20223693847656,64.17258167266846,64.32664915720622,53.45293892033879,0.2996127538348361,0.1525593270040917,0.1470534268307444,68.39976247957169,64.17258167266846,59.94540086576522,1053611.05,0.35212235103267,1.2877632113681874,0.0,0.12101572572218444,0.7341129462103524,-0.6350339608045874,1.285182784456751
2024-04-01,68.73509216308594,69.10119259324954,65.07410182701973,65.07410182701973,6006945,65.7330810546875,64.33732624053955,64.38919099171956,67.20544547826702,0.5839942047860234,0.23884630256047804,0.34514790222554537,69.00625718396286,64.33732624053955,59.66839529711625,1311508.3,4.580180697293337,1.6530068853497362,5.47752830365178,-0.26266618358599114,-0.35536387239506473,1.3847062555789602,-0.9349697131161183
2024-04-02,68.64356994628906,69.0096703825596,67.36222191073466,69.0096703825596,3776885,66.53849945068359,64.4791898727417,64.44258047739665,66.66160271354363,0.7928440626837983,0.3496458545851421,0.4431982080986562,69.49554637824622,64.4791898727417,59.46283336723718,1465134.25,2.5778422694029572,1.6522657635464306,-0.13315209730092592,0.25364619011380984,1.207774937069206,-1.3132562827380512,0.44493578968864966
2024-04-03,68.18594360351562,69.10119116866349,67.81984318089953,68.18594360351562,2451131,67.17917175292969,64.60732479095459,64.48834285736083,63.87810982324264,0.9109318036339289,0.4619030443948995,0.4490287592390294,69.87152351935924,64.60732479095459,59.34312606254994,1560090.8,1.5711463717368246,1.6028100601087685,-0.666670371502398,0.07497134359799595,-0.6301529819396801,-1.7743096094048005,-0.10738388407491861
2024-04-08,68.91815185546875,69.83339951897943,68.46052802371341,68.7350981330953,3080444,67.92967681884765,64.79952754974366,64.53715623219809,66.30259279191412,1.0514794748631004,0.5798183304885397,0.47166114437456075,70.40511705669238,64.79952754974366,59.19393804279494,1670001.45,1.8445756439313272,1.6087628408227739,1.073840462208353,0.19719823058421682,0.39384986878232553,0.6434993186945626,2.4673208764710575
2024-04-09,69.19271087646484,69.6503346348843,68.0028932942449,69.37576456950326,2031363,68.73509368896484,65.22511711120606,64.61190141042074,67.19182767132722,1.1715146437419008,0.698157593139212,0.47335705060268884,70.80651684816834,65.22511711120606,59.643717374243785,1600153.35,1.2694802032567691,1.6139199741316579,0.3983841899473539,-0.1195805343893186,1.85378379779646,0.47496631292918146,1.4342095869778637
2024-04-10,68.18594360351562,69.55881495123742,68.18594360351562,69.46729159127959,1242010,68.62526397705078,65.60494499206543,64.67901961008708,60.85073782362352,1.1718967782835676,0.7929054301680831,0.3789913481154845,70.88376494466266,65.60494499206543,60.326125039468195,1624894.25,0.7643635885843033,1.58178015727701,-1.4550192645966464,-0.33236826467953895,-0.1570956381565347,0.1272724748865306,-1.2453049428506335
2024-04-11,67.54527282714844,68.36899004621375,67.2706957656035,67.81984290590863,1044589,68.40560455322266,65.92070541381835,64.74461243947347,57.1542722965798,1.1077335821227194,0.8558710605590105,0.2518625215637089,70.84100524210974,65.92070541381835,61.000405585526956,1652481.3,0.6321336283805451,1.5173153737214418,-0.9395936207798661,0.6782125595073074,-0.04964759893468784,0.03632262364319239,0.30211234723058755
2024-04-12,70.10796356201172,70.1994869238863,67.72832123934836,68.09442166963154,3703455,68.79000854492188,66.36460037231446,64.86817092895508,66.04067238298695,1.2492706969473488,0.9345509878366782,0.3147197091106706,71.10156758601994,66.36460037231446,61.62763315860897,1797549.0,2.060280415165317,1.668901870123631,3.794034175302441,0.1289503566611172,-0.08023039345643745,2.7591105500343494,1.0476654789187245
2024-04-15,67.81983947753906,69.46728779795879,67.4537390749142,69.28423410525416,2106001,68.57034606933594,66.68951301574707,64.97647514343262,55.060133460661504,1.1633964787813937,0.9803200860256214,0.18307639275577237,70.82304587048469,66.68951301574707,62.55598016100944,1882299.05,1.118845063434527,1.800278219053483,-3.263714945091467,0.09155415847534876,-1.3830675802599668,-1.607486745735065,-0.33696228386493887
2024-04-16,64.7995376586914,67.72832740187447,64.52496056529931,67.72832740187447,2098954,67.69171142578125,66.84052963256836,65.00698356628418,44.534187074236065,0.8419222712643233,0.9526405230733618,-0.11071825180903849,70.3994682879356,66.84052963256836,63.28159097720111,1944487.15,1.0794383495925906,1.999558311478319,-4.453419297531569,0.4179325060941874,-2.678800819309357,1.4003589351833323,-3.771116973743005
2024-04-17,67.45375061035156,67.8198510755842,65.34868515513863,65.34868515513863,1718200,67.54527282714844,66.99612197875976,65.0924067179362,53.03181605708562,0.7921925461766648,0.9205509276940225,-0.12835838151735768,70.36197025568698,66.99612197875976,63.63027370183253,1967281.65,0.8733879055904374,2.1356589922002485,4.096036866250929,0.33683409634026606,1.5645148817386545,-1.0623221547829242,-0.5810904065883138
2024-04-18,67.36222076416016,67.63679783238574,66.53849654226832,66.99612033412102,677000,67.50866241455078,67.08307075500488,65.15952485402426,52.731791666506965,0.7369011493756119,0.8838209720303405,-0.14691982265472858,70.38890214006537,67.08307075500488,63.7772393699444,1850043.2,0.365937400813127,1.9973446319225379,-0.1356927455674506,-0.4920221304314132,0.4347088791672782,-0.21474936571196368,-0.434956740850756
2024-04-19,65.71477508544922,67.17916972883295,64.25037345928102,66.9961160341697,1016611,66.63002471923828,67.04188499450683,65.19308395385742,47.520621781871306,0.5537637769491113,0.8178095330140946,-0.2640457560649834,70.39644874434276,67.04188499450683,63.6873212446709,1771424.5,0.573894625483615,2.1459449883167507,-2.4456522662439584,0.2408928500440055,-3.8129771043774907,-3.9813448653195915,-3.3720232587938326
2024-04-22,64.43342590332031,66.08086722660674,64.43342590332031,65.71477380995486,672777,65.95274200439454,66.95951271057129,65.19003308614096,43.88777297615151,0.30175349311807054,0.7145983250348898,-0.4128448319168193,70.48974375888763,66.95951271057129,63.42928166225495,1756859.25,0.3829430274508331,2.0794778329793746,-1.949864669646606,0.2717815335421703,-0.59352553064973,2.5588308354487665,0.19779400564139404
2024-04-23,64.25037384033203,65.62324513591848,64.25037384033203,64.79952794479422,564161,65.84290924072266,66.86798782348633,65.18088035583496,43.3775940862465,0.0862683085320981,0.5889323217343315,-0.5026640132022334,70.5841519619841,66.86798782348633,63.15182368498856,1747917.3,0.3227618377597155,1.9852636279936515,-0.2840948784299413,0.2430425847365969,0.9688138454874373,0.12748108662865576,0.5640228751219611
2024-04-24,67.087646484375,67.27069319655797,64.98257438034851,64.98257438034851,1497830,65.76968841552734,66.91832656860352,65.21749025980631,52.579116852907,0.14279290977975734,0.4997044393434167,-0.35691152956365935,70.61683063916364,66.91832656860352,63.21982249804339,1777779.4,0.8425286061926469,2.1232710584246233,4.41596285664243,-0.24398701951591217,2.716737332198216,3.655881029659258,3.1547970446698548
2024-04-25,67.91136932373047,68.46052347155025,66.44697455604286,66.53849791975114,1304604,65.8795181274414,67.08307113647462,65.2663033803304,54.87200136225928,0.25116138045196124,0.44999582756512563,-0.1988344471131644,70.64070903356969,67.08307113647462,63.525433239379545,1804683.0,0.7228992570994462,2.1086414393689914,1.2278308787405656,0.3808770229507319,-1.3626259295338894,-0.9650771206997866,-1.9165466514134644
2024-04-26,68.91815185546875,69.10119859505669,67.91137383937858,68.46052802371341,1610213,66.52019348144532,67.27984962463378,65.33799794514974,57.57223851433628,0.41351635139702125,0.4426999323315048,-0.029183580934483533,70.7832546370525,67.27984962463378,63.776444612215066,1868108.65,0.8619482598081221,1.9861331502966215,1.4824948190029774,-0.2951578331521709,1.3248943960749937,1.5946079266868418,1.33038483922705
2024-04-29,68.91815185546875,70.19949299815529,68.7350981330953,69.37577568722409,1855975,67.417138671875,67.46747589111328,65.40664151509603,57.57223851433628,0.5360051024064347,0.46136096634649076,0.07464413605994397,70.89525081173888,67.46747589111328,64.03970097048769,1941507.4,0.9559453649262424,1.9165680455984035,0.0,0.08607137638918516,1.863818412124374,1.5946079266868418,1.33038483922705
2024-04-30,69.1011962890625,70.10796728876993,69.00967292232279,69.19271965580222,1375192,68.38730316162109,67.66425437927246,65.4905392964681,58.10086763811512,0.640465587473642,0.497181890571921,0.143283696901721,70.9858548392959,67.66425437927246,64.34265391924903,1991717.0,0.6904555215424681,1.8196676972921069,0.26559684011495666,-0.3839184473235724,-0.48264169017123715,1.2731128681464199,-3.1181661596084487
2024-05-02,69.37577056884766,69.83339436684062,68.55204633590331,68.6435696989449,980100,68.84492797851563,67.69628829956055,65.57901331583659,58.92755170794588,0.7369124560707263,0.5451280036716821,0.19178445239904418,71.07326799474716,67.69628829956055,64.31930860437394,1740374.75,0.5631545734618363,1.7478917417781337,0.39735097875377434,-0.4225153435658102,-0.8538685839082238,-2.6951806932485,-3.044274616864795
2024-05-03,70.10796356201172,72.85370631495827,69.83339347638801,70.01644020013715,4368699,69.28424682617188,67.76950798034667,65.69189383188883,61.129970039731326,0.8624869371205932,0.6085997903614644,0.2538871467591288,71.29327910509922,67.76950798034667,64.24573685559413,1769965.45,2.4682397049049745,1.9785642756891315,1.055401600818895,-0.4002988704028487,0.5334710464831138,-2.6951806932485,-3.044274616864795
2024-05-06,72.94522857666016,73.95200649045076,70.47406292939277,71.02321007514277,5436747,70.08966217041015,68.00747222900391,65.8703670501709,68.23755641532699,1.1773771221644296,0.7223552567220575,0.4550218654423721,72.22429815812387,68.00747222900391,63.790646299883946,1919246.25,2.832751138630595,2.2272947627224524,4.046993908386498,-0.21362587285993495,0.9492729647566867,-2.6951806932485,-3.044274616864795
2024-05-07,72.7621841430664,74.50115597826273,70.74864221775593,73.86047846909301,4592077,70.85846862792968,68.19967384338379,66.03358624776205,67.38152556348365,1.3960667183404212,0.8570975490457302,0.538969169294691,72.91251895894732,68.19967384338379,63.48682872782026,1994827.9,2.3019915652874117,2.4306572957603656,-0.25093407364045195,-0.043067197592394635,0.6344919339527744,2.0550430244476336,4.104857488837488
2024-05-08,73.40284729003906,73.67742433533417,72.02997602913221,73.12827722752829,2313221,71.718798828125,68.4101806640625,66.21663570404053,68.85425372588058,1.602602160477943,1.0061984713321728,0.5964036891457702,73.6557792618143,68.4101806640625,63.164582066310686,2008920.8,1.1514744633038794,2.3262294304859106,0.8804891641418733,0.31243083104899316,0.22746944638225575,-1.1031409813425541,-1.867727149911369
2024-05-09,72.39607238769531,74.86724470906582,72.1215023405101,74.77571437722014,2263690,72.32285919189454,68.62068710327148,66.37527860005697,63.966609355943994,1.6658418775157742,1.1381271525688932,0.527714724946881,74.15818109159142,68.62068710327148,63.08319311495155,2060004.8,1.098876080288745,2.382164488895217,-1.3715747270206635,-0.09516764309563941,-0.6750569718193655,-1.3987276249359248,0.6626177564390101
2024-05-10,71.4808349609375,73.12828340633688,71.11473453053932,72.853706337842,1481466,72.5974334716797,68.81746520996094,66.52019284566244,59.81009406319782,1.6233943183309378,1.2351805857213023,0.38821373260963554,74.4725092718248,68.81746520996094,63.16242114809708,2081848.65,0.7116108080191133,2.3330157404821956,-1.2642086739962033,0.01793319460277054,0.720159390313424,-2.1368247450193167,-3.361342233337794
2024-05-13,71.20626068115234,71.84693115952474,69.83338938511046,71.48083075069002,1537052,72.24963989257813,68.87238006591797,66.67578500111898,58.580283314168774,1.5497341021396664,1.2980912890049752,0.2516428131346913,74.60104080499121,68.87238006591797,63.143719326844725,1973528.5,0.778834458179854,2.2904192116731403,-0.3841229330004414,0.26346452966479195,0.7188770345091466,2.1651400102767004,-0.07246238176232822
2024-05-14,71.75540924072266,71.84693259906899,70.56558463386625,71.20626210785994,1479718,72.04828491210938,69.06915855407715,66.8222246170044,60.336854023183434,1.518169041760217,1.3421068395560236,0.17606220220419333,74.91476798906862,69.06915855407715,63.223549119085675,1942214.35,0.7618716234899613,2.1558763788104205,0.7712082537647769,-0.16192227613095467,0.6143467624945442,0.46695700765049253,0.31907117867810975
2024-05-15,71.29779052734375,72.39608487103257,71.20626716250054,72.12151477650293,1332150,71.62727355957031,69.39407119750976,66.91069863637289,58.12468780385182,1.4396323131391284,1.3616119342726447,0.07802037886648372,74.95594771311309,69.39407119750976,63.83219468190642,1903874.15,0.6997048623198125,2.0270685561066353,-0.637748036309993,-0.17854125279843647,0.768905386860852,0.33964373665795744,0.30359218949806976
2024-05-16,71.66388702392578,72.21303416553597,71.38930996172832,71.48083332153254,1126252,71.4808364868164,69.60457801818848,66.99612191518148,59.406911132109386,1.3908989008341166,1.3674693275849392,0.023429573249177382,75.1759275051761,69.60457801818848,64.03322853120085,1874276.75,0.6008995203083003,1.878825233718047,0.5134752337684789,-0.8739389928487662,0.7426455838037249,0.37413074381913436,4.727600860525483
2024-05-17,71.38931274414062,72.12151361668171,70.93168894449869,72.12151361668171,1324453,71.46253204345703,69.8059326171875,67.07849419911703,57.973134937085185,1.314963391372018,1.356968140342355,-0.042004748970337014,75.32691518135621,69.8059326171875,64.28495005301878,1906649.4,0.6946494725249436,1.7869584921800439,-0.3831417624521105,0.28877622974334827,-0.21492914094993765,1.5264487422874007,-0.05506029684924085
2024-05-20,70.3825454711914,71.66389357391867,70.29102210302204,71.66389357391867,870096,71.29778900146485,70.03932113647461,67.1517141342163,52.92894373157946,1.1601725015995186,1.3176090125937878,-0.15743651099426925,75.21601869514053,70.03932113647461,64.86262357780869,1899323.65,0.4581083376706229,1.731746889342255,-1.410249285572296,0.12515050063168776,0.06190547021835968,0.5069945439602819,2.5612794107337855
2024-05-21,70.56558990478516,71.02321371348387,69.558818922205,70.47406653960245,755187,71.05982513427735,70.34592933654785,67.22188320159913,53.71743037026921,1.0402780840690156,1.2621428268888333,-0.22186474281981772,74.8006645900758,70.34592933654785,65.89119408301991,1903444.15,0.3967476534575496,1.6960999429338028,0.2600707780150868,0.12995161060771476,-0.16397830333553243,2.052524243780418,0.9264326297231618
2024-05-22,70.7486343383789,71.38930479341121,70.56558064923807,70.56558064923807,794500,70.94999389648437,70.6708423614502,67.2935775121053,54.53755131199989,0.9490905256173363,1.1995323666345339,-0.2504418410171976,74.07848607232927,70.6708423614502,67.26319865057113,1914961.1,0.41489093433803953,1.5797831697657148,0.2593961643922116,0.09004381018689056,1.4836548818675244,0.74996089616024,-0.6518617581521391
2024-05-23,69.83338928222656,70.93168352432816,69.55881223030892,70.84016016795046,1753577,70.58389434814453,70.80812950134278,67.36527194976807,49.7870206542622,0.7938204337399952,1.1183899800556263,-0.32456954631563106,73.80434638539083,70.80812950134278,67.81191261729472,1927748.45,0.909650322893529,1.552194919666186,-1.2936575592044308,-0.033810014699131585,0.25798091936253265,0.9981358681645736,2.7316467352821894
2024-05-24,71.66388702392578,72.30455752534021,69.74186155411299,70.29101567850793,2384026,70.63880920410156,70.99575538635254,67.45679670969645,57.71940994103605,0.8091463020201815,1.0565412444485374,-0.2473949424283559,73.68214529940654,70.99575538635254,68.30936547329854,1981719.55,1.2030087708424737,1.6869283932076584,2.6212357162007427,-0.0096243747411906,-0.19479338523243905,0.3852637572002049,-0.8081312360340931
2024-05-27,72.67066192626953,73.40285582757792,72.0299844069914,72.39608484903817,1882502,71.09643249511718,71.18338088989258,67.57730439503987,61.33709211531868,0.8922452360218927,1.0236820427632085,-0.13143680674131586,73.78152152171268,71.18338088989258,68.58524025807247,1995334.0,0.943452073687914,1.6938671146002562,1.4048566776842852,-0.09869189434805747,1.105615256831216,-0.33371958993613227,1.182656725193465
2024-05-28,72.39607238769531,73.31131984388055,72.30454903863358,73.21979649481881,1144500,71.46252899169922,71.3572769165039,67.67340513865153,59.83336480600281,0.9252786229914278,1.0040013588088526,-0.07872273581742473,73.77643951876793,71.3572769165039,68.93811431423988,1959760.25,0.584000007143731,1.6022542733531517,-0.3778547371053431,-0.36968990725814166,0.25060173618918213,-0.20090731676889462,1.4415538575457187
2024-05-29,72.30455780029297,73.31132872753756,72.30455780029297,72.48760452059751,988485,71.77371368408203,71.51744499206544,67.78476034800211,59.31147876809113,0.9333146870295792,0.9898640244529979,-0.05654933742341872,73.72236850588911,71.51744499206544,69.31252147824176,1940424.9,0.5094167777377007,1.52285649387201,-0.1264082213082829,0.3236723675793307,-0.8962690097293446,-1.1910754088758413,-1.4082677946286148
2024-05-30,70.10796356201172,71.38931157661042,69.74186313172854,71.2062648528613,1862134,71.82862854003906,71.55405464172364,67.86255639394125,48.39921680895159,0.7537477929854077,0.9426407781594799,-0.18889298517407216,73.62978304000237,71.55405464172364,69.47832624344491,1984526.6,0.9383265510273331,1.6615015838309997,-3.0379747903974463,0.6315619238836723,-1.3757393248701622,-0.9507707702690715,-0.9089719085309755
2024-05-31,70.84016418457031,72.48760564113225,70.47406375551714,70.47406375551714,1144054,71.66388397216797,71.59066467285156,67.94645417531332,51.59606240193018,0.6628809280211527,0.8866888081318145,-0.22380788011066177,73.58316292525294,71.59066467285156,69.59816642045018,1823294.35,0.6274653349306983,1.7572536498696036,1.0443900883113644,-0.0636234547158887,-0.8905424398374384,1.6969569012485808,2.8829719168688372
2024-06-03,70.93167877197266,71.38930250598538,70.84015542172692,71.20625580549391,542500,71.31608734130859,71.48998718261718,68.03492806752523,51.99636134244804,0.5914350501579548,0.8276380565370427,-0.23620300637908787,73.39590229725181,71.48998718261718,69.58407206798256,1578582.0,0.34366285691842424,1.5961727744547851,0.1291846065798241,0.3356387546574968,1.7121719263391677,3.0844392735388526,3.8084415532174676
2024-06-04,69.83338928222656,71.20626057624582,69.83338928222656,71.20626057624582,738100,70.80355072021484,71.34354743957519,68.11424961090088,46.97541522442425,0.4411060976624981,0.7503316647621339,-0.3092255670996358,73.28757329739945,71.34354743957519,69.39952158175093,1385883.15,0.5325845833395118,1.5663992437300487,-1.5483765628568014,-0.46419102039185756,-0.8364332748305281,0.06540328502750992,1.8404943159233245
2024-06-05,69.83338928222656,70.38253640327737,69.55881223030892,70.016435994982,510072,70.30931701660157,71.16507453918457,68.26679077148438,46.97541522442425,0.31830015371122045,0.6639253625519512,-0.3456252088407308,72.96297880500919,71.16507453918457,69.36717027335996,1295725.7,0.3936573921471188,1.4673759009618361,0.0,0.04487073545036413,0.6005712697569221,-1.372546328927593,-0.759047462211615
2024-06-06,69.65033721923828,70.47406141151421,69.55881386071533,70.10796099463772,580351,70.21779174804688,71.02778778076171,68.41780662536621,46.11466171583674,0.20385487460832508,0.5719112649632261,-0.368056390354901,72.84908310770376,71.02778778076171,69.20649245381966,1211558.75,0.4790118514682016,1.3937587876067754,-0.26212684916163687,-0.23756310030170757,1.944708756402913,0.36448147273990816,0.7648530599528414
2024-06-07,72.12150573730469,72.21302909067701,69.9249103424476,69.9249103424476,2429095,70.47406005859375,71.05982131958008,68.59933064778646,57.449704685798544,0.30899688957735805,0.5193283898860525,-0.2103315003086944,72.93636620967291,71.05982131958008,69.18327642948725,1258940.2,1.9294760783713159,1.5496165321177027,3.547963465399895,-0.13363032114330764,-0.20234199872982694,0.6272672684177749,0.6626455047070046
2024-06-11,70.56558990478516,72.85370894827874,70.56558990478516,72.1215150440319,1035138,70.40084228515624,71.02778778076171,68.7549227396647,50.27833855030952,0.2637331381460939,0.46820933953806076,-0.20447620139196687,72.91564625528012,71.02778778076171,69.1399293062433,1233844.5,0.8389533689212862,1.6480835336344863,-2.1573535058832527,-0.2190993617724568,-0.3031410202626317,-1.4920526326737682,-1.0526353534517474
2024-06-12,70.7486343383789,70.9316810447355,70.01643354738407,70.47405729605978,681016,70.58389129638672,70.97744903564453,68.91204020182292,51.05244416190615,0.2398664143410798,0.4225407544986646,-0.18267434015758477,72.83709583653534,70.97744903564453,69.11780223475371,1193909.4,0.5704084413775451,1.550372062130079,0.2593961643922116,-0.0562872544702997,1.1785994524791121,2.634187659181597,4.350953364301802
2024-06-13,74.31809997558594,74.59267704001279,71.11473347693507,71.11473347693507,4294770,71.4808334350586,71.12846450805664,69.12102177937825,63.112831696630316,0.5031775913725767,0.438668121873447,0.06450946949912967,73.51386202043862,71.12846450805664,68.74306699567465,1342040.4,3.2001793686687825,1.8561948140639193,5.045278499843375,-0.3552426383712781,1.193154297591259,2.694885244627443,0.16036492443964878
2024-06-14,73.494384765625,75.41640332102656,73.21980769365977,74.68420245097596,2253657,72.24964294433593,71.2199893951416,69.27356313069662,59.471203972921195,0.6380318290912896,0.4785408633170155,0.15949096577427413,73.82247571374359,71.2199893951416,68.6175030765396,1398410.65,1.6115845513619338,1.9015815891709686,-1.1083641942293165,0.3043370457556316,0.863577013670791,0.9684511801242301,1.9213124521174407
2024-06-17,73.40284729003906,74.22657144314003,73.03675387335804,73.49437762699365,975673,72.50591125488282,71.32066612243652,69.40322316487631,59.06335206246343,0.7291137058430621,0.5286554318222249,0.20045827402083727,74.10047768580962,71.32066612243652,68.54085455906342,1380971.65,0.7065119693079869,1.8066797199191054,-0.12455029847225907,0.15480119319866148,-0.03639861324233884,0.18564657559745346,-0.5498255532274565
2024-06-18,73.03675842285156,74.04352934700528,72.76218136045293,73.67742892473535,986482,73.0001449584961,71.45337677001953,69.51152763366699,57.36884209113601,0.7629614921738721,0.5755166438925543,0.1874448482813178,74.29730228777103,71.45337677001953,68.60945125226803,1386790.95,0.7113415327667086,1.7366354888035378,-0.49873932783691677,-0.14838275415750557,1.159736185000071,2.2235915153949293,6.318410218691062
2024-06-19,71.9384536743164,73.67742535884605,71.9384536743164,73.21980159885322,1950495,73.2381088256836,71.52201995849609,69.60915400187174,52.50224969438519,0.6931716412145903,0.5990476433569616,0.0941239978576287,74.3418922961617,71.52201995849609,68.70214762083047,1446556.35,1.348371254254976,1.7369469815670189,-1.5037698444616665,0.14396198742181454,1.986645158123146,-0.21147226057504076,0.8171446202132282
2024-06-20,72.48760223388672,72.94522600299658,72.21303216209155,72.39607887662166,730231,72.87200927734375,71.60896835327148,69.71593284606934,54.57704813873582,0.6744003138337007,0.6141181774523095,0.06028213638139124,74.4356645222083,71.60896835327148,68.78227218433466,1443342.9,0.5059303648495448,1.6395903611821059,0.7633588595835628,0.10293992607994795,0.8468955214737006,1.6651528026696116,1.7473603433141083
2024-06-21,76.6062240600586,78.61977304156943,71.84693916336985,72.48760971311383,5774753,73.49437713623047,71.94761009216309,69.89135538736979,66.42343455701322,0.9805589886135806,0.6874063396845638,0.2931526489290168,75.42626144500937,71.94761009216309,68.4689587393168,1644401.7,3.5117654037939756,2.3240228301177686,5.681829304938013,-0.12290844763791497,-0.6524324296809936,-0.6551548732524504,-2.5139539956279267
2024-06-24,78.07062530517578,80.08416728962952,76.972323964104,77.88757159027121,8942901,74.42793273925781,72.26794700622558,70.11559117635092,69.47203974719088,1.3260707677397647,0.815139225295604,0.5109315424441607,76.68890960952088,72.26794700622558,67.84698440293029,1972345.45,4.534145374989964,2.4778788833781897,1.91159564785377,0.06802312668354737,-1.8908700814464607,0.2697847214805593,2.217976417507095
2024-06-25,77.7960433959961,79.62653853472541,76.4231720419491,78.89433768611977,11204760,75.37978973388672,72.52421607971192,70.32914886474609,68.22125908147952,1.559754992046635,0.9640623786458102,0.5956926134008247,77.59056569968381,72.52421607971192,67.45786645974003,2438458.35,4.595017995693877,2.5746105646312727,-0.351709632280206,-0.12823314551579923,0.27295654149688264,-1.3452942091674802,-0.7475045040307049
2024-06-26,77.7960433959961,78.98586802928406,76.60621876270811,77.7960433959961,3806054,76.55130767822266,72.79421463012696,70.53965581258139,68.22125908147952,1.7250659371070327,1.1162630903380548,0.6088028467689779,78.3806695995082,72.79421463012696,67.20775966074572,2571536.05,1.480070248286039,2.5486157248905634,0.0,0.4702765421042532,0.4839958550256096,0.0,2.541834586641034
2024-06-27,76.05706787109375,77.79603956378224,75.96554451522266,77.79603956378224,1942217,77.26520080566407,72.98184013366699,70.72117983500162,60.253368581046765,1.696202493933015,1.2322509710570468,0.4639515228759681,78.74821556575331,72.98184013366699,67.21546470158067,2619222.65,0.7415242075735715,2.452866812341613,-2.235300728663847,0.3350392876177333,-0.3511118229512111,0.0,0.7242722902996324
2024-06-28,79.16890716552734,80.81635542566931,76.60621142370297,76.78926510970993,6583681,77.77773742675781,73.43488731384278,70.89507675170898,67.55582173977527,1.902496634661091,1.3663001037778557,0.5361965308832353,79.65638237314229,73.43488731384278,67.21339225454327,2855300.0,2.3057755752460336,2.7603895779728065,4.091453143720614,-0.1850665019445641,0.5512513704543975,0.6666620395862077,-0.09115440238022243
2024-07-01,76.14859771728516,78.43671672300628,76.05707435361333,78.34519335933446,4306231,77.3933319091797,73.70030899047852,71.02016054789225,56.67253533128622,1.8015058586234574,1.4533412547469762,0.3481646038764812,79.90863813901719,73.70030899047852,67.49197984193985,3013408.85,1.4290231476555197,2.8072486758316337,-3.8150197550754217,-0.055340206795018165,0.11427590660921805,-1.5653168742047696,-0.020270747007122836
2024-07-02,74.95877838134766,76.78927354581141,74.86725501968145,76.14859604857816,2234693,76.82587890625,73.90166397094727,71.13304112752279,53.04699821707914,1.6069376869679246,1.484060541191166,0.12287714577675857,79.99200959654823,73.90166397094727,67.81131834534631,3098018.5,0.7213297790184274,2.689217989204744,-1.5624967124869604,0.05445543450566248,-0.7771564734776915,2.8746175751640735,1.59180680610167
2024-07-03,76.78927612304688,77.15537656478382,75.5079280683601,75.96555187483501,1733696,76.62452545166016,74.24945831298828,71.26422653198242,57.54670275914905,1.58220816792074,1.503690066537081,0.07851810138365911,80.1531894908562,74.24945831298828,68.34572713512036,3147798.3,0.5507646407967118,2.6235353484356003,2.442005834709171,0.15711929888313492,1.2808943510362658,6.420925506315944,5.239528044908304
2024-07-04,77.7960433959961,78.34519054105793,76.88079582663143,77.70452003561658,3363699,76.97232055664062,74.64759101867676,71.40761540730794,59.827039818272944,1.6251142455074046,1.5279749023311457,0.09713934317625883,80.36852406159352,74.64759101867676,68.92665797576001,3290479.65,1.0222518774732432,2.4811858910456612,1.3110779574689202,0.14950641568265421,1.5108454922353465,0.6424507417229552,2.797540653089725
2024-07-05,78.52824401855469,79.62653830551687,77.70451981194067,78.7112907387868,3099508,76.8441879272461,75.09148635864258,71.57998708089193,61.44888806454023,1.6986194642707773,1.5621038147190722,0.13651564955170503,80.55156475406763,75.09148635864258,69.63140796321754,3416437.5,0.907233924226625,2.4066302380497335,0.9411797703278602,-0.3522176733286364,0.14479967883183065,-0.6105910271951287,-0.9225264473391448
2024-07-08,76.88079833984375,78.34519310214091,76.42317454020181,78.07062301202677,2000200,76.99062805175781,75.32945098876954,71.73557917277019,55.973389367906,1.6054313682563475,1.5707693254265274,0.034662042829820106,80.65777600594268,75.32945098876954,70.0011259715964,3394992.75,0.5891617883425524,2.3664221367568192,-2.0979020979020935,-0.34946094601715494,1.365055591695996,-0.19547573104767846,-0.18620442896249978
2024-07-09,78.25366973876953,78.43671646551229,75.32488021417521,76.97232170321513,2541180,77.64960632324218,75.71385498046875,71.87134094238282,59.23339002082521,1.6236420443045745,1.5813438692021369,0.04229817510243761,80.6929445160253,75.71385498046875,70.7347654449122,3470294.85,0.7322663087258997,2.465810685367521,1.7857142857142794,0.24079002019752327,0.09183997563149138,0.867371708210718,1.958941164478678
2024-07-10,79.62653350830078,79.80958021750497,77.5214614385308,78.25366224091628,3355510,78.21705780029296,76.15774993896484,72.06811917622885,62.24410391148994,1.7289228228883928,1.610859659939388,0.11806316294900476,80.84757346653079,76.15774993896484,71.46792641139889,3604019.55,0.9310465588345658,2.44211843118174,1.7543762153445552,0.11240498501070562,0.44769724473825434,-0.22191760359484558,0.6861832844776483
2024-07-11,81.18245697021484,83.19600582143393,79.71806224928223,80.08416267521159,6027275,78.89434051513672,76.50096778869629,72.3411678314209,65.36596416773267,1.9158241897048924,1.671852565892489,0.24397162381240345,81.60990755579544,76.50096778869629,71.39202802159713,3690644.8,1.633122483095637,2.5924322821085943,1.9540263695541515,0.2442485876554823,1.5951511700039722,2.7800972139738978,-0.18172063302280828
2024-07-12,80.72483825683594,81.27399242163524,79.07739671079383,79.80959062588413,2220163,79.33365936279297,76.86249046325683,72.56235262552897,63.697745534623024,2.003918933696653,1.738265839453322,0.26565309424333106,82.09736498959404,76.86249046325683,71.62761593691963,3688970.1,0.6018381661591673,2.539654072606303,-0.5636916280407744,-0.6140502852808205,-1.9397254657484875,-3.2458725834690227,-3.3227179773256177
2024-07-15,81.73160552978516,83.10447679635858,80.17568057133133,83.10447679635858,2917443,80.30382080078125,77.27892837524413,72.80184237162273,65.767639688521,2.1304142684702185,1.8166955252567014,0.3137187432135171,82.67755039553082,77.27892837524413,71.88030635495745,3786058.6,0.7705752362100259,2.5915396929290964,1.2471592321387615,0.49773822276901747,-0.1570866870910903,-3.2458725834690227,-3.3227179773256177
2024-07-16,83.74514770507812,86.76546730067011,82.921423544209,83.19600059209351,6363235,81.40211639404296,77.81434783935546,73.10234858194987,69.51186307889569,2.365866521738184,1.926529724552998,0.4393367971851858,83.55472789509705,77.81434783935546,72.07396778361388,4054896.25,1.5692719634935173,2.9171826366565443,2.4636028648173047,0.07988501995308539,0.49369257838391967,5.535361934899363,5.414292193616399
2024-07-17,83.28752899169922,84.38582328419011,82.646858484877,84.29429992361334,2130984,82.13431549072266,78.38180160522461,73.41658363342285,67.69952889416678,2.486871021986431,2.0385979840396846,0.44827303794674656,83.9165973611736,78.38180160522461,72.84700584927562,4063920.7,0.5243665310693685,2.760086925010753,-0.5464420637127376,-0.03284897586730562,-0.9477322922418208,0.39734732353298163,-1.2952078112146825
2024-07-18,82.28075408935547,82.3722774455158,79.90111191526412,80.54178239117101,2496096,82.35397491455078,78.87145919799805,73.71708997090657,63.76088276542942,2.4730221792932667,2.125482823090401,0.3475393562028657,83.92228054582804,78.87145919799805,73.82063785016805,4152213.95,0.6011482139546301,2.8435976118673323,-1.208794299137017,-0.2226498352794204,-1.5622735237073582,-2.3218971778061315,-3.3031615185724283
2024-07-19,79.26044464111328,82.18924129407026,79.16892127319268,82.18924129407026,2839643,82.06109619140625,79.00417022705078,73.91996994018555,53.6725912465158,2.1930529912346373,2.138996856719248,0.054056134515389154,83.94261356727145,79.00417022705078,74.0657268868301,4005458.45,0.7089433170877106,2.8793623057733932,-3.670736227043059,0.45613217759497005,-2.2617330175741857,-1.4856834570801336,0.8890916588558895
2024-07-22,75.78250122070312,79.62653820290171,75.78250122070312,78.89433735734733,2330500,80.87127532958985,78.88976402282715,74.05115547180176,44.86890548268521,1.6712690754153954,2.0454513004584776,-0.3741822250430822,84.02150071338355,78.88976402282715,73.75802733227076,3674838.4,0.6341775464194562,3.0079855959634196,-4.387993829908576,0.4350571135180781,-2.677259944243182,-1.8097010785411483,-3.571424804810064
2024-07-23,76.42317199707031,77.61299662965958,76.2401252764188,76.88079578148391,1032437,79.40688018798828,78.82112045288086,74.17623914082846,46.60630242231425,1.2945258520146297,1.895266210769708,-0.6007403587550784,84.05026025451244,78.82112045288086,73.59198065124929,3166222.25,0.32607849938519,2.850986904362491,0.8454072721898465,0.08389052827177945,2.7625011418902057,0.41888062747810206,-1.1063042364600761
2024-07-26,76.51468658447266,76.51468658447266,73.49437414331294,74.40962160720085,1142486,78.05231170654297,78.75705261230469,74.30284805297852,46.86389435299934,0.9919045374961115,1.7145938761149888,-0.7226893386188773,84.06980390690174,78.75705261230469,73.44430131770764,3033043.85,0.3766796843375673,2.873563642602121,0.11974717223965925,-0.2194732292683632,-3.2906356086419675,-0.46782896405239693,0.45068716237686157
2024-07-29,74.31809997558594,77.79604353866365,74.31809997558594,77.52146647423679,1382142,76.45978088378907,78.6701042175293,74.38979644775391,41.6677097021133,0.5682780284037818,1.4853307065727475,-0.9170526781689656,84.22051401658365,78.6701042175293,73.11969441847495,3005040.1,0.4599412833126586,2.954147631998867,-2.870803903067254,0.47483004597199674,0.20470575104574174,4.171562946281648,4.079715934415118
2024-07-30,75.8740234375,75.8740234375,73.76895127533705,74.86725252712041,934200,75.78249664306641,78.50536003112794,74.49810066223145,46.21673106876907,0.3540200649268286,1.2590685782435638,-0.9050485133167352,84.1874636605075,78.50536003112794,72.82325640174837,2722566.05,0.3431321712103183,2.840937569354079,2.0935996243515387,0.15641212361443557,0.2665528397010952,-0.9024326632927071,1.7042597216616606
2024-07-31,77.24689483642578,78.52824280662983,75.5079230899192,75.69096980732634,1330810,76.07537536621093,78.56027488708496,74.61708285013835,49.92726631667558,0.29163652918337846,1.0655821684315268,-0.7739456392481483,84.16720717668056,78.56027488708496,72.95334259748935,2573795.0,0.5170613821225079,2.864855189001619,1.809408987064809,-0.2672783628201558,-0.1089865524954714,-4.638580467508824,3.844259488822943
2024-08-01,78.89433288574219,78.89433288574219,77.97908537206636,78.34518577409357,1103264,76.56960754394531,78.75705261230469,74.71623458862305,54.02613756472986,0.3708566059203662,0.9266370559292947,-0.5557804500089285,84.10190580369697,78.75705261230469,73.41219942091242,2517223.55,0.4382860632302602,2.7025329037102575,2.132691615378124,-0.5775112476597344,1.9944277998713122,-4.774702826085542,-3.3222615463413985
2024-08-02,75.23334503173828,78.07061799335575,75.05029831676245,77.15537045290742,1065127,76.31333923339844,78.67925605773925,74.75742060343424,45.17609189323821,0.13665271636730836,0.7686401880168974,-0.631987471649589,84.18750325247356,78.67925605773925,73.17100886300494,2483795.1,0.42883046190082263,2.854733125746188,-4.640368604556033,0.4427055244088818,-4.434260881041652,-6.345966382352552,-8.384888249448064
2024-08-05,67.72831726074219,72.30455491349504,67.72831726074219,72.30455491349504,2125497,74.9953826904297,78.17586975097656,74.66284510294597,33.17762850266358,-0.647089329445933,0.4854942845243314,-1.1325836139702643,85.54856160323796,78.17586975097656,70.80317789871516,2421885.0,0.8776209440167473,3.474772411779509,-9.97566673106186,-0.3900105801548759,-8.351980222953914,-13.602142054058708,-16.07543971754105
2024-08-06,68.82661437988281,70.47406279681846,64.15885317561154,70.01643901242353,2512550,73.58590087890624,77.69078826904297,74.6033541361491,35.86224913240352,-1.1661445600582567,0.1551665156078138,-1.3213110756660704,86.16082346367669,77.69078826904297,69.22075307440925,2392537.1,1.050161353819759,3.8534973730364968,1.6216217434022129,0.2764724507885674,3.379268306975858,7.70720509609637,14.851242221095905
2024-08-07,73.31132507324219,74.13504923912267,69.28423458221444,69.28423458221444,1961160,72.79878692626953,77.51231460571289,74.6338623046875,45.49210374523645,-1.2017676676482552,-0.11622032104340001,-1.085547346604855,86.20179601680329,77.51231460571289,68.82283319462249,2390585.1,0.8203682019100679,4.0474890378636115,6.515954233352783,0.3029438503285631,3.8742452023632135,3.52390512129519,2.1013971344929328
2024-08-08,73.95201110839844,74.95878210227224,72.02998550407499,72.3960859516978,1182260,71.81032257080078,77.29723167419434,74.67962481180827,46.72277791514244,-1.16487329423596,-0.32595091568191203,-0.838922378554048,86.12135655260013,77.29723167419434,68.47310679578854,2322639.1,0.5090158001731737,3.898330045908097,0.8739250511652363,-0.3905008009258193,-1.9965912706408795,-2.744013067621265,-2.1561608506449392
2024-08-09,75.8740234375,77.33841812375982,74.95877588573953,74.95877588573953,1632220,71.93845825195312,77.1096061706543,74.74826838175456,50.34474481901881,-0.9693696159448706,-0.45463465573450373,-0.5147349602103668,85.88463548462694,77.1096061706543,68.33457685668166,2236474.6,0.729818259505384,3.830073641835202,2.5989994055527266,-0.7344664716750882,2.86965755714923,-1.3214182587632295,-1.4913755215698377
2024-08-12,75.69097137451172,76.88079601064757,75.23334758873405,76.4231722248699,1492205,73.53098907470704,76.83503189086915,74.8214880625407,49.996132717074914,-0.8197527150042561,-0.5276582675884542,-0.2920944474158018,85.41495954100064,76.83503189086915,68.25510424073765,2009721.1,0.7424935728644139,3.539056945845645,-0.24125788339017795,0.07652887976525857,1.417205112604214,-1.3214182587632295,-1.4913755215698377
2024-08-13,75.78250122070312,76.33164836347653,75.14182373514684,75.96554794069934,812108,74.92216644287109,76.5879150390625,74.89013163248698,50.18189106574444,-0.6858880588445828,-0.55930422583968,-0.12658383300490283,84.97873577885805,76.5879150390625,68.19709429926694,1939318.35,0.4187595089790183,3.225825970176851,0.12092571218107473,-0.604294595055821,0.10706043617687566,4.650745742414153,8.541414359390886
2024-08-14,75.05029296875,76.69774121727522,74.95876961778396,76.33164083062694,976190,75.26996002197265,76.25384941101075,74.9511479695638,48.625685186415815,-0.6316017294297751,-0.573763726557699,-0.05783800287207608,84.30765045092411,76.25384941101075,68.20004837109738,1842255.7,0.5298884405677236,3.027578720752106,-0.9661969981971108,0.20472686912957894,1.0583302060494848,1.954001622606505,0.30185217790239527
2024-08-15,75.05029296875,75.50791670636433,74.50114588016963,74.95876961778396,2203329,75.48961639404297,75.81910667419433,75.02894376118978,48.625685186415815,-0.5818719644531711,-0.5753853741367935,-0.006486590316377661,83.06881231162527,75.81910667419433,68.5694010367634,1634260.4,1.3482117048176656,2.7581376681444514,0.0,-0.9596021142668665,-0.5996212787569899,-1.8147995606690892,-0.4358545742575104
2024-08-16,75.32488250732422,76.33165350062903,75.14182879222363,75.69097597195488,1056730,75.37978820800781,75.42097434997558,75.10826530456544,49.309386339268535,-0.5143742997624088,-0.5631831592619165,0.04880885949950775,81.76129378161637,75.42097434997558,69.08065491833479,1580547.7,0.6685846937741898,2.5612340499757287,0.36587403954380093,1.398656718686797,2.0742481463743134,6.546906724631696,6.524903499203916
2024-08-19,75.32488250732422,76.14859978552845,75.05030542606598,75.50792923963955,3723060,75.30657043457032,75.07318077087402,75.18453610738119,49.309386339268535,-0.4556296986541213,-0.5416724671403575,0.08604276848623627,80.53080292416679,75.07318077087402,69.61555861758124,1641895.9,2.267537180645862,2.366175424573961,0.0,-0.9462871123850913,0.2698102405719105,-4.588195024715347,-3.796475448736092
2024-08-20,75.1353759765625,76.6513467494331,75.04062192992403,75.79861093071875,2195302,75.1771453857422,74.86692733764649,75.27290255228678,48.789680253890694,-0.41952969512684035,-0.5172439127376541,0.09771421761081378,79.9577171202114,74.86692733764649,69.77613755508158,1609678.85,1.3638136576125106,2.265448677231976,-0.25158556436286617,-0.7001673407422859,0.08687670993854368,0.5097658636851854,1.3425588064488014
2024-08-21,74.47213745117188,75.23012648919304,73.80890246444275,74.85113197018246,1392100,75.06151428222657,74.80140914916993,75.31970672607422,46.92558480847967,-0.43937316794857395,-0.5016697637798381,0.06229659583126412,79.87628843230713,74.80140914916993,69.72652986603272,1562758.85,0.8907964271007007,2.1528853902344176,-0.8827247042691444,-0.0485705808362491,-0.8525040581436327,-0.9974608710138333,-0.9333701081062906
2024-08-22,73.05091094970703,74.75638261307284,73.05091094970703,74.47213492627222,1351050,74.66163787841796,74.63279609680175,75.32604420979818,43.123414631668936,-0.5632871405844639,-0.5139932391407633,-0.049293901443700605,79.70488526961049,74.63279609680175,69.56070692399302,1578689.5,0.8558047671818936,2.0932302266519374,-1.9084003093058577,-0.6270599155635659,-0.40049008413989284,-0.3756934793170852,0.010135611798389732
2024-08-23,73.71415710449219,73.90365075339778,71.81919170055892,72.86142122697835,1714431,74.33949279785156,74.49276962280274,75.34801228841145,45.34886134195038,-0.6010429855376032,-0.5314031884201313,-0.06963979711747181,79.50032514079818,74.49276962280274,69.4852141048073,1607286.75,1.0666615649012225,2.0920607368101947,0.9079231814669297,1.0727248962346891,0.041630655400193284,0.017143358170113032,1.1750423825896528
2024-08-26,73.33515930175781,74.8511301114355,73.33515930175781,74.47213560183631,815201,73.94154815673828,74.44362258911133,75.36518898010254,44.282600558879935,-0.6540077259835329,-0.5559240959328117,-0.09808363005072118,79.47762072419032,74.44362258911133,69.40962445403234,1578939.7,0.5162964741465428,2.01524874652586,-0.5141452030674842,-0.8756060974664415,0.3703771608125628,-2.6563725289228235,-3.5542730349078178
2024-08-27,74.28264617919922,74.47213983039883,73.33516346576229,73.42991029136209,557602,73.77100219726563,74.36405372619629,75.43476702372233,47.59965350052827,-0.6124682392323706,-0.5672329245927235,-0.04523531463964714,79.35296025236359,74.36405372619629,69.37514720002899,1560109.8,0.35741202317939413,1.8981463174745477,1.2919953900184522,0.17163104694757347,-0.24783653485163093,0.8098498154055722,-0.4256174048878347
2024-08-28,74.28264617919922,74.75638753591768,73.99839847368037,74.47213983039883,568182,73.7331039428711,74.21584129333496,75.49214172363281,47.59965350052827,-0.57294336227082,-0.5683750121283428,-0.00456835014247714,79.01672192240491,74.21584129333496,69.41496066426501,1521978.4,0.3733180444610778,1.7461253501095833,0.0,-0.35839014234928523,0.8368724645030357,0.4191475608481321,-1.0946610981550253
2024-08-29,75.70386505126953,75.70386505126953,73.524652068509,74.18789425960604,790000,74.2636947631836,74.05631790161132,75.5716781616211,52.51726709888312,-0.42207372400449117,-0.5391147545035726,0.11704103049908143,78.39214507924757,74.05631790161132,69.72049072397508,1506315.2,0.5244586259237111,1.8038703677963766,1.9132582711738122,0.9086610177773791,-0.7546069078691819,1.2869640342281663,0.2319025066735536
2024-08-30,76.27235412597656,77.5988312956504,76.08286048547417,76.08286048547417,1134035,74.77533416748047,74.10826835632324,75.67899424235026,54.362241678820986,-0.2537115031752961,-0.48203410423791737,0.22832260106262126,78.52757013329665,74.10826835632324,69.68896657934982,1509760.6,0.7511356436245588,1.8160164846743088,0.75093797961574,-0.39083263225860865,0.29835457649001196,4.155212313371526,3.5545283251600557
2024-09-02,75.98810577392578,77.1250892931833,75.98810577392578,76.55660114791401,626226,75.30592346191406,74.52125778198243,75.78157285054525,53.248153042861716,-0.1415875633368131,-0.4139447960576965,0.2723572327208834,77.83589490116334,74.52125778198243,71.20662066280151,1434797.05,0.43645615245724123,1.7254787559520692,-0.3726754671572019,0.4331737370221411,-0.14815026617228666,2.3079412528011156,2.721636446894493
2024-09-03,74.56688690185547,76.55660638960893,74.56688690185547,76.36710550906508,781000,75.3627716064453,74.80827140808105,75.86351534525554,47.956212490814664,-0.16550122347651097,-0.36425608154145944,0.19875485806494847,76.76102781132637,74.80827140808105,72.85551500483574,1348219.55,0.5792825063247302,1.7607108535255882,-1.870317541930333,-0.203152061097156,-0.642626632600074,-0.6445397829794919,-2.3727121647090343
2024-09-04,70.30321502685547,72.10343364301517,69.63998001345324,71.06120409536044,1661028,74.56688537597657,74.65786590576172,75.83321050008138,36.300668992903006,-0.5224729161959232,-0.3958994484723522,-0.12657346772357098,77.39994432705765,74.65786590576172,71.9157874844658,1333212.95,1.2458834877053961,2.1828703248424737,-5.717915890215208,0.15659122730726782,-4.5240421627673495,-4.508590235860444,-6.45063491087825
2024-09-05,69.63997650146484,71.44019502683837,69.26098198632529,71.44019502683837,745215,73.35410766601562,74.44226417541503,75.81778361002604,34.880496912010216,-0.8491054020762476,-0.4865406391931313,-0.36256476288311634,77.98052193228604,74.44226417541503,70.90400641854403,1311360.7,0.5682761424831475,2.1823826869318874,-0.9433971478221448,-0.08130132213054475,0.4502065283094936,-1.6983710861986911,-0.3896927644905679
2024-09-06,70.20846557617188,70.68220691909978,69.16623606747432,69.82947105608571,596030,72.14132995605469,74.15898628234864,75.8087807973226,37.15019119517279,-1.0499880742044212,-0.5992301261953893,-0.4507579480090319,78.09897590248352,74.15898628234864,70.21899666221375,1259551.2,0.4732082348061754,2.0935277755576984,0.8163257704359994,0.16272898106874933,1.1680285631374687,-2.1769134126565337,-0.6520334260308847
2024-09-09,69.54522705078125,69.63997386880456,68.78723804915705,68.78723804915705,722001,70.85275421142578,73.85169906616211,75.72923291524252,35.591586642684305,-1.2483170236328078,-0.729047505682873,-0.5192695179499348,78.22357084985026,73.85169906616211,69.47982728247396,1221041.0,0.591299555051796,2.003887742418648,-0.9446703042826798,0.05905528468521659,-1.3564144167506398,-1.571892359339766,-0.0875023861931834
2024-09-10,69.54522705078125,71.81918682693497,69.07148573194584,70.58745650647536,1165000,69.84842224121094,73.53983535766602,75.66341361999511,35.591586642684305,-1.3894771176449865,-0.8611334280752958,-0.5283436895696907,78.21137344648322,73.53983535766602,68.86829726884882,1238685.6,0.9405130728895209,2.103062856094712,0.0,0.2563547314850423,-0.3800496824621358,-3.0863042946564834,-2.145834661597845
2024-09-11,69.73472595214844,70.68220866135893,69.63997912697127,69.92422683122219,319127,69.73472442626954,73.27405700683593,75.6022782643636,36.474723016995505,-1.4691214143529265,-0.9827310253308219,-0.48639038902210463,78.18259170737132,73.27405700683593,68.36552230630055,1205832.45,0.2646528545487393,1.9742520233591074,0.2724829717340782,0.1557220455938646,-0.15704496945657676,-2.018142113188559,-2.573275842574674
2024-09-12,71.06119537353516,71.2506890030438,70.58745407104492,70.87170174402651,652061,70.01896820068359,73.0746021270752,75.56935221354166,42.425709904012116,-1.4089634432373828,-1.0679775089121342,-0.3409859343252486,78.00338405708891,73.0746021270752,68.14582019706148,1128269.05,0.5779304147357406,1.9131468270306085,1.9021648157002025,-0.1585997292772645,2.9587275926014067,5.328792919000325,4.788699601139346
2024-09-13,70.8717041015625,71.34544541981165,70.68220323703153,71.25069137318675,454769,70.15161590576172,72.85194320678711,75.55157305399577,41.82296452283477,-1.3608906790935436,-1.126560142948416,-0.23433053614512755,77.7549753892365,72.85194320678711,67.94891102433772,1098171.0,0.4141149238142329,1.7464928744638772,-0.2666592800424916,-0.5730778859112329,0.4913830054379842,-2.1707939093109974,-1.7095964089926863
2024-09-16,71.34544372558594,71.44019054124207,70.87170241858661,70.96644923424275,384053,70.51165924072265,72.6529712677002,75.53253707885742,43.96629574302025,-1.2699269117756415,-1.155233496713861,-0.11469341506178043,77.45540501511526,72.6529712677002,67.85053752028513,931220.65,0.4124189041555296,1.5894255742227559,0.6684467800358584,0.04698615258813543,0.41558428502583844,-2.1707939093109974,-1.7095964089926863
2024-09-18,69.92422485351562,71.15594800342011,69.92422485351562,71.06120118092271,641092,70.58745880126953,72.39241371154785,75.42117042541504,39.289771943061254,-1.2975604865860078,-1.1836988946882905,-0.11386159189771727,77.19322342548833,72.39241371154785,67.59160399760736,853510.15,0.7511240493156408,1.5669980139357635,-1.992024715042362,0.24009018886061995,-0.7837052942722855,0.3795128173826212,1.1862720492998857
2024-09-19,70.77694702148438,70.8717010640482,69.82946442559452,70.01896528200362,298000,70.79590301513672,72.20765419006348,75.29960912068685,43.19394594981283,-1.2364002883620344,-1.1942391734230393,-0.0421611149389951,76.95558861624852,72.20765419006348,67.45971976387844,798805.15,0.3730571842207076,1.4970298305381515,1.2194946311598232,-0.5025171841719578,1.6783629197754113,0.7750429865840402,3.2849670457804736
2024-09-20,70.58745574951172,71.53493837702194,70.58745574951172,71.25069069728136,600003,70.70115509033204,72.08448143005371,75.17946599324544,42.539274025736795,-1.1895088352286791,-1.1932931057841674,0.003784270555488245,76.86798854900098,72.08448143005371,67.30097431110644,761252.8,0.788178381741256,1.423756870134428,-0.26773021435233524,-0.03461304571514834,0.5295654552418982,3.132621316657991,1.1463358296689874
2024-09-23,70.9664535522461,71.25069401650929,70.5874590378427,70.5874590378427,384219,70.72010498046875,71.94709625244141,75.06563949584961,44.355845734952695,-1.1089814180516129,-1.1764307682376565,0.06744935018604359,76.69119766448848,71.94709625244141,67.20299484039434,694742.2,0.5530382349020976,1.32235438971618,0.5369194833700908,0.6956707184216482,0.5691005244930158,3.132621316657991,1.1463358296689874
2024-09-24,70.68220520019531,71.15594653160241,70.30321068932582,71.0611997110648,547050,70.58745727539062,71.81444854736328,74.97605845133464,43.251441729484526,-1.0559272541243274,-1.1523300654149908,0.09640281129066341,76.54346732973049,71.81444854736328,67.08542976499608,681334.65,0.8029094072934644,1.259738583390901,-0.40053904038126475,-0.17505941198043828,0.6562554474329074,2.000727641681843,4.2111090314436606
2024-09-25,71.62969207763672,71.91393978469348,71.25069754446753,71.34545159929944,709000,70.92855072021484,71.68180084228516,74.85040486653646,47.90743931721304,-0.9267442436831317,-1.1072129010686191,0.18046865738548745,76.26592483456821,71.68180084228516,67.0976768500021,688904.55,1.0291701513656717,1.2560047168718702,1.3404885639289432,-0.7296520762731573,1.4703261303304016,-0.10698721444701853,0.7889896752783399
2024-09-26,71.72443389892578,73.42990556482214,71.62968707942464,72.48242291237283,1197035,71.11804809570313,71.55389022827148,74.77666880289713,48.3636512580254,-0.8074135432781304,-1.0472530295105216,0.23983948623239115,75.97221604352856,71.55389022827148,67.13556441301441,720347.2,1.661747279645149,1.3285665526752868,0.13226612950727468,0.5141959081656822,0.4270830660774827,4.0164174302636635,1.4810164853980012
2024-09-27,71.9139404296875,72.76667632978648,71.72443954704354,72.67192227410473,446125,71.38334503173829,71.36439399719238,74.72592150370279,49.31973720648782,-0.6896022052558664,-0.9757228646595906,0.2861206594037242,75.33578598385087,71.36439399719238,67.39300201053389,703153.45,0.6344632170972069,1.2903900031000082,0.26421474588251836,-1.264795450138878,-0.1575824966969841,3.169941822499056,3.4600374718658067
2024-09-30,71.25069427490234,72.29293100047113,71.15594745313767,71.91393648469331,368210,71.44019317626953,71.11331100463867,74.63361180623373,46.102375026524435,-0.6423496854747697,-0.9090482288226264,0.2666985433478567,74.34410965443256,71.11331100463867,67.88251235484479,664862.2,0.5538140083764727,1.2699358089978015,-0.9222775873804823,0.36554889324060813,-2.6212834827579523,-5.75890755647972,-7.485402937969776
2024-10-01,70.9664535522461,71.62968853091267,70.5874590378427,71.44019488807054,445042,71.49704284667969,70.86222839355469,74.5197853088379,44.75491413853335,-0.6206827297843773,-0.8513751290149767,0.23069239923059937,73.1369349965235,70.86222839355469,68.58752179058588,655803.0,0.6786214762665007,1.2395749668740903,-0.39893046032587476,0.015832654460190554,0.7462542284165874,3.0643196006294726,6.829399729879615
2024-10-04,69.63997650146484,71.06120051169881,69.63997650146484,70.68220599655926,627150,71.0990997314453,70.61588287353516,74.3716475168864,39.02286222743129,-0.7024497203481417,-0.8215900472816098,0.1191403269334681,72.14686541566606,70.61588287353516,69.08490033140426,648110.5,0.9676590643107926,1.2637948393220744,-1.869160687034599,0.6475584055064321,-0.3915951667323836,-1.0086757878815633,-0.9136064725488557
2024-10-07,71.8191909790039,72.10343144950657,69.92422559410902,69.92422559410902,1027046,71.11805114746093,70.69168167114258,74.28728739420573,50.28755662183571,-0.5846665811816223,-0.7742053540616123,0.18953877287999,72.30536271283023,70.69168167114258,69.07800062945492,616411.4,1.666169704194309,1.423749520484695,3.129257916238992,1.005679869258036,1.792829627283954,1.9306458466707976,3.398321380698466
2024-10-08,71.9139404296875,71.9139404296875,70.68220999302015,71.62969272008134,465005,71.11805114746093,70.80537986755371,74.18162523905436,50.71387928882019,-0.47816511618259483,-0.7149973064858088,0.236832190303214,72.42747260336755,70.80537986755371,69.18328713173987,602400.9,0.7719194974642302,1.3981469759757157,0.13192776107890936,-0.6747083567230305,-0.4015843133057917,-2.051909629379778,-2.1401256335448426
2024-10-09,70.77694702148438,72.67191221326408,70.77694702148438,72.67191221326408,561060,71.02330169677734,70.83380393981933,74.03413213094076,45.65423155263611,-0.4799749511974767,-0.6679928354281424,0.18801788423066568,72.4315965753869,70.83380393981933,69.23601130425176,600652.4,0.9340843389621019,1.4643894047495807,-1.581047292652249,0.1500498127376071,0.2109089790889307,2.757378816173328,-0.2863911321917767
2024-10-11,70.77694702148438,71.53493598968367,70.39795976610327,71.2506883194293,467006,70.985400390625,70.8953899383545,73.86070696512859,45.65423155263611,-0.47592311309006163,-0.6295788909605262,0.15365577787046458,72.37460856642096,70.8953899383545,69.41617131028804,587902.65,0.79435940627245,1.4207343139270239,0.0,-0.09929871833751491,1.070478351454196,-1.0234201509584762,-0.6319109899102338
2024-10-14,71.06119537353516,71.34544304651673,70.77694770055358,71.15594218828949,300014,71.26964416503907,70.97118835449218,73.6996462504069,47.182093134327296,-0.4446498886190682,-0.5925930904922346,0.14794320187316645,72.30756684108353,70.97118835449218,69.63480986790084,544653.35,0.5508347649013818,1.3071025420744022,0.4016114907647861,-0.20343946585824613,0.3215858580000841,-1.0234201509584762,-0.6319109899102338
2024-10-15,71.15594482421875,71.91393382776981,71.15594482421875,71.2506916424829,337138,71.13699493408203,71.0422492980957,73.52338523864746,47.70981114377884,-0.4075224786386258,-0.5555789681215129,0.14805648948288708,72.24639677628531,71.0422492980957,69.83810181990609,545553.9,0.617973769411235,1.246520663695769,0.13333500820742472,0.06846983628858716,1.3786551243744505,0.508238887300605,0.1324797741563799
2024-10-16,72.67191314697266,72.67191314697266,70.58745430072071,71.15594241981499,1507022,71.28858947753906,71.12278518676757,73.33883132934571,55.38968562474997,-0.2528579752303983,-0.49503476954328995,0.24217679431289163,72.5305148018139,71.12278518676757,69.71505557172125,588301.95,2.561647126955809,1.3582457547032596,2.130487236869527,0.05909743352694452,-1.2066723441250926,-2.1447183716248652,-1.9317253044048743
2024-10-17,72.29293060302734,72.67191788800247,72.10342973182068,72.67191788800247,516001,71.59178619384765,71.19384651184082,73.15558802286783,53.28282914785107,-0.15903273560728337,-0.42783436275608866,0.2688016271488053,72.68898192366602,71.19384651184082,69.69871110001561,591363.55,0.8725613879989728,1.2529447415670631,-0.5214979591618207,-0.11191169434519033,0.1862561878152258,0.017809110950661733,-1.5110596237851937
2024-10-18,71.44019317626953,72.2929290060647,71.44019317626953,72.2929290060647,723005,71.72443542480468,71.198583984375,72.97491200764973,48.78623058954737,-0.1517352316484022,-0.3726145365345514,0.2208793048861492,72.6963400684087,71.198583984375,69.70082790034131,608311.15,1.1885447110413807,1.199583766259163,-1.1795585261861086,-0.20848772856875142,1.8800759024857339,-0.8195224252875999,-0.1917795097714392
2024-10-21,72.76667022705078,72.95616386508291,71.25069220791808,71.34544625565307,710700,72.0655303955078,71.34070625305176,72.86668243408204,55.12967521407807,-0.03847280447700996,-0.30578619012304314,0.2673133856460332,72.86844807468691,71.34070625305176,69.81296443141662,611791.55,1.1616701799820544,1.267035485046586,1.8567657670078397,-0.08108075314693375,0.23527539270360442,1.6346351120187341,-1.2627036443613626
2024-10-22,73.33515930175781,73.52465294219789,72.76667115171857,72.76667115171857,586880,72.50137329101562,71.46861686706544,72.82589340209961,57.55606789814181,0.09605355672482574,-0.22541824075346936,0.32147179747829513,73.21092462815885,71.46861686706544,69.72630910597202,626235.55,0.9371553563191997,1.1991617823933223,0.7812492627918832,0.028084610514422792,-0.030156527726787896,-0.5302237709548852,0.16680553763983585
2024-10-23,73.71415710449219,74.09314440230337,73.24041575350887,73.33516257796167,642646,72.70982208251954,71.62495193481445,72.78074315388997,59.142329210367926,0.230590518491681,-0.13421648890443932,0.3648070073961203,73.58220379784733,71.62495193481445,69.66770007178157,628367.7,1.0227228420556946,1.1529706979134788,0.5168023173916847,-0.11543711676430535,-0.852629098085167,-0.7285009475968884,0.27754858718704867
2024-10-24,72.76667022705078,73.99839333169744,72.67191617931579,73.99839333169744,615020,72.80457000732422,71.71496276855468,72.71827621459961,53.735511775323815,0.25778615907161395,-0.055815959309228676,0.3136021183808426,73.70992099780008,71.71496276855468,69.72000453930929,639907.75,0.961107284604695,1.1761048918425692,-1.2853526576968255,-0.03123109124840706,-0.6095637401184573,-0.39377025633786644,1.4669180033243912
2024-10-25,72.76667022705078,73.52465200789821,72.48242254128367,72.86141704606685,374185,73.06986541748047,71.81918601989746,72.69241905212402,53.735511775323815,0.2761555508755862,0.010578342727734294,0.2655772081478519,73.80474322706306,71.81918601989746,69.83362881273186,631264.5,0.5927547010801336,1.158254835145499,0.0,-0.06311938616798685,0.6723275032274767,-0.9703487581335435,0.190949365408577
2024-10-28,72.19818115234375,73.42991159313578,72.19818115234375,72.8614234007393,413114,72.95616760253907,71.84761047363281,72.63115501403809,50.521567214259974,0.2420508968892392,0.056872853560035276,0.18517804332920393,73.83801631025936,71.84761047363281,69.85720463700626,616470.2,0.6701280937829599,1.168051582565037,-0.7812492627918832,0.25012638112038577,-0.6440637870254728,0.7802656493707261,1.1979344309869466
2024-10-29,70.49271392822266,72.19817844137363,70.30321305205969,72.19817844137363,779019,72.38767852783204,71.78602447509766,72.51858533223471,42.34004292968431,0.07652364415650936,0.060803011679330096,0.015720632477179267,73.86665512846179,71.78602447509766,69.70539382173354,595569.4,1.3080238843701506,1.2649737849275735,-2.362202477819253,-0.15593671303683054,-1.170271773009135,0.25206743782251184,0.6187724400655181
2024-10-30,68.40824890136719,70.58746203002346,68.31350207592983,70.58746203002346,1548200,71.32649688720703,71.61073989868164,72.34381726582845,34.90080043030288,-0.22031712459015296,0.004578984425433488,-0.22489610901558643,74.17943300403708,71.61073989868164,69.04204679332621,650673.15,2.379382029210826,1.399505274149714,-2.956993582312517,-0.033745516386241015,-0.4630438149480831,-1.1135061342367525,0.8288819451965468
2024-11-01,69.1662368774414,69.54523140196576,67.17652465958763,67.555519184112,562100,70.60641021728516,71.50651702880859,72.24269879659018,39.091691271764304,-0.38990766469527216,-0.07431834539870764,-0.31558931929656453,74.29635155767589,71.50651702880859,68.71668249994129,660367.65,0.8511925137459413,1.5287321365801705,1.1080359287768182,-0.008469656393517155,-0.17681353912938347,-2.899888706551057,0.2985083566209523
2024-11-04,68.21875762939453,69.3557340317299,68.21875762939453,69.26098720298856,388189,69.6968276977539,71.36913223266602,72.25087280273438,35.9741427102734,-0.5939167439415485,-0.17823802510727582,-0.41567871883427265,74.5184108796675,71.36913223266602,68.21985358566454,657525.0,0.5903790730390479,1.476498038680863,-1.369858027299875,0.18830568818823945,0.8134762750590552,-2.899888706551057,0.2985083566209523
2024-11-05,68.12400817871094,69.07149088709713,68.02926135361619,68.21875500380568,329370,68.88199310302734,71.29333381652832,72.23916269938151,35.66780754141254,-0.7545429958962444,-0.29349901926506955,-0.46104397663117486,74.68174234121223,71.29333381652832,67.9049252918444,642636.0,0.5125296435307078,1.4185955713208727,-0.1388906130456502,-0.03382976410999383,0.6157022965944003,6.581708534230013,6.0606056493433424
2024-11-06,68.97673797607422,69.26097842627945,68.40824261822624,68.59774348041516,316051,68.57879791259765,71.15121116638184,72.16691958109537,40.57251572447158,-0.803766964493903,-0.3955526083108363,-0.4082143561830667,74.68219722657894,71.15121116638184,67.62022510618475,607086.25,0.5206031268209418,1.3810455281538914,1.251731687786628,-0.2810876692411757,0.47861170401419795,-1.517042985209549,5.892861964262153
2024-11-07,70.30321502685547,70.58746273472471,68.976745000051,68.976745000051,570050,68.95779113769531,71.07067489624023,72.10610631306966,47.3029640444133,-0.7273571812588955,-0.4619135229004481,-0.26544365835844735,74.60188810224024,71.07067489624023,67.53946169024023,612338.5,0.9309393415569983,1.411669425553438,1.923078837450043,1.6098729025626257,0.8245523226092066,0.6524152487077162,-1.469523150712937
2024-11-08,69.92422485351562,71.06120118092271,69.92422485351562,70.68220666221396,542277,69.10938873291016,71.0280387878418,72.00694300333659,45.71008935842352,-0.6894358300875325,-0.507417984337865,-0.1820178457496675,74.59459932281854,71.0280387878418,67.46147825286505,611399.35,0.8869440243925677,1.3750436791339242,-0.5390794335580096,-0.9296486058043341,0.6197250034959412,-2.7007705384617386,-0.07335263485093169
2024-11-11,70.58745574951172,70.68220256651898,69.92422080174207,70.1137144357566,312150,69.5831283569336,71.01856422424316,71.92188440958658,48.94984183627749,-0.5989612432488798,-0.525726636120068,-0.0732346071288118,74.58893801352862,71.01856422424316,67.44819043495771,603656.55,0.5170986714216883,1.2927687572196565,0.9484994612174891,0.627458984621776,-0.1029553901989333,-0.38859158412376527,-0.7585070390935811
2024-11-12,70.01897430419922,70.49271566318741,69.82947342337226,70.49271566318741,547255,69.96212158203124,70.96645317077636,71.82582562764486,46.39424108423605,-0.5665997734914185,-0.5339012635943381,-0.03269850989708045,74.56452294812772,70.96645317077636,67.368383393425,616018.6,0.8883741497415825,1.2214638997422962,-0.8053576081985869,0.4336932611868294,-2.3284295008224376,-1.7276711600911487,2.1203118162355095
2024-11-13,70.01897430419922,70.77695614134865,69.45048611915728,70.58746248924116,576000,70.17056884765626,70.90960464477538,71.74197031656901,46.39424108423605,-0.5347883681430687,-0.5340786845040842,-0.0007096836389844929,74.53092101202117,70.90960464477538,67.2882882775296,627961.7,0.9172533930015159,1.23546471606884,0.0,0.1235439255507842,-0.5288498883201043,-1.7769279992892684,-2.6557178182045393
2024-11-14,72.29293060302734,73.05091240169669,70.11371757082487,70.20846439206865,2147302,70.56851196289062,70.89065551757812,71.69601427714029,56.84616612349512,-0.32237222480814864,-0.4917373925648972,0.16936516775674854,74.47694097784321,70.89065551757812,67.30437005731304,659975.7,3.253607670706664,1.4749945002593243,3.2476286912585417,-0.020971256315938103,-0.6336314481737659,0.5581140134859996,-1.7609123111836489
2024-11-15,71.8191909790039,75.60912174879368,71.8191909790039,72.29293232522762,2461400,70.94750518798828,70.86696853637696,71.63758608500163,54.46366044593546,-0.1900667580170392,-0.4314032656553256,0.2413365076382864,74.42036387007066,70.86696853637696,67.31357320268326,757245.65,3.2504643638428297,1.7836526695300514,-0.655305601905698,0.3986669276656585,0.12057324525860391,0.8229653195100939,0.4039401817746757
2024-11-18,71.44019317626953,72.67191628266792,71.44019317626953,71.81918768159171,856000,71.11805267333985,70.86696853637696,71.57284126281738,52.56557462421265,-0.11447606877754879,-0.36801782627977025,0.25354175750222147,74.42036387007066,70.86696853637696,67.31357320268326,763895.4,1.1205722668312965,1.7100620611124966,-0.5277110443156818,-0.23173876056459264,-0.8628257366824488,-0.9870824486651553,-1.7601213346177258
2024-11-19,72.19818115234375,72.57717569018126,71.3454524781088,72.00868749778478,587053,71.55389404296875,70.8385440826416,71.52388801574708,55.87749216486902,0.006518253575862332,-0.29311061030864377,0.2996288638845061,74.33661991198306,70.8385440826416,67.34046825330014,757713.05,0.7747695516132392,1.6462835479071594,1.0610105353494603,-0.06007286302424086,1.3406124900682936,-1.1503090393315651,-2.1499854312588162
2024-11-20,71.62969207763672,71.62969207763672,71.62969207763672,71.62969207763672,601504,71.87603759765625,70.75327072143554,71.47651392618815,52.89457305065573,0.0558905371686933,-0.2233103808131764,0.2792009179818697,74.07373155144388,70.75327072143554,67.4328098914272,758444.25,0.7930760896400757,1.5025776181471424,-0.7874008259397547,-0.36001887929690835,-0.7021874267539641,-0.6594331081660632,0.36620205628161706
2024-11-21,73.52465057373047,73.903645071121,71.6296853154966,71.81918617855126,796668,72.12238159179688,70.74379539489746,71.48440958658854,60.46980287978004,0.24510037685524821,-0.12962822927949147,0.3747286061347397,74.02958098752038,70.74379539489746,67.45800980227455,766145.35,1.0398392419923974,1.6054285698107773,2.645493008737043,0.45165552347810056,-0.5848779832719808,0.35142792700151304,-1.902525372789754
2024-11-22,73.90364837646484,74.4721365336169,73.61940068352926,73.71415473365386,1148100,72.53927307128906,70.80064430236817,71.48756777445475,61.79319122938804,0.4207819805103554,-0.01954618732152208,0.4403281678318775,74.26811267588062,70.80064430236817,67.33317592885572,792799.35,1.4481596131480179,1.5177028884875319,0.5154703895591028,0.10408579018676978,1.5457767754733176,-0.31128861222278204,-0.345375856193364
2024-11-25,75.2301254272461,75.5143658909523,74.56688322116008,74.56688322116008,1225255,73.29725952148438,70.92381706237794,71.51915054321289,66.07411281249631,0.6594448594419475,0.11625202203117185,0.5431928374107757,74.832308894252,70.92381706237794,67.01532523050388,835352.85,1.466751445212643,1.530104838620856,1.7948735683848582,0.194435698150075,0.19231667879251457,0.05855502149658687,1.1996690263859522
2024-11-26,74.85112762451172,75.3248689385909,74.66163399036755,75.23012212151882,748008,73.82784881591797,71.05646438598633,71.5286252339681,63.872053454799165,0.8086829614130409,0.25473820990754564,0.5539447515054952,75.31174774145023,71.05646438598633,66.80118103052243,852097.55,0.8778431530521358,1.414522186567855,-0.5037846216286002,-0.7261611146034852,-1.1748520051593436,-1.4823553039917114,-2.6080031735091325
2024-11-27,72.67191314697266,75.32486734103753,72.67191314697266,75.04061966713107,814305,74.03629302978516,71.16542434692383,71.501779683431,52.945677125261156,0.7425511688925468,0.3523008017045459,0.3902503671880009,75.47122796350341,71.16542434692383,66.85962073034425,853861.85,0.9536730092813024,1.5796464542341244,-2.9113983271848887,0.22577646053867362,-1.5167516755981714,-0.6731214740465785,1.271301165009464
2024-11-28,71.9139404296875,72.9561699837109,70.96645770262631,72.57717544714251,853004,73.71415100097656,71.34070892333985,71.4386142730713,49.75736430973577,0.6218113292837444,0.4062029072203856,0.21560842206335878,75.45508689539933,71.34070892333985,67.22633095128036,819102.05,1.0413891651229539,1.6343218978141851,-1.0430064167324504,0.030242115860379393,-0.16064141835966383,-0.7574383168564514,2.4305591840923624
2024-11-29,74.47213745117188,75.04062561532815,71.34544893395274,71.62968940167127,1507055,73.82784881591797,71.60600395202637,71.40861066182454,58.779490070739406,0.7242011167253679,0.4698025491213821,0.2543985676039858,75.8132255846158,71.60600395202637,67.39878231943695,866349.8,1.739545620025537,1.909102535622349,3.557303363157538,0.24526484448965657,-0.1632385004971093,0.8234693838280016,0.5997398304352641
2024-12-02,75.51436614990234,77.50408554626433,75.13537886366113,75.41961932834204,2991328,73.88469696044922,71.97078437805176,71.40071500142416,61.789917484312454,0.8793087823777768,0.551703795772661,0.3276049866051157,76.20644633706961,71.97078437805176,67.73512241903391,996506.75,3.001814087059621,2.0588152768850305,1.3994880963552392,-0.170188817196526,2.131071027512643,-0.6175401616571596,4.173144264827666
2024-12-03,77.50408935546875,80.0622898069241,76.46185258092375,76.65135346207714,4548186,74.41528930664063,72.43978843688964,71.44966837565104,66.77821236342518,1.1495356276221145,0.6712701621425518,0.4782654654795627,76.95034759930306,72.43978843688964,67.92922927447623,1207447.55,3.766777281547343,2.3906963942365937,2.6348936063591344,0.4701136177487131,1.2777945571064597,2.3451673368766857,1.8661374415923193
2024-12-04,85.17869567871094,85.17869567871094,77.50408729923751,77.97782864647316,11726694,76.91664581298828,73.24988632202148,71.69759305318196,78.45927904734225,1.9603710036405886,0.9290903304421592,1.0312806731984294,80.26567755324326,73.24988632202148,66.2340950907997,1777979.7,6.595516248020155,3.0952179922681715,9.902195338420118,-0.39120209053116195,0.9895539123634611,-1.135912937471506,-0.8060539073974082
2024-12-05,82.14674377441406,89.91610592779766,81.76775649318674,86.97891112597173,17219925,78.9632064819336,73.84206275939941,71.90603917439779,68.24963251250334,2.331435365663978,1.209559337486523,1.1218760281774551,81.75286873999056,73.84206275939941,65.93125677880826,2610473.45,6.596475823188318,3.7689688512472044,-3.559519055954108,-0.4651336042930887,0.054221440666024634,0.0,1.8714544768006824
2024-12-06,83.09422302246094,83.94695882764087,80.72551646847153,81.57825227365146,4868235,80.6876235961914,74.50056266784668,72.1208017985026,69.58172111728553,2.671168633581601,1.5018811967055388,1.1692874368760624,83.19223583467694,74.50056266784668,65.80888950101642,2826771.35,1.7221891682183632,3.6959653189701562,1.1533984239822992,0.03032821885522452,-0.3209133409747267,-0.5348793372351057,-1.9821130406072807
2024-12-09,82.99948120117188,84.42070521909852,81.86250487831823,84.32595839698057,6436377,82.18464660644531,75.12116394042968,72.34503936767578,69.26876854207502,2.899343001521558,1.7813735576687428,1.1179694438528152,84.38974026074737,75.12116394042968,65.85258762011199,3132982.7,2.0543927676332205,3.5442633218781743,-0.11401733820105564,0.20171769247800952,0.3448434410777468,-0.21906928145114524,-0.9124519868723202
2024-12-10,79.96754455566406,83.75747550874084,79.96754455566406,82.52574505750304,3672861,82.67733764648438,75.61859245300293,72.51874465942383,59.97268659685799,2.803207255376762,1.9857402972103468,0.8174669581664151,84.80166924226015,75.61859245300293,66.43551566374572,3289263.0,1.1166212613585476,3.577019006037988,-3.652958550619234,-0.05310753893845721,-0.6366533332259117,0.9580676437808577,0.1742210845651071
2024-12-11,80.72551727294922,82.1467412195062,79.58854100719115,79.96753550535011,2667306,81.78670196533203,76.15391960144044,72.70192451477051,61.368483928209876,2.756406904586626,2.139873618685603,0.6165332859010233,85.2099525001243,76.15391960144044,67.09788670275657,3393828.3,0.7859283865362311,3.441176500208262,0.94785043294352,0.472647811741278,-0.957614927178041,-0.5931111296767155,-0.39752348526578274
2024-12-12,78.35681915283203,81.1992673527469,78.35681915283203,80.72552598609442,2380288,81.02871704101562,76.45711402893066,72.82351824442546,54.922927365850136,2.499371943193708,2.211773283587224,0.2875986596064841,85.37383657426963,76.45711402893066,67.54039148359169,3405477.6,0.6989586423942415,3.3613460601691427,-2.9342619287382687,-0.1168319802240636,0.6250970544977807,0.5966499267977543,2.070341111587415
2024-12-13,76.55660247802734,78.92530914840296,76.27235478609464,78.54631463539904,2594300,79.7211929321289,76.69398460388183,72.91826655069987,50.57529141416902,2.125901376098682,2.1945989020895156,-0.06869752599083379,85.33952052363833,76.69398460388183,68.04844868412533,3412122.6,0.7603185184494836,3.2668938337877,-2.29746012442571,-0.06095614844506825,-0.11420375760532453,-1.423478674737788,-1.026392144058852
2024-12-16,74.47213745117188,77.50408637453737,73.7141556418699,77.12509185552678,2363315,78.0157241821289,76.84558181762695,72.97037811279297,46.03158806952343,1.642787324225523,2.084236586516717,-0.4414492622911941,85.2048159800418,76.84558181762695,68.4863476552121,3487488.35,0.6776553103037606,3.3366320869716697,-2.7227762980387427,0.09948574552680611,0.08435932473851437,-0.9225790870207029,0.12345772285153878
2024-12-17,76.6513442993164,77.12508560249053,75.04061953129323,75.32486720468515,1475300,77.35248413085938,77.06823997497558,73.08249677022299,50.98898607372492,1.4193978033879802,1.95126882989097,-0.5318710265029898,85.13849259130562,77.06823997497558,68.99798735864555,3531900.7,0.4177071003157025,3.245474228884601,2.9262042459481385,-0.2501633362811728,-0.0950118039959369,-0.3441333195324803,1.2083826953210197
2024-12-18,76.8408432006836,78.07257356492532,75.41961919365966,76.55660273651027,1214100,76.57554931640625,77.32879753112793,73.18356170654297,51.40699049052057,1.2433187714631941,1.8096788182054149,-0.5663600467422207,84.9856313331915,77.32879753112793,69.67196372906436,3562530.5,0.34079708229866384,3.166471581202076,0.2472218890607003,0.03948023999278405,0.6545316375484278,0.24375226690018792,0.14620482548035607
2024-12-19,77.03034210205078,77.88307070148039,75.60911813137618,75.60911813137618,1437046,76.31025390625,77.50408210754395,73.29094314575195,51.8492477226779,1.1063129605604018,1.6690056466764123,-0.5626926861160104,84.95189056385607,77.50408210754395,70.05627365123183,3594549.4,0.39978474075220666,3.0474690463890277,0.24661220969721676,0.7653556048109023,-1.0204294103727585,-1.9047618074468975,-2.87104581001264
2024-12-20,76.74609375,78.45156539148753,76.74609375,77.21983506944444,1485209,76.34815216064453,77.64620437622071,73.38727048238118,51.098003712176954,0.9636895882016319,1.5279424349814563,-0.5642528467798245,84.91096053646805,77.64620437622071,70.38144821597336,3611404.85,0.41125519339101513,2.8685360590688287,-0.36900829503548893,-0.14688883539788478,-1.840203207273594,0.8056318186964839,1.1523057140378157
2024-12-23,76.55660247802734,77.5988319672488,76.17760796502343,77.50408514617759,969080,76.76504516601562,77.71252822875977,73.48517710367838,50.571957058536455,0.8258492994075937,1.3875238078666838,-0.5616745084590902,84.90830268417677,77.71252822875977,70.51675377334276,3598596.1,0.26929390603185505,2.675561118156368,-0.24690673194380786,-0.042905113412716744,2.640082018191703,1.6393371476068896,0.9162933636882586
2024-12-24,75.89336395263672,77.40933484943227,75.89336395263672,77.21984119810261,927782,76.61344909667969,77.76464004516602,73.55623830159506,48.68282918786345,0.6555354665673292,1.241126139606813,-0.5855906730394838,84.88789314558815,77.76464004516602,70.64138694474389,3607584.8,0.2571753822668285,2.520949088641592,-0.8663374600263674,-0.024526060488960777,0.06795708770699349,-0.584679624845319,-2.159509415414518
2024-12-25,77.40933227539062,78.07257449042893,76.17760912526667,76.55660364404297,1074250,76.72714691162109,78.00151100158692,73.65098660786947,53.004146895722506,0.6355601592732114,1.1200129435400927,-0.4844527842668813,84.71499639854359,78.00151100158692,71.28802560463025,3620582.05,0.29670643702163857,2.475383948528342,1.9974978625272088,0.018390283940372676,0.4320483869864056,0.5881182323196787,0.476547330423438
2024-12-26,82.33625030517578,82.33625030517578,77.59883667690008,77.8830771573649,5579600,77.7883285522461,78.52262649536132,73.82469177246094,63.702179831422576,1.005697637025392,1.0971498822371526,-0.09145224521176054,84.85361846115777,78.52262649536132,72.19163452956488,3856911.85,1.4466496038793315,2.802255159362584,6.364759758238447,0.2879211150416561,0.11545410278845925,0.2822545718063063,2.0968592282673004
2024-12-27,78.26206970214844,81.29401868433472,78.26206970214844,81.29401868433472,4418247,78.09152374267578,78.71212310791016,73.94154802958171,52.96514870372949,0.9592245855979797,1.0695648229093182,-0.11034023731133846,84.75286514248263,78.71212310791016,72.67138107333768,4002471.45,1.1038797041263093,2.9718452185178856,-4.948222183942752,0.041578320025936755,0.12363018552592475,3.156412780761886,2.616123377635571
2024-12-30,77.40933227539062,78.92531035049579,77.21983863036208,78.35681495797175,1248229,78.26206970214844,78.80687141418457,74.04892934163412,51.02655886955503,0.8438581028795937,1.0244234789033735,-0.18056537602377976,84.69391785654943,78.80687141418457,72.91982497181971,3915316.5,0.31880666607667607,2.80299541873333,-1.0895922252033174,0.26587407296438936,-0.3672522989560889,-0.23387105888642568,-1.238969338809004
2024-12-31,77.03034210205078,77.6935770635447,76.27235309287009,77.40932937792219,1310126,78.48946533203124,78.78318405151367,74.17210210164389,50.148048125431544,0.7136218065474509,0.962263144432189,-0.24864133788473808,84.69605749316206,78.78318405151367,72.87031060986529,3753413.5,0.34904920547656154,2.6187592256588332,-0.48959235559810077,-0.14782773801352844,-0.6688153383762052,-0.23387105888642568,-1.238969338809004
2025-01-02,76.27235412597656,77.5040844753992,76.17760730572537,77.0303431454242,1044402,78.26206970214844,78.33786697387696,74.24632148742675,48.35492321355553,0.5429861027081131,0.8784077360873739,-0.3354216333792608,83.51891331301036,78.33786697387696,73.15682063474355,3219298.9,0.3244190839191726,2.4464549515274983,-0.9840122156929088,0.1251537494249222,-0.8814334035584737,-0.23387105888642568,-1.238969338809004
2025-01-03,75.98810577392578,77.69357743845256,75.98810577392578,76.65134796733906,1043000,76.99244079589843,78.02993507385254,74.31422424316406,47.66660220024232,0.38043420292441965,0.778813029454783,-0.3983788265303634,82.9849493265964,78.02993507385254,73.07492082110868,2410452.65,0.4326988128142654,2.347657179927403,-0.3726754671572019,0.20975544231986998,0.3339174500631481,-0.23387105888642568,-1.238969338809004
2025-01-06,77.88307189941406,78.16731958940862,75.79861293518411,75.98810657603445,1433286,76.91664123535156,77.76937751770019,74.43265965779622,52.51901995776971,0.3999086823018132,0.7030321600241891,-0.3031234777223759,82.11350946363358,77.76937751770019,73.42524557176681,2238705.2,0.6402298971744917,2.350463776500351,2.493766762822136,0.12929662335154912,2.79117234558639,-1.250242822023373,-3.5464475319510913
2025-01-07,77.88307189941406,78.16731958940862,77.40933056856916,78.07257276898345,1072152,77.01138916015626,77.5135570526123,74.55109507242838,52.51901995776971,0.41060910138892837,0.644547548297137,-0.23393844690820864,81.09683990182339,77.5135570526123,73.93027420340121,1970493.95,0.5441031676346938,2.138133809078899,0.0,-0.5362688493261603,0.43978199844929566,3.6003910399968087,2.3761872514421523
2025-01-08,77.50408935546875,78.83055937994517,77.12509482188143,77.97783071527304,749212,77.10613861083985,77.39038429260253,74.65847663879394,51.413308212458944,0.3840810888901416,0.592454256415738,-0.20837316752559643,80.7827660141997,77.39038429260253,73.99800257100537,1824311.5,0.4106820573131288,2.080444575610211,-0.48660451456610243,-0.034527787352645056,-1.031401095838369,-0.5919325966183719,-2.736379074684092
2025-01-09,75.98810577392578,77.78832425787762,75.79861213507567,77.78832425787762,1152444,77.04928894042969,77.15351371765136,74.7390126546224,47.13809921674472,0.23798687784761796,0.5215607807021141,-0.28357390285449613,80.21035505095327,77.15351371765136,74.09667238434946,1748568.4,0.6590785925217453,2.0683469152357756,-1.9560046368521045,0.5983308797275377,-1.3935772156041248,-1.2293493276538836,-1.6327553532515693
2025-01-10,76.36710357666016,76.36710357666016,74.85113271426695,75.98810905388203,1091070,77.12508850097656,77.05402793884278,74.80059916178385,48.29563881066056,0.15104694317091116,0.4474580131958735,-0.29641107002496236,80.07528154712787,77.05402793884278,74.03277433055769,1684107.5,0.6478624434604086,1.994696774856766,0.4987593767134202,-0.27125588031043923,-0.3001217089277253,-1.8864321943144469,-3.21756640634282
2025-01-13,74.75637817382812,75.79860758234162,73.05090661173803,75.79860758234162,2139100,76.49974975585937,76.96401672363281,74.8416566212972,43.896271601555725,-0.04728063827658957,0.348510282901381,-0.39579092117797054,80.15042190693455,76.96401672363281,73.77761154033107,1661347.5,1.2875692773486582,2.1708968001988143,-2.1091875001061466,0.8080683673291622,-2.2750412660863084,-1.8864321943144469,-3.21756640634282
2025-01-14,75.79861450195312,76.46184948735754,74.2826436576579,74.6616381759115,1140406,76.08285827636719,77.03034057617188,74.91429697672525,47.24496652454182,-0.11898532533487582,0.25501116125412965,-0.3739964865890055,80.04916985166685,77.03034057617188,74.01151130067691,1600202.05,0.712663753930324,2.1720046707989242,1.3941771305473472,-0.12629097569892833,1.3748884512583492,-0.9910823082587283,-2.348290764294503
2025-01-15,76.8408432006836,77.59883222925068,76.17760822222674,76.17760822222674,1472102,75.95020904541016,77.03981552124023,74.98219985961914,50.43117362323502,-0.09066750218740083,0.18587542856582356,-0.2765429307532244,80.05482338576856,77.03981552124023,74.0248076567119,1600042.15,0.9200395127090871,2.1224330783320746,1.374997030722258,-0.308884934043574,-1.2411403721450665,-1.141136436047463,1.567151864786509
2025-01-16,79.3042984008789,80.63077561495386,77.69358071653599,77.69358071653599,3681857,76.61344757080079,77.16298828125,75.08168551127116,57.03626000857749,0.12906701912248764,0.17451374667715638,-0.04544672755466875,80.34066224556999,77.16298828125,73.98531431693,1723430.0,2.1363542470538404,2.344766323123834,3.2059190107551983,-0.47462027715259314,2.2675507006747475,-4.495744102033717,-0.31924024464743406
2025-01-17,87.07365417480469,87.16840099100769,78.92530509312815,79.6832868514709,16494464,78.75475769042968,77.6651538848877,75.30434379577636,70.42245216059271,0.919530514716925,0.32351710028511016,0.5960134144318149,83.11586998920747,77.6651538848877,72.21443778056793,2476300.9,6.660928807157482,3.131210266424595,9.796891127706742,0.14330122044485805,0.5341148174661026,-0.19085183603871902,-1.8948421762492118
2025-01-20,90.67408752441406,94.74826584733717,86.22092192107682,87.64214590878687,37058760,81.93829956054688,78.3615535736084,75.60280075073243,74.4026481939424,1.8155745973911905,0.6219285997063263,1.1936459976848641,86.30625967083918,78.3615535736084,70.41684747637763,4254978.45,8.70950592005936,3.850694754402695,4.134928508204472,0.2040049502909147,0.5129593209210137,2.783093818670479,2.203476780153868
2025-01-21,97.11697387695312,99.01193922089367,92.85330185308689,92.85330185308689,34495424,86.20197143554688,79.38957214355469,76.00863914489746,79.67383225015652,3.0108755723682634,1.0997179942387136,1.9111575781295498,90.88038023028321,79.38957214355469,67.89876405682617,5931295.65,5.815832835781841,4.448982346679616,7.1055430812075215,-1.8049163113836197,0.14264713733647127,0.14469131303875837,-0.3992510712928832
2025-01-22,97.11697387695312,100.90690456483422,95.22200853301257,98.53819788490853,24593484,90.25719757080078,80.45075263977051,76.42395235697428,79.67383225015652,3.9130529678931225,1.6623849889695954,2.250667978923527,94.26682950239079,80.45075263977051,66.63467577715024,7114580.75,3.4567720662949815,4.613770838031887,0.0,0.8293035215003464,0.9673832452960607,2.7451004881298147,-0.6146384816611783
2025-02-03,87.45265197753906,87.6421456171155,87.45265197753906,87.45265197753906,4174402,91.88686828613281,80.95291862487792,76.70661799112956,58.65963576993425,3.8043508559676695,2.0907781623692103,1.7135726935984592,95.0311350742058,80.95291862487792,66.87470217555004,7269588.35,0.5742281129302185,5.287177646216177,-9.951218117297111,-0.3354747105550504,-3.5310722033439546,-4.110138831841626,-8.922423332822692
2025-02-04,83.85221862792969,89.34762115830998,80.25178149027097,88.02114393766101,15040914,91.24258117675781,81.02871704101562,76.96401748657226,53.04630900111565,3.388616901573286,2.3503459102100255,1.0382709913632606,95.15453717254334,81.02871704101562,66.90289690948791,7742654.05,1.942604422575228,5.794999249125888,-4.117008767823405,0.4843438559004598,0.4373265659709302,5.553206615500117,-0.3488369125826174
2025-02-05,92.19007110595703,92.19007110595703,85.2734443915954,85.2734443915954,8517763,91.5457778930664,81.72511711120606,77.34774805704753,62.092911466985576,3.6894105321146355,2.6181588345909477,1.0712516975236879,96.62853458756395,81.72511711120606,66.82169963484817,7947629.85,1.0717362485118755,6.134046346312749,9.943508489649133,-0.2891986256126744,1.6127918339116087,-1.94039499885863,-2.62544264827258
2025-02-06,91.90582275390625,97.11697765232361,91.90582275390625,95.2220122347173,11759192,90.50354766845703,82.44994163513184,77.74253247578939,61.65677240252861,3.8603554107841234,2.866598149829583,0.9937572609545402,97.87067037809312,82.44994163513184,67.02921289217055,8473178.0,1.3878136396992957,6.0109941532600315,-0.30832859617180297,-0.21221627178528157,0.669296009715703,2.1623913089992675,-0.8388199627429871
2025-02-07,93.04279327392578,96.16948890824293,90.38984619299872,92.37955831087375,10345721,89.68871154785157,83.25056419372558,78.15784556070963,62.78283411969594,4.040992432298438,3.1014770063233543,0.9395154259750838,99.14204601125356,83.25056419372558,67.3590823761976,8924957.75,1.1591899132519703,5.980147294857922,1.2371039026155772,-0.07860262820782449,0.6933683495169651,0.8985590572072599,4.1087527494722
2025-02-10,94.46401977539062,96.16949148132544,91.14783041396561,93.04279576335134,5209189,91.09098510742187,84.16014747619629,78.58263359069824,64.19822646930226,4.2498401622934665,3.3311496375173766,0.9186905247760899,100.44743996271855,84.16014747619629,67.87285498967402,9133197.1,0.5703576680722241,5.8523491311915095,1.5274976722599476,0.09726337705842081,-0.9631412824059216,5.0069237481567885,1.915277143670413
2025-02-11,93.99028015136719,96.64323458035483,92.94805063595035,94.7482691964263,10101615,93.11859741210938,85.06025619506836,78.9774180094401,63.333599428237804,4.327244879178934,3.5303686858496883,0.7968761933292461,101.435499622969,85.06025619506836,68.68501276716772,9586127.85,1.0537742828038748,5.564727106286572,-0.5015027151606066,0.11422745347031693,0.5673032792007815,5.0069237481567885,1.915277143670413
2025-02-12,91.43207550048828,95.2220060911821,91.43207550048828,93.99027575771903,6011347,92.96699829101563,85.73770637512207,79.33588218688965,58.73345380454187,4.134502962945831,3.651195541268917,0.48330742167691376,101.9832898669502,85.73770637512207,69.49212288329394,9815030.9,0.612463380018498,5.328087570874204,-2.7217757482571936,-0.18895087172872138,-0.40326965645153257,1.1307976473220238,-0.7118504097210376
2025-02-13,93.99028015136719,95.22201054240844,92.09531476743867,92.66381016559264,5528778,93.3838897705078,86.54306678771972,79.7259292602539,61.72718305542616,4.140450801717122,3.7490465933585586,0.3914042083585638,102.74607334760887,86.54306678771972,70.34006022783058,10037862.2,0.5507923788792399,5.123000567013665,2.7979291040650667,0.16004999541816556,0.4708515817043901,1.2299727110229863,1.204465541971378
2025-02-14,88.49488067626953,93.99027569168324,85.9366731921172,93.89552887272625,15274406,92.47430725097657,87.09260635375976,80.03386103312174,52.85642294850924,3.6595467195305247,3.731146618592952,-0.07159989906242714,102.74084043772373,87.09260635375976,71.44437226979579,10764121.9,1.4190108716624623,5.5137480859785075,-5.846774226279095,-0.7319906963362488,-1.0547307799725902,-0.8836560257359238,-2.465282165335936
2025-02-17,88.68437194824219,89.82135543155017,87.73688932651156,88.58962513181287,3141761,91.31837768554688,87.72741966247558,80.34495099385579,53.10667063499186,3.256181893706568,3.6361536736156754,-0.37997177990910735,102.48356641445172,87.72741966247558,72.97127291049945,10863587.75,0.2892010514666299,5.056510488519855,0.21412681787305043,0.15391983887540484,1.523459828704521,2.117375975567648,-1.7141194967384865
2025-02-18,88.77912139892578,90.38984624089251,88.77912139892578,89.72660404877011,2854180,90.2761459350586,88.34802055358887,80.61972084045411,53.240327470204996,2.91060619553771,3.4910441780000827,-0.5804379824623727,102.10248205935505,88.34802055358887,74.59355904782268,10951743.25,0.26061421774108884,4.609705662403917,0.10683894873708688,0.12581943498035653,0.6840120787098725,-0.49108227496846846,-1.5666641657886449
2025-02-19,88.0211410522461,89.91610638284894,87.83164018195437,89.34761822941189,1953727,89.59395904541016,89.01125869750976,80.8897533416748,51.964325549942636,2.5462210346100136,3.302079549322069,-0.7558585147120556,101.19585781760416,89.01125869750976,76.82665957741536,10942474.6,0.1785452625131065,4.273007067536004,-0.8537822122317795,0.04493902906270719,-0.26210179244977594,0.694574634559797,1.1411528344483335
2025-02-20,87.35790252685547,88.96862746290687,87.26315570208052,88.87388063813194,1785574,88.26748352050781,89.58922309875489,81.15504849751791,50.816665517959905,2.1788094046826814,3.077425520394192,-0.8986161157115107,100.11922962311141,89.58922309875489,79.05921657439836,10974733.0,0.1626986278390554,3.930669026641383,-0.7534991224403154,0.07610438798688612,-0.49406348495265595,-1.2524993418689623,0.3859841717670953
2025-02-21,87.54740142822266,88.02114277011918,86.69466556706506,87.16840690896159,1589038,88.07798767089844,90.12455101013184,81.41086883544922,51.14864117986664,1.8812382747383367,2.8381880712630214,-0.9569497965246847,98.86166186488214,90.12455101013184,81.38744015538154,10980579.8,0.1447134877158308,3.583443450163082,0.21692244878352973,-0.16155224353523456,1.0336965036197743,-0.05514439042784147,-0.8873181074285696
2025-02-24,87.64215087890625,88.96862812173627,86.22092681059966,86.97891587185094,1418077,87.86954345703126,90.5414436340332,81.67774314880371,51.32554778020579,1.634218248486178,2.597394106707653,-0.9631758582214749,97.77018318500718,90.5414436340332,83.31270408305922,10867390.8,0.13048918789227676,3.472011164959552,0.10822645691119792,0.24378228572174976,-0.6950599050789652,-0.05514439042784147,-0.8873181074285696
2025-02-25,84.89444732666016,87.73689538823619,84.89444732666016,87.35790086761554,2848620,87.09260864257813,90.43248329162597,81.86723976135254,46.11064255235685,1.202870443140938,2.3184893739943098,-1.1156189308533717,97.94156922720705,90.43248329162597,82.92339735604489,10185098.6,0.2796850685372845,3.38806941784175,-3.1351393418476814,-0.2236579215236012,-1.1864466763289783,-0.75409292054891,-1.8800305905109282
2025-02-26,85.2734375,85.74717881944444,84.13646122482088,84.51544849740134,1202442,86.5430679321289,90.16245079040527,82.05673624674479,46.911864900415594,0.8814447924600728,2.0310804576874624,-1.1496356652273896,98.01549974416511,90.16245079040527,82.30940183664543,8392282.7,0.1432794917644993,3.151089174745992,0.44642516121407017,0.2403748003681816,0.5017241236141778,-1.4269792891849264,0.6386817815506873
2025-02-27,84.04170989990234,86.59991744498896,83.94696307868857,85.5576879541992,1510101,85.87982940673828,89.50868759155273,82.20359598795572,44.59141239173967,0.5213131516913592,1.7291269964882419,-1.2078138447968827,97.09654834225289,89.50868759155273,81.92082684085257,6743016.55,0.22395036239381616,3.084671200286579,-1.4444446432661517,-0.0854219922061139,-1.4928761271182256,-0.41361998496789454,1.3297108548157466
2025-03-03,82.80998229980469,84.04170536658124,82.52573462277695,82.99947593201071,1186500,84.93234558105469,88.79333801269532,82.33624356587728,42.33620446272625,0.13496036929565491,1.4102936710497245,-1.2753333017540696,96.05152943818112,88.79333801269532,81.53514658720951,5572667.35,0.21291419808146275,2.8755117438650877,-1.4656146353574928,0.010029005274558855,-1.288020531332612,0.7057592836216653,2.1752859087822873
2025-03-04,83.5679702758789,84.13646567223775,80.25178086447548,81.29401760532052,1374100,84.11750946044921,88.5991039276123,82.51784451802571,44.20625440862541,-0.10880941220270302,1.1064730543992392,-1.2152824666019422,96.2078090459781,88.5991039276123,80.99039880924651,5432652.25,0.25293354640912274,3.010068152384712,0.9153340636277374,-0.048922726206168665,-0.7003312963471564,-1.7130771907591602,-1.3267563392547754
2025-03-05,83.85221862792969,84.61020767650604,82.9047359315689,83.56797092753374,946050,83.90906372070313,88.5991039276123,82.71681582132975,44.92753593900215,-0.275882057233531,0.8300020320726852,-1.1058840893062163,96.2078090459781,88.5991039276123,80.99039880924651,4727909.05,0.20009902686262546,2.836121964725036,0.3401403086761734,-0.28611765666530786,1.2170685545562776,1.4854407688832838,-1.1257026818902949
2025-03-06,84.79969787597656,86.4104155028036,83.85221521814442,84.13646290698166,2075500,83.81431579589844,88.22958526611328,82.88894182840983,47.369897434785884,-0.32805308347064965,0.5983910089640183,-0.926444092434668,95.82180330055667,88.22958526611328,80.63736723166988,4405795.9,0.47108401004231715,2.799065740716255,1.1299393904543376,0.019216094991714172,-0.6841176310348751,2.2248349461879258,-0.6957563360846519
2025-03-07,82.90473175048828,86.22092102050782,82.71523811226045,85.27343837193081,1477408,83.58692016601563,87.77953071594239,83.01211458841959,43.2396676763466,-0.5163547113766356,0.37544186489588754,-0.8917965762725231,95.51988009845022,87.77953071594239,80.03918133343456,3891706.7,0.3796298420947293,2.8932813630537364,-2.2346378264929134,0.17315585352613017,-0.6135009415062398,-1.6800358355274048,-0.31847372871297575
2025-03-10,82.33625030517578,83.8522212204801,82.33625030517578,82.99948532164657,880099,83.49217376708984,87.24420356750488,83.09265060424805,42.05502018363064,-0.7033490398592193,0.1596836839448662,-0.8630327238040855,94.93264542504261,87.24420356750488,79.55576170996716,3418425.6,0.25745740963325336,2.709639970020481,-0.6857044625913633,-0.09403841713142569,-0.5178931508299844,2.4660176340925766,-0.4153337838732285
2025-03-11,80.82027435302734,81.38876250724746,78.16731999504134,80.1570321491713,1322280,82.94263458251953,86.56201629638672,83.02001024881999,38.98746429902487,-0.9627717487863663,-0.06480740260138029,-0.897964346184986,93.96921318723427,86.56201629638672,79.15481940553916,3224080.15,0.4101262805144593,2.9042120153690094,-1.8412011070816803,0.12063354165599005,-1.7278505202805272,-1.3833522045387014,-1.1870364754322238
2025-03-12,85.84192657470703,87.73689187317173,80.82027287100695,80.82027287100695,3567484,83.340576171875,86.15459861755372,83.08159662882487,51.5851836664126,-0.754463759478071,-0.20273867397671846,-0.5517250855013525,92.68607430253302,86.15459861755372,79.62312293257442,2897373.6,1.2312820134759286,3.4391996136084457,6.213357059077573,0.006697012528866786,0.9390996671090779,0.0384301133949938,0.1948050255999645
2025-03-13,84.70494842529297,88.49487893891933,84.23120711108967,86.50516686500924,3138385,83.32162628173828,85.81824226379395,83.1084420522054,49.11257314341615,-0.6733607283837557,-0.29686308485812596,-0.37649764352562975,91.88146775518196,85.81824226379395,79.75501677240594,2753725.5,1.1396869441053583,3.549129242171274,-1.3245021340761332,0.11408531144070366,-1.4214677219695382,-3.8033037201285813,0.09720094597001072
2025-03-14,82.6204833984375,84.32595504361616,81.48350712079764,84.13646140691581,2366960,83.26477661132813,85.24975242614747,83.10212542215983,44.86656581996945,-0.7684269514250275,-0.39117585817150624,-0.37725109325352124,90.09694772092462,85.24975242614747,80.40255713137032,2595634.6,0.911900311392058,3.5054375171478145,-2.460853900045634,0.18871601352579148,0.029010047686051088,-0.3194834133745217,1.5862794604935004
2025-03-17,84.51544952392578,85.74717986092948,82.90473190973844,83.37847323493695,1938056,83.70061645507812,85.05078086853027,83.17792383829753,49.168945109189046,-0.6829866437810921,-0.4495380152934234,-0.23344862848766867,89.65785175781568,85.05078086853027,80.44370997924486,1928817.1,1.0047899305745474,3.4549387098603694,2.2935790829857527,-0.12860909638311435,0.685450337057314,0.1602385385453431,2.7724683195517352
2025-03-18,87.45265197753906,88.77912191201212,85.17869215902687,85.17869215902687,5296312,85.02709197998047,84.98919486999512,83.29004275004068,55.02710963175884,-0.3739561597971175,-0.43442164419416224,0.060465484397044744,89.42135911109017,84.98919486999512,80.55703062890007,2036544.65,2.600636327811423,3.562769866957165,3.4753438219384813,0.09233778296404704,0.691901155514496,0.23999849124787254,0.1240334987657743
2025-03-19,86.315673828125,88.77912743959362,86.12618017675028,87.64215107390639,5023360,85.12184143066406,84.86602249145508,83.42269032796224,52.504600652680345,-0.21827576221537015,-0.3911924677984039,0.17291670558303374,88.98023288369481,84.86602249145508,80.75181209921536,2145003.65,2.3418887888605693,3.441460186408655,-1.300107113625415,0.0691720867479928,-1.3956737184071533,0.5387213314128614,0.5264718702882032
2025-03-20,86.8841552734375,87.64214427759616,86.22092031633784,87.0736561388366,1819349,85.55768280029297,84.80917320251464,83.59481620788574,53.648707866609485,-0.048467520470097725,-0.32264747833274265,0.27417995786264493,88.7683172867878,84.80917320251464,80.85002911824148,2138284.75,0.850845052325234,3.1720953563886103,0.6586074348958748,0.07308017918177256,1.8962383754100642,0.5387213314128614,0.5264718702882032
2025-03-21,86.97891235351562,87.16840599680363,85.93667562927419,87.16840599680363,868009,86.42936859130859,84.79022369384765,83.80326245625814,53.84827232706911,0.09268443053849751,-0.23958109655849463,0.33226552709699214,88.70134061783494,84.79022369384765,80.87910676986036,2092406.5,0.4148376522439593,2.9133800245407206,0.10906140455633206,-0.04847648711218122,-0.7514778753577311,-0.7938098761100632,-2.064075983710223
2025-03-24,85.2734375,87.64214409722221,85.2734375,87.5473972790771,1669449,86.58096618652344,84.67652549743653,83.94696400960287,49.70062747070727,0.0661680570535168,-0.17843126583609234,0.24459932288960914,88.37667883688796,84.67652549743653,80.9763721579851,2096427.05,0.7963305949520161,2.840756900898253,-1.960791193368716,-0.0372943476917964,-0.4613378578019911,-1.1602363928692405,0.6920435972160854
2025-03-25,85.2734375,86.41041377517912,84.3259548611111,85.74717881944444,1170048,86.14512329101562,84.5580898284912,84.0875072479248,49.70062747070727,0.04463906863020384,-0.13381719894283312,0.17845626757303695,88.0012743971388,84.5580898284912,81.11490525984361,2084025.6,0.5614364813944703,2.7399171693208895,0.0,0.1100854006351959,0.753388228226104,0.5262042254117638,1.8119348917580158
2025-03-26,85.84192657470703,86.88415604311884,85.46293206927031,85.46293206927031,1509015,86.05037384033203,84.60546379089355,84.23436698913574,51.155066371534076,0.07261247604007792,-0.09253126394625091,0.16514373998632884,88.09390891137818,84.60546379089355,81.11701867040892,2017045.35,0.7481314190580791,2.589357352493949,0.6666660702015603,0.10299623953369252,-0.05791891930048143,1.0670518293484532,0.7671122479613324
2025-03-27,85.08394622802734,86.22092253480082,84.70495171619649,85.27343986958323,777290,85.69033203125,84.59598922729492,84.37333119710287,49.11579691251571,0.03323580204155974,-0.06737785074868878,0.10061365279024852,88.07781862161556,84.59598922729492,81.11415983297428,1995787.75,0.38946526252603764,2.446239147975333,-0.882995497567296,0.1307340140583202,-1.3860075941006245,-0.35857851148682895,-0.7612724338806887
2025-03-28,81.009765625,84.70494936241043,80.44127748741043,84.42070167925623,2292205,84.49650268554687,84.4443920135498,84.44755058288574,39.90701441432892,-0.3229994841194781,-0.11850217742284665,-0.20449730669663146,88.27444039916047,84.4443920135498,80.61434362793914,2034892.95,1.126449919638279,2.7390964269942106,-4.788424589649876,0.06920720797163327,-1.5892536377484667,-2.1853339576962227,-0.867680294273121
2025-03-31,76.1776123046875,79.11480729753471,75.98811142303056,77.69358321434547,1935151,82.67733764648438,84.11277351379394,84.45228805541993,32.19662257366606,-0.9838912183831638,-0.2915799856149101,-0.6923112327682537,89.40721887665316,84.11277351379394,78.81832815093472,2072325.5,0.933806489376307,3.0434374636575745,-5.964902234973602,0.22469010496022346,-4.198467002028805,-4.613162229950674,-3.344797114670184
2025-04-01,78.54631042480469,78.64105724079685,76.74609200607885,76.74609200607885,846201,81.33191223144532,83.86169052124023,84.47123769124349,38.47218163047486,-1.3015154767469852,-0.49356708384132514,-0.8079483929056601,89.71203136504855,83.86169052124023,78.01134967743192,2045930.55,0.41360201596285856,2.9661051266511453,3.109441276057723,0.1606192017939545,2.823117236854644,1.2144800170112102,-2.166878798668115
2025-04-02,79.58854675292969,80.72552310076952,77.21984000433059,78.45157040508985,1040218,80.08123626708985,83.64850692749023,84.42544263203939,41.057253584835706,-1.4523929467058423,-0.6853322564142286,-0.7670606902916137,89.80312078944661,83.64850692749023,77.49389306553385,2050638.95,0.5072653086980524,3.038048855956183,1.3269067922964561,-0.10711050560909818,0.08482442253172628,2.014150454450192,1.388423675570527
2025-04-07,71.62969207763672,71.62969207763672,71.62969207763672,71.62969207763672,127070,77.39038543701172,82.99000663757325,84.3149030049642,30.51409633537793,-2.1889446941704307,-0.986054743965469,-1.2028899502049617,91.1254490207863,82.99000663757325,74.85456425436018,1953217.45,0.06505676057727214,3.694156298534421,-9.999999999999998,0.39779856690886906,-9.69973559080869,-11.346345580602769,-11.194582080429171
2025-04-08,64.52357482910156,66.22904669701713,64.52357482910156,64.6183216598258,2451150,74.09314727783203,82.07094879150391,84.10014038085937,24.471675472857314,-3.307939664925584,-1.450431728157492,-1.857507936768092,93.66486047509107,82.07094879150391,70.47703710791674,2001904.55,1.2244090258948659,4.149084425201186,-9.920630736249858,-0.5500181172965579,-4.016151985134908,7.459090562138915,11.46362202123763
2025-04-09,58.0806884765625,63.38659373680688,58.0806884765625,62.62860468937222,3090371,70.47376251220703,80.85817070007325,83.78431282043456,20.506711351046732,-4.660910252301832,-2.09252743298636,-2.568382819315472,96.64980629221877,80.85817070007325,65.06653510792772,2112418.15,1.462954197775663,4.454924682179569,-9.985321441975003,0.3050360677505859,-5.786524331497223,-6.59176631917584,-5.42694245708163
2025-04-10,63.86033630371094,63.86033630371094,63.86033630371094,63.86033630371094,639006,67.53656768798828,80.01017379760742,83.57744585673014,31.265340370214673,-5.206759629393289,-2.715373872267746,-2.4913857571255433,97.53656170906083,80.01017379760742,62.48378588615401,2078254.45,0.30747245603155093,4.6315544348420845,9.951066316096991,-1.489084234874749,9.247307649849002,11.708099988660026,11.396467228199514
2025-04-11,63.86033630371094,64.14457678038714,58.93342547310266,59.40716682961577,2414154,64.39092559814453,78.91109428405761,83.3753163655599,31.265340370214673,-5.575083105696919,-3.2873157189535807,-2.2877673867433383,97.6150268448967,78.91109428405761,60.207161723218526,2020587.95,1.1947779852888858,4.708834017834404,0.0,0.6081981557515048,2.7828390478427556,-4.498685200822649,-4.466860413832641
2025-04-14,65.47105407714844,68.02926174161323,64.61831818899351,65.18681360024308,1689251,63.15919799804688,77.94939956665038,83.16844940185547,34.146026198950935,-5.671631612547245,-3.7641788976723136,-1.907452714874931,97.36342050787862,77.94939956665038,58.535378625422155,1948131.25,0.8671135479193202,4.636846207176789,2.5222506905963504,-1.2941415741642648,-0.08029019685500405,1.6537287448687765,4.374055959313905
2025-04-15,69.07148742675781,69.07148742675781,65.94479175423665,66.32378626434816,1848011,64.06878051757812,77.2719497680664,83.02158966064454,40.18104894418463,-5.395426994725554,-4.090428517082962,-1.3049984776425916,96.94354044285836,77.2719497680664,57.60035909327444,1922183.8,0.9614122229102128,4.4986578261678005,5.499275061872022,-0.01606647441906306,1.76589192631309,0.9366459216967549,-1.4450838010078626
2025-04-16,66.32379150390625,68.69249834333147,66.13429784824007,68.31350380327952,1160515,65.71740112304687,76.36236686706543,82.83525136311849,37.3666861190884,-5.336730436206963,-4.339688900907762,-0.9970415352992008,96.30418533480736,76.36236686706543,56.42054839932351,1883306.75,0.6162113527177663,4.29046205981446,-3.978046550344194,0.45493231013253865,-1.9623144276647686,-0.3662993412938409,-0.8064554304743066
2025-04-17,64.52357482910156,66.13429986629289,64.14458027748479,65.85005214540035,2683209,65.850048828125,75.21591300964356,82.64417584737141,35.607000826010136,-5.373532691355379,-4.546457658997286,-0.8270750323580929,95.10950908155833,75.21591300964356,55.322316937728786,1752651.6,1.5309426014845162,4.008961948695393,-2.714284925491117,-0.3851900465324021,-0.6640103310560974,2.1568668633551003,3.4368084790834974
2025-04-18,65.85004425048828,67.7450095526606,64.90256159940212,65.94479106985311,2687633,66.24799041748047,74.19263153076172,82.46889152526856,37.92660079831465,-5.235314302755867,-4.684228987749003,-0.5510853150068646,93.78537852324885,74.19263153076172,54.59988453827458,1635865.25,1.6429427790583606,3.903958318677213,2.055790344691899,-0.3851900465324021,0.2911195655576959,0.9356979101278418,-1.7506279081900056
2025-04-21,62.15486526489258,66.22904387064467,62.15486526489258,66.13429704396381,2739094,65.58475265502929,72.95616703033447,82.25886631011963,34.22768159590224,-5.362133953812233,-4.819809980961649,-0.5423239728505838,92.29614957223389,72.95616703033447,53.61618448843505,1681852.5,1.6286172538911705,3.926654356953864,-5.611505698522445,-0.3851900465324021,-1.4891964002938463,-3.0900890957481497,-2.1090903311317577
2025-04-22,62.53385925292969,64.04983015271137,61.96537106910149,62.060117894952946,1193200,64.27722702026367,71.73391437530518,82.03778705596923,34.92865610531291,-5.370154000992329,-4.929878784967785,-0.4402752160245438,90.42123050362157,71.73391437530518,53.04659824698878,1698112.05,0.7026627012039636,3.681028320507999,0.6097575570663816,0.19087153159529358,-1.6370054958029567,-0.4905513298122721,-1.040120488218621
2025-04-23,65.09205627441406,65.56579760749922,64.42882129958245,64.42882129958245,1609300,64.03087997436523,70.72484531402588,81.84197394053142,39.60739879998626,-5.1111664806760615,-4.96613632410944,-0.14503015656662122,88.49060871953719,70.72484531402588,52.95908190851458,1695104.6,0.949380940857573,3.5944829917162036,4.09089899783297,0.40997828226332356,4.500035126970481,2.267687170921495,3.566073001682657
2025-04-24,65.47105407714844,65.85004860840834,65.09205954588853,65.6605549571381,949261,64.2203758239746,69.7347261428833,81.61141986846924,40.29234550915807,-4.819775675871966,-4.936864194461945,0.11708851858997882,86.24972875048701,69.7347261428833,53.2197235352796,1684065.25,0.5636723398930059,3.2162842373532805,0.5822489323990654,-0.12526095055448438,-0.8163803151391757,3.205586473238875,3.5157602985790515
2025-04-25,65.85004425048828,67.65026273329579,65.85004425048828,67.1765214077527,1504594,64.2203758239746,68.73513202667236,81.2576930363973,41.01280035604832,-4.506318983911484,-4.850755152351853,0.3444361684403692,83.46930503455397,68.73513202667236,54.000959018790745,1683844.2,0.8935470395657745,3.0780074931924903,0.5788667659043067,-0.2987707483269153,2.022299672390404,3.689873494306739,2.801123590229726
2025-04-28,68.12400817871094,68.40824865399516,66.41853641212803,66.70278411613165,1728143,65.41420440673828,67.88713512420654,80.88185838063558,45.279272588009384,-4.027980362216297,-4.686200194324742,0.6582198321084451,80.45202420960453,67.88713512420654,55.322246038808544,1731386.85,0.9981264441277233,3.008700414567742,3.453245862026577,0.25712712450653985,0.8135756068057276,-0.8783926472697101,-0.5790187537825342
2025-04-29,69.54522705078125,69.82946750485118,68.40824354834496,68.69249123113374,1869195,66.8164779663086,67.3139081954956,80.42232926686604,47.81954941955511,-3.4939371404698107,-4.447747583553756,0.9538104430839454,78.30564800845765,67.3139081954956,56.32216838253354,1710236.35,1.0929454282737003,2.8349349361107423,2.086223212735816,-0.2862987748134538,0.9894012430566201,-0.8783926472697101,-0.5790187537825342
2025-04-30,68.21875762939453,70.0189762903586,68.21875762939453,69.45048808919091,1405851,67.44181823730469,66.91596546173096,79.94069232940674,45.6877332249289,-3.1415254859304014,-4.1865031640290855,1.0449776780986841,77.10340321744305,66.91596546173096,56.72852770601887,1683771.35,0.8349417514438644,2.6969727660911853,-1.907347890917288,-0.32134330087744134,0.011854303657643506,0.6135008912030449,4.248031791155338
2025-05-02,69.63997650146484,70.0189710166044,68.69249382797553,69.07148834311508,1793486,68.27560272216797,66.47064876556396,79.6438144048055,48.34482480152443,-2.716245043309243,-3.8924515398851174,1.1762064965758743,75.19041024362373,66.47064876556396,57.7508872875042,1731135.6,1.0360170514661011,2.577404848907009,2.083325644526135,0.248493598366184,2.730963815359244,3.133904990423808,-2.088609614380188
2025-05-05,66.6080322265625,70.20846190744335,65.47104872571683,70.11371508955258,1625092,68.42720031738281,65.82162303924561,79.35641129811604,43.46005807515976,-2.5939582564238037,-3.632752883192855,1.038794626769051,71.98906863950361,65.82162303924561,59.654177438987595,1760379.3,0.9231487782206936,2.8654059599496113,-4.353741094152397,-4.382525588739094,-1.2250086251671455,3.133904990423808,-2.088609614380188
2025-05-06,66.7027816772461,67.27126983574803,65.5657981315231,66.98702214213749,2211084,68.14295501708985,65.57527751922608,78.93162314097087,43.65166671227954,-2.4610303816707244,-3.3984083828884293,0.9373780012177049,71.12897011990758,65.57527751922608,60.021584918544576,1864580.0,1.1858348797048128,2.710748059186321,0.14224928663455483,-5.0295889599485495,-0.05065209940824378,3.133904990423808,-2.088609614380188
2025-05-07,67.17652130126953,68.12400395085382,66.51327910932916,66.9870204341213,1428100,67.6692138671875,65.70792484283447,78.51946811676025,44.66146601645116,-2.2910474854985523,-3.176936203410454,0.8858887179119015,71.28254078883214,65.70792484283447,60.13330889683681,1813427.5,0.7875142513279412,2.5640782968314326,0.7102246894525654,2.8038417507629143,0.11645894015797076,2.7373142811993656,0.0
2025-05-08,70.77694702148438,71.34544236199312,68.50299457432357,68.50299457432357,4986035,68.18085174560547,66.34273777008056,78.14837067921957,51.73995474788389,-1.844547751722601,-2.9104585130728835,1.0659107613502825,71.09054903753955,66.34273777008056,61.594926502621576,1908210.7,2.6129373449168902,2.778057332017054,5.359648952448515,1.3780265518076762,-0.015038304424519477,-1.9555086123559384,-0.9373017188480159
2025-05-09,70.3979721069336,71.34545486891807,69.16624162486588,70.96646031838031,3629400,68.33245086669922,66.6696195602417,77.74726988474528,51.000471436141325,-1.5039371528967962,-2.6291542410376665,1.1252170881408703,71.59471545759239,66.6696195602417,61.74452366289101,2057730.4,1.7637879092421438,2.698211453621739,-0.5354496492138039,-0.40045240590582676,1.809041662083355,1.221641138979468,3.327901953190193
2025-05-12,72.95616149902344,73.71415048400726,71.06119626528256,71.06119626528256,2828095,69.60207672119141,67.12441082000733,77.39670124053956,55.61228781847605,-1.015866023930414,-2.306496597616216,1.2906305736858021,72.60568114769077,67.12441082000733,61.64314049232387,2078427.45,1.3606897849621837,2.78060704341533,3.6338964256015682,-0.07465812307537734,1.0255778120184855,2.044325031414429,2.0524152554168396
2025-05-13,73.99839782714844,75.79861641269379,73.33516282502512,75.32487506011445,3982453,71.06119995117187,67.55077800750732,77.10613994598388,57.37259008377246,-0.5387559334774892,-1.952948464788471,1.4141925313109818,73.76778135076866,67.55077800750732,61.33377466424598,2193087.55,1.8159115444342386,2.788853426116,1.4285788982181469,0.48501607250679424,0.9493892029855955,2.8240447648846034,2.784647773787041
2025-05-14,76.27235412597656,77.21983678592659,73.42990614612651,73.71415383559912,4222969,72.88036651611328,67.91082134246827,76.81084117889404,61.00606480265869,0.02258616047022599,-1.5578415397367316,1.5804277002069576,75.23423123274179,67.91082134246827,60.58741145219474,2311835.45,1.8266736934066825,2.9223303879405433,3.0729804503873526,0.10495309053717428,2.1224825639188705,-2.1830983115246116,-1.745935701446777
2025-05-15,75.0406265258789,77.03034596764815,74.56688517854704,76.27235692042946,3092100,73.73310241699218,68.34666309356689,76.58660360972087,58.116389376798836,0.36386923280927874,-1.1734993852275297,1.5373686180368085,76.28418062414914,68.34666309356689,60.40914556298463,2408414.7,1.2838735787487097,2.8611477747619514,-1.6149070186862846,-0.2803567472373425,-0.2415620287910758,-2.2798132016848105,-2.42033602991667
2025-05-16,75.1353759765625,75.6091172948795,74.6616346582455,75.04062192992403,1421707,74.68058319091797,68.87725315093994,76.36078701019287,58.28009593021568,0.6346679581116916,-0.8118659165596855,1.4465338746713772,77.15035451244972,68.87725315093994,60.60415178943015,2345339.6,0.6061838549948161,2.605992423011557,0.12626420523143,-0.5692240792755765,0.5220347355644694,-0.5402775850749442,-2.0408160082762916
2025-05-19,74.09314727783203,75.32487772967941,73.80890679344238,75.23013090154953,1231047,74.9079803466797,69.28940830230712,76.1160207748413,55.7010655090482,0.7564587674030321,-0.49820097976714206,1.2546597471701741,77.74678253205634,69.28940830230712,60.8320340725579,2272510.3,0.5417123961990403,2.460656224774955,-1.3871344691954168,0.1180119416830605,-1.4643102104449635,2.765434525666466,-0.32052011687984105
2025-05-20,73.99839782714844,75.7038695879218,73.90365100237645,74.94588053230711,1242000,74.9079803466797,69.88158493041992,75.88230838775635,55.46078388036839,0.8356999436605008,-0.2314207950816135,1.0671207387421142,77.88176274961877,69.88158493041992,61.881407111221066,2197655.6,0.5651476964816506,2.3725978728776744,-0.1278788311263157,-0.18806606512049573,0.010217599479345196,-0.7688669112684177,0.19293204808856768
2025-05-21,74.94587707519531,74.94587707519531,74.18789528326427,74.18789528326427,850510,74.64268493652344,70.5021858215332,75.67544129689534,57.4380114783093,0.9638422303883374,0.007631810012376672,0.9562104203759607,78.01314045122719,70.5021858215332,62.991231191839226,2180521.1,0.3900489658183083,2.182582056233568,1.2804050842561088,0.0016576947628355043,1.2909062583843056,0.6295522660473729,-1.0911498105995232
2025-05-22,74.09314727783203,74.66164270405059,73.99840044970215,74.37739499094131,688002,74.45318908691407,70.95224037170411,75.45120372772217,55.068578775308374,0.9852306224180438,0.20315157249351012,0.7820790499245337,78.17126651809338,70.95224037170411,63.73321422531483,2134456.2,0.32233128044510817,2.017901332134848,-1.1377941397733071,-0.41198726278828257,-0.6097494339192711,0.048113065163679636,0.0
2025-05-23,73.52465057373047,74.66163406590206,73.52465057373047,74.37738638567947,714051,74.13104400634765,71.3549201965332,75.21591205596924,53.48450941284519,0.9454100457902683,0.3516032671528618,0.5938067786374066,78.17399527058018,71.3549201965332,64.53584512248622,2122695.7,0.3363887720694021,1.9004456201397475,-0.7672729867579164,0.08260363716483532,-0.08638612371177912,-1.250601723197442,-0.2595663574668672
2025-05-26,73.80889892578125,74.37738706268219,72.95616310607042,73.52465124297136,675100,74.0741943359375,71.75286293029785,75.03115291595459,54.194001197778405,0.9261127668775231,0.46650516709779405,0.45960759977972904,78.13417053670756,71.75286293029785,65.37155532388815,2081221.0,0.32437689221855825,1.836549398336017,0.3866027921693327,-0.25093902970623194,-0.5342168783596057,0.26790190245054024,-0.9108747779647319
2025-05-27,73.52465057373047,75.23012219762848,73.3351569393946,74.4721332028474,1016010,73.97944488525391,72.02289505004883,74.83533980051676,53.31819128328008,0.8777647423022046,0.5487570821386761,0.32900766016352845,78.2118063543187,72.02289505004883,65.83398374577897,2045614.35,0.49667719626624635,1.8443381796557325,-0.3851139309592022,-0.1885106866633124,-0.9287980727548772,1.0930318688923357,3.118858716814654
2025-05-28,72.76667022705078,75.04062279831199,72.48242254128367,74.47213465549669,949002,73.543603515625,72.1839672088623,74.64742247263591,50.95348499177817,0.7694165501812478,0.5928889757471905,0.1765275744340573,78.26816482269852,72.1839672088623,66.09976959502607,1999604.7,0.474594803662944,1.9395197899720773,-1.030920025821247,0.16646820635146664,0.09927402266578511,1.3214802776898793,-0.22286719580363323
2025-05-29,73.71415710449219,74.09314440230337,72.95616805143113,73.71415710449219,655074,73.46780548095703,72.45873718261718,74.49582538604736,53.7167683149414,0.7513430844672087,0.6245797974911942,0.12676328697601447,78.27959914099881,72.45873718261718,66.63787522423556,1962065.85,0.3338695283850947,1.857780374676145,1.302089094478287,-0.049388342657963324,-0.04878761184228253,2.5136320470837026,2.2335707900574153
2025-06-02,70.9664535522461,72.86141889554388,70.87170673082503,72.57717120256157,1280500,72.95616607666015,72.52506103515626,74.28580010732016,45.679319154524265,0.5094306204440784,0.601549962081771,-0.09211934163769264,78.23995538506774,72.52506103515626,66.81016668524477,1936416.55,0.661273009673461,1.9890697078749473,-3.7275113223517398,0.07001895010041448,-1.6142080316433494,-2.9784252837181113,-4.000002793845403
2025-06-03,71.15594482421875,72.00868064603398,71.15594482421875,71.81918700950564,465001,72.42557525634766,72.75245666503906,74.07419554392497,46.276324334983784,0.32920869886886805,0.5470817094391904,-0.21787301057032238,77.7988552062212,72.75245666503906,67.70605812385692,1878412.0,0.24755005824068416,1.8628240259966726,0.26701527621519894,0.38934277980975374,0.5914415066209822,0.0,-1.8229114246696043
2025-06-04,73.33515930175781,73.714153811357,71.91393531230018,71.91393531230018,816188,72.38767700195312,73.08407554626464,73.88311990102132,52.71284970490269,0.35809799272195164,0.5092849660957427,-0.15118697337379106,77.2517635303511,73.08407554626464,68.91638756217819,1808667.2,0.451264887205341,1.9555420208155487,3.0625894757247973,-0.0713650479945871,2.324806129025947,0.4592787383701946,2.2877995005497143
2025-06-05,72.38768005371094,73.80890411015008,72.19817917562077,73.71415728546468,681925,72.31187896728515,73.34463348388672,73.70783570607503,49.91288318260617,0.3010687758940378,0.4676417280554017,-0.16657295216136392,76.48129851231386,73.34463348388672,70.20796845545959,1771358.45,0.38497290031839687,1.9095664093107176,-1.2919849865576927,-0.07976061250243305,0.26061434732305155,-1.0827807253798283,-2.301464411653309
2025-06-06,71.8191909790039,72.67191961923119,71.62969010328285,72.57717279573029,471859,71.9328857421875,73.3967456817627,73.53255138397216,48.25661633229732,0.2076072265406026,0.4156348277524419,-0.20802760121183933,76.38490892928657,73.3967456817627,70.40858243423882,1545649.65,0.3052819893563849,1.7939214901957334,-0.7853395415977071,0.011020349999935064,-0.06352892070761174,1.2649055736691395,0.43131882030549296
2025-06-09,71.25069427490234,72.00868330645798,70.30321159981737,71.91393648469331,924542,71.98973388671875,73.43938179016114,73.37305838267008,46.59161002738878,0.0866663071867606,0.3498411236393057,-0.2631748164525451,76.2674313320411,73.43938179016114,70.61133224828117,1410406.75,0.6555144464531243,1.7821281857217168,-0.7915665664735227,-0.09216583404251244,0.5984531649308789,1.1770303926861292,1.519659984190458
2025-06-10,71.8191909790039,72.10343144950657,71.15594875705914,71.53494327978196,507350,72.12238311767578,73.38253326416016,73.1393461227417,48.50502237770573,0.036274539847127585,0.2871278068808701,-0.2508532670337425,76.295904843996,73.38253326416016,70.46916168432432,1294369.5,0.3919668997144942,1.670842119951813,0.7978823362873699,-0.013037526208137251,2.073637303314224,0.7122605187238173,0.4230377157919074
2025-06-11,71.9139404296875,72.38768179321809,71.44019906615691,72.00868725664971,665138,71.83813934326172,73.2783103942871,72.92616265614828,48.834035850236845,0.003938786118780513,0.2304900027284522,-0.22655121660967167,76.24751953732967,73.2783103942871,70.30910125124454,1128503.75,0.5893981300460898,1.5743942008997296,0.13192776107890936,-0.08323425859342315,1.0248967858730973,2.003763964828642,2.462736454848913
2025-06-12,72.76667022705078,73.24041155085003,71.72443353171731,72.3876757222676,821501,71.91393737792968,73.10302619934082,72.76193243662516,51.81773765974628,0.046583649099986246,0.193708732002759,-0.14712508290277276,75.72117945589632,73.10302619934082,70.48487294278532,958430.35,0.8571316632450131,1.566605376664128,1.1857642513651845,-0.2723416236173337,-0.8112082280176014,-1.1093219543732435,-2.4667992046464526
2025-06-13,71.62969207763672,73.61940434087562,71.53494525152429,73.05091615548157,2465155,71.87603759765625,72.9324794769287,72.54716981252035,47.814092871233974,-0.011235112894794952,0.15271996302324825,-0.1639550759180432,75.4620787992107,72.9324794769287,70.40288015464671,927083.1,2.6590442647482195,1.6356525383557545,-1.5624985255837553,-0.9470802353383045,-0.9640740581055907,-2.734276123599755,-3.1776802859828535
2025-06-16,71.34544372558594,71.72443098821046,70.20846025155635,71.44019054124207,970020,71.89498748779297,72.74298286437988,72.27871634165446,46.8397272131583,-0.07908175948853113,0.10635961852089237,-0.1854413780094235,75.1422106190068,72.74298286437988,70.34375510975296,904498.75,1.0724392930338489,1.6196949647955354,-0.3968303420077479,-0.06841860324496851,-0.10442115322505385,0.14416104954702025,1.2391058331131521
2025-06-17,71.9139404296875,73.99839953773429,71.62969272008134,71.62969272008134,1345046,71.91393737792968,72.63402252197265,72.0386874516805,49.074907475049,-0.0859865830226596,0.067890378212182,-0.1538769612348416,74.97223218026099,72.63402252197265,70.29581286368432,910198.7,1.4777498583551043,1.7574630777759106,0.7968227183338561,-1.694628077349214,0.7332888142830063,1.1276319585431072,1.1247182022647628
2025-06-18,71.8191909790039,72.38767914872851,71.8191909790039,71.91393780250479,389046,71.89498748779297,72.52506217956542,71.78760471343995,48.707326455801365,-0.09797480170908557,0.03471734222792848,-0.13269214393701406,74.79775125570083,72.52506217956542,70.25237310343002,867551.0,0.4484416478109068,1.5989330900357364,-0.13175394105435778,2.213760753044025,0.6534454580739535,0.8778247307904552,1.3411838698542677
2025-06-19,70.11371612548828,72.00868142617715,70.11371612548828,71.81918778759585,1090010,71.36439666748046,72.28345413208008,71.50651810963949,42.53196554463911,-0.2423000348440354,-0.020686133186464298,-0.2216139016575711,74.49923748345752,72.28345413208008,70.06767078070264,879526.0,1.239315267541835,1.6384040514561538,-2.3746784533039578,-0.3555156620861588,-1.579973732043427,-2.0931286284358697,-0.9683647164807074
2025-06-20,68.97673797607422,70.58745554672679,68.40824261822624,70.49270872999172,828200,70.83380584716797,72.02763366699219,71.23490645090739,38.98350172454894,-0.44331321762560094,-0.10521155007429164,-0.3381016675513093,74.52696223297906,72.02763366699219,69.52830510100532,886535.9,0.9341979270100624,1.7105119017287396,-1.6216201511543349,0.1001978324495223,0.19197052457564645,-0.8647704562750547,2.9009042539542618
2025-06-23,69.1662368774414,69.4504845780145,67.46076513144142,68.12400735653888,521210,70.39796447753906,71.80971298217773,70.96645310719808,39.88373728322055,-0.5806334545377041,-0.20029593096697415,-0.3803375235707299,74.51130312033875,71.80971298217773,69.1081228440167,876893.85,0.5943820908311764,1.747739574374651,0.27472870844214015,-0.1295159830334014,-1.423044541892171,-0.6299917910087438,-1.2986932279929753
2025-06-24,71.53494262695312,72.10343079148971,70.01897177861584,70.01897177861584,1147231,70.3221649169922,71.69601516723633,70.72800337473551,49.84495837762095,-0.49264704526804337,-0.25876615382718804,-0.23388089144085533,74.22951740318734,71.69601516723633,69.1625129312853,900500.4,1.2739927711303627,1.9063334863311387,3.424656098768142,0.4770922482972173,2.101692545040379,1.2435955717936098,0.44928666685848384
2025-06-25,71.9139404296875,72.29293496625588,71.25069818351295,72.19818091057414,716284,70.3411148071289,71.61547966003418,70.50850327809651,51.237215238317596,-0.38786417003501583,-0.2845857570687536,-0.10327841296626222,74.00239019855029,71.61547966003418,69.22856912151808,885514.1,0.8088905642496264,1.791120592519378,0.52980793555788,-0.727242575527054,1.0899645222608445,0.8670555778443667,1.5654976563831413
2025-06-26,72.67191314697266,73.5246489399734,72.48241951684743,72.48241951684743,1791005,70.85275421142578,71.61074180603028,70.36953907012939,53.98812454206405,-0.24088416019681347,-0.2758454376943656,0.03496127749755212,73.98838934576371,71.61074180603028,69.23309426629685,927614.25,1.9307648626570797,1.7670656482215814,1.05399970124882,-0.3944568587657682,0.27520638301874456,1.1461285328474569,0.0943683278643137
2025-06-27,73.61940002441406,74.18789540519549,72.29293007917487,73.42990638329962,1656216,71.78128662109376,71.60600395202637,70.3269021987915,57.23579871106375,-0.04740076442858765,-0.23015650304121,0.18275573861262234,73.9663179425333,71.60600395202637,69.24568996151945,977671.35,1.6940416633871904,1.7841189385947873,1.3037868915397821,-1.7820919230510768,0.39008940370151013,2.148256806151494,5.311127734872079
2025-06-30,72.00868225097656,73.42990624277215,72.00868225097656,73.05091173254952,964187,72.34977569580079,71.65811538696289,70.2179417292277,50.68608665296453,-0.02376133640086664,-0.18887746971314134,0.1651161333122747,74.00495887516398,71.65811538696289,69.3112718987618,961855.7,1.0024237523362391,1.7609987832404825,-2.1878985334074286,0.957698278482022,-1.4351611940869091,-0.4391116443399512,1.1936711152533475
2025-07-01,71.9139404296875,73.14566363763531,71.81919360272529,72.67192227410473,781200,72.42557525634766,71.69601516723633,70.09003162384033,50.32132140230914,-0.012527384671159325,-0.15360745270474496,0.14108006803358564,74.03317477994366,71.69601516723633,69.35885555452899,977665.65,0.7990461769828979,1.7030616167964203,-0.1315699972940121,0.3835740796985343,1.3376209140048223,-1.717725824914318,-3.5092874054519663
2025-07-02,72.00868225097656,72.48242358157509,71.62968774075394,71.91393543060066,453296,72.44452362060547,71.62969131469727,70.09634812672932,50.70337698483539,0.003974658805915965,-0.12209103040261278,0.12606568920852873,73.84299970549766,71.62969131469727,69.41638292389688,959521.05,0.4724190261380925,1.5896848466663847,0.1317433319923511,0.06608253165516498,0.10649919614669212,-0.7557921709203441,-1.8643016915857236
2025-07-03,72.76667022705078,73.71415287464926,72.76667022705078,72.76667022705078,1105156,72.46347503662109,71.64864082336426,70.23373305002848,53.76685800511458,0.07732459228468258,-0.08220790586515372,0.1595324981498363,73.89550901085644,71.64864082336426,69.40177263587208,980682.6,1.1269252661360567,1.6051229502672262,1.0526341440777243,-0.8820979000624507,0.5989548437806524,2.64160961084583,1.6817172167155503
2025-07-04,70.8717041015625,73.14565664618341,70.58745641912546,72.95616301037128,945080,71.91393585205078,71.60126647949218,70.44691664377848,46.06048009347228,-0.017254091977846997,-0.06921714308769239,0.05196305110984539,73.87281294283198,71.60126647949218,69.32972001615238,1004343.65,0.9409926572443605,1.7321999205059897,-2.6041677042188405,-0.17605120273233021,-0.7285295494271593,-1.2056576605923408,-0.8269516205805627
2025-07-07,69.45048522949219,70.58746158501133,69.45048522949219,70.58746158501133,668100,71.40229644775391,71.51125602722168,70.5400857925415,41.28149910828672,-0.20453115813812417,-0.09627994609777875,-0.10825121204034542,73.97576440463607,71.51125602722168,69.04674764980729,991521.55,0.6738128888877907,1.6907357807145662,-2.0053403401075864,-0.05568275052999505,-0.526795861514584,-2.0887191463797583,-2.038297252571064
2025-07-08,69.1662368774414,69.92422592649012,68.69249552896578,69.54523140196576,502650,70.85275573730469,71.37860832214355,70.62851746877034,40.3791274523276,-0.37160244708097423,-0.15134444629441784,-0.22025800078655638,74.05021103178196,71.37860832214355,68.70700561250514,991286.55,0.5070683144041448,1.62953506295587,-0.4092820246129447,0.57887679791917,-0.2962771383824059,1.7018188488238994,3.02648191246373
2025-07-09,70.20846557617188,70.39796645057457,69.16623606747432,69.16623606747432,468017,70.49271240234376,71.29333457946777,70.7074743270874,45.11633934989541,-0.41512321946419206,-0.20410020092837272,-0.21102301853581934,74.00161277741388,71.29333457946777,68.58505638152165,981430.5,0.4768722797997413,1.5764944389751216,1.5068460361335578,0.13347628020465852,0.7366883497436749,1.4848119494173195,0.5201955547422754
2025-07-10,70.11371612548828,70.87170513725141,69.73472161960672,70.87170513725141,476202,69.96212158203124,71.16068687438965,70.72484480539957,44.76808913132043,-0.45204830250312966,-0.2536898212433241,-0.19835848125980554,73.82463861969563,71.16068687438965,68.49673512908367,964165.55,0.49390065845020076,1.5178929827977314,-0.1349544530079405,0.3384095530795994,0.7379596142790046,-1.0218347230120495,-1.6133902279271362
2025-07-11,71.25069427490234,71.62968879068016,70.2084647780527,70.2084647780527,707005,70.03791961669921,71.14173698425293,70.80695985158285,49.77780750639127,-0.3851275516259278,-0.2799773673198449,-0.10515018430608292,73.7970192377011,71.14173698425293,68.48645473080477,876258.05,0.8068456546561825,1.5176369404502847,1.6216201511543238,0.12805520532523929,0.25461005750608834,1.7831991301958006,3.0012322579103357
2025-07-14,70.3979721069336,71.25070080974378,70.11372438685034,71.25070080974378,432080,70.2274169921875,71.09436340332032,70.90486647288004,46.38003400872741,-0.39633126674100083,-0.3032481472040761,-0.09308311953692472,73.7680871184836,71.09436340332032,68.42063968815702,849361.05,0.5087118134272816,1.4668822047760388,-1.1967913809776243,-0.10259100165578294,-0.5980326954644122,-2.097744442073457,-0.0901162268067246
2025-07-15,71.25069427490234,71.62968879068016,70.68220611559519,70.68220611559519,540250,70.6443084716797,71.06120109558105,70.99487730662028,50.05170699842734,-0.33256908977962496,-0.3091123357191859,-0.023456754060439067,73.70844518251354,71.06120109558105,68.41395700864857,809121.25,0.66769968036311,1.4355268019721097,1.2112879710135305,0.45562082851131613,0.9770905870307711,0.7534669933970006,1.4732434091044633
2025-07-16,72.76667022705078,74.56688147451275,71.72443353171731,71.72443353171731,3215772,71.15594940185547,71.1085750579834,71.17174072265625,55.841007100850774,-0.1578904525042617,-0.2788679590762011,0.1209775065719394,73.845331548268,71.1085750579834,68.3718185676988,950457.55,3.3833936086887832,1.6862815216572165,2.1276648144640253,0.14311890542244576,0.9062948249833447,-0.30380651764122524,-2.103709012563515
2025-07-17,72.95616149902344,73.33515599151535,72.38767337464492,73.33515599151535,1070005,71.7244384765625,71.25069732666016,71.34544576009115,56.51940189087312,-0.004118536048494548,-0.22391807447065978,0.21979953842216524,74.06407057786286,71.25069732666016,68.43732407545745,949457.3,1.1269648461284145,1.5877750010189784,0.2604094311054794,0.04389327295191148,0.3054255543222917,0.8438794912337899,0.48426656067541707
2025-07-18,73.14566040039062,73.90364943998068,72.76667310931482,73.80890261721173,707213,72.10343170166016,71.45914344787597,71.47967249552408,57.227077836613034,0.13152169303360495,-0.15283012096980686,0.2843518140034118,74.17934375799072,71.45914344787597,68.73894313776123,943407.95,0.7496364642676586,1.5276685116385627,0.2597435192224662,0.007486413359902855,1.1675174216255968,0.650862116387585,0.9036126328488381
2025-07-21,72.95616149902344,73.71415048400726,72.57716700653152,73.33515599151535,425005,72.61506958007813,71.64863967895508,71.60442428588867,56.24130020318433,0.22117698359529925,-0.07802870005678564,0.2992056836520849,74.22026796824493,71.64863967895508,69.07701138966523,938597.7,0.4528084822709453,1.475577173750186,-0.2590706001284193,-0.08570458320372731,-0.182055656943525,0.650862116387585,0.9036126328488381
2025-07-22,71.25069427490234,73.5246541408501,71.15594745313767,73.2404136755561,1114320,72.61506958007813,71.63442726135254,71.6944351196289,48.19492844337179,0.152850529734053,-0.03185285409861791,0.1847033838326709,74.2118366480083,71.63442726135254,69.05701787469678,936952.15,1.1893029969566749,1.5946611089451521,-2.3376603004859553,-0.15113747849135883,-1.5108489973571504,-0.946881483677009,-1.1343290530570815
2025-07-23,72.86141967773438,73.05091332261078,71.72443612231835,71.72443612231835,708005,72.63401947021484,71.68180122375489,71.77339197794596,54.77573431322984,0.22606743670988294,0.019731204063082257,0.20633623264680068,74.31506747162484,71.68180122375489,69.04853497588493,936538.2,0.7559809092677694,1.6220688341135903,2.2606452038452574,0.22295619800545285,1.4387991654924104,4.103516858753897,9.601448120741507
2025-07-24,72.76667022705078,73.61939882691428,72.3876757222676,73.05091068409897,576043,72.59612121582032,71.6865390777588,71.82708269755045,54.338459962670136,0.2732964824431292,0.07044425973909166,0.20285222270403755,74.327635463589,71.6865390777588,69.04544269192859,875790.1,0.6577409358703644,1.570022736851335,-0.13004063206930594,-0.5605654715466812,0.23612215902308886,1.1646253123178463,1.5151587711526693
2025-07-25,71.72443389892578,72.95616423859748,71.62968707942464,72.95616423859748,750025,72.31187591552734,71.59179077148437,71.88551063537598,49.64379150360931,0.22404344671484466,0.10116409713424226,0.1228793495806024,74.07198782706577,71.59179077148437,69.11159371590297,830480.55,0.9031216926151973,1.537549993160869,-1.432299052399888,0.5363622959012604,-0.040000501364123586,-2.0146148448369483,-1.4654053463913241
2025-07-28,72.86141967773438,73.05091332261078,71.91393699591394,72.29293151438596,579046,72.29292755126953,71.63442764282226,71.93920135498047,54.28401784887885,0.27360140453394877,0.13565155861418357,0.1379498459197652,74.17342221431818,71.63442764282226,69.09543307132634,811223.5,0.7137934243768825,1.5094072505640865,1.585214015646108,0.27559243417745183,0.20800726399519132,1.1070894088022643,1.679976652722992
2025-07-29,73.14566040039062,73.61940174295461,72.29293176675084,73.24041445187879,797100,72.67192077636719,71.69601364135742,72.04816182454427,55.39071142487345,0.33198537324190625,0.1749183215397281,0.15706705170217813,74.3218241591183,71.69601364135742,69.07020312359656,812018.5,0.9816278816307756,1.4850156139827109,0.39011142510458896,0.6277126261405197,-0.9031782082688844,-0.5586557970433614,-2.4377050148500556
2025-07-30,72.95616149902344,73.52464962340196,72.38767337464492,73.14565513091004,597130,72.690869140625,71.74338760375977,72.15238482157389,54.444435234345384,0.3588277682944323,0.21170021089066898,0.14712755740376332,74.42651261897645,71.74338760375977,69.0602625885431,819210.2,0.7289093812552627,1.4386103652859545,-0.2590706001284193,0.10959038727660353,1.1214833214890696,-3.0786448194715654,0.36090920410511984
2025-07-31,72.95616149902344,73.24040917557204,72.48242019058821,73.14565513091004,532004,72.72876739501953,71.7528621673584,72.24871215820312,54.444435234345384,0.3757689294518798,0.24451395460291117,0.13125497484896861,74.45248892991897,71.7528621673584,69.05323540479783,790552.6,0.6729520591039736,1.3478608479123373,0.0,0.46648917126204115,0.34438577266941994,5.14721434318266,2.738588658616825
2025-08-04,74.37739562988281,75.13538471887267,72.67192379401546,73.71416059855645,1729600,73.25935974121094,71.92814674377442,72.30871963500977,60.33806874157199,0.49813445442212867,0.29523805456675467,0.202896399855374,74.83422639008359,71.92814674377442,69.02206709746525,829778.6,2.0844114321579275,1.4966075248383213,1.9480659366630793,-0.30428543721531254,-0.23658148505263377,-1.6244429900783564,-5.063962582458492
2025-08-05,74.94587707519531,75.7038660958454,74.66163661399081,74.66163661399081,2589330,73.67625122070312,72.20291633605957,72.38451805114747,62.431692646136426,0.633677081253694,0.36292585990414256,0.2707512213495515,75.16133316099251,72.20291633605957,69.24449951112663,925840.1,2.7967356350194814,1.47392258365489,0.7643201815527023,0.23176060718361757,1.204718422705664,1.276981621170048,1.824817365577136
2025-08-06,74.85112762451172,75.79861025267009,74.75638080743964,75.13537530444674,1860100,74.01734466552735,72.48716087341309,72.4161008199056,61.84571704950486,0.7250916950272597,0.43535902692876605,0.28973266809849363,75.3062236059092,72.48716087341309,69.66809814091698,993712.6,1.8718691903473903,1.416363498531631,-0.12642383327975404,0.1783585840453794,-0.9012052115274116,0.5869602630479642,-0.24813640929360892
2025-08-07,74.85112762451172,75.60911661852593,74.4721331275046,75.41961575566299,1100392,74.396337890625,72.71929397583008,72.43031298319498,61.84571704950486,0.7884496779549579,0.5059771571340044,0.28247252082095353,75.51278135577878,72.71929397583008,69.92580659588138,1025331.35,1.0732062371837163,1.3791128308635903,0.0,-0.07582910609321702,2.3730184169192814,1.9667096183160648,3.758980768953557
2025-08-08,75.32487487792969,75.60912258027754,74.75638670195333,74.75638670195333,1697484,74.87008056640624,72.97985191345215,72.41452166239421,63.81514728258197,0.8668957454449924,0.5781608747962019,0.28873487064879044,75.7216981182149,72.97985191345215,70.2380057086894,1086395.45,1.5624918164007406,1.308929237191673,0.6329193272738731,-0.3563459079548914,0.07286453218204869,2.077152526035553,1.4917444537545066
2025-08-11,74.75637817382812,75.60911395487318,74.47213050390694,75.60911395487318,1468960,74.94587707519531,73.15513610839844,72.40978418986002,59.824508893793286,0.8731270214083509,0.6371541041186317,0.23597291728971914,75.87971203233333,73.15513610839844,70.43056018446354,1124493.2,1.306330709692153,1.2860031323616155,-0.7547263835789408,0.1439209000700048,0.4755796968586967,2.077152526035553,1.4917444537545066
2025-08-12,74.75637817382812,75.23011947121776,74.09313602025152,74.85112498756234,2012975,74.90797729492188,73.37305641174316,72.40346755981446,59.824508893793286,0.8680589097396592,0.6833350652428372,0.184723844496822,75.85554154114315,73.37305641174316,70.89057128234317,1203537.95,1.672548007314601,1.266133841508899,0.0,0.3249476487076741,0.09471266391829491,-0.9136255757229428,0.6824120156242897
2025-08-13,78.35681915283203,80.06229096426878,75.70387183680991,75.70387183680991,9016822,75.60911560058594,73.72836265563964,72.47452875773112,72.46972510970312,1.1414104227432489,0.7749501367429195,0.3664602860003294,76.87668212262918,73.72836265563964,70.58004318865011,1627366.55,5.540744339374555,1.8047710346998003,4.816232496753581,-0.23340628022624488,0.8761363011638768,1.6974124435986448,3.9624633540440213
2025-08-14,79.3042984008789,79.96754062227602,77.97782841552322,78.83055705504637,6983445,76.49974975585937,74.05524406433105,72.56296043395996,74.7243108931699,1.4181495775304995,0.9035900249004356,0.5145595526300639,78.03177459298988,74.05524406433105,70.07871353567222,1815750.2,3.8460384033001898,1.8294298576402002,1.2091854394942425,0.20617018015440802,-0.541320542258239,-1.7308933714739072,-3.1594770424557383
2025-08-15,78.83055114746094,79.77803376812138,78.45156388217174,79.77803376812138,2936434,77.20088500976563,74.34896354675293,72.62770500183106,71.56829926292728,1.5810149512076208,1.0390750101618726,0.5419399410457482,78.82065059519407,74.34896354675293,69.87727649831179,1909071.65,1.5381476122176976,1.7623685280814583,-0.5973790361566533,0.4652728781409321,0.39764198071750023,0.6500278671424109,-0.6991252799552372
2025-08-18,77.88307189941406,78.64106092025352,77.21983692771882,78.64106092025352,3449355,77.82622375488282,74.5858341217041,72.69087041219076,65.6007858581444,1.6150163728915743,1.154263282707813,0.4607530901837613,79.28523518168097,74.5858341217041,69.88643306172722,2046178.75,1.6857544825934685,1.7421479536362134,-1.2019188427016214,-0.2992125774545329,0.6083510296844397,1.8125001102816007,0.3129106989349095
2025-08-19,77.21983337402344,78.6410573011527,77.03033974189368,78.45156366902295,3328320,78.31891479492188,74.7990177154541,72.75245679219564,61.721146026881804,1.5703430018390918,1.2374792265340688,0.332863775305023,79.57337759744547,74.7990177154541,70.02465783346273,2191344.5,1.518848359990864,1.724623901052587,-0.8515823903905595,0.12037876283805815,-0.5269863303297595,-0.7571068801660807,1.7416204487505027
2025-08-20,77.03034210205078,77.78832388251254,75.79861176931189,77.6935770635447,7084822,78.05361938476562,75.08800010681152,72.80614751180013,60.61811196840774,1.50233073784473,1.2904495287962012,0.2118812090485287,79.65312940508554,75.08800010681152,70.5228708085375,2489869.6,2.845459055365791,1.7599689960056626,-0.2453919721049247,0.2737679299698925,-2.989552002278928,-1.4432982913029635,-1.5074106616678518
2025-08-21,79.78845977783203,80.18247836621056,77.62136881466938,77.62136881466938,3708405,78.15045166015625,75.43435211181641,72.9105443318685,69.23607999192458,1.6519449810699314,1.3627486192509473,0.2891963618189841,80.32751366984563,75.43435211181641,70.54119055378719,2639889.6,1.4047576080454274,1.9455912984262114,3.5805600760895784,0.5739473988298771,1.4251223005524505,0.02091870534581819,-0.7263305452053004
2025-08-22,83.72863006591797,86.38824236778241,80.37948336022536,80.37948336022536,8605576,79.13006744384765,75.98245010375976,73.09324366251627,76.9845332243269,2.0646541122068385,1.5031297178421255,0.561524394364713,81.95430839909218,75.98245010375976,70.01059180842734,3041366.25,2.8295099283093577,2.5661501372961,4.93827089663994,0.7790624202977492,-0.8248855555042067,-0.020914330338672737,0.07838957698960147
2025-08-25,85.00919342041016,87.17628449206711,84.51667203909905,85.99423618303238,5860230,80.55529174804687,76.64668807983398,73.28149426778158,78.84908032950503,2.4666261023481724,1.695828994743335,0.7707971076048374,83.51272709346973,76.64668807983398,69.78064906619822,3296876.5,1.7775097126022161,2.683684042476506,1.5294211233171096,-0.4872876866823028,2.158306669891674,1.6108758089712572,-1.3054804045987467
2025-08-26,83.9256362915039,85.30469759522485,83.23610939728319,85.30469759522485,2742352,81.89645233154297,77.19989891052246,73.4974806467692,73.42840850344234,2.6670141173626973,1.8900660192672074,0.7769480980954899,84.54780690464699,77.19989891052246,69.85199091639794,3405041.8,0.8053798341036519,2.6016712632051937,-1.2746352309773723,0.2525750082704059,0.11417520761634048,-0.16471710058513223,0.8465564944438064
2025-08-27,84.81217956542969,85.2061981698491,83.82713681202102,84.41816096101026,2045399,83.45281982421875,77.78322486877441,73.72508455912272,74.94603782690068,2.8643413519195775,2.0849210857976814,0.7794202661218961,85.61252751808242,77.78322486877441,69.9539222194664,3467456.75,0.5898845025247972,2.438656609154912,1.0563438218645027,0.3370125372272659,0.8837683642618943,0.10312574683200015,0.9706243288598149
2025-08-28,85.30470275878906,86.19124275879264,84.4181627587855,84.91068414597859,2146405,84.55606842041016,78.4006519317627,73.92457695007325,75.77387242459403,3.025589994396853,2.2730548675175157,0.7525351268793372,86.56750625358498,78.4006519317627,70.23379760994041,3544920.5,0.6054874855444572,2.349913061268542,0.5807222451810867,0.09297408164834486,-1.1560045814190012,0.5562355438341049,1.1171703615763695
2025-08-29,86.97927856445312,87.86581103470385,85.40320413894109,85.69871997254455,5014735,85.2061981201172,79.10180778503418,74.1677702585856,78.38852706017722,3.2510291375941733,2.4686497215328473,0.782379416061326,87.69716930537264,79.10180778503418,70.50644626469573,3769057.05,1.3305012191311882,2.3780724232213757,1.9630521548139823,-0.2688503744142423,-0.01382054501782859,-0.34829000854138537,-0.5138735784472992
2025-09-01,83.82713317871094,87.07777713017913,83.33461182335391,87.07777713017913,3172035,84.96978607177735,79.57429466247558,74.36790262858072,64.31697362439499,3.1391532886713804,2.602750434960554,0.5364028537108263,88.11490836269203,79.57429466247558,71.03368096225913,3841178.8,0.8257972786895523,2.5600848077018883,-3.624018775237825,0.2220177645487098,-0.6659038390721239,-0.5756596973476857,-1.1105407117019683
2025-09-02,83.23611450195312,84.71367866470969,81.95555588811878,84.02415172820194,1958600,84.83188171386719,79.98880653381347,74.56765963236491,62.06723738560717,2.96858065460394,2.6759164788892313,0.2926641757147088,88.38711669758091,79.98880653381347,71.59049637004604,3809642.3,0.5141165090486317,2.5864898702204244,-0.7050446011291123,0.2120392800051274,-0.2282809370366512,0.7237383308513756,-0.235045901727593
2025-09-03,84.81217956542969,85.1076953975642,83.03910711846197,83.13760989074689,1442174,84.83188171386719,80.48685913085937,74.78420944213867,65.52987093758392,2.9268371354882134,2.726100610209028,0.2007365252791855,88.78312613756395,80.48685913085937,72.19059212415479,3788746.0,0.38064678920149303,2.5174363247379987,1.893487067370958,0.38758813655075386,0.3477630507512153,-0.47217246793883616,-0.8115186394509144
2025-09-04,83.43312072753906,85.69872213491905,83.43312072753906,85.60021935965905,1485506,84.45756530761719,80.91595878601075,74.9761957804362,60.33962426970906,2.7507674381671023,2.731033975800643,0.019733462366459342,88.86540003978779,80.91595878601075,72.96651753223371,3808001.7,0.39010119139390087,2.483858335756931,-1.6260150899986336,-0.07155659478953469,0.33007400549494026,1.1963593433285569,1.5835346427000907
2025-09-05,85.6002197265625,86.09274112025356,83.63013415179826,84.31966109685372,2357645,84.18175354003907,81.42972602844239,75.19008827209473,65.02730880863112,2.7543473112630608,2.7356966428931266,0.01865066836993412,89.18347042614785,81.42972602844239,73.67598163073693,3841009.75,0.6138086475828394,2.507293276684607,2.5974085352750587,-0.09113950204554522,1.3016229374229527,1.8956378100669857,5.637823573437939
2025-09-08,86.28974151611328,87.1762814748456,85.20619601778695,86.19123874631627,1737491,84.67427520751953,82.00639419555664,75.43442242940267,66.38857303335865,2.7807680689945613,2.7447109281134137,0.03605714088114764,89.3764313779375,82.00639419555664,74.63635701317578,3854436.3,0.45077693980829314,2.4356655674011454,0.8055140416150408,-0.7004631226877445,0.215561079559623,1.0002039096841608,2.3610490578921617
2025-09-09,83.63013458251953,84.12265597874723,81.66004899760873,84.12265597874723,5163400,84.75307922363281,82.45008201599121,75.63916727701823,57.148555771819105,2.557616051785331,2.7072919528477972,-0.1496759010624662,89.0058268043807,82.45008201599121,75.89433722760172,4011957.55,1.2870026503645335,2.7282024942149334,-3.082182061116856,-0.4852509178164821,1.2538968205540568,-2.6539900039598496,-4.132635525885542
2025-09-10,83.82713317871094,84.02414623002143,83.03910351930736,83.23610905533839,1611617,84.55606994628906,82.72359771728516,75.83772048950195,57.619078066947985,2.369350216325728,2.6397036055433833,-0.2703533892176555,89.01125904271322,82.72359771728516,76.4359363918571,3641697.3,0.4425455679690896,2.495781189748152,0.2355593437399328,0.06758799645232294,1.3575043934189956,1.0986845546368196,1.0275687429142533
2025-09-11,82.64508819580078,84.3196578640353,82.4480751367098,84.1226523202241,2072286,84.39846343994141,82.89063720703125,76.0181521097819,53.80169077671954,2.100553164650009,2.531873517364709,-0.43132035271470004,88.96987305907525,82.89063720703125,76.81140135498724,3396139.35,0.6101887426969096,2.412554728091799,-1.4100983036007597,-0.3782383940657219,0.09177735950691712,0.30187574446240983,-1.215574993561963
2025-09-12,86.19123840332031,87.27478389733471,83.03910469068215,83.03910469068215,4985921,84.51666717529297,83.25867156982422,76.28611081441244,61.946830837876625,2.148903033428141,2.455279420577395,-0.3063763871492542,89.19246327832846,83.25867156982422,77.32487986131997,3498613.7,1.4251133241717997,2.70817352455075,4.290817863389629,0.17595008979807147,1.026858565050115,1.4847435181293944,-0.5524888065323696
2025-09-15,82.44807434082031,85.79722116023909,82.25106879891085,85.69871838928437,3241000,83.74833374023437,83.48692169189454,76.5106330871582,51.604340458151384,1.8636950790984486,2.336962552281606,-0.4732674731831574,88.87628710471384,83.48692169189454,78.09755627907523,3488195.95,0.9291335826475,2.8724396685319116,-4.342859125639165,-0.0168380656651812,-0.4611663437352198,1.4847435181293944,-0.5524888065323696
2025-09-16,82.74359130859375,83.33461545774203,82.15256715944547,82.94059685321658,974000,83.57102508544922,83.76310958862305,76.7369223276774,52.28169997761094,1.6425768663935827,2.1980854151040017,-0.555508548710419,88.29871218573697,83.76310958862305,79.22750699150913,3370479.95,0.288979615499567,2.647054152500532,0.35842798044238844,-0.29982346654272574,1.0745701295846288,4.171615473886758,2.095961033914717
2025-09-17,83.53163146972656,84.91068536138293,82.94059978441089,83.03911007548355,1682110,83.51192474365234,84.08817405700684,76.93686714172364,54.12558557489448,1.5134808793631294,2.0611645079558274,-0.547683628592698,87.34314977149836,84.08817405700684,80.83319834251532,3100344.35,0.542555861577118,2.5830594725390186,0.9523881531728673,-0.48651948491017505,-0.7467550083917751,0.28467844299508993,3.5122461138007433
2025-09-18,85.7972183227539,86.88076379798035,82.94059296786278,84.02414595836868,2781773,84.14235076904296,84.38861198425293,77.16825510660807,59.02742736987525,1.5758202296022574,1.9640956522851134,-0.388275422682856,87.0225463334867,84.38861198425293,81.75467763501916,3054012.75,0.9108583453032408,2.7640076535494913,2.712250213679157,0.1304608418786879,1.3016200996530891,0.3595734788724547,3.2257968804946024
2025-09-19,90.13140869140625,92.10149412728398,86.97927500011369,87.66880189655909,15863145,84.93038482666016,84.70875091552735,77.4592466990153,66.4198018842886,1.952450915413138,1.9617667049107186,-0.009315789497580607,88.36353890483267,84.70875091552735,81.05396292622203,3416891.2,4.64256661142737,3.23604340701357,5.0516677036636315,0.08010681923562579,-0.7411524345470877,-1.7160033765390659,-3.2870225642696593
2025-09-22,90.42692565917969,94.07158075564247,89.44188292875411,91.11645256436574,12483418,86.52615509033203,84.97963752746583,77.73937212626139,66.85885529469115,2.248855787304862,2.0191845213895476,0.2296712659153144,89.44205775802072,84.97963752746583,80.51721729691093,3748050.6,3.3306428680551963,3.4218639963302087,0.32787345950093805,0.35037367829144905,1.1815861562103347,7.674597135005956,4.1646645174620245
2025-09-23,88.06282043457031,90.72243276531631,87.86580738193165,90.62392999663675,3880235,87.59000091552734,85.18649673461914,78.00694109598795,60.09013812664815,2.2668642497890374,2.0687204670694457,0.19814378271959177,89.8233504000259,85.18649673461914,80.54964306921238,3804944.75,1.0197874752320648,3.34649884793747,-2.6143819524725664,0.005624330335418648,1.417160099788184,7.674597135005956,4.1646645174620245
2025-09-24,89.44188690185547,90.13141383767102,86.8807696767578,88.16132828930662,3681567,88.77205200195313,85.41798210144043,78.29907353719075,62.4765906613543,2.3651512334584766,2.128006620347252,0.2371446131112247,90.42373624778031,85.41798210144043,80.41222795510055,3886753.15,0.9472088547738104,3.333718223000904,1.5660030651752699,0.18631834557791827,-0.19292856211109433,-0.21383577000940734,-2.251841649683517
2025-09-25,86.09273529052734,90.13140894226129,85.89572223722352,88.75234763025274,4199465,88.8311553955078,85.45738372802734,78.5338077545166,54.02730197059176,2.1480346250769173,2.132012221293185,0.01602240378373221,90.47178171608978,85.45738372802734,80.4429857399649,3989406.15,1.0526541650816876,3.4539806872724856,-3.7445001747370865,0.2976129160905838,-0.6599329621733818,0.0,0.7522293552873593
2025-09-26,84.41815948486328,87.66880352038258,84.3196567143008,86.09273664554401,3839343,87.68850555419922,85.32932777404785,78.72799924214681,50.360027042647616,1.819865598399332,2.0695828967144148,-0.24971729831508283,90.31078276558134,85.32932777404785,80.34787278251437,3930636.55,0.9767738510445593,3.4400028364470576,-1.9450837518555586,0.6501132916399088,-1.7043185521454118,0.2321407203542014,-0.6066238780146782
2025-09-30,85.69872283935547,85.69872283935547,84.12265587640034,84.51667449595915,1181269,86.74286499023438,85.42290725708008,78.97511622111003,52.98799407150803,1.64416710607982,1.9844997385874958,-0.34033263250767587,90.35562226531734,85.42290725708008,80.49019224884283,3831098.25,0.3083369109628029,3.1914780533147997,1.5169287772991646,0.046643707979932,0.9390763957033643,2.4563311042782088,2.2851718986223624
2025-10-01,85.30470275878906,87.07778275879622,84.91068414597859,85.69872137159953,1186110,86.19124145507813,85.52633666992188,79.23935317993164,52.074479905742685,1.4563428437777048,1.8788683596255378,-0.42252551584783293,90.35156476499508,85.52633666992188,80.70110857484867,3792473.75,0.31275364793230276,3.0548941279151767,-0.4597735736447395,-0.05285909728485194,0.6288447090782023,-2.7526169612526075,-1.3497748788239283
2025-10-02,85.10769653320312,86.28974484695432,85.00919375960385,85.89572623727729,935850,85.32440338134765,85.54111251831054,79.50504417419434,51.59552336575226,1.276874986727563,1.758469685045943,-0.48159469831837987,90.35893681401456,85.54111251831054,80.72328822260653,3767157.55,0.24842337693043925,2.818315055839883,-0.23094415573194915,0.01609605957935134,1.5220791911750853,1.1687359817073473,1.6041486635447466
2025-10-03,85.89572143554688,87.5702985542423,85.30469731171061,85.30469731171061,1655235,85.28500061035156,85.66424255371093,79.76649843851725,53.44022737692506,1.1845773702886078,1.643691222094476,-0.45911385180586817,90.38002110677209,85.66424255371093,80.94846400064978,3775644.0,0.4383980587152814,2.7708866511997887,0.9259149694367697,0.055177608565615266,1.4506947270404247,1.9314078330345819,2.623636754652292
2025-10-07,86.78226470947266,88.06282328966273,85.69871918830862,86.28974333482721,2109103,85.75782165527343,85.72334480285645,80.04430758158365,55.49513965337858,1.169486366493885,1.5488502509743578,-0.37936388448047276,90.46530105181611,85.72334480285645,80.98138855389678,3763216.9,0.5604521493300054,2.7166489778870324,1.0321157551380633,0.29750124162626346,1.684868471805201,-1.5281633164298092,-1.3507654566701555
2025-10-08,86.38824462890625,87.27478459115848,85.20619635608969,86.19123908853004,1207057,85.89572601318359,85.7282699584961,80.29660008748372,54.34708700046099,1.1129036492135924,1.4616609306222048,-0.3487572814086124,90.47290703001852,85.7282699584961,80.98363288697368,3736695.2,0.323027952614385,2.6302408788446,-0.45403295464285787,0.0858699164537402,-0.5448692045472381,0.575419506715269,0.17668129194534643
2025-10-09,86.68376159667969,88.06282294331918,86.68376159667969,87.6688043420965,1486656,86.17153778076172,85.88095130920411,80.56802991231282,55.097373875146374,1.0794638009193278,1.3852215046816294,-0.3057577037623016,90.53700723636055,85.88095130920411,81.22489538204766,3552858.0,0.41843946479144395,2.5028192035870434,0.3420800700869364,-0.03831349420129193,0.8802950564221979,0.5547806000514077,0.5952381599259704
2025-10-13,84.41815948486328,84.51666977070542,82.34957124193265,83.82713534620876,1838048,86.03363037109375,85.91050262451172,80.78748766581218,48.51448955133581,0.8602311154052131,1.2802234268263462,-0.419992311421133,90.51893186229418,85.91050262451172,81.30207338672926,3564179.55,0.5157001700433415,2.747002023741709,-2.6136407443388854,0.2671434399057038,-1.3863493889187506,-2.0000022094964653,-3.068157645892322
2025-10-14,81.66004180908203,85.69871539956905,81.66004180908203,84.91067822886355,2235470,85.18649444580078,85.86125030517579,80.93571052551269,41.94437573089831,0.45864362851096985,1.115907467163271,-0.6572638386523011,90.63472228711932,85.86125030517579,81.08777832323226,3572338.75,0.6257721219747148,2.919224899307751,-3.2672089661890835,0.0847841788281345,-0.4838520946744862,-4.204781131940328,-3.2331029692624025
2025-10-15,83.03910827636719,83.43311937100094,81.75854967296779,82.25107105653987,2108963,84.43786315917968,85.70364379882812,81.10375963846842,45.890172110140476,0.2487938498044855,0.9424847436915139,-0.6936908938870284,90.63672146293213,85.70364379882812,80.77056613472412,3428490.85,0.6151286651384821,2.766405254322572,1.6887898129042789,-0.02313105345168598,1.8010593746521364,3.030304127529093,4.018693041938404
2025-10-16,85.7972183227539,86.68375826258625,83.53162460460398,83.53162460460398,1781711,84.31965789794921,85.8711009979248,81.31461893717447,52.7996698905699,0.3015665471131257,0.8143011043758364,-0.5127345572627107,90.56020702461703,85.8711009979248,81.18199497123257,3355526.4,0.5309780903526791,2.8835045519087714,3.321459133697946,-0.24149632990847492,1.364430807973327,-0.07130617162119934,2.3135668392111786
2025-10-17,87.4718017578125,89.54039009010077,85.99423758970946,85.99423758970946,6211489,84.47726593017578,86.10751152038574,81.55654627482096,56.43688618445272,0.47306102504208525,0.7460530885090861,-0.2729920634670009,90.6055760206056,86.10751152038574,81.60944702016589,3617400.85,1.7171138222074558,2.9981268473005174,1.951792223331883,0.006860517943563238,-1.2496442248141726,0.4994642066477706,-0.9659707899298708
2025-10-20,92.39701080322266,93.7760646088663,89.14636679785212,89.44188262207838,13714598,86.07303619384766,86.55078048706055,81.9089848836263,64.98358395315171,0.9949259555314853,0.795827661913566,0.1990982936179193,91.68267601940452,86.55078048706055,81.41888495471657,4219025.25,3.2506555868562295,3.4389449811342896,5.630624894462355,0.03266778205262,1.4147553157768167,3.7806252622347936,5.475500984593995
2025-10-21,101.45940399169922,101.45940399169922,95.25363161522121,95.54914744849343,29614390,90.0329086303711,87.33388977050781,82.38561795552572,74.78585315439179,2.1153822556448745,1.0597385806598278,1.0556436749850466,95.72601222592489,87.33388977050781,78.94176731509073,5560656.1,5.325700684852639,4.188738075446593,9.808102134144448,-0.08033787001248127,0.23034471151326397,-0.1026238111519584,2.7112190353087984
2025-10-22,105.89209747314453,111.30983269270077,99.98184086999228,100.96688363718432,42557162,94.60350646972657,88.12192420959472,82.93770840962728,78.02605749285745,3.322730890941372,1.512337042716137,1.8103938482252353,99.89783773709989,88.12192420959472,76.34601068208956,6895356.95,6.171857716517489,5.140638575081512,4.368933097426808,0.2614607328592866,-0.37294058215946446,1.0101033114862767,1.39145407429897
2025-10-23,108.84722137451172,115.24999910242417,105.89209319239828,106.38461455608385,31785982,99.21350708007813,89.04293899536133,83.55642153422038,79.88216074597287,4.4665298094059125,2.103175596054092,2.3633542133518204,104.02329250369165,89.04293899536133,74.062585487031,7860485.15,4.043768468922049,5.702940886407429,2.7906935190481486,0.22101202829689637,-0.42189869317011963,-1.694915395830987,-2.7648824698371155
2025-10-27,112.78739166259766,116.23504118940195,111.30982757968154,115.24999846745787,20760091,104.27662506103516,90.2791675567627,84.22185440063477,82.05827781849032,5.626083517116825,2.8077571802666386,2.8183263368501867,108.6222453408494,90.2791675567627,71.936089772676,8704477.95,2.3849897856309696,5.927591410205136,3.6199089313717625,0.1894395419437922,1.6757472785653427,0.7620977547480479,2.3927262525623716
2025-10-28,113.27991485595703,115.2500003317128,109.33974390444548,111.30982938020125,10977731,108.45320587158203,91.47106895446777,84.89075864156088,82.31578134247785,6.509740454342179,3.5481538350817465,2.9615866192604323,112.4880853479889,91.47106895446777,70.45405256094664,9069286.15,1.2104294448797384,5.92528007914676,0.4366828473458817,-0.7530777372024122,-0.15904147839432836,-0.9207484955256806,-0.6373160221708751
2025-10-29,111.80235290527344,116.23504531120939,106.87713912090015,115.25000255433473,11669221,110.52179565429688,92.75654983520508,85.53819516499837,78.66806376447649,7.010010999357732,4.240525267936944,2.7694857314207884,115.4653775094081,92.75654983520508,70.04772216100206,9442773.95,1.2357831567068278,6.3829635606350905,-1.3043459227193188,-0.18953750952860338,1.2366435536016018,1.1948149462903013,0.7385858935814227
2025-10-30,108.84722137451172,113.27991364768188,105.3995718287127,111.80234955662516,10605690,111.11282043457031,93.9780029296875,86.13637949625651,71.81378564411787,7.086337703119909,4.809687754973536,2.276649948146373,117.41469733379549,93.9780029296875,70.54130852557952,9781091.3,1.0843053882954756,6.582613995079637,-2.643174722150532,0.3997594261948789,-0.025485081114973163,-0.5903578786495611,-0.7717567318997531
2025-10-31,107.36965942382812,108.84722354433953,105.39957392981293,107.86218079733193,4649461,110.81730804443359,95.06154975891113,86.68625055948893,68.59558588763306,6.947513652131235,5.237252934405077,1.7102607177261584,118.88715328925912,95.06154975891113,71.23594622856314,9954500.9,0.46707123206950535,6.164618744339232,-1.3574640969471585,0.21359802296341268,-0.19153205969807408,11.910262568798569,3.9471103847868116
2025-11-03,108.35470581054688,110.32479137073864,104.41453469016335,107.86218442049893,5761294,109.93077087402344,96.21404991149902,87.2430643717448,69.57448684911853,6.8381536242044945,5.55743307236496,1.2807205518395346,120.28118791039641,96.21404991149902,72.14691191260162,10183260.1,0.5657612536087535,6.13070380250404,0.9174345825485153,0.16628250572858772,0.3585838583650913,11.910262568798569,3.9471103847868116
2025-11-04,103.42948913574219,108.35470290411087,102.93696775890533,108.35470290411087,3990189,107.96068572998047,97.13013954162598,87.71937039693196,59.575241724641494,6.281650236537246,5.702276505199418,0.579373731337828,120.80893728872009,97.13013954162598,73.45134179453187,10335977.05,0.3860485545485997,6.035641702389041,-4.545457105865058,0.3940632008074152,-0.7694810409372921,1.945758379689888,-2.9180660246786116
2025-11-05,101.45940399169922,102.44444674890018,98.9967970986968,99.98183985589777,2980338,105.89209594726563,97.9083236694336,88.16284166971842,56.10196328059285,5.6168997619280105,5.685201156545137,-0.06830139461712648,121.04942366518294,97.9083236694336,74.76722367368426,10402232.2,0.28650946668927463,5.821915080343221,-1.9047615535037643,0.051456216481238215,-1.4208708043573326,-3.499131780813225,-3.15992163667127
2025-11-06,101.45940399169922,102.93696812750066,99.98183985589777,102.44444674890018,2434327,104.41453247070312,98.64218063354492,88.59841715494791,56.10196328059285,5.032073609320463,5.554575647100203,-0.5225020377797396,121.22174745803281,98.64218063354492,76.06261380905704,10418493.4,0.23365441686607008,5.439676839177843,0.0,-0.08441462583944626,0.6580375706382924,0.3895688311258638,1.711102861449998
2025-11-07,97.61773681640625,100.96688373102803,96.14017266424486,99.98184096292044,3469390,102.46414794921876,99.20365524291992,88.97943979899088,49.56663601224698,4.210073132646485,5.28567514420946,-1.0756020115629745,121.04668589442078,99.20365524291992,77.36062459141907,10531610.05,0.32942636344572973,5.423617437614712,-3.7864081831263996,0.2780553192774038,-0.8890464487496197,-2.9253692298762624,-2.4647922636517605
2025-11-10,95.25363159179688,96.43568740931524,92.20000054828078,93.48055913843906,4658344,99.84393310546875,99.63214874267578,89.32106068929036,46.014301432763546,3.329488033202068,4.894437722007981,-1.5649496888059131,120.76577502650193,99.63214874267578,78.49852245884964,10690194.45,0.43575858435390763,5.422833281682812,-2.4217988469202534,-0.038733360616827195,0.7887467877500054,-0.707260430571921,0.5014058445047764
2025-11-11,97.32222747802734,100.96688267582319,95.54914750785218,95.54914750785218,6011024,98.62248077392579,100.27735214233398,89.63715082804362,49.42949442721895,2.76664424498108,4.468879026602601,-1.702234781621521,120.2090131665197,100.27735214233398,80.34569111814827,10898843.25,0.5515286220856511,5.4615556553286115,2.1716714120625813,0.0,-0.30341598250608337,-1.5794386011026895,-2.274999714715076
2025-11-12,97.42073059082031,100.4743616476437,97.02671198326378,98.50427612514089,4304471,97.81474609375,101.0653865814209,89.93909136454265,49.59302019014219,2.30199885585715,4.035502992453511,-1.7335041365963608,119.04885182456889,101.0653865814209,83.0819213382729,11002293.3,0.3912339802830015,5.193034856535454,0.10121337678508091,-0.008074886659015235,0.5835555923585645,-0.5349258144336844,4.921383255271583
2025-11-13,106.87713623046875,106.87713623046875,100.47435848394296,100.47435848394296,10531434,98.8982925415039,102.25728797912598,90.40653444925944,62.22244467912223,2.666083985423114,3.7616191910474317,-1.0955352056243175,118.26117567019462,102.25728797912598,86.25340028805734,11423416.85,0.9219162828676781,5.761484294283852,9.706769372698055,0.3223070095614844,-0.1557560988223461,0.2530863562269614,-0.622810891433645
2025-11-14,102.44444274902344,110.32478449894832,101.45940003028284,106.87713498335619,14600199,99.86363372802734,103.08964920043945,90.81589063008626,55.23621176184702,2.5673479660740526,3.5227649460527557,-0.9554169799787031,117.09593072804398,103.08964920043945,89.08336767283492,12064341.25,1.2101944646169553,6.1753376508680695,-4.147466556258294,0.1957261013469047,-1.8136056365454567,-1.8933402929671939,-0.6854706974093072
2025-11-17,97.61773681640625,104.4145334194046,97.61773681640625,102.44444788318943,5744475,100.33645477294922,103.59694595336914,91.15585568745931,48.80977002731033,2.0756967885852475,3.2333513145592545,-1.157654525974007,115.84622775471446,103.59694595336914,91.34766415202382,12040990.55,0.47707661393356043,6.258198844485441,-4.7115351531971665,-1.8326170463155322,0.18180690528333265,0.16081866593591343,-1.2226315741891924
2025-11-18,98.40576934814453,102.44444300189406,96.53418667486172,96.632689443923,5894411,100.55316314697265,103.89738388061524,91.51211280822754,49.83593549489637,1.7297083268328493,2.932622717013974,-1.2029143901811246,115.25212140612915,103.89738388061524,92.54264635510133,11649981.2,0.5059588422340116,6.211806508825028,0.8072636771126573,2.0307929943259806,-2.518248208944085,-3.9498995666181425,-3.5935353819261273
2025-11-19,97.22371673583984,102.44444633397146,96.92820841904434,98.5042753211264,5374030,100.51376037597656,103.68559951782227,91.80270042419434,48.27275284849667,1.344628174599876,2.6150238085311543,-1.2703956339312783,115.38458589039917,103.68559951782227,91.98661314524537,10437963.2,0.5148542773172452,6.11906402963864,-1.2012025515727331,-0.23030738201144096,-0.6577934530601293,1.1033037150315117,-0.8904487431288799
2025-11-20,101.9519271850586,103.92201273452832,100.4743630229563,100.96688441032373,4799317,99.52871856689453,103.48859100341797,92.10642204284667,54.43005279361688,1.404782983761308,2.372975643577185,-0.9681926598158772,115.16380613388588,103.48859100341797,91.81337587295005,8550070.95,0.5613189677683318,6.196294958845286,4.863227418126237,0.2565641148130293,3.183733789520926,1.785715449942571,4.074378378556531
2025-11-21,106.87713623046875,109.33974305605558,98.99679438859087,99.48931575370824,17748219,100.41525726318359,103.39008674621581,92.47088775634765,59.79824993302763,1.8287980659716538,2.264140128056079,-0.43534206208442505,114.90711155533512,103.39008674621581,91.87306193709651,7848182.8,2.2614431203106022,6.7491821199945425,4.830913138571802,0.5422820276357987,-3.614843327615369,-1.4619852372294129,-3.0917466003484773
2025-11-24,102.44444274902344,112.78739129579985,102.44444274902344,112.29486993642954,17232661,101.38059844970704,102.87293930053711,92.77953453063965,53.67034481279165,1.7865574331041074,2.168623589065685,-0.38206615596157745,113.5083806510645,102.87293930053711,92.23749795000973,7671811.3,2.246231082352091,7.228350976898792,-4.147466556258294,-0.04305999745704003,0.2621560052100236,-1.4619852372294129,-3.0917466003484773
2025-11-25,105.89209747314453,106.87714024033657,102.9369691715684,103.42949055516443,7059768,102.87786407470703,102.50354843139648,93.13086649576823,57.332692283163496,2.008129878985571,2.136524847049662,-0.12839496806409123,112.07726347776928,102.50354843139648,92.92983338502368,7475913.15,0.9443352080675255,6.855597178820705,3.3653896996320487,0.27920716971145954,1.5391110399419539,0.7583205872659704,1.86450899023336
2025-11-26,104.90705108642578,108.84722201924929,104.41452971982284,108.35470065264634,6289426,104.41453094482422,102.15878334045411,93.45757230122884,55.97129942513492,2.0802626546930867,2.125272408578347,-0.045009753885260295,110.77086658997385,102.15878334045411,93.54670009093437,7206923.4,0.8726922225925142,6.532543194901471,-0.9302359762668466,-0.12091894024681693,1.8481197988450715,3.697649533792924,0.40675364235596145
2025-11-27,106.87713623046875,107.86217896070347,104.90705076999927,105.89209350023401,4558250,105.39957275390626,102.06027908325196,93.7892032623291,58.11353786931218,2.270228030003608,2.154263532863399,0.11596449714020896,110.39071135730366,102.06027908325196,93.72984680920025,6904551.4,0.6601804716813318,6.055554527675168,1.8779339650105698,-0.44348084794223475,0.5289772806627235,1.8933402929671939,3.5446662859105693
2025-11-28,104.90705108642578,109.83226475245516,103.92200835321991,108.35470065264634,5724400,105.00555572509765,101.93714866638183,94.14053522745768,55.22010220627332,2.236031967488458,2.170617219788411,0.06541474770004685,110.00583868124345,101.93714866638183,93.86845865152021,6958298.35,0.8226723994954888,6.03618144388318,-1.8433176762845727,0.2105664976116417,0.261122848805706,-0.4955131423863057,0.13693129636136447
2025-12-01,100.96688079833984,104.90705175632384,100.47435942859185,104.90705175632384,3205521,104.71004333496094,101.56775741577148,94.43604799906413,49.87190790873232,1.869442756297488,2.1103823270902264,-0.24093957079273842,109.05487245649998,101.56775741577148,94.08064237504298,6830509.7,0.46929455352358257,5.82238289506302,-3.7558679300211173,0.19863050869839416,-1.027822462568817,0.342359815218507,-3.2037494063189564
2025-12-02,100.47435760498047,102.44444304821538,98.50427216174555,101.45940032659792,2369036,103.62649536132812,101.4200008392334,94.6970842997233,49.230053313504726,1.5216351964206467,1.9926329009563106,-0.4709977045356639,108.8689580009776,101.4200008392334,93.97104367748919,6749452.05,0.3509967894356698,5.571421293917261,-0.48780668419685647,0.0608734112671927,0.8109719183892139,1.4888372559487495,0.5449042075077015
2025-12-03,104.90705108642578,107.86217928604341,101.45940152020522,101.45940152020522,6084967,103.62649536132812,101.59238319396972,95.05498313903809,54.86073357445109,1.5854010019154003,1.9111865211481287,-0.32578551923272836,109.20299526675691,101.59238319396972,93.98177112118253,6904683.5,0.881281089857341,5.813608012203352,4.411765934222389,0.01911236723253218,0.8299495511413513,1.3141813135169933,-2.42874671979183
2025-12-04,101.45940399169922,105.89209639910355,100.96688261309873,104.90705364190258,3609300,102.54294891357422,101.59238319396972,95.31930287679036,50.19760939546543,1.3422667393827794,1.7974025647950589,-0.4551358254122795,109.20299526675691,101.59238319396972,93.98177112118253,6963432.15,0.5183219886762306,5.6951554487102145,-3.2863826206365077,-0.2780117606670518,0.009613468300440076,3.9819003919386198,2.0777636153460177
2025-12-05,101.9519271850586,101.9519271850586,99.98184163558886,101.45940579769116,1588397,101.95192413330078,101.80909271240235,95.58033930460611,50.840462468704004,1.1757700449669954,1.6730760608294464,-0.49730601586245093,109.1864253401768,101.80909271240235,94.4317600846279,6869382.5,0.23122849834028023,5.1984794621448165,0.4854386818590628,0.16062935130458644,0.6662167696174004,-1.9727303145215203,-1.9347051299564155
2025-12-08,103.92201232910156,103.92201232910156,100.96688401642568,101.95192678731765,1927187,102.54295043945312,102.24251174926758,95.91853726704916,53.42993535446437,1.1890826173003148,1.57627737212362,-0.38719475482330523,108.98986588023801,102.24251174926758,95.49515761829714,6732824.65,0.2862375154831932,4.8993659755489585,1.932366752093806,-0.2901310503285237,1.1539613810094718,0.5918882126695779,0.5343157267708953
2025-12-09,108.35470581054688,108.35470581054688,103.92201330011541,105.39957747025923,6596325,104.1190200805664,102.79413566589355,96.32733014424642,58.70113089475957,1.5395670742887262,1.5689353125566412,-0.029368238267915014,109.65080636216844,102.79413566589355,95.93746496961866,6762089.7,0.9754861725658563,4.837142976335139,4.265403817824276,-0.3494935499670837,-0.42813960011827135,0.05884490126983888,-2.616508695748121
2025-12-10,108.84722137451172,110.81730682925401,106.87713591976942,107.86217864714057,7505625,104.9070541381836,103.36546020507812,96.7640323638916,59.25299847671657,1.8359072257578788,1.6223296951968889,0.21357753056098994,110.24111231715638,103.36546020507812,96.48980809299987,6922147.4,1.0842914151178,4.717546700755066,0.4545400776833741,-0.043961550810267536,0.7739912655269743,0.14701124359208784,-0.8396337249982233
2025-12-11,107.36965942382812,111.80235178536232,106.38461667682053,110.81730903835472,5891127,106.08910522460937,103.3900863647461,97.11700604756673,56.80076762577789,1.9292923486406153,1.6837222258856344,0.2455701227549809,110.32199467284354,103.3900863647461,96.45817805664865,6690132.05,0.8805696144667279,4.81090515512663,-1.3574640969471585,-0.23755066327988406,-1.3238408398111412,-2.906633601032893,-3.683318602493768
2025-12-12,105.39957427978516,108.84722390575944,104.41453152950679,108.35470253062026,2845217,106.77863464355468,103.53784294128418,97.49953104654948,53.61467305931976,1.8233133040964162,1.7116404415277908,0.11167286256862541,110.5107391224146,103.53784294128418,96.56494676015376,6102382.95,0.4662468781969837,4.760476784610098,-1.8348620593703346,0.33175603858714986,0.618273245078016,2.812217026474406,2.835160418175553
2025-12-15,101.45940399169922,103.92201088470162,100.96688261309873,102.93696812750066,2421656,106.28611297607422,103.72992630004883,97.81146125793457,47.83545542934177,1.4051872114113735,1.6503497955045074,-0.24516258409313396,110.21043013164709,103.72992630004883,97.24942246845058,5936242.0,0.407944285290256,4.7167721022202755,-3.738317080509912,0.449008499969894,-1.1741252883312847,-3.794118791871437,-4.103433464502926
2025-12-16,98.99679565429688,102.44444525419776,97.4207287688267,100.96688113995452,3056175,104.41453094482422,103.75947761535645,98.06921399434408,44.59965364421271,0.8651346251399019,1.4933067614315865,-0.6281721362916846,110.14241259338844,103.75947761535645,97.37654263732445,5794330.2,0.5274423262933824,4.757698019973713,-2.4271858896429355,0.027453065033000712,-1.1852011859090683,-2.598592414668166,-0.802325216038946
2025-12-17,100.96688079833984,102.93696627733185,98.99679531934785,99.48931668909584,1893679,102.83846282958984,103.94663581848144,98.32204170227051,47.65049025892481,0.5893152072139429,1.3125084505880578,-0.7231932433741148,109.71233644754142,103.94663581848144,98.18093518942146,5620312.65,0.3369348144715757,4.6486944117084175,1.9900494061672713,0.4478345884427748,-0.04172704427407581,0.12555021525160193,-0.11233473736065314
2025-12-18,101.9519271850586,103.42949134716089,99.98184163558886,100.4743630229563,1593286,101.75491638183594,103.94663581848144,98.51905034383138,49.15808542483222,0.4450807287798426,1.1390229062264148,-0.6939421774465722,109.71233644754142,103.94663581848144,98.18093518942146,5460011.1,0.2918100294704529,4.488555118356899,0.9756133683937129,0.518285581531619,-0.20577756708046735,-0.9717844217523863,-0.20242549135331966
2025-12-19,103.42948913574219,105.89209601992653,101.45940362839472,103.42948913574219,2271150,101.36089935302735,103.77425346374511,98.73575973510742,51.41814511683132,0.44487255252525415,1.0001928354861827,-0.5553202829609285,109.3748359012393,103.77425346374511,98.17367102625093,4686157.65,0.48465078847699455,4.48110675478022,1.449273193238998,-0.37303888670811025,0.8293866411184903,1.329532840336456,-0.9691180757758322
2025-12-22,105.39957427978516,105.39957427978516,103.42948877922842,104.41453152950679,1265755,102.14893341064453,103.9220100402832,99.02470563252767,54.33304755793487,0.5967974680611263,0.9195137620011715,-0.3227162939400452,109.53079297207692,103.9220100402832,98.31322710848947,3887812.35,0.3255699828208015,4.1463039208837555,1.9047615535037643,-0.032362001212404845,1.6366453414191628,0.09371948563838828,1.5020471446272943
2025-12-23,103.92201232910156,106.87714064177743,103.42949094365558,106.38461925633145,1825698,103.13397674560547,103.82350578308106,99.2660410563151,51.821699159222106,0.5911576597448231,0.8538425415499019,-0.26268488180507876,109.35527645456652,103.82350578308106,98.2917351115956,3626108.85,0.5034868161776225,4.053150024515501,-1.4018670955552204,0.08982802507242482,0.571339720700248,-0.15605801860081314,1.7488766537401057
2025-12-24,104.90705108642578,108.35470065264634,103.92200835321991,104.90705108642578,3350500,103.92201080322266,103.82350578308106,99.57961298624674,53.36912128907569,0.658580757406142,0.81479018472115,-0.15620942731500798,109.35527645456652,103.82350578308106,98.2917351115956,3479162.55,0.9630191035483525,4.103755661170292,0.9478634364823435,-0.13541653938790033,0.21726860803557013,-1.094090470851028,-3.0189494568178654
2025-12-26,104.4145278930664,105.8920919670249,103.42948517709408,105.39957060903873,1400500,104.41453094482422,103.70037536621093,99.91288579305014,52.46180521213838,0.66461032838383,0.784754213453686,-0.12014388506985596,109.05267420046825,103.70037536621093,98.34807653195362,3321275.05,0.4216754044504685,3.8849358116716957,-0.46948530938460964,0.2562756491433227,0.6486648427758146,1.2310600756632262,-0.15696010465627852
2025-12-29,102.93696594238281,106.38461551940041,101.45940183794669,105.39957278310968,1606445,104.31602630615234,103.60187110900878,100.20018984476725,49.730351897920826,0.5438922545553027,0.7365818216740094,-0.19268956711870677,108.93313745870287,103.60187110900878,98.2706047593147,3115377.3,0.5156502231687957,4.023639527642633,-1.4150923061174048,-0.602469435943731,0.8925301842964695,-0.31181638635569,-0.9207245043102108
2025-12-30,103.92201232910156,104.41453371454755,102.44444817276363,102.9369695582096,1122303,104.02051391601563,103.74962768554687,100.51047833760579,51.541750144651395,0.5216935636922244,0.6936041700776524,-0.171910606385428,108.93521663508234,103.74962768554687,98.5640387360114,3011216.4,0.3727075211200364,3.7498323295281373,0.9569413453181852,-0.1982110917127744,-0.360140777928486,1.5326848348009126,0.22665544450712893
2025-12-31,105.39957427978516,106.8771384052027,103.42948877922842,104.41453152950679,3508842,104.31602630615234,103.9958885192871,100.84867630004882,54.20724918623581,0.6162243909772087,0.6781282142575636,-0.06190382328035493,108.99085698297411,103.9958885192871,99.0009200556001,3068206.7,1.1436133034974467,3.709541302387623,1.4217988254542568,-0.23692492856227654,0.893397362684345,1.5326848348009126,0.22665544450712893
2026-01-02,115.74252319335938,115.74252319335938,106.38461706283245,106.87713843812334,14363508,106.48312072753906,104.53766212463378,101.34612299601237,67.62989822368698,1.5083430505770536,0.8441711815214616,0.664171869055592,111.78943444421101,104.53766212463378,97.28588980505656,3482133.75,4.124915649779392,4.593995650545836,9.813084145974504,0.1917140625415037,1.3334355629436079,1.5326848348009126,0.22665544450712893
2026-01-05,108.35470581054688,117.71261222145773,106.87714164040305,117.22009083140979,14370253,107.27115631103516,104.88242721557617,101.70566368103027,55.18669150783631,1.6007657641636541,0.9954900980499002,0.6052756661137539,112.17352991810957,104.88242721557617,97.59132451304278,4020181.4,3.5745285026193097,5.426192307947016,-6.382975918427503,0.1763399560895884,2.5731972423427285,2.5878045376946046,1.7639055408126714
2026-01-06,110.81730651855469,112.29487060546876,107.86217834472657,109.33974243164063,5995913,108.84722442626953,105.32569618225098,102.11281471252441,57.96312057713434,1.8513811573370873,1.1666683099073376,0.6847128474297497,112.93754377338286,105.32569618225098,97.7138485911191,4240557.2,1.4139446108638742,5.293725634986372,2.2727215118035993,0.3695945317161664,1.5653914873574148,0.060056806412167596,-0.24443880896056758
2026-01-07,108.84722137451172,112.7873922839963,108.35470001082614,111.30982819293958,4113501,109.83226623535157,105.57195663452148,102.48220570882161,55.025990871043895,1.8694760988189785,1.3072298676896659,0.5622462311293126,113.31022775829027,105.57195663452148,97.8336855107527,4349872.9,0.9456600444578507,5.178921186744211,-1.7777775023913867,0.055600146772261105,-0.46058572988449953,0.27011191005656965,-3.1855679624033795
2026-01-08,104.90705108642578,108.84722201924929,104.41452971982284,108.84722201924929,3298485,109.73376159667968,105.39957389831542,102.82368723551433,49.611378843600804,1.5480328978099749,1.3553904737137277,0.1926424240962472,113.02968157755714,105.39957389831542,97.7694662190737,4184980.9,0.7881720559345922,5.07942400176851,-3.6199089313717514,-0.13653985571981941,-0.2461598922053443,-4.609399445682117,-2.6000928738279305
2026-01-09,108.35470581054688,109.8322699806907,103.42949191006747,105.39957747025923,3436442,108.25619812011719,105.37494812011718,103.2685983022054,53.88715396734862,1.5535751211908035,1.3950274032091428,0.15854771798166079,112.9612582710534,105.37494812011718,97.78863796918097,3981521.75,0.8630976334613769,5.255871210949139,3.2863898931643876,0.304299038122946,-0.23579889662018738,0.21964199838957477,1.181199881542283
2026-01-12,109.3397445678711,112.29487279943518,108.84722319594376,109.3397445678711,4092179,108.45320587158203,105.47345237731933,103.70694224039714,55.06049669587611,1.6187913495384976,1.4397801924750138,0.1790111570634838,113.21832041014116,105.47345237731933,97.7285843444975,3891574.35,1.0515484562179829,5.080443981341029,0.9090871964956504,0.15374978232687297,0.918909452108041,0.21964199838957477,1.181199881542283
2026-01-13,116.72756958007812,116.72756958007812,108.35470593931302,109.83227011121275,8758542,109.63525848388672,106.03985214233398,104.22244809468587,62.72184685704254,2.2407810866873916,1.5999803713174896,0.640800715369902,115.27539767583639,106.03985214233398,96.80430660883158,4187240.6,2.0917216937569814,5.519433269264239,6.756760811363649,-0.07406428934867426,0.4577823055845309,3.5691918054417737,-1.821151064613169
2026-01-14,118.20513153076172,124.1153881072998,114.7574818611145,119.68269567489624,26209665,111.50684051513672,106.87713851928712,104.73467025756835,64.04218192128738,2.8204272063122744,1.8440697383164468,0.9763574679958276,117.32142911754278,106.87713851928712,96.43284792103145,5376641.05,4.8747284329125895,6.031229666187047,1.2658208819039451,0.1488727455515093,0.7638548470983331,4.141470678138481,-2.8299702552017636
2026-01-15,119.19017028808594,120.66773438256635,116.23504209912514,117.71260619360554,9169630,114.36346435546875,107.88680725097656,105.18122291564941,64.93386389318815,3.321002873767185,2.139456365406595,1.18154650836059,119.00594729433823,107.88680725097656,96.76766720761489,5682313.8,1.613714117653974,5.818091348487602,0.8333299447899734,-0.335893987830016,-0.4240196321329548,-1.306238198237275,0.04895143197567453
2026-01-16,118.6976547241211,121.16026166860493,115.74252639074048,119.68269750191462,6786662,116.43205413818359,108.77334594726562,105.46852709452311,64.07824845664372,3.636056609562118,2.4387764142376995,1.1972801953244185,120.38583995810365,108.77334594726562,97.1608519364276,5926962.95,1.1450488314592888,5.764710539071182,-0.4132182735995915,0.16978112646923726,1.9412784151040752,0.41176415586063886,2.152634327339986
2026-01-19,119.68269348144531,122.63782171555508,117.22008661968718,119.19017210909368,8687700,118.50064392089844,109.65988426208496,105.69837036132813,65.06960284022952,3.9200356298197647,2.735028257354113,1.1850073724656518,121.77599521959738,109.65988426208496,97.54377330457254,6281683.65,1.3830209357964085,5.7184471466440785,0.8298721315207702,0.13876592712758207,0.7341591644532297,0.5565342807055895,-3.568004867199648
2026-01-20,117.22008514404297,119.19017060864873,115.24999967943721,119.19017060864873,4793801,118.59914703369141,110.3494140625,105.83791809082031,60.569213655549525,3.901406155757968,2.9683038370348838,0.9331023187230842,122.54199571151116,110.3494140625,98.15683241348884,6407816.2,0.7481177440763672,5.547013367359282,-2.0576144016880127,-0.1866616541035815,0.3814914160573224,-3.699392512012789,-1.6389360888739657
2026-01-21,115.74252319335938,117.22008731923205,113.27991631690492,115.25000181806848,3722272,118.10662536621093,110.8665615081787,105.88717028299968,57.97818869662796,3.72448175516206,3.1195394206603195,0.6049423345017404,123.05254445782806,110.8665615081787,98.68057855852935,6530642.05,0.5699702987089914,5.332767718688329,-1.2605023694257977,0.4225198331249791,-1.617195376823788,-0.18148583570365417,-0.12623123052488694
2026-01-22,118.20513153076172,121.65278120040892,117.22008876800537,117.71261014938354,6978929,117.9096176147461,111.58071746826172,105.96925722757975,60.97459953547106,3.739868924001783,3.2436053213286127,0.4962636026731704,123.72713846248861,111.58071746826172,99.43429647403484,6788303.6,1.028081448802614,5.409766423803158,2.127660836707612,-0.13351674979606987,1.5992608141158327,1.0303069906034024,0.8088984688186862
2026-01-23,115.74252319335938,119.19017282039562,114.75748044277759,118.69765144510473,3169801,117.31859130859375,112.1224910736084,106.03492673238118,56.62620695229445,3.512857420547789,3.297455741172448,0.21540167937534083,123.97870206177943,112.1224910736084,100.26628008543737,6779268.65,0.4675727078613413,5.279489884311807,-2.083334543527393,-0.1769903822365304,0.6786024824792181,-0.05999214395631114,0.3009013815283179
2026-01-26,114.75747680664062,115.74251952601092,112.78739136790001,115.74251952601092,2876663,116.33354797363282,112.6396385192871,106.13343098958333,54.938479006992864,3.2163876428834897,3.2812421215146563,-0.06485447863116667,123.97089834649341,112.6396385192871,101.3083786920808,6853076.8,0.4197622591942936,4.969575476464814,-0.8510669713611918,-0.6750241196508577,0.32229317820207104,-4.5918359044999075,-4.050000683971855
2026-01-27,115.74252319335938,117.22008731923205,115.25000181806848,115.74252319335938,2071894,116.0380355834961,113.27991638183593,106.27297871907552,56.339855479619395,3.026035960259307,3.2302008892635867,-0.20416492900427974,123.71442196748994,113.27991638183593,102.84541079618192,6876349.25,0.3013072670792572,4.635313481281695,0.8583722944505823,0.22218190498228818,0.7902828245345717,1.5413631437085407,0.7556060524520625
2026-01-28,113.27991485595703,117.22008580746858,112.29487211807914,116.72756443852964,2911910,115.54551391601562,113.74781150817871,106.35506553649903,51.98706631083775,2.645967897552893,3.113354290921448,-0.4673863933685549,123.20937833219921,113.74781150817871,104.28624468415822,6965829.6,0.41802773929468506,4.673966842362727,-2.1276608367076233,-1.050238363220013,1.5035014375913036,-1.2701324498204714,0.02585866280819804
2026-01-29,109.83226776123047,114.26496018208731,109.33974638113527,113.77243880199211,2609170,113.87094116210938,113.96944618225098,106.46177851359049,46.563223616918094,2.043014314969355,2.89928629573103,-0.856271980761675,122.79383704029036,113.96944618225098,105.1450553242116,6920846.0,0.3770015977815429,4.707466436841301,-3.0434760646761427,0.5120485824171128,-0.8156086050381428,-1.6316329018517206,0.3619468062261433
2026-01-30,106.3846206665039,110.32479180230035,105.89209927452936,109.33974901835124,2408930,111.99936065673828,113.50155105590821,106.54386545817057,41.85999947094122,1.2723065909730735,2.5738903547794387,-1.3015837638063652,122.90355711962488,113.50155105590821,104.09954499219154,6323117.1,0.38097191019916427,4.670829915631927,-3.139011116679813,0.29453572698179276,-1.4522855203057627,0.03190013073708364,2.0607884791807196
2026-02-02,100.96688079833984,104.90705175632384,99.98183805884385,104.90705175632384,2665030,109.24124145507812,113.13215980529785,106.53565673828125,35.74918846195919,0.22179215572673172,2.1034707149688976,-1.8816785592421659,123.87105228147752,113.13215980529785,102.39326732911817,5737855.95,0.46446443117833935,4.901756941235678,-5.09259687558381,0.7056381660207167,-1.3713951210479136,-1.6262778281728507,0.22716011288641536
2026-02-03,106.87713623046875,107.36965759558612,102.44444394441244,104.4145294048819,3484742,107.4681640625,112.93515129089356,106.68998006184896,45.15524380391248,-0.1323146426095576,1.6563136434532066,-1.7886282860627642,123.99269105969596,112.93515129089356,101.87761152209116,5612297.4,0.6209118568805708,5.1018929220370905,5.853657541360913,-0.018679128920895405,1.8066327752278566,7.5526768713854775,11.43288966351108
2026-02-04,108.84722137451172,109.33974273819729,105.3995718287127,105.3995718287127,2304386,106.58162536621094,112.93515129089356,106.91653989156087,47.8935608873521,-0.25108309542676466,1.2748342956772123,-1.525917391103977,123.99269105969596,112.93515129089356,101.87761152209116,5521841.65,0.4173219998077996,4.946996653696758,1.8433176762845616,-0.012352394174863779,0.2933689007004636,0.12055545082807484,-2.7344669499464236
2026-02-05,105.89209747314453,109.83226854191271,105.89209747314453,108.84722577472067,1469221,105.79359130859375,112.98440361022949,107.05937105814616,44.319066559887176,-0.5770103358293426,0.9044653693759014,-1.481475705205244,123.89923495522545,112.98440361022949,102.06957226523353,5430378.45,0.27055591309662774,4.812753242372947,-2.714928193894328,0.26573312511892766,-1.5129881759937458,-1.1137896154563731,0.16263773669660253
2026-02-06,102.44444274902344,105.39957090524527,101.45940003028284,105.39957090524527,1411286,105.00555572509765,112.68889045715332,107.14309959411621,40.51949792485595,-1.1008174071762937,0.5034088140654623,-1.6042262212417562,124.42093782541285,112.68889045715332,100.95684308889379,5329120.65,0.26482530471514093,4.762079135771447,-3.2558187120577675,-0.026220914336294587,-0.057700870579924235,-2.070015707137396,0.3247587464799473
2026-02-09,106.87713623046875,107.36965759558612,104.4145294048819,105.89209350023401,1346104,106.18760681152344,112.56576004028321,107.14309959411621,46.83097493992902,-1.1450574570658603,0.17371555983919784,-1.318773016905058,124.49582758679136,112.56576004028321,100.63569249377505,5191816.9,0.2592741666217081,4.783830563876946,4.3269242942781005,-0.2331814588317105,1.9560796184812101,1.6164172504865348,4.9942202013252945
2026-02-10,106.87713623046875,108.84722169093821,104.90705076999927,108.35470032582084,1324100,106.18760681152344,112.07323837280273,107.21697781880697,46.83097493992902,-1.1666693769843022,-0.09436142752550217,-1.0723079494588,124.09286408508092,112.07323837280273,100.05361266052455,4820094.8,0.27470414067374777,4.671342611485212,0.0,-0.043710449322398315,2.0625133919167205,1.5295198092137197,2.1581143741346676
2026-02-11,106.87713623046875,106.87713623046875,105.39957213511664,106.87713623046875,1046379,105.79358978271485,111.50683860778808,107.37130114237468,46.83097493992902,-1.1703064153593061,-0.309550425092263,-0.8607559902670432,123.37650228987012,111.50683860778808,99.63717492570605,3561930.5,0.2937673826033383,4.2455054760007975,0.0,-0.2613923188501621,1.6108084869157713,1.5295198092137197,2.1581143741346676
2026-02-23,112.29487609863281,114.26496164422286,108.84722639385024,108.84722639385024,5181571,107.0741455078125,111.16207389831543,107.60278625488282,54.242728879580724,-0.7276347446558873,-0.3931672890049879,-0.3344674556508994,122.47980580729516,111.16207389831543,99.84434198933569,3362527.55,1.5409750323086573,4.66448146770124,5.069128963636627,-0.21533548382927092,0.49857829689010646,0.24549596349081604,-0.14684137481167925
2026-02-24,117.71260833740234,121.65277932777565,112.29487322563907,112.78739459943573,6646557,110.12777862548828,111.11282157897949,107.94426778157552,60.215313456645674,0.05966369154812412,-0.3026010928943655,0.3622647844424896,122.30030068134653,111.11282157897949,99.92534247661246,3355522.3,1.9807816505943054,5.290271418959286,4.824558721638317,-0.24182185904723097,2.7464288213389976,10.068025203659836,-0.42016967721644205
2026-02-25,120.66773986816406,120.66773986816406,116.2350473832111,119.19017570651307,4208235,112.88589935302734,111.16207389831543,108.25619799296061,63.04851852197803,0.9115500107824204,-0.05977087215900834,0.9713208829414287,122.51584688059239,111.16207389831543,99.80830091603846,3131549.05,1.343818963972479,5.175927561091776,2.5104630442742026,-0.18355200278042938,2.052545137509143,4.400493838112052,0.3375582014381484
2026-02-26,125.10042572021484,125.10042572021484,119.19016938697635,121.65277619249238,6386113,116.53055725097656,111.55609092712402,108.55991948445639,66.86075238041803,1.9221988472602902,0.3366230717248514,1.585575775535439,124.26155537365669,111.55609092712402,98.85062648059134,3211164.65,1.988721755516336,5.273838064044671,3.673463890923734,-0.3441994373834856,0.004004083061670549,-3.196778664487987,2.207735604895733
2026-03-02,117.22008514404297,122.14529880555737,117.22008514404297,118.20512787634586,4016188,118.59914703369141,111.62996902465821,108.80618019104004,55.83269562180715,2.0634811791963443,0.6819946932191501,1.3814864859771943,124.45455382937575,111.62996902465821,98.80538421994066,3225860.45,1.2449974393653638,5.621371732328299,-6.299211638013236,0.4102837192432096,-0.901886354995296,-1.0467383597435598,-3.6296118879569073
2026-03-03,113.7724380493164,119.68269457135882,113.27991667247954,118.20513044084822,2729045,118.89465942382813,111.40833435058593,108.93751920064291,51.80667535764651,1.875631030801145,0.920721960735549,0.954909070065596,123.90344797386444,111.40833435058593,98.91322072730742,3013366.25,0.9056466335613867,5.725559221201763,-2.9411743648624755,0.5099596730266498,-2.1981462640061733,-8.241081598006039,-10.378779215858202
2026-03-04,105.89209747314453,112.78739684348884,104.90705470595249,112.29487545989281,2799980,116.53055725097656,110.91581306457519,108.95393664042155,43.99723960828623,1.0784491189359073,0.9522673923756207,0.1261817265602866,123.46801554020129,110.91581306457519,98.36361058894909,2994875.2,0.9349237657716087,6.14420243749005,-6.926405649104595,0.6310429867452783,-4.35492612031565,-1.9571075423372997,0.5014393089057378
2026-03-05,109.83226776123047,112.7873960418017,108.84722500104006,109.33974638113527,1590908,114.36346282958985,110.66955261230468,109.00318883260091,48.20164504045783,0.7559019560519431,0.9129943051108853,-0.1570923490589422,123.09704585243068,110.66955261230468,98.24205937217869,2930587.45,0.5428631723649809,6.244348588312333,3.720929495314995,-0.32772450369655814,2.5710975461891383,4.129069717996692,4.252791378188636
2026-03-06,111.30982971191406,114.26495793435426,109.33974423028727,109.33974423028727,1535086,111.60534362792968,110.44791793823242,109.10990180969239,49.72589057390855,0.6124479873962088,0.8528850415679501,-0.24043705417174133,122.65054733375774,110.44791793823242,98.2452885427071,2903747.05,0.5286569296729893,6.0684639370796205,1.3452894862334475,0.8722728245506239,-0.21798613570590541,-0.656512637332729,2.0054680899083577
2026-03-09,100.96688079833984,102.93696627733185,100.47435942859185,102.44444490758384,3398600,108.35470275878906,109.83226623535157,109.10990180969239,40.697845026709274,-0.33200273314507456,0.6159074866253451,-0.9479102197704197,122.65973756266828,109.83226623535157,97.00479490803485,2928081.55,1.160691716390208,6.7040647832452995,-9.292035519543306,-0.3247034292450657,-4.431963003584727,-8.194553689120132,-6.166214701597883
2026-03-10,103.92201232910156,105.89209787088548,102.44444817276363,104.90705509999351,1956040,106.38461761474609,109.53675346374511,109.16736272176107,43.835397382442586,-0.8324365062360783,0.32623868805306044,-1.1586751942891387,122.6337088622544,109.53675346374511,96.43979806523583,2895425.05,0.6755622978394831,6.466885088485345,2.926832548847358,-0.0009416103239789919,2.0599268819414984,5.729914739519226,5.142857679404256
2026-03-11,105.89209747314453,106.87714024033657,105.39957608954852,105.39957608954852,1336060,106.38461761474609,109.51212730407715,109.18378016153972,45.89074335995363,-1.0578700035063946,0.04941694974116942,-1.107286953247564,122.63586305703254,109.51212730407715,96.38839155112177,2841781.55,0.4701487346907436,5.998650798185301,1.8957342144261702,-0.0883622645329818,4.095952619427945,2.342048599233282,-2.377726309472461
2026-03-12,104.4145278930664,105.39957060903873,102.44444246112177,104.90704925105257,1387452,105.30106964111329,109.68450965881348,109.2330322265625,44.57326254716543,-1.3403049891972785,-0.22852743804652015,-1.1117775511507584,122.42048488794075,109.68450965881348,96.94853442968622,2777902.65,0.49946026726314546,5.658518026696962,-1.39535396440027,0.11834075149077528,-1.560441591332784,-1.0111804049482642,0.7886785768886684
2026-03-13,107.8621826171875,109.83226814444207,102.44444741723746,102.93696879905109,1977692,104.61154022216797,109.73376197814942,109.33153648376465,48.30273402341303,-1.2712852422822039,-0.43707899889365687,-0.834206243388547,122.43158668523789,109.73376197814942,97.03593727106094,2702550.15,0.7317873453708158,5.889091720097982,3.3018917900504485,0.26499563387061276,-0.5405866913823942,-1.8817179546989804,-0.8515431802177176
2026-03-16,117.71260833740234,118.205129711199,109.83226635665575,112.78739459943573,4436916,107.96068572998047,110.17703132629394,109.56137975056966,57.170037744144466,-0.416933414542072,-0.4330498820233399,0.016116467481267882,123.35445503480165,110.17703132629394,96.99960761778624,2809176.65,1.5794364516022872,6.482939103286451,9.132418314929591,0.8380462709563163,-0.1730779621546441,-1.178082541399017,-3.8765096388950204
2026-03-17,123.13034057617188,123.62286193847656,114.75747741699219,116.23504150390626,9608508,111.80235137939454,111.03894348144532,109.80764032999674,61.1200374727938,0.6893656993389783,-0.20856676575087627,0.8979324650898546,125.2507329921036,111.03894348144532,96.82715397078704,3216141.0,2.9875891635348077,6.800598492379509,4.602508019566232,-0.6781109201310698,1.481767774178122,5.406152350388882,1.8594469478302234
2026-03-18,123.13034057617188,127.07051147460938,121.16025512695313,124.60790466308595,6103020,115.25,112.07323837280273,110.04569231669107,61.1200374727938,1.548268244979809,0.1428002363952608,1.4054680085845483,126.6574561413321,112.07323837280273,97.48902060427336,3450727.7,1.768618254056963,6.681886206416407,0.0,-0.18782115046350745,1.5131788114791656,1.1046867758443657,3.935522535698177
2026-03-19,126.0854721069336,128.05555760860443,121.65277972817421,121.65277972817421,5049616,119.58418884277344,113.03365516662598,110.35762252807618,63.26331301218506,2.4392904955001598,0.6020982882162407,1.837192207283919,128.66908992912454,113.03365516662598,97.39822040412741,3635903.3,1.388820214222969,6.644671762951583,2.400002726325279,0.45852337777712027,-1.9182699065508957,-2.497397882724406,-2.9425248013993377
2026-03-20,127.07051849365234,131.01068960973458,125.5929543251215,127.56303988316263,5564482,123.42585601806641,114.04332427978515,110.71880493164062,63.97617674900175,3.188165867976579,1.1193118041683086,2.0688540638082706,130.5864708543936,114.04332427978515,97.5001777051767,3847922.4,1.4461003683442266,6.48108023250645,0.7812528836655508,-0.7152438188559485,-0.432775801380203,-2.497397882724406,-2.9425248013993377
2026-03-23,123.62286376953125,124.60790650873071,120.17521418233316,123.62286376953125,3919832,124.60790710449218,114.88061065673828,111.08819592793783,59.61584057928668,3.4635326249102434,1.5881559683166957,1.8753766565935477,131.59084656445265,114.88061065673828,98.17037474902392,3991595.05,0.9820214603182255,6.53631010968148,-2.713182227467903,0.6905285819817086,-2.448670019784016,-6.403416705603648,-3.995297544157206
2026-03-24,120.66773986816406,128.055560676419,120.17521848094707,126.08547512755102,3665807,124.11538696289062,115.29925384521485,111.44937833150227,56.08724098488897,3.4040689736818592,1.9513385693897285,1.4527304042921307,132.15562245803835,115.29925384521485,98.44288523239133,3915806.85,0.9361562355916507,6.715514387786873,-2.390434755561388,-0.49873146018064585,-0.3369539785315956,0.9977181465204099,-0.24479897214841895
2026-03-25,125.10042572021484,127.56303252573089,125.10042572021484,127.07051116462767,2778280,124.50940399169922,115.66864471435547,111.85160408020019,59.91945913865348,3.6722924035248496,2.295529336216753,1.3767630673080968,133.06290402923653,115.66864471435547,98.2743853994744,3722393.0,0.7463693382187211,6.739484823757533,3.673463890923734,0.20024107948439784,2.535456425815963,3.3022847492585328,2.552146077061379
2026-03-26,124.60791015625,130.02564538043478,124.60791015625,126.08547430830039,3863702,124.2138916015625,115.86565322875977,112.22920379638671,59.30022692140506,3.8013004884299733,2.596683566659397,1.2046169217705764,133.58453693173053,115.86565322875977,98.14676952578901,3705166.35,1.0427877280057885,6.5632515438145,-0.39369615341385833,0.03163401045052083,-0.3035017473458024,1.7213159238943732,0.33500493719424984
2026-03-27,127.56303405761719,128.05555542463503,122.63782038743892,122.63782038743892,2198710,124.31239471435546,115.98878364562988,112.63142954508463,61.84790455132276,4.094791914736177,2.896305236274753,1.1984866784614243,134.00952585694893,115.98878364562988,97.96804143431083,3495796.2,0.6289582899598094,6.410516009598715,2.3715379687065274,-0.018472719949447214,-0.6750069219611743,0.5909157615554328,0.6677845590941978
2026-03-30,130.02565002441406,131.9957356308446,121.16026479547673,125.10043600833777,4411785,125.59295196533203,116.62906188964844,113.04186414082845,63.87717474283218,4.474519041931529,3.2119479974061083,1.262571044525421,135.71263074672353,116.62906188964844,97.54549303257335,3515576.05,1.254925206354162,7.000509986367934,1.9305090890865628,0.14719379020335932,-1.7951772733723503,-4.743935309973047,-4.3291078689308815
2026-03-31,124.11538696289062,131.50320761544364,123.1303442092169,130.02564348493306,5543915,126.28248138427735,117.14620933532714,113.37842038472493,56.15710857664686,4.249560404006587,3.419470478726204,0.8300899252803831,136.462977536521,117.14620933532714,97.82944113413326,3656319.55,1.5162556018934397,7.183490442349109,-4.545459346224156,0.1938961860005195,-2.4453103067768933,-3.5370684776457217,-1.7000000000000015
2026-04-01,131.01068115234375,135.93589472949952,127.56303164833471,129.04059572148145,6822307,127.46453247070312,118.4021385192871,113.81348088582357,61.93687672031156,4.574934678249605,3.6505633186308843,0.9243713596187204,137.90341873591035,118.4021385192871,98.90085830266388,3857435.9,1.768611890608474,7.801759418917081,5.555551457543895,-0.31555578204207624,4.5765864674125245,7.685538281020832,5.4425228891149535
2026-04-02,129.5331268310547,134.95086217379844,128.05556264667004,133.47329798941377,4994120,128.44957580566407,119.38718147277832,114.2321242014567,60.10826801575482,4.659853953770224,3.852421445658752,0.8074325081114715,139.05534806647105,119.38718147277832,99.71901487908558,4027596.5,1.2399752557139228,7.680898100011924,-1.1278121053129309,0.20069684313648306,-1.8158067453737603,-5.257423045491693,-6.150506512301012
2026-04-07,126.0854721069336,133.47329273819923,126.0854721069336,133.47329273819923,3675629,128.15406341552733,120.1259635925293,114.61793263753255,55.956909917184895,4.398255813250856,3.961588319177173,0.43666749407368277,139.6259349665355,120.1259635925293,100.6259922185231,4134623.65,0.8889875623867242,7.641821104179087,-2.6616007877411474,-0.15330159053532633,2.0182425176967334,-0.5516154452324673,2.7715911902994383
2026-04-08,138.3985137939453,138.3985137939453,131.0106927729162,131.0106927729162,9316270,129.8286361694336,121.99754524230957,115.19254099527994,65.2007451447903,5.125414375474506,4.19435353043664,0.9310608450378659,140.93201104273933,121.99754524230957,103.06307944187981,4430507.15,2.1027547602535748,8.264650515223437,9.765630790967727,-0.06266985661774749,4.6089884909003676,5.652403592181732,5.947507825668197
2026-04-09,143.32371520996094,145.29380064240027,138.39850162886262,139.87606570319213,6776619,133.67030181884766,123.96763038635254,115.82461001078288,68.08609019342703,6.0296097793435735,4.561404780218027,1.4682049991255468,143.18055039702529,123.96763038635254,104.7547103756798,4671536.1,1.450618994467366,8.082070314998665,3.558709758508316,-0.5443006460909006,0.28704629430582607,-0.24999999999999467,0.9090909090909038
2026-04-10,145.7863311767578,147.7564167332005,142.8312028420938,144.3087670094258,4926926,136.62543182373048,125.9623420715332,116.32534014383951,69.45003232720504,6.865759477397489,5.022275719653919,1.84348375774357,145.5536974304301,125.9623420715332,106.3709867126363,4851079.4,1.0156349945539955,7.661156125146402,1.7182194608821533,0.01702281183058041,1.596814237549693,3.9097744360902187,4.054054054054057
2026-04-13,160.06944274902344,160.06944274902344,157.6068359375,157.6068359375,2796017,142.73269500732422,128.74508781433104,117.18725242614747,75.88696105880919,8.582013759672947,5.734223327657725,2.8477904320152216,151.06931711636622,128.74508781433104,106.42085851229588,4921507.65,0.5681220469097513,8.544083518095633,9.797291321467005,0.1298647737427494,0.11141546387523071,0.5788712011577379,-1.904761904761909
2026-04-14,175.8301239013672,175.8301239013672,173.86003847950315,175.8301239013672,2055492,152.68162536621094,132.14348487854005,118.27079938252767,80.71547713390889,11.086119015663456,6.804602465258871,4.281516550404586,160.860566198827,132.14348487854005,103.42640355825309,4925397.65,0.41732508643236144,9.506296535995382,9.846152320936907,-0.39601185393721705,2.3657534273739955,3.812949640287777,0.3089143865842914
2026-04-15,178.78526306152344,188.63569077841177,174.35257058892367,182.23291276243435,13457663,160.75897521972655,135.1971176147461,119.43643341064453,81.46492880103203,13.157424901188023,8.075166952444702,5.082257948743321,169.83174563038614,135.1971176147461,100.56248959910607,5376435.0,2.5030829908666243,10.143206356461079,1.6806785405064861,-0.3925227774549067,1.1737329455939083,4.412104412104423,-1.1658600967883848
2026-04-16,176.32264709472656,177.30768981592615,167.45726260393025,175.33760437352697,8231473,167.3587615966797,137.85673294067382,120.6266933441162,78.71943701528726,14.433852741199956,9.346904110195753,5.086948631004203,176.52435551192428,137.85673294067382,99.18911036942335,5307583.25,1.5508890981596943,10.301178903278695,-1.377415523308223,0.22210138777056798,1.1161628904905463,6.017699115044239,13.064767415980416
2026-04-17,181.74038696289062,193.56089993608677,174.35256635464305,175.33760910240937,8201512,174.54957275390626,140.78723526000977,121.8497880299886,80.29297313392473,15.701599069824084,10.61784310212142,5.083755967702665,183.43457860697424,140.78723526000977,98.13989191304528,5412507.85,1.5152887029992945,11.488799527034033,3.07262847820875,-0.09180779659778704,-0.8824720325923185,-4.006677796327207,2.9921259842519587
2026-04-20,180.2628173828125,184.69550961353738,179.77029602384306,181.7403814597208,3708632,178.58824768066407,143.4961025238037,123.03183924357096,78.58628242718903,16.398043217545336,11.773883125206204,4.624160092339132,188.99844718565674,143.4961025238037,97.99375786195067,5345458.65,0.6937911679477681,10.613654735388739,-0.8130111335021173,-0.28518965390006423,0.41968131518117513,3.0000000000000027,-2.828746177370034
2026-04-21,185.1880340576172,188.63568362783877,177.30769218282495,185.6805554247917,4382028,180.45982971191407,146.40197830200196,124.17284698486328,80.10437077281829,17.14971283192625,12.849049066550213,4.300663765376038,194.81736530746377,146.40197830200196,97.98659129654015,5286335.95,0.8289348315064993,10.708899630005416,2.732242148609787,-0.15571306004650287,1.748727177527587,1.5196285352469419,1.337529504327306
2026-04-22,181.24786376953125,189.12820567255434,180.7553424005923,188.6356843036154,3343252,180.9523498535156,149.28322830200196,125.22355918884277,75.49344076920674,17.228873870560534,13.725014027352277,3.5038598432082573,198.8360745500734,149.28322830200196,99.73038205393053,5257506.95,0.6359006334741982,10.397428115599633,-2.12765922384599,0.20051473340130244,0.7269208348100964,2.099792099792097,4.833074534161486
2026-04-23,169.42735290527344,184.2029941470124,166.96474603165026,183.71047277228777,6442572,179.573291015625,151.72120895385743,126.0608455657959,63.65554538551846,16.151607448745608,14.210332711630944,1.9412747371146644,200.13089980219974,151.72120895385743,103.31151810551512,5396345.2,1.1938769224770869,11.309537448901299,-6.521738032338065,-0.04828048118112882,-0.4338092798431781,-1.995520260639383,-1.4256619144602856
2026-04-24,169.9198760986328,176.32265403858128,166.96474781865658,172.382482998613,3377850,177.20918884277344,153.96218147277833,126.9145492553711,63.90948675633527,15.162820991822485,14.400830367669252,0.761990624153233,201.32128558818226,153.96218147277833,106.6030773573744,5426323.7,0.6224932729317272,11.04931995170442,0.29069874781950666,0.2008465924816294,3.230220091059155,2.555578641180145,1.0330578512396604
2026-04-27,166.47222900390625,171.39744287976146,161.05449374046552,171.39744287976146,3646538,174.4510711669922,156.05539741516114,127.6943748474121,60.71170700199856,13.940309087909384,14.308726111717279,-0.3684170238078952,201.61830826088425,156.05539741516114,110.49248656943804,5415465.5,0.6733563347416764,10.955137176716624,-2.02898399756678,-0.28544291350430795,1.757483474460031,-0.4051863857374438,1.059676519799213
2026-04-28,172.38247680664062,174.84508361816407,165.9796990966797,166.96474182128907,4000984,171.88995971679688,158.2963695526123,128.61374804178874,64.03403499315714,13.295109454145347,14.106002780202894,-0.8108933260575473,202.34232436259262,158.2963695526123,114.25041474263199,5505579.2,0.7267144572182341,10.676503489352324,3.550290542812218,0.04993443489185179,-0.23954193004298574,-1.5459723352318933,-1.5084621044885949
2026-04-29,174.8450927734375,178.78526387819102,168.93483611630722,172.38248583296655,3043190,170.60940551757812,160.53734169006347,129.59879086812336,65.34887342091065,12.834547944084449,13.851711812979206,-1.017163868894757,203.06140714163226,160.53734169006347,118.01327623849468,5437149.45,0.559703209923722,10.566360059023186,1.4285767395946891,0.18216274879112593,-0.5521784247846995,-1.5459723352318933,-1.5084621044885949
2026-04-30,173.86004638671875,178.78526016537933,171.39743949738846,177.80021740964722,2699833,171.49594421386718,163.0245746612549,130.52637278238933,64.33571472638965,12.248867300576705,13.531142910498707,-1.2822756099220012,202.2717422942007,163.0245746612549,123.77740702830907,5294945.35,0.5098887375674237,10.142554806885544,-0.5633823466782428,0.3601646494638011,-0.9588741301665205,6.528925619834713,7.975345536047818
2026-05-04,181.24786376953125,185.18803472104278,172.38247912863025,176.3226500801418,4646211,173.76154174804688,165.53643379211425,131.61812845865884,68.30469108858101,12.239754025795577,13.272865133558081,-1.0331111077625046,202.52185327117212,165.53643379211425,128.55101431305638,5186140.55,0.8958899118150587,10.497621578289142,4.249289895149166,-0.047513033458257414,4.5688819420590665,-0.3491078355314148,-3.9785504238021074
2026-05-05,185.68055725097656,190.11324959914313,180.75534353079152,181.24786490281002,4219900,177.60320739746095,168.34380531311035,132.8001797993978,70.43096116745885,12.446734797341094,13.107639066314686,-0.6609042689735922,202.21522427661031,168.34380531311035,134.4723863496104,5147429.55,0.8198072375755002,10.345659510297471,2.445652814469468,0.13943942787038033,0.1575929637265494,-0.3491078355314148,-3.9785504238021074
2026-05-06,183.71047973632812,190.1132578504629,178.29274440898334,189.62073645706792,4110271,179.86880798339843,171.22505569458008,133.93297907511393,68.23986277486236,12.309898907242797,12.948091034500308,-0.6381921272575113,199.26218423441006,171.22505569458008,143.1879271547501,5169161.65,0.7951523435139622,10.54230670112175,-1.0610036633967868,-0.16773054363118378,0.9064727604973788,-0.3491078355314148,-3.9785504238021074
2026-05-07,198.48611450195312,201.9337641335007,185.1880373516982,188.1431656073104,9371333,184.59701232910157,174.22943572998048,135.3530824025472,74.61773900471867,13.241090668016284,13.006690961203503,0.23439970681278055,200.26156254447307,174.22943572998048,148.1973089154879,5171914.8,1.8119658506362093,11.566437060595192,8.042891612297698,-0.4644147517347985,1.9323088936799904,9.92604126119112,4.3415600792650055
2026-05-08,218.1869659423828,218.1869659423828,194.54594028722622,195.53098302285773,10621703,193.46239624023437,177.97259826660155,137.15899403889975,80.29860177529322,15.39133913488999,13.4836205959408,1.9077185389491884,206.6846562940285,177.97259826660155,149.2605402391746,5364169.0,1.9801208724035353,13.176382206536713,9.925556500445198,-0.020386521399129442,-0.7865731014896293,3.5764872521246494,0.9495856353591181
2026-05-11,221.63461303710938,224.58974121093752,200.45619445800781,215.72435668945315,15968889,201.53974609375,181.76501235961913,139.0798272450765,81.0959734487297,17.175632840026907,14.222023044758023,2.953609795268884,212.53951808788983,181.76501235961913,150.99050663134844,5916267.15,2.699149412142418,14.637337479389112,1.5801343035481752,-0.29019653733958206,0.44735470056218585,1.8803418803418737,0.4275696938601081
2026-05-12,219.66453552246094,230.50000588455543,206.36645825989044,218.18697138217533,16307351,208.33654174804687,184.74476699829103,141.05812149047853,79.12525726978856,18.22069286037555,15.02175700788153,3.198935852494021,218.10620336930202,184.74476699829103,151.38333062728003,6591833.85,2.473871667745388,15.903498832092565,-0.8888853088658055,0.16229616472482888,0.2590609403122279,1.9798657718120838,0.8514986376021882
2026-05-13,230.00747680664062,230.49999817025227,214.73931453467947,215.72435726190278,10976549,217.59594116210937,187.4536346435547,143.11029383341472,81.64688006479653,19.656906792316875,15.9487869647686,3.708119827548275,226.14040263512356,187.4536346435547,148.76686665198582,7037886.7,1.5596370711679686,15.88445680588993,4.708516675019725,0.4762074815726436,-1.2502179290078241,0.18098058571898168,-1.5028706518068202
2026-05-14,228.0373992919922,252.17094694924407,223.60470686515,232.47009171883437,18438324,223.50619812011718,189.91624145507814,145.09679679870607,79.67267470973843,20.40097811341218,16.839225194497317,3.5617529189148627,232.3668969574286,189.91624145507814,147.46558595272768,7286919.75,2.530331694677988,17.575361242983814,-0.8565275972765907,0.18380143583822672,0.9117934959939067,4.1057644933486515,5.331733241899528
2026-05-15,213.7542724609375,228.03739204934115,209.81410153999855,225.08226385863694,13185190,222.61965942382812,191.78782272338867,146.89449971516927,67.02001288648668,19.6120554626373,17.393791248125314,2.2182642145119864,235.00864083220011,191.78782272338867,148.56700461457723,7534605.6,1.7499509197933334,17.66175277751846,-6.263501897232981,0.01710987032821354,-1.3877038088223825,-2.965767471209968,-2.571614583333337
2026-05-18,231.48504638671875,232.47008913730053,211.7841913750831,211.7841913750831,12013357,224.58974609375,194.2750556945801,149.0451764424642,72.79565045669466,20.184875175196396,17.95200803353953,2.2328671416568646,240.67010500994417,194.2750556945801,147.880006379216,7725197.85,1.555087291388919,18.064972108811652,8.294933112516588,0.07160020197189976,-0.6813771830388338,0.32515038205169766,-0.5178750417641154
2026-05-19,228.52992248535156,233.94765771668534,222.6196658693511,231.4850507933518,7641466,226.36282348632812,196.68841094970702,151.07272288004557,70.57721571418321,20.167902101164145,18.395186847064455,1.7727152540996904,244.99651261137188,196.68841094970702,148.38030928804216,7921839.55,0.9646075197269048,17.166708073947998,-1.2765938653464315,-0.1041563196208406,-1.751601452995355,0.1458434613514914,0.26868178001679954
2026-05-20,251.18589782714844,251.18589782714844,228.52991488587622,230.5000003590303,14157245,230.5985076904297,199.9883041381836,153.4778689066569,76.49210610434892,21.73208473879032,19.062566425409628,2.669518313380692,253.7027082936113,199.9883041381836,146.2738999827559,8410600.4,1.6832621128926777,17.898611389591228,9.913789448403243,0.5549209970649338,-0.38515527018477824,-0.25889967637540146,-1.4235471445319003
2026-05-21,262.0213623046875,268.42413995499004,251.1858924349448,260.5437982315408,30951649,237.39530029296876,204.0269790649414,156.06360600789387,78.69776135335113,23.574292407631134,19.96491162185393,3.609380785777205,263.63191538898366,204.0269790649414,144.42204274089914,9791020.25,3.1612281672076,17.81056287365176,4.313723250895007,-0.434932134128041,3.3667241562741257,9.133679428942255,6.727828746177367
2026-05-22,256.1111145019531,266.9465847308819,254.14102900578428,261.0363282423753,16368100,245.86666870117188,208.36116714477538,158.46054331461588,74.58693159201718,24.277491840178584,20.82742766551886,3.4500641746597225,269.9463231997894,208.36116714477538,146.77601108976134,10287296.65,1.591098279449344,17.14322858717788,-2.255635857606808,-0.12788229491633718,2.1749981256365514,5.990783410138256,7.2906717605857985
2026-05-25,275.3194580078125,281.7222361010175,256.1111237281977,271.87180826531755,23399877,254.63355102539063,213.6311462402344,161.08732414245605,78.51494139524526,26.08405450329508,21.878753033074105,4.205301470220974,279.2708335846506,213.6311462402344,147.9914588958182,11288398.0,2.072913889109863,18.272280988762745,7.500003872621042,-0.354352809800873,3.256436796480777,11.192145862552593,10.237388724035611
2026-05-26,302.4081115722656,302.4081115722656,262.02136051538326,276.30447979159777,14772351,269.40918884277346,220.42794036865234,164.1163303375244,82.59960848612077,29.36311665186642,23.37562575683257,5.987490895033851,293.2639617127434,220.42794036865234,147.59191902456126,11844688.65,1.24717089967578,21.220876997845362,9.838989863071879,0.029903373699946556,-0.27272077978219844,1.879414732593343,-2.3687752355316283
2026-05-27,332.4519348144531,332.4519348144531,323.5865498860677,331.95941342954285,12120847,285.6623962402344,228.43141326904296,167.5721888224284,85.81963831239484,33.9942182901311,25.49934426349228,8.494874026638822,313.23341885385855,228.43141326904296,143.6294076842274,12250681.8,0.9894018306801503,22.397269830424314,9.934860241011755,-0.007951228100844254,1.6804674357044913,-3.181874458338496,-0.5238489109456901
2026-05-28,365.45086669921875,365.45086669921875,346.7350541189353,346.7350541189353,9185759,306.3482971191406,237.96170196533203,171.70936851501466,88.36618862172038,39.86756920219861,28.372989251233548,11.494579950965061,338.7432421919009,237.96170196533203,137.18016173876316,12557810.25,0.7314777669936524,23.810824771003155,9.925925653939371,0.06360275198662446,-1.4017266590648503,9.18158567774936,5.210643015521055
2026-05-29,365.45086669921875,397.95727802286893,356.5854817927687,397.95727802286893,21050420,328.21624755859375,247.54124298095704,175.904008992513,88.36618862172038,44.014866136699425,31.501364628326726,12.513501508372698,358.56943029325674,247.54124298095704,136.51305566865733,13475339.6,1.5621439329068931,26.1522876322161,0.0,-0.1331620395565447,2.512808021606805,12.73131881002576,8.219178082191792
2026-06-01,386.1367492675781,401.89743291115275,377.2713647180674,377.2713647180674,3476411,350.37970581054685,257.7856872558594,180.57475318908692,89.70968680700574,48.41273481007545,34.883638664676475,13.529096145398974,380.27685278937435,257.7856872558594,135.29452172234443,13416849.6,0.25910784600283515,27.524858109511822,5.660373104378147,-0.03531969758715503,1.352401006913162,8.987012987012989,-0.09737098344693162
2026-06-02,374.3162536621094,381.2115530716746,347.72009879664375,381.2115530716746,4402194,364.76133422851564,267.217472076416,184.98281962076823,83.75739080532284,50.36370081857967,37.979651095457115,12.384049723122558,395.2556724586044,267.217472076416,139.17927169422765,13425964.3,0.3278866159356613,28.97709709103483,-3.061220054265701,-0.2623166699323165,0.48391828547871274,-2.4785510009532885,-6.21345029239766
2026-06-03,353.6303405761719,376.7788447643057,350.675212381942,361.51068242745146,2674651,368.99701538085935,275.7134651184082,189.0214948018392,74.44798769735704,49.668131823303554,40.317347241026404,9.35078458227715,402.968357869798,275.7134651184082,148.45857236701835,13354183.3,0.20028562884860207,28.593968463212008,-5.526319758641963,0.47142964549633515,1.9795979840295574,1.8572825024437911,2.6240581969342758
2026-06-04,344.76495361328125,345.2574749755859,335.8995690917969,341.31730407714844,1941428,364.8598327636719,283.0274070739746,193.08479601542155,70.81525689929992,47.849941407477104,41.82386607431654,6.026075333160563,408.3940324951385,283.0274070739746,157.66078165281067,12982688.05,0.14953975575189146,27.145542199367075,-2.5069644613768705,0.08672630642823087,-1.682551333517468,-4.95201535508637,0.0
2026-06-05,358.06304931640625,361.51069903472103,310.28847464833,334.9145440648642,3276964,363.38226928710935,290.0212112426758,197.32047996520996,72.94762461371148,46.94095152059765,42.84728316357277,4.093668357024882,415.763265523963,290.0212112426758,164.27915696138857,12615451.1,0.2597579725072217,30.355766490970268,3.857148345200234,-0.007936817364084803,-1.3278310983176,-2.110258481421645,4.075949367088616
2026-06-08,333.92950439453125,342.30236807404015,322.60151235754864,322.60151235754864,2213248,352.9408203125,295.6359558105469,201.12110341389973,63.83246665593646,43.768657267644016,43.03155798438702,0.7370992832569954,418.51652194377044,295.6359558105469,172.7553896773233,11927669.05,0.1855557855203905,31.036535886688583,-6.74002664277964,0.2701335531519966,-3.4793152912322878,-10.149561629706039,-9.632692775480422
2026-06-09,366.9284362792969,366.9284362792969,340.3322811664351,340.3322811664351,2386241,351.4632568359375,302.9991508483887,205.4963352203369,69.45308228297827,43.4168468520902,43.10861575792766,0.3082310941625437,424.351085779979,302.9991508483887,181.64721591679842,11231613.55,0.21245754132984745,31.29818868643219,9.88200546836917,-0.01931012262229581,2.7622605307562997,11.261623234990248,3.2301480484522305
2026-06-10,330.4818420410156,394.0170993037444,330.4818420410156,359.54060311466674,4383749,346.83355712890625,308.0228691101074,209.2066628774007,58.617883531708,39.73901240662707,42.43469508766755,-2.6956826810404806,424.8877451648276,308.0228691101074,191.15799305538724,10901973.55,0.4021060021742577,35.596464496605066,-9.932888987251731,-0.13014202626587812,-3.308177660269873,-10.751134956665286,-5.0847457627118615
2026-06-11,344.76495361328125,344.76495361328125,297.48290283203124,344.76495361328125,2725469,346.83355712890625,313.8592468261719,212.9908686319987,61.174209461930595,37.54404546045782,41.45656516222561,-3.912519701767785,425.444650283346,313.8592468261719,202.2738433689978,10116330.8,0.2694127993521129,37.15454266789106,4.321905095921408,0.3452662184263211,-0.17600272119220328,3.6647398843930645,-2.1703296703296737
2026-06-12,365.9433898925781,378.2564245457604,351.66026969488667,374.3162534567421,3360967,348.4096252441406,321.4687026977539,217.03775278727213,64.66017921648624,37.08593755100458,40.58243963998141,-3.4965020889768326,424.7591582107525,321.4687026977539,218.1782471847553,9625119.65,0.3491870358203807,36.66613310316947,6.142862276846284,-0.22369454265829258,2.3628988702241616,-4.583472733355642,-1.6006739679865212
2026-06-15,380.22650146484375,399.9273564630222,372.3461594655724,387.6143220891606,13961772,357.6690246582031,328.90577545166013,221.32268880208332,66.82362427095529,37.44378284650253,39.95470828128563,-2.510925434783104,426.15919475597195,328.90577545166013,231.65235614734829,9722540.4,1.436020980689368,36.308510898806084,3.9030932015081454,0.10766774191464101,2.7801130493521287,17.57830762038335,11.472602739726035
2026-06-16,342.3023681640625,380.22651542828237,342.3023681640625,380.22651542828237,17464777,352.7438110351562,334.5943977355957,224.92630373636882,56.86880951242268,34.27214920677045,38.8181964663826,-4.546047259612152,419.67458196832695,334.5943977355957,249.51421350286444,10213705.95,1.7099353638627124,36.52392908086125,-9.974089958137167,-0.298612606480253,0.9079966328300548,4.671968190854869,-2.662570404505893
2026-06-17,360.0331115722656,362.9882397110257,329.49678747174517,335.8995651057253,14030276,358.65406494140626,340.03675842285156,228.80901362101238,59.878206350507114,32.811103530634625,37.61677787923301,-4.805674348598387,416.0994663694307,340.03675842285156,263.97405047627245,10207357.5,1.3745257771171433,36.119598835317156,5.1798483029205755,0.143723164615861,0.14887671372583178,3.1813865147198417,0.7364544976328213
2026-06-18,395.9871826171875,395.9871826171875,362.4957293610075,366.4359003323228,18269741,368.8985107421875,346.73504943847655,233.34841893513996,65.18317678508123,34.160624938605906,36.92554729110759,-2.764922352501685,417.26387848431807,346.73504943847655,276.20622039263503,9573262.1,1.9084133296632504,36.09752846326445,9.986323448949008,0.2360263790704975,1.2812598662263142,8.099401748734468,0.6527415143603221
2026-06-22,387.61431884765625,426.0309857728369,376.77884868927197,423.07585754782303,15523142,373.2326965332031,353.3102096557617,237.7975285847982,63.09108254686128,34.16072665339453,36.37258316356498,-2.211856510170449,411.74913350412066,353.3102096557617,294.8712858074027,9531014.2,1.6286978147614135,37.85147627930452,-2.114427975722022,0.2089372068782236,2.746813790663727,4.255319148936176,3.9396265029419286
2026-06-23,357.5705261230469,389.09189481708955,355.1079191938248,388.10685204540073,9665483,368.7015014648438,357.4227630615234,241.67203025817872,56.129580821480914,31.374854484346713,35.37303742772133,-3.9981829433746157,402.88898694166824,357.4227630615234,311.9565391813786,8844294.5,1.0928495201058717,37.335809525165885,-7.750950174886972,-0.04731370199756446,-1.3423606797903442,-10.16326530612245,-2.9534826482894405
2026-06-24,355.6004333496094,365.94338224204955,344.76496308133875,356.0929547254398,8576256,371.3611145019531,360.08237915039064,245.5219056447347,55.69559810672066,28.677484506905728,34.03392684355821,-5.356442336652485,397.51113545636923,360.08237915039064,322.65362284441204,8534489.75,1.004893819223346,35.181490809905206,-0.5509662093232892,0.0476551235367495,-2.244229984227597,0.22716946842344932,-3.2208977935582084
2026-06-25,391.0619812011719,391.0619812011719,362.49574076078403,373.33121127265525,15975569,377.5668884277344,363.01288146972655,249.91355476379394,61.470327575868104,29.066192934312653,33.0403800617091,-3.9741871273964477,400.5105823271316,363.01288146972655,325.5151806123215,8727225.85,1.830543780415629,35.218831748792844,9.97230164134766,0.3340466665395114,0.45969504788345716,7.207615593835004,2.4109014675052443
2026-06-26,370.3760681152344,390.56944416938944,366.4358971778382,380.2264954587246,12789900,372.4446655273438,363.25914154052737,253.9193950653076,56.81797908243446,27.38933959925123,31.91017196921753,-4.5208323699663,400.888716473319,363.25914154052737,325.62956660773574,8907432.9,1.4358682398831204,33.80646538539829,-5.289676337852988,0.16348102632479655,-3.6395859356203264,-8.921775898520078,-8.52098259979529
2026-06-29,406.33013916015625,407.3151819217566,363.48077903053974,375.7938135505445,16942208,376.1878295898438,365.30310516357423,258.6229742685954,62.17630066106178,28.631567416114194,31.254451058596864,-2.6228836424826696,407.58705695728065,365.30310516357423,323.0191533698678,8702022.3,1.9469276699049598,35.143523719507435,9.707449843583182,-0.04080504718203537,0.9605559714053191,-0.278551532033422,0.5034965034965033
2026-06-30,446.7168884277344,446.7168884277344,407.8076996892658,424.55342648810034,27939875,394.01710205078126,368.33211212158204,263.8847443898519,67.11289029617627,32.500272143934865,31.503615275664465,0.9966568682703993,423.5891106634909,368.33211212158204,313.0751135796732,9925195.5,2.8150453056566995,35.84262045925019,9.939392965299954,0.05934599029766563,2.50225391133696,6.098696461824948,-0.6401335930976915
2026-07-01,418.6431579589844,480.70084960937504,411.74785888671875,454.5972174072266,23823792,406.6256469726562,370.54845733642577,268.70324490865073,61.139375623150734,32.92143527342188,31.787179275215948,1.13425599820593,430.19741837804406,370.54845733642577,310.8994962948075,10896275.4,2.1864161032493725,40.25733649437101,-6.284456933687544,-0.09885131953493165,1.9361745317864276,4.344010530934628,3.6414565826330625
2026-07-02,421.5982971191406,432.92628874734186,405.34509173954757,413.7179551169137,11969996,412.73291015625,373.94685516357424,273.6284586588542,61.52755837630778,33.11197093154044,32.05213760648085,1.0598333250595928,437.1747211716336,373.94685516357424,310.71898915551486,11361042.65,1.0536001288578913,38.56718456282745,0.7058849772114906,0.1897318900919931,-0.5845045481542077,-8.536585365853655,-1.0810810810810811
2026-07-03,418.6431579589844,446.71687561035156,407.3151666259766,411.2553375244141,12567950,422.386328125,377.64076538085936,278.2992027282715,60.87272040267608,32.64816901066314,32.171343887317306,0.47682512334583294,442.30614062962593,377.64076538085936,312.9753901320928,11892368.75,1.0568079635102132,38.678454485700456,-0.7009371670495979,0.11318580885453233,0.07800105377469002,1.885057471264373,1.0655737704918122
2026-07-06,398.94232177734375,428.49360487196185,391.06197961877893,419.1356985586661,8345232,420.9087646484375,379.6847290039062,282.5595128377279,56.551562008010734,30.341155855763304,31.80530628100651,-1.4641504252432043,444.3287985150515,379.6847290039062,315.04065949276094,12145782.15,0.6870888920068436,38.51221058803146,-4.7058779791573135,-0.009085485277215977,-0.4793234110779254,-7.490974729241873,-5.3527980535279855
2026-07-07,363.48077392578125,408.30021894914995,359.5406029347159,397.9572700976033,10137054,404.26154174804685,381.16229248046875,286.1877535502116,49.711056733640866,25.359057334782506,30.51605649176171,-5.156999156979204,442.6781071157358,381.16229248046875,319.6464778452017,12541972.45,0.8082503801066794,39.878531311551804,-8.888890928787985,0.3974618785651973,-2.31392776703252,-10.126829268292681,-4.113110539845755
2026-07-08,345.75,367.91346153846155,341.31730769230774,367.4209401709402,6903927,389.68291015625,380.1033706665039,289.28242950439454,46.671238665355595,19.752290974296102,28.363303388268587,-8.611012413972485,443.3554642484098,380.1033706665039,316.851277084598,12767856.75,0.5407271662881086,38.10754764949874,-4.878050009159951,0.25268356539331904,0.5613583571852931,-2.008250108554055,-1.7575215966636915
2026-07-09,370.3760681152344,378.25640999002655,347.2275638580322,356.585469834348,8026914,379.43846435546874,382.0980819702148,292.524861907959,51.140122238770545,17.09890064436911,26.11042283948869,-9.011522195119582,441.1371889470192,382.0980819702148,323.05897499341046,12950015.0,0.6198382009596128,37.360729294902455,7.122507047067073,-0.08308174762022835,-0.8304486270893752,4.9628891104464445,2.546998180715576
2026-07-10,370.3760681152344,370.3760681152344,370.3760681152344,370.3760681152344,0,369.78504638671876,383.3786376953125,295.7180419921875,51.14012223877053,14.825174310160037,23.85337313362296,-9.028198823462922,440.07268899661995,383.3786376953125,326.684586394005,12813741.55,0.0,32.3792987222488,0.0,-0.03737569847767075,-0.8304486270893752,4.0633245382585725,0.20697811945593614
2026-07-13,337.8696594238281,373.3311980222474,333.4369670990257,369.3910270668675,7536953,357.5705139160156,381.974951171875,298.4104921976725,45.325477167878034,10.281713106434893,21.139041128185347,-10.857328021750455,441.790801776328,381.974951171875,322.15910056742194,13022540.85,0.578762093113342,33.381289682378515,-8.776595328317105,0.005918645015356994,0.057127944892587657,-8.052738336713993,-5.488344644437893
2026-07-14,316.19873046875,341.31732120692175,305.36325995424454,329.00428653134736,10651341,348.1141052246094,378.7735626220703,300.65146458943684,41.90475374199058,4.876115687083484,17.886456039964976,-13.010340352881492,445.44427312085315,378.7735626220703,312.10285212328745,12857019.3,0.8284455946954983,33.724325891751675,-6.4139908247558335,0.19595735310091733,-1.4159606790255297,0.3750275755570298,0.9678426475179469
2026-07-15,335.8995666503906,335.8995666503906,306.84080648562076,326.04913947589233,7666252,346.1440185546875,378.4534225463867,303.2454104105631,45.9018945523816,2.1569694193226496,14.740558715836512,-12.583589296513862,445.9182734252104,378.4534225463867,310.98857166756306,12367093.05,0.6198911877678481,33.102250461487436,6.230523491487472,-0.08736726929839955,1.9975001997308173,0.0,0.37105751391466324
2026-07-16,315.21368408203125,333.92949657440187,313.7361199378967,325.0641117095947,4930779,335.1115417480469,376.212451171875,305.4125045776367,42.588484995902526,-1.648152555678962,11.462816461533418,-13.11096901721238,449.01958154147144,376.212451171875,303.40532080227854,11912118.2,0.41392965694380035,31.643743294954966,-6.158353455064014,0.23962128796235493,-0.014484209344078902,-7.692307692307687,-4.959950708564387
2026-07-17,283.69232177734375,302.9006560643514,283.69232177734375,289.11005708906384,4826767,317.77479248046876,370.5977081298828,307.11991221110026,38.077897819416705,-7.125115739251555,7.745230021376424,-14.870345760627979,453.5911754137065,370.5977081298828,287.6042408460591,11239969.5,0.4294288343042212,31.62742582958597,-9.999998063689508,0.16578843836740909,-6.473889757658291,-9.142857142857142,-3.792544570502432
2026-07-20,261.5288391113281,277.78204380186264,255.61858286022468,271.37926619650057,5829947,302.5066284179687,364.2934341430664,308.65493698120116,35.25087990388158,-13.103012967667269,3.575581423567685,-16.678594391234952,460.0224100068446,364.2934341430664,268.5644582792882,10755309.75,0.5420529148405047,31.153600907923718,-7.812507059465168,0.15093593640875813,-0.5192494034838457,-9.142857142857142,-3.792544570502432
2026-07-21,268.9166564941406,273.34934863415396,258.57370816744293,266.4540497496888,4099486,293.0502136230469,359.8607406616211,310.3048833211263,36.9317313652646,-17.04788703953301,-0.5491122690524537,-16.498774770480555,464.6791115776668,359.8607406616211,255.0423697455754,10477009.9,0.3912839673846256,28.96987284909536,2.8248576363189004,-0.11480806865203919,4.200670223388481,4.834905660377364,3.5377358490566113
2026-07-22,278.2745666503906,288.6175151453609,272.8568317244538,282.70725886252075,4830468,281.52521362304685,355.9944473266602,312.1682556152344,39.08868516211579,-19.197822473236613,-4.278854309889286,-14.918968163347326,466.9965058902685,355.9944473266602,244.99238876305188,10289720.5,0.4694459873812899,27.734004289378685,3.479855163398504,0.15336368301654968,1.3404288294859956,3.9495063117110263,1.1064106736088597
2026-07-23,271.8717956542969,281.2297016641368,265.96153922702956,281.2297016641368,3118449,272.8568359375,350.0349380493164,313.826410929362,38.12785616501258,-21.174228576559017,-7.6579291632232325,-13.516299413335783,465.80557731530894,350.0349380493164,234.26429878332385,9646864.5,0.32326037128436913,26.07189204240916,-2.3008825683081047,0.16612166048495247,0.055832476427841726,2.6572081279307547,0.2896684905053126
2026-07-24,254.633544921875,268.424143099462,253.15598083141924,264.48397219158005,2333790,267.0450805664062,344.24781188964846,315.1562184651693,35.59127647410671,-23.85652425922342,-10.897648182423271,-12.958876076800149,467.09246518529704,344.24781188964846,221.40315859399988,9124059.0,0.2557841855253238,25.091081746471623,-6.3405807472362685,-0.2473849217723867,-2.6665489151664,-2.6587022721948905,-3.0487804878048808
2026-07-27,256.6036376953125,261.0363300931202,246.26068876709454,254.14103080764156,2287570,266.06004028320314,336.76148681640626,316.5352783203125,36.11437971198982,-25.529010350504336,-13.823920616039485,-11.70508973446485,461.9037020459501,336.76148681640626,211.6192715868624,8391327.1,0.27261122975411123,23.715689690412166,0.7736972652373719,0.0721389858897803,-0.047299308791204364,-2.514739501864993,-0.2979145978152964
2026-07-28,231.48504638671875,243.30555939370012,230.99252501142786,242.32051664311837,3379125,258.57371826171874,325.9998947143555,317.3725646972656,32.491110855235675,-28.552196077971132,-16.769575708425815,-11.782620369545317,448.3147842235035,325.9998947143555,203.68500520520746,7163289.6,0.47172810101102153,23.968412756208497,-9.78886797326669,-0.06281056383515837,-4.65422176004644,-11.71315724512466,-2.8054448871181914
2026-07-29,216.70941162109375,238.3803527832031,208.33654799027875,234.93270305286754,5807926,246.26068725585938,315.90320739746096,317.8897122701009,30.54950896508379,-31.77409084771182,-19.770478736283017,-12.0036121114288,439.3512160607366,315.90320739746096,192.45519873418533,6262496.3,0.9274138812664847,24.778465027770615,-6.382975918427503,0.1913253481581556,-3.759743710600294,-12.889696630784286,-6.199829205807006
2026-07-30,199.96368408203125,221.63462521407405,195.53099157774977,214.73932576296951,5571318,231.87906494140626,304.8214767456055,318.16059900919595,28.472832432621132,-35.27211098840013,-22.87080518670644,-12.401305801693688,428.11114634694763,304.8214767456055,181.53180714426335,5942562.4,0.9375278920083363,24.95515417557777,-7.727272855293254,-0.04603973420009844,-0.26443825042463676,2.9690258385491886,2.3852876911871768
2026-07-31,216.70941162109375,219.6645399613814,211.2916763305664,219.6645399613814,3312133,224.29423828125,294.72478942871095,318.4643206278483,33.35190256621239,-36.27492216686716,-25.551628582738587,-10.72329358412857,411.678335316948,294.72478942871095,177.7712435404739,5479771.55,0.6044290295277,24.25458106941409,8.374384386813393,0.14251061606802562,7.979428588197601,15.586034912718194,6.989151698381657
2026-08-03,227.05235290527344,231.97756663423817,213.75427583706872,215.23183995575812,5459902,218.38398132324218,286.1302909851074,318.6120770772298,36.24463007202698,-35.822133076992344,-27.60572948158934,-8.216403595403005,395.8784074311817,286.1302909851074,176.38217453903314,5335505.05,1.0233149343565893,23.450409033114806,4.772723624142294,-0.3145609094511337,0.6184176769345795,-3.438511326860838,2.7925531914893664
2026-08-04,232.4700927734375,235.42522107140493,221.63462234755696,225.08227202851893,3300708,218.58099060058595,279.5797569274902,318.7926684061686,37.768297638000575,-34.62696997633094,-29.00997758053766,-5.616992395793279,385.4597414020684,279.5797569274902,173.69977245291207,4993687.75,0.6609760492133294,22.162434325212562,2.3861192358682004,0.3186484533235223,-0.059350381622413906,-0.446864962993998,-1.2936610608020649
2026-08-05,236.9027862548828,245.76817118749798,233.45513655886583,237.8878290251734,3561445,222.61966552734376,274.13739624023435,319.0799725850423,39.051718670809656,-32.94237410719228,-29.796456885868587,-3.1459172213236926,376.8384439918847,274.13739624023435,171.43634848858403,4826563.65,0.7378841880599668,20.980520203725618,1.9067801060179246,-0.002778949738335701,2.88496854462601,9.819048954972654,3.2110091743119185
2026-08-06,234.44017028808594,238.8728625834489,220.64957203584558,236.4102557526917,3597496,229.51496276855468,267.34060134887693,319.15385080973306,38.575742253836054,-31.44357036539293,-30.125879581773457,-1.3176907836194722,360.80121406296485,267.34060134887693,173.87998863478902,4605092.75,0.7811994666122631,20.61288958290931,-1.039504855864104,-0.4022170511909673,-0.48171851317403425,-5.2113935368501725,-4.349206349206347
2026-08-07,226.0673065185547,235.91773381783813,221.14209286891298,234.4401697229456,2123032,231.38654174804688,260.12516326904296,319.12101593017576,36.927731903015605,-30.57888339983873,-30.216480345386515,-0.36240305445221566,341.60701224291165,260.12516326904296,178.64331429517424,4711244.35,0.45063084023650785,19.834589765044758,-3.571428803878818,-0.17977012124817948,-0.38468864916847423,-2.1290931141355607,-0.8297378028543023
2026-08-10,236.9027862548828,237.8878290251734,230.5000082479941,230.5000082479941,2294252,233.35662841796875,255.0768196105957,319.5068244934082,40.47199362527186,-28.68857604444287,-29.91089948519779,1.22232344075492,328.37791785885184,255.0768196105957,181.77572136233954,4449109.3,0.5156654613992063,18.766047463921286,4.793032616345516,0.08787349343861717,1.589230295129762,0.536968194960763,1.907630522088355
2026-08-11,240.84295654296875,253.64851251457856,232.9626144065935,233.9476571736404,6032059,235.031201171875,251.30903091430665,319.662789662679,41.75375390002389,-26.56631509008946,-29.241982606176123,2.675667516086662,318.9065744831617,251.30903091430665,183.7114873454516,4218145.2,1.4300264011774653,19.022027549796455,1.6632013284329838,-0.02481586909149902,0.4272475445720847,0.536968194960763,1.907630522088355
2026-08-12,246.26068115234375,254.14102294921875,238.87286071777345,240.8429461669922,4386195,236.90278015136718,246.82708663940429,319.9583023071289,43.55349142089994,-24.168641836898445,-28.227314452320588,4.058672615422143,301.4510704177204,246.82708663940429,192.20310286108813,4054142.35,1.0819045364798303,18.5215121740163,2.249484347452113,-0.055858442703549116,0.8806410303470624,3.231991235277998,2.266009852216744
2026-08-13,249.2158203125,263.4989404489871,246.2606920083992,249.70834169651678,6909178,239.85791015625,243.52719345092774,319.92546768188475,44.55975570954667,-21.778959191714705,-26.937643400199413,5.158684208484708,287.73756745567744,243.52719345092774,199.31681944617802,4153062.3,1.663634566714783,18.35041179036658,1.2000044612595406,-0.02110518697276964,1.1059567173957285,10.254709472008482,3.885677585099545
2026-08-14,241.33547973632812,250.20086470623406,238.87287280024316,249.21582193180006,2713223,242.9115447998047,241.40935134887695,319.5807029724121,42.38962313878732,-20.287138598952367,-25.607542439950006,5.320403840997638,281.37251208982934,241.40935134887695,201.44619060792454,4047385.1,0.6703644286282519,17.414089139116488,-3.162054706755957,-0.24284380760136726,-0.45732720428869333,-0.9144507279509106,-0.7727975270479082
2026-08-17,237.3953094482422,240.84295917051955,232.47009555927448,236.9027880593454,1305327,243.01004943847656,240.20267486572266,319.2687728881836,41.30640590716161,-19.20145640710325,-24.326325233380658,5.124868826277407,279.049756744318,240.20267486572266,201.35559298712732,3821154.1,0.3416054327670271,16.27426181084144,-1.632652725737127,-0.4168200504919728,0.10097531306225704,0.6678809957498588,1.0591900311526459
2026-08-18,225.082275390625,238.87287432046637,223.60471121957056,235.9177459783575,2221755,239.8579132080078,238.01095581054688,318.43148651123045,38.03541777988425,-19.114267020283762,-23.28391359076128,4.169646570477518,274.93553327891686,238.01095581054688,201.08637834217689,3727267.55,0.5960814377277531,16.140115316182023,-5.186721711661169,-0.4373220778009723,-1.1962985353416111,-9.577804583835947,-3.2367447595560983
2026-08-19,230.5,234.93269230769232,215.23183760683762,215.23183760683762,2797928,236.70577697753907,235.62222747802736,317.23301798502604,40.276428123374224,-18.39594668262282,-22.30632020913359,3.910373526510771,267.4023988504176,235.62222747802736,203.84205610563708,3625640.55,0.7717058438128954,16.614880567471715,2.4069974412568307,0.09921712609282096,-1.3006958690137793,-2.2011739594450352,-4.237018158649253
2026-08-20,223.5,235.5,220.0,234.5,2212492,231.56261291503907,233.2036376953125,315.41715240478516,38.34670844952115,-18.181924233656275,-21.481441014038133,3.2995167803818575,260.4001054013248,233.2036376953125,206.00716998930017,3580342.7,0.617955370585056,16.466229825142154,-3.0368763557483747,-0.20952662644722064,0.47940480185713064,-1.7187286864002171,0.1663339986693213
2026-08-21,218.0,226.5,217.0,225.0,1179272,226.89551696777343,231.37196044921876,312.95963795979816,36.85267068512638,-18.245787850749082,-20.834310381380323,2.5885225306312414,257.4008357479445,231.37196044921876,205.34308515049307,3522616.8,0.3347715823077889,15.537399181789866,-2.460850111856827,0.07292445718072305,0.6466205402973157,-1.582234559333795,0.996346728661579
2026-08-24,220.0,225.0,218.5,218.5,955646,223.416455078125,229.54177856445312,310.5354568481445,37.8016663378503,-17.928350082365967,-20.253118321577453,2.324768239211487,253.13405558998562,229.54177856445312,205.94950153892063,3456020.6,0.27651629159849334,14.39907929088455,0.917431192660545,-0.05119683229035665,-1.0215058314384073,-0.33845719926667295,0.03288391976323801
2026-08-25,218.0,219.0,207.0,218.5,1377322,222.0,228.86752624511718,307.7331776936849,37.199616585219395,-17.634877755771043,-19.72947020841617,2.094592452645127,252.99077483159684,228.86752624511718,204.74427765863751,3355930.45,0.41041434574426294,14.212535385433277,-0.9090909090909038,-0.03142551921185843,0.9095610374029395,0.8914673836139864,0.2301117685733045
2026-08-26,218.5,221.0,216.0,218.0,1079416,219.6,228.9570556640625,305.13624013264973,37.46774953664206,-17.164095987005567,-19.21639536413405,2.0522993771284845,252.90295244532362,228.9570556640625,205.01115888280137,3119504.95,0.3460215698647954,12.984197334042173,0.2293577981651307,0.09398842232435367,1.4681604395669012,0.7713884992987419,-0.5903574942604184
2026-08-27,229.0,231.0,218.0,221.0,2272719,220.7,230.40887145996095,303.05906778971354,42.97410196709837,-15.762040800798928,-18.525524451467028,2.7634836506680998,250.0954110053736,230.40887145996095,210.7223319145483,2954575.0,0.769220277027999,12.986304356169885,4.8054919908466776,-0.11305637616038089,0.3111269939336747,1.7258176757132926,1.5176509402837324
2026-08-28,232.5,245.5,227.5,235.0,7192194,223.6,231.19840087890626,301.1879852294922,44.721452347226496,-14.20473783951681,-17.661367129076986,3.4566292895601762,249.80875295665186,231.19840087890626,212.58804880116065,3148578.05,2.2842673377590246,13.654797108680567,1.5283842794759916,-0.4558916903721677,0.774831481905669,1.2039950745656114,1.1374715632109123
2026-08-31,224.0,236.5,215.0,229.5,3116303,224.4,231.04578323364257,298.95360107421874,41.40342685481029,-13.500814005583294,-16.829256504378247,3.328442498794953,249.8483650254279,231.04578323364257,212.24320144185722,3031398.1,1.0280084954859607,14.700824160856492,-3.655913978494618,-0.11023270076141456,-0.4381051578845385,-2.7849128024874936,-1.0925449871465265
2026-09-01,224.0,233.0,223.0,223.0,2478554,225.6,230.6222785949707,297.12144266764324,41.40342685481029,-12.795451298021902,-16.022495463106978,3.2270441650850756,249.66974517498983,230.6222785949707,211.5748120149516,2990290.4,0.8288673233877218,14.074047606075627,0.0,0.19604210375987474,1.7781860578235609,1.3767209011264159,0.032488628979865375
2026-09-02,217.0,220.5,217.0,220.0,1230422,225.3,229.62713928222655,294.62263539632164,38.66365024353078,-12.655404147675881,-15.349077200020758,2.6936730523448773,249.36032838305437,229.62713928222655,209.89395018139874,2873739.25,0.42816062730813176,13.130841258598878,-3.125,-0.04102653494677533,-1.6699071260597553,-5.075445816186552,-6.333225073075677
2026-09-03,207.0,220.0,206.5,218.0,2179528,220.9,228.25513076782227,292.564604695638,35.091218363213386,-13.199180264667717,-14.919097812950152,1.7199175482824351,250.26382804285828,228.25513076782227,206.24643349278625,2802840.85,0.7776138984131047,13.18006242411903,-4.608294930875578,0.16164441336217195,-0.6651369315447186,-0.2745664739884357,-1.7857142857142905
2026-09-04,225.0,227.0,214.5,214.5,3440226,219.4,228.20176544189454,290.5685221354167,44.9510082546413,-12.038900239351705,-14.343058298230464,2.304158058878759,250.23795784389088,228.20176544189454,206.1655730398982,2868700.55,1.19922799192129,14.089387434236492,8.695652173913038,-0.09708022272419958,1.5122200906831251,4.202289523257496,2.6478375992939007
2026-09-07,226.0,235.5,225.0,230.0,3005779,219.8,227.6566261291504,288.2361323038737,45.44679696833846,-10.91288141337077,-13.657022921258525,2.744141507887756,249.32283510685593,227.6566261291504,205.99041715144486,2904276.9,1.0349491813263398,13.61080244300496,0.4444444444444473,-0.23473421241366754,1.6651381893682204,5.965790571547758,2.510748065348234
2026-09-08,215.5,226.5,214.5,226.5,2102214,218.1,226.38947830200195,285.49069061279295,41.24625110443419,-10.743916448133632,-13.074401626633547,2.3304851784999148,247.77101426773524,226.38947830200195,205.00794233626866,2707784.65,0.7763593755507847,13.396028783937632,-4.6460176991150455,-0.3671620448905233,-0.46588983968915976,-7.834645669291341,-6.894816305988927
2026-09-09,215.0,220.5,213.0,216.5,1335700,217.7,224.82644424438476,283.36898447672525,41.05167088986058,-10.528984735219808,-12.565318248350799,2.036333513130991,244.60177116388968,224.82644424438476,205.05111732487984,2555259.9,0.5227256922084521,12.60989161274595,-0.23201856148491462,-0.0180897502252253,0.1646891802691508,1.495087569414788,1.3513513513513598
2026-09-10,217.0,220.0,208.5,215.0,2054094,219.7,223.21565322875978,280.98509928385414,42.22573894265215,-10.081058353475726,-12.068466269375786,1.9874079159000608,239.58038099610198,223.21565322875978,206.85092546141757,2312505.7,0.8882546754371242,12.461906064379823,0.9302325581395321,-0.11174924474647296,-0.5147388760934346,5.569584736251398,1.351111111111103
2026-09-11,213.5,221.0,211.5,212.5,2374600,217.4,221.82387924194336,277.9436462402344,40.69810706208599,-9.894437303921507,-11.633660476284932,1.7392231723634257,236.32901883314273,221.82387924194336,207.318739650744,2295574.55,1.0344251289943949,12.066985255795846,-1.6129032258064502,0.5434767453688316,-1.6097760087677493,-2.299003322259141,-1.4734257147868801
2026-09-14,210.5,214.5,205.0,209.0,1446324,214.3,220.47911376953124,274.9917409261068,39.38292077983798,-9.874783349952565,-11.28188505101846,1.4071017010658942,233.8482732759356,220.47911376953124,207.10995426312687,2302624.4,0.6281198097266754,11.724720555023065,-1.4051522248243575,0.13023751389060756,-0.6979172181896032,-2.5163220892274185,0.28484956382410775
2026-09-15,208.0,216.0,208.0,211.0,1493985,212.8,219.625,272.49889882405597,38.27295772503384,-9.946282008809362,-11.014764442576642,1.0684824337672794,233.90739623119774,219.625,205.34260376880226,2266235.9,0.6592363133952648,11.228091147686657,-1.187648456057011,0.4665917444771184,-0.7653989654031412,3.23705874145388,0.6035860110065627
